example_id,signal,signal_seed,split,context_start,origin,target_index,current_value,target_value,target_delta
sine__target-64,sine,4114706133015583382,train,0,63,64,0.9331379879264037,0.9398392550221359,0.006701267095732266
sine__target-66,sine,4114706133015583382,train,2,65,66,0.9137722693616833,0.9268137828344531,0.013041513472769828
sine__target-68,sine,4114706133015583382,train,4,67,68,0.9318929986373858,0.9576418914896303,0.025748892852244465
sine__target-70,sine,4114706133015583382,train,6,69,70,0.9599760505396322,0.9507578718191142,-0.009218178720518
sine__target-72,sine,4114706133015583382,train,8,71,72,0.9655717730542995,0.9857644609554357,0.020192687901136153
sine__target-74,sine,4114706133015583382,train,10,73,74,0.9602143665767183,0.961970444407281,0.0017560778305626412
sine__target-76,sine,4114706133015583382,train,12,75,76,0.9850072862325112,0.9820931541643092,-0.0029141320682020133
sine__target-78,sine,4114706133015583382,train,14,77,78,0.9977207681483445,0.9886281740339422,-0.00909259411440233
sine__target-80,sine,4114706133015583382,train,16,79,80,1.0066552715555281,1.0116523383743485,0.004997066818820395
sine__target-82,sine,4114706133015583382,train,18,81,82,1.0071343622070459,0.9948122586985974,-0.012322103508448534
sine__target-84,sine,4114706133015583382,train,20,83,84,0.9658123057453191,0.9950308942385042,0.02921858849318515
sine__target-86,sine,4114706133015583382,train,22,85,86,0.9896021834123553,1.0098208946113134,0.020218711198958128
sine__target-88,sine,4114706133015583382,train,24,87,88,0.9954684506494714,0.9876525473155423,-0.00781590333392912
sine__target-90,sine,4114706133015583382,train,26,89,90,0.991423869151178,0.9985755540262319,0.00715168487505391
sine__target-92,sine,4114706133015583382,train,28,91,92,0.9988161264139321,1.00150809832422,0.002691971910287805
sine__target-94,sine,4114706133015583382,train,30,93,94,0.9675079474108458,0.9779116529428765,0.010403705532030738
sine__target-96,sine,4114706133015583382,train,32,95,96,0.9755278287690535,0.9865723687877046,0.011044540018651072
sine__target-98,sine,4114706133015583382,train,34,97,98,0.9792156309716088,0.9628887691682063,-0.01632686180340248
sine__target-100,sine,4114706133015583382,train,36,99,100,0.9583572768667946,0.9781702471535378,0.019812970286743226
sine__target-102,sine,4114706133015583382,train,38,101,102,0.9498865939218437,0.9464210348807522,-0.0034655590410914705
sine__target-104,sine,4114706133015583382,train,40,103,104,0.9431958052805701,0.9314067970903454,-0.01178900819022477
sine__target-106,sine,4114706133015583382,train,42,105,106,0.942276006799065,0.936967223103652,-0.0053087836954129886
sine__target-108,sine,4114706133015583382,train,44,107,108,0.9166613006563414,0.9088932358337305,-0.007768064822610943
sine__target-110,sine,4114706133015583382,train,46,109,110,0.9133319992687657,0.8934133062815866,-0.019918692987179187
sine__target-112,sine,4114706133015583382,train,48,111,112,0.8828639549456216,0.8811810466568661,-0.0016829082887555025
sine__target-114,sine,4114706133015583382,train,50,113,114,0.863987772705584,0.858296331129745,-0.005691441575839007
sine__target-116,sine,4114706133015583382,train,52,115,116,0.8528382552498046,0.8463196564206884,-0.006518598829116207
sine__target-118,sine,4114706133015583382,train,54,117,118,0.8395027424365852,0.8184118554316122,-0.02109088700497297
sine__target-120,sine,4114706133015583382,train,56,119,120,0.8140191087595474,0.8171204045259493,0.003101295766401835
sine__target-122,sine,4114706133015583382,train,58,121,122,0.8038189990644123,0.7670252289543474,-0.036793770110064905
sine__target-124,sine,4114706133015583382,train,60,123,124,0.7621006963772513,0.7516010473923749,-0.01049964898487643
sine__target-126,sine,4114706133015583382,train,62,125,126,0.748023216149383,0.754056437417161,0.006033221267777944
sine__target-128,sine,4114706133015583382,train,64,127,128,0.7453189635992681,0.7119825730958036,-0.033336390503464486
sine__target-130,sine,4114706133015583382,train,66,129,130,0.6788306907576854,0.6741835769955348,-0.004647113762150656
sine__target-132,sine,4114706133015583382,train,68,131,132,0.667354032202715,0.6390559622719164,-0.02829806993079864
sine__target-134,sine,4114706133015583382,train,70,133,134,0.6376723551699212,0.6289913124730483,-0.008681042696872865
sine__target-136,sine,4114706133015583382,train,72,135,136,0.6169280197166035,0.5804736404766797,-0.036454379239923784
sine__target-138,sine,4114706133015583382,train,74,137,138,0.5915714327599636,0.5614562506749181,-0.03011518208504549
sine__target-140,sine,4114706133015583382,train,76,139,140,0.5490986682521479,0.5176180000172785,-0.03148066823486939
sine__target-142,sine,4114706133015583382,train,78,141,142,0.5176589801132018,0.4954556093424173,-0.022203370770784492
sine__target-144,sine,4114706133015583382,train,80,143,144,0.47624025031542605,0.46798818020410365,-0.008252070111322396
sine__target-146,sine,4114706133015583382,train,82,145,146,0.4643060881285768,0.43950900692678607,-0.02479708120179075
sine__target-148,sine,4114706133015583382,train,84,147,148,0.4273468577060845,0.40007790624843687,-0.027268951457647628
sine__target-150,sine,4114706133015583382,train,86,149,150,0.38430877216180925,0.3667540698990721,-0.017554702262737143
sine__target-152,sine,4114706133015583382,train,88,151,152,0.34851073907482816,0.3290705055456164,-0.01944023352921176
sine__target-154,sine,4114706133015583382,train,90,153,154,0.2998233146387983,0.30297880077773237,0.0031554861389340716
sine__target-156,sine,4114706133015583382,train,92,155,156,0.28802416691463645,0.27935858827476895,-0.0086655786398675
sine__target-158,sine,4114706133015583382,train,94,157,158,0.2567936753178606,0.23973895441884518,-0.01705472089901544
sine__target-160,sine,4114706133015583382,train,96,159,160,0.19488579239485893,0.17874332221046266,-0.016142470184396268
sine__target-162,sine,4114706133015583382,train,98,161,162,0.17726726033609713,0.16318768744407405,-0.014079572892023079
sine__target-164,sine,4114706133015583382,train,100,163,164,0.12463191607758714,0.1181502624715147,-0.006481653606072446
sine__target-166,sine,4114706133015583382,train,102,165,166,0.10369932467578692,0.07622247565772962,-0.027476849018057303
sine__target-168,sine,4114706133015583382,train,104,167,168,0.0637728882701701,0.05245297008172588,-0.011319918188444217
sine__target-170,sine,4114706133015583382,train,106,169,170,0.031077546042520974,-0.003256226005795471,-0.03433377204831645
sine__target-172,sine,4114706133015583382,train,108,171,172,-0.02783691951500944,-0.023615664440225587,0.004221255074783853
sine__target-174,sine,4114706133015583382,train,110,173,174,-0.040979640698415,-0.053163051648651,-0.012183410950236
sine__target-176,sine,4114706133015583382,train,112,175,176,-0.07116477438842311,-0.09500368990372247,-0.02383891551529936
sine__target-178,sine,4114706133015583382,train,114,177,178,-0.12761295563527014,-0.14064312668803056,-0.013030171052760414
sine__target-180,sine,4114706133015583382,train,116,179,180,-0.16022632098488485,-0.17664641103219636,-0.016420090047311514
sine__target-182,sine,4114706133015583382,train,118,181,182,-0.1949498161121851,-0.1857657586944921,0.009184057417692987
sine__target-184,sine,4114706133015583382,train,120,183,184,-0.22256265541665074,-0.23456619266168952,-0.012003537245038776
sine__target-186,sine,4114706133015583382,train,122,185,186,-0.2721279506125036,-0.2835050689068566,-0.011377118294353006
sine__target-188,sine,4114706133015583382,train,124,187,188,-0.29894159300364165,-0.3306429068375193,-0.03170131383387764
sine__target-190,sine,4114706133015583382,train,126,189,190,-0.33908782120486464,-0.33830278364818406,0.000785037556680579
sine__target-192,sine,4114706133015583382,train,128,191,192,-0.36193979199961407,-0.3782344178568043,-0.016294625857190215
sine__target-194,sine,4114706133015583382,train,130,193,194,-0.3839358856717402,-0.40538406099217306,-0.02144817532043286
sine__target-196,sine,4114706133015583382,train,132,195,196,-0.437552584274436,-0.44076051946530165,-0.0032079351908656517
sine__target-198,sine,4114706133015583382,train,134,197,198,-0.4632545778640544,-0.4804434858994154,-0.017188908035360995
sine__target-200,sine,4114706133015583382,train,136,199,200,-0.5065136804021407,-0.5176776999804366,-0.011164019578295825
sine__target-202,sine,4114706133015583382,train,138,201,202,-0.5461370539074288,-0.5536347313421428,-0.007497677434713967
sine__target-204,sine,4114706133015583382,train,140,203,204,-0.5686511470444665,-0.5917880165231093,-0.023136869478642796
sine__target-206,sine,4114706133015583382,train,142,205,206,-0.5773236770461,-0.6163019904758652,-0.03897831342976521
sine__target-208,sine,4114706133015583382,train,144,207,208,-0.6251610056533635,-0.6257705557448365,-0.0006095500914730101
sine__target-210,sine,4114706133015583382,train,146,209,210,-0.6585936897664548,-0.6618173777408592,-0.003223687974404421
sine__target-212,sine,4114706133015583382,train,148,211,212,-0.6616124592849209,-0.6995185399154487,-0.037906080630527805
sine__target-214,sine,4114706133015583382,train,150,213,214,-0.7017510405241056,-0.7263144643302543,-0.02456342380614862
sine__target-216,sine,4114706133015583382,train,152,215,216,-0.744063357805721,-0.7425114674723343,0.0015518903333866518
sine__target-218,sine,4114706133015583382,train,154,217,218,-0.733757842558928,-0.7758893877311317,-0.042131545172203744
sine__target-220,sine,4114706133015583382,train,156,219,220,-0.7889614423182013,-0.7905491451910707,-0.0015877028728693565
sine__target-222,sine,4114706133015583382,train,158,221,222,-0.7844825534948981,-0.8005804292335784,-0.016097875738680267
sine__target-224,sine,4114706133015583382,train,160,223,224,-0.8236250802618131,-0.8262376376394809,-0.0026125573776677458
sine__target-226,sine,4114706133015583382,train,162,225,226,-0.8515780980306771,-0.8524119755285899,-0.0008338774979128605
sine__target-228,sine,4114706133015583382,train,164,227,228,-0.8583053823532139,-0.8700789890464707,-0.011773606693256888
sine__target-230,sine,4114706133015583382,train,166,229,230,-0.8693963501910444,-0.8942448587395143,-0.024848508548469872
sine__target-232,sine,4114706133015583382,train,168,231,232,-0.9105104059903978,-0.9165470943269923,-0.006036688336594542
sine__target-234,sine,4114706133015583382,train,170,233,234,-0.9128791947362203,-0.9035762948056876,0.009302899930532682
sine__target-236,sine,4114706133015583382,train,172,235,236,-0.937384639775637,-0.9176634735795751,0.0197211661960619
sine__target-238,sine,4114706133015583382,train,174,237,238,-0.953522936938159,-0.9232662622635679,0.030256674674591144
sine__target-240,sine,4114706133015583382,train,176,239,240,-0.9565733329306878,-0.9581730626556967,-0.0015997297250088804
sine__target-242,sine,4114706133015583382,train,178,241,242,-0.9691935968958383,-0.9652844611145948,0.003909135781243522
sine__target-244,sine,4114706133015583382,train,180,243,244,-0.9718231658911133,-0.9800391416880169,-0.008215975796903585
sine__target-246,sine,4114706133015583382,train,182,245,246,-0.9803418770919575,-0.9804459780769675,-0.00010410098501001386
sine__target-248,sine,4114706133015583382,train,184,247,248,-0.9640805578135994,-1.0115167325891397,-0.047436174775540296
sine__target-250,sine,4114706133015583382,train,186,249,250,-0.9952565669067297,-0.980516152546902,0.014740414359827647
sine__target-252,sine,4114706133015583382,train,188,251,252,-0.9854456873149455,-1.0000989606416992,-0.014653273326753702
sine__target-254,sine,4114706133015583382,train,190,253,254,-1.0073579425708818,-1.0115216457436618,-0.00416370317277992
sine__target-256,sine,4114706133015583382,train,192,255,256,-1.0217302256846423,-1.0028725817860258,0.01885764389861655
sine__target-258,sine,4114706133015583382,train,194,257,258,-1.0057717752697886,-1.0092703383287496,-0.003498563058961013
sine__target-260,sine,4114706133015583382,train,196,259,260,-0.9966571249837847,-0.9898188755987167,0.0068382493850679404
sine__target-262,sine,4114706133015583382,train,198,261,262,-0.9947491830445434,-0.985685258173441,0.009063924871102413
sine__target-264,sine,4114706133015583382,train,200,263,264,-0.9983112408229368,-0.9864956538165369,0.011815587006399841
sine__target-266,sine,4114706133015583382,train,202,265,266,-0.9852557713357822,-0.9876052032064979,-0.002349431870715679
sine__target-268,sine,4114706133015583382,train,204,267,268,-0.9724564311400768,-1.0053895079544093,-0.03293307681433244
sine__target-270,sine,4114706133015583382,train,206,269,270,-0.981634172545907,-0.9717024144139271,0.009931758131979884
sine__target-272,sine,4114706133015583382,train,208,271,272,-0.9619424978286795,-0.9328802494023956,0.02906224842628391
sine__target-274,sine,4114706133015583382,train,210,273,274,-0.9560169404900828,-0.9669467398393641,-0.010929799349281288
sine__target-276,sine,4114706133015583382,train,212,275,276,-0.9331378351039205,-0.9226471084777976,0.010490726626122826
sine__target-278,sine,4114706133015583382,train,214,277,278,-0.9305748698792349,-0.9197421475931511,0.010832722286083785
sine__target-280,sine,4114706133015583382,train,216,279,280,-0.9100381927370209,-0.9066458559298253,0.0033923368071956395
sine__target-282,sine,4114706133015583382,train,218,281,282,-0.9096289210319877,-0.876230464851363,0.03339845618062465
sine__target-284,sine,4114706133015583382,train,220,283,284,-0.8852126148252898,-0.8641465133566234,0.021066101468666387
sine__target-286,sine,4114706133015583382,train,222,285,286,-0.8649991506110222,-0.8393295585510929,0.025669592059929247
sine__target-288,sine,4114706133015583382,train,224,287,288,-0.8339712488693803,-0.8296961365661079,0.004275112303272488
sine__target-290,sine,4114706133015583382,train,226,289,290,-0.8223470081908769,-0.8163702982991313,0.005976709891745591
sine__target-292,sine,4114706133015583382,train,228,291,292,-0.8153211116769972,-0.7626248571957867,0.052696254481210514
sine__target-294,sine,4114706133015583382,train,230,293,294,-0.7826076474783938,-0.7670165956724908,0.015591051805903033
sine__target-296,sine,4114706133015583382,train,232,295,296,-0.7325329822280344,-0.7336268190636046,-0.0010938368355701833
sine__target-298,sine,4114706133015583382,train,234,297,298,-0.7285230162343426,-0.713424319671798,0.015098696562544589
sine__target-300,sine,4114706133015583382,train,236,299,300,-0.7218890762256575,-0.6965662506962074,0.025322825529450088
sine__target-302,sine,4114706133015583382,train,238,301,302,-0.6867112514108114,-0.6645580602923592,0.022153191118452153
sine__target-304,sine,4114706133015583382,train,240,303,304,-0.6316872798965811,-0.6358038009776992,-0.004116521081118041
sine__target-306,sine,4114706133015583382,train,242,305,306,-0.6101445112762038,-0.5892534783903356,0.020891032885868244
sine__target-308,sine,4114706133015583382,train,244,307,308,-0.576701224823325,-0.5584596099224965,0.01824161490082843
sine__target-310,sine,4114706133015583382,train,246,309,310,-0.5876732996956163,-0.5281350440020068,0.05953825569360949
sine__target-312,sine,4114706133015583382,train,248,311,312,-0.5307701805606152,-0.5019196278675023,0.028850552693112874
sine__target-314,sine,4114706133015583382,train,250,313,314,-0.4911903081262597,-0.4878588859360038,0.003331422190255895
sine__target-316,sine,4114706133015583382,train,252,315,316,-0.46922674290422084,-0.4410208745202767,0.02820586838394412
sine__target-318,sine,4114706133015583382,train,254,317,318,-0.4202182203160872,-0.4100520645349547,0.010166155781132502
sine__target-320,sine,4114706133015583382,train,256,319,320,-0.38626996641861694,-0.37475156494430895,0.011518401474307993
sine__target-322,sine,4114706133015583382,train,258,321,322,-0.3601321357026765,-0.3361632063004489,0.023968929402227612
sine__target-324,sine,4114706133015583382,train,260,323,324,-0.31203911501839116,-0.31515752664702995,-0.0031184116286387953
sine__target-326,sine,4114706133015583382,train,262,325,326,-0.28677495554824095,-0.28162452514040465,0.005150430407836304
sine__target-328,sine,4114706133015583382,train,264,327,328,-0.24702539916400254,-0.2432965782653644,0.00372882089863813
sine__target-330,sine,4114706133015583382,train,266,329,330,-0.22852800584605076,-0.2044982044656396,0.024029801380411164
sine__target-332,sine,4114706133015583382,train,268,331,332,-0.18921745529707584,-0.16804935918655847,0.02116809611051737
sine__target-334,sine,4114706133015583382,train,270,333,334,-0.1500753417003401,-0.13682252912188547,0.01325281257845462
sine__target-336,sine,4114706133015583382,train,272,335,336,-0.10352335361113643,-0.10086907649027368,0.002654277120862747
sine__target-338,sine,4114706133015583382,train,274,337,338,-0.0788688391813613,-0.06425582858935007,0.014613010592011227
sine__target-340,sine,4114706133015583382,train,276,339,340,-0.06855095473378152,-0.017220217269853132,0.05133073746392838
sine__target-342,sine,4114706133015583382,train,278,341,342,0.0008162683727981078,0.011026952413341427,0.010210684040543318
sine__target-344,sine,4114706133015583382,train,280,343,344,0.03078500657627255,0.0508036866428997,0.02001868006662715
sine__target-346,sine,4114706133015583382,train,282,345,346,0.06464000898898473,0.08884240761952142,0.024202398630536692
sine__target-348,sine,4114706133015583382,train,284,347,348,0.11474814317553787,0.11701472295937278,0.0022665797838349044
sine__target-350,sine,4114706133015583382,train,286,349,350,0.15509287314098058,0.16171307621786582,0.006620203076885239
sine__target-352,sine,4114706133015583382,train,288,351,352,0.18920151206086952,0.2035172868528612,0.01431577479199167
sine__target-354,sine,4114706133015583382,train,290,353,354,0.2352928702061213,0.24948288207406108,0.014190011867939778
sine__target-356,sine,4114706133015583382,train,292,355,356,0.25418828309246466,0.2781726595705204,0.023984376478055736
sine__target-358,sine,4114706133015583382,train,294,357,358,0.304741138109826,0.30073248494556376,-0.004008653164262244
sine__target-360,sine,4114706133015583382,train,296,359,360,0.30765114062719157,0.34463749157466894,0.036986350947477376
sine__target-362,sine,4114706133015583382,train,298,361,362,0.3746474712247676,0.3794584173250508,0.004810946100283209
sine__target-364,sine,4114706133015583382,train,300,363,364,0.39659859562909155,0.41443419674963505,0.0178356011205435
sine__target-366,sine,4114706133015583382,train,302,365,366,0.44314911942865587,0.4639795272547165,0.020830407826060604
sine__target-368,sine,4114706133015583382,train,304,367,368,0.47143210856834744,0.4693239721238017,-0.0021081364445457162
sine__target-370,sine,4114706133015583382,train,306,369,370,0.502119673733107,0.5046524535055826,0.0025327797724756795
sine__target-372,sine,4114706133015583382,train,308,371,372,0.5288118153534868,0.5282211392610658,-0.0005906760924209165
sine__target-374,sine,4114706133015583382,train,310,373,374,0.5650873896007222,0.5503658263367236,-0.01472156326399865
sine__target-376,sine,4114706133015583382,train,312,375,376,0.5825697764648201,0.5957347712968639,0.013164994832043808
sine__target-378,sine,4114706133015583382,train,314,377,378,0.6281535167706708,0.6251551825701638,-0.0029983342005069913
sine__target-380,sine,4114706133015583382,train,316,379,380,0.6316476912053706,0.6433707605717731,0.01172306936640255
sine__target-382,sine,4114706133015583382,train,318,381,382,0.6607267664855353,0.6705043580970781,0.00977759161154279
sine__target-384,sine,4114706133015583382,train,320,383,384,0.7175777553174775,0.7028077890067654,-0.014769966310712035
sine__target-386,sine,4114706133015583382,train,322,385,386,0.7104826033102536,0.7525541117733326,0.042071508463079055
sine__target-388,sine,4114706133015583382,train,324,387,388,0.7343059881495114,0.7596937188757483,0.0253877307262369
sine__target-390,sine,4114706133015583382,train,326,389,390,0.7711588658189044,0.7960420572974458,0.024883191478541455
sine__target-392,sine,4114706133015583382,train,328,391,392,0.7969987134371206,0.7921330452517149,-0.0048656681854056805
sine__target-394,sine,4114706133015583382,train,330,393,394,0.8198654294045721,0.8368890010077011,0.017023571603129062
sine__target-396,sine,4114706133015583382,train,332,395,396,0.8355466076289935,0.8522325982625777,0.016685990633584225
sine__target-398,sine,4114706133015583382,train,334,397,398,0.8562167198176518,0.8542809877182963,-0.0019357320993554916
sine__target-400,sine,4114706133015583382,train,336,399,400,0.8743347202729893,0.878731223760575,0.00439650348758569
sine__target-402,sine,4114706133015583382,train,338,401,402,0.9031358219287173,0.8873515126518537,-0.015784309276863584
sine__target-404,sine,4114706133015583382,train,340,403,404,0.8957747120535376,0.920982269570354,0.02520755751681636
sine__target-406,sine,4114706133015583382,train,342,405,406,0.9248394969040517,0.9326525645495413,0.007813067645489613
sine__target-408,sine,4114706133015583382,train,344,407,408,0.9386895984454435,0.9629472459291568,0.024257647483713285
sine__target-410,sine,4114706133015583382,train,346,409,410,0.930844986992519,0.9568608430118084,0.026015856019289352
sine__target-412,sine,4114706133015583382,train,348,411,412,0.9615855054940162,0.9650210901123946,0.00343558461837834
sine__target-414,sine,4114706133015583382,train,350,413,414,0.9670080795126071,0.9750278076122112,0.008019728099604051
sine__target-416,sine,4114706133015583382,train,352,415,416,0.9686383339546709,0.9955168645046346,0.026878530549963697
sine__target-418,sine,4114706133015583382,train,354,417,418,1.00075572918074,0.98983724621533,-0.010918482965410092
sine__target-420,sine,4114706133015583382,train,356,419,420,1.0015769028539963,0.9893551288268679,-0.012221774027128318
sine__target-422,sine,4114706133015583382,train,358,421,422,0.9906535101436879,0.9867090934423836,-0.0039444167013042986
sine__target-424,sine,4114706133015583382,train,360,423,424,1.0052521524196323,0.9930767290825385,-0.01217542333709376
sine__target-426,sine,4114706133015583382,train,362,425,426,1.0125805196076487,0.9989813344166091,-0.013599185191039642
sine__target-428,sine,4114706133015583382,train,364,427,428,1.015814522600298,1.0082660993795116,-0.0075484232207863045
sine__target-430,sine,4114706133015583382,train,366,429,430,0.9919423911403425,0.9915861667516556,-0.0003562243886869876
sine__target-432,sine,4114706133015583382,train,368,431,432,0.9898500075938725,0.9936072687206275,0.003757261126755007
sine__target-434,sine,4114706133015583382,train,370,433,434,0.9992832677452776,0.974299033192773,-0.024984234552504647
sine__target-436,sine,4114706133015583382,train,372,435,436,0.9798515488259598,0.9943571561276193,0.014505607301659507
sine__target-438,sine,4114706133015583382,train,374,437,438,0.9764853827269133,0.9620876766796659,-0.014397706047247438
sine__target-440,sine,4114706133015583382,train,376,439,440,0.9677574037899933,0.9885073762625683,0.02074997247257504
sine__target-442,sine,4114706133015583382,train,378,441,442,0.9776342305195973,0.9340888013454923,-0.04354542917410498
sine__target-444,sine,4114706133015583382,train,380,443,444,0.9575750329119693,0.9349323687015612,-0.02264266421040817
sine__target-446,sine,4114706133015583382,train,382,445,446,0.9425086258218343,0.9297811306498408,-0.012727495171993453
sine__target-448,sine,4114706133015583382,train,384,447,448,0.9229667829566853,0.9176274546151093,-0.005339328341576022
sine__target-450,sine,4114706133015583382,train,386,449,450,0.9205288069491971,0.8941802151989547,-0.0263485917502424
sine__target-452,sine,4114706133015583382,train,388,451,452,0.9275556849351434,0.8651785942292297,-0.062377090705913685
sine__target-454,sine,4114706133015583382,train,390,453,454,0.8829650378367796,0.8626253624329496,-0.02033967540382997
sine__target-456,sine,4114706133015583382,train,392,455,456,0.8651606891334828,0.8671161465139068,0.0019554573804240194
sine__target-458,sine,4114706133015583382,train,394,457,458,0.8391670487350221,0.822834482798224,-0.016332565936798105
sine__target-460,sine,4114706133015583382,train,396,459,460,0.8366483334198722,0.8002631263859963,-0.03638520703387593
sine__target-462,sine,4114706133015583382,train,398,461,462,0.7937243108112266,0.7791605782080891,-0.01456373260313748
sine__target-464,sine,4114706133015583382,train,400,463,464,0.789670313474312,0.7695978523624172,-0.020072461111894868
sine__target-466,sine,4114706133015583382,train,402,465,466,0.7653664545559856,0.7307561806943428,-0.03461027386164284
sine__target-468,sine,4114706133015583382,train,404,467,468,0.7336339944992275,0.7113461110730503,-0.022287883426177157
sine__target-470,sine,4114706133015583382,train,406,469,470,0.7019621880952304,0.6902077708145047,-0.011754417280725682
sine__target-472,sine,4114706133015583382,train,408,471,472,0.6879790533909346,0.6649696764779113,-0.023009376913023294
sine__target-474,sine,4114706133015583382,train,410,473,474,0.6455333463264389,0.6273349928769592,-0.01819835344947973
sine__target-476,sine,4114706133015583382,train,412,475,476,0.6129515146112362,0.6007245377983453,-0.012226976812890866
sine__target-478,sine,4114706133015583382,train,414,477,478,0.5765525523703909,0.6005605551683747,0.024008002797983763
sine__target-480,sine,4114706133015583382,train,416,479,480,0.5506721080249454,0.5361407759901476,-0.014531332034797728
sine__target-482,sine,4114706133015583382,train,418,481,482,0.537378418669806,0.5095210795449948,-0.027857339124811142
sine__target-484,sine,4114706133015583382,train,420,483,484,0.5155709290411772,0.4888203349392809,-0.026750594101896286
sine__target-486,sine,4114706133015583382,train,422,485,486,0.4739299507886742,0.455450198717561,-0.018479752071113242
sine__target-488,sine,4114706133015583382,train,424,487,488,0.44415866300253226,0.4159080164828571,-0.028250646519675182
sine__target-490,sine,4114706133015583382,train,426,489,490,0.39943210657915784,0.4143740786525674,0.014941972073409582
sine__target-492,sine,4114706133015583382,train,428,491,492,0.3703528121393946,0.3472129315517373,-0.023139880587657258
sine__target-494,sine,4114706133015583382,train,430,493,494,0.33073792761067367,0.30595797830195937,-0.0247799493087143
sine__target-496,sine,4114706133015583382,train,432,495,496,0.32173815532027406,0.2960259114141326,-0.025712243906141463
sine__target-498,sine,4114706133015583382,train,434,497,498,0.2575114028492078,0.24919073899844607,-0.008320663850761745
sine__target-500,sine,4114706133015583382,train,436,499,500,0.22124068392838742,0.18796028423788044,-0.03328039969050697
sine__target-502,sine,4114706133015583382,train,438,501,502,0.18083487582081798,0.1835719293140393,0.002737053493221314
sine__target-504,sine,4114706133015583382,train,440,503,504,0.18289894205865806,0.13465596345400632,-0.04824297860465174
sine__target-506,sine,4114706133015583382,train,442,505,506,0.11050298850944647,0.09973090471606111,-0.01077208379338536
sine__target-508,sine,4114706133015583382,train,444,507,508,0.06648300429433437,0.04512130509807066,-0.02136169919626371
sine__target-510,sine,4114706133015583382,train,446,509,510,0.04009522249830474,0.02678647340468066,-0.013308749093624079
sine__target-512,sine,4114706133015583382,train,448,511,512,0.003530721662033851,-0.031804148540597404,-0.035334870202631256
sine__target-514,sine,4114706133015583382,train,450,513,514,-0.04325847708338971,-0.060906316648803,-0.01764783956541329
sine__target-516,sine,4114706133015583382,train,452,515,516,-0.06047408242294385,-0.0849665767123262,-0.024492494289382348
sine__target-518,sine,4114706133015583382,train,454,517,518,-0.09979898408704772,-0.13163550321919876,-0.031836519132151034
sine__target-520,sine,4114706133015583382,train,456,519,520,-0.13129018082655963,-0.14724162321960851,-0.01595144239304888
sine__target-522,sine,4114706133015583382,train,458,521,522,-0.16804379100109762,-0.19536109480724942,-0.0273173038061518
sine__target-524,sine,4114706133015583382,train,460,523,524,-0.22424672253509673,-0.21759488617981942,0.006651836355277302
sine__target-526,sine,4114706133015583382,train,462,525,526,-0.2531208310922601,-0.2614534769884224,-0.008332645896162338
sine__target-528,sine,4114706133015583382,train,464,527,528,-0.2777003183836423,-0.309142159820506,-0.03144184143686374
sine__target-530,sine,4114706133015583382,train,466,529,530,-0.3234458862161308,-0.32824467369072036,-0.004798787474589561
sine__target-532,sine,4114706133015583382,train,468,531,532,-0.3448436292377696,-0.37189953296047157,-0.027055903722701946
sine__target-534,sine,4114706133015583382,train,470,533,534,-0.35759527804532315,-0.4014362315633585,-0.04384095351803535
sine__target-536,sine,4114706133015583382,train,472,535,536,-0.405120072009309,-0.4396392697846012,-0.03451919777529222
sine__target-538,sine,4114706133015583382,train,474,537,538,-0.4350079995448082,-0.4686353795967165,-0.033627380051908295
sine__target-540,sine,4114706133015583382,train,476,539,540,-0.5011332877490169,-0.49857793698903496,0.0025553507599819225
sine__target-542,sine,4114706133015583382,train,478,541,542,-0.5097228132786247,-0.5535139266930766,-0.043791113414451965
sine__target-544,sine,4114706133015583382,train,480,543,544,-0.550417148235261,-0.5678199302691437,-0.01740278203388268
sine__target-546,sine,4114706133015583382,train,482,545,546,-0.5797382556229403,-0.6049901412219735,-0.02525188559903313
sine__target-548,sine,4114706133015583382,train,484,547,548,-0.5927778449167581,-0.6148611713026548,-0.022083326385896718
sine__target-550,sine,4114706133015583382,train,486,549,550,-0.6388795918562657,-0.6565743655690411,-0.01769477371277539
sine__target-552,sine,4114706133015583382,train,488,551,552,-0.6655469601113418,-0.6876833353919144,-0.02213637528057255
sine__target-554,sine,4114706133015583382,train,490,553,554,-0.6779553186157941,-0.7140498662336701,-0.036094547617876005
sine__target-556,sine,4114706133015583382,train,492,555,556,-0.7121097715264392,-0.715781626070366,-0.0036718545439268224
sine__target-558,sine,4114706133015583382,train,494,557,558,-0.7543165178637383,-0.7393317262555538,0.014984791608184556
sine__target-560,sine,4114706133015583382,train,496,559,560,-0.7540715829390874,-0.7679745459689459,-0.013902963029858495
sine__target-562,sine,4114706133015583382,train,498,561,562,-0.800343590427664,-0.8041572556794488,-0.003813665251784837
sine__target-564,sine,4114706133015583382,train,500,563,564,-0.812749816087724,-0.8199801752927093,-0.0072303592049852705
sine__target-566,sine,4114706133015583382,train,502,565,566,-0.8341507785720291,-0.8539910459849277,-0.01984026741289857
sine__target-568,sine,4114706133015583382,train,504,567,568,-0.8626398396049751,-0.8688175165747632,-0.006177676969788104
sine__target-570,sine,4114706133015583382,train,506,569,570,-0.8836169542767677,-0.8813552986449184,0.002261655631849324
sine__target-572,sine,4114706133015583382,train,508,571,572,-0.9018907973598306,-0.8993753317654324,0.002515465594398192
sine__target-574,sine,4114706133015583382,train,510,573,574,-0.910540327445772,-0.9171914648647954,-0.006651137419023456
sine__target-576,sine,4114706133015583382,train,512,575,576,-0.9436997552318709,-0.9285359551588402,0.015163800073030642
sine__target-578,sine,4114706133015583382,train,514,577,578,-0.9301284181032308,-0.9448139892322013,-0.01468557112897051
sine__target-580,sine,4114706133015583382,train,516,579,580,-0.9367691749873991,-0.960159609408099,-0.02339043442069988
sine__target-582,sine,4114706133015583382,train,518,581,582,-0.9580872383526053,-0.9590661369005756,-0.000978898547970286
sine__target-584,sine,4114706133015583382,train,520,583,584,-0.9678030820927386,-0.9714332502491813,-0.0036301681564426813
sine__target-586,sine,4114706133015583382,train,522,585,586,-0.9652321280044722,-0.9868700781187794,-0.021637950114307136
sine__target-588,sine,4114706133015583382,train,524,587,588,-0.9801401484644617,-0.9945671561081203,-0.014427007643658563
sine__target-590,sine,4114706133015583382,train,526,589,590,-0.9739987607440455,-1.0135819978063174,-0.03958323706227196
sine__target-592,sine,4114706133015583382,train,528,591,592,-0.995351033849687,-0.9744839174907758,0.020867116358911253
sine__target-594,sine,4114706133015583382,train,530,593,594,-0.9945108238948437,-1.0158161717926808,-0.021305347897837112
sine__target-596,sine,4114706133015583382,train,532,595,596,-0.9992801855328698,-0.9924016067801749,0.0068785787526949305
sine__target-598,sine,4114706133015583382,train,534,597,598,-1.0121541483969756,-1.0209122681877725,-0.008758119790796881
sine__target-600,sine,4114706133015583382,train,536,599,600,-0.9916892300705531,-0.9859331665223364,0.005756063548216672
sine__target-602,sine,4114706133015583382,train,538,601,602,-0.9773955590247821,-1.0060831143543083,-0.02868755532952616
sine__target-604,sine,4114706133015583382,train,540,603,604,-1.003943796617345,-0.9943090463800331,0.009634750237311862
sine__target-606,sine,4114706133015583382,train,542,605,606,-0.9763066224964819,-0.9906078606692141,-0.014301238172732211
sine__target-608,sine,4114706133015583382,train,544,607,608,-0.9811347425349626,-0.9875604021133166,-0.006425659578354059
sine__target-610,sine,4114706133015583382,train,546,609,610,-0.9793521595818949,-0.9877967967168346,-0.008444637134939703
sine__target-612,sine,4114706133015583382,train,548,611,612,-0.9656411637608487,-0.9470034165899702,0.018637747170878516
sine__target-614,sine,4114706133015583382,validation,550,613,614,-0.9462450351126691,-0.9584643571894531,-0.012219322076784
sine__target-616,sine,4114706133015583382,validation,552,615,616,-0.9402058108800294,-0.9532035214800997,-0.012997710600070267
sine__target-618,sine,4114706133015583382,validation,554,617,618,-0.9226959749155733,-0.9179993381860618,0.004696636729511483
sine__target-620,sine,4114706133015583382,validation,556,619,620,-0.9316647285315101,-0.9056498101274159,0.0260149184040942
sine__target-622,sine,4114706133015583382,validation,558,621,622,-0.9006165453539492,-0.9035715519509988,-0.002955006597049614
sine__target-624,sine,4114706133015583382,validation,560,623,624,-0.8791654088692286,-0.8770245492585973,0.0021408596106312627
sine__target-626,sine,4114706133015583382,validation,562,625,626,-0.8566197048627547,-0.8531115806833844,0.0035081241793702977
sine__target-628,sine,4114706133015583382,validation,564,627,628,-0.8233143105473009,-0.8414280646963793,-0.018113754149078454
sine__target-630,sine,4114706133015583382,validation,566,629,630,-0.8127900870441089,-0.8169071725066087,-0.004117085462499781
sine__target-632,sine,4114706133015583382,validation,568,631,632,-0.7969057402984241,-0.7982709085742257,-0.001365168275801576
sine__target-634,sine,4114706133015583382,validation,570,633,634,-0.78615426267764,-0.7622350519378218,0.023919210739818175
sine__target-636,sine,4114706133015583382,validation,572,635,636,-0.7663233255387019,-0.7594960188192705,0.006827306719431325
sine__target-638,sine,4114706133015583382,validation,574,637,638,-0.7248555585511378,-0.7281108038361954,-0.0032552452850576064
sine__target-640,sine,4114706133015583382,validation,576,639,640,-0.7288019509926563,-0.6923556805183121,0.03644627047434423
sine__target-642,sine,4114706133015583382,validation,578,641,642,-0.6762797106518976,-0.6650499386310438,0.011229772020853845
sine__target-644,sine,4114706133015583382,validation,580,643,644,-0.677046890169804,-0.6417322410097391,0.03531464916006488
sine__target-646,sine,4114706133015583382,validation,582,645,646,-0.6519894915497554,-0.6321725348891006,0.01981695666065475
sine__target-648,sine,4114706133015583382,validation,584,647,648,-0.6054225176416573,-0.5858965706876795,0.019525946953977802
sine__target-650,sine,4114706133015583382,validation,586,649,650,-0.5579294391495443,-0.5765582914085875,-0.018628852259043205
sine__target-652,sine,4114706133015583382,validation,588,651,652,-0.5442661419710964,-0.5136125043472928,0.030653637623803576
sine__target-654,sine,4114706133015583382,validation,590,653,654,-0.5081402472856494,-0.49005884085731855,0.018081406428330893
sine__target-656,sine,4114706133015583382,validation,592,655,656,-0.47682200080159554,-0.47784483614301554,-0.001022835341420003
sine__target-658,sine,4114706133015583382,validation,594,657,658,-0.4487391198913343,-0.42939514547233504,0.019343974418999266
sine__target-660,sine,4114706133015583382,validation,596,659,660,-0.406931325018011,-0.40246888533267833,0.004462439685332664
sine__target-662,sine,4114706133015583382,validation,598,661,662,-0.3716798576497696,-0.3489004476449822,0.022779410004787393
sine__target-664,sine,4114706133015583382,validation,600,663,664,-0.3335558158063569,-0.33583316054986573,-0.0022773447435088245
sine__target-666,sine,4114706133015583382,validation,602,665,666,-0.3090201764283148,-0.28812741752520743,0.020892758903107378
sine__target-668,sine,4114706133015583382,validation,604,667,668,-0.26953414861370123,-0.2555677750025803,0.013966373611120908
sine__target-670,sine,4114706133015583382,validation,606,669,670,-0.23286140386165768,-0.22468351894956257,0.008177884912095118
sine__target-672,sine,4114706133015583382,validation,608,671,672,-0.21500979877494628,-0.20552683224356721,0.009482966531379061
sine__target-674,sine,4114706133015583382,validation,610,673,674,-0.169468786520486,-0.14212870683155993,0.027340079688926072
sine__target-676,sine,4114706133015583382,validation,612,675,676,-0.1313392946072644,-0.12774110448700007,0.0035981901202643274
sine__target-678,sine,4114706133015583382,validation,614,677,678,-0.09829759950097297,-0.07218022880732591,0.026117370693647057
sine__target-680,sine,4114706133015583382,validation,616,679,680,-0.046687477908723365,-0.025184280144196332,0.021503197764527034
sine__target-682,sine,4114706133015583382,validation,618,681,682,-0.007451858502158411,0.017190725095801166,0.024642583597959577
sine__target-684,sine,4114706133015583382,validation,620,683,684,0.009893472703194375,0.02946739203323583,0.019573919330041455
sine__target-686,sine,4114706133015583382,validation,622,685,686,0.050156561185302484,0.07315810741457493,0.023001546229272446
sine__target-688,sine,4114706133015583382,validation,624,687,688,0.10233090090361632,0.10427088143091895,0.001939980527302626
sine__target-690,sine,4114706133015583382,validation,626,689,690,0.11637972509239768,0.13771083459570638,0.0213311095033087
sine__target-692,sine,4114706133015583382,validation,628,691,692,0.18211264610225178,0.18590741617321432,0.0037947700709625443
sine__target-694,sine,4114706133015583382,validation,630,693,694,0.20349928273955686,0.21576041774941115,0.01226113500985429
sine__target-696,sine,4114706133015583382,validation,632,695,696,0.24116516152857917,0.24467153122352828,0.0035063696949491074
sine__target-698,sine,4114706133015583382,validation,634,697,698,0.25730338279300075,0.30041859216785494,0.04311520937485419
sine__target-700,sine,4114706133015583382,validation,636,699,700,0.31111989409250185,0.3365553112225189,0.02543541713001707
sine__target-702,sine,4114706133015583382,validation,638,701,702,0.3383230850347202,0.35727985315538535,0.018956768120665157
sine__target-704,sine,4114706133015583382,validation,640,703,704,0.37629367894686283,0.36938286466412595,-0.006910814282736877
sine__target-706,sine,4114706133015583382,validation,642,705,706,0.3998643353584609,0.4324757365759041,0.032611401217443214
sine__target-708,sine,4114706133015583382,validation,644,707,708,0.4514228533383006,0.45059195981672023,-0.0008308935215803892
sine__target-710,sine,4114706133015583382,validation,646,709,710,0.48310978038366875,0.49568792527806105,0.012578144894392296
sine__target-712,sine,4114706133015583382,validation,648,711,712,0.5203561744811829,0.5406740218174376,0.020317847336254746
sine__target-714,sine,4114706133015583382,validation,650,713,714,0.5593388753965723,0.5512802608968884,-0.008058614499683925
sine__target-716,sine,4114706133015583382,validation,652,715,716,0.5599260434456784,0.5830211043013204,0.023095060855641947
sine__target-718,sine,4114706133015583382,validation,654,717,718,0.6028783780962933,0.614184994067266,0.011306615970972711
sine__target-720,sine,4114706133015583382,validation,656,719,720,0.6362279670321206,0.637487153896556,0.0012591868644353799
sine__target-722,sine,4114706133015583382,validation,658,721,722,0.6540722821009778,0.6726948865907036,0.018622604489725858
sine__target-724,sine,4114706133015583382,validation,660,723,724,0.6911450160201756,0.7091429971056088,0.017997981085433157
sine__target-726,sine,4114706133015583382,validation,662,725,726,0.7138401373100298,0.732727970695475,0.018887833385445196
sine__target-728,sine,4114706133015583382,validation,664,727,728,0.7487366213297321,0.7612850861821083,0.012548464852376262
sine__target-730,sine,4114706133015583382,validation,666,729,730,0.7499640684740227,0.7886920262524566,0.03872795777843385
sine__target-732,sine,4114706133015583382,validation,668,731,732,0.7942494357282058,0.8001607724425592,0.005911336714353399
sine__target-734,sine,4114706133015583382,validation,670,733,734,0.8213675103335171,0.7959671232753979,-0.0254003870581192
sine__target-736,sine,4114706133015583382,validation,672,735,736,0.8210367080740518,0.8485453121151897,0.027508604041137863
sine__target-738,sine,4114706133015583382,validation,674,737,738,0.8405010744309058,0.8710219168235511,0.030520842392645298
sine__target-740,sine,4114706133015583382,validation,676,739,740,0.8786950867818278,0.8806879527147725,0.0019928659329446763
sine__target-742,sine,4114706133015583382,validation,678,741,742,0.8983915473404007,0.8863361456715446,-0.012055401668856103
sine__target-744,sine,4114706133015583382,validation,680,743,744,0.8975771725666759,0.9108355078595167,0.013258335292840817
sine__target-746,sine,4114706133015583382,validation,682,745,746,0.9006465199142741,0.907182107577836,0.0065355876635618815
sine__target-748,sine,4114706133015583382,validation,684,747,748,0.9411564269394957,0.9345920581513647,-0.0065643687881310475
sine__target-750,sine,4114706133015583382,validation,686,749,750,0.937183989964425,0.9566955926179919,0.019511602653566884
sine__target-752,sine,4114706133015583382,validation,688,751,752,0.9511527122909768,0.9437813540663719,-0.007371358224604885
sine__target-754,sine,4114706133015583382,validation,690,753,754,0.98082646018781,0.9575582335643705,-0.023268226623439414
sine__target-756,sine,4114706133015583382,validation,692,755,756,0.9634049951658927,0.9828507038740177,0.01944570870812501
sine__target-758,sine,4114706133015583382,validation,694,757,758,0.970435146872574,1.0100058797750728,0.039570732902498795
sine__target-760,sine,4114706133015583382,validation,696,759,760,0.9801243335095282,1.0066718103744237,0.026547476864895447
sine__target-762,sine,4114706133015583382,validation,698,761,762,0.9776858043588885,1.0007209318303159,0.02303512747142733
sine__target-764,sine,4114706133015583382,validation,700,763,764,1.000748967041067,1.0035144903228053,0.0027655232817382913
sine__target-766,sine,4114706133015583382,validation,702,765,766,0.9982497593295735,1.014698281105795,0.01644852177622147
sine__target-768,sine,4114706133015583382,validation,704,767,768,1.0196546429624023,1.0032049882469678,-0.01644965471543447
sine__target-770,sine,4114706133015583382,validation,706,769,770,0.9984679788593532,1.007471531050853,0.009003552191499842
sine__target-772,sine,4114706133015583382,validation,708,771,772,1.0092721290914703,0.9955254773570261,-0.013746651734444226
sine__target-774,sine,4114706133015583382,validation,710,773,774,0.9884475377661565,0.9937660785968424,0.005318540830685947
sine__target-776,sine,4114706133015583382,validation,712,775,776,0.9892861030678032,0.9760309454990455,-0.013255157568757725
sine__target-778,sine,4114706133015583382,validation,714,777,778,0.9866952676603977,0.9881902527786394,0.001494985118241643
sine__target-780,sine,4114706133015583382,validation,716,779,780,0.9668664669099748,0.9758734524430599,0.009006985533085099
sine__target-782,sine,4114706133015583382,validation,718,781,782,0.9529677922853147,0.9596410209796316,0.006673228694316857
sine__target-784,sine,4114706133015583382,validation,720,783,784,0.9594459998429304,0.9631674528510826,0.003721453008152187
sine__target-786,sine,4114706133015583382,validation,722,785,786,0.951313477509539,0.9434978049703886,-0.007815672539150387
sine__target-788,sine,4114706133015583382,validation,724,787,788,0.9348900955589923,0.9283848398059003,-0.006505255753092021
sine__target-790,sine,4114706133015583382,validation,726,789,790,0.8978345428407092,0.9034921732601879,0.005657630419478754
sine__target-792,sine,4114706133015583382,validation,728,791,792,0.9078444434476571,0.8927472508350601,-0.01509719261259701
sine__target-794,sine,4114706133015583382,validation,730,793,794,0.8949958652801759,0.8912160129646116,-0.003779852315564325
sine__target-796,sine,4114706133015583382,validation,732,795,796,0.8720139717628463,0.8760056105888526,0.003991638826006283
sine__target-798,sine,4114706133015583382,validation,734,797,798,0.8343462728762777,0.853952197401826,0.019605924525548324
sine__target-800,sine,4114706133015583382,validation,736,799,800,0.8540185920718836,0.8264808422451606,-0.027537749826722968
sine__target-802,sine,4114706133015583382,validation,738,801,802,0.8182540562196259,0.8078524071149394,-0.010401649104686439
sine__target-804,sine,4114706133015583382,validation,740,803,804,0.7861078253303592,0.7838189001616271,-0.0022889251687320256
sine__target-806,sine,4114706133015583382,validation,742,805,806,0.7774135022720207,0.7527651228249123,-0.024648379447108404
sine__target-808,sine,4114706133015583382,validation,744,807,808,0.7420094013295356,0.7220335479153557,-0.019975853414179956
sine__target-810,sine,4114706133015583382,validation,746,809,810,0.7123302490961688,0.7044718958031325,-0.007858353293036302
sine__target-812,sine,4114706133015583382,validation,748,811,812,0.706192777209686,0.6851276796522922,-0.02106509755739383
sine__target-814,sine,4114706133015583382,validation,750,813,814,0.6452067298117293,0.6553392890072515,0.01013255919552214
sine__target-816,sine,4114706133015583382,validation,752,815,816,0.6333716432701649,0.6312797182739434,-0.0020919249962215725
sine__target-818,sine,4114706133015583382,validation,754,817,818,0.6040987226901106,0.5866075478842538,-0.017491174805856713
sine__target-820,sine,4114706133015583382,test,756,819,820,0.5869015056673832,0.5663071604892963,-0.020594345178086892
sine__target-822,sine,4114706133015583382,test,758,821,822,0.553750662140628,0.5176312546636659,-0.03611940747696207
sine__target-824,sine,4114706133015583382,test,760,823,824,0.542957551645874,0.5027004273229574,-0.040257124322916615
sine__target-826,sine,4114706133015583382,test,762,825,826,0.48441320786972436,0.45341469959477604,-0.030998508274948322
sine__target-828,sine,4114706133015583382,test,764,827,828,0.45004708647986885,0.41256263516461206,-0.037484451315256795
sine__target-830,sine,4114706133015583382,test,766,829,830,0.41947928495947034,0.41422488475470803,-0.005254400204762311
sine__target-832,sine,4114706133015583382,test,768,831,832,0.4123283998185563,0.3810471290816336,-0.03128127073692272
sine__target-834,sine,4114706133015583382,test,770,833,834,0.334152681568653,0.3513033745487285,0.017150692980075488
sine__target-836,sine,4114706133015583382,test,772,835,836,0.31066537061933214,0.29540055906610857,-0.015264811553223567
sine__target-838,sine,4114706133015583382,test,774,837,838,0.2712527608248315,0.25264199852622804,-0.018610762298603478
sine__target-840,sine,4114706133015583382,test,776,839,840,0.25121632221073154,0.21227181831376568,-0.038944503896965854
sine__target-842,sine,4114706133015583382,test,778,841,842,0.20717859135172412,0.19795357953986367,-0.009225011811860445
sine__target-844,sine,4114706133015583382,test,780,843,844,0.18527292841153836,0.16050693283719306,-0.024765995574345306
sine__target-846,sine,4114706133015583382,test,782,845,846,0.15803335752298928,0.11675090810468994,-0.04128244941829934
sine__target-848,sine,4114706133015583382,test,784,847,848,0.09169838196081846,0.059261531796863026,-0.032436850163955436
sine__target-850,sine,4114706133015583382,test,786,849,850,0.08399160049774784,0.03700163253714599,-0.046989967960601856
sine__target-852,sine,4114706133015583382,test,788,851,852,0.02115340166577679,-0.002948474561120176,-0.024101876226896968
sine__target-854,sine,4114706133015583382,test,790,853,854,0.006384373571207028,-0.031233853519197944,-0.03761822709040497
sine__target-856,sine,4114706133015583382,test,792,855,856,-0.047823152407906286,-0.06172147552017403,-0.01389832311226774
sine__target-858,sine,4114706133015583382,test,794,857,858,-0.08860787071434173,-0.08658558616792121,0.002022284546420519
sine__target-860,sine,4114706133015583382,test,796,859,860,-0.12952374037643793,-0.13942443319919426,-0.009900692822756324
sine__target-862,sine,4114706133015583382,test,798,861,862,-0.17128569249123202,-0.1684598985639025,0.002825793927329512
sine__target-864,sine,4114706133015583382,test,800,863,864,-0.19138320752479895,-0.2095149942435665,-0.018131786718767556
sine__target-866,sine,4114706133015583382,test,802,865,866,-0.24198233428675284,-0.2579458915636209,-0.015963557276868073
sine__target-868,sine,4114706133015583382,test,804,867,868,-0.26118366968628454,-0.2907617530250723,-0.029578083338787753
sine__target-870,sine,4114706133015583382,test,806,869,870,-0.31021467751416143,-0.3162964314656502,-0.006081753951488744
sine__target-872,sine,4114706133015583382,test,808,871,872,-0.33034036327481464,-0.363642987246102,-0.03330262397128736
sine__target-874,sine,4114706133015583382,test,810,873,874,-0.3741786406935179,-0.3854888504739499,-0.011310209780431957
sine__target-876,sine,4114706133015583382,test,812,875,876,-0.3856727193081209,-0.4122116170771385,-0.026538897769017578
sine__target-878,sine,4114706133015583382,test,814,877,878,-0.44467648046992625,-0.47075950707333997,-0.026083026603413717
sine__target-880,sine,4114706133015583382,test,816,879,880,-0.4500700587609389,-0.494661876241585,-0.04459181748064606
sine__target-882,sine,4114706133015583382,test,818,881,882,-0.5004842388367937,-0.5236354176529125,-0.023151178816118834
sine__target-884,sine,4114706133015583382,test,820,883,884,-0.5261784424889641,-0.5507284837930054,-0.02455004130404137
sine__target-886,sine,4114706133015583382,test,822,885,886,-0.5725568767351351,-0.5750083239344551,-0.0024514471993200004
sine__target-888,sine,4114706133015583382,test,824,887,888,-0.5954141677794438,-0.6034742536764458,-0.008060085897002023
sine__target-890,sine,4114706133015583382,test,826,889,890,-0.6215997839257612,-0.6352334560515164,-0.01363367212575517
sine__target-892,sine,4114706133015583382,test,828,891,892,-0.6520808862853096,-0.6672894777346194,-0.01520859144930986
sine__target-894,sine,4114706133015583382,test,830,893,894,-0.6977690877901364,-0.6860377598085092,0.011731327981627127
sine__target-896,sine,4114706133015583382,test,832,895,896,-0.6932487751396003,-0.7267690030090442,-0.033520227869443975
sine__target-898,sine,4114706133015583382,test,834,897,898,-0.7332793329847265,-0.7427610090617747,-0.009481676077048196
sine__target-900,sine,4114706133015583382,test,836,899,900,-0.742847317889421,-0.7616486410359501,-0.018801323146529048
sine__target-902,sine,4114706133015583382,test,838,901,902,-0.8009529401276838,-0.8066118083156747,-0.005658868187990884
sine__target-904,sine,4114706133015583382,test,840,903,904,-0.8067224830817795,-0.8075569566595183,-0.0008344735777388035
sine__target-906,sine,4114706133015583382,test,842,905,906,-0.833609551149113,-0.845384562391164,-0.011775011242051048
sine__target-908,sine,4114706133015583382,test,844,907,908,-0.8367036234796623,-0.8558268058482391,-0.019123182368576797
sine__target-910,sine,4114706133015583382,test,846,909,910,-0.856862024973777,-0.8794323471461224,-0.022570322172345447
sine__target-912,sine,4114706133015583382,test,848,911,912,-0.8663717496330533,-0.8690423173821774,-0.0026705677491241087
sine__target-914,sine,4114706133015583382,test,850,913,914,-0.8869655658588277,-0.8957573379888435,-0.008791772130015807
sine__target-916,sine,4114706133015583382,test,852,915,916,-0.9014010682400805,-0.9163133460907713,-0.014912277850690825
sine__target-918,sine,4114706133015583382,test,854,917,918,-0.9452406950450918,-0.9380073000639777,0.007233394981114083
sine__target-920,sine,4114706133015583382,test,856,919,920,-0.9389119543769199,-0.9567856613365311,-0.017873706959611213
sine__target-922,sine,4114706133015583382,test,858,921,922,-0.9614801543197037,-0.9422850087869962,0.019195145532707514
sine__target-924,sine,4114706133015583382,test,860,923,924,-0.9517646975761133,-0.9626379092839097,-0.010873211707796426
sine__target-926,sine,4114706133015583382,test,862,925,926,-0.9561941062682731,-0.98921127607509,-0.033017169806816904
sine__target-928,sine,4114706133015583382,test,864,927,928,-0.9751125936165588,-0.9894790566763878,-0.014366463059829027
sine__target-930,sine,4114706133015583382,test,866,929,930,-0.9749348741560177,-0.989963421744329,-0.015028547588311403
sine__target-932,sine,4114706133015583382,test,868,931,932,-1.0011976700626617,-0.9885956024162402,0.012602067646421466
sine__target-934,sine,4114706133015583382,test,870,933,934,-0.9811783517327707,-0.9958954518386258,-0.014717100105855141
sine__target-936,sine,4114706133015583382,test,872,935,936,-0.9903727555547837,-0.9941595107110199,-0.0037867551562362767
sine__target-938,sine,4114706133015583382,test,874,937,938,-0.9995552533005383,-0.9999590329588138,-0.0004037796582755382
sine__target-940,sine,4114706133015583382,test,876,939,940,-0.9951938394671572,-1.0078047226667937,-0.012610883199636436
sine__target-942,sine,4114706133015583382,test,878,941,942,-0.978731390111585,-1.0088745285169378,-0.030143138405352765
sine__target-944,sine,4114706133015583382,test,880,943,944,-0.9943031986489442,-0.9812823841065508,0.013020814542393455
sine__target-946,sine,4114706133015583382,test,882,945,946,-0.9906135364263303,-0.999712529329358,-0.009098992903027625
sine__target-948,sine,4114706133015583382,test,884,947,948,-0.9918722911957502,-0.9712413576655818,0.020630933530168316
sine__target-950,sine,4114706133015583382,test,886,949,950,-1.0067450658627914,-0.9615677028988777,0.045177362963913725
sine__target-952,sine,4114706133015583382,test,888,951,952,-0.9560615796934886,-0.9650341692289552,-0.008972589535466646
sine__target-954,sine,4114706133015583382,test,890,953,954,-0.9752639623373113,-0.9549670203465335,0.020296941990777806
sine__target-956,sine,4114706133015583382,test,892,955,956,-0.9436925434221339,-0.9408669487731723,0.0028255946489615935
sine__target-958,sine,4114706133015583382,test,894,957,958,-0.9398383970587086,-0.9281243032159227,0.011714093842785989
sine__target-960,sine,4114706133015583382,test,896,959,960,-0.9198741870601478,-0.9220385913290234,-0.0021644042688756526
sine__target-962,sine,4114706133015583382,test,898,961,962,-0.9033659732371785,-0.8857293286716909,0.017636644565487636
sine__target-964,sine,4114706133015583382,test,900,963,964,-0.887533922680826,-0.8915355857083367,-0.004001663027510705
sine__target-966,sine,4114706133015583382,test,902,965,966,-0.8724900520088006,-0.8427265911230909,0.02976346088570969
sine__target-968,sine,4114706133015583382,test,904,967,968,-0.8524233859345562,-0.8416835474850451,0.010739838449511097
sine__target-970,sine,4114706133015583382,test,906,969,970,-0.8210292306239784,-0.8423766492507329,-0.02134741862675449
sine__target-972,sine,4114706133015583382,test,908,971,972,-0.8166337903884345,-0.8079665067459755,0.008667283642459056
sine__target-974,sine,4114706133015583382,test,910,973,974,-0.8059755572563362,-0.8024945619332897,0.003480995323046465
sine__target-976,sine,4114706133015583382,test,912,975,976,-0.7933114761751103,-0.7671966984846383,0.02611477769047199
sine__target-978,sine,4114706133015583382,test,914,977,978,-0.7299343575063366,-0.7583609154014539,-0.028426557895117277
sine__target-980,sine,4114706133015583382,test,916,979,980,-0.7089235399891063,-0.7071792894348972,0.0017442505542091258
sine__target-982,sine,4114706133015583382,test,918,981,982,-0.6927007902749166,-0.6789856895057658,0.013715100769150834
sine__target-984,sine,4114706133015583382,test,920,983,984,-0.6900347853301374,-0.6647139346023022,0.025320850727835187
sine__target-986,sine,4114706133015583382,test,922,985,986,-0.6434651873070432,-0.6252293538119507,0.0182358334950925
sine__target-988,sine,4114706133015583382,test,924,987,988,-0.6263121383819523,-0.6156075349649552,0.010704603416997083
sine__target-990,sine,4114706133015583382,test,926,989,990,-0.5883023325310474,-0.5643337743928305,0.023968558138216856
sine__target-992,sine,4114706133015583382,test,928,991,992,-0.5603455867775915,-0.5300816765969263,0.03026391018066521
sine__target-994,sine,4114706133015583382,test,930,993,994,-0.5288389548295651,-0.49947797679688344,0.029360978032681673
sine__target-996,sine,4114706133015583382,test,932,995,996,-0.48783161883181747,-0.4916227202406859,-0.0037911014088684025
sine__target-998,sine,4114706133015583382,test,934,997,998,-0.4681937765207764,-0.4687767237136928,-0.0005829471929164054
sine__target-1000,sine,4114706133015583382,test,936,999,1000,-0.4190287476761364,-0.4066514322269287,0.012377315449207726
sine__target-1002,sine,4114706133015583382,test,938,1001,1002,-0.4010827252242186,-0.3859347640666289,0.015147961157589707
sine__target-1004,sine,4114706133015583382,test,940,1003,1004,-0.3569609955656392,-0.3412616219882672,0.015699373577372
sine__target-1006,sine,4114706133015583382,test,942,1005,1006,-0.3349277844494536,-0.2927397769309766,0.04218800751847701
sine__target-1008,sine,4114706133015583382,test,944,1007,1008,-0.29698354235375535,-0.2600205428134244,0.03696299954033094
sine__target-1010,sine,4114706133015583382,test,946,1009,1010,-0.2600510609600148,-0.21896089714821038,0.041090163811804414
sine__target-1012,sine,4114706133015583382,test,948,1011,1012,-0.2357504215504323,-0.20490312201502137,0.030847299535410933
sine__target-1014,sine,4114706133015583382,test,950,1013,1014,-0.20708737629844692,-0.17074486666997685,0.03634250962847008
sine__target-1016,sine,4114706133015583382,test,952,1015,1016,-0.16289094574980278,-0.14902853779232517,0.013862407957477618
sine__target-1018,sine,4114706133015583382,test,954,1017,1018,-0.10947258503496494,-0.10458649799723617,0.004886087037728776
sine__target-1020,sine,4114706133015583382,test,956,1019,1020,-0.0688584275254174,-0.06307347597223727,0.005784951553180137
sine__target-1022,sine,4114706133015583382,test,958,1021,1022,-0.04730128532046714,-0.01711029714390502,0.030190988176562118
chirp__target-64,chirp,6894369671430017204,train,0,63,64,0.4483148746909148,0.45926076665890164,0.010945891967986843
chirp__target-66,chirp,6894369671430017204,train,2,65,66,0.46836613234539093,0.47503210245571487,0.006665970110323938
chirp__target-68,chirp,6894369671430017204,train,4,67,68,0.48173794965093547,0.510291738441344,0.02855378879040854
chirp__target-70,chirp,6894369671430017204,train,6,69,70,0.5049634963924755,0.5123141308057929,0.007350634413317403
chirp__target-72,chirp,6894369671430017204,train,8,71,72,0.5073931979253479,0.5346451823073001,0.0272519843819522
chirp__target-74,chirp,6894369671430017204,train,10,73,74,0.5261719327332419,0.5395291129120143,0.01335718017877241
chirp__target-76,chirp,6894369671430017204,train,12,75,76,0.5382778958782581,0.5622237202153846,0.023945824337126442
chirp__target-78,chirp,6894369671430017204,train,14,77,78,0.5394799327580818,0.5729218893152502,0.03344195655716842
chirp__target-80,chirp,6894369671430017204,train,16,79,80,0.5761174531416797,0.5938808333483222,0.017763380206642476
chirp__target-82,chirp,6894369671430017204,train,18,81,82,0.596112058667315,0.5879450370566482,-0.008167021610666736
chirp__target-84,chirp,6894369671430017204,train,20,83,84,0.6122376339045026,0.6122740594366921,3.642553218952127e-05
chirp__target-86,chirp,6894369671430017204,train,22,85,86,0.6232250890185739,0.6221097414116831,-0.0011153476068908041
chirp__target-88,chirp,6894369671430017204,train,24,87,88,0.6367960155875675,0.6592359948831055,0.022439979295537982
chirp__target-90,chirp,6894369671430017204,train,26,89,90,0.654101909124985,0.6690281091235859,0.014926199998600898
chirp__target-92,chirp,6894369671430017204,train,28,91,92,0.6650373598439769,0.6682010116211544,0.0031636517771774786
chirp__target-94,chirp,6894369671430017204,train,30,93,94,0.6845356695791005,0.6775299961913044,-0.007005673387796119
chirp__target-96,chirp,6894369671430017204,train,32,95,96,0.7033456533993646,0.7054672978002388,0.0021216444008741453
chirp__target-98,chirp,6894369671430017204,train,34,97,98,0.7259320312585722,0.7068468238040957,-0.019085207454476505
chirp__target-100,chirp,6894369671430017204,train,36,99,100,0.7221880507922107,0.7189601736386029,-0.0032278771536078388
chirp__target-102,chirp,6894369671430017204,train,38,101,102,0.7696275850711379,0.7398270404855697,-0.029800544585568245
chirp__target-104,chirp,6894369671430017204,train,40,103,104,0.7660031333468441,0.7543955081910242,-0.011607625155819923
chirp__target-106,chirp,6894369671430017204,train,42,105,106,0.7709092676844284,0.7690985027425749,-0.0018107649418535043
chirp__target-108,chirp,6894369671430017204,train,44,107,108,0.7926867810797543,0.7856805253752723,-0.0070062557044819895
chirp__target-110,chirp,6894369671430017204,train,46,109,110,0.7999264333194153,0.7873649399681549,-0.012561493351260333
chirp__target-112,chirp,6894369671430017204,train,48,111,112,0.8016726593823624,0.8201298710140925,0.018457211631730086
chirp__target-114,chirp,6894369671430017204,train,50,113,114,0.8191046079646338,0.8237504730873008,0.004645865122666959
chirp__target-116,chirp,6894369671430017204,train,52,115,116,0.8465764593773497,0.8338665494781918,-0.012709909899157878
chirp__target-118,chirp,6894369671430017204,train,54,117,118,0.8494748828717478,0.8629611851645368,0.01348630229278902
chirp__target-120,chirp,6894369671430017204,train,56,119,120,0.8652627388735891,0.874139678170522,0.008876939296932895
chirp__target-122,chirp,6894369671430017204,train,58,121,122,0.8659980285511069,0.8753761546115463,0.009378126060439418
chirp__target-124,chirp,6894369671430017204,train,60,123,124,0.8651129971578078,0.8827473795720204,0.017634382414212668
chirp__target-126,chirp,6894369671430017204,train,62,125,126,0.9060974528976335,0.9016906391802741,-0.0044068137173594035
chirp__target-128,chirp,6894369671430017204,train,64,127,128,0.8987896714554183,0.9057270474314623,0.006937375976043936
chirp__target-130,chirp,6894369671430017204,train,66,129,130,0.9122727861478054,0.9122418349935487,-3.095115425666428e-05
chirp__target-132,chirp,6894369671430017204,train,68,131,132,0.934454273749574,0.914728445521341,-0.01972582822823299
chirp__target-134,chirp,6894369671430017204,train,70,133,134,0.9423430287080801,0.9273477047239934,-0.01499532398408665
chirp__target-136,chirp,6894369671430017204,train,72,135,136,0.9299489939284525,0.9334330319231438,0.0034840379946912137
chirp__target-138,chirp,6894369671430017204,train,74,137,138,0.9530526412874363,0.9543305106103257,0.0012778693228894245
chirp__target-140,chirp,6894369671430017204,train,76,139,140,0.9583751407622529,0.9577866047398905,-0.0005885360223624181
chirp__target-142,chirp,6894369671430017204,train,78,141,142,0.9606047900158106,0.9579188153769381,-0.002685974638872435
chirp__target-144,chirp,6894369671430017204,train,80,143,144,0.9721881945543964,0.9747742873382171,0.002586092783820715
chirp__target-146,chirp,6894369671430017204,train,82,145,146,0.970066147928471,0.9779274992738888,0.007861351345417766
chirp__target-148,chirp,6894369671430017204,train,84,147,148,0.971827932839584,0.9732363024858482,0.0014083696462642292
chirp__target-150,chirp,6894369671430017204,train,86,149,150,0.9842963972069247,0.9966488682100937,0.012352471003168941
chirp__target-152,chirp,6894369671430017204,train,88,151,152,0.9888702195463854,1.0016455903243382,0.012775370777952766
chirp__target-154,chirp,6894369671430017204,train,90,153,154,0.9942890503549562,0.9878619032207528,-0.006427147134203337
chirp__target-156,chirp,6894369671430017204,train,92,155,156,0.9726552138115785,0.9956308062648177,0.022975592453239213
chirp__target-158,chirp,6894369671430017204,train,94,157,158,0.9841467173596966,0.9890659533114695,0.0049192359517729045
chirp__target-160,chirp,6894369671430017204,train,96,159,160,1.004056375137579,1.001929483991816,-0.0021268911457630324
chirp__target-162,chirp,6894369671430017204,train,98,161,162,1.0188968295877658,0.9714937377145174,-0.047403091873248426
chirp__target-164,chirp,6894369671430017204,train,100,163,164,1.0071112306836345,0.9809765511938457,-0.02613467948978876
chirp__target-166,chirp,6894369671430017204,train,102,165,166,0.994240868406169,1.0119834112107473,0.01774254280457832
chirp__target-168,chirp,6894369671430017204,train,104,167,168,0.9925724145707843,1.0064538128084553,0.013881398237670983
chirp__target-170,chirp,6894369671430017204,train,106,169,170,1.0050584362218162,0.9833860878504781,-0.021672348371338135
chirp__target-172,chirp,6894369671430017204,train,108,171,172,1.0045548709738508,0.9894988210477752,-0.015056049926075565
chirp__target-174,chirp,6894369671430017204,train,110,173,174,0.9951136510255901,1.002108780749523,0.0069951297239329024
chirp__target-176,chirp,6894369671430017204,train,112,175,176,0.9744960510638272,0.9904041246562723,0.01590807359244506
chirp__target-178,chirp,6894369671430017204,train,114,177,178,0.9783941855171221,0.9871312804754304,0.008737094958308322
chirp__target-180,chirp,6894369671430017204,train,116,179,180,0.9919502386024482,0.9704534553341229,-0.02149678326832538
chirp__target-182,chirp,6894369671430017204,train,118,181,182,0.9604644279462154,0.9915001353905075,0.03103570744429207
chirp__target-184,chirp,6894369671430017204,train,120,183,184,0.9668513771375331,0.9831218531602076,0.016270476022674507
chirp__target-186,chirp,6894369671430017204,train,122,185,186,0.9435139708261954,0.9616180528417156,0.018104082015520273
chirp__target-188,chirp,6894369671430017204,train,124,187,188,0.9460958441752987,0.951919350039179,0.005823505863880363
chirp__target-190,chirp,6894369671430017204,train,126,189,190,0.9465783308568201,0.9451540901435768,-0.0014242407132433188
chirp__target-192,chirp,6894369671430017204,train,128,191,192,0.9337628291521971,0.9251744728122436,-0.008588356339953473
chirp__target-194,chirp,6894369671430017204,train,130,193,194,0.9030030961616189,0.9104142298569219,0.007411133695302996
chirp__target-196,chirp,6894369671430017204,train,132,195,196,0.9241335375757297,0.9129647285448117,-0.011168809030917992
chirp__target-198,chirp,6894369671430017204,train,134,197,198,0.8969836812673451,0.8828819392462155,-0.01410174202112957
chirp__target-200,chirp,6894369671430017204,train,136,199,200,0.8989430462577226,0.8764971560481786,-0.022445890209544017
chirp__target-202,chirp,6894369671430017204,train,138,201,202,0.8681441575198207,0.8577842003685976,-0.010359957151223065
chirp__target-204,chirp,6894369671430017204,train,140,203,204,0.851364143551481,0.8649547204406789,0.013590576889197847
chirp__target-206,chirp,6894369671430017204,train,142,205,206,0.8431864593799608,0.8281954296557764,-0.014991029724184424
chirp__target-208,chirp,6894369671430017204,train,144,207,208,0.8218133232805043,0.823003497835469,0.0011901745549647291
chirp__target-210,chirp,6894369671430017204,train,146,209,210,0.7994459449779389,0.7877015375910476,-0.011744407386891309
chirp__target-212,chirp,6894369671430017204,train,148,211,212,0.7819788793612252,0.788376909873804,0.006398030512578812
chirp__target-214,chirp,6894369671430017204,train,150,213,214,0.7715497492300727,0.7509043646031691,-0.020645384626903573
chirp__target-216,chirp,6894369671430017204,train,152,215,216,0.7542407322688935,0.7439203835443424,-0.01032034872455112
chirp__target-218,chirp,6894369671430017204,train,154,217,218,0.7243062761893878,0.7342265165464248,0.00992024035703698
chirp__target-220,chirp,6894369671430017204,train,156,219,220,0.6905205702466135,0.70012050316665,0.00959993292003647
chirp__target-222,chirp,6894369671430017204,train,158,221,222,0.6667895357524369,0.6935302067689215,0.026740671016484585
chirp__target-224,chirp,6894369671430017204,train,160,223,224,0.6501062411783622,0.6665424284680098,0.016436187289647575
chirp__target-226,chirp,6894369671430017204,train,162,225,226,0.6473670483733909,0.6208216284411481,-0.026545419932242798
chirp__target-228,chirp,6894369671430017204,train,164,227,228,0.6043306970700869,0.597938228302856,-0.006392468767230874
chirp__target-230,chirp,6894369671430017204,train,166,229,230,0.6010920020594623,0.5776322760272062,-0.0234597260322561
chirp__target-232,chirp,6894369671430017204,train,168,231,232,0.5789195593998083,0.5514613161845661,-0.027458243215242262
chirp__target-234,chirp,6894369671430017204,train,170,233,234,0.5618662553300022,0.5234739642003958,-0.038392291129606404
chirp__target-236,chirp,6894369671430017204,train,172,235,236,0.5211708019476828,0.5165791715867066,-0.004591630360976207
chirp__target-238,chirp,6894369671430017204,train,174,237,238,0.47958686973691655,0.4695057127815399,-0.010081156955376647
chirp__target-240,chirp,6894369671430017204,train,176,239,240,0.4588064331660266,0.45535941157026916,-0.003447021595757438
chirp__target-242,chirp,6894369671430017204,train,178,241,242,0.4288025149204558,0.3978577813649798,-0.030944733555476
chirp__target-244,chirp,6894369671430017204,train,180,243,244,0.3909628379634321,0.38589019872712477,-0.0050726392363073525
chirp__target-246,chirp,6894369671430017204,train,182,245,246,0.36730059755628647,0.3528512530789818,-0.01444934447730467
chirp__target-248,chirp,6894369671430017204,train,184,247,248,0.3305064350922098,0.3389442116646592,0.00843777657244943
chirp__target-250,chirp,6894369671430017204,train,186,249,250,0.2979111715020814,0.309984397394529,0.012073225892447581
chirp__target-252,chirp,6894369671430017204,train,188,251,252,0.2686943842604546,0.2449951241576754,-0.0236992601027792
chirp__target-254,chirp,6894369671430017204,train,190,253,254,0.23962473069671578,0.24133246692989294,0.0017077362331771595
chirp__target-256,chirp,6894369671430017204,train,192,255,256,0.20390731652128474,0.1774460638761854,-0.026461252645099353
chirp__target-258,chirp,6894369671430017204,train,194,257,258,0.15757902755721323,0.13349948028230066,-0.02407954727491257
chirp__target-260,chirp,6894369671430017204,train,196,259,260,0.15143930265500516,0.11146623585692862,-0.03997306679807654
chirp__target-262,chirp,6894369671430017204,train,198,261,262,0.10583369603033886,0.08753974221061055,-0.018293953819728315
chirp__target-264,chirp,6894369671430017204,train,200,263,264,0.0646038017227406,0.04565677090337856,-0.018947030819362047
chirp__target-266,chirp,6894369671430017204,train,202,265,266,0.05322623170137551,0.028600272078109973,-0.02462595962326554
chirp__target-268,chirp,6894369671430017204,train,204,267,268,0.00036357364546509745,-0.005926539317002594,-0.006290112962467691
chirp__target-270,chirp,6894369671430017204,train,206,269,270,-0.04520802451382412,-0.041201979204631235,0.004006045309192886
chirp__target-272,chirp,6894369671430017204,train,208,271,272,-0.06091888785250874,-0.08098746235251181,-0.020068574500003065
chirp__target-274,chirp,6894369671430017204,train,210,273,274,-0.11137589490042585,-0.1309712517052505,-0.01959535680482466
chirp__target-276,chirp,6894369671430017204,train,212,275,276,-0.1293403059554011,-0.1574442424214313,-0.028103936466030183
chirp__target-278,chirp,6894369671430017204,train,214,277,278,-0.18634979999086465,-0.19309465068862816,-0.00674485069776351
chirp__target-280,chirp,6894369671430017204,train,216,279,280,-0.2056238156666309,-0.22133896543851456,-0.015715149771883652
chirp__target-282,chirp,6894369671430017204,train,218,281,282,-0.23234149145422978,-0.25640691183729597,-0.024065420383066194
chirp__target-284,chirp,6894369671430017204,train,220,283,284,-0.2714089103364391,-0.2916661364799651,-0.020257226143525986
chirp__target-286,chirp,6894369671430017204,train,222,285,286,-0.3033064841693441,-0.31142837458295075,-0.00812189041360667
chirp__target-288,chirp,6894369671430017204,train,224,287,288,-0.3585515842095973,-0.3557139130909716,0.0028376711186257064
chirp__target-290,chirp,6894369671430017204,train,226,289,290,-0.3834600711415374,-0.4197046212213229,-0.0362445500797855
chirp__target-292,chirp,6894369671430017204,train,228,291,292,-0.39142948280727513,-0.4189200996667644,-0.02749061685948928
chirp__target-294,chirp,6894369671430017204,train,230,293,294,-0.4287971998894377,-0.46398697192973354,-0.03518977204029583
chirp__target-296,chirp,6894369671430017204,train,232,295,296,-0.4878488733095506,-0.48266108078023656,0.005187792529314061
chirp__target-298,chirp,6894369671430017204,train,234,297,298,-0.508233217747577,-0.5175284412705246,-0.009295223522947538
chirp__target-300,chirp,6894369671430017204,train,236,299,300,-0.5417807381870643,-0.5568019482961536,-0.0150212101090893
chirp__target-302,chirp,6894369671430017204,train,238,301,302,-0.5769814675559185,-0.5657478587683554,0.011233608787563076
chirp__target-304,chirp,6894369671430017204,train,240,303,304,-0.5920488059126985,-0.6206659536474092,-0.02861714773471069
chirp__target-306,chirp,6894369671430017204,train,242,305,306,-0.6287976160140334,-0.6421198463411362,-0.01332223032710278
chirp__target-308,chirp,6894369671430017204,train,244,307,308,-0.655305285395592,-0.6495560011510719,0.0057492842445200365
chirp__target-310,chirp,6894369671430017204,train,246,309,310,-0.6871456067869639,-0.6993407307346702,-0.012195123947706277
chirp__target-312,chirp,6894369671430017204,train,248,311,312,-0.6996125728270989,-0.7404558338766294,-0.04084326104953051
chirp__target-314,chirp,6894369671430017204,train,250,313,314,-0.738620328190909,-0.7537061291130643,-0.01508580092215539
chirp__target-316,chirp,6894369671430017204,train,252,315,316,-0.7696337088548775,-0.7782079554898513,-0.008574246634973859
chirp__target-318,chirp,6894369671430017204,train,254,317,318,-0.7963636986189961,-0.8132302445312725,-0.01686654591227632
chirp__target-320,chirp,6894369671430017204,train,256,319,320,-0.8218415425284323,-0.834114389004669,-0.01227284647623672
chirp__target-322,chirp,6894369671430017204,train,258,321,322,-0.8215957406090977,-0.8500278527042038,-0.0284321120951061
chirp__target-324,chirp,6894369671430017204,train,260,323,324,-0.8567983899060446,-0.8486909246739176,0.00810746523212702
chirp__target-326,chirp,6894369671430017204,train,262,325,326,-0.8770739030527922,-0.8898678067285131,-0.012793903675720864
chirp__target-328,chirp,6894369671430017204,train,264,327,328,-0.8908482158215838,-0.9104120632700851,-0.01956384744850126
chirp__target-330,chirp,6894369671430017204,train,266,329,330,-0.9392481010908461,-0.9315732020939699,0.007674898996876234
chirp__target-332,chirp,6894369671430017204,train,268,331,332,-0.9404708525215231,-0.9386723206425015,0.0017985318790215699
chirp__target-334,chirp,6894369671430017204,train,270,333,334,-0.9594855467416148,-0.9470835156075004,0.012402031134114422
chirp__target-336,chirp,6894369671430017204,train,272,335,336,-0.9443892428868246,-0.9504576665927825,-0.006068423705957948
chirp__target-338,chirp,6894369671430017204,train,274,337,338,-0.9639815513906009,-0.9671754829534042,-0.0031939315628032316
chirp__target-340,chirp,6894369671430017204,train,276,339,340,-0.9571273791533678,-0.9775293181055278,-0.020401938952160026
chirp__target-342,chirp,6894369671430017204,train,278,341,342,-0.9877346001526427,-0.9922583605378256,-0.004523760385182873
chirp__target-344,chirp,6894369671430017204,train,280,343,344,-0.9766654493351993,-0.9861581345076164,-0.009492685172417081
chirp__target-346,chirp,6894369671430017204,train,282,345,346,-0.986269321952709,-0.9985224924267662,-0.012253170474057162
chirp__target-348,chirp,6894369671430017204,train,284,347,348,-0.9968978805620378,-1.0116184849892054,-0.014720604427167605
chirp__target-350,chirp,6894369671430017204,train,286,349,350,-0.9828178739330313,-1.0101257425757604,-0.02730786864272905
chirp__target-352,chirp,6894369671430017204,train,288,351,352,-1.0020292684393737,-1.007762281200822,-0.005733012761448331
chirp__target-354,chirp,6894369671430017204,train,290,353,354,-0.9676344729021507,-0.9945228296763903,-0.02688835677423962
chirp__target-356,chirp,6894369671430017204,train,292,355,356,-0.9879446971380021,-0.9863158088473358,0.0016288882906663193
chirp__target-358,chirp,6894369671430017204,train,294,357,358,-0.9871752030689365,-0.982504889077061,0.004670313991875452
chirp__target-360,chirp,6894369671430017204,train,296,359,360,-0.9820699045328137,-0.9818079021380008,0.000262002394812888
chirp__target-362,chirp,6894369671430017204,train,298,361,362,-0.97797042784668,-0.9695074678317799,0.0084629600149001
chirp__target-364,chirp,6894369671430017204,train,300,363,364,-0.9815032525489665,-0.9474904935457429,0.03401275900322365
chirp__target-366,chirp,6894369671430017204,train,302,365,366,-0.9381827600184482,-0.9472015959389167,-0.009018835920468482
chirp__target-368,chirp,6894369671430017204,train,304,367,368,-0.9386867033672855,-0.9264460608357421,0.012240642531543444
chirp__target-370,chirp,6894369671430017204,train,306,369,370,-0.9109757274920313,-0.9047884295330478,0.006187297958983429
chirp__target-372,chirp,6894369671430017204,train,308,371,372,-0.8937250537426205,-0.8895697628604688,0.004155290882151608
chirp__target-374,chirp,6894369671430017204,train,310,373,374,-0.8772283402397584,-0.8732178507546556,0.004010489485102742
chirp__target-376,chirp,6894369671430017204,train,312,375,376,-0.8441411090810362,-0.8210721691870023,0.023068939894033913
chirp__target-378,chirp,6894369671430017204,train,314,377,378,-0.8389821821447614,-0.8242271407018743,0.014755041442887085
chirp__target-380,chirp,6894369671430017204,train,316,379,380,-0.8103953716420892,-0.7900649481703733,0.020330423471715875
chirp__target-382,chirp,6894369671430017204,train,318,381,382,-0.7785392191259916,-0.7612227347523778,0.017316484373613772
chirp__target-384,chirp,6894369671430017204,train,320,383,384,-0.7480885672819821,-0.7484874411396175,-0.0003988738576353734
chirp__target-386,chirp,6894369671430017204,train,322,385,386,-0.7220351593939913,-0.7028676537923689,0.019167505601622392
chirp__target-388,chirp,6894369671430017204,train,324,387,388,-0.6813570066604085,-0.6849032065367557,-0.003546199876347189
chirp__target-390,chirp,6894369671430017204,train,326,389,390,-0.6514793216690346,-0.6445281275270669,0.006951194141967654
chirp__target-392,chirp,6894369671430017204,train,328,391,392,-0.615660078114538,-0.5887851697422217,0.02687490837231632
chirp__target-394,chirp,6894369671430017204,train,330,393,394,-0.5913479923705475,-0.5492726303620021,0.042075362008545336
chirp__target-396,chirp,6894369671430017204,train,332,395,396,-0.5409535199692291,-0.5316970399280252,0.00925648004120394
chirp__target-398,chirp,6894369671430017204,train,334,397,398,-0.509223473032556,-0.48050940396396197,0.028714069068594028
chirp__target-400,chirp,6894369671430017204,train,336,399,400,-0.4665995139680989,-0.4468766568279061,0.019722857140192784
chirp__target-402,chirp,6894369671430017204,train,338,401,402,-0.4310394777892537,-0.3860028920365901,0.045036585752663616
chirp__target-404,chirp,6894369671430017204,train,340,403,404,-0.38732621127057043,-0.3816131836859922,0.005713027584578256
chirp__target-406,chirp,6894369671430017204,train,342,405,406,-0.3366419599289623,-0.33428533699644564,0.00235662293251665
chirp__target-408,chirp,6894369671430017204,train,344,407,408,-0.2964856012487586,-0.2678034821294802,0.028682119119278426
chirp__target-410,chirp,6894369671430017204,train,346,409,410,-0.2675615504871369,-0.232795018617207,0.03476653186992992
chirp__target-412,chirp,6894369671430017204,train,348,411,412,-0.1865591955821881,-0.185489227974479,0.0010699676077090825
chirp__target-414,chirp,6894369671430017204,train,350,413,414,-0.1816482910171695,-0.1176452716269828,0.06400301939018671
chirp__target-416,chirp,6894369671430017204,train,352,415,416,-0.1149267824075196,-0.07475217385483358,0.04017460855268602
chirp__target-418,chirp,6894369671430017204,train,354,417,418,-0.07148149358492967,-0.05541400305964243,0.016067490525287234
chirp__target-420,chirp,6894369671430017204,train,356,419,420,-0.017982812185366532,0.004878553092077407,0.022861365277443937
chirp__target-422,chirp,6894369671430017204,train,358,421,422,0.031784601401411164,0.04974865047740901,0.017964049075997843
chirp__target-424,chirp,6894369671430017204,train,360,423,424,0.07289772668617653,0.09692766983042302,0.024029943144246488
chirp__target-426,chirp,6894369671430017204,train,362,425,426,0.1187296211918716,0.14231248110488826,0.02358285991301666
chirp__target-428,chirp,6894369671430017204,train,364,427,428,0.17630763428204269,0.19350780504471413,0.01720017076267144
chirp__target-430,chirp,6894369671430017204,train,366,429,430,0.2215936792647129,0.24556974871733087,0.02397606945261796
chirp__target-432,chirp,6894369671430017204,train,368,431,432,0.2711626069896275,0.287204795262154,0.01604218827252646
chirp__target-434,chirp,6894369671430017204,train,370,433,434,0.3154204002532757,0.3473962939177357,0.031975893664459965
chirp__target-436,chirp,6894369671430017204,train,372,435,436,0.3605061706218949,0.38313292370287355,0.022626753080978668
chirp__target-438,chirp,6894369671430017204,train,374,437,438,0.40960365622094097,0.40677622474265274,-0.0028274314782882337
chirp__target-440,chirp,6894369671430017204,train,376,439,440,0.46207457505401545,0.4637641289851315,0.001689553931116028
chirp__target-442,chirp,6894369671430017204,train,378,441,442,0.4784524364672118,0.5062536263719923,0.027801189904780532
chirp__target-444,chirp,6894369671430017204,train,380,443,444,0.5343890893435749,0.535678709114492,0.0012896197709171275
chirp__target-446,chirp,6894369671430017204,train,382,445,446,0.5649700079319078,0.5836057886752485,0.018635780743340713
chirp__target-448,chirp,6894369671430017204,train,384,447,448,0.6291942896924201,0.6343949139168046,0.005200624224384498
chirp__target-450,chirp,6894369671430017204,train,386,449,450,0.6588893445904217,0.6591443818141854,0.00025503722376374327
chirp__target-452,chirp,6894369671430017204,train,388,451,452,0.6948939416743779,0.7066065986220963,0.011712656947718392
chirp__target-454,chirp,6894369671430017204,train,390,453,454,0.7147870895983066,0.7386306310407398,0.02384354144243317
chirp__target-456,chirp,6894369671430017204,train,392,455,456,0.7730893690724878,0.7762649875483046,0.0031756184758168216
chirp__target-458,chirp,6894369671430017204,train,394,457,458,0.8032007628655724,0.7957035710790504,-0.007497191786521973
chirp__target-460,chirp,6894369671430017204,train,396,459,460,0.824615312796958,0.8478605410139094,0.023245228216951408
chirp__target-462,chirp,6894369671430017204,train,398,461,462,0.8530493687071616,0.8569254802637701,0.003876111556608497
chirp__target-464,chirp,6894369671430017204,train,400,463,464,0.8819641037812131,0.8763696222882498,-0.005594481492963377
chirp__target-466,chirp,6894369671430017204,train,402,465,466,0.9085702465560523,0.9034381634877681,-0.005132083068284277
chirp__target-468,chirp,6894369671430017204,train,404,467,468,0.9409483777087254,0.9314971857285717,-0.009451191980153761
chirp__target-470,chirp,6894369671430017204,train,406,469,470,0.9352848946452763,0.9406595964029697,0.00537470175769339
chirp__target-472,chirp,6894369671430017204,train,408,471,472,0.9589559297974914,0.9455315749541169,-0.013424354843374564
chirp__target-474,chirp,6894369671430017204,train,410,473,474,0.9754732045151153,0.9680828638944005,-0.007390340620714864
chirp__target-476,chirp,6894369671430017204,train,412,475,476,0.9868149717402126,0.9747402093001785,-0.012074762440034137
chirp__target-478,chirp,6894369671430017204,train,414,477,478,1.0132860316709291,0.9908822000991993,-0.02240383157172987
chirp__target-480,chirp,6894369671430017204,train,416,479,480,1.0224964654578164,1.0131140339891809,-0.009382431468635488
chirp__target-482,chirp,6894369671430017204,train,418,481,482,0.9929496578479443,0.97705298078792,-0.01589667706002429
chirp__target-484,chirp,6894369671430017204,train,420,483,484,0.9972464186377058,1.0057563149234554,0.008509896285749607
chirp__target-486,chirp,6894369671430017204,train,422,485,486,0.9947771331649863,0.9894677458052926,-0.0053093873596936625
chirp__target-488,chirp,6894369671430017204,train,424,487,488,0.978205842356652,0.9805140938681453,0.0023082515114932756
chirp__target-490,chirp,6894369671430017204,train,426,489,490,0.9846432109235591,0.9826421393235866,-0.002001071599972537
chirp__target-492,chirp,6894369671430017204,train,428,491,492,0.9758494730017385,0.9557234558475488,-0.020126017154189713
chirp__target-494,chirp,6894369671430017204,train,430,493,494,0.9564552543481566,0.9400640367829971,-0.016391217565159488
chirp__target-496,chirp,6894369671430017204,train,432,495,496,0.9480308390362164,0.9368548318410138,-0.01117600719520262
chirp__target-498,chirp,6894369671430017204,train,434,497,498,0.9318652926094227,0.9073631618941673,-0.02450213071525542
chirp__target-500,chirp,6894369671430017204,train,436,499,500,0.9041053114952309,0.8888160481940823,-0.015289263301148548
chirp__target-502,chirp,6894369671430017204,train,438,501,502,0.8738313648571452,0.8715432801050615,-0.002288084752083641
chirp__target-504,chirp,6894369671430017204,train,440,503,504,0.8390119605748464,0.8378963124118493,-0.0011156481629971404
chirp__target-506,chirp,6894369671430017204,train,442,505,506,0.8051877544114455,0.8028687106175434,-0.0023190437939021313
chirp__target-508,chirp,6894369671430017204,train,444,507,508,0.7816662610369761,0.7635069916078657,-0.018159269429110392
chirp__target-510,chirp,6894369671430017204,train,446,509,510,0.7636674611021628,0.7580236130044493,-0.005643848097713455
chirp__target-512,chirp,6894369671430017204,train,448,511,512,0.7019450118646194,0.6845185186340741,-0.017426493230545348
chirp__target-514,chirp,6894369671430017204,train,450,513,514,0.6904637563976818,0.6462304677560637,-0.04423328864161802
chirp__target-516,chirp,6894369671430017204,train,452,515,516,0.6322521226465019,0.6146362347042343,-0.01761588794226754
chirp__target-518,chirp,6894369671430017204,train,454,517,518,0.6054367669249322,0.5763391208554746,-0.02909764606945764
chirp__target-520,chirp,6894369671430017204,train,456,519,520,0.5346619293319248,0.5305213463817204,-0.004140582950204363
chirp__target-522,chirp,6894369671430017204,train,458,521,522,0.5003967970517232,0.49461626128603425,-0.005780535765688988
chirp__target-524,chirp,6894369671430017204,train,460,523,524,0.44132915660423094,0.4208343412149462,-0.02049481538928477
chirp__target-526,chirp,6894369671430017204,train,462,525,526,0.4116881888080632,0.353154500685093,-0.05853368812297016
chirp__target-528,chirp,6894369671430017204,train,464,527,528,0.3378072853380491,0.29514062975107724,-0.04266665558697186
chirp__target-530,chirp,6894369671430017204,train,466,529,530,0.2820116330911259,0.2491339212136619,-0.03287771187746402
chirp__target-532,chirp,6894369671430017204,train,468,531,532,0.22884395215698933,0.21452619679811,-0.01431775535887933
chirp__target-534,chirp,6894369671430017204,train,470,533,534,0.179336172868712,0.16598643628645007,-0.013349736582261934
chirp__target-536,chirp,6894369671430017204,train,472,535,536,0.13642892570896753,0.0791290957415877,-0.057299829967379826
chirp__target-538,chirp,6894369671430017204,train,474,537,538,0.059381030148446826,0.0383631815877651,-0.02101784856068173
chirp__target-540,chirp,6894369671430017204,train,476,539,540,0.003269092957040587,-0.025089779879578653,-0.02835887283661924
chirp__target-542,chirp,6894369671430017204,train,478,541,542,-0.05199391781733423,-0.07605270264211257,-0.024058784824778343
chirp__target-544,chirp,6894369671430017204,train,480,543,544,-0.11757689720949895,-0.13562555130956389,-0.01804865410006494
chirp__target-546,chirp,6894369671430017204,train,482,545,546,-0.18115089566423415,-0.20227133011271883,-0.021120434448484687
chirp__target-548,chirp,6894369671430017204,train,484,547,548,-0.2287465575536168,-0.2461259468735412,-0.017379389319924388
chirp__target-550,chirp,6894369671430017204,train,486,549,550,-0.2759408945373276,-0.2880645679087864,-0.012123673371458754
chirp__target-552,chirp,6894369671430017204,train,488,551,552,-0.34825043217083274,-0.3545315340120495,-0.006281101841216774
chirp__target-554,chirp,6894369671430017204,train,490,553,554,-0.39148506504469327,-0.420926228148528,-0.02944116310383471
chirp__target-556,chirp,6894369671430017204,train,492,555,556,-0.4513392762153086,-0.46533594947813756,-0.01399667326282894
chirp__target-558,chirp,6894369671430017204,train,494,557,558,-0.4940775524281504,-0.5199730868832659,-0.025895534455115554
chirp__target-560,chirp,6894369671430017204,train,496,559,560,-0.5230261085467585,-0.5640191566045751,-0.04099304805781667
chirp__target-562,chirp,6894369671430017204,train,498,561,562,-0.6047441380431506,-0.6047113410822728,3.279696087787887e-05
chirp__target-564,chirp,6894369671430017204,train,500,563,564,-0.6328230001641788,-0.6427289278162356,-0.009905927652056778
chirp__target-566,chirp,6894369671430017204,train,502,565,566,-0.6940368668340354,-0.6994003804019185,-0.005363513567883116
chirp__target-568,chirp,6894369671430017204,train,504,567,568,-0.7415088955093674,-0.7517839019608469,-0.010275006451479496
chirp__target-570,chirp,6894369671430017204,train,506,569,570,-0.7674163912980793,-0.8060285885944775,-0.0386121972963982
chirp__target-572,chirp,6894369671430017204,train,508,571,572,-0.7987832102165319,-0.8165715497185341,-0.017788339502002204
chirp__target-574,chirp,6894369671430017204,train,510,573,574,-0.8393045949943101,-0.8599325999444507,-0.02062800495014061
chirp__target-576,chirp,6894369671430017204,train,512,575,576,-0.8639299281717342,-0.8715577551578954,-0.007627826986161157
chirp__target-578,chirp,6894369671430017204,train,514,577,578,-0.8980988174748941,-0.9066721926627587,-0.008573375187864607
chirp__target-580,chirp,6894369671430017204,train,516,579,580,-0.9301884595753416,-0.9305504928586094,-0.00036203328326778195
chirp__target-582,chirp,6894369671430017204,train,518,581,582,-0.9493846252519499,-0.943141866009264,0.0062427592426859135
chirp__target-584,chirp,6894369671430017204,train,520,583,584,-0.9688726295290447,-0.9689993934510873,-0.00012676392204258313
chirp__target-586,chirp,6894369671430017204,train,522,585,586,-0.9980000235326936,-0.9849917666056683,0.01300825692702523
chirp__target-588,chirp,6894369671430017204,train,524,587,588,-0.9809074603617363,-0.991897952767289,-0.010990492405552721
chirp__target-590,chirp,6894369671430017204,train,526,589,590,-0.9889863315861552,-1.0056236447008924,-0.01663731311473715
chirp__target-592,chirp,6894369671430017204,train,528,591,592,-1.0033299317960003,-1.0031422200037623,0.00018771179223797674
chirp__target-594,chirp,6894369671430017204,train,530,593,594,-0.9939641931284536,-1.005700547435723,-0.011736354307269381
chirp__target-596,chirp,6894369671430017204,train,532,595,596,-1.0115279049645214,-0.9927400356096928,0.018787869354828568
chirp__target-598,chirp,6894369671430017204,train,534,597,598,-0.9963405686239893,-0.9765139075595964,0.019826661064392903
chirp__target-600,chirp,6894369671430017204,train,536,599,600,-0.9758777884242121,-0.974983031961272,0.0008947564629401272
chirp__target-602,chirp,6894369671430017204,train,538,601,602,-0.9419464449361625,-0.9482141953800928,-0.006267750443930242
chirp__target-604,chirp,6894369671430017204,train,540,603,604,-0.9453757610145385,-0.9217664249130597,0.02360933610147875
chirp__target-606,chirp,6894369671430017204,train,542,605,606,-0.9166608086705949,-0.9055405068004678,0.011120301870127025
chirp__target-608,chirp,6894369671430017204,train,544,607,608,-0.8948713512200842,-0.8731496213107823,0.02172172990930188
chirp__target-610,chirp,6894369671430017204,train,546,609,610,-0.8502010863690485,-0.8471260630037296,0.003075023365318841
chirp__target-612,chirp,6894369671430017204,train,548,611,612,-0.8117127760188023,-0.8033102833640392,0.008402492654763116
chirp__target-614,chirp,6894369671430017204,validation,550,613,614,-0.791437709734983,-0.7771768888228121,0.014260820912170846
chirp__target-616,chirp,6894369671430017204,validation,552,615,616,-0.7417022827956876,-0.7194181467147944,0.02228413608089319
chirp__target-618,chirp,6894369671430017204,validation,554,617,618,-0.7044544998853226,-0.685309108974809,0.019145390910513593
chirp__target-620,chirp,6894369671430017204,validation,556,619,620,-0.6597637984829956,-0.6368232386328796,0.022940559850116005
chirp__target-622,chirp,6894369671430017204,validation,558,621,622,-0.6020937744342082,-0.5861157934948226,0.015977980939385628
chirp__target-624,chirp,6894369671430017204,validation,560,623,624,-0.5546924945018783,-0.5216597671255097,0.03303272737636864
chirp__target-626,chirp,6894369671430017204,validation,562,625,626,-0.48497226141148136,-0.4630508611344248,0.02192140027705658
chirp__target-628,chirp,6894369671430017204,validation,564,627,628,-0.4398536098021011,-0.406730923307079,0.03312268649502209
chirp__target-630,chirp,6894369671430017204,validation,566,629,630,-0.384170750725768,-0.34036693539416735,0.04380381533160066
chirp__target-632,chirp,6894369671430017204,validation,568,631,632,-0.31318984686555656,-0.28193984252343873,0.03125000434211783
chirp__target-634,chirp,6894369671430017204,validation,570,633,634,-0.24962142203291465,-0.21476889348975642,0.034852528543158234
chirp__target-636,chirp,6894369671430017204,validation,572,635,636,-0.21146898935488315,-0.16676122414787675,0.044707765207006395
chirp__target-638,chirp,6894369671430017204,validation,574,637,638,-0.14745831813019283,-0.09268368042176894,0.05477463770842389
chirp__target-640,chirp,6894369671430017204,validation,576,639,640,-0.06692163169781003,-0.01191160459675937,0.05501002710105066
chirp__target-642,chirp,6894369671430017204,validation,578,641,642,0.01758356031495089,0.03547925325301712,0.017895692938066234
chirp__target-644,chirp,6894369671430017204,validation,580,643,644,0.07074104710357422,0.09501229684687501,0.02427124974330079
chirp__target-646,chirp,6894369671430017204,validation,582,645,646,0.1344422477209495,0.18214356668959103,0.04770131896864152
chirp__target-648,chirp,6894369671430017204,validation,584,647,648,0.20191883971080266,0.24002833636518023,0.03810949665437757
chirp__target-650,chirp,6894369671430017204,validation,586,649,650,0.2571793414003561,0.30347029053716407,0.04629094913680798
chirp__target-652,chirp,6894369671430017204,validation,588,651,652,0.32527804183780534,0.3652608779132902,0.03998283607548486
chirp__target-654,chirp,6894369671430017204,validation,590,653,654,0.38696909029659643,0.4262868137564701,0.039317723459873666
chirp__target-656,chirp,6894369671430017204,validation,592,655,656,0.45101269719506937,0.4790510972419153,0.028038400046845935
chirp__target-658,chirp,6894369671430017204,validation,594,657,658,0.5228595490103086,0.5408595110656431,0.017999962055334495
chirp__target-660,chirp,6894369671430017204,validation,596,659,660,0.5742585103282143,0.5818563473036088,0.007597836975394512
chirp__target-662,chirp,6894369671430017204,validation,598,661,662,0.6075854189187676,0.6482602356735946,0.04067481675482698
chirp__target-664,chirp,6894369671430017204,validation,600,663,664,0.6850134327325209,0.7025456348078332,0.017532202075312253
chirp__target-666,chirp,6894369671430017204,validation,602,665,666,0.7016167480065455,0.7614910858014151,0.059874337794869614
chirp__target-668,chirp,6894369671430017204,validation,604,667,668,0.7748559562571602,0.7883960450564441,0.013540088799283923
chirp__target-670,chirp,6894369671430017204,validation,606,669,670,0.8035180542534873,0.8234406895139816,0.019922635260494315
chirp__target-672,chirp,6894369671430017204,validation,608,671,672,0.8566608648115096,0.8745057442061582,0.017844879394648627
chirp__target-674,chirp,6894369671430017204,validation,610,673,674,0.8638097359637292,0.8886383130896159,0.02482857712588671
chirp__target-676,chirp,6894369671430017204,validation,612,675,676,0.9172099375842169,0.9272609074460164,0.010050969861799541
chirp__target-678,chirp,6894369671430017204,validation,614,677,678,0.9218865783327578,0.92739599847979,0.005509420147032262
chirp__target-680,chirp,6894369671430017204,validation,616,679,680,0.9579956597497055,0.9689601221987593,0.010964462449053802
chirp__target-682,chirp,6894369671430017204,validation,618,681,682,0.9685762186473669,0.9925437863770931,0.02396756772972619
chirp__target-684,chirp,6894369671430017204,validation,620,683,684,1.0003662047738413,0.9968625344537445,-0.0035036703200967967
chirp__target-686,chirp,6894369671430017204,validation,622,685,686,1.0000695840510303,1.0037584724082982,0.0036888883572678832
chirp__target-688,chirp,6894369671430017204,validation,624,687,688,1.0050917057469944,1.0022621912579444,-0.00282951448905
chirp__target-690,chirp,6894369671430017204,validation,626,689,690,1.0108637749824585,0.987711405528743,-0.02315236945371546
chirp__target-692,chirp,6894369671430017204,validation,628,691,692,0.9971925912261943,1.0001084260894373,0.002915834863242983
chirp__target-694,chirp,6894369671430017204,validation,630,693,694,0.9902341263198486,0.9644911043046441,-0.02574302201520451
chirp__target-696,chirp,6894369671430017204,validation,632,695,696,0.9637427019637494,0.9420688130144343,-0.0216738889493151
chirp__target-698,chirp,6894369671430017204,validation,634,697,698,0.936447677680299,0.9237129228809945,-0.012734754799304526
chirp__target-700,chirp,6894369671430017204,validation,636,699,700,0.915598318610297,0.8808223660677948,-0.0347759525425021
chirp__target-702,chirp,6894369671430017204,validation,638,701,702,0.8790311693394254,0.8389548247330884,-0.04007634460633702
chirp__target-704,chirp,6894369671430017204,validation,640,703,704,0.8449473958005175,0.8277874214877147,-0.017159974312802806
chirp__target-706,chirp,6894369671430017204,validation,642,705,706,0.8011890680081177,0.7877821707586586,-0.013406897249459093
chirp__target-708,chirp,6894369671430017204,validation,644,707,708,0.7682707163732774,0.7451822734571907,-0.023088442916086693
chirp__target-710,chirp,6894369671430017204,validation,646,709,710,0.7085337134495547,0.7017933466490809,-0.0067403668004738515
chirp__target-712,chirp,6894369671430017204,validation,648,711,712,0.6551792769851984,0.6326830429530829,-0.022496234032115536
chirp__target-714,chirp,6894369671430017204,validation,650,713,714,0.6157455268460459,0.5582042618907805,-0.05754126495526535
chirp__target-716,chirp,6894369671430017204,validation,652,715,716,0.536841611965396,0.49049353623591324,-0.046348075729482796
chirp__target-718,chirp,6894369671430017204,validation,654,717,718,0.4804558056852484,0.44676414895372923,-0.03369165673151919
chirp__target-720,chirp,6894369671430017204,validation,656,719,720,0.4240136692712449,0.39165197504376686,-0.03236169422747803
chirp__target-722,chirp,6894369671430017204,validation,658,721,722,0.365154627013426,0.3233859452427892,-0.041768681770636806
chirp__target-724,chirp,6894369671430017204,validation,660,723,724,0.28841226272793585,0.2293908298268428,-0.059021432901093046
chirp__target-726,chirp,6894369671430017204,validation,662,725,726,0.20735484658338388,0.18793008842922726,-0.01942475815415662
chirp__target-728,chirp,6894369671430017204,validation,664,727,728,0.1466493640593921,0.1128932681539662,-0.0337560959054259
chirp__target-730,chirp,6894369671430017204,validation,666,729,730,0.07551240678298005,0.012675710831056796,-0.06283669595192325
chirp__target-732,chirp,6894369671430017204,validation,668,731,732,0.007529394761982555,-0.06631140713409941,-0.07384080189608197
chirp__target-734,chirp,6894369671430017204,validation,670,733,734,-0.08887009200553787,-0.12931899936304175,-0.04044890735750388
chirp__target-736,chirp,6894369671430017204,validation,672,735,736,-0.162001468939312,-0.1834205683737783,-0.021419099434466293
chirp__target-738,chirp,6894369671430017204,validation,674,737,738,-0.23532006852714163,-0.2679262231222948,-0.032606154595153175
chirp__target-740,chirp,6894369671430017204,validation,676,739,740,-0.30833032532890203,-0.32640195591677734,-0.01807163058787531
chirp__target-742,chirp,6894369671430017204,validation,678,741,742,-0.3830310218063568,-0.38734554814411204,-0.004314526337755253
chirp__target-744,chirp,6894369671430017204,validation,680,743,744,-0.44402727593105884,-0.4856437386411195,-0.04161646271006064
chirp__target-746,chirp,6894369671430017204,validation,682,745,746,-0.4999328118524103,-0.532436634348498,-0.032503822496087686
chirp__target-748,chirp,6894369671430017204,validation,684,747,748,-0.5635529109494979,-0.6157966946743156,-0.05224378372481775
chirp__target-750,chirp,6894369671430017204,validation,686,749,750,-0.6382944359706161,-0.6424292600378323,-0.004134824067216214
chirp__target-752,chirp,6894369671430017204,validation,688,751,752,-0.6753310303236976,-0.7039390448797405,-0.028608014556042893
chirp__target-754,chirp,6894369671430017204,validation,690,753,754,-0.7349971116450765,-0.7715987655980694,-0.03660165395299286
chirp__target-756,chirp,6894369671430017204,validation,692,755,756,-0.7744362969940524,-0.8083122358892232,-0.03387593889517082
chirp__target-758,chirp,6894369671430017204,validation,694,757,758,-0.8200871399891078,-0.8683734617958381,-0.048286321806730315
chirp__target-760,chirp,6894369671430017204,validation,696,759,760,-0.8839483888617977,-0.9035031307938022,-0.01955474193200446
chirp__target-762,chirp,6894369671430017204,validation,698,761,762,-0.926629428738378,-0.9035525657765948,0.02307686296178313
chirp__target-764,chirp,6894369671430017204,validation,700,763,764,-0.9337529561075426,-0.9415747662061033,-0.007821810098560644
chirp__target-766,chirp,6894369671430017204,validation,702,765,766,-0.9592946564323354,-0.9824786605331444,-0.023184004100809008
chirp__target-768,chirp,6894369671430017204,validation,704,767,768,-0.9811476646147812,-0.9891586204678984,-0.008010955853117174
chirp__target-770,chirp,6894369671430017204,validation,706,769,770,-0.9722788692080819,-0.9943579161999632,-0.022079046991881235
chirp__target-772,chirp,6894369671430017204,validation,708,771,772,-0.9921393090260439,-1.0154634844511756,-0.023324175425131766
chirp__target-774,chirp,6894369671430017204,validation,710,773,774,-1.0020797326457098,-0.9876126304916385,0.01446710215407132
chirp__target-776,chirp,6894369671430017204,validation,712,775,776,-0.9878275647165137,-0.991217807879636,-0.0033902431631223084
chirp__target-778,chirp,6894369671430017204,validation,714,777,778,-0.9839180474467717,-0.9733576494469949,0.010560397999776816
chirp__target-780,chirp,6894369671430017204,validation,716,779,780,-0.9626160748010122,-0.9482629181590053,0.01435315664200687
chirp__target-782,chirp,6894369671430017204,validation,718,781,782,-0.9468294602584431,-0.932065482834602,0.014763977423841057
chirp__target-784,chirp,6894369671430017204,validation,720,783,784,-0.9163382764412705,-0.9064740426387151,0.009864233802555411
chirp__target-786,chirp,6894369671430017204,validation,722,785,786,-0.9019700295332087,-0.8602897608054809,0.04168026872772779
chirp__target-788,chirp,6894369671430017204,validation,724,787,788,-0.8281946710249493,-0.8068399150966304,0.021354755928318814
chirp__target-790,chirp,6894369671430017204,validation,726,789,790,-0.8128876371799029,-0.7720902088212436,0.04079742835865929
chirp__target-792,chirp,6894369671430017204,validation,728,791,792,-0.7459786782265786,-0.7261453422921409,0.0198333359344377
chirp__target-794,chirp,6894369671430017204,validation,730,793,794,-0.6853675305259406,-0.6474982149616957,0.03786931556424489
chirp__target-796,chirp,6894369671430017204,validation,732,795,796,-0.6272898737477937,-0.6088191297149165,0.018470744032877184
chirp__target-798,chirp,6894369671430017204,validation,734,797,798,-0.5631148012895782,-0.5283408372671786,0.03477396402239963
chirp__target-800,chirp,6894369671430017204,validation,736,799,800,-0.4986433195117539,-0.47179590965664114,0.026847409855112747
chirp__target-802,chirp,6894369671430017204,validation,738,801,802,-0.4185359223105448,-0.41662153792802076,0.0019143843825240592
chirp__target-804,chirp,6894369671430017204,validation,740,803,804,-0.35867604198538355,-0.32599418210402187,0.032681859881361686
chirp__target-806,chirp,6894369671430017204,validation,742,805,806,-0.26918567474725,-0.2345005786855811,0.03468509606166892
chirp__target-808,chirp,6894369671430017204,validation,744,807,808,-0.2058497863984496,-0.15735171547307092,0.048498070925378695
chirp__target-810,chirp,6894369671430017204,validation,746,809,810,-0.13164216832697834,-0.08138329461996253,0.0502588737070158
chirp__target-812,chirp,6894369671430017204,validation,748,811,812,-0.04001212583706485,-0.01829503258104265,0.0217170932560222
chirp__target-814,chirp,6894369671430017204,validation,750,813,814,0.0362081744922706,0.08475589901786022,0.04854772452558962
chirp__target-816,chirp,6894369671430017204,validation,752,815,816,0.109764330826944,0.15099089225428233,0.041226561427338326
chirp__target-818,chirp,6894369671430017204,validation,754,817,818,0.18765884994581994,0.23892125762371816,0.05126240767789822
chirp__target-820,chirp,6894369671430017204,test,756,819,820,0.2695068246185016,0.31619266131253326,0.046685836694031646
chirp__target-822,chirp,6894369671430017204,test,758,821,822,0.3423484283513589,0.39067968960614347,0.04833126125478454
chirp__target-824,chirp,6894369671430017204,test,760,823,824,0.40031897115102627,0.4536455235693337,0.053326552418307416
chirp__target-826,chirp,6894369671430017204,test,762,825,826,0.4930519815544045,0.5410929139649775,0.048040932410573
chirp__target-828,chirp,6894369671430017204,test,764,827,828,0.5573397952700865,0.5961011269482075,0.038761331678121014
chirp__target-830,chirp,6894369671430017204,test,766,829,830,0.6278895578682374,0.6522837534989192,0.024394195630681792
chirp__target-832,chirp,6894369671430017204,test,768,831,832,0.6859132704950835,0.7201060217907478,0.03419275129566424
chirp__target-834,chirp,6894369671430017204,test,770,833,834,0.7497346863915716,0.7700480222491688,0.020313335857597203
chirp__target-836,chirp,6894369671430017204,test,772,835,836,0.8027923502594633,0.8194222862829296,0.016629936023466296
chirp__target-838,chirp,6894369671430017204,test,774,837,838,0.8529000273890315,0.8633733838123961,0.010473356423364666
chirp__target-840,chirp,6894369671430017204,test,776,839,840,0.897123109166987,0.9082832979162005,0.01116018874921354
chirp__target-842,chirp,6894369671430017204,test,778,841,842,0.9274245865570363,0.9353386984814258,0.00791411192438951
chirp__target-844,chirp,6894369671430017204,test,780,843,844,0.9426351619073874,0.9626789753847825,0.020043813477395145
chirp__target-846,chirp,6894369671430017204,test,782,845,846,0.968561999916284,0.9923959971587175,0.023833997242433513
chirp__target-848,chirp,6894369671430017204,test,784,847,848,0.9826400076415684,0.9914362950765427,0.008796287434974293
chirp__target-850,chirp,6894369671430017204,test,786,849,850,1.0064675458690127,0.9993650824026227,-0.0071024634663899855
chirp__target-852,chirp,6894369671430017204,test,788,851,852,0.9956549688183138,0.9949377642651894,-0.0007172045531244065
chirp__target-854,chirp,6894369671430017204,test,790,853,854,0.9928381821703667,0.992549045702408,-0.00028913646795869496
chirp__target-856,chirp,6894369671430017204,test,792,855,856,0.9909046899781866,0.966325747158221,-0.024578942819965643
chirp__target-858,chirp,6894369671430017204,test,794,857,858,0.9482085810291435,0.9418830052399845,-0.006325575789159044
chirp__target-860,chirp,6894369671430017204,test,796,859,860,0.9415951145088289,0.9211080542391319,-0.020487060269697044
chirp__target-862,chirp,6894369671430017204,test,798,861,862,0.9001253731967171,0.886428346054783,-0.013697027141934104
chirp__target-864,chirp,6894369671430017204,test,800,863,864,0.85897551007438,0.8419361657961841,-0.017039344278195867
chirp__target-866,chirp,6894369671430017204,test,802,865,866,0.8068497147466269,0.8051278556527183,-0.0017218590939086509
chirp__target-868,chirp,6894369671430017204,test,804,867,868,0.7526114381164245,0.726946156998377,-0.025665281118047556
chirp__target-870,chirp,6894369671430017204,test,806,869,870,0.7124991643379971,0.6715228572486768,-0.04097630708932032
chirp__target-872,chirp,6894369671430017204,test,808,871,872,0.6425603333931075,0.6084306079243498,-0.0341297254687577
chirp__target-874,chirp,6894369671430017204,test,810,873,874,0.5719549411362898,0.528222726700585,-0.04373221443570474
chirp__target-876,chirp,6894369671430017204,test,812,875,876,0.5122986404753435,0.4653358301892324,-0.046962810286111045
chirp__target-878,chirp,6894369671430017204,test,814,877,878,0.4369122385466643,0.3896250807522946,-0.047287157794369705
chirp__target-880,chirp,6894369671430017204,test,816,879,880,0.34142626001597676,0.31789660763206534,-0.023529652383911415
chirp__target-882,chirp,6894369671430017204,test,818,881,882,0.25656640011291143,0.22098486385053237,-0.03558153626237906
chirp__target-884,chirp,6894369671430017204,test,820,883,884,0.17734773599802423,0.15905637276908752,-0.018291363228936708
chirp__target-886,chirp,6894369671430017204,test,822,885,886,0.0943397314907338,0.07203315443747113,-0.022306577053262666
chirp__target-888,chirp,6894369671430017204,test,824,887,888,0.018398816153559726,-0.013633692814808963,-0.03203250896836869
chirp__target-890,chirp,6894369671430017204,test,826,889,890,-0.07837835768181074,-0.11441339810568324,-0.0360350404238725
chirp__target-892,chirp,6894369671430017204,test,828,891,892,-0.1505356862425067,-0.1928979642272577,-0.04236227798475098
chirp__target-894,chirp,6894369671430017204,test,830,893,894,-0.26616952099663765,-0.28190289719249273,-0.015733376195855076
chirp__target-896,chirp,6894369671430017204,test,832,895,896,-0.3441837635432466,-0.36839391843928143,-0.02421015489603484
chirp__target-898,chirp,6894369671430017204,test,834,897,898,-0.41826795333472744,-0.4419031493110794,-0.02363519597635194
chirp__target-900,chirp,6894369671430017204,test,836,899,900,-0.48544507398589987,-0.5222161427827947,-0.036771068796894846
chirp__target-902,chirp,6894369671430017204,test,838,901,902,-0.5747040811563245,-0.5972803672988293,-0.02257628614250473
chirp__target-904,chirp,6894369671430017204,test,840,903,904,-0.6515715184749291,-0.6828500459323419,-0.031278527457412775
chirp__target-906,chirp,6894369671430017204,test,842,905,906,-0.6993361732150928,-0.7430321654408666,-0.043695992225773805
chirp__target-908,chirp,6894369671430017204,test,844,907,908,-0.7500849778354993,-0.7927738786547198,-0.0426889008192205
chirp__target-910,chirp,6894369671430017204,test,846,909,910,-0.8193293758068174,-0.8449247207269067,-0.025595344920089302
chirp__target-912,chirp,6894369671430017204,test,848,911,912,-0.8659151196190303,-0.9070738459469914,-0.041158726327961026
chirp__target-914,chirp,6894369671430017204,test,850,913,914,-0.9072249304930279,-0.9325945546695099,-0.02536962417648203
chirp__target-916,chirp,6894369671430017204,test,852,915,916,-0.9416716672125216,-0.9596356118227262,-0.017963944610204563
chirp__target-918,chirp,6894369671430017204,test,854,917,918,-0.9646231533693759,-0.9756219563619349,-0.010998802992559065
chirp__target-920,chirp,6894369671430017204,test,856,919,920,-0.9869020830058468,-0.9900817637053853,-0.0031796806995384452
chirp__target-922,chirp,6894369671430017204,test,858,921,922,-0.9804976219791824,-1.0006232384421465,-0.02012561646296407
chirp__target-924,chirp,6894369671430017204,test,860,923,924,-0.9966206936472493,-0.9973738447056885,-0.0007531510584392054
chirp__target-926,chirp,6894369671430017204,test,862,925,926,-0.9905319249502249,-0.9928455765321964,-0.0023136515819714987
chirp__target-928,chirp,6894369671430017204,test,864,927,928,-0.9790295050581455,-0.9740432353473102,0.004986269710835267
chirp__target-930,chirp,6894369671430017204,test,866,929,930,-0.9680709956561495,-0.9514184307094051,0.016652564946744386
chirp__target-932,chirp,6894369671430017204,test,868,931,932,-0.9428991200345617,-0.9206843148526493,0.022214805181912323
chirp__target-934,chirp,6894369671430017204,test,870,933,934,-0.8845296339563335,-0.8734179154860345,0.011111718470299015
chirp__target-936,chirp,6894369671430017204,test,872,935,936,-0.8603173274426751,-0.8207637460654111,0.03955358137726395
chirp__target-938,chirp,6894369671430017204,test,874,937,938,-0.8013442850847838,-0.7626277000252563,0.038716585059527575
chirp__target-940,chirp,6894369671430017204,test,876,939,940,-0.7177015590584497,-0.7149844183834154,0.0027171406750342575
chirp__target-942,chirp,6894369671430017204,test,878,941,942,-0.6871598175290989,-0.6436310792785186,0.043528738250580346
chirp__target-944,chirp,6894369671430017204,test,880,943,944,-0.6186232558774628,-0.5660686821233479,0.052554573754114875
chirp__target-946,chirp,6894369671430017204,test,882,945,946,-0.5334262366382196,-0.49803456982382527,0.035391666814394374
chirp__target-948,chirp,6894369671430017204,test,884,947,948,-0.4550884194331623,-0.40113664272075206,0.05395177671241025
chirp__target-950,chirp,6894369671430017204,test,886,949,950,-0.3656438572950842,-0.3145546985534949,0.05108915874158931
chirp__target-952,chirp,6894369671430017204,test,888,951,952,-0.2782138821529484,-0.2392281794923501,0.03898570266059831
chirp__target-954,chirp,6894369671430017204,test,890,953,954,-0.21430605904904504,-0.16919505073391916,0.04511100831512588
chirp__target-956,chirp,6894369671430017204,test,892,955,956,-0.09671074379323473,-0.04945815782881428,0.04725258596442045
chirp__target-958,chirp,6894369671430017204,test,894,957,958,0.0019305629354927772,0.03753554755528044,0.035604984619787665
chirp__target-960,chirp,6894369671430017204,test,896,959,960,0.0673766654524862,0.11439725634168703,0.047020590889200825
chirp__target-962,chirp,6894369671430017204,test,898,961,962,0.17868916105285007,0.2226489620374306,0.04395980098458052
chirp__target-964,chirp,6894369671430017204,test,900,963,964,0.2685068112354949,0.30358339483422586,0.03507658359873095
chirp__target-966,chirp,6894369671430017204,test,902,965,966,0.38385233783816647,0.40202959288002316,0.018177255041856688
chirp__target-968,chirp,6894369671430017204,test,904,967,968,0.4383001692960281,0.4555424779614096,0.01724230866538151
chirp__target-970,chirp,6894369671430017204,test,906,969,970,0.5238315230830757,0.5659738463447979,0.04214232326172218
chirp__target-972,chirp,6894369671430017204,test,908,971,972,0.5958447981169466,0.6336283520578939,0.037783553940947345
chirp__target-974,chirp,6894369671430017204,test,910,973,974,0.6782415407360912,0.7068693648226103,0.028627824086519094
chirp__target-976,chirp,6894369671430017204,test,912,975,976,0.7583448793876651,0.7621313050923696,0.0037864257047044436
chirp__target-978,chirp,6894369671430017204,test,914,977,978,0.7900403024601151,0.8132131369735294,0.02317283451341423
chirp__target-980,chirp,6894369671430017204,test,916,979,980,0.8405140987476517,0.8780588764147688,0.03754477766711706
chirp__target-982,chirp,6894369671430017204,test,918,981,982,0.8790703756933966,0.913606644597616,0.03453626890421935
chirp__target-984,chirp,6894369671430017204,test,920,983,984,0.9148144585852074,0.9506708387815529,0.035856380196345516
chirp__target-986,chirp,6894369671430017204,test,922,985,986,0.9594044561950749,0.9832179083729132,0.023813452177838368
chirp__target-988,chirp,6894369671430017204,test,924,987,988,0.9824481334702276,1.0083565155335403,0.025908382063312696
chirp__target-990,chirp,6894369671430017204,test,926,989,990,1.0010536502861218,0.9925810637136153,-0.00847258657250649
chirp__target-992,chirp,6894369671430017204,test,928,991,992,1.0155683956436357,0.9794896072027602,-0.03607878844087542
chirp__target-994,chirp,6894369671430017204,test,930,993,994,0.9978917559966463,0.9904315176742464,-0.007460238322399837
chirp__target-996,chirp,6894369671430017204,test,932,995,996,0.9902382321942951,0.9807592970948688,-0.009478935099426322
chirp__target-998,chirp,6894369671430017204,test,934,997,998,0.9575030306455721,0.9438935653786119,-0.013609465266960163
chirp__target-1000,chirp,6894369671430017204,test,936,999,1000,0.9222825635545209,0.8920304484376667,-0.030252115116854217
chirp__target-1002,chirp,6894369671430017204,test,938,1001,1002,0.8767672795673248,0.8614057320638797,-0.015361547503445094
chirp__target-1004,chirp,6894369671430017204,test,940,1003,1004,0.8212101153519438,0.7943678208792319,-0.026842294472711914
chirp__target-1006,chirp,6894369671430017204,test,942,1005,1006,0.7628316241831663,0.7268646428775718,-0.0359669813055945
chirp__target-1008,chirp,6894369671430017204,test,944,1007,1008,0.695816788887108,0.6661456071989735,-0.02967118168813443
chirp__target-1010,chirp,6894369671430017204,test,946,1009,1010,0.6501742739069195,0.6092634572221611,-0.04091081668475838
chirp__target-1012,chirp,6894369671430017204,test,948,1011,1012,0.5518460152000878,0.5237916925753096,-0.02805432262477825
chirp__target-1014,chirp,6894369671430017204,test,950,1013,1014,0.4742435693651885,0.41962537759477914,-0.054618191770409386
chirp__target-1016,chirp,6894369671430017204,test,952,1015,1016,0.38878497425169994,0.34247210435434117,-0.04631286989735878
chirp__target-1018,chirp,6894369671430017204,test,954,1017,1018,0.28565378440951594,0.22444742939742882,-0.06120635501208713
chirp__target-1020,chirp,6894369671430017204,test,956,1019,1020,0.1963703623915403,0.15574257616993206,-0.04062778622160823
chirp__target-1022,chirp,6894369671430017204,test,958,1021,1022,0.10679386683627858,0.046591565037118234,-0.06020230179916034
ramp__target-64,ramp,5851866067628065167,train,0,63,64,0.07203707083839364,0.06454639000086437,-0.007490680837529268
ramp__target-66,ramp,5851866067628065167,train,2,65,66,0.06456113987785138,0.06406960537081062,-0.0004915345070407584
ramp__target-68,ramp,5851866067628065167,train,4,67,68,0.07460845862230972,0.07305867675708778,-0.0015497818652219358
ramp__target-70,ramp,5851866067628065167,train,6,69,70,0.06811298077892569,0.06519727193856008,-0.0029157088403656134
ramp__target-72,ramp,5851866067628065167,train,8,71,72,0.05842666068309466,0.07936375470585853,0.02093709402276387
ramp__target-74,ramp,5851866067628065167,train,10,73,74,0.080132332739086,0.05567920472677539,-0.02445312801231061
ramp__target-76,ramp,5851866067628065167,train,12,75,76,0.0769261084058734,0.0787709607357713,0.0018448523298979086
ramp__target-78,ramp,5851866067628065167,train,14,77,78,0.06418216916847902,0.060986055403532094,-0.0031961137649469257
ramp__target-80,ramp,5851866067628065167,train,16,79,80,0.07360416802075222,0.0881896592006873,0.014585491179935087
ramp__target-82,ramp,5851866067628065167,train,18,81,82,0.06885644025784601,0.08863055501066065,0.01977411475281464
ramp__target-84,ramp,5851866067628065167,train,20,83,84,0.0893549023522168,0.08510208868717976,-0.0042528136650370335
ramp__target-86,ramp,5851866067628065167,train,22,85,86,0.1008965145411198,0.0914344943817425,-0.00946202015937729
ramp__target-88,ramp,5851866067628065167,train,24,87,88,0.10919290833290379,0.0815730422412362,-0.027619866091667597
ramp__target-90,ramp,5851866067628065167,train,26,89,90,0.07397780304011364,0.08549084311848967,0.01151304007837603
ramp__target-92,ramp,5851866067628065167,train,28,91,92,0.09864398231397167,0.08706643346467437,-0.011577548849297306
ramp__target-94,ramp,5851866067628065167,train,30,93,94,0.08322968916781472,0.0974167260814578,0.014187036913643078
ramp__target-96,ramp,5851866067628065167,train,32,95,96,0.10317360452112669,0.08604899156641158,-0.01712461295471511
ramp__target-98,ramp,5851866067628065167,train,34,97,98,0.09625585828993319,0.08560902250634901,-0.010646835783584177
ramp__target-100,ramp,5851866067628065167,train,36,99,100,0.10653353911796182,0.08704755822429838,-0.019485980893663435
ramp__target-102,ramp,5851866067628065167,train,38,101,102,0.08640661097341967,0.10143625905593955,0.015029648082519872
ramp__target-104,ramp,5851866067628065167,train,40,103,104,0.09387503509572594,0.0864861533105037,-0.007388881785222234
ramp__target-106,ramp,5851866067628065167,train,42,105,106,0.11813164937405822,0.105821549094502,-0.012310100279556216
ramp__target-108,ramp,5851866067628065167,train,44,107,108,0.11631212163870444,0.09973836276292661,-0.016573758875777833
ramp__target-110,ramp,5851866067628065167,train,46,109,110,0.1150896887681887,0.10089467261788637,-0.014195016150302331
ramp__target-112,ramp,5851866067628065167,train,48,111,112,0.12651918411626908,0.10853061030497502,-0.017988573811294067
ramp__target-114,ramp,5851866067628065167,train,50,113,114,0.12462490257015335,0.09616815148229663,-0.028456751087856724
ramp__target-116,ramp,5851866067628065167,train,52,115,116,0.12524381703290297,0.12908824227444918,0.003844425241546212
ramp__target-118,ramp,5851866067628065167,train,54,117,118,0.12961392636366587,0.11126489332511041,-0.01834903303855545
ramp__target-120,ramp,5851866067628065167,train,56,119,120,0.12027930506217958,0.10665563629659686,-0.013623668765582728
ramp__target-122,ramp,5851866067628065167,train,58,121,122,0.10931226742220419,0.11635089468324306,0.007038627261038863
ramp__target-124,ramp,5851866067628065167,train,60,123,124,0.11936173146301932,0.13110184802778493,0.011740116564765618
ramp__target-126,ramp,5851866067628065167,train,62,125,126,0.12133586172527645,0.12400191787955755,0.0026660561542811018
ramp__target-128,ramp,5851866067628065167,train,64,127,128,0.12491217745317394,0.12188206919933306,-0.0030301082538408824
ramp__target-130,ramp,5851866067628065167,train,66,129,130,0.11146939331362896,0.13217889351900933,0.02070950020538037
ramp__target-132,ramp,5851866067628065167,train,68,131,132,0.11902708057164949,0.12168136932863564,0.002654288756986159
ramp__target-134,ramp,5851866067628065167,train,70,133,134,0.13420126160718845,0.11483556912999923,-0.019365692477189222
ramp__target-136,ramp,5851866067628065167,train,72,135,136,0.13154484801376662,0.13287150859715435,0.0013266605833877343
ramp__target-138,ramp,5851866067628065167,train,74,137,138,0.12833737014613678,0.12729072853063908,-0.0010466416154976954
ramp__target-140,ramp,5851866067628065167,train,76,139,140,0.1080768190019388,0.15212974821464498,0.04405292921270618
ramp__target-142,ramp,5851866067628065167,train,78,141,142,0.1533353309740158,0.13662729521606665,-0.016708035757949158
ramp__target-144,ramp,5851866067628065167,train,80,143,144,0.1420550267885472,0.14847253581819572,0.0064175090296485215
ramp__target-146,ramp,5851866067628065167,train,82,145,146,0.13227804267942095,0.14479555540058958,0.012517512721168633
ramp__target-148,ramp,5851866067628065167,train,84,147,148,0.141345192824534,0.13569331193855014,-0.005651880885983868
ramp__target-150,ramp,5851866067628065167,train,86,149,150,0.1466169528885496,0.15919532610257622,0.012578373214026634
ramp__target-152,ramp,5851866067628065167,train,88,151,152,0.15909972493475444,0.16348032111647556,0.004380596181721125
ramp__target-154,ramp,5851866067628065167,train,90,153,154,0.1543653907264931,0.15598363409457175,0.0016182433680786423
ramp__target-156,ramp,5851866067628065167,train,92,155,156,0.14755963914643475,0.16309497760034097,0.015535338453906228
ramp__target-158,ramp,5851866067628065167,train,94,157,158,0.15466543709844482,0.14743154592514995,-0.007233891173294871
ramp__target-160,ramp,5851866067628065167,train,96,159,160,0.15013920049035231,0.1654613327642199,0.015322132273867584
ramp__target-162,ramp,5851866067628065167,train,98,161,162,0.14432047152368335,0.14266118398032168,-0.0016592875433616705
ramp__target-164,ramp,5851866067628065167,train,100,163,164,0.1744665237463078,0.15717195550613344,-0.017294568240174363
ramp__target-166,ramp,5851866067628065167,train,102,165,166,0.17025252695561854,0.16833949607371165,-0.0019130308819068909
ramp__target-168,ramp,5851866067628065167,train,104,167,168,0.18446605766433077,0.16471538730137242,-0.019750670362958356
ramp__target-170,ramp,5851866067628065167,train,106,169,170,0.1741283254408025,0.169353922125215,-0.004774403315587511
ramp__target-172,ramp,5851866067628065167,train,108,171,172,0.17499111366680242,0.15623346187741727,-0.018757651789385155
ramp__target-174,ramp,5851866067628065167,train,110,173,174,0.16052411195221136,0.17531678457515862,0.014792672622947256
ramp__target-176,ramp,5851866067628065167,train,112,175,176,0.1643499510626645,0.18557028342486737,0.02122033236220286
ramp__target-178,ramp,5851866067628065167,train,114,177,178,0.16953475891445885,0.17398587391035097,0.004451114995892125
ramp__target-180,ramp,5851866067628065167,train,116,179,180,0.16133501364026911,0.16596766494700407,0.004632651306734958
ramp__target-182,ramp,5851866067628065167,train,118,181,182,0.1646057043290068,0.15188587247371638,-0.012719831855290437
ramp__target-184,ramp,5851866067628065167,train,120,183,184,0.1805068176717001,0.18935469749279873,0.008847879821098636
ramp__target-186,ramp,5851866067628065167,train,122,185,186,0.19114679322821582,0.16947893726397645,-0.02166785596423937
ramp__target-188,ramp,5851866067628065167,train,124,187,188,0.18491642633341906,0.17493830467210328,-0.009978121661315786
ramp__target-190,ramp,5851866067628065167,train,126,189,190,0.18706798734771368,0.17864219072813342,-0.008425796619580261
ramp__target-192,ramp,5851866067628065167,train,128,191,192,0.20362482934343104,0.18547201139983296,-0.018152817943598076
ramp__target-194,ramp,5851866067628065167,train,130,193,194,0.18924273178728465,0.18827644292327458,-0.0009662888640100675
ramp__target-196,ramp,5851866067628065167,train,132,195,196,0.20604716242032192,0.18152999061344302,-0.0245171718068789
ramp__target-198,ramp,5851866067628065167,train,134,197,198,0.18227489071986036,0.18875597051869855,0.006481079798838191
ramp__target-200,ramp,5851866067628065167,train,136,199,200,0.18266582588696567,0.186679928884342,0.00401410299737634
ramp__target-202,ramp,5851866067628065167,train,138,201,202,0.19646375475678637,0.18766482955880834,-0.008798925197978036
ramp__target-204,ramp,5851866067628065167,train,140,203,204,0.19475578411938826,0.20555024869300884,0.010794464573620571
ramp__target-206,ramp,5851866067628065167,train,142,205,206,0.20027963551458675,0.20638161508945624,0.006101979574869493
ramp__target-208,ramp,5851866067628065167,train,144,207,208,0.20030490510893154,0.19152171623894035,-0.008783188869991188
ramp__target-210,ramp,5851866067628065167,train,146,209,210,0.1851870004487364,0.20075331942658545,0.015566318977849047
ramp__target-212,ramp,5851866067628065167,train,148,211,212,0.1902873123936682,0.21093194000597063,0.02064462761230243
ramp__target-214,ramp,5851866067628065167,train,150,213,214,0.21627178663741922,0.20788169466862597,-0.008390091968793256
ramp__target-216,ramp,5851866067628065167,train,152,215,216,0.2043197641697368,0.22724669178541576,0.022926927615678966
ramp__target-218,ramp,5851866067628065167,train,154,217,218,0.2258586277182185,0.23147799484366907,0.005619367125450581
ramp__target-220,ramp,5851866067628065167,train,156,219,220,0.19105775448919451,0.22714010863500467,0.03608235414581015
ramp__target-222,ramp,5851866067628065167,train,158,221,222,0.20676924534187854,0.205824225731883,-0.0009450196099955455
ramp__target-224,ramp,5851866067628065167,train,160,223,224,0.211654038370593,0.215802734805534,0.004148696434941007
ramp__target-226,ramp,5851866067628065167,train,162,225,226,0.22539428594439348,0.23152776256991103,0.006133476625517553
ramp__target-228,ramp,5851866067628065167,train,164,227,228,0.2223652830220885,0.23016521640757973,0.007799933385491231
ramp__target-230,ramp,5851866067628065167,train,166,229,230,0.24343972228421593,0.22930371247225687,-0.01413600981195906
ramp__target-232,ramp,5851866067628065167,train,168,231,232,0.24679740762484548,0.24333662058918848,-0.003460787035656998
ramp__target-234,ramp,5851866067628065167,train,170,233,234,0.230821552224218,0.24216655288242533,0.011345000658207344
ramp__target-236,ramp,5851866067628065167,train,172,235,236,0.23949282531479366,0.22494865262230326,-0.014544172692490392
ramp__target-238,ramp,5851866067628065167,train,174,237,238,0.23959472146473149,0.22935240919605643,-0.010242312268675058
ramp__target-240,ramp,5851866067628065167,train,176,239,240,0.2352325092036452,0.23967839174746414,0.004445882543818946
ramp__target-242,ramp,5851866067628065167,train,178,241,242,0.24722040846384588,0.2581576421043117,0.01093723364046581
ramp__target-244,ramp,5851866067628065167,train,180,243,244,0.22419356043455987,0.2389713501821394,0.01477778974757954
ramp__target-246,ramp,5851866067628065167,train,182,245,246,0.24852051209994447,0.23497544438185403,-0.013545067718090442
ramp__target-248,ramp,5851866067628065167,train,184,247,248,0.2432509082241128,0.24127809165691178,-0.0019728165672010245
ramp__target-250,ramp,5851866067628065167,train,186,249,250,0.25010840331331385,0.2347555837509586,-0.015352819562355263
ramp__target-252,ramp,5851866067628065167,train,188,251,252,0.2725350051858142,0.24458984514903132,-0.02794516003678288
ramp__target-254,ramp,5851866067628065167,train,190,253,254,0.25051784581885533,0.24076351416650912,-0.00975433165234621
ramp__target-256,ramp,5851866067628065167,train,192,255,256,0.2577171251736653,0.244994154543963,-0.01272297062970229
ramp__target-258,ramp,5851866067628065167,train,194,257,258,0.23625497842049847,0.24646680485243003,0.010211826431931553
ramp__target-260,ramp,5851866067628065167,train,196,259,260,0.2584449981434038,0.24716531290516658,-0.011279685238237247
ramp__target-262,ramp,5851866067628065167,train,198,261,262,0.24441616763813986,0.260085378036035,0.015669210397895122
ramp__target-264,ramp,5851866067628065167,train,200,263,264,0.2542698499440569,0.25299104150341817,-0.0012788084406387124
ramp__target-266,ramp,5851866067628065167,train,202,265,266,0.269822055993459,0.25319479692542424,-0.01662725906803475
ramp__target-268,ramp,5851866067628065167,train,204,267,268,0.26709638265610663,0.26639501242434355,-0.0007013702317630877
ramp__target-270,ramp,5851866067628065167,train,206,269,270,0.25538062731467337,0.2551684241160616,-0.00021220319861176007
ramp__target-272,ramp,5851866067628065167,train,208,271,272,0.2757448709968052,0.2751889711911234,-0.0005558998056818254
ramp__target-274,ramp,5851866067628065167,train,210,273,274,0.2729823923695435,0.27379857046518913,0.0008161780956456033
ramp__target-276,ramp,5851866067628065167,train,212,275,276,0.2693576094964336,0.28184800596391274,0.012490396467479126
ramp__target-278,ramp,5851866067628065167,train,214,277,278,0.2637268725801648,0.2791952449264258,0.015468372346260972
ramp__target-280,ramp,5851866067628065167,train,216,279,280,0.2748978975049134,0.2633455684235322,-0.011552329081381207
ramp__target-282,ramp,5851866067628065167,train,218,281,282,0.26271035641956825,0.2898878289114475,0.02717747249187924
ramp__target-284,ramp,5851866067628065167,train,220,283,284,0.26708169351763444,0.2773729097486492,0.010291216231014755
ramp__target-286,ramp,5851866067628065167,train,222,285,286,0.3044529698895324,0.2757228417257069,-0.02873012816382553
ramp__target-288,ramp,5851866067628065167,train,224,287,288,0.275721901700208,0.27459673868148465,-0.0011251630187233408
ramp__target-290,ramp,5851866067628065167,train,226,289,290,0.28156739658908686,0.2719782551179154,-0.009589141471171458
ramp__target-292,ramp,5851866067628065167,train,228,291,292,0.2691646564787867,0.28296283712462167,0.01379818064583499
ramp__target-294,ramp,5851866067628065167,train,230,293,294,0.2926391011359697,0.31172607765506166,0.01908697651909197
ramp__target-296,ramp,5851866067628065167,train,232,295,296,0.27567839595973526,0.2655675707345172,-0.010110825225218056
ramp__target-298,ramp,5851866067628065167,train,234,297,298,0.2844756967064493,0.29475999544451204,0.010284298738062747
ramp__target-300,ramp,5851866067628065167,train,236,299,300,0.29984982038416697,0.29820257551153373,-0.0016472448726332356
ramp__target-302,ramp,5851866067628065167,train,238,301,302,0.31602068942702766,0.2961600980611632,-0.019860591365864433
ramp__target-304,ramp,5851866067628065167,train,240,303,304,0.28293407833049183,0.2910427304312216,0.008108652100729752
ramp__target-306,ramp,5851866067628065167,train,242,305,306,0.28257957607691825,0.288825795262837,0.006246219185918778
ramp__target-308,ramp,5851866067628065167,train,244,307,308,0.32239923672066156,0.31263924370481927,-0.009759993015842294
ramp__target-310,ramp,5851866067628065167,train,246,309,310,0.3012312447010555,0.3017256386191452,0.0004943939180896972
ramp__target-312,ramp,5851866067628065167,train,248,311,312,0.3200323118093792,0.3069859257051579,-0.013046386104221264
ramp__target-314,ramp,5851866067628065167,train,250,313,314,0.3142834053766881,0.29839195847788347,-0.015891446898804618
ramp__target-316,ramp,5851866067628065167,train,252,315,316,0.29928969900885094,0.2941955079712253,-0.0050941910376256505
ramp__target-318,ramp,5851866067628065167,train,254,317,318,0.3191970545889674,0.31133269975997324,-0.007864354828994169
ramp__target-320,ramp,5851866067628065167,train,256,319,320,0.3145237319995726,0.3041541249976323,-0.01036960700194034
ramp__target-322,ramp,5851866067628065167,train,258,321,322,0.32300190596032596,0.30939735320817224,-0.01360455275215372
ramp__target-324,ramp,5851866067628065167,train,260,323,324,0.3041720122160056,0.32632502059280577,0.022153008376800176
ramp__target-326,ramp,5851866067628065167,train,262,325,326,0.3088013465473612,0.32008374862843203,0.011282402081070841
ramp__target-328,ramp,5851866067628065167,train,264,327,328,0.31887937417692935,0.3202283054112862,0.001348931234356865
ramp__target-330,ramp,5851866067628065167,train,266,329,330,0.3223644645122394,0.3358821919386257,0.013517727426386295
ramp__target-332,ramp,5851866067628065167,train,268,331,332,0.32298205099423916,0.3176835591921342,-0.005298491802104954
ramp__target-334,ramp,5851866067628065167,train,270,333,334,0.32915655100164126,0.3355148216720681,0.006358270670426824
ramp__target-336,ramp,5851866067628065167,train,272,335,336,0.3184908171802944,0.30434256734006526,-0.014148249840229166
ramp__target-338,ramp,5851866067628065167,train,274,337,338,0.3283837619686398,0.33424659074730034,0.005862828778660567
ramp__target-340,ramp,5851866067628065167,train,276,339,340,0.3380523343734959,0.3401086343128307,0.002056299939334816
ramp__target-342,ramp,5851866067628065167,train,278,341,342,0.3396984953119316,0.33122426573880775,-0.008474229573123826
ramp__target-344,ramp,5851866067628065167,train,280,343,344,0.3289678491258371,0.32052732363920056,-0.008440525486636541
ramp__target-346,ramp,5851866067628065167,train,282,345,346,0.330973542193413,0.33683980522432094,0.0058662630309079256
ramp__target-348,ramp,5851866067628065167,train,284,347,348,0.33305647076897577,0.3330111267418589,-4.5344027116867025e-05
ramp__target-350,ramp,5851866067628065167,train,286,349,350,0.35675139654565574,0.34818606052131823,-0.008565336024337511
ramp__target-352,ramp,5851866067628065167,train,288,351,352,0.3404700450983614,0.34296079009056596,0.0024907449922045855
ramp__target-354,ramp,5851866067628065167,train,290,353,354,0.35337932301027625,0.3495135063462622,-0.0038658166640140323
ramp__target-356,ramp,5851866067628065167,train,292,355,356,0.3528282182311902,0.3304098276962542,-0.022418390534935995
ramp__target-358,ramp,5851866067628065167,train,294,357,358,0.3477450710230978,0.3647792863606447,0.0170342153375469
ramp__target-360,ramp,5851866067628065167,train,296,359,360,0.34907104287453106,0.3372882242470028,-0.01178281862752828
ramp__target-362,ramp,5851866067628065167,train,298,361,362,0.3502572092209282,0.3584287096329595,0.008171500412031296
ramp__target-364,ramp,5851866067628065167,train,300,363,364,0.3628840541674243,0.3594314698693452,-0.0034525842980790977
ramp__target-366,ramp,5851866067628065167,train,302,365,366,0.3538041256460299,0.35758103378571343,0.0037769081396835102
ramp__target-368,ramp,5851866067628065167,train,304,367,368,0.35965197787469994,0.3515874462914389,-0.008064531583261036
ramp__target-370,ramp,5851866067628065167,train,306,369,370,0.35669732576104046,0.3539538782138488,-0.0027434475471916353
ramp__target-372,ramp,5851866067628065167,train,308,371,372,0.3542444967819773,0.34986046924823644,-0.004384027533740842
ramp__target-374,ramp,5851866067628065167,train,310,373,374,0.3583722074941671,0.35603102141255644,-0.0023411860816106578
ramp__target-376,ramp,5851866067628065167,train,312,375,376,0.37120468684082614,0.36749205132401497,-0.003712635516811169
ramp__target-378,ramp,5851866067628065167,train,314,377,378,0.34390579645961245,0.39673839377947606,0.05283259731986362
ramp__target-380,ramp,5851866067628065167,train,316,379,380,0.3715431616843505,0.3602116297920489,-0.011331531892301572
ramp__target-382,ramp,5851866067628065167,train,318,381,382,0.374227725774313,0.38083110473053267,0.006603378956219652
ramp__target-384,ramp,5851866067628065167,train,320,383,384,0.3698463701220425,0.38366869034303935,0.013822320220996831
ramp__target-386,ramp,5851866067628065167,train,322,385,386,0.3790531918023744,0.36567744641464955,-0.013375745387724847
ramp__target-388,ramp,5851866067628065167,train,324,387,388,0.3752953888390543,0.3830674346776793,0.007772045838625008
ramp__target-390,ramp,5851866067628065167,train,326,389,390,0.3811530729705433,0.37838096042688807,-0.002772112543655225
ramp__target-392,ramp,5851866067628065167,train,328,391,392,0.3691280694505543,0.39512728441829287,0.02599921496773855
ramp__target-394,ramp,5851866067628065167,train,330,393,394,0.37140644399652567,0.38389953993522097,0.012493095938695298
ramp__target-396,ramp,5851866067628065167,train,332,395,396,0.372042247209211,0.4079439537286069,0.03590170651939595
ramp__target-398,ramp,5851866067628065167,train,334,397,398,0.39602760398882686,0.39912008265912063,0.0030924786702937745
ramp__target-400,ramp,5851866067628065167,train,336,399,400,0.38784914504092216,0.39679349357156063,0.008944348530638468
ramp__target-402,ramp,5851866067628065167,train,338,401,402,0.4023070387333449,0.38305920442554015,-0.019247834307804745
ramp__target-404,ramp,5851866067628065167,train,340,403,404,0.3962470009596957,0.3900924175403805,-0.0061545834193152404
ramp__target-406,ramp,5851866067628065167,train,342,405,406,0.40846938981076636,0.41396797208965186,0.0054985822788855
ramp__target-408,ramp,5851866067628065167,train,344,407,408,0.3931004565286562,0.4171283547956062,0.02402789826695001
ramp__target-410,ramp,5851866067628065167,train,346,409,410,0.4010765836432342,0.4053763420947013,0.004299758451467128
ramp__target-412,ramp,5851866067628065167,train,348,411,412,0.40438067718580045,0.3967657996343269,-0.007614877551473553
ramp__target-414,ramp,5851866067628065167,train,350,413,414,0.3943875079182734,0.3939062812577041,-0.0004812266605692672
ramp__target-416,ramp,5851866067628065167,train,352,415,416,0.4061994688938092,0.4080001200304424,0.0018006511366331912
ramp__target-418,ramp,5851866067628065167,train,354,417,418,0.4095819401288438,0.4160031730248423,0.0064212328959984966
ramp__target-420,ramp,5851866067628065167,train,356,419,420,0.40059812719461063,0.41379021704053665,0.013192089845926014
ramp__target-422,ramp,5851866067628065167,train,358,421,422,0.39754072481746044,0.40821293949508514,0.010672214677624692
ramp__target-424,ramp,5851866067628065167,train,360,423,424,0.39864307677846295,0.4218290116099216,0.023185934831458643
ramp__target-426,ramp,5851866067628065167,train,362,425,426,0.4228402767402293,0.4065782492455348,-0.016262027494694464
ramp__target-428,ramp,5851866067628065167,train,364,427,428,0.44196132195232535,0.4144914782144367,-0.027469843737888633
ramp__target-430,ramp,5851866067628065167,train,366,429,430,0.4390428823154104,0.4165753388697727,-0.022467543445637672
ramp__target-432,ramp,5851866067628065167,train,368,431,432,0.4200256141441015,0.41233565810797385,-0.007689956036127654
ramp__target-434,ramp,5851866067628065167,train,370,433,434,0.4233570922813162,0.41726726029117184,-0.006089831990144345
ramp__target-436,ramp,5851866067628065167,train,372,435,436,0.435439284595481,0.4276147222998617,-0.007824562295619286
ramp__target-438,ramp,5851866067628065167,train,374,437,438,0.4368890034271831,0.4378747941955738,0.0009857907683906708
ramp__target-440,ramp,5851866067628065167,train,376,439,440,0.43383063391409027,0.4248283459220708,-0.009002287992019464
ramp__target-442,ramp,5851866067628065167,train,378,441,442,0.43826538784580654,0.42325451890362425,-0.015010868942182287
ramp__target-444,ramp,5851866067628065167,train,380,443,444,0.43385952337977357,0.43459310238391996,0.0007335790041463897
ramp__target-446,ramp,5851866067628065167,train,382,445,446,0.4358528082856702,0.4462564285685736,0.010403620282903425
ramp__target-448,ramp,5851866067628065167,train,384,447,448,0.42273086423067807,0.4483081343863734,0.02557727015569533
ramp__target-450,ramp,5851866067628065167,train,386,449,450,0.44410633931537136,0.43330441629841493,-0.010801923016956427
ramp__target-452,ramp,5851866067628065167,train,388,451,452,0.4470186876961734,0.46239749303263455,0.015378805336461132
ramp__target-454,ramp,5851866067628065167,train,390,453,454,0.4448282612730395,0.4637308624810099,0.018902601207970438
ramp__target-456,ramp,5851866067628065167,train,392,455,456,0.4423731723167159,0.4301599088312302,-0.012213263485485737
ramp__target-458,ramp,5851866067628065167,train,394,457,458,0.4246380853321782,0.4663778285128415,0.04173974318066331
ramp__target-460,ramp,5851866067628065167,train,396,459,460,0.46073115013311505,0.4473085814968253,-0.013422568636289767
ramp__target-462,ramp,5851866067628065167,train,398,461,462,0.4516873286121388,0.4417758790951268,-0.009911449517012005
ramp__target-464,ramp,5851866067628065167,train,400,463,464,0.4536474597582748,0.4418525323429939,-0.011794927415280931
ramp__target-466,ramp,5851866067628065167,train,402,465,466,0.45799990674776736,0.4502700462866164,-0.007729860461150984
ramp__target-468,ramp,5851866067628065167,train,404,467,468,0.45723136430187394,0.462759861298653,0.005528496996779042
ramp__target-470,ramp,5851866067628065167,train,406,469,470,0.4461393270200744,0.4476173545360815,0.0014780275160070633
ramp__target-472,ramp,5851866067628065167,train,408,471,472,0.448481443390545,0.4647811355605244,0.016299692169979396
ramp__target-474,ramp,5851866067628065167,train,410,473,474,0.47390544040818805,0.455150841596495,-0.018754598811693057
ramp__target-476,ramp,5851866067628065167,train,412,475,476,0.45095771383076294,0.47397582896875207,0.023018115137989126
ramp__target-478,ramp,5851866067628065167,train,414,477,478,0.4625717482366522,0.45346462047604474,-0.009107127760607459
ramp__target-480,ramp,5851866067628065167,train,416,479,480,0.479280596285645,0.48290352063445047,0.0036229243488054563
ramp__target-482,ramp,5851866067628065167,train,418,481,482,0.47815216786665926,0.45978174226236895,-0.018370425604290308
ramp__target-484,ramp,5851866067628065167,train,420,483,484,0.4625818339087092,0.4562401250247372,-0.006341708883972008
ramp__target-486,ramp,5851866067628065167,train,422,485,486,0.4861133493868188,0.4811877188233573,-0.004925630563461514
ramp__target-488,ramp,5851866067628065167,train,424,487,488,0.46814542451423785,0.4701912015362457,0.0020457770220078664
ramp__target-490,ramp,5851866067628065167,train,426,489,490,0.4881747440259547,0.475158743443886,-0.013016000582068699
ramp__target-492,ramp,5851866067628065167,train,428,491,492,0.47715086578297766,0.48933862260204614,0.012187756819068474
ramp__target-494,ramp,5851866067628065167,train,430,493,494,0.4824088803443006,0.4742679682647122,-0.008140912079588392
ramp__target-496,ramp,5851866067628065167,train,432,495,496,0.4754064302223043,0.4842015432721206,0.008795113049816339
ramp__target-498,ramp,5851866067628065167,train,434,497,498,0.4944362785843033,0.4874672117943186,-0.006969066789984657
ramp__target-500,ramp,5851866067628065167,train,436,499,500,0.46534788221558865,0.49649040712706316,0.031142524911474512
ramp__target-502,ramp,5851866067628065167,train,438,501,502,0.4866726936174251,0.4953663214253017,0.00869362780787658
ramp__target-504,ramp,5851866067628065167,train,440,503,504,0.514438161204999,0.4963546440001467,-0.01808351720485224
ramp__target-506,ramp,5851866067628065167,train,442,505,506,0.5116981300823743,0.49006490835585353,-0.021633221726520768
ramp__target-508,ramp,5851866067628065167,train,444,507,508,0.4975816273255125,0.4937177413436477,-0.0038638859818647675
ramp__target-510,ramp,5851866067628065167,train,446,509,510,0.48383881632537995,0.5079262811696885,0.02408746484430857
ramp__target-512,ramp,5851866067628065167,train,448,511,512,0.4940431194387012,0.5085852545623983,0.01454213512369712
ramp__target-514,ramp,5851866067628065167,train,450,513,514,0.49580162547024637,0.5172723232981513,0.02147069782790495
ramp__target-516,ramp,5851866067628065167,train,452,515,516,0.5075530512712529,0.5081556428924566,0.0006025916212036853
ramp__target-518,ramp,5851866067628065167,train,454,517,518,0.5154245986865239,0.5104938154839668,-0.004930783202557132
ramp__target-520,ramp,5851866067628065167,train,456,519,520,0.5115117342066379,0.5030911785465791,-0.008420555660058726
ramp__target-522,ramp,5851866067628065167,train,458,521,522,0.5212650997717138,0.5001993793198742,-0.02106572045183952
ramp__target-524,ramp,5851866067628065167,train,460,523,524,0.5068118916861902,0.5140963284054625,0.007284436719272258
ramp__target-526,ramp,5851866067628065167,train,462,525,526,0.5287280165764652,0.5192307967873502,-0.009497219789114997
ramp__target-528,ramp,5851866067628065167,train,464,527,528,0.5116339903094029,0.5188368809976739,0.007202890688270958
ramp__target-530,ramp,5851866067628065167,train,466,529,530,0.49679812799857737,0.5124512025215933,0.015653074523015897
ramp__target-532,ramp,5851866067628065167,train,468,531,532,0.5104374424895672,0.5118099011562214,0.0013724586666541416
ramp__target-534,ramp,5851866067628065167,train,470,533,534,0.5192712348243818,0.53102261993358,0.011751385109198265
ramp__target-536,ramp,5851866067628065167,train,472,535,536,0.5051148152226703,0.5288925796016685,0.023777764378998145
ramp__target-538,ramp,5851866067628065167,train,474,537,538,0.5150481899297182,0.5236882649719824,0.008640075042264161
ramp__target-540,ramp,5851866067628065167,train,476,539,540,0.5054880913449687,0.5193198782372391,0.013831786892270381
ramp__target-542,ramp,5851866067628065167,train,478,541,542,0.5313278937137239,0.52770256745786,-0.00362532625586387
ramp__target-544,ramp,5851866067628065167,train,480,543,544,0.5252127874682606,0.5299831472220081,0.004770359753747511
ramp__target-546,ramp,5851866067628065167,train,482,545,546,0.5295871369039733,0.565856540842128,0.0362694039381547
ramp__target-548,ramp,5851866067628065167,train,484,547,548,0.5367965956892438,0.5297851610257551,-0.007011434663488636
ramp__target-550,ramp,5851866067628065167,train,486,549,550,0.5290894789861924,0.5254406027686647,-0.003648876217527741
ramp__target-552,ramp,5851866067628065167,train,488,551,552,0.5357958503778051,0.5261498501962902,-0.009646000181514847
ramp__target-554,ramp,5851866067628065167,train,490,553,554,0.5474899411981078,0.5391076240096697,-0.008382317188438071
ramp__target-556,ramp,5851866067628065167,train,492,555,556,0.5358132008591188,0.5388147297857446,0.0030015289266258627
ramp__target-558,ramp,5851866067628065167,train,494,557,558,0.5451562914966928,0.5560143183634307,0.01085802686673798
ramp__target-560,ramp,5851866067628065167,train,496,559,560,0.5576470868169212,0.5389380701810218,-0.01870901663589941
ramp__target-562,ramp,5851866067628065167,train,498,561,562,0.5459471958113781,0.5458252980312464,-0.00012189778013171892
ramp__target-564,ramp,5851866067628065167,train,500,563,564,0.5544275158974212,0.5400282600815948,-0.014399255815826462
ramp__target-566,ramp,5851866067628065167,train,502,565,566,0.5472712066658498,0.5539176715292433,0.006646464863393486
ramp__target-568,ramp,5851866067628065167,train,504,567,568,0.5575419320330445,0.5408475329188487,-0.01669439911419579
ramp__target-570,ramp,5851866067628065167,train,506,569,570,0.5571913277894366,0.5512465283123964,-0.005944799477040186
ramp__target-572,ramp,5851866067628065167,train,508,571,572,0.5550733398754625,0.5728244867905978,0.017751146915135352
ramp__target-574,ramp,5851866067628065167,train,510,573,574,0.5687114024505678,0.552278830637841,-0.016432571812726837
ramp__target-576,ramp,5851866067628065167,train,512,575,576,0.5615615906716012,0.5628197475578186,0.001258156886217443
ramp__target-578,ramp,5851866067628065167,train,514,577,578,0.5552700573109554,0.5617399976616466,0.006469940350691261
ramp__target-580,ramp,5851866067628065167,train,516,579,580,0.5607881558462979,0.5565162604422742,-0.004271895404023729
ramp__target-582,ramp,5851866067628065167,train,518,581,582,0.5548954480736573,0.580731077367316,0.02583562929365868
ramp__target-584,ramp,5851866067628065167,train,520,583,584,0.5876890475706945,0.5674619125640753,-0.020227135006619212
ramp__target-586,ramp,5851866067628065167,train,522,585,586,0.5738479172830239,0.5742410168172962,0.00039309953427235644
ramp__target-588,ramp,5851866067628065167,train,524,587,588,0.5668653830294133,0.5861111727518873,0.019245789722474038
ramp__target-590,ramp,5851866067628065167,train,526,589,590,0.584060144107779,0.5692774745825435,-0.014782669525235437
ramp__target-592,ramp,5851866067628065167,train,528,591,592,0.5757350180843483,0.5782742099082085,0.0025391918238601985
ramp__target-594,ramp,5851866067628065167,train,530,593,594,0.5938660372350533,0.5789091696144891,-0.01495686762056414
ramp__target-596,ramp,5851866067628065167,train,532,595,596,0.5946982270050917,0.6045086039371921,0.009810376932100406
ramp__target-598,ramp,5851866067628065167,train,534,597,598,0.5912214716477964,0.5914964002089217,0.0002749285611253205
ramp__target-600,ramp,5851866067628065167,train,536,599,600,0.5685615411273974,0.5944779228489743,0.025916381721576842
ramp__target-602,ramp,5851866067628065167,train,538,601,602,0.598592115845311,0.5927500258208265,-0.0058420900244845475
ramp__target-604,ramp,5851866067628065167,train,540,603,604,0.5937372521942171,0.596537219186334,0.00279996699211682
ramp__target-606,ramp,5851866067628065167,train,542,605,606,0.5940749811598917,0.5733520730760141,-0.020722908083877556
ramp__target-608,ramp,5851866067628065167,train,544,607,608,0.5856848975239823,0.6000954478721645,0.014410550348182172
ramp__target-610,ramp,5851866067628065167,train,546,609,610,0.5919018166205346,0.60706916997088,0.015167353350345358
ramp__target-612,ramp,5851866067628065167,train,548,611,612,0.5849042268896737,0.6112808399928413,0.026376613103167634
ramp__target-614,ramp,5851866067628065167,validation,550,613,614,0.5788335213237145,0.6074359322500511,0.02860241092633664
ramp__target-616,ramp,5851866067628065167,validation,552,615,616,0.6024594919833963,0.6068611900393679,0.00440169805597157
ramp__target-618,ramp,5851866067628065167,validation,554,617,618,0.6103315163525485,0.609346653512249,-0.0009848628402994164
ramp__target-620,ramp,5851866067628065167,validation,556,619,620,0.5955732743910016,0.6101853169550934,0.014612042564091765
ramp__target-622,ramp,5851866067628065167,validation,558,621,622,0.6025262187745983,0.6023032089506024,-0.00022300982399592328
ramp__target-624,ramp,5851866067628065167,validation,560,623,624,0.6012570258450942,0.6145765877488547,0.01331956190376049
ramp__target-626,ramp,5851866067628065167,validation,562,625,626,0.6103191403308775,0.60085963868044,-0.009459501650437518
ramp__target-628,ramp,5851866067628065167,validation,564,627,628,0.6095661715913262,0.6106605391325067,0.0010943675411805298
ramp__target-630,ramp,5851866067628065167,validation,566,629,630,0.6076877868364738,0.6061241650427402,-0.0015636217937335939
ramp__target-632,ramp,5851866067628065167,validation,568,631,632,0.6306872333685674,0.6294299394148374,-0.0012572939537299765
ramp__target-634,ramp,5851866067628065167,validation,570,633,634,0.6165915897696548,0.6181601903113059,0.0015686005416510884
ramp__target-636,ramp,5851866067628065167,validation,572,635,636,0.6163874026064823,0.622348996233235,0.005961593626752748
ramp__target-638,ramp,5851866067628065167,validation,574,637,638,0.6332568072455504,0.6242012606234285,-0.009055546622121935
ramp__target-640,ramp,5851866067628065167,validation,576,639,640,0.6299131741448707,0.6047382659908122,-0.02517490815405854
ramp__target-642,ramp,5851866067628065167,validation,578,641,642,0.6235302778387826,0.6261517366513294,0.0026214588125468286
ramp__target-644,ramp,5851866067628065167,validation,580,643,644,0.6533472911941562,0.6290019026914432,-0.02434538850271306
ramp__target-646,ramp,5851866067628065167,validation,582,645,646,0.6253731546428306,0.6390285225593714,0.013655367916540762
ramp__target-648,ramp,5851866067628065167,validation,584,647,648,0.6440954937340088,0.6315754212387715,-0.012520072495237233
ramp__target-650,ramp,5851866067628065167,validation,586,649,650,0.6355055369168058,0.6194718004189664,-0.016033736497839346
ramp__target-652,ramp,5851866067628065167,validation,588,651,652,0.6447381048028475,0.6527111410364752,0.007973036233627662
ramp__target-654,ramp,5851866067628065167,validation,590,653,654,0.6547681332919771,0.6338443940712394,-0.020923739220737758
ramp__target-656,ramp,5851866067628065167,validation,592,655,656,0.6302254742418403,0.6346761633376881,0.004450689095847782
ramp__target-658,ramp,5851866067628065167,validation,594,657,658,0.6368396403205852,0.6540802646839584,0.017240624363373258
ramp__target-660,ramp,5851866067628065167,validation,596,659,660,0.6607858231504519,0.647676338473438,-0.013109484677013894
ramp__target-662,ramp,5851866067628065167,validation,598,661,662,0.6498781719099305,0.6444077780716989,-0.0054703938382315576
ramp__target-664,ramp,5851866067628065167,validation,600,663,664,0.6529938716262091,0.6573839899413833,0.0043901183151741074
ramp__target-666,ramp,5851866067628065167,validation,602,665,666,0.6472349154906001,0.6822802578274458,0.03504534233684575
ramp__target-668,ramp,5851866067628065167,validation,604,667,668,0.6587293628256783,0.6657113685368051,0.006982005711126837
ramp__target-670,ramp,5851866067628065167,validation,606,669,670,0.6603351607679335,0.660101870753344,-0.0002332900145894934
ramp__target-672,ramp,5851866067628065167,validation,608,671,672,0.6484789903298994,0.6562096555483569,0.007730665218457444
ramp__target-674,ramp,5851866067628065167,validation,610,673,674,0.664272050949916,0.657225889230584,-0.007046161719332034
ramp__target-676,ramp,5851866067628065167,validation,612,675,676,0.6710026670523452,0.674286701701715,0.0032840346493697714
ramp__target-678,ramp,5851866067628065167,validation,614,677,678,0.647454343655838,0.6735586164809634,0.026104272825125396
ramp__target-680,ramp,5851866067628065167,validation,616,679,680,0.6626618389470844,0.6616160836611819,-0.001045755285902561
ramp__target-682,ramp,5851866067628065167,validation,618,681,682,0.6676432659640652,0.6659694520269869,-0.0016738139370783278
ramp__target-684,ramp,5851866067628065167,validation,620,683,684,0.6536463075258241,0.6663397983181357,0.012693490792311635
ramp__target-686,ramp,5851866067628065167,validation,622,685,686,0.6653163864253129,0.663309687531172,-0.002006698894140846
ramp__target-688,ramp,5851866067628065167,validation,624,687,688,0.6969727908977917,0.6713069707662341,-0.025665820131557604
ramp__target-690,ramp,5851866067628065167,validation,626,689,690,0.6661976374535304,0.6764989753312033,0.010301337877672845
ramp__target-692,ramp,5851866067628065167,validation,628,691,692,0.6608323232966287,0.662559194164376,0.0017268708677473654
ramp__target-694,ramp,5851866067628065167,validation,630,693,694,0.6780765009563514,0.6709186572604525,-0.007157843695898891
ramp__target-696,ramp,5851866067628065167,validation,632,695,696,0.680338196527475,0.6822162473741247,0.0018780508466497148
ramp__target-698,ramp,5851866067628065167,validation,634,697,698,0.6742838494471989,0.678465502863285,0.004181653416086117
ramp__target-700,ramp,5851866067628065167,validation,636,699,700,0.6809502230041279,0.6824896026982022,0.001539379694074361
ramp__target-702,ramp,5851866067628065167,validation,638,701,702,0.6806579473577656,0.6945146926935368,0.013856745335771192
ramp__target-704,ramp,5851866067628065167,validation,640,703,704,0.6803076354361173,0.6987494442848657,0.018441808848748464
ramp__target-706,ramp,5851866067628065167,validation,642,705,706,0.6872097603590568,0.6915398605585157,0.004330100199458897
ramp__target-708,ramp,5851866067628065167,validation,644,707,708,0.6983875926852486,0.692952367113936,-0.005435225571312596
ramp__target-710,ramp,5851866067628065167,validation,646,709,710,0.6899535667846904,0.6951410909757001,0.0051875241910096515
ramp__target-712,ramp,5851866067628065167,validation,648,711,712,0.7095308155890923,0.6826582151108236,-0.02687260047826867
ramp__target-714,ramp,5851866067628065167,validation,650,713,714,0.6859304904799426,0.6930891906303771,0.007158700150434516
ramp__target-716,ramp,5851866067628065167,validation,652,715,716,0.6880791138595236,0.7092714000749826,0.02119228621545899
ramp__target-718,ramp,5851866067628065167,validation,654,717,718,0.7115891488548904,0.7161350983191155,0.004545949464225041
ramp__target-720,ramp,5851866067628065167,validation,656,719,720,0.6975990011432238,0.7106091955230655,0.013010194379841633
ramp__target-722,ramp,5851866067628065167,validation,658,721,722,0.7036566934356026,0.7107951426426607,0.007138449207058195
ramp__target-724,ramp,5851866067628065167,validation,660,723,724,0.6851658133996593,0.722018742117557,0.03685292871789769
ramp__target-726,ramp,5851866067628065167,validation,662,725,726,0.7170169307878309,0.6992863990575675,-0.0177305317302634
ramp__target-728,ramp,5851866067628065167,validation,664,727,728,0.7156264100116599,0.7142911196510745,-0.0013352903605854394
ramp__target-730,ramp,5851866067628065167,validation,666,729,730,0.7327389445131258,0.7087864803226216,-0.02395246419050423
ramp__target-732,ramp,5851866067628065167,validation,668,731,732,0.7120859328080765,0.7046075752796733,-0.007478357528403201
ramp__target-734,ramp,5851866067628065167,validation,670,733,734,0.699974545199715,0.7155110798829099,0.015536534683194825
ramp__target-736,ramp,5851866067628065167,validation,672,735,736,0.7165761938567385,0.7247806627617676,0.008204468905029016
ramp__target-738,ramp,5851866067628065167,validation,674,737,738,0.7181990969577876,0.7111606784694644,-0.007038418488323206
ramp__target-740,ramp,5851866067628065167,validation,676,739,740,0.731399770552683,0.7143096839549663,-0.017090086597716714
ramp__target-742,ramp,5851866067628065167,validation,678,741,742,0.7371397723212119,0.7284630742757187,-0.008676698045493203
ramp__target-744,ramp,5851866067628065167,validation,680,743,744,0.7272178702643105,0.719354861921012,-0.007863008343298561
ramp__target-746,ramp,5851866067628065167,validation,682,745,746,0.7410893932533967,0.7334250607176552,-0.007664332535741503
ramp__target-748,ramp,5851866067628065167,validation,684,747,748,0.7368409110450466,0.726260857670705,-0.010580053374341536
ramp__target-750,ramp,5851866067628065167,validation,686,749,750,0.7090223663036532,0.7327463938595224,0.02372402755586922
ramp__target-752,ramp,5851866067628065167,validation,688,751,752,0.7301289628364993,0.7389936896137069,0.008864726777207621
ramp__target-754,ramp,5851866067628065167,validation,690,753,754,0.7497787991922025,0.733563470699019,-0.016215328493183523
ramp__target-756,ramp,5851866067628065167,validation,692,755,756,0.7258023458935148,0.7313199850529974,0.005517639159482668
ramp__target-758,ramp,5851866067628065167,validation,694,757,758,0.7209322369231177,0.7309243251010806,0.009992088177962932
ramp__target-760,ramp,5851866067628065167,validation,696,759,760,0.7443227205114036,0.7302665045590769,-0.014056215952326645
ramp__target-762,ramp,5851866067628065167,validation,698,761,762,0.7422690926586039,0.7470710875201811,0.004801994861577286
ramp__target-764,ramp,5851866067628065167,validation,700,763,764,0.7517126405675747,0.7558126748124182,0.004100034244843509
ramp__target-766,ramp,5851866067628065167,validation,702,765,766,0.7453158981948361,0.745292150772789,-2.3747422047137867e-05
ramp__target-768,ramp,5851866067628065167,validation,704,767,768,0.729093342252656,0.7600187609137097,0.030925418661053694
ramp__target-770,ramp,5851866067628065167,validation,706,769,770,0.7557616395781104,0.75126013035011,-0.004501509228000411
ramp__target-772,ramp,5851866067628065167,validation,708,771,772,0.7665844231894365,0.7581816071668731,-0.00840281602256343
ramp__target-774,ramp,5851866067628065167,validation,710,773,774,0.7565498748466035,0.7571106858719698,0.0005608110253663146
ramp__target-776,ramp,5851866067628065167,validation,712,775,776,0.7497869752671394,0.7665247378482642,0.016737762581124804
ramp__target-778,ramp,5851866067628065167,validation,714,777,778,0.7733580758487701,0.775923727663117,0.00256565181434687
ramp__target-780,ramp,5851866067628065167,validation,716,779,780,0.7650989386325382,0.7734762689066454,0.008377330274107253
ramp__target-782,ramp,5851866067628065167,validation,718,781,782,0.7517578069971291,0.7372362938993174,-0.014521513097811689
ramp__target-784,ramp,5851866067628065167,validation,720,783,784,0.7739248263309411,0.7679424621214418,-0.005982364209499269
ramp__target-786,ramp,5851866067628065167,validation,722,785,786,0.7587447162518798,0.7630704881630795,0.004325771911199761
ramp__target-788,ramp,5851866067628065167,validation,724,787,788,0.768302484213721,0.7542303828370207,-0.014072101376700341
ramp__target-790,ramp,5851866067628065167,validation,726,789,790,0.7827790101164217,0.7747584237828334,-0.008020586333588264
ramp__target-792,ramp,5851866067628065167,validation,728,791,792,0.7783233184443041,0.7667999786539521,-0.011523339790352027
ramp__target-794,ramp,5851866067628065167,validation,730,793,794,0.7864344922313822,0.767879597555773,-0.018554894675609224
ramp__target-796,ramp,5851866067628065167,validation,732,795,796,0.7824797174055198,0.779541972305912,-0.002937745099607758
ramp__target-798,ramp,5851866067628065167,validation,734,797,798,0.7686484748531388,0.7701077621249987,0.0014592872718598437
ramp__target-800,ramp,5851866067628065167,validation,736,799,800,0.7644579556012783,0.7863124946546063,0.021854539053328015
ramp__target-802,ramp,5851866067628065167,validation,738,801,802,0.7768012653777441,0.7918266533670323,0.015025387989288208
ramp__target-804,ramp,5851866067628065167,validation,740,803,804,0.7788531769361408,0.7946974507340833,0.01584427379794251
ramp__target-806,ramp,5851866067628065167,validation,742,805,806,0.7894177399291671,0.785185306665102,-0.004232433264065083
ramp__target-808,ramp,5851866067628065167,validation,744,807,808,0.7992328138228723,0.8086801532338038,0.009447339410931566
ramp__target-810,ramp,5851866067628065167,validation,746,809,810,0.7963782937488827,0.7730056331136341,-0.023372660635248566
ramp__target-812,ramp,5851866067628065167,validation,748,811,812,0.7825563418770455,0.7890273345127257,0.006470992635680184
ramp__target-814,ramp,5851866067628065167,validation,750,813,814,0.7814621881713661,0.7914157654771793,0.009953577305813144
ramp__target-816,ramp,5851866067628065167,validation,752,815,816,0.8000595143426104,0.7851050481907604,-0.014954466151849921
ramp__target-818,ramp,5851866067628065167,validation,754,817,818,0.8075325896376946,0.8047852889365391,-0.002747300701155475
ramp__target-820,ramp,5851866067628065167,test,756,819,820,0.7992801802038971,0.7911333728446203,-0.008146807359276864
ramp__target-822,ramp,5851866067628065167,test,758,821,822,0.8106112840126609,0.8013152315382337,-0.009296052474427219
ramp__target-824,ramp,5851866067628065167,test,760,823,824,0.8005338870155913,0.8062448309786255,0.005710943963034287
ramp__target-826,ramp,5851866067628065167,test,762,825,826,0.8091226173132974,0.8094101818269359,0.0002875645136385385
ramp__target-828,ramp,5851866067628065167,test,764,827,828,0.8122659735418923,0.8242181676948555,0.011952194152963114
ramp__target-830,ramp,5851866067628065167,test,766,829,830,0.8096376991927543,0.8181387031979638,0.008501004005209478
ramp__target-832,ramp,5851866067628065167,test,768,831,832,0.8143713484858486,0.8273242156027621,0.012952867116913569
ramp__target-834,ramp,5851866067628065167,test,770,833,834,0.810644000580796,0.8040647318519788,-0.0065792687288172
ramp__target-836,ramp,5851866067628065167,test,772,835,836,0.838986452281459,0.8263766380487579,-0.012609814232701022
ramp__target-838,ramp,5851866067628065167,test,774,837,838,0.8036828317078214,0.8167332037765649,0.013050372068743488
ramp__target-840,ramp,5851866067628065167,test,776,839,840,0.8305029408313788,0.8263419384135762,-0.004161002417802595
ramp__target-842,ramp,5851866067628065167,test,778,841,842,0.8145126383807512,0.818559059807961,0.00404642142720979
ramp__target-844,ramp,5851866067628065167,test,780,843,844,0.8290266781843949,0.8296014009617492,0.000574722777354264
ramp__target-846,ramp,5851866067628065167,test,782,845,846,0.8363990052700774,0.8150575311376379,-0.021341474132439475
ramp__target-848,ramp,5851866067628065167,test,784,847,848,0.8286427544252374,0.8392609046388932,0.010618150213655864
ramp__target-850,ramp,5851866067628065167,test,786,849,850,0.8390746120230673,0.8232577700523347,-0.01581684197073263
ramp__target-852,ramp,5851866067628065167,test,788,851,852,0.8502997328304602,0.8351385738245507,-0.01516115900590953
ramp__target-854,ramp,5851866067628065167,test,790,853,854,0.8191485026114868,0.830062047018411,0.01091354440692427
ramp__target-856,ramp,5851866067628065167,test,792,855,856,0.8380329649602724,0.8359269914563444,-0.002105973503927938
ramp__target-858,ramp,5851866067628065167,test,794,857,858,0.843775772281561,0.8382800896656375,-0.005495682615923481
ramp__target-860,ramp,5851866067628065167,test,796,859,860,0.8426206204658796,0.8233680850271844,-0.019252535438695206
ramp__target-862,ramp,5851866067628065167,test,798,861,862,0.8305641505934684,0.8467900447148742,0.016225894121405737
ramp__target-864,ramp,5851866067628065167,test,800,863,864,0.8475516968848925,0.8548633673313819,0.007311670446489393
ramp__target-866,ramp,5851866067628065167,test,802,865,866,0.8465206297677441,0.8402379923888406,-0.006282637378903555
ramp__target-868,ramp,5851866067628065167,test,804,867,868,0.8377141254678971,0.8471636910585604,0.009449565590663234
ramp__target-870,ramp,5851866067628065167,test,806,869,870,0.8357773966173396,0.857395762685706,0.021618366068366424
ramp__target-872,ramp,5851866067628065167,test,808,871,872,0.8562776253314329,0.8558996053118331,-0.0003780200195998562
ramp__target-874,ramp,5851866067628065167,test,810,873,874,0.8619232769604978,0.869802885436449,0.00787960847595126
ramp__target-876,ramp,5851866067628065167,test,812,875,876,0.8664299719517349,0.8660310206525264,-0.00039895129920852757
ramp__target-878,ramp,5851866067628065167,test,814,877,878,0.8647190837573226,0.8392374177011855,-0.02548166605613711
ramp__target-880,ramp,5851866067628065167,test,816,879,880,0.8589897449626391,0.8698118022162966,0.01082205725365748
ramp__target-882,ramp,5851866067628065167,test,818,881,882,0.8730502231094157,0.8719708873981187,-0.0010793357112970359
ramp__target-884,ramp,5851866067628065167,test,820,883,884,0.8565318252450775,0.8547894447716904,-0.0017423804733871506
ramp__target-886,ramp,5851866067628065167,test,822,885,886,0.8691023767742482,0.872021235688853,0.0029188589146048605
ramp__target-888,ramp,5851866067628065167,test,824,887,888,0.8741906104055693,0.863869194723915,-0.010321415681654345
ramp__target-890,ramp,5851866067628065167,test,826,889,890,0.8799552919446858,0.849252893226173,-0.03070239871851277
ramp__target-892,ramp,5851866067628065167,test,828,891,892,0.8787498794489912,0.8682788192523211,-0.010471060196670101
ramp__target-894,ramp,5851866067628065167,test,830,893,894,0.8885819252286404,0.8869351661109153,-0.0016467591177251606
ramp__target-896,ramp,5851866067628065167,test,832,895,896,0.8749346565321239,0.8809291026093146,0.005994446077190685
ramp__target-898,ramp,5851866067628065167,test,834,897,898,0.8809835980994448,0.8869296282279702,0.005946030128525348
ramp__target-900,ramp,5851866067628065167,test,836,899,900,0.8845841260321508,0.872427280200599,-0.012156845831551744
ramp__target-902,ramp,5851866067628065167,test,838,901,902,0.8794808017001653,0.8850152311409987,0.005534429440833377
ramp__target-904,ramp,5851866067628065167,test,840,903,904,0.8877473244075549,0.8980968406344045,0.010349516226849653
ramp__target-906,ramp,5851866067628065167,test,842,905,906,0.8714977311904931,0.8861802879578055,0.014682556767312338
ramp__target-908,ramp,5851866067628065167,test,844,907,908,0.8926958946114587,0.9105291864227553,0.01783329181129656
ramp__target-910,ramp,5851866067628065167,test,846,909,910,0.886764882209617,0.8811185632383931,-0.005646318971223918
ramp__target-912,ramp,5851866067628065167,test,848,911,912,0.8792049721030667,0.8901826115238819,0.0109776394208152
ramp__target-914,ramp,5851866067628065167,test,850,913,914,0.9065441308353944,0.8971509362877815,-0.009393194547612893
ramp__target-916,ramp,5851866067628065167,test,852,915,916,0.8904840979562413,0.9129024731066768,0.022418375150435543
ramp__target-918,ramp,5851866067628065167,test,854,917,918,0.9024320543206156,0.9181715876539794,0.015739533333363864
ramp__target-920,ramp,5851866067628065167,test,856,919,920,0.9027425619981146,0.8999918388273268,-0.002750723170787839
ramp__target-922,ramp,5851866067628065167,test,858,921,922,0.9003434254847787,0.9140400861648776,0.013696660680098893
ramp__target-924,ramp,5851866067628065167,test,860,923,924,0.9042672183270698,0.9270976304116595,0.02283041208458969
ramp__target-926,ramp,5851866067628065167,test,862,925,926,0.9098698007214483,0.8971173236617765,-0.012752477059671752
ramp__target-928,ramp,5851866067628065167,test,864,927,928,0.9055100870164534,0.9308472940221892,0.02533720700573583
ramp__target-930,ramp,5851866067628065167,test,866,929,930,0.9085550930758618,0.8964415412479005,-0.012113551827961255
ramp__target-932,ramp,5851866067628065167,test,868,931,932,0.908454777434352,0.9020618541423924,-0.006392923291959618
ramp__target-934,ramp,5851866067628065167,test,870,933,934,0.9226989090536788,0.8975803206321074,-0.02511858842157144
ramp__target-936,ramp,5851866067628065167,test,872,935,936,0.910704166328331,0.9096234970079323,-0.0010806693203986306
ramp__target-938,ramp,5851866067628065167,test,874,937,938,0.9317266607196613,0.9122285469301126,-0.019498113789548688
ramp__target-940,ramp,5851866067628065167,test,876,939,940,0.9112930910133943,0.9270076876850462,0.01571459667165187
ramp__target-942,ramp,5851866067628065167,test,878,941,942,0.9329454449251426,0.9195292087989062,-0.013416236126236436
ramp__target-944,ramp,5851866067628065167,test,880,943,944,0.9108878629509424,0.9283572892907668,0.0174694263398244
ramp__target-946,ramp,5851866067628065167,test,882,945,946,0.9206488055634467,0.9292982160423978,0.00864941047895107
ramp__target-948,ramp,5851866067628065167,test,884,947,948,0.9304780538458962,0.9155547620682233,-0.014923291777672931
ramp__target-950,ramp,5851866067628065167,test,886,949,950,0.9433890501017076,0.9005636262334237,-0.04282542386828392
ramp__target-952,ramp,5851866067628065167,test,888,951,952,0.9435482086172439,0.9203351009992227,-0.0232131076180212
ramp__target-954,ramp,5851866067628065167,test,890,953,954,0.9408171224550954,0.9324226158681228,-0.008394506586972605
ramp__target-956,ramp,5851866067628065167,test,892,955,956,0.9405784437500335,0.9256514840277301,-0.014926959722303401
ramp__target-958,ramp,5851866067628065167,test,894,957,958,0.9412411957992972,0.9411151374185394,-0.00012605838075785414
ramp__target-960,ramp,5851866067628065167,test,896,959,960,0.942016891122715,0.9468448345635471,0.004827943440832039
ramp__target-962,ramp,5851866067628065167,test,898,961,962,0.9249061197965064,0.9558517030029074,0.03094558320640106
ramp__target-964,ramp,5851866067628065167,test,900,963,964,0.9464750999085579,0.942753981391761,-0.0037211185167969063
ramp__target-966,ramp,5851866067628065167,test,902,965,966,0.925879113025198,0.9436921188314564,0.017813005806258442
ramp__target-968,ramp,5851866067628065167,test,904,967,968,0.9357578880090367,0.9451073760274328,0.00934948801839608
ramp__target-970,ramp,5851866067628065167,test,906,969,970,0.945547463985582,0.9551522080615509,0.009604744075968896
ramp__target-972,ramp,5851866067628065167,test,908,971,972,0.9494822554281278,0.9402008740202629,-0.009281381407864941
ramp__target-974,ramp,5851866067628065167,test,910,973,974,0.9543975151402172,0.9627539402170223,0.008356425076805118
ramp__target-976,ramp,5851866067628065167,test,912,975,976,0.9594288773430155,0.963331573781471,0.003902696438455533
ramp__target-978,ramp,5851866067628065167,test,914,977,978,0.959548358647392,0.9560233072105502,-0.0035250514368417862
ramp__target-980,ramp,5851866067628065167,test,916,979,980,0.9623670096621891,0.9526598999184273,-0.009707109743761877
ramp__target-982,ramp,5851866067628065167,test,918,981,982,0.9496926325246463,0.9787211815631686,0.029028549038522256
ramp__target-984,ramp,5851866067628065167,test,920,983,984,0.955104274211815,0.9541806973270776,-0.0009235768847374315
ramp__target-986,ramp,5851866067628065167,test,922,985,986,0.9675820456674988,0.9673192819194045,-0.0002627637480943079
ramp__target-988,ramp,5851866067628065167,test,924,987,988,0.9498050055944353,0.9676528512221355,0.017847845627700254
ramp__target-990,ramp,5851866067628065167,test,926,989,990,0.9693583337803224,0.9808974675041353,0.011539133723812878
ramp__target-992,ramp,5851866067628065167,test,928,991,992,0.9550560205839694,0.9543692673145585,-0.0006867532694109224
ramp__target-994,ramp,5851866067628065167,test,930,993,994,0.9786214566490029,0.9649681593327001,-0.013653297316302826
ramp__target-996,ramp,5851866067628065167,test,932,995,996,0.953758377237376,0.9709562319372707,0.017197854699894655
ramp__target-998,ramp,5851866067628065167,test,934,997,998,0.9693497913194392,0.9798458985731456,0.010496107253706422
ramp__target-1000,ramp,5851866067628065167,test,936,999,1000,0.9784849797832307,0.9785190700199661,3.4090236735395685e-05
ramp__target-1002,ramp,5851866067628065167,test,938,1001,1002,0.9731622797669769,0.9792709482049341,0.00610866843795721
ramp__target-1004,ramp,5851866067628065167,test,940,1003,1004,0.9638210418424238,0.9590786419862718,-0.004742399856151991
ramp__target-1006,ramp,5851866067628065167,test,942,1005,1006,0.9646109130620757,0.9777200612177479,0.013109148155672212
ramp__target-1008,ramp,5851866067628065167,test,944,1007,1008,0.9903120389574196,0.9807667051008334,-0.00954533385658618
ramp__target-1010,ramp,5851866067628065167,test,946,1009,1010,0.9903752396118826,1.0020750164732495,0.011699776861366917
ramp__target-1012,ramp,5851866067628065167,test,948,1011,1012,0.9926134753489927,0.9917832450928162,-0.0008302302561764563
ramp__target-1014,ramp,5851866067628065167,test,950,1013,1014,1.0006130921940746,1.0009644114528633,0.00035131925878872927
ramp__target-1016,ramp,5851866067628065167,test,952,1015,1016,0.9808627819838279,0.9932829877509786,0.012420205767150638
ramp__target-1018,ramp,5851866067628065167,test,954,1017,1018,0.9898262872016286,0.9939418871799393,0.00411559997831068
ramp__target-1020,ramp,5851866067628065167,test,956,1019,1020,1.003894133050069,1.0112085241117792,0.007314391061710168
ramp__target-1022,ramp,5851866067628065167,test,958,1021,1022,1.0037731445650566,0.9898435095479821,-0.01392963501707456
piecewise_linear__target-64,piecewise_linear,7047214652103394396,train,0,63,64,0.25129568727080354,0.2636330793778195,0.012337392107015954
piecewise_linear__target-66,piecewise_linear,7047214652103394396,train,2,65,66,0.2706025740602171,0.26632475900539127,-0.004277815054825829
piecewise_linear__target-68,piecewise_linear,7047214652103394396,train,4,67,68,0.26725330193334285,0.2780967512381298,0.010843449304786978
piecewise_linear__target-70,piecewise_linear,7047214652103394396,train,6,69,70,0.27251565131970495,0.2990328877642728,0.026517236444567827
piecewise_linear__target-72,piecewise_linear,7047214652103394396,train,8,71,72,0.2645434030898554,0.2747718919220755,0.010228488832220106
piecewise_linear__target-74,piecewise_linear,7047214652103394396,train,10,73,74,0.30956543923543633,0.28127043161707244,-0.0282950076183639
piecewise_linear__target-76,piecewise_linear,7047214652103394396,train,12,75,76,0.30002637997453885,0.2944220318833116,-0.005604348091227229
piecewise_linear__target-78,piecewise_linear,7047214652103394396,train,14,77,78,0.3060340920684785,0.3085939196793435,0.0025598276108650397
piecewise_linear__target-80,piecewise_linear,7047214652103394396,train,16,79,80,0.28641433220756096,0.3137259692578616,0.027311637050300652
piecewise_linear__target-82,piecewise_linear,7047214652103394396,train,18,81,82,0.3245517815355769,0.3162610129803244,-0.008290768555252515
piecewise_linear__target-84,piecewise_linear,7047214652103394396,train,20,83,84,0.3143666530570044,0.32866375869434833,0.014297105637343932
piecewise_linear__target-86,piecewise_linear,7047214652103394396,train,22,85,86,0.3383369513541734,0.32128090832985995,-0.01705604302431346
piecewise_linear__target-88,piecewise_linear,7047214652103394396,train,24,87,88,0.31924675191128477,0.35614863865212476,0.036901886740839995
piecewise_linear__target-90,piecewise_linear,7047214652103394396,train,26,89,90,0.3430296731553294,0.3566515138202118,0.013621840664882423
piecewise_linear__target-92,piecewise_linear,7047214652103394396,train,28,91,92,0.34915527299738863,0.3434067094084847,-0.00574856358890391
piecewise_linear__target-94,piecewise_linear,7047214652103394396,train,30,93,94,0.36909689052210676,0.35492321137784366,-0.014173679144263096
piecewise_linear__target-96,piecewise_linear,7047214652103394396,train,32,95,96,0.37172858522090746,0.3898441435143967,0.018115558293489264
piecewise_linear__target-98,piecewise_linear,7047214652103394396,train,34,97,98,0.40209705387221756,0.3995593521974131,-0.002537701674804438
piecewise_linear__target-100,piecewise_linear,7047214652103394396,train,36,99,100,0.37618933402657345,0.39421153905644624,0.018022205029872784
piecewise_linear__target-102,piecewise_linear,7047214652103394396,train,38,101,102,0.3992647690193787,0.39757982022805544,-0.0016849487913232486
piecewise_linear__target-104,piecewise_linear,7047214652103394396,train,40,103,104,0.3862466049916845,0.41852566169163347,0.03227905669994896
piecewise_linear__target-106,piecewise_linear,7047214652103394396,train,42,105,106,0.4125433429553537,0.42446731972418317,0.011923976768829447
piecewise_linear__target-108,piecewise_linear,7047214652103394396,train,44,107,108,0.4088406939985146,0.4270530901297397,0.018212396131225106
piecewise_linear__target-110,piecewise_linear,7047214652103394396,train,46,109,110,0.41162531122443624,0.4364348612603273,0.02480955003589108
piecewise_linear__target-112,piecewise_linear,7047214652103394396,train,48,111,112,0.43552898693736397,0.41986969381685535,-0.01565929312050862
piecewise_linear__target-114,piecewise_linear,7047214652103394396,train,50,113,114,0.45374326934861176,0.4417167945112649,-0.012026474837346868
piecewise_linear__target-116,piecewise_linear,7047214652103394396,train,52,115,116,0.4321984437096783,0.46498995843250107,0.03279151472282277
piecewise_linear__target-118,piecewise_linear,7047214652103394396,train,54,117,118,0.45655839874328896,0.4679283819884266,0.01136998324513766
piecewise_linear__target-120,piecewise_linear,7047214652103394396,train,56,119,120,0.46056857036900045,0.4718773633244794,0.01130879295547893
piecewise_linear__target-122,piecewise_linear,7047214652103394396,train,58,121,122,0.4654885743974519,0.47505144290672613,0.009562868509274236
piecewise_linear__target-124,piecewise_linear,7047214652103394396,train,60,123,124,0.466207413201024,0.49789835512608,0.031690941925056004
piecewise_linear__target-126,piecewise_linear,7047214652103394396,train,62,125,126,0.48792908486169306,0.4963963327128289,0.00846724785113584
piecewise_linear__target-128,piecewise_linear,7047214652103394396,train,64,127,128,0.5050220323290856,0.47928487237944273,-0.025737159949642874
piecewise_linear__target-130,piecewise_linear,7047214652103394396,train,66,129,130,0.5003267673231937,0.5036579255673301,0.003331158244136434
piecewise_linear__target-132,piecewise_linear,7047214652103394396,train,68,131,132,0.5014083596632657,0.5154074917876157,0.01399913212435
piecewise_linear__target-134,piecewise_linear,7047214652103394396,train,70,133,134,0.5196362007869574,0.5248616585520401,0.005225457765082764
piecewise_linear__target-136,piecewise_linear,7047214652103394396,train,72,135,136,0.5337294573563961,0.5235626528004627,-0.01016680455593344
piecewise_linear__target-138,piecewise_linear,7047214652103394396,train,74,137,138,0.5278233789452151,0.5482962503682666,0.02047287142305143
piecewise_linear__target-140,piecewise_linear,7047214652103394396,train,76,139,140,0.5543280426926687,0.5400058010747759,-0.01432224161789275
piecewise_linear__target-142,piecewise_linear,7047214652103394396,train,78,141,142,0.5372539612357429,0.5420029449125621,0.004748983676819196
piecewise_linear__target-144,piecewise_linear,7047214652103394396,train,80,143,144,0.5625007886701489,0.5525020564603266,-0.00999873220982228
piecewise_linear__target-146,piecewise_linear,7047214652103394396,train,82,145,146,0.563535640916165,0.5804184473806014,0.016882806464436406
piecewise_linear__target-148,piecewise_linear,7047214652103394396,train,84,147,148,0.5824141591460169,0.5665175664491269,-0.015896592696890033
piecewise_linear__target-150,piecewise_linear,7047214652103394396,train,86,149,150,0.5708439811172467,0.59452262003582,0.023678638918573358
piecewise_linear__target-152,piecewise_linear,7047214652103394396,train,88,151,152,0.5796742573192398,0.6040377250036247,0.02436346768438491
piecewise_linear__target-154,piecewise_linear,7047214652103394396,train,90,153,154,0.6150021020930589,0.5934468739354357,-0.02155522815762323
piecewise_linear__target-156,piecewise_linear,7047214652103394396,train,92,155,156,0.6082328719557729,0.61426497653284,0.006032104577067043
piecewise_linear__target-158,piecewise_linear,7047214652103394396,train,94,157,158,0.6115129560963237,0.6277917213911484,0.016278765294824638
piecewise_linear__target-160,piecewise_linear,7047214652103394396,train,96,159,160,0.6302438188312847,0.6151041112255614,-0.015139707605723252
piecewise_linear__target-162,piecewise_linear,7047214652103394396,train,98,161,162,0.6213901757633024,0.6407747532271378,0.019384577463835484
piecewise_linear__target-164,piecewise_linear,7047214652103394396,train,100,163,164,0.6356939129828872,0.6564550664515644,0.02076115346867713
piecewise_linear__target-166,piecewise_linear,7047214652103394396,train,102,165,166,0.6484971611364948,0.6581946827662214,0.009697521629726591
piecewise_linear__target-168,piecewise_linear,7047214652103394396,train,104,167,168,0.647654487205234,0.6491542827929672,0.001499795587733166
piecewise_linear__target-170,piecewise_linear,7047214652103394396,train,106,169,170,0.6659463883742496,0.6508889339017919,-0.015057454472457654
piecewise_linear__target-172,piecewise_linear,7047214652103394396,train,108,171,172,0.6686239352664647,0.6650546523649992,-0.0035692829014655203
piecewise_linear__target-174,piecewise_linear,7047214652103394396,train,110,173,174,0.6692535231408973,0.6751109052898517,0.005857382148954482
piecewise_linear__target-176,piecewise_linear,7047214652103394396,train,112,175,176,0.6947116026448823,0.6898890875952504,-0.004822515049631937
piecewise_linear__target-178,piecewise_linear,7047214652103394396,train,114,177,178,0.6846642951186465,0.6960435929914243,0.011379297872777805
piecewise_linear__target-180,piecewise_linear,7047214652103394396,train,116,179,180,0.6934171527200138,0.7129556720589156,0.019538519338901827
piecewise_linear__target-182,piecewise_linear,7047214652103394396,train,118,181,182,0.7013029046123909,0.7214179593413561,0.020115054728965243
piecewise_linear__target-184,piecewise_linear,7047214652103394396,train,120,183,184,0.714172419847831,0.7217366667613787,0.007564246913547734
piecewise_linear__target-186,piecewise_linear,7047214652103394396,train,122,185,186,0.7360338507679062,0.7174880814251534,-0.01854576934275276
piecewise_linear__target-188,piecewise_linear,7047214652103394396,train,124,187,188,0.7182782173253499,0.7469765974502944,0.028698380124944523
piecewise_linear__target-190,piecewise_linear,7047214652103394396,train,126,189,190,0.7308180138810371,0.7394713602701423,0.008653346389105199
piecewise_linear__target-192,piecewise_linear,7047214652103394396,train,128,191,192,0.753370957535798,0.7371591379309392,-0.016211819604858735
piecewise_linear__target-194,piecewise_linear,7047214652103394396,train,130,193,194,0.7543979199871149,0.7689423654688561,0.014544445481741164
piecewise_linear__target-196,piecewise_linear,7047214652103394396,train,132,195,196,0.752061408059006,0.7504068976214966,-0.0016545104375094155
piecewise_linear__target-198,piecewise_linear,7047214652103394396,train,134,197,198,0.7788796066171157,0.7542629437882825,-0.024616662828833236
piecewise_linear__target-200,piecewise_linear,7047214652103394396,train,136,199,200,0.778378891125345,0.781068394136177,0.0026895030108320395
piecewise_linear__target-202,piecewise_linear,7047214652103394396,train,138,201,202,0.7963985561885362,0.7819593745061695,-0.014439181682366686
piecewise_linear__target-204,piecewise_linear,7047214652103394396,train,140,203,204,0.8064184493639143,0.786636478721618,-0.019781970642296254
piecewise_linear__target-206,piecewise_linear,7047214652103394396,train,142,205,206,0.7910480175952103,0.79368031958396,0.0026323019887497523
piecewise_linear__target-208,piecewise_linear,7047214652103394396,train,144,207,208,0.7941180389680724,0.7758342374547688,-0.018283801513303666
piecewise_linear__target-210,piecewise_linear,7047214652103394396,train,146,209,210,0.7733672081313514,0.7827507724232767,0.009383564291925328
piecewise_linear__target-212,piecewise_linear,7047214652103394396,train,148,211,212,0.7693324118866296,0.7705396747072158,0.0012072628205862523
piecewise_linear__target-214,piecewise_linear,7047214652103394396,train,150,213,214,0.7566066815286231,0.7648333023537767,0.008226620825153574
piecewise_linear__target-216,piecewise_linear,7047214652103394396,train,152,215,216,0.7499073157107762,0.7418606864799197,-0.008046629230856528
piecewise_linear__target-218,piecewise_linear,7047214652103394396,train,154,217,218,0.7382257635713743,0.7369488733502947,-0.001276890221079574
piecewise_linear__target-220,piecewise_linear,7047214652103394396,train,156,219,220,0.7345707638998142,0.7366483800842188,0.002077616184404607
piecewise_linear__target-222,piecewise_linear,7047214652103394396,train,158,221,222,0.7362268160541128,0.7047286681710498,-0.03149814788306293
piecewise_linear__target-224,piecewise_linear,7047214652103394396,train,160,223,224,0.7060984319826323,0.7076174226991763,0.0015189907165439331
piecewise_linear__target-226,piecewise_linear,7047214652103394396,train,162,225,226,0.7053164138491779,0.7089840734326269,0.0036676595834490566
piecewise_linear__target-228,piecewise_linear,7047214652103394396,train,164,227,228,0.7018332147978819,0.6779580556188908,-0.02387515917899108
piecewise_linear__target-230,piecewise_linear,7047214652103394396,train,166,229,230,0.6805262360412141,0.6791124962646766,-0.0014137397765374704
piecewise_linear__target-232,piecewise_linear,7047214652103394396,train,168,231,232,0.6684687041141651,0.668225833598025,-0.00024287051614013677
piecewise_linear__target-234,piecewise_linear,7047214652103394396,train,170,233,234,0.6740803290851599,0.6650484056111189,-0.009031923474041026
piecewise_linear__target-236,piecewise_linear,7047214652103394396,train,172,235,236,0.6532008697598132,0.660431497149577,0.007230627389763877
piecewise_linear__target-238,piecewise_linear,7047214652103394396,train,174,237,238,0.6338938942972064,0.6471037022664612,0.01320980796925475
piecewise_linear__target-240,piecewise_linear,7047214652103394396,train,176,239,240,0.6146288016977444,0.6284629919882034,0.01383419029045907
piecewise_linear__target-242,piecewise_linear,7047214652103394396,train,178,241,242,0.6429952105280918,0.630093898499932,-0.012901312028159806
piecewise_linear__target-244,piecewise_linear,7047214652103394396,train,180,243,244,0.6220140522934068,0.6205429866883958,-0.0014710656050109794
piecewise_linear__target-246,piecewise_linear,7047214652103394396,train,182,245,246,0.6013578447521494,0.608568199946687,0.00721035519453761
piecewise_linear__target-248,piecewise_linear,7047214652103394396,train,184,247,248,0.5910866734450988,0.6052538244418673,0.014167150996768463
piecewise_linear__target-250,piecewise_linear,7047214652103394396,train,186,249,250,0.5836513299124391,0.6007473786122156,0.017096048699776545
piecewise_linear__target-252,piecewise_linear,7047214652103394396,train,188,251,252,0.5892811208557599,0.5933209422824043,0.0040398214266443855
piecewise_linear__target-254,piecewise_linear,7047214652103394396,train,190,253,254,0.5749780228800498,0.5728742250384933,-0.002103797841556565
piecewise_linear__target-256,piecewise_linear,7047214652103394396,train,192,255,256,0.5487255671226912,0.5446138552342686,-0.00411171188842252
piecewise_linear__target-258,piecewise_linear,7047214652103394396,train,194,257,258,0.5477273613297282,0.551350368219068,0.003623006889339808
piecewise_linear__target-260,piecewise_linear,7047214652103394396,train,196,259,260,0.5541926849779085,0.5379182233611959,-0.016274461616712643
piecewise_linear__target-262,piecewise_linear,7047214652103394396,train,198,261,262,0.5481672954291349,0.5232679884111977,-0.02489930701793719
piecewise_linear__target-264,piecewise_linear,7047214652103394396,train,200,263,264,0.5234087289650698,0.5309464956378565,0.0075377666727866055
piecewise_linear__target-266,piecewise_linear,7047214652103394396,train,202,265,266,0.5125391308419284,0.5017814901205444,-0.010757640721383965
piecewise_linear__target-268,piecewise_linear,7047214652103394396,train,204,267,268,0.491679748650257,0.5030028188204404,0.011323070170183414
piecewise_linear__target-270,piecewise_linear,7047214652103394396,train,206,269,270,0.4971957998843757,0.4960202347790069,-0.0011755651053687588
piecewise_linear__target-272,piecewise_linear,7047214652103394396,train,208,271,272,0.4908492765180906,0.501071790015723,0.010222513497632368
piecewise_linear__target-274,piecewise_linear,7047214652103394396,train,210,273,274,0.46167763281744767,0.4967606397978185,0.03508300698037081
piecewise_linear__target-276,piecewise_linear,7047214652103394396,train,212,275,276,0.47507223427335404,0.4553618247648427,-0.01971040950851133
piecewise_linear__target-278,piecewise_linear,7047214652103394396,train,214,277,278,0.4697341527252561,0.4720510780068244,0.002316925281568294
piecewise_linear__target-280,piecewise_linear,7047214652103394396,train,216,279,280,0.45666755742871884,0.4359856011324293,-0.02068195629628955
piecewise_linear__target-282,piecewise_linear,7047214652103394396,train,218,281,282,0.4551115096502164,0.4260586947395867,-0.02905281491062972
piecewise_linear__target-284,piecewise_linear,7047214652103394396,train,220,283,284,0.42694534875027956,0.43713388124163755,0.010188532491357982
piecewise_linear__target-286,piecewise_linear,7047214652103394396,train,222,285,286,0.4200638208486906,0.421901502834137,0.0018376819854464266
piecewise_linear__target-288,piecewise_linear,7047214652103394396,train,224,287,288,0.4082313412688723,0.4268313959247751,0.01860005465590281
piecewise_linear__target-290,piecewise_linear,7047214652103394396,train,226,289,290,0.40785360333536436,0.3960579155368312,-0.011795687798533183
piecewise_linear__target-292,piecewise_linear,7047214652103394396,train,228,291,292,0.39376474169250464,0.3845505219607972,-0.00921421973170744
piecewise_linear__target-294,piecewise_linear,7047214652103394396,train,230,293,294,0.3709989668185394,0.3955185183617348,0.024519551543195406
piecewise_linear__target-296,piecewise_linear,7047214652103394396,train,232,295,296,0.37198542760937586,0.3717919192636863,-0.00019350834568954145
piecewise_linear__target-298,piecewise_linear,7047214652103394396,train,234,297,298,0.3721824539991974,0.38054580024542173,0.008363346246224312
piecewise_linear__target-300,piecewise_linear,7047214652103394396,train,236,299,300,0.3505447778003528,0.3417002327322655,-0.008844545068087295
piecewise_linear__target-302,piecewise_linear,7047214652103394396,train,238,301,302,0.34886788625137477,0.35974952725358283,0.010881641002208065
piecewise_linear__target-304,piecewise_linear,7047214652103394396,train,240,303,304,0.3406323689367336,0.34379809967956204,0.003165730742828443
piecewise_linear__target-306,piecewise_linear,7047214652103394396,train,242,305,306,0.3386894374288359,0.3228371708726398,-0.015852266556196093
piecewise_linear__target-308,piecewise_linear,7047214652103394396,train,244,307,308,0.3043902202871183,0.30896637118887926,0.004576150901760945
piecewise_linear__target-310,piecewise_linear,7047214652103394396,train,246,309,310,0.29969766725869756,0.3114128775245692,0.011715210265871634
piecewise_linear__target-312,piecewise_linear,7047214652103394396,train,248,311,312,0.2966085571682489,0.2912419507049753,-0.005366606463273582
piecewise_linear__target-314,piecewise_linear,7047214652103394396,train,250,313,314,0.29822464910115287,0.2835422479890507,-0.014682401112102172
piecewise_linear__target-316,piecewise_linear,7047214652103394396,train,252,315,316,0.278096367357161,0.27822449026834,0.0001281229111790294
piecewise_linear__target-318,piecewise_linear,7047214652103394396,train,254,317,318,0.27395657761422393,0.2603527137381512,-0.013603863876072708
piecewise_linear__target-320,piecewise_linear,7047214652103394396,train,256,319,320,0.2497911328213857,0.2554728369529758,0.005681704131590082
piecewise_linear__target-322,piecewise_linear,7047214652103394396,train,258,321,322,0.2544828461548056,0.23205093763443768,-0.022431908520367916
piecewise_linear__target-324,piecewise_linear,7047214652103394396,train,260,323,324,0.22599329852002079,0.25570164814406865,0.029708349624047864
piecewise_linear__target-326,piecewise_linear,7047214652103394396,train,262,325,326,0.23006557976840855,0.23194198366251803,0.0018764038941094796
piecewise_linear__target-328,piecewise_linear,7047214652103394396,train,264,327,328,0.21763542176798825,0.2138380186131406,-0.0037974031548476395
piecewise_linear__target-330,piecewise_linear,7047214652103394396,train,266,329,330,0.22268901272195343,0.20426571355408574,-0.018423299167867696
piecewise_linear__target-332,piecewise_linear,7047214652103394396,train,268,331,332,0.2101042959217905,0.2208140858951974,0.010709789973406908
piecewise_linear__target-334,piecewise_linear,7047214652103394396,train,270,333,334,0.21818906961345183,0.19451668843485428,-0.023672381178597546
piecewise_linear__target-336,piecewise_linear,7047214652103394396,train,272,335,336,0.19873077973441192,0.17852247577816238,-0.020208303956249535
piecewise_linear__target-338,piecewise_linear,7047214652103394396,train,274,337,338,0.18297611650937098,0.1681249180176855,-0.01485119849168548
piecewise_linear__target-340,piecewise_linear,7047214652103394396,train,276,339,340,0.17638462218518242,0.16159194516250136,-0.014792677022681056
piecewise_linear__target-342,piecewise_linear,7047214652103394396,train,278,341,342,0.16143325947692044,0.15642827177957083,-0.005004987697349611
piecewise_linear__target-344,piecewise_linear,7047214652103394396,train,280,343,344,0.15407471401800557,0.15959392814733114,0.0055192141293255725
piecewise_linear__target-346,piecewise_linear,7047214652103394396,train,282,345,346,0.13956555971278078,0.15236257192157962,0.012797012208798836
piecewise_linear__target-348,piecewise_linear,7047214652103394396,train,284,347,348,0.13520715962361513,0.1344639046042735,-0.0007432550193416376
piecewise_linear__target-350,piecewise_linear,7047214652103394396,train,286,349,350,0.12467373601320933,0.1116881967823236,-0.012985539230885731
piecewise_linear__target-352,piecewise_linear,7047214652103394396,train,288,351,352,0.11988563867763037,0.10260119819872762,-0.01728444047890275
piecewise_linear__target-354,piecewise_linear,7047214652103394396,train,290,353,354,0.09797127350291378,0.07821829010904952,-0.019752983393864262
piecewise_linear__target-356,piecewise_linear,7047214652103394396,train,292,355,356,0.09069144407115166,0.08050547124381083,-0.010185972827340836
piecewise_linear__target-358,piecewise_linear,7047214652103394396,train,294,357,358,0.09180204665778705,0.07575635400783316,-0.016045692649953883
piecewise_linear__target-360,piecewise_linear,7047214652103394396,train,296,359,360,0.08100474421824602,0.09070128840586661,0.009696544187620587
piecewise_linear__target-362,piecewise_linear,7047214652103394396,train,298,361,362,0.06912627178081458,0.0373360862741977,-0.031790185506616886
piecewise_linear__target-364,piecewise_linear,7047214652103394396,train,300,363,364,0.06036143461674831,0.03575826525913234,-0.024603169357615973
piecewise_linear__target-366,piecewise_linear,7047214652103394396,train,302,365,366,0.03228005739603017,0.05505013981064598,0.02277008241461581
piecewise_linear__target-368,piecewise_linear,7047214652103394396,train,304,367,368,0.04389955552069692,0.014286789498805533,-0.02961276602189139
piecewise_linear__target-370,piecewise_linear,7047214652103394396,train,306,369,370,0.03248437445807063,0.014741193325535234,-0.0177431811325354
piecewise_linear__target-372,piecewise_linear,7047214652103394396,train,308,371,372,0.026351263752658262,0.005666790064076268,-0.020684473688581992
piecewise_linear__target-374,piecewise_linear,7047214652103394396,train,310,373,374,0.011524749395441777,-0.012602766932771157,-0.024127516328212934
piecewise_linear__target-376,piecewise_linear,7047214652103394396,train,312,375,376,0.012574467166096916,-0.0043225199238366456,-0.016896987089933563
piecewise_linear__target-378,piecewise_linear,7047214652103394396,train,314,377,378,-0.010576824789253961,-0.02043586326333222,-0.009859038474078258
piecewise_linear__target-380,piecewise_linear,7047214652103394396,train,316,379,380,-0.0028883158564920047,-0.009588919817927406,-0.006700603961435401
piecewise_linear__target-382,piecewise_linear,7047214652103394396,train,318,381,382,-0.03128118229338333,-0.026828704894677508,0.004452477398705822
piecewise_linear__target-384,piecewise_linear,7047214652103394396,train,320,383,384,-0.03059479003316521,-0.04278873315779767,-0.012193943124632463
piecewise_linear__target-386,piecewise_linear,7047214652103394396,train,322,385,386,-0.057184578626199245,-0.05708433746935904,0.0001002411568402084
piecewise_linear__target-388,piecewise_linear,7047214652103394396,train,324,387,388,-0.06517363465997433,-0.04671937787030207,0.01845425678967226
piecewise_linear__target-390,piecewise_linear,7047214652103394396,train,326,389,390,-0.055655949358719196,-0.06749361274735641,-0.011837663388637211
piecewise_linear__target-392,piecewise_linear,7047214652103394396,train,328,391,392,-0.0851046254714193,-0.0683818222844102,0.016722803187009097
piecewise_linear__target-394,piecewise_linear,7047214652103394396,train,330,393,394,-0.09691445516424055,-0.08627194662331238,0.010642508540928172
piecewise_linear__target-396,piecewise_linear,7047214652103394396,train,332,395,396,-0.08709911337324346,-0.09380620823300298,-0.006707094859759524
piecewise_linear__target-398,piecewise_linear,7047214652103394396,train,334,397,398,-0.11632315362088377,-0.10846813711482724,0.007855016506056536
piecewise_linear__target-400,piecewise_linear,7047214652103394396,train,336,399,400,-0.10949848562634257,-0.11161917867421947,-0.0021206930478769037
piecewise_linear__target-402,piecewise_linear,7047214652103394396,train,338,401,402,-0.10149792561900572,-0.13822961362186825,-0.03673168800286253
piecewise_linear__target-404,piecewise_linear,7047214652103394396,train,340,403,404,-0.1111471990171288,-0.14625693113261093,-0.03510973211548213
piecewise_linear__target-406,piecewise_linear,7047214652103394396,train,342,405,406,-0.13190859717678588,-0.15380482226486436,-0.02189622508807848
piecewise_linear__target-408,piecewise_linear,7047214652103394396,train,344,407,408,-0.16161366485426187,-0.1612046433534353,0.00040902150082658406
piecewise_linear__target-410,piecewise_linear,7047214652103394396,train,346,409,410,-0.15369008672460505,-0.15142547252534397,0.002264614199261078
piecewise_linear__target-412,piecewise_linear,7047214652103394396,train,348,411,412,-0.17023696639497948,-0.1719767899762358,-0.0017398235812563223
piecewise_linear__target-414,piecewise_linear,7047214652103394396,train,350,413,414,-0.18763264069605992,-0.17800131682300763,0.009631323873052294
piecewise_linear__target-416,piecewise_linear,7047214652103394396,train,352,415,416,-0.19014577317799267,-0.20209865013728984,-0.01195287695929717
piecewise_linear__target-418,piecewise_linear,7047214652103394396,train,354,417,418,-0.20002868414201358,-0.19034730748019627,0.009681376661817315
piecewise_linear__target-420,piecewise_linear,7047214652103394396,train,356,419,420,-0.22297190164610028,-0.2203988990426285,0.002573002603471791
piecewise_linear__target-422,piecewise_linear,7047214652103394396,train,358,421,422,-0.20006927448609238,-0.227751980459614,-0.027682705973521626
piecewise_linear__target-424,piecewise_linear,7047214652103394396,train,360,423,424,-0.23967116693073223,-0.23279107147171174,0.006880095459020491
piecewise_linear__target-426,piecewise_linear,7047214652103394396,train,362,425,426,-0.22731726135915153,-0.22239733244658977,0.004919928912561766
piecewise_linear__target-428,piecewise_linear,7047214652103394396,train,364,427,428,-0.25478168864304135,-0.2512004359232634,0.0035812527197779387
piecewise_linear__target-430,piecewise_linear,7047214652103394396,train,366,429,430,-0.27592658517181806,-0.2601379134091659,0.01578867176265214
piecewise_linear__target-432,piecewise_linear,7047214652103394396,train,368,431,432,-0.2553316018403487,-0.2867054652194131,-0.03137386337906439
piecewise_linear__target-434,piecewise_linear,7047214652103394396,train,370,433,434,-0.26298540561616224,-0.2878190909124294,-0.02483368529626717
piecewise_linear__target-436,piecewise_linear,7047214652103394396,train,372,435,436,-0.29929407436844396,-0.2682235869025294,0.031070487465914565
piecewise_linear__target-438,piecewise_linear,7047214652103394396,train,374,437,438,-0.29437540515743654,-0.2921852340877116,0.0021901710697249666
piecewise_linear__target-440,piecewise_linear,7047214652103394396,train,376,439,440,-0.29399654430143435,-0.30657199943026686,-0.012575455128832513
piecewise_linear__target-442,piecewise_linear,7047214652103394396,train,378,441,442,-0.3220399007683322,-0.31567288354035256,0.0063670172279796655
piecewise_linear__target-444,piecewise_linear,7047214652103394396,train,380,443,444,-0.3254969561660823,-0.320919091342259,0.00457786482382333
piecewise_linear__target-446,piecewise_linear,7047214652103394396,train,382,445,446,-0.33485063959902084,-0.340470151477356,-0.005619511878335148
piecewise_linear__target-448,piecewise_linear,7047214652103394396,train,384,447,448,-0.3346258481674858,-0.34464630477342034,-0.010020456605934536
piecewise_linear__target-450,piecewise_linear,7047214652103394396,train,386,449,450,-0.32365278251682755,-0.334584349671075,-0.010931567154247424
piecewise_linear__target-452,piecewise_linear,7047214652103394396,train,388,451,452,-0.3558632671834857,-0.3528894119620148,0.0029738552214709224
piecewise_linear__target-454,piecewise_linear,7047214652103394396,train,390,453,454,-0.38181745984347243,-0.3547845178550335,0.02703294198843892
piecewise_linear__target-456,piecewise_linear,7047214652103394396,train,392,455,456,-0.37568763618406165,-0.37724076624358066,-0.0015531300595190145
piecewise_linear__target-458,piecewise_linear,7047214652103394396,train,394,457,458,-0.3838056301007656,-0.38221917106404807,0.001586459036717558
piecewise_linear__target-460,piecewise_linear,7047214652103394396,train,396,459,460,-0.3910112075101143,-0.4082612872357837,-0.017250079725669387
piecewise_linear__target-462,piecewise_linear,7047214652103394396,train,398,461,462,-0.3940431019064929,-0.3839279175675389,0.010115184338953975
piecewise_linear__target-464,piecewise_linear,7047214652103394396,train,400,463,464,-0.3676700183411904,-0.3846533002045462,-0.016983281863355792
piecewise_linear__target-466,piecewise_linear,7047214652103394396,train,402,465,466,-0.3782169176241788,-0.367339568368116,0.010877349256062818
piecewise_linear__target-468,piecewise_linear,7047214652103394396,train,404,467,468,-0.3676980944895018,-0.3586100903692148,0.009088004120286985
piecewise_linear__target-470,piecewise_linear,7047214652103394396,train,406,469,470,-0.3464949154589371,-0.33854350013458123,0.007951415324355893
piecewise_linear__target-472,piecewise_linear,7047214652103394396,train,408,471,472,-0.33214324325444883,-0.31597879481111774,0.016164448443331092
piecewise_linear__target-474,piecewise_linear,7047214652103394396,train,410,473,474,-0.3273305289870265,-0.32569635963464055,0.0016341693523859724
piecewise_linear__target-476,piecewise_linear,7047214652103394396,train,412,475,476,-0.31593082978795184,-0.3162433473809732,-0.0003125175930213664
piecewise_linear__target-478,piecewise_linear,7047214652103394396,train,414,477,478,-0.30150973639487766,-0.290329405517552,0.011180330877325673
piecewise_linear__target-480,piecewise_linear,7047214652103394396,train,416,479,480,-0.30329490628504385,-0.29278099639037425,0.010513909894669604
piecewise_linear__target-482,piecewise_linear,7047214652103394396,train,418,481,482,-0.28467857555637116,-0.2843052965450007,0.00037327901137046426
piecewise_linear__target-484,piecewise_linear,7047214652103394396,train,420,483,484,-0.2588060598451621,-0.26221665835083313,-0.0034105985056710475
piecewise_linear__target-486,piecewise_linear,7047214652103394396,train,422,485,486,-0.2646185751700379,-0.25372949127699723,0.010889083893040663
piecewise_linear__target-488,piecewise_linear,7047214652103394396,train,424,487,488,-0.2505906457555326,-0.24645701626186248,0.004133629493670105
piecewise_linear__target-490,piecewise_linear,7047214652103394396,train,426,489,490,-0.2340514763207606,-0.22949071038596114,0.0045607659347994545
piecewise_linear__target-492,piecewise_linear,7047214652103394396,train,428,491,492,-0.22186587742320402,-0.24520618873224928,-0.023340311309045264
piecewise_linear__target-494,piecewise_linear,7047214652103394396,train,430,493,494,-0.22854094399373534,-0.20597683412038603,0.02256410987334931
piecewise_linear__target-496,piecewise_linear,7047214652103394396,train,432,495,496,-0.20879757510775554,-0.19999910212818653,0.00879847297956901
piecewise_linear__target-498,piecewise_linear,7047214652103394396,train,434,497,498,-0.2061673509131788,-0.20535333842204304,0.0008140124911357738
piecewise_linear__target-500,piecewise_linear,7047214652103394396,train,436,499,500,-0.1819178772305479,-0.19069745568273547,-0.008779578452187575
piecewise_linear__target-502,piecewise_linear,7047214652103394396,train,438,501,502,-0.16068176401218282,-0.1701720444166254,-0.00949028040444258
piecewise_linear__target-504,piecewise_linear,7047214652103394396,train,440,503,504,-0.1754879572387733,-0.1597678372515108,0.0157201199872625
piecewise_linear__target-506,piecewise_linear,7047214652103394396,train,442,505,506,-0.1679001128665718,-0.16546210046241208,0.002438012404159723
piecewise_linear__target-508,piecewise_linear,7047214652103394396,train,444,507,508,-0.1321815921028366,-0.14531478890253816,-0.013133196799701569
piecewise_linear__target-510,piecewise_linear,7047214652103394396,train,446,509,510,-0.13071065219328726,-0.13672489128193424,-0.006014239088646983
piecewise_linear__target-512,piecewise_linear,7047214652103394396,train,448,511,512,-0.12586852682549124,-0.1212696304042874,0.004598896421203841
piecewise_linear__target-514,piecewise_linear,7047214652103394396,train,450,513,514,-0.11601255588050759,-0.09835731849556752,0.01765523738494007
piecewise_linear__target-516,piecewise_linear,7047214652103394396,train,452,515,516,-0.09903823828849084,-0.09665814676816824,0.0023800915203226053
piecewise_linear__target-518,piecewise_linear,7047214652103394396,train,454,517,518,-0.10727909539096418,-0.10731655099333084,-3.745560236666223e-05
piecewise_linear__target-520,piecewise_linear,7047214652103394396,train,456,519,520,-0.08001374214676601,-0.06791051895771023,0.012103223189055781
piecewise_linear__target-522,piecewise_linear,7047214652103394396,train,458,521,522,-0.0550604897644055,-0.05165693945586608,0.0034035503085394214
piecewise_linear__target-524,piecewise_linear,7047214652103394396,train,460,523,524,-0.06409912530119034,-0.05404864567622872,0.010050479624961625
piecewise_linear__target-526,piecewise_linear,7047214652103394396,train,462,525,526,-0.04788338114058299,-0.043423741244163754,0.004459639896419239
piecewise_linear__target-528,piecewise_linear,7047214652103394396,train,464,527,528,-0.03597834742579924,-0.029409389366854416,0.006568958058944821
piecewise_linear__target-530,piecewise_linear,7047214652103394396,train,466,529,530,0.002406073371454792,-0.029014974350361926,-0.03142104772181672
piecewise_linear__target-532,piecewise_linear,7047214652103394396,train,468,531,532,-0.018966252388568576,0.0036141072182463915,0.022580359606814968
piecewise_linear__target-534,piecewise_linear,7047214652103394396,train,470,533,534,0.0031391586652096664,-0.00804761156623119,-0.011186770231440856
piecewise_linear__target-536,piecewise_linear,7047214652103394396,train,472,535,536,0.009903141781179388,0.015864813507931907,0.005961671726752519
piecewise_linear__target-538,piecewise_linear,7047214652103394396,train,474,537,538,0.03227553847036439,0.026484065043301083,-0.00579147342706331
piecewise_linear__target-540,piecewise_linear,7047214652103394396,train,476,539,540,0.02818524584496957,0.04362908962638822,0.01544384378141865
piecewise_linear__target-542,piecewise_linear,7047214652103394396,train,478,541,542,0.034115303235160425,0.044185986598543094,0.010070683363382668
piecewise_linear__target-544,piecewise_linear,7047214652103394396,train,480,543,544,0.06581864274234552,0.046335310872587535,-0.01948333186975798
piecewise_linear__target-546,piecewise_linear,7047214652103394396,train,482,545,546,0.07232061968592995,0.0616601200729551,-0.010660499612974855
piecewise_linear__target-548,piecewise_linear,7047214652103394396,train,484,547,548,0.0887150984033783,0.06967080482313504,-0.01904429358024326
piecewise_linear__target-550,piecewise_linear,7047214652103394396,train,486,549,550,0.07847017305448094,0.08363109915704094,0.005160926102559998
piecewise_linear__target-552,piecewise_linear,7047214652103394396,train,488,551,552,0.10564121851778965,0.08532686014820348,-0.020314358369586172
piecewise_linear__target-554,piecewise_linear,7047214652103394396,train,490,553,554,0.10482742606550938,0.12402999569508978,0.019202569629580404
piecewise_linear__target-556,piecewise_linear,7047214652103394396,train,492,555,556,0.12971594880417997,0.1180885781510212,-0.011627370653158775
piecewise_linear__target-558,piecewise_linear,7047214652103394396,train,494,557,558,0.12002682276173321,0.129769792745445,0.009742969983711797
piecewise_linear__target-560,piecewise_linear,7047214652103394396,train,496,559,560,0.10671474543188494,0.14015214111622476,0.033437395684339816
piecewise_linear__target-562,piecewise_linear,7047214652103394396,train,498,561,562,0.13007607407842306,0.15051370143148762,0.020437627353064564
piecewise_linear__target-564,piecewise_linear,7047214652103394396,train,500,563,564,0.15528406370165038,0.1547549626237364,-0.0005291010779139849
piecewise_linear__target-566,piecewise_linear,7047214652103394396,train,502,565,566,0.15641241134134962,0.1869145813703845,0.03050217002903488
piecewise_linear__target-568,piecewise_linear,7047214652103394396,train,504,567,568,0.18751647665816806,0.18920319597383511,0.0016867193156670512
piecewise_linear__target-570,piecewise_linear,7047214652103394396,train,506,569,570,0.18241255620960667,0.2038247812093068,0.021412224999700136
piecewise_linear__target-572,piecewise_linear,7047214652103394396,train,508,571,572,0.21992741123375076,0.1990923368820558,-0.02083507435169496
piecewise_linear__target-574,piecewise_linear,7047214652103394396,train,510,573,574,0.2019324991140444,0.2112916043240737,0.009359105210029306
piecewise_linear__target-576,piecewise_linear,7047214652103394396,train,512,575,576,0.22965778852743993,0.24696821285416878,0.017310424326728857
piecewise_linear__target-578,piecewise_linear,7047214652103394396,train,514,577,578,0.2389315130676875,0.24290789869389443,0.003976385626206919
piecewise_linear__target-580,piecewise_linear,7047214652103394396,train,516,579,580,0.2423609384740806,0.2632962744847122,0.020935336010631606
piecewise_linear__target-582,piecewise_linear,7047214652103394396,train,518,581,582,0.2613804577136027,0.25957162066464645,-0.0018088370489562355
piecewise_linear__target-584,piecewise_linear,7047214652103394396,train,520,583,584,0.280052271436426,0.2886916283041933,0.00863935686776729
piecewise_linear__target-586,piecewise_linear,7047214652103394396,train,522,585,586,0.27742390135440936,0.29263704468444046,0.015213143330031098
piecewise_linear__target-588,piecewise_linear,7047214652103394396,train,524,587,588,0.285797431214403,0.29733692618097335,0.011539494966570363
piecewise_linear__target-590,piecewise_linear,7047214652103394396,train,526,589,590,0.299915995706038,0.3002125601634429,0.0002965644574048909
piecewise_linear__target-592,piecewise_linear,7047214652103394396,train,528,591,592,0.2998588461015606,0.32369077418251646,0.023831928080955855
piecewise_linear__target-594,piecewise_linear,7047214652103394396,train,530,593,594,0.3266456746637427,0.32531167073627276,-0.0013340039274699622
piecewise_linear__target-596,piecewise_linear,7047214652103394396,train,532,595,596,0.3331414364267087,0.33929546757998863,0.0061540311532799485
piecewise_linear__target-598,piecewise_linear,7047214652103394396,train,534,597,598,0.35667846683962323,0.3448634458842535,-0.011815020955369737
piecewise_linear__target-600,piecewise_linear,7047214652103394396,train,536,599,600,0.3709267163530661,0.3707677774566086,-0.0001589388964575167
piecewise_linear__target-602,piecewise_linear,7047214652103394396,train,538,601,602,0.37190572575907926,0.37277361094299266,0.0008678851839133972
piecewise_linear__target-604,piecewise_linear,7047214652103394396,train,540,603,604,0.3871854179512063,0.3649037141544475,-0.02228170379675881
piecewise_linear__target-606,piecewise_linear,7047214652103394396,train,542,605,606,0.3967406729852,0.37828592637999936,-0.018454746605200634
piecewise_linear__target-608,piecewise_linear,7047214652103394396,train,544,607,608,0.40202835006539983,0.40868985342094666,0.006661503355546827
piecewise_linear__target-610,piecewise_linear,7047214652103394396,train,546,609,610,0.4202227985403142,0.4205695697320614,0.00034677119174719717
piecewise_linear__target-612,piecewise_linear,7047214652103394396,train,548,611,612,0.4465478366149612,0.4251483589677105,-0.021399477647250698
piecewise_linear__target-614,piecewise_linear,7047214652103394396,validation,550,613,614,0.4161995517565738,0.43918435261194,0.022984800855366194
piecewise_linear__target-616,piecewise_linear,7047214652103394396,validation,552,615,616,0.4675836330782238,0.4366874638497937,-0.030896169228430137
piecewise_linear__target-618,piecewise_linear,7047214652103394396,validation,554,617,618,0.46096024255559437,0.4722240465925656,0.011263804036971248
piecewise_linear__target-620,piecewise_linear,7047214652103394396,validation,556,619,620,0.46633211351407566,0.47345021092349815,0.007118097409422486
piecewise_linear__target-622,piecewise_linear,7047214652103394396,validation,558,621,622,0.4739073220691536,0.48348302178983077,0.009575699720677178
piecewise_linear__target-624,piecewise_linear,7047214652103394396,validation,560,623,624,0.49969797949939787,0.4927093114230049,-0.006988668076392979
piecewise_linear__target-626,piecewise_linear,7047214652103394396,validation,562,625,626,0.49841494809688885,0.5010363675756402,0.00262141947875133
piecewise_linear__target-628,piecewise_linear,7047214652103394396,validation,564,627,628,0.5040269815636957,0.5155561092198079,0.011529127656112137
piecewise_linear__target-630,piecewise_linear,7047214652103394396,validation,566,629,630,0.5366807666425691,0.5358237030728457,-0.0008570635697234819
piecewise_linear__target-632,piecewise_linear,7047214652103394396,validation,568,631,632,0.5319540257910811,0.542199620897422,0.010245595106340932
piecewise_linear__target-634,piecewise_linear,7047214652103394396,validation,570,633,634,0.5613775717253445,0.5337468748577049,-0.027630696867639637
piecewise_linear__target-636,piecewise_linear,7047214652103394396,validation,572,635,636,0.5525908241991038,0.5528267427583141,0.00023591855921034632
piecewise_linear__target-638,piecewise_linear,7047214652103394396,validation,574,637,638,0.5624084246443213,0.5743034591730142,0.011895034528692894
piecewise_linear__target-640,piecewise_linear,7047214652103394396,validation,576,639,640,0.5706332799635663,0.5873285016639733,0.016695221700407048
piecewise_linear__target-642,piecewise_linear,7047214652103394396,validation,578,641,642,0.5744859890953444,0.5997738826209792,0.025287893525634764
piecewise_linear__target-644,piecewise_linear,7047214652103394396,validation,580,643,644,0.6184176200267324,0.6026017666994545,-0.015815853327277862
piecewise_linear__target-646,piecewise_linear,7047214652103394396,validation,582,645,646,0.6132059430486408,0.6252384211822742,0.012032478133633395
piecewise_linear__target-648,piecewise_linear,7047214652103394396,validation,584,647,648,0.6271702129706905,0.6212587841591267,-0.0059114288115638125
piecewise_linear__target-650,piecewise_linear,7047214652103394396,validation,586,649,650,0.6464609468003565,0.639629439832627,-0.006831506967729495
piecewise_linear__target-652,piecewise_linear,7047214652103394396,validation,588,651,652,0.6361656369318862,0.6609999721844174,0.024834335252531203
piecewise_linear__target-654,piecewise_linear,7047214652103394396,validation,590,653,654,0.6278103989044869,0.6654070071819405,0.03759660827745359
piecewise_linear__target-656,piecewise_linear,7047214652103394396,validation,592,655,656,0.6611719954843875,0.6634590675061636,0.0022870720217760265
piecewise_linear__target-658,piecewise_linear,7047214652103394396,validation,594,657,658,0.6653981669542695,0.6821204053867468,0.016722238432477332
piecewise_linear__target-660,piecewise_linear,7047214652103394396,validation,596,659,660,0.6790032525850699,0.6864385543680358,0.00743530178296592
piecewise_linear__target-662,piecewise_linear,7047214652103394396,validation,598,661,662,0.6976320637739083,0.6994383236449492,0.0018062598710408828
piecewise_linear__target-664,piecewise_linear,7047214652103394396,validation,600,663,664,0.7056382710052199,0.7169637194346288,0.011325448429408858
piecewise_linear__target-666,piecewise_linear,7047214652103394396,validation,602,665,666,0.7215667543216264,0.7209051847866044,-0.0006615695350220552
piecewise_linear__target-668,piecewise_linear,7047214652103394396,validation,604,667,668,0.7436837874618869,0.7177827123008507,-0.025901075161036236
piecewise_linear__target-670,piecewise_linear,7047214652103394396,validation,606,669,670,0.7356590590179982,0.7253115337044539,-0.010347525313544326
piecewise_linear__target-672,piecewise_linear,7047214652103394396,validation,608,671,672,0.7502002892012694,0.7665452262747539,0.0163449370734845
piecewise_linear__target-674,piecewise_linear,7047214652103394396,validation,610,673,674,0.7681295474237808,0.7771441675672373,0.009014620143456442
piecewise_linear__target-676,piecewise_linear,7047214652103394396,validation,612,675,676,0.7869574887783412,0.7856782958931391,-0.0012791928852020629
piecewise_linear__target-678,piecewise_linear,7047214652103394396,validation,614,677,678,0.786192273355872,0.775834547113964,-0.010357726241908005
piecewise_linear__target-680,piecewise_linear,7047214652103394396,validation,616,679,680,0.8159667411698361,0.7820707530146487,-0.03389598815518746
piecewise_linear__target-682,piecewise_linear,7047214652103394396,validation,618,681,682,0.8243599944124291,0.8165054432363821,-0.007854551176047053
piecewise_linear__target-684,piecewise_linear,7047214652103394396,validation,620,683,684,0.8238408983979614,0.823705514745417,-0.00013538365254439633
piecewise_linear__target-686,piecewise_linear,7047214652103394396,validation,622,685,686,0.8410648520783438,0.8536376969997691,0.012572844921425297
piecewise_linear__target-688,piecewise_linear,7047214652103394396,validation,624,687,688,0.846227638318206,0.8431185876661781,-0.0031090506520279337
piecewise_linear__target-690,piecewise_linear,7047214652103394396,validation,626,689,690,0.8776004896205586,0.8495480893526397,-0.028052400267918887
piecewise_linear__target-692,piecewise_linear,7047214652103394396,validation,628,691,692,0.8573569723196336,0.8662066808570841,0.008849708537450485
piecewise_linear__target-694,piecewise_linear,7047214652103394396,validation,630,693,694,0.8762202764506578,0.8937527338131475,0.01753245736248965
piecewise_linear__target-696,piecewise_linear,7047214652103394396,validation,632,695,696,0.8969045733507272,0.8929096091866243,-0.003994964164102832
piecewise_linear__target-698,piecewise_linear,7047214652103394396,validation,634,697,698,0.8933626775370711,0.8997374848212525,0.006374807284181383
piecewise_linear__target-700,piecewise_linear,7047214652103394396,validation,636,699,700,0.9069561352035435,0.9097550917404496,0.0027989565369060943
piecewise_linear__target-702,piecewise_linear,7047214652103394396,validation,638,701,702,0.9191368933723968,0.9267438413968196,0.007606948024422855
piecewise_linear__target-704,piecewise_linear,7047214652103394396,validation,640,703,704,0.9374712178114484,0.9138745620405266,-0.023596655770921737
piecewise_linear__target-706,piecewise_linear,7047214652103394396,validation,642,705,706,0.9522066880709528,0.939814269495365,-0.012392418575587816
piecewise_linear__target-708,piecewise_linear,7047214652103394396,validation,644,707,708,0.9455793503912708,0.9572876256191845,0.011708275227913623
piecewise_linear__target-710,piecewise_linear,7047214652103394396,validation,646,709,710,0.9741753090393103,0.9553131650356155,-0.018862144003694792
piecewise_linear__target-712,piecewise_linear,7047214652103394396,validation,648,711,712,0.9808913864745724,0.9584366760616866,-0.022454710412885825
piecewise_linear__target-714,piecewise_linear,7047214652103394396,validation,650,713,714,0.9941193195015874,0.9921767156032835,-0.0019426038983039184
piecewise_linear__target-716,piecewise_linear,7047214652103394396,validation,652,715,716,0.9920368201499081,0.9911423247716706,-0.000894495378237492
piecewise_linear__target-718,piecewise_linear,7047214652103394396,validation,654,717,718,0.9939855456217076,0.9985290721952791,0.004543526573571488
piecewise_linear__target-720,piecewise_linear,7047214652103394396,validation,656,719,720,0.9920103708415458,0.9799728421937192,-0.01203752864782659
piecewise_linear__target-722,piecewise_linear,7047214652103394396,validation,658,721,722,0.9893199724058506,0.9988365164936979,0.0095165440878473
piecewise_linear__target-724,piecewise_linear,7047214652103394396,validation,660,723,724,0.9853080665752745,0.9796329850431119,-0.0056750815321625625
piecewise_linear__target-726,piecewise_linear,7047214652103394396,validation,662,725,726,0.9624712163997192,0.9817314246310449,0.01926020823132568
piecewise_linear__target-728,piecewise_linear,7047214652103394396,validation,664,727,728,0.9705109457470282,0.9757069353909827,0.005195989643954513
piecewise_linear__target-730,piecewise_linear,7047214652103394396,validation,666,729,730,0.9706202435447073,0.9554390063699334,-0.015181237174773932
piecewise_linear__target-732,piecewise_linear,7047214652103394396,validation,668,731,732,0.9497465751364759,0.9510268957029123,0.0012803205664364548
piecewise_linear__target-734,piecewise_linear,7047214652103394396,validation,670,733,734,0.9514808745956542,0.9489564533916952,-0.0025244212039590153
piecewise_linear__target-736,piecewise_linear,7047214652103394396,validation,672,735,736,0.953718345479202,0.947463684524841,-0.006254660954361002
piecewise_linear__target-738,piecewise_linear,7047214652103394396,validation,674,737,738,0.9391307892428676,0.9261504019587274,-0.012980387284140193
piecewise_linear__target-740,piecewise_linear,7047214652103394396,validation,676,739,740,0.9516672000698607,0.9291342851112112,-0.022532914958649508
piecewise_linear__target-742,piecewise_linear,7047214652103394396,validation,678,741,742,0.932679056712622,0.9274681242476002,-0.0052109324650218
piecewise_linear__target-744,piecewise_linear,7047214652103394396,validation,680,743,744,0.9397960765392269,0.9199866711454301,-0.01980940539379683
piecewise_linear__target-746,piecewise_linear,7047214652103394396,validation,682,745,746,0.9233156929189418,0.9398620048263275,0.016546311907385758
piecewise_linear__target-748,piecewise_linear,7047214652103394396,validation,684,747,748,0.9194267319314903,0.9116069422284722,-0.00781978970301811
piecewise_linear__target-750,piecewise_linear,7047214652103394396,validation,686,749,750,0.9129028936345479,0.9038808989901991,-0.00902199464434883
piecewise_linear__target-752,piecewise_linear,7047214652103394396,validation,688,751,752,0.9162571474967669,0.9151556371912344,-0.001101510305532516
piecewise_linear__target-754,piecewise_linear,7047214652103394396,validation,690,753,754,0.8975618562445676,0.8915894594709427,-0.005972396773624933
piecewise_linear__target-756,piecewise_linear,7047214652103394396,validation,692,755,756,0.8997585398724908,0.9008054620467153,0.0010469221742245294
piecewise_linear__target-758,piecewise_linear,7047214652103394396,validation,694,757,758,0.9012419990844506,0.8835894420020757,-0.017652557082374898
piecewise_linear__target-760,piecewise_linear,7047214652103394396,validation,696,759,760,0.8981464881531243,0.8662426988945422,-0.03190378925858206
piecewise_linear__target-762,piecewise_linear,7047214652103394396,validation,698,761,762,0.8755089369361321,0.8769198976380205,0.0014109607018883974
piecewise_linear__target-764,piecewise_linear,7047214652103394396,validation,700,763,764,0.8744241292897891,0.8765705961879807,0.0021464668981916457
piecewise_linear__target-766,piecewise_linear,7047214652103394396,validation,702,765,766,0.8662578868809592,0.8755942563546972,0.00933636947373806
piecewise_linear__target-768,piecewise_linear,7047214652103394396,validation,704,767,768,0.863786737292648,0.8679132320991356,0.004126494806487635
piecewise_linear__target-770,piecewise_linear,7047214652103394396,validation,706,769,770,0.8516848148017986,0.8555177360642349,0.003832921262436284
piecewise_linear__target-772,piecewise_linear,7047214652103394396,validation,708,771,772,0.8561895018243799,0.863552385711589,0.007362883887209071
piecewise_linear__target-774,piecewise_linear,7047214652103394396,validation,710,773,774,0.8543833834966588,0.8495374233836775,-0.004845960112981218
piecewise_linear__target-776,piecewise_linear,7047214652103394396,validation,712,775,776,0.8373304412121967,0.8496600424120776,0.012329601199880913
piecewise_linear__target-778,piecewise_linear,7047214652103394396,validation,714,777,778,0.8476159040314298,0.8399966066136664,-0.00761929741776346
piecewise_linear__target-780,piecewise_linear,7047214652103394396,validation,716,779,780,0.8184053974955543,0.8524440499431054,0.03403865244755111
piecewise_linear__target-782,piecewise_linear,7047214652103394396,validation,718,781,782,0.8372925694476955,0.7990063980654728,-0.03828617138222268
piecewise_linear__target-784,piecewise_linear,7047214652103394396,validation,720,783,784,0.8330020351792273,0.8134882820463497,-0.01951375313287762
piecewise_linear__target-786,piecewise_linear,7047214652103394396,validation,722,785,786,0.82315426572133,0.8200036760547297,-0.003150589666600312
piecewise_linear__target-788,piecewise_linear,7047214652103394396,validation,724,787,788,0.8047013671570773,0.8172602359022088,0.012558868745131457
piecewise_linear__target-790,piecewise_linear,7047214652103394396,validation,726,789,790,0.8284688889340365,0.8148485918754145,-0.013620297058622
piecewise_linear__target-792,piecewise_linear,7047214652103394396,validation,728,791,792,0.7992667263450947,0.7921573532258414,-0.007109373119253304
piecewise_linear__target-794,piecewise_linear,7047214652103394396,validation,730,793,794,0.8080565067327522,0.7989279535164869,-0.009128553216265267
piecewise_linear__target-796,piecewise_linear,7047214652103394396,validation,732,795,796,0.8188616840432918,0.7803447992882181,-0.038516884755073755
piecewise_linear__target-798,piecewise_linear,7047214652103394396,validation,734,797,798,0.7777593466720317,0.7875664281613458,0.009807081489314085
piecewise_linear__target-800,piecewise_linear,7047214652103394396,validation,736,799,800,0.783935279615012,0.7712479768434553,-0.012687302771556719
piecewise_linear__target-802,piecewise_linear,7047214652103394396,validation,738,801,802,0.7751017648227014,0.769686969844967,-0.0054147949777344495
piecewise_linear__target-804,piecewise_linear,7047214652103394396,validation,740,803,804,0.7844990107135901,0.7837164109967952,-0.0007825997167948406
piecewise_linear__target-806,piecewise_linear,7047214652103394396,validation,742,805,806,0.7643575598885879,0.7761940654232974,0.011836505534709496
piecewise_linear__target-808,piecewise_linear,7047214652103394396,validation,744,807,808,0.7602591367914574,0.7501466826816621,-0.010112454109795332
piecewise_linear__target-810,piecewise_linear,7047214652103394396,validation,746,809,810,0.7667082518320983,0.748264598686282,-0.018443653145816308
piecewise_linear__target-812,piecewise_linear,7047214652103394396,validation,748,811,812,0.7481085868779795,0.7475104450594029,-0.0005981418185766474
piecewise_linear__target-814,piecewise_linear,7047214652103394396,validation,750,813,814,0.7568433268053473,0.7450902266656242,-0.011753100139723083
piecewise_linear__target-816,piecewise_linear,7047214652103394396,validation,752,815,816,0.73646386847809,0.7294668729729492,-0.006996995505140768
piecewise_linear__target-818,piecewise_linear,7047214652103394396,validation,754,817,818,0.7348664749189929,0.7395028767813355,0.0046364018623425984
piecewise_linear__target-820,piecewise_linear,7047214652103394396,test,756,819,820,0.7161008428795261,0.7053832645764168,-0.010717578303109376
piecewise_linear__target-822,piecewise_linear,7047214652103394396,test,758,821,822,0.7244650018236946,0.7057986162454253,-0.018666385578269273
piecewise_linear__target-824,piecewise_linear,7047214652103394396,test,760,823,824,0.7178969730184158,0.7108987993774063,-0.00699817364100952
piecewise_linear__target-826,piecewise_linear,7047214652103394396,test,762,825,826,0.7221018649422051,0.7201070555203384,-0.0019948094218666945
piecewise_linear__target-828,piecewise_linear,7047214652103394396,test,764,827,828,0.700849177953952,0.7115937920205492,0.010744614066597213
piecewise_linear__target-830,piecewise_linear,7047214652103394396,test,766,829,830,0.7232594932980232,0.6906422653173573,-0.03261722798066591
piecewise_linear__target-832,piecewise_linear,7047214652103394396,test,768,831,832,0.6739713429001434,0.6834703967715589,0.009499053871415475
piecewise_linear__target-834,piecewise_linear,7047214652103394396,test,770,833,834,0.7041793370342766,0.6858108076162474,-0.018368529418029245
piecewise_linear__target-836,piecewise_linear,7047214652103394396,test,772,835,836,0.6895375982931815,0.6763873338438705,-0.013150264449311
piecewise_linear__target-838,piecewise_linear,7047214652103394396,test,774,837,838,0.6870909537567483,0.6822291947714615,-0.004861758985286846
piecewise_linear__target-840,piecewise_linear,7047214652103394396,test,776,839,840,0.6734044605105318,0.6736626652314553,0.0002582047209235272
piecewise_linear__target-842,piecewise_linear,7047214652103394396,test,778,841,842,0.669493705795218,0.6650845697148086,-0.0044091360804094926
piecewise_linear__target-844,piecewise_linear,7047214652103394396,test,780,843,844,0.6645715958239795,0.6856043983828046,0.021032802558825114
piecewise_linear__target-846,piecewise_linear,7047214652103394396,test,782,845,846,0.6704962857140377,0.6653183232144724,-0.0051779624995653695
piecewise_linear__target-848,piecewise_linear,7047214652103394396,test,784,847,848,0.64901428523923,0.6594545172089707,0.010440231969740754
piecewise_linear__target-850,piecewise_linear,7047214652103394396,test,786,849,850,0.6590852467462384,0.6661030883057443,0.007017841559505911
piecewise_linear__target-852,piecewise_linear,7047214652103394396,test,788,851,852,0.6618651215538295,0.6651380196389955,0.003272898085166065
piecewise_linear__target-854,piecewise_linear,7047214652103394396,test,790,853,854,0.6435550229279644,0.6440717824469891,0.0005167595190247454
piecewise_linear__target-856,piecewise_linear,7047214652103394396,test,792,855,856,0.6317693676838683,0.6358754129012988,0.004106045217430521
piecewise_linear__target-858,piecewise_linear,7047214652103394396,test,794,857,858,0.6423339305798699,0.6155100218703589,-0.026823908709511013
piecewise_linear__target-860,piecewise_linear,7047214652103394396,test,796,859,860,0.6508650851485223,0.6276133688712153,-0.023251716277306933
piecewise_linear__target-862,piecewise_linear,7047214652103394396,test,798,861,862,0.6149081030502123,0.628622322631516,0.0137142195813037
piecewise_linear__target-864,piecewise_linear,7047214652103394396,test,800,863,864,0.6387288889045526,0.6279549678837648,-0.01077392102078778
piecewise_linear__target-866,piecewise_linear,7047214652103394396,test,802,865,866,0.607650840243794,0.6113841358446674,0.003733295600873432
piecewise_linear__target-868,piecewise_linear,7047214652103394396,test,804,867,868,0.593981676339484,0.6243586362011864,0.030376959861702413
piecewise_linear__target-870,piecewise_linear,7047214652103394396,test,806,869,870,0.5973013673543682,0.5899903008712749,-0.00731106648309332
piecewise_linear__target-872,piecewise_linear,7047214652103394396,test,808,871,872,0.5837733440008105,0.5815632888826834,-0.0022100551181271078
piecewise_linear__target-874,piecewise_linear,7047214652103394396,test,810,873,874,0.5938017065774243,0.5968983120799565,0.0030966055025322126
piecewise_linear__target-876,piecewise_linear,7047214652103394396,test,812,875,876,0.6051862838238374,0.5994804533551973,-0.0057058304686401495
piecewise_linear__target-878,piecewise_linear,7047214652103394396,test,814,877,878,0.588122783861085,0.5837997847149698,-0.004322999146115114
piecewise_linear__target-880,piecewise_linear,7047214652103394396,test,816,879,880,0.5948274232377627,0.5693147149018243,-0.02551270833593844
piecewise_linear__target-882,piecewise_linear,7047214652103394396,test,818,881,882,0.5875904535449488,0.5749736777579872,-0.01261677578696152
piecewise_linear__target-884,piecewise_linear,7047214652103394396,test,820,883,884,0.5503406044459512,0.5799233103883011,0.029582705942349907
piecewise_linear__target-886,piecewise_linear,7047214652103394396,test,822,885,886,0.5746683615006123,0.5514128421447771,-0.02325551935583514
piecewise_linear__target-888,piecewise_linear,7047214652103394396,test,824,887,888,0.5531118601725366,0.5379905626632657,-0.015121297509270826
piecewise_linear__target-890,piecewise_linear,7047214652103394396,test,826,889,890,0.5571653922573412,0.5551059131376821,-0.002059479119659091
piecewise_linear__target-892,piecewise_linear,7047214652103394396,test,828,891,892,0.536035349430567,0.5463871176009979,0.01035176817043093
piecewise_linear__target-894,piecewise_linear,7047214652103394396,test,830,893,894,0.5237285563793999,0.5419926090734789,0.018264052694079047
piecewise_linear__target-896,piecewise_linear,7047214652103394396,test,832,895,896,0.5395911663885461,0.5341142597227715,-0.005476906665774606
piecewise_linear__target-898,piecewise_linear,7047214652103394396,test,834,897,898,0.5297089862115022,0.5129140934688242,-0.01679489274267798
piecewise_linear__target-900,piecewise_linear,7047214652103394396,test,836,899,900,0.5184952707637844,0.5197357523292786,0.001240481565494167
piecewise_linear__target-902,piecewise_linear,7047214652103394396,test,838,901,902,0.5297994150821229,0.5058114493025433,-0.023987965779579623
piecewise_linear__target-904,piecewise_linear,7047214652103394396,test,840,903,904,0.5152209893593542,0.5159911083333573,0.0007701189740030312
piecewise_linear__target-906,piecewise_linear,7047214652103394396,test,842,905,906,0.5069839989378313,0.5044928309164464,-0.0024911680213849374
piecewise_linear__target-908,piecewise_linear,7047214652103394396,test,844,907,908,0.49199868304199235,0.4937451249692831,0.0017464419272907317
piecewise_linear__target-910,piecewise_linear,7047214652103394396,test,846,909,910,0.5012761566372312,0.4856721953439371,-0.015603961293294166
piecewise_linear__target-912,piecewise_linear,7047214652103394396,test,848,911,912,0.4967066421190725,0.4887911176986599,-0.0079155244204126
piecewise_linear__target-914,piecewise_linear,7047214652103394396,test,850,913,914,0.4942787831506865,0.482387418534819,-0.011891364615867539
piecewise_linear__target-916,piecewise_linear,7047214652103394396,test,852,915,916,0.48703546002444165,0.47045211534275005,-0.016583344681691592
piecewise_linear__target-918,piecewise_linear,7047214652103394396,test,854,917,918,0.4734322320413468,0.48131874966793714,0.007886517626590317
piecewise_linear__target-920,piecewise_linear,7047214652103394396,test,856,919,920,0.4801096774314951,0.4616120057526179,-0.01849767167887717
piecewise_linear__target-922,piecewise_linear,7047214652103394396,test,858,921,922,0.46237702348624155,0.4828253996745684,0.020448376188326844
piecewise_linear__target-924,piecewise_linear,7047214652103394396,test,860,923,924,0.4792362971780395,0.4793447985279295,0.00010850134988998894
piecewise_linear__target-926,piecewise_linear,7047214652103394396,test,862,925,926,0.44473610746378556,0.45672979949045445,0.01199369202666889
piecewise_linear__target-928,piecewise_linear,7047214652103394396,test,864,927,928,0.43980831478267085,0.44470065302101136,0.00489233823834051
piecewise_linear__target-930,piecewise_linear,7047214652103394396,test,866,929,930,0.45457477468489355,0.4388705130696397,-0.015704261615253845
piecewise_linear__target-932,piecewise_linear,7047214652103394396,test,868,931,932,0.43594444936096344,0.44428056763440815,0.008336118273444715
piecewise_linear__target-934,piecewise_linear,7047214652103394396,test,870,933,934,0.42517569430741203,0.4260110838081477,0.0008353895007356393
piecewise_linear__target-936,piecewise_linear,7047214652103394396,test,872,935,936,0.4299847661036311,0.42546749897145253,-0.004517267132178593
piecewise_linear__target-938,piecewise_linear,7047214652103394396,test,874,937,938,0.4081724781632434,0.4294389816934493,0.02126650353020587
piecewise_linear__target-940,piecewise_linear,7047214652103394396,test,876,939,940,0.4052289135814032,0.4170100932278224,0.011781179646419171
piecewise_linear__target-942,piecewise_linear,7047214652103394396,test,878,941,942,0.426775061574318,0.4011987157290525,-0.02557634584526547
piecewise_linear__target-944,piecewise_linear,7047214652103394396,test,880,943,944,0.4149558687325272,0.4061207272876493,-0.008835141444877903
piecewise_linear__target-946,piecewise_linear,7047214652103394396,test,882,945,946,0.4058007491027807,0.40202652840308734,-0.0037742206996933536
piecewise_linear__target-948,piecewise_linear,7047214652103394396,test,884,947,948,0.39456529968533965,0.3880601185878775,-0.006505181097462176
piecewise_linear__target-950,piecewise_linear,7047214652103394396,test,886,949,950,0.3918904809104015,0.4010505301248818,0.00916004921448027
piecewise_linear__target-952,piecewise_linear,7047214652103394396,test,888,951,952,0.39239772689340496,0.3815072748878457,-0.01089045200555927
piecewise_linear__target-954,piecewise_linear,7047214652103394396,test,890,953,954,0.3784695073816344,0.37744766029488824,-0.0010218470867461305
piecewise_linear__target-956,piecewise_linear,7047214652103394396,test,892,955,956,0.39104476946306743,0.3665068240133176,-0.024537945449749854
piecewise_linear__target-958,piecewise_linear,7047214652103394396,test,894,957,958,0.3648523335923851,0.37522120545293064,0.010368871860545525
piecewise_linear__target-960,piecewise_linear,7047214652103394396,test,896,959,960,0.3639522567386601,0.37353999312528385,0.009587736386623746
piecewise_linear__target-962,piecewise_linear,7047214652103394396,test,898,961,962,0.3702059820186262,0.34904517801666163,-0.021160804001964573
piecewise_linear__target-964,piecewise_linear,7047214652103394396,test,900,963,964,0.3608191304572421,0.35797389963786164,-0.0028452308193804843
piecewise_linear__target-966,piecewise_linear,7047214652103394396,test,902,965,966,0.3474227334220996,0.34515162809539857,-0.0022711053267010506
piecewise_linear__target-968,piecewise_linear,7047214652103394396,test,904,967,968,0.35618085424613183,0.3378555712089429,-0.018325283037188944
piecewise_linear__target-970,piecewise_linear,7047214652103394396,test,906,969,970,0.34450524150617773,0.3239924915474541,-0.020512749958723653
piecewise_linear__target-972,piecewise_linear,7047214652103394396,test,908,971,972,0.322438760122263,0.3286839215708222,0.006245161448559189
piecewise_linear__target-974,piecewise_linear,7047214652103394396,test,910,973,974,0.32036988813490624,0.33897891139025543,0.01860902325534919
piecewise_linear__target-976,piecewise_linear,7047214652103394396,test,912,975,976,0.3342195789728549,0.336893659629059,0.0026740806562040587
piecewise_linear__target-978,piecewise_linear,7047214652103394396,test,914,977,978,0.31784208051018287,0.31503952282423686,-0.0028025576859460055
piecewise_linear__target-980,piecewise_linear,7047214652103394396,test,916,979,980,0.3090719344813281,0.3123528819018331,0.003280947420504998
piecewise_linear__target-982,piecewise_linear,7047214652103394396,test,918,981,982,0.32684395072287664,0.313275076098314,-0.013568874624562632
piecewise_linear__target-984,piecewise_linear,7047214652103394396,test,920,983,984,0.31581322098757036,0.28902013581956243,-0.026793085168007935
piecewise_linear__target-986,piecewise_linear,7047214652103394396,test,922,985,986,0.3037731969301674,0.29195840816403856,-0.011814788766128848
piecewise_linear__target-988,piecewise_linear,7047214652103394396,test,924,987,988,0.29203304977389477,0.2878281843550157,-0.004204865418879045
piecewise_linear__target-990,piecewise_linear,7047214652103394396,test,926,989,990,0.3011887497284983,0.28043499228856167,-0.020753757439936626
piecewise_linear__target-992,piecewise_linear,7047214652103394396,test,928,991,992,0.28827477248603495,0.2663245912689585,-0.021950181217076425
piecewise_linear__target-994,piecewise_linear,7047214652103394396,test,930,993,994,0.26758495223675677,0.28592506761573805,0.01834011537898128
piecewise_linear__target-996,piecewise_linear,7047214652103394396,test,932,995,996,0.2698122085321861,0.28107505052437465,0.011262841992188521
piecewise_linear__target-998,piecewise_linear,7047214652103394396,test,934,997,998,0.2707755627612063,0.25199671027036064,-0.018778852490845654
piecewise_linear__target-1000,piecewise_linear,7047214652103394396,test,936,999,1000,0.2728368886255954,0.2515775737204806,-0.02125931490511479
piecewise_linear__target-1002,piecewise_linear,7047214652103394396,test,938,1001,1002,0.2452405812679631,0.2732089186408705,0.02796833737290738
piecewise_linear__target-1004,piecewise_linear,7047214652103394396,test,940,1003,1004,0.2661676633571593,0.25308536423296335,-0.01308229912419595
piecewise_linear__target-1006,piecewise_linear,7047214652103394396,test,942,1005,1006,0.25058070411271416,0.25051056420214385,-7.013991057031044e-05
piecewise_linear__target-1008,piecewise_linear,7047214652103394396,test,944,1007,1008,0.25134739574293047,0.24030255497015274,-0.011044840772777731
piecewise_linear__target-1010,piecewise_linear,7047214652103394396,test,946,1009,1010,0.24593425118087603,0.23052821929217057,-0.015406031888705457
piecewise_linear__target-1012,piecewise_linear,7047214652103394396,test,948,1011,1012,0.2424907676836006,0.229411040488729,-0.013079727194871577
piecewise_linear__target-1014,piecewise_linear,7047214652103394396,test,950,1013,1014,0.21749587555790015,0.21516800193347566,-0.0023278736244244924
piecewise_linear__target-1016,piecewise_linear,7047214652103394396,test,952,1015,1016,0.23834668811106563,0.21661172685848784,-0.02173496125257779
piecewise_linear__target-1018,piecewise_linear,7047214652103394396,test,954,1017,1018,0.20548969545203336,0.2201359636618881,0.014646268209854735
piecewise_linear__target-1020,piecewise_linear,7047214652103394396,test,956,1019,1020,0.2074237998910999,0.20307342064266407,-0.004350379248435843
piecewise_linear__target-1022,piecewise_linear,7047214652103394396,test,958,1021,1022,0.19782720633967305,0.198786619961293,0.0009594136216199423
first_order_response__target-64,first_order_response,2890100896329134411,train,0,63,64,0.3340022706283034,0.3468750308120416,0.012872760183738174
first_order_response__target-66,first_order_response,2890100896329134411,train,2,65,66,0.34200281841002106,0.33744894162716904,-0.004553876782852018
first_order_response__target-68,first_order_response,2890100896329134411,train,4,67,68,0.35867807321817646,0.3465205667494452,-0.01215750646873126
first_order_response__target-70,first_order_response,2890100896329134411,train,6,69,70,0.3711854770092654,0.3618667310799993,-0.009318745929266126
first_order_response__target-72,first_order_response,2890100896329134411,train,8,71,72,0.36728208264885626,0.366788854094446,-0.0004932285544102522
first_order_response__target-74,first_order_response,2890100896329134411,train,10,73,74,0.37980666754118275,0.3853718719612409,0.005565204420058145
first_order_response__target-76,first_order_response,2890100896329134411,train,12,75,76,0.39164396487645964,0.3892396103698921,-0.002404354506567563
first_order_response__target-78,first_order_response,2890100896329134411,train,14,77,78,0.3824620611485617,0.39062537504577005,0.008163313897208369
first_order_response__target-80,first_order_response,2890100896329134411,train,16,79,80,0.3869890656368531,0.40415834398227024,0.01716927834541715
first_order_response__target-82,first_order_response,2890100896329134411,train,18,81,82,0.4307459318702314,0.4206254775740683,-0.010120454296163095
first_order_response__target-84,first_order_response,2890100896329134411,train,20,83,84,0.4188024956463198,0.4085484510218107,-0.010254044624509073
first_order_response__target-86,first_order_response,2890100896329134411,train,22,85,86,0.4165814709281855,0.4355551527898492,0.018973681861663705
first_order_response__target-88,first_order_response,2890100896329134411,train,24,87,88,0.42567496551960876,0.43205294904849006,0.006377983528881304
first_order_response__target-90,first_order_response,2890100896329134411,train,26,89,90,0.4535822279758679,0.42415902371195785,-0.02942320426391004
first_order_response__target-92,first_order_response,2890100896329134411,train,28,91,92,0.4455278871577855,0.45269242810921106,0.0071645409514255465
first_order_response__target-94,first_order_response,2890100896329134411,train,30,93,94,0.45741826318999373,0.4554122647685209,-0.00200599842147281
first_order_response__target-96,first_order_response,2890100896329134411,train,32,95,96,0.4550814681579683,0.4565649246799314,0.0014834565219631335
first_order_response__target-98,first_order_response,2890100896329134411,train,34,97,98,0.4666656635366646,0.4689677329825596,0.0023020694458950053
first_order_response__target-100,first_order_response,2890100896329134411,train,36,99,100,0.469075129808405,0.48904793880488445,0.019972808996479463
first_order_response__target-102,first_order_response,2890100896329134411,train,38,101,102,0.48447126164552645,0.4650314329124755,-0.019439828733050946
first_order_response__target-104,first_order_response,2890100896329134411,train,40,103,104,0.4829085406119483,0.49876387292162594,0.015855332309677617
first_order_response__target-106,first_order_response,2890100896329134411,train,42,105,106,0.4923864083208396,0.5084083867456518,0.016021978424812233
first_order_response__target-108,first_order_response,2890100896329134411,train,44,107,108,0.49593494298738383,0.4994646877995966,0.003529744812212743
first_order_response__target-110,first_order_response,2890100896329134411,train,46,109,110,0.516667552220868,0.5029182096091125,-0.013749342611755533
first_order_response__target-112,first_order_response,2890100896329134411,train,48,111,112,0.5039707017414297,0.5150279128155085,0.011057211074078865
first_order_response__target-114,first_order_response,2890100896329134411,train,50,113,114,0.5219689308125888,0.5311279908116222,0.009159059999033436
first_order_response__target-116,first_order_response,2890100896329134411,train,52,115,116,0.5341372249882727,0.5240264262852914,-0.01011079870298126
first_order_response__target-118,first_order_response,2890100896329134411,train,54,117,118,0.5335380177926408,0.5288082593617331,-0.004729758430907616
first_order_response__target-120,first_order_response,2890100896329134411,train,56,119,120,0.539362033968209,0.5419805018742446,0.002618467906035593
first_order_response__target-122,first_order_response,2890100896329134411,train,58,121,122,0.5473248093447961,0.534772186227147,-0.012552623117649153
first_order_response__target-124,first_order_response,2890100896329134411,train,60,123,124,0.550163741228589,0.5468460554082542,-0.0033176858203348703
first_order_response__target-126,first_order_response,2890100896329134411,train,62,125,126,0.5665741865729605,0.567002589547917,0.0004284029749564988
first_order_response__target-128,first_order_response,2890100896329134411,train,64,127,128,0.5740989618353102,0.5730164607042764,-0.0010825011310338084
first_order_response__target-130,first_order_response,2890100896329134411,train,66,129,130,0.5638755033081844,0.5700821154795387,0.00620661217135432
first_order_response__target-132,first_order_response,2890100896329134411,train,68,131,132,0.5893775802617395,0.5819453663550032,-0.007432213906736318
first_order_response__target-134,first_order_response,2890100896329134411,train,70,133,134,0.5871899791311156,0.5841264732462953,-0.0030635058848202945
first_order_response__target-136,first_order_response,2890100896329134411,train,72,135,136,0.6040813365158872,0.5831564931854828,-0.020924843330404452
first_order_response__target-138,first_order_response,2890100896329134411,train,74,137,138,0.5688808789786288,0.5967911651804879,0.02791028620185909
first_order_response__target-140,first_order_response,2890100896329134411,train,76,139,140,0.5930127849293547,0.5946979167009123,0.001685131771557602
first_order_response__target-142,first_order_response,2890100896329134411,train,78,141,142,0.6120795497427031,0.5897555821732869,-0.022323967569416125
first_order_response__target-144,first_order_response,2890100896329134411,train,80,143,144,0.5963511699073716,0.6276386257602883,0.0312874558529167
first_order_response__target-146,first_order_response,2890100896329134411,train,82,145,146,0.6098821003347503,0.6153267500063361,0.005444649671585755
first_order_response__target-148,first_order_response,2890100896329134411,train,84,147,148,0.615220516544829,0.6237787745994703,0.008558258054641277
first_order_response__target-150,first_order_response,2890100896329134411,train,86,149,150,0.6220781227981433,0.620517069301653,-0.0015610534964903833
first_order_response__target-152,first_order_response,2890100896329134411,train,88,151,152,0.6152429893394661,0.6547442997476254,0.039501310408159296
first_order_response__target-154,first_order_response,2890100896329134411,train,90,153,154,0.6344971764364744,0.6366944128939109,0.0021972364574365244
first_order_response__target-156,first_order_response,2890100896329134411,train,92,155,156,0.628437944718576,0.6310612543490298,0.002623309630453874
first_order_response__target-158,first_order_response,2890100896329134411,train,94,157,158,0.647702940104107,0.6447064707053202,-0.0029964693987868385
first_order_response__target-160,first_order_response,2890100896329134411,train,96,159,160,0.6415117229820364,0.6488686222095447,0.007356899227508262
first_order_response__target-162,first_order_response,2890100896329134411,train,98,161,162,0.645115059042656,0.6359857496039167,-0.009129309438739242
first_order_response__target-164,first_order_response,2890100896329134411,train,100,163,164,0.6508002753675368,0.6661578368175703,0.01535756145003353
first_order_response__target-166,first_order_response,2890100896329134411,train,102,165,166,0.6562640361991208,0.6790716879335102,0.022807651734389478
first_order_response__target-168,first_order_response,2890100896329134411,train,104,167,168,0.671503513794632,0.6490097653251726,-0.022493748469459396
first_order_response__target-170,first_order_response,2890100896329134411,train,106,169,170,0.6520936416285292,0.6759902283850094,0.02389658675648021
first_order_response__target-172,first_order_response,2890100896329134411,train,108,171,172,0.6543328477106612,0.6776910810477774,0.023358233337116174
first_order_response__target-174,first_order_response,2890100896329134411,train,110,173,174,0.6676857954001275,0.6684243944047911,0.0007385990046635538
first_order_response__target-176,first_order_response,2890100896329134411,train,112,175,176,0.6728048388907222,0.68274470183665,0.009939862945927858
first_order_response__target-178,first_order_response,2890100896329134411,train,114,177,178,0.6789263884813989,0.6872727749344042,0.008346386453005339
first_order_response__target-180,first_order_response,2890100896329134411,train,116,179,180,0.7002597109468716,0.6949513002605305,-0.005308410686341025
first_order_response__target-182,first_order_response,2890100896329134411,train,118,181,182,0.6907563648298521,0.7042137966603295,0.013457431830477318
first_order_response__target-184,first_order_response,2890100896329134411,train,120,183,184,0.6897914685469408,0.7021807628551386,0.012389294308197796
first_order_response__target-186,first_order_response,2890100896329134411,train,122,185,186,0.6776239376103473,0.6889612159204106,0.011337278310063259
first_order_response__target-188,first_order_response,2890100896329134411,train,124,187,188,0.703233903240331,0.7109110924259615,0.00767718918563054
first_order_response__target-190,first_order_response,2890100896329134411,train,126,189,190,0.715230108624175,0.7065759194209721,-0.008654189203202933
first_order_response__target-192,first_order_response,2890100896329134411,train,128,191,192,0.714068806864856,0.7201090725737554,0.006040265708899484
first_order_response__target-194,first_order_response,2890100896329134411,train,130,193,194,0.704344577427907,0.7068271919221079,0.002482614494200841
first_order_response__target-196,first_order_response,2890100896329134411,train,132,195,196,0.7208730850725543,0.717784679965134,-0.0030884051074203667
first_order_response__target-198,first_order_response,2890100896329134411,train,134,197,198,0.7343133296201922,0.7215034104322492,-0.012809919187943053
first_order_response__target-200,first_order_response,2890100896329134411,train,136,199,200,0.735480542214975,0.7215979508197784,-0.013882591395196653
first_order_response__target-202,first_order_response,2890100896329134411,train,138,201,202,0.7287606818022662,0.7398792325084794,0.01111855070621326
first_order_response__target-204,first_order_response,2890100896329134411,train,140,203,204,0.7235526893465113,0.7352252511312554,0.011672561784744073
first_order_response__target-206,first_order_response,2890100896329134411,train,142,205,206,0.7386833386822896,0.7303818635151194,-0.00830147516717028
first_order_response__target-208,first_order_response,2890100896329134411,train,144,207,208,0.7373100046457732,0.7400242407046915,0.0027142360589182957
first_order_response__target-210,first_order_response,2890100896329134411,train,146,209,210,0.7490541965905338,0.7466723149625782,-0.0023818816279556065
first_order_response__target-212,first_order_response,2890100896329134411,train,148,211,212,0.7601178703428444,0.7409324602873004,-0.019185410055543972
first_order_response__target-214,first_order_response,2890100896329134411,train,150,213,214,0.741645194170186,0.7487025019096216,0.007057307739435581
first_order_response__target-216,first_order_response,2890100896329134411,train,152,215,216,0.7495550091464624,0.7519090356588227,0.0023540265123602744
first_order_response__target-218,first_order_response,2890100896329134411,train,154,217,218,0.7573334920288108,0.7572787333674255,-5.475866138537899e-05
first_order_response__target-220,first_order_response,2890100896329134411,train,156,219,220,0.7615676694589071,0.7643973538804568,0.0028296844215497385
first_order_response__target-222,first_order_response,2890100896329134411,train,158,221,222,0.7662707315666641,0.7771087109435887,0.010837979376924545
first_order_response__target-224,first_order_response,2890100896329134411,train,160,223,224,0.7567696631296772,0.7754447357585125,0.018675072628835276
first_order_response__target-226,first_order_response,2890100896329134411,train,162,225,226,0.774080334677669,0.7781993853665051,0.004119050688836112
first_order_response__target-228,first_order_response,2890100896329134411,train,164,227,228,0.7749520820719852,0.7682019370905353,-0.006750144981449879
first_order_response__target-230,first_order_response,2890100896329134411,train,166,229,230,0.7599284364538786,0.7848955880888959,0.024967151635017282
first_order_response__target-232,first_order_response,2890100896329134411,train,168,231,232,0.7893181522827232,0.7722280610987791,-0.01709009118394411
first_order_response__target-234,first_order_response,2890100896329134411,train,170,233,234,0.7859994058819862,0.781468793446455,-0.004530612435531212
first_order_response__target-236,first_order_response,2890100896329134411,train,172,235,236,0.7780277239614658,0.7840051659765489,0.005977442015083101
first_order_response__target-238,first_order_response,2890100896329134411,train,174,237,238,0.7881904866063734,0.7662299970178336,-0.0219604895885398
first_order_response__target-240,first_order_response,2890100896329134411,train,176,239,240,0.7951641876795701,0.7975594777128258,0.0023952900332556704
first_order_response__target-242,first_order_response,2890100896329134411,train,178,241,242,0.7888179327500768,0.7981363812288396,0.00931844847876273
first_order_response__target-244,first_order_response,2890100896329134411,train,180,243,244,0.8030097477507916,0.7857123496480236,-0.01729739810276798
first_order_response__target-246,first_order_response,2890100896329134411,train,182,245,246,0.773596632666516,0.7944110894626458,0.02081445679612981
first_order_response__target-248,first_order_response,2890100896329134411,train,184,247,248,0.813027014295834,0.8138698540362844,0.0008428397404504073
first_order_response__target-250,first_order_response,2890100896329134411,train,186,249,250,0.8073473938102265,0.8183546407810506,0.011007246970824114
first_order_response__target-252,first_order_response,2890100896329134411,train,188,251,252,0.8089283669790639,0.794277296462777,-0.01465107051628689
first_order_response__target-254,first_order_response,2890100896329134411,train,190,253,254,0.8001667555273415,0.7924509525831882,-0.007715802944153305
first_order_response__target-256,first_order_response,2890100896329134411,train,192,255,256,0.8158583288680378,0.7991477747244188,-0.016710554143618994
first_order_response__target-258,first_order_response,2890100896329134411,train,194,257,258,0.8288626725620232,0.8101427456107584,-0.018719926951264787
first_order_response__target-260,first_order_response,2890100896329134411,train,196,259,260,0.8273086889404704,0.8180161828800725,-0.009292506060397887
first_order_response__target-262,first_order_response,2890100896329134411,train,198,261,262,0.8117468616750888,0.8140308176232353,0.0022839559481464544
first_order_response__target-264,first_order_response,2890100896329134411,train,200,263,264,0.8181118842665868,0.8198780290022525,0.00176614473566572
first_order_response__target-266,first_order_response,2890100896329134411,train,202,265,266,0.821993708448045,0.8261054279903589,0.00411171954231393
first_order_response__target-268,first_order_response,2890100896329134411,train,204,267,268,0.824159195403455,0.8270402638993035,0.002881068495848571
first_order_response__target-270,first_order_response,2890100896329134411,train,206,269,270,0.8308366681232342,0.8323096685672661,0.001473000444031869
first_order_response__target-272,first_order_response,2890100896329134411,train,208,271,272,0.8237804615649074,0.8412214550811841,0.017440993516276704
first_order_response__target-274,first_order_response,2890100896329134411,train,210,273,274,0.8068912742761232,0.8462218602589601,0.039330585982836896
first_order_response__target-276,first_order_response,2890100896329134411,train,212,275,276,0.8339499664832264,0.8403006908777849,0.006350724394558527
first_order_response__target-278,first_order_response,2890100896329134411,train,214,277,278,0.8523589188865854,0.8399984200735396,-0.012360498813045795
first_order_response__target-280,first_order_response,2890100896329134411,train,216,279,280,0.8237722801816575,0.8393677608695049,0.01559548068784744
first_order_response__target-282,first_order_response,2890100896329134411,train,218,281,282,0.8536404136802495,0.8447392946680168,-0.008901119012232672
first_order_response__target-284,first_order_response,2890100896329134411,train,220,283,284,0.8437933566723795,0.8456051914167368,0.0018118347443573102
first_order_response__target-286,first_order_response,2890100896329134411,train,222,285,286,0.8608906939597555,0.837596500387639,-0.023294193572116484
first_order_response__target-288,first_order_response,2890100896329134411,train,224,287,288,0.8339932166215607,0.8391689896022377,0.0051757729806770625
first_order_response__target-290,first_order_response,2890100896329134411,train,226,289,290,0.8403025128060188,0.8242152740459481,-0.016087238760070677
first_order_response__target-292,first_order_response,2890100896329134411,train,228,291,292,0.8430572250780592,0.836795780149898,-0.006261444928161275
first_order_response__target-294,first_order_response,2890100896329134411,train,230,293,294,0.8562795437458313,0.8498031947208496,-0.00647634902498162
first_order_response__target-296,first_order_response,2890100896329134411,train,232,295,296,0.851951594911746,0.8531037817061862,0.0011521867944401798
first_order_response__target-298,first_order_response,2890100896329134411,train,234,297,298,0.8717056031851723,0.8706250210342418,-0.0010805821509305424
first_order_response__target-300,first_order_response,2890100896329134411,train,236,299,300,0.8523806163906111,0.8489874627094572,-0.003393153681153893
first_order_response__target-302,first_order_response,2890100896329134411,train,238,301,302,0.8516244561768784,0.8452788486632232,-0.006345607513655205
first_order_response__target-304,first_order_response,2890100896329134411,train,240,303,304,0.8642756040857221,0.8410629208095028,-0.02321268327621928
first_order_response__target-306,first_order_response,2890100896329134411,train,242,305,306,0.8696864157288661,0.8661863055784116,-0.003500110150454483
first_order_response__target-308,first_order_response,2890100896329134411,train,244,307,308,0.8689269853117915,0.8718025882121586,0.002875602900367147
first_order_response__target-310,first_order_response,2890100896329134411,train,246,309,310,0.8670961253052828,0.8766397438534307,0.009543618548147892
first_order_response__target-312,first_order_response,2890100896329134411,train,248,311,312,0.878213726796651,0.8659155251423376,-0.01229820165431339
first_order_response__target-314,first_order_response,2890100896329134411,train,250,313,314,0.8811710778250691,0.8521795783950251,-0.028991499430043977
first_order_response__target-316,first_order_response,2890100896329134411,train,252,315,316,0.8756136961112464,0.8881084875616089,0.012494791450362475
first_order_response__target-318,first_order_response,2890100896329134411,train,254,317,318,0.8732448730205589,0.8689642170050698,-0.004280656015489104
first_order_response__target-320,first_order_response,2890100896329134411,train,256,319,320,0.8728984982856449,0.8820646481056588,0.009166149820013847
first_order_response__target-322,first_order_response,2890100896329134411,train,258,321,322,0.8907576900761067,0.8795783760010866,-0.011179314075020153
first_order_response__target-324,first_order_response,2890100896329134411,train,260,323,324,0.882612469293015,0.8782926724606699,-0.004319796832345069
first_order_response__target-326,first_order_response,2890100896329134411,train,262,325,326,0.8671170074109001,0.8987282558589904,0.03161124844809027
first_order_response__target-328,first_order_response,2890100896329134411,train,264,327,328,0.876306458786382,0.8853323096431762,0.009025850856794193
first_order_response__target-330,first_order_response,2890100896329134411,train,266,329,330,0.8803342857249224,0.8742582652256377,-0.0060760204992847955
first_order_response__target-332,first_order_response,2890100896329134411,train,268,331,332,0.877301530255521,0.8663438190597831,-0.010957711195737962
first_order_response__target-334,first_order_response,2890100896329134411,train,270,333,334,0.892221671354489,0.9059314684411082,0.013709797086619124
first_order_response__target-336,first_order_response,2890100896329134411,train,272,335,336,0.8987595907823431,0.9024552878291688,0.0036956970468257078
first_order_response__target-338,first_order_response,2890100896329134411,train,274,337,338,0.8842183483193997,0.8829849688737438,-0.0012333794456559355
first_order_response__target-340,first_order_response,2890100896329134411,train,276,339,340,0.895192127419791,0.8892746065452566,-0.005917520874534454
first_order_response__target-342,first_order_response,2890100896329134411,train,278,341,342,0.8873035642194749,0.8803140970258037,-0.006989467193671217
first_order_response__target-344,first_order_response,2890100896329134411,train,280,343,344,0.9037926806124882,0.8771818268398642,-0.026610853772623955
first_order_response__target-346,first_order_response,2890100896329134411,train,282,345,346,0.8967352037713985,0.9091803545833419,0.012445150811943417
first_order_response__target-348,first_order_response,2890100896329134411,train,284,347,348,0.8886584006628693,0.8925815593376779,0.0039231586748086356
first_order_response__target-350,first_order_response,2890100896329134411,train,286,349,350,0.8910327080733446,0.8858175156930235,-0.0052151923803210876
first_order_response__target-352,first_order_response,2890100896329134411,train,288,351,352,0.9102348309369449,0.8829003400298003,-0.02733449090714457
first_order_response__target-354,first_order_response,2890100896329134411,train,290,353,354,0.8926285746639392,0.8974717727745987,0.004843198110659475
first_order_response__target-356,first_order_response,2890100896329134411,train,292,355,356,0.8917049313938756,0.9055016662995624,0.01379673490568678
first_order_response__target-358,first_order_response,2890100896329134411,train,294,357,358,0.9198594404174524,0.9094041706655335,-0.010455269751918905
first_order_response__target-360,first_order_response,2890100896329134411,train,296,359,360,0.9115942394149892,0.895319703044673,-0.016274536370316173
first_order_response__target-362,first_order_response,2890100896329134411,train,298,361,362,0.8916704490052316,0.8910629621939253,-0.0006074868113062903
first_order_response__target-364,first_order_response,2890100896329134411,train,300,363,364,0.8893503141860994,0.9052783302178511,0.015928016031751646
first_order_response__target-366,first_order_response,2890100896329134411,train,302,365,366,0.9050348901066705,0.9138364449614671,0.008801554854796612
first_order_response__target-368,first_order_response,2890100896329134411,train,304,367,368,0.9132704568301863,0.9156417071966582,0.0023712503664719
first_order_response__target-370,first_order_response,2890100896329134411,train,306,369,370,0.9143092019956457,0.9178794765854705,0.00357027458982484
first_order_response__target-372,first_order_response,2890100896329134411,train,308,371,372,0.9130401000741115,0.9162238077612359,0.003183707687124393
first_order_response__target-374,first_order_response,2890100896329134411,train,310,373,374,0.9214892587420451,0.9085362964973677,-0.012952962244677457
first_order_response__target-376,first_order_response,2890100896329134411,train,312,375,376,0.9116713593237553,0.9194487240816429,0.007777364757887595
first_order_response__target-378,first_order_response,2890100896329134411,train,314,377,378,0.9078858224684707,0.9131191289141591,0.005233306445688424
first_order_response__target-380,first_order_response,2890100896329134411,train,316,379,380,0.9161744204832044,0.930280473223334,0.014106052740129549
first_order_response__target-382,first_order_response,2890100896329134411,train,318,381,382,0.9111664705107243,0.9299206191564934,0.018754148645769075
first_order_response__target-384,first_order_response,2890100896329134411,train,320,383,384,0.926024505986592,0.9117834546952621,-0.01424105129132991
first_order_response__target-386,first_order_response,2890100896329134411,train,322,385,386,0.91503307907839,0.914412170289477,-0.0006209087889130771
first_order_response__target-388,first_order_response,2890100896329134411,train,324,387,388,0.9268808925999595,0.9055804038635638,-0.021300488736395784
first_order_response__target-390,first_order_response,2890100896329134411,train,326,389,390,0.9387208162899312,0.9125693005873464,-0.026151515702584782
first_order_response__target-392,first_order_response,2890100896329134411,train,328,391,392,0.9325376027372905,0.8982443435174793,-0.03429325921981119
first_order_response__target-394,first_order_response,2890100896329134411,train,330,393,394,0.9240496760563995,0.9098966443098703,-0.014153031746529265
first_order_response__target-396,first_order_response,2890100896329134411,train,332,395,396,0.9316853951718539,0.903038304838835,-0.028647090333018932
first_order_response__target-398,first_order_response,2890100896329134411,train,334,397,398,0.9168325538439935,0.9410903711096769,0.024257817265683324
first_order_response__target-400,first_order_response,2890100896329134411,train,336,399,400,0.9484648483187991,0.935066904325459,-0.013397943993340045
first_order_response__target-402,first_order_response,2890100896329134411,train,338,401,402,0.9306031532630116,0.9432369881695861,0.012633834906574548
first_order_response__target-404,first_order_response,2890100896329134411,train,340,403,404,0.9409070293767765,0.9281593491280636,-0.012747680248712867
first_order_response__target-406,first_order_response,2890100896329134411,train,342,405,406,0.9450697608184366,0.9308777112416411,-0.01419204957679554
first_order_response__target-408,first_order_response,2890100896329134411,train,344,407,408,0.9160462622267541,0.9254224012097259,0.009376138982971738
first_order_response__target-410,first_order_response,2890100896329134411,train,346,409,410,0.9377598938916103,0.9194829822813739,-0.018276911610236368
first_order_response__target-412,first_order_response,2890100896329134411,train,348,411,412,0.9143742871821743,0.9139319876752245,-0.0004422995069497393
first_order_response__target-414,first_order_response,2890100896329134411,train,350,413,414,0.9333475570033001,0.921821287787567,-0.011526269215733076
first_order_response__target-416,first_order_response,2890100896329134411,train,352,415,416,0.9308999715366547,0.9170106900200493,-0.0138892815166054
first_order_response__target-418,first_order_response,2890100896329134411,train,354,417,418,0.9455913498076327,0.9285705570665121,-0.01702079274112056
first_order_response__target-420,first_order_response,2890100896329134411,train,356,419,420,0.930710512910962,0.9243367450786772,-0.006373767832284716
first_order_response__target-422,first_order_response,2890100896329134411,train,358,421,422,0.9254643569873073,0.936945304682117,0.011480947694809673
first_order_response__target-424,first_order_response,2890100896329134411,train,360,423,424,0.9150775035854297,0.9475265880712321,0.032449084485802415
first_order_response__target-426,first_order_response,2890100896329134411,train,362,425,426,0.9612369589185004,0.9375120318386886,-0.023724927079811775
first_order_response__target-428,first_order_response,2890100896329134411,train,364,427,428,0.9273789159968927,0.9422114206816874,0.01483250468479469
first_order_response__target-430,first_order_response,2890100896329134411,train,366,429,430,0.9411077848939409,0.9292973528681135,-0.011810432025827322
first_order_response__target-432,first_order_response,2890100896329134411,train,368,431,432,0.9262322553583177,0.9417351897308012,0.015502934372483512
first_order_response__target-434,first_order_response,2890100896329134411,train,370,433,434,0.9368570336046399,0.960218980420424,0.023361946815784074
first_order_response__target-436,first_order_response,2890100896329134411,train,372,435,436,0.9458417622092085,0.9419817755513217,-0.0038599866578867825
first_order_response__target-438,first_order_response,2890100896329134411,train,374,437,438,0.9446876754231012,0.9618207159993615,0.017133040576260306
first_order_response__target-440,first_order_response,2890100896329134411,train,376,439,440,0.9497766520729559,0.9394191051473568,-0.010357546925599093
first_order_response__target-442,first_order_response,2890100896329134411,train,378,441,442,0.9427866623796405,0.9243483177055025,-0.018438344674137963
first_order_response__target-444,first_order_response,2890100896329134411,train,380,443,444,0.9509582644818917,0.9436442642305597,-0.007314000251331998
first_order_response__target-446,first_order_response,2890100896329134411,train,382,445,446,0.9539597005427556,0.9557781662609642,0.0018184657182086506
first_order_response__target-448,first_order_response,2890100896329134411,train,384,447,448,0.9593659805049913,0.93959929378974,-0.01976668671525128
first_order_response__target-450,first_order_response,2890100896329134411,train,386,449,450,0.9512579055409145,0.9438596569474622,-0.0073982485934522835
first_order_response__target-452,first_order_response,2890100896329134411,train,388,451,452,0.9497317767503896,0.947203361904018,-0.0025284148463715628
first_order_response__target-454,first_order_response,2890100896329134411,train,390,453,454,0.9366221599205192,0.9629959157425213,0.026373755822002076
first_order_response__target-456,first_order_response,2890100896329134411,train,392,455,456,0.9566085143153785,0.933170131084656,-0.02343838323072256
first_order_response__target-458,first_order_response,2890100896329134411,train,394,457,458,0.9421371531977418,0.9439550542671902,0.0018179010694483466
first_order_response__target-460,first_order_response,2890100896329134411,train,396,459,460,0.9480107565307089,0.9598540509172014,0.011843294386492564
first_order_response__target-462,first_order_response,2890100896329134411,train,398,461,462,0.9450624860695553,0.9571442998434467,0.012081813773891392
first_order_response__target-464,first_order_response,2890100896329134411,train,400,463,464,0.9586061892169935,0.9593903008408701,0.0007841116238765933
first_order_response__target-466,first_order_response,2890100896329134411,train,402,465,466,0.9532197585317288,0.9520949306659936,-0.0011248278657352007
first_order_response__target-468,first_order_response,2890100896329134411,train,404,467,468,0.9624178160851893,0.9677247602980347,0.005306944212845388
first_order_response__target-470,first_order_response,2890100896329134411,train,406,469,470,0.959673104912374,0.9695078185858461,0.009834713673472106
first_order_response__target-472,first_order_response,2890100896329134411,train,408,471,472,0.9636601069603494,0.9477680030446681,-0.0158921039156813
first_order_response__target-474,first_order_response,2890100896329134411,train,410,473,474,0.9660744887151268,0.957629074836283,-0.008445413878843788
first_order_response__target-476,first_order_response,2890100896329134411,train,412,475,476,0.9584858060946018,0.9460890512927453,-0.012396754801856424
first_order_response__target-478,first_order_response,2890100896329134411,train,414,477,478,0.9551056286984185,0.954074703157498,-0.0010309255409205464
first_order_response__target-480,first_order_response,2890100896329134411,train,416,479,480,0.9616784688816864,0.9599641625864221,-0.0017143062952642563
first_order_response__target-482,first_order_response,2890100896329134411,train,418,481,482,0.9405315678794633,0.9464664357615941,0.005934867882130712
first_order_response__target-484,first_order_response,2890100896329134411,train,420,483,484,0.9618940123491833,0.9570810126564435,-0.004812999692739739
first_order_response__target-486,first_order_response,2890100896329134411,train,422,485,486,0.949356116334348,0.9584100478251961,0.0090539314908481
first_order_response__target-488,first_order_response,2890100896329134411,train,424,487,488,0.9642241380133568,0.9443004589325471,-0.01992367908080972
first_order_response__target-490,first_order_response,2890100896329134411,train,426,489,490,0.9704568993269741,0.9730869791826644,0.0026300798556903038
first_order_response__target-492,first_order_response,2890100896329134411,train,428,491,492,0.9770172985172768,0.9616283111593639,-0.015388987357912942
first_order_response__target-494,first_order_response,2890100896329134411,train,430,493,494,0.9579262658766684,0.980058056789389,0.02213179091272055
first_order_response__target-496,first_order_response,2890100896329134411,train,432,495,496,0.954172680952296,0.962680723921797,0.008508042969501028
first_order_response__target-498,first_order_response,2890100896329134411,train,434,497,498,0.9615134298108559,0.9714098190089362,0.009896389198080335
first_order_response__target-500,first_order_response,2890100896329134411,train,436,499,500,0.9618305797928989,0.9479649839086554,-0.01386559588424352
first_order_response__target-502,first_order_response,2890100896329134411,train,438,501,502,0.9711251340346438,0.9862366249306154,0.015111490895971524
first_order_response__target-504,first_order_response,2890100896329134411,train,440,503,504,0.952125090678698,0.9812350226961252,0.029109932017427176
first_order_response__target-506,first_order_response,2890100896329134411,train,442,505,506,0.9776941829710043,0.9690915829522565,-0.008602600018747797
first_order_response__target-508,first_order_response,2890100896329134411,train,444,507,508,0.9657427918525755,0.954834529787786,-0.010908262064789453
first_order_response__target-510,first_order_response,2890100896329134411,train,446,509,510,0.9597856235599633,0.9620851969568391,0.002299573396875809
first_order_response__target-512,first_order_response,2890100896329134411,train,448,511,512,0.9734760054004827,0.9771701108479965,0.003694105447513807
first_order_response__target-514,first_order_response,2890100896329134411,train,450,513,514,0.9693746558771327,0.9669544635324138,-0.0024201923447189078
first_order_response__target-516,first_order_response,2890100896329134411,train,452,515,516,0.974755388515916,0.9608636481656572,-0.013891740350258863
first_order_response__target-518,first_order_response,2890100896329134411,train,454,517,518,0.9510086328557044,0.950193508316265,-0.0008151245394393269
first_order_response__target-520,first_order_response,2890100896329134411,train,456,519,520,0.964021184763343,0.9569781162320111,-0.007043068531331853
first_order_response__target-522,first_order_response,2890100896329134411,train,458,521,522,0.9453252083104262,0.9691690767378955,0.023843868427469328
first_order_response__target-524,first_order_response,2890100896329134411,train,460,523,524,0.9683685381999423,0.9836972222175046,0.015328684017562266
first_order_response__target-526,first_order_response,2890100896329134411,train,462,525,526,0.9560396354482575,0.9640793408270518,0.008039705378794282
first_order_response__target-528,first_order_response,2890100896329134411,train,464,527,528,0.9657592560590385,0.9723465857023582,0.0065873296433197615
first_order_response__target-530,first_order_response,2890100896329134411,train,466,529,530,0.9763690058797505,0.9632883633951661,-0.013080642484584404
first_order_response__target-532,first_order_response,2890100896329134411,train,468,531,532,0.9737444723696365,0.9742585955379781,0.0005141231683416514
first_order_response__target-534,first_order_response,2890100896329134411,train,470,533,534,0.9727800038463809,0.9665502282097285,-0.00622977563665239
first_order_response__target-536,first_order_response,2890100896329134411,train,472,535,536,0.9708353772794569,0.9703533788273185,-0.0004819984521383658
first_order_response__target-538,first_order_response,2890100896329134411,train,474,537,538,0.9581846086163444,0.9771065061616288,0.018921897545284394
first_order_response__target-540,first_order_response,2890100896329134411,train,476,539,540,0.9724817382534463,0.9767983616944074,0.004316623440961065
first_order_response__target-542,first_order_response,2890100896329134411,train,478,541,542,0.9694013009234742,0.9613914198971564,-0.008009881026317833
first_order_response__target-544,first_order_response,2890100896329134411,train,480,543,544,0.965515809028665,0.9656210689267332,0.00010525989806819958
first_order_response__target-546,first_order_response,2890100896329134411,train,482,545,546,0.9650213097154946,0.9766623487281213,0.011641039012626697
first_order_response__target-548,first_order_response,2890100896329134411,train,484,547,548,0.9787770251852402,0.964035708013712,-0.014741317171528268
first_order_response__target-550,first_order_response,2890100896329134411,train,486,549,550,0.9752428730779735,0.9690571228530006,-0.006185750224972919
first_order_response__target-552,first_order_response,2890100896329134411,train,488,551,552,0.9719354909476651,0.9816306454787244,0.009695154531059291
first_order_response__target-554,first_order_response,2890100896329134411,train,490,553,554,0.9705474090694585,0.9827456249036334,0.012198215834174908
first_order_response__target-556,first_order_response,2890100896329134411,train,492,555,556,0.973971952958786,0.959753757094173,-0.014218195864613037
first_order_response__target-558,first_order_response,2890100896329134411,train,494,557,558,0.977735178239794,0.9697462984519443,-0.007988879787849679
first_order_response__target-560,first_order_response,2890100896329134411,train,496,559,560,0.9769104297636876,0.9698058787263749,-0.0071045510373126675
first_order_response__target-562,first_order_response,2890100896329134411,train,498,561,562,0.974183642432945,0.9602502116105661,-0.013933430822378856
first_order_response__target-564,first_order_response,2890100896329134411,train,500,563,564,0.979072041464332,0.9768717304839513,-0.0022003109803807597
first_order_response__target-566,first_order_response,2890100896329134411,train,502,565,566,0.9611762144706739,0.9908477571471253,0.029671542676451335
first_order_response__target-568,first_order_response,2890100896329134411,train,504,567,568,0.9927557343018002,0.9601883203938933,-0.03256741390790685
first_order_response__target-570,first_order_response,2890100896329134411,train,506,569,570,0.9936019195008269,0.9770215349566295,-0.016580384544197413
first_order_response__target-572,first_order_response,2890100896329134411,train,508,571,572,0.9803695904410766,0.9769166404911555,-0.00345294994992118
first_order_response__target-574,first_order_response,2890100896329134411,train,510,573,574,0.9883148424158313,0.9653554548022314,-0.022959387613599946
first_order_response__target-576,first_order_response,2890100896329134411,train,512,575,576,0.9966692542685894,1.0010445522051632,0.004375297936573763
first_order_response__target-578,first_order_response,2890100896329134411,train,514,577,578,0.9754294852097289,0.9789999543841453,0.0035704691744163908
first_order_response__target-580,first_order_response,2890100896329134411,train,516,579,580,0.9802254971309036,0.9895973250211095,0.009371827890205964
first_order_response__target-582,first_order_response,2890100896329134411,train,518,581,582,0.9671634286704082,0.9696688541454026,0.0025054254749944382
first_order_response__target-584,first_order_response,2890100896329134411,train,520,583,584,0.9758638032703872,0.9714089642652297,-0.004454839005157529
first_order_response__target-586,first_order_response,2890100896329134411,train,522,585,586,0.9822741394617603,0.9707941161877978,-0.01148002327396258
first_order_response__target-588,first_order_response,2890100896329134411,train,524,587,588,0.9924382277825881,0.9892694526483014,-0.0031687751342867054
first_order_response__target-590,first_order_response,2890100896329134411,train,526,589,590,0.9854992688163459,0.9777509127104199,-0.0077483561059259465
first_order_response__target-592,first_order_response,2890100896329134411,train,528,591,592,0.9587433994614587,0.9852931467373282,0.02654974727586945
first_order_response__target-594,first_order_response,2890100896329134411,train,530,593,594,0.9698043778184804,0.9895330564925654,0.01972867867408501
first_order_response__target-596,first_order_response,2890100896329134411,train,532,595,596,0.9651732071287642,0.971610515991318,0.006437308862553781
first_order_response__target-598,first_order_response,2890100896329134411,train,534,597,598,0.9964152207609785,0.9963937631261417,-2.1457634836852257e-05
first_order_response__target-600,first_order_response,2890100896329134411,train,536,599,600,0.9838251929011301,0.9860903098817294,0.00226511698059928
first_order_response__target-602,first_order_response,2890100896329134411,train,538,601,602,0.9771597143935837,0.9751372469873367,-0.0020224674062470083
first_order_response__target-604,first_order_response,2890100896329134411,train,540,603,604,0.9773509888395098,0.9775644286718324,0.00021343983232258168
first_order_response__target-606,first_order_response,2890100896329134411,train,542,605,606,0.9682056639942944,0.9729510321096019,0.004745368115307458
first_order_response__target-608,first_order_response,2890100896329134411,train,544,607,608,0.9821920032414726,0.9720904835840958,-0.010101519657376823
first_order_response__target-610,first_order_response,2890100896329134411,train,546,609,610,0.985203110164652,0.966330395588298,-0.018872714576353977
first_order_response__target-612,first_order_response,2890100896329134411,train,548,611,612,0.9804391682062102,0.9935759134540707,0.01313674524786046
first_order_response__target-614,first_order_response,2890100896329134411,validation,550,613,614,0.9788539872153369,0.992517763043715,0.013663775828378077
first_order_response__target-616,first_order_response,2890100896329134411,validation,552,615,616,0.9863223112782921,0.9864600270890523,0.00013771581076027495
first_order_response__target-618,first_order_response,2890100896329134411,validation,554,617,618,0.9765221505819119,0.9687879926925734,-0.007734157889338511
first_order_response__target-620,first_order_response,2890100896329134411,validation,556,619,620,0.9675970587948123,0.980388749934581,0.012791691139768746
first_order_response__target-622,first_order_response,2890100896329134411,validation,558,621,622,0.983500299694941,0.9882576264858453,0.004757326790904237
first_order_response__target-624,first_order_response,2890100896329134411,validation,560,623,624,0.9836425595491544,0.9930980705322787,0.00945551098312436
first_order_response__target-626,first_order_response,2890100896329134411,validation,562,625,626,0.9902736293266947,1.0058047869808753,0.01553115765418056
first_order_response__target-628,first_order_response,2890100896329134411,validation,564,627,628,0.9747715567987549,0.972826183747523,-0.00194537305123188
first_order_response__target-630,first_order_response,2890100896329134411,validation,566,629,630,0.9870280734398725,0.9848270820481891,-0.0022009913916833934
first_order_response__target-632,first_order_response,2890100896329134411,validation,568,631,632,0.9867225263471316,0.9825095388229472,-0.0042129875241844195
first_order_response__target-634,first_order_response,2890100896329134411,validation,570,633,634,0.99165619371566,0.9862305145837291,-0.005425679131930927
first_order_response__target-636,first_order_response,2890100896329134411,validation,572,635,636,0.9882454163585248,1.006162299229962,0.017916882871437112
first_order_response__target-638,first_order_response,2890100896329134411,validation,574,637,638,0.9978949203694676,0.9949964109385769,-0.00289850943089065
first_order_response__target-640,first_order_response,2890100896329134411,validation,576,639,640,0.9775577828244657,0.9714092449098612,-0.006148537914604457
first_order_response__target-642,first_order_response,2890100896329134411,validation,578,641,642,0.9731497189155282,0.9859663398323597,0.012816620916831556
first_order_response__target-644,first_order_response,2890100896329134411,validation,580,643,644,0.9922648318477456,1.0005179131513142,0.00825308130356861
first_order_response__target-646,first_order_response,2890100896329134411,validation,582,645,646,0.9948468743133144,0.9933839555757712,-0.0014629187375432284
first_order_response__target-648,first_order_response,2890100896329134411,validation,584,647,648,0.9624286999969516,0.9894047575916768,0.02697605759472521
first_order_response__target-650,first_order_response,2890100896329134411,validation,586,649,650,0.9897855582923355,1.0073280066371526,0.017542448344817108
first_order_response__target-652,first_order_response,2890100896329134411,validation,588,651,652,0.9720882177396146,0.9885705402062845,0.01648232246666992
first_order_response__target-654,first_order_response,2890100896329134411,validation,590,653,654,0.9919918277110388,0.9928043940502721,0.0008125663392333227
first_order_response__target-656,first_order_response,2890100896329134411,validation,592,655,656,0.9796824461401724,0.992347083854134,0.012664637713961535
first_order_response__target-658,first_order_response,2890100896329134411,validation,594,657,658,1.004343851635744,0.9736323661512257,-0.030711485484518186
first_order_response__target-660,first_order_response,2890100896329134411,validation,596,659,660,0.9948200026283528,0.9831133329865654,-0.011706669641787348
first_order_response__target-662,first_order_response,2890100896329134411,validation,598,661,662,0.9669953376290311,0.9916168528940968,0.02462151526506573
first_order_response__target-664,first_order_response,2890100896329134411,validation,600,663,664,0.983745758670101,0.9825241253360638,-0.001221633334037131
first_order_response__target-666,first_order_response,2890100896329134411,validation,602,665,666,0.9767784275485824,0.9785110474047899,0.0017326198562075401
first_order_response__target-668,first_order_response,2890100896329134411,validation,604,667,668,0.9845667514141024,0.9813674334419186,-0.0031993179721838683
first_order_response__target-670,first_order_response,2890100896329134411,validation,606,669,670,0.9908664075276211,0.9889705666398457,-0.0018958408877753907
first_order_response__target-672,first_order_response,2890100896329134411,validation,608,671,672,1.0003489158696328,0.988712621618813,-0.0116362942508198
first_order_response__target-674,first_order_response,2890100896329134411,validation,610,673,674,1.003094081571947,0.971393981611441,-0.031700099960505934
first_order_response__target-676,first_order_response,2890100896329134411,validation,612,675,676,0.9705659954282648,0.9886867531708325,0.018120757742567717
first_order_response__target-678,first_order_response,2890100896329134411,validation,614,677,678,0.987086916127302,0.9765525469138326,-0.010534369213469397
first_order_response__target-680,first_order_response,2890100896329134411,validation,616,679,680,0.9926237910128797,0.9877189823695596,-0.004904808643320102
first_order_response__target-682,first_order_response,2890100896329134411,validation,618,681,682,0.9957460144625182,0.9985812711267645,0.002835256664246333
first_order_response__target-684,first_order_response,2890100896329134411,validation,620,683,684,0.9881237732548198,0.9843146682479202,-0.0038091050068995713
first_order_response__target-686,first_order_response,2890100896329134411,validation,622,685,686,1.0038257662092238,0.9898596822217106,-0.0139660839875132
first_order_response__target-688,first_order_response,2890100896329134411,validation,624,687,688,0.972967274111347,0.9867864986090387,0.013819224497691684
first_order_response__target-690,first_order_response,2890100896329134411,validation,626,689,690,0.9819058722669214,0.9917769418697082,0.00987106960278683
first_order_response__target-692,first_order_response,2890100896329134411,validation,628,691,692,0.9953035030501767,1.0077922942456998,0.012488791195523152
first_order_response__target-694,first_order_response,2890100896329134411,validation,630,693,694,0.9896487656883186,0.9868173222794525,-0.0028314434088660967
first_order_response__target-696,first_order_response,2890100896329134411,validation,632,695,696,1.0038080509755192,0.988478917452849,-0.01532913352267018
first_order_response__target-698,first_order_response,2890100896329134411,validation,634,697,698,0.9909738559275251,0.9973579589025143,0.006384102974989259
first_order_response__target-700,first_order_response,2890100896329134411,validation,636,699,700,0.9947144108616067,0.9862496101589311,-0.008464800702675634
first_order_response__target-702,first_order_response,2890100896329134411,validation,638,701,702,1.00526272190849,1.002270306976504,-0.002992414931985987
first_order_response__target-704,first_order_response,2890100896329134411,validation,640,703,704,0.9904456858061135,0.994701326142967,0.00425564033685355
first_order_response__target-706,first_order_response,2890100896329134411,validation,642,705,706,0.98447576876617,0.9716333611883727,-0.01284240757779731
first_order_response__target-708,first_order_response,2890100896329134411,validation,644,707,708,0.9953806046686158,0.9978209073497826,0.002440302681166795
first_order_response__target-710,first_order_response,2890100896329134411,validation,646,709,710,0.9915404637243369,0.9761820468925457,-0.015358416831791177
first_order_response__target-712,first_order_response,2890100896329134411,validation,648,711,712,0.989781136176647,0.9996457499536089,0.009864613776961906
first_order_response__target-714,first_order_response,2890100896329134411,validation,650,713,714,0.9799795467195594,0.971565722953698,-0.008413823765861417
first_order_response__target-716,first_order_response,2890100896329134411,validation,652,715,716,1.0078157351324541,0.9759142431370273,-0.0319014919954268
first_order_response__target-718,first_order_response,2890100896329134411,validation,654,717,718,0.99613467793444,0.9950681724305853,-0.0010665055038546756
first_order_response__target-720,first_order_response,2890100896329134411,validation,656,719,720,0.9859046963736678,0.9938620044531041,0.007957308079436287
first_order_response__target-722,first_order_response,2890100896329134411,validation,658,721,722,0.9946712554544754,0.9717017895923793,-0.02296946586209614
first_order_response__target-724,first_order_response,2890100896329134411,validation,660,723,724,0.9986713833068983,0.9777485070277285,-0.020922876279169778
first_order_response__target-726,first_order_response,2890100896329134411,validation,662,725,726,0.9872129608975603,0.9866496941261645,-0.0005632667713957318
first_order_response__target-728,first_order_response,2890100896329134411,validation,664,727,728,0.9921328586285103,0.986120508169786,-0.00601235045872428
first_order_response__target-730,first_order_response,2890100896329134411,validation,666,729,730,0.9764510165116215,0.9792146322322024,0.0027636157205809253
first_order_response__target-732,first_order_response,2890100896329134411,validation,668,731,732,0.9866136091570715,0.9972735014987877,0.01065989234171616
first_order_response__target-734,first_order_response,2890100896329134411,validation,670,733,734,1.0013572115880858,0.9868651918797166,-0.01449201970836922
first_order_response__target-736,first_order_response,2890100896329134411,validation,672,735,736,0.9756099265917787,0.9978683086948535,0.022258382103074847
first_order_response__target-738,first_order_response,2890100896329134411,validation,674,737,738,0.9882319498055262,1.0022400045697255,0.014008054764199307
first_order_response__target-740,first_order_response,2890100896329134411,validation,676,739,740,1.0026188111853946,1.005072735334649,0.002453924149254272
first_order_response__target-742,first_order_response,2890100896329134411,validation,678,741,742,0.9951857448146216,0.9890309203945594,-0.00615482442006221
first_order_response__target-744,first_order_response,2890100896329134411,validation,680,743,744,0.9824510390439585,1.0062531327112783,0.02380209366731978
first_order_response__target-746,first_order_response,2890100896329134411,validation,682,745,746,1.0075911623856568,0.9896457312976966,-0.017945431087960206
first_order_response__target-748,first_order_response,2890100896329134411,validation,684,747,748,1.0118094258172048,0.9864801130759125,-0.025329312741292243
first_order_response__target-750,first_order_response,2890100896329134411,validation,686,749,750,0.9837319949100898,0.9953049301580127,0.01157293524792291
first_order_response__target-752,first_order_response,2890100896329134411,validation,688,751,752,0.9879746304062245,1.0024142628204356,0.01443963241421109
first_order_response__target-754,first_order_response,2890100896329134411,validation,690,753,754,0.9968224794939026,0.995044153044659,-0.0017783264492435835
first_order_response__target-756,first_order_response,2890100896329134411,validation,692,755,756,0.9950471706663654,0.9962399875419865,0.0011928168756211166
first_order_response__target-758,first_order_response,2890100896329134411,validation,694,757,758,0.997205799134012,1.0053867236576057,0.008180924523593758
first_order_response__target-760,first_order_response,2890100896329134411,validation,696,759,760,0.9941643146774422,0.9997537269665985,0.005589412289156326
first_order_response__target-762,first_order_response,2890100896329134411,validation,698,761,762,0.9799937588088705,0.9859982113979328,0.006004452589062237
first_order_response__target-764,first_order_response,2890100896329134411,validation,700,763,764,0.9969072728188896,0.9854335545901546,-0.011473718228734997
first_order_response__target-766,first_order_response,2890100896329134411,validation,702,765,766,0.9938365043475339,1.012145774326471,0.018309269978937115
first_order_response__target-768,first_order_response,2890100896329134411,validation,704,767,768,0.98193390472155,1.0011195389595144,0.01918563423796449
first_order_response__target-770,first_order_response,2890100896329134411,validation,706,769,770,0.9818174160804726,1.0160091024433884,0.03419168636291581
first_order_response__target-772,first_order_response,2890100896329134411,validation,708,771,772,0.9955496063928907,0.9873192282561986,-0.00823037813669214
first_order_response__target-774,first_order_response,2890100896329134411,validation,710,773,774,1.0197506499110842,0.9881384248985227,-0.03161222501256156
first_order_response__target-776,first_order_response,2890100896329134411,validation,712,775,776,0.9776854519918244,1.0001456033679665,0.0224601513761421
first_order_response__target-778,first_order_response,2890100896329134411,validation,714,777,778,0.9925672347411176,0.9925559234103644,-1.1311330753271953e-05
first_order_response__target-780,first_order_response,2890100896329134411,validation,716,779,780,0.9893336686748473,1.0014382694869235,0.012104600812076205
first_order_response__target-782,first_order_response,2890100896329134411,validation,718,781,782,1.0117234584872263,0.9933768511420838,-0.018346607345142485
first_order_response__target-784,first_order_response,2890100896329134411,validation,720,783,784,0.9969815899645398,0.9852078468517701,-0.011773743112769686
first_order_response__target-786,first_order_response,2890100896329134411,validation,722,785,786,1.0006836422408176,0.9904668057343093,-0.010216836506508287
first_order_response__target-788,first_order_response,2890100896329134411,validation,724,787,788,0.9736947563130955,1.0133790346249627,0.03968427831186716
first_order_response__target-790,first_order_response,2890100896329134411,validation,726,789,790,0.9861165203337864,1.0067679041680717,0.02065138383428533
first_order_response__target-792,first_order_response,2890100896329134411,validation,728,791,792,0.988919992393677,1.004239813751631,0.015319821357954067
first_order_response__target-794,first_order_response,2890100896329134411,validation,730,793,794,0.9970174613594738,1.0077013868602482,0.01068392550077446
first_order_response__target-796,first_order_response,2890100896329134411,validation,732,795,796,1.0008756880290373,0.9806335712567628,-0.0202421167722745
first_order_response__target-798,first_order_response,2890100896329134411,validation,734,797,798,0.9948342436434695,1.0032403297669659,0.008406086123496359
first_order_response__target-800,first_order_response,2890100896329134411,validation,736,799,800,1.0096425736246535,0.9950725245943823,-0.014570049030271148
first_order_response__target-802,first_order_response,2890100896329134411,validation,738,801,802,0.9876093884187244,1.0009248497753014,0.013315461356577019
first_order_response__target-804,first_order_response,2890100896329134411,validation,740,803,804,0.994269107598602,1.0031425061656667,0.008873398567064705
first_order_response__target-806,first_order_response,2890100896329134411,validation,742,805,806,1.0075055123733194,0.9838164518068491,-0.023689060566470355
first_order_response__target-808,first_order_response,2890100896329134411,validation,744,807,808,0.9863908830154643,0.9941112212469176,0.00772033823145335
first_order_response__target-810,first_order_response,2890100896329134411,validation,746,809,810,0.9966360660645694,0.9813479824749279,-0.01528808358964151
first_order_response__target-812,first_order_response,2890100896329134411,validation,748,811,812,1.0001818367662985,1.0175820904562125,0.017400253689914047
first_order_response__target-814,first_order_response,2890100896329134411,validation,750,813,814,0.9935221021567274,1.0046189044166611,0.011096802259933702
first_order_response__target-816,first_order_response,2890100896329134411,validation,752,815,816,0.9727113491407999,1.0051558335626465,0.03244448442184655
first_order_response__target-818,first_order_response,2890100896329134411,validation,754,817,818,0.9903910700573432,0.9995246503001299,0.009133580242786765
first_order_response__target-820,first_order_response,2890100896329134411,test,756,819,820,1.003578336136062,0.9862987222784491,-0.017279613857612897
first_order_response__target-822,first_order_response,2890100896329134411,test,758,821,822,0.9761852537060135,1.000074063914641,0.023888810208627542
first_order_response__target-824,first_order_response,2890100896329134411,test,760,823,824,1.0057532211613722,1.017468548547778,0.011715327386405683
first_order_response__target-826,first_order_response,2890100896329134411,test,762,825,826,0.9939999048429686,1.0034786799614532,0.009478775118484606
first_order_response__target-828,first_order_response,2890100896329134411,test,764,827,828,0.9876112091451217,0.9987123309472083,0.011101121802086666
first_order_response__target-830,first_order_response,2890100896329134411,test,766,829,830,0.9907445671415762,0.9997746199714929,0.009030052829916646
first_order_response__target-832,first_order_response,2890100896329134411,test,768,831,832,1.0155705552582508,1.0139599499589642,-0.0016106052992865827
first_order_response__target-834,first_order_response,2890100896329134411,test,770,833,834,1.0026050000406461,1.0076001709000764,0.004995170859430242
first_order_response__target-836,first_order_response,2890100896329134411,test,772,835,836,0.9877416998421453,0.9823440688512484,-0.005397630990896962
first_order_response__target-838,first_order_response,2890100896329134411,test,774,837,838,1.003211287400719,1.0071826674578666,0.003971380057147478
first_order_response__target-840,first_order_response,2890100896329134411,test,776,839,840,1.0036820970143252,0.9966671792705069,-0.00701491774381835
first_order_response__target-842,first_order_response,2890100896329134411,test,778,841,842,0.9851549999831533,1.0077832233502433,0.022628223367090028
first_order_response__target-844,first_order_response,2890100896329134411,test,780,843,844,1.0310639096471348,0.9834760559634634,-0.047587853683671355
first_order_response__target-846,first_order_response,2890100896329134411,test,782,845,846,0.9919199664342101,1.0074096679528768,0.015489701518666688
first_order_response__target-848,first_order_response,2890100896329134411,test,784,847,848,1.0000679094881348,1.0117645070766992,0.01169659758856434
first_order_response__target-850,first_order_response,2890100896329134411,test,786,849,850,0.9768764008925793,0.9957815643604409,0.01890516346786153
first_order_response__target-852,first_order_response,2890100896329134411,test,788,851,852,1.0013174551399804,0.9920834419365901,-0.009234013203390234
first_order_response__target-854,first_order_response,2890100896329134411,test,790,853,854,0.9910377407281186,1.0032444705749852,0.01220672984686666
first_order_response__target-856,first_order_response,2890100896329134411,test,792,855,856,0.9767863801721813,0.995873267445017,0.019086887272835695
first_order_response__target-858,first_order_response,2890100896329134411,test,794,857,858,1.004352661094757,1.0047956312776283,0.00044297018287120515
first_order_response__target-860,first_order_response,2890100896329134411,test,796,859,860,1.0035384055725578,0.9794625057446342,-0.024075899827923575
first_order_response__target-862,first_order_response,2890100896329134411,test,798,861,862,0.9842159689854538,1.0128011952287304,0.02858522624327653
first_order_response__target-864,first_order_response,2890100896329134411,test,800,863,864,1.000081027312076,0.9980408077031319,-0.0020402196089440716
first_order_response__target-866,first_order_response,2890100896329134411,test,802,865,866,1.0098212373798257,0.9873035706575473,-0.022517666722278395
first_order_response__target-868,first_order_response,2890100896329134411,test,804,867,868,1.0050996286763068,0.9922299938172368,-0.01286963485907
first_order_response__target-870,first_order_response,2890100896329134411,test,806,869,870,1.0066094925488807,1.0035766473420615,-0.0030328452068191236
first_order_response__target-872,first_order_response,2890100896329134411,test,808,871,872,1.001141458818669,1.0220878288661377,0.0209463700474688
first_order_response__target-874,first_order_response,2890100896329134411,test,810,873,874,1.0022368246573226,1.000109972143238,-0.0021268525140845096
first_order_response__target-876,first_order_response,2890100896329134411,test,812,875,876,1.0075151341178845,1.007337293197724,-0.00017784092016048803
first_order_response__target-878,first_order_response,2890100896329134411,test,814,877,878,1.0049259408361133,0.9994864309335657,-0.005439509902547601
first_order_response__target-880,first_order_response,2890100896329134411,test,816,879,880,0.9835983732720385,0.9857811860532409,0.00218281278120247
first_order_response__target-882,first_order_response,2890100896329134411,test,818,881,882,0.9920607140156105,1.003549395932834,0.011488681917223631
first_order_response__target-884,first_order_response,2890100896329134411,test,820,883,884,0.9852864728602211,0.992855390394575,0.007568917534353958
first_order_response__target-886,first_order_response,2890100896329134411,test,822,885,886,0.9891097629598439,0.9909236256324477,0.001813862672603861
first_order_response__target-888,first_order_response,2890100896329134411,test,824,887,888,0.992652241335292,1.0082822887306546,0.015630047395362667
first_order_response__target-890,first_order_response,2890100896329134411,test,826,889,890,0.9928823453997051,0.9879153256950342,-0.00496701970467095
first_order_response__target-892,first_order_response,2890100896329134411,test,828,891,892,1.0080256439947208,0.9903224615445839,-0.01770318245013691
first_order_response__target-894,first_order_response,2890100896329134411,test,830,893,894,0.987367858842525,0.9881438365967999,0.0007759777542749591
first_order_response__target-896,first_order_response,2890100896329134411,test,832,895,896,1.003015339531107,0.9956075354754499,-0.007407804055657108
first_order_response__target-898,first_order_response,2890100896329134411,test,834,897,898,0.9802354189017395,1.0005046612626982,0.020269242360958728
first_order_response__target-900,first_order_response,2890100896329134411,test,836,899,900,0.9958390576669531,1.0049094434654968,0.00907038579854369
first_order_response__target-902,first_order_response,2890100896329134411,test,838,901,902,0.9876801744754381,0.9826036155687864,-0.005076558906651707
first_order_response__target-904,first_order_response,2890100896329134411,test,840,903,904,0.995101392709974,1.0038868778768255,0.008785485166851514
first_order_response__target-906,first_order_response,2890100896329134411,test,842,905,906,0.9998818323844255,0.9947390065363879,-0.005142825848037602
first_order_response__target-908,first_order_response,2890100896329134411,test,844,907,908,1.001341262853951,0.9976148292585989,-0.0037264335953521854
first_order_response__target-910,first_order_response,2890100896329134411,test,846,909,910,0.9821536716736001,0.9952826712476233,0.013128999574023137
first_order_response__target-912,first_order_response,2890100896329134411,test,848,911,912,0.986402606078052,0.992288447632594,0.005885841554542082
first_order_response__target-914,first_order_response,2890100896329134411,test,850,913,914,0.991170251205078,0.9982672962872057,0.0070970450821277176
first_order_response__target-916,first_order_response,2890100896329134411,test,852,915,916,1.010600997674984,1.0029135697006129,-0.007687427974371053
first_order_response__target-918,first_order_response,2890100896329134411,test,854,917,918,1.0071489469505197,1.000832659624341,-0.006316287326178616
first_order_response__target-920,first_order_response,2890100896329134411,test,856,919,920,0.9935142608780309,0.9916654968047247,-0.0018487640733061417
first_order_response__target-922,first_order_response,2890100896329134411,test,858,921,922,1.0095722292860536,0.9998520661604801,-0.009720163125573555
first_order_response__target-924,first_order_response,2890100896329134411,test,860,923,924,1.0099128280755207,0.9961909884271954,-0.013721839648325296
first_order_response__target-926,first_order_response,2890100896329134411,test,862,925,926,0.989309761846949,1.0051386518601346,0.01582889001318566
first_order_response__target-928,first_order_response,2890100896329134411,test,864,927,928,0.9977768315807708,0.9939376427867419,-0.0038391887940288916
first_order_response__target-930,first_order_response,2890100896329134411,test,866,929,930,0.9938004770326865,0.9925232937500863,-0.0012771832826001805
first_order_response__target-932,first_order_response,2890100896329134411,test,868,931,932,1.0085158043918727,0.9918671064193672,-0.016648697972505566
first_order_response__target-934,first_order_response,2890100896329134411,test,870,933,934,0.9960273075763115,1.01267342832665,0.016646120750338556
first_order_response__target-936,first_order_response,2890100896329134411,test,872,935,936,0.9860875050028611,0.9950058658535186,0.008918360850657447
first_order_response__target-938,first_order_response,2890100896329134411,test,874,937,938,0.9972339605800183,0.9904356803815965,-0.00679828019842188
first_order_response__target-940,first_order_response,2890100896329134411,test,876,939,940,1.007293537565922,0.9901918243499628,-0.017101713215959213
first_order_response__target-942,first_order_response,2890100896329134411,test,878,941,942,0.9927154522648036,1.0167524969083561,0.024037044643552496
first_order_response__target-944,first_order_response,2890100896329134411,test,880,943,944,0.9939333252860701,0.9944877614069025,0.0005544361208323911
first_order_response__target-946,first_order_response,2890100896329134411,test,882,945,946,0.9907295735562753,0.9804443636732091,-0.010285209883066249
first_order_response__target-948,first_order_response,2890100896329134411,test,884,947,948,0.9863590585934352,0.9952935873402565,0.008934528746821324
first_order_response__target-950,first_order_response,2890100896329134411,test,886,949,950,1.0132706327296432,0.9903192944641456,-0.022951338265497667
first_order_response__target-952,first_order_response,2890100896329134411,test,888,951,952,0.9991274561739313,0.9932892723102514,-0.005838183863679847
first_order_response__target-954,first_order_response,2890100896329134411,test,890,953,954,1.001104276862366,1.0135216440295938,0.012417367167227855
first_order_response__target-956,first_order_response,2890100896329134411,test,892,955,956,0.9991861611146639,1.0033534704656752,0.0041673093510113945
first_order_response__target-958,first_order_response,2890100896329134411,test,894,957,958,1.0041023765040356,0.9963954761813808,-0.007706900322654753
first_order_response__target-960,first_order_response,2890100896329134411,test,896,959,960,1.0056177814078717,1.008548028081485,0.0029302466736131905
first_order_response__target-962,first_order_response,2890100896329134411,test,898,961,962,1.014634353579273,1.0013566608062285,-0.01327769277304447
first_order_response__target-964,first_order_response,2890100896329134411,test,900,963,964,1.0139023878749347,1.0096733703696217,-0.004229017505313015
first_order_response__target-966,first_order_response,2890100896329134411,test,902,965,966,0.9977507473358905,0.9912552667403064,-0.0064954805955841355
first_order_response__target-968,first_order_response,2890100896329134411,test,904,967,968,1.0056728109785555,0.9887998172374936,-0.016872993741061992
first_order_response__target-970,first_order_response,2890100896329134411,test,906,969,970,1.0030195451690174,0.9798250458709942,-0.023194499298023197
first_order_response__target-972,first_order_response,2890100896329134411,test,908,971,972,1.0111667438152594,0.9960278954305355,-0.015138848384723902
first_order_response__target-974,first_order_response,2890100896329134411,test,910,973,974,1.0089868111907998,0.9865269676900201,-0.022459843500779675
first_order_response__target-976,first_order_response,2890100896329134411,test,912,975,976,0.9992368948010905,0.9962646701204536,-0.002972224680636848
first_order_response__target-978,first_order_response,2890100896329134411,test,914,977,978,0.9961192189007887,1.0167932930799297,0.020674074179141022
first_order_response__target-980,first_order_response,2890100896329134411,test,916,979,980,0.9973173355214311,0.9978541868385766,0.0005368513171455369
first_order_response__target-982,first_order_response,2890100896329134411,test,918,981,982,1.00469489215933,1.0055093769872334,0.0008144848279034722
first_order_response__target-984,first_order_response,2890100896329134411,test,920,983,984,1.016942362089158,1.000602506846136,-0.01633985524302206
first_order_response__target-986,first_order_response,2890100896329134411,test,922,985,986,0.9929419760005951,1.0156521560725809,0.022710180071985775
first_order_response__target-988,first_order_response,2890100896329134411,test,924,987,988,0.992684559139243,0.9884634862186519,-0.004221072920591151
first_order_response__target-990,first_order_response,2890100896329134411,test,926,989,990,0.9980361791975101,1.0033607574054069,0.00532457820789678
first_order_response__target-992,first_order_response,2890100896329134411,test,928,991,992,0.9937519454386974,0.9986568755379546,0.004904930099257188
first_order_response__target-994,first_order_response,2890100896329134411,test,930,993,994,1.0047445336364256,1.0110812922232395,0.006336758586813929
first_order_response__target-996,first_order_response,2890100896329134411,test,932,995,996,1.0261693713271882,0.9985055568270419,-0.027663814500146322
first_order_response__target-998,first_order_response,2890100896329134411,test,934,997,998,0.9960893532018927,1.0087614813470567,0.012672128145163941
first_order_response__target-1000,first_order_response,2890100896329134411,test,936,999,1000,0.9876827985053674,0.9989600455171048,0.011277247011737379
first_order_response__target-1002,first_order_response,2890100896329134411,test,938,1001,1002,1.010180053209701,0.9975681245692528,-0.012611928640448133
first_order_response__target-1004,first_order_response,2890100896329134411,test,940,1003,1004,1.0043057985963786,1.0135970553254414,0.009291256729062836
first_order_response__target-1006,first_order_response,2890100896329134411,test,942,1005,1006,1.0007869476418625,1.0110519465311756,0.010264998889313093
first_order_response__target-1008,first_order_response,2890100896329134411,test,944,1007,1008,0.9952259630610566,1.027846821395877,0.03262085833482031
first_order_response__target-1010,first_order_response,2890100896329134411,test,946,1009,1010,1.003475963058706,0.9954974731099266,-0.007978489948779366
first_order_response__target-1012,first_order_response,2890100896329134411,test,948,1011,1012,1.0106798962409034,1.0051053935401504,-0.005574502700752992
first_order_response__target-1014,first_order_response,2890100896329134411,test,950,1013,1014,1.0009623787152961,0.9910993515559717,-0.009863027159324411
first_order_response__target-1016,first_order_response,2890100896329134411,test,952,1015,1016,1.0037210216853907,1.0127706082349652,0.009049586549574551
first_order_response__target-1018,first_order_response,2890100896329134411,test,954,1017,1018,0.9823864440349972,0.9898845319396175,0.007498087904620254
first_order_response__target-1020,first_order_response,2890100896329134411,test,956,1019,1020,1.0063728414564939,1.0024936624031173,-0.003879179053376536
first_order_response__target-1022,first_order_response,2890100896329134411,test,958,1021,1022,1.0055658753825578,0.9984062938049928,-0.007159581577565022
second_order_response__target-64,second_order_response,5037646422310687683,train,0,63,64,0.5429342221634745,0.5648390812871479,0.021904859123673348
second_order_response__target-66,second_order_response,5037646422310687683,train,2,65,66,0.5654123764662775,0.5844084188045554,0.018996042338277896
second_order_response__target-68,second_order_response,5037646422310687683,train,4,67,68,0.6059915223104883,0.6231448046654029,0.017153282354914645
second_order_response__target-70,second_order_response,5037646422310687683,train,6,69,70,0.6297924633911912,0.6441788329161242,0.014386369524932996
second_order_response__target-72,second_order_response,5037646422310687683,train,8,71,72,0.6436394372103592,0.6627831009679446,0.01914366375758536
second_order_response__target-74,second_order_response,5037646422310687683,train,10,73,74,0.6874938021023121,0.676752180216606,-0.010741621885706154
second_order_response__target-76,second_order_response,5037646422310687683,train,12,75,76,0.7206787204566947,0.7233947829154812,0.002716062458786528
second_order_response__target-78,second_order_response,5037646422310687683,train,14,77,78,0.7421200565478121,0.7421508478086083,3.079126079619243e-05
second_order_response__target-80,second_order_response,5037646422310687683,train,16,79,80,0.7651975216966937,0.8046515849936853,0.039454063296991526
second_order_response__target-82,second_order_response,5037646422310687683,train,18,81,82,0.8038955494628199,0.8236591422024138,0.019763592739593827
second_order_response__target-84,second_order_response,5037646422310687683,train,20,83,84,0.8174764078774156,0.8631527155044049,0.045676307626989265
second_order_response__target-86,second_order_response,5037646422310687683,train,22,85,86,0.8661917927458258,0.8770663277893802,0.0108745350435544
second_order_response__target-88,second_order_response,5037646422310687683,train,24,87,88,0.8992488364406563,0.8964438818663532,-0.0028049545743031867
second_order_response__target-90,second_order_response,5037646422310687683,train,26,89,90,0.9293490664488062,0.9478517626650496,0.01850269621624334
second_order_response__target-92,second_order_response,5037646422310687683,train,28,91,92,0.9548953608008028,0.9523584829371874,-0.00253687786361545
second_order_response__target-94,second_order_response,5037646422310687683,train,30,93,94,0.9761157570297382,0.9698738062634699,-0.006241950766268323
second_order_response__target-96,second_order_response,5037646422310687683,train,32,95,96,0.9987817417660999,1.0258732135415345,0.027091471775434584
second_order_response__target-98,second_order_response,5037646422310687683,train,34,97,98,1.0325149913227583,1.0262040747449521,-0.006310916577806136
second_order_response__target-100,second_order_response,5037646422310687683,train,36,99,100,1.064166394137087,1.1048978539426182,0.04073145980553128
second_order_response__target-102,second_order_response,5037646422310687683,train,38,101,102,1.1011897847804757,1.088363725154055,-0.012826059626420694
second_order_response__target-104,second_order_response,5037646422310687683,train,40,103,104,1.1080613595743942,1.1310255261635902,0.022964166589195978
second_order_response__target-106,second_order_response,5037646422310687683,train,42,105,106,1.157778681904144,1.1547795543541954,-0.002999127549948577
second_order_response__target-108,second_order_response,5037646422310687683,train,44,107,108,1.1817529338844,1.1600279780916403,-0.02172495579275968
second_order_response__target-110,second_order_response,5037646422310687683,train,46,109,110,1.1990819971884052,1.1944310238502631,-0.004650973338142128
second_order_response__target-112,second_order_response,5037646422310687683,train,48,111,112,1.2044669037011335,1.2350608119652662,0.030593908264132663
second_order_response__target-114,second_order_response,5037646422310687683,train,50,113,114,1.2453904128946331,1.2558988276547889,0.010508414760155738
second_order_response__target-116,second_order_response,5037646422310687683,train,52,115,116,1.267710374594719,1.2766348255939441,0.00892445099922523
second_order_response__target-118,second_order_response,5037646422310687683,train,54,117,118,1.2855004638564667,1.2985221769409594,0.013021713084492736
second_order_response__target-120,second_order_response,5037646422310687683,train,56,119,120,1.300226458894452,1.3269081987712856,0.026681739876833532
second_order_response__target-122,second_order_response,5037646422310687683,train,58,121,122,1.3470083925111538,1.3393050777566582,-0.007703314754495594
second_order_response__target-124,second_order_response,5037646422310687683,train,60,123,124,1.353077215314386,1.375097325248781,0.02202010993439507
second_order_response__target-126,second_order_response,5037646422310687683,train,62,125,126,1.3795893828725674,1.3921141817890552,0.012524798916487834
second_order_response__target-128,second_order_response,5037646422310687683,train,64,127,128,1.4121719133940307,1.418024981136182,0.00585306774215133
second_order_response__target-130,second_order_response,5037646422310687683,train,66,129,130,1.42171287538178,1.4348989893441242,0.013186113962344148
second_order_response__target-132,second_order_response,5037646422310687683,train,68,131,132,1.442898421444234,1.4253136760265206,-0.017584745417713377
second_order_response__target-134,second_order_response,5037646422310687683,train,70,133,134,1.4575809930653474,1.4829915975306698,0.025410604465322395
second_order_response__target-136,second_order_response,5037646422310687683,train,72,135,136,1.479991302689312,1.4679988767509002,-0.011992425938411655
second_order_response__target-138,second_order_response,5037646422310687683,train,74,137,138,1.4829546827112583,1.5058520486010307,0.022897365889772425
second_order_response__target-140,second_order_response,5037646422310687683,train,76,139,140,1.5176142966020678,1.5218802706153727,0.004265974013304863
second_order_response__target-142,second_order_response,5037646422310687683,train,78,141,142,1.5051410500216114,1.538100152965307,0.03295910294369575
second_order_response__target-144,second_order_response,5037646422310687683,train,80,143,144,1.5522783950498258,1.5152031865969031,-0.03707520845292267
second_order_response__target-146,second_order_response,5037646422310687683,train,82,145,146,1.5581647168547614,1.5373619061529804,-0.020802810701781027
second_order_response__target-148,second_order_response,5037646422310687683,train,84,147,148,1.554701874958422,1.5469733419893699,-0.007728532969052182
second_order_response__target-150,second_order_response,5037646422310687683,train,86,149,150,1.5733198151753098,1.5716760587166874,-0.0016437564586224696
second_order_response__target-152,second_order_response,5037646422310687683,train,88,151,152,1.5747175358118253,1.580541105808174,0.005823569996348699
second_order_response__target-154,second_order_response,5037646422310687683,train,90,153,154,1.5868849874620878,1.583137150400018,-0.0037478370620698254
second_order_response__target-156,second_order_response,5037646422310687683,train,92,155,156,1.5784683620570517,1.6147971504192096,0.036328788362157916
second_order_response__target-158,second_order_response,5037646422310687683,train,94,157,158,1.5981583171884683,1.6214400047512374,0.02328168756276905
second_order_response__target-160,second_order_response,5037646422310687683,train,96,159,160,1.5898673661922313,1.5788834903746065,-0.010983875817624833
second_order_response__target-162,second_order_response,5037646422310687683,train,98,161,162,1.6164833275925572,1.613595328874264,-0.002887998718293261
second_order_response__target-164,second_order_response,5037646422310687683,train,100,163,164,1.6183380703030237,1.6219816030742602,0.003643532771236524
second_order_response__target-166,second_order_response,5037646422310687683,train,102,165,166,1.5842312130414469,1.6006966198571808,0.01646540681573394
second_order_response__target-168,second_order_response,5037646422310687683,train,104,167,168,1.6166173717918684,1.6333633904257654,0.01674601863389702
second_order_response__target-170,second_order_response,5037646422310687683,train,106,169,170,1.6372731198388655,1.6070680809153848,-0.030205038923480698
second_order_response__target-172,second_order_response,5037646422310687683,train,108,171,172,1.626663887574342,1.6172321784584058,-0.00943170911593616
second_order_response__target-174,second_order_response,5037646422310687683,train,110,173,174,1.6274029648751864,1.6198965132188072,-0.007506451656379198
second_order_response__target-176,second_order_response,5037646422310687683,train,112,175,176,1.63278967330058,1.6240805121789539,-0.008709161121626119
second_order_response__target-178,second_order_response,5037646422310687683,train,114,177,178,1.6090065919933754,1.62475143782946,0.01574484583608471
second_order_response__target-180,second_order_response,5037646422310687683,train,116,179,180,1.6347654592673966,1.605635369804477,-0.029130089462919617
second_order_response__target-182,second_order_response,5037646422310687683,train,118,181,182,1.629181069562957,1.6150846714281413,-0.014096398134815669
second_order_response__target-184,second_order_response,5037646422310687683,train,120,183,184,1.6050278278838634,1.6284828913995855,0.02345506351572202
second_order_response__target-186,second_order_response,5037646422310687683,train,122,185,186,1.5915915932271048,1.594062352637473,0.0024707594103683395
second_order_response__target-188,second_order_response,5037646422310687683,train,124,187,188,1.623903221638677,1.5877841376834356,-0.03611908395524144
second_order_response__target-190,second_order_response,5037646422310687683,train,126,189,190,1.6112274721034792,1.5809199169842156,-0.03030755511926353
second_order_response__target-192,second_order_response,5037646422310687683,train,128,191,192,1.5845498600657133,1.5910608784158544,0.006511018350141118
second_order_response__target-194,second_order_response,5037646422310687683,train,130,193,194,1.5828021124044245,1.575307359436655,-0.00749475296776958
second_order_response__target-196,second_order_response,5037646422310687683,train,132,195,196,1.5686809281680087,1.556230541002406,-0.012450387165602761
second_order_response__target-198,second_order_response,5037646422310687683,train,134,197,198,1.5791940501546384,1.5818129719108802,0.0026189217562417877
second_order_response__target-200,second_order_response,5037646422310687683,train,136,199,200,1.5486393801116298,1.5413210702305897,-0.007318309881040097
second_order_response__target-202,second_order_response,5037646422310687683,train,138,201,202,1.5397662226053812,1.5297813724236522,-0.00998485018172901
second_order_response__target-204,second_order_response,5037646422310687683,train,140,203,204,1.5257578443552884,1.5323937314896856,0.0066358871343972226
second_order_response__target-206,second_order_response,5037646422310687683,train,142,205,206,1.5001393199934128,1.5159614186173256,0.015822098623912817
second_order_response__target-208,second_order_response,5037646422310687683,train,144,207,208,1.5038301029087093,1.4993984765599804,-0.0044316263487289564
second_order_response__target-210,second_order_response,5037646422310687683,train,146,209,210,1.5143300220333589,1.4970386113441785,-0.017291410689180386
second_order_response__target-212,second_order_response,5037646422310687683,train,148,211,212,1.473928458902461,1.4715848570656576,-0.0023436018368034883
second_order_response__target-214,second_order_response,5037646422310687683,train,150,213,214,1.4561453902911223,1.4970214689221877,0.04087607863106535
second_order_response__target-216,second_order_response,5037646422310687683,train,152,215,216,1.463967380901151,1.4338656064669135,-0.03010177443423756
second_order_response__target-218,second_order_response,5037646422310687683,train,154,217,218,1.4337292761609028,1.431800657632943,-0.001928618527959891
second_order_response__target-220,second_order_response,5037646422310687683,train,156,219,220,1.4303695129782616,1.4246115847528278,-0.0057579282254338615
second_order_response__target-222,second_order_response,5037646422310687683,train,158,221,222,1.4163404806203532,1.406615106795876,-0.009725373824477135
second_order_response__target-224,second_order_response,5037646422310687683,train,160,223,224,1.3966511217933586,1.3890990045073628,-0.0075521172859958074
second_order_response__target-226,second_order_response,5037646422310687683,train,162,225,226,1.3693356342578105,1.3698827668938625,0.0005471326360519946
second_order_response__target-228,second_order_response,5037646422310687683,train,164,227,228,1.3636677467218727,1.3388415978674546,-0.02482614885441814
second_order_response__target-230,second_order_response,5037646422310687683,train,166,229,230,1.3454679579637319,1.318280134919286,-0.02718782304444578
second_order_response__target-232,second_order_response,5037646422310687683,train,168,231,232,1.3253875778269686,1.3228483860421163,-0.0025391917848522905
second_order_response__target-234,second_order_response,5037646422310687683,train,170,233,234,1.3031940094764236,1.312705716253941,0.009511706777517448
second_order_response__target-236,second_order_response,5037646422310687683,train,172,235,236,1.2908586726940845,1.2665812542805837,-0.02427741841350084
second_order_response__target-238,second_order_response,5037646422310687683,train,174,237,238,1.2534498263419798,1.267406073792022,0.013956247450042314
second_order_response__target-240,second_order_response,5037646422310687683,train,176,239,240,1.252180842506183,1.2428924557777328,-0.009288386728450115
second_order_response__target-242,second_order_response,5037646422310687683,train,178,241,242,1.2242413940335943,1.237408887088925,0.013167493055330715
second_order_response__target-244,second_order_response,5037646422310687683,train,180,243,244,1.2144340701428262,1.209217593608819,-0.005216476534007253
second_order_response__target-246,second_order_response,5037646422310687683,train,182,245,246,1.1946573235528624,1.1860929402125502,-0.008564383340312176
second_order_response__target-248,second_order_response,5037646422310687683,train,184,247,248,1.1919248618164053,1.1718548317582311,-0.020070030058174204
second_order_response__target-250,second_order_response,5037646422310687683,train,186,249,250,1.1575274469649444,1.1592148739941204,0.001687427029176014
second_order_response__target-252,second_order_response,5037646422310687683,train,188,251,252,1.139630214822073,1.1333652412721618,-0.006264973549911179
second_order_response__target-254,second_order_response,5037646422310687683,train,190,253,254,1.128086580134401,1.1045566039183532,-0.02352997621604791
second_order_response__target-256,second_order_response,5037646422310687683,train,192,255,256,1.0973521641243702,1.0947833393035757,-0.0025688248207944575
second_order_response__target-258,second_order_response,5037646422310687683,train,194,257,258,1.08969288412019,1.0864547103476043,-0.0032381737725857285
second_order_response__target-260,second_order_response,5037646422310687683,train,196,259,260,1.0884498328506893,1.0489861459581562,-0.0394636868925331
second_order_response__target-262,second_order_response,5037646422310687683,train,198,261,262,1.0641769084816273,1.0532329642386482,-0.010943944242979065
second_order_response__target-264,second_order_response,5037646422310687683,train,200,263,264,1.0333223998639658,1.037481746217544,0.004159346353578286
second_order_response__target-266,second_order_response,5037646422310687683,train,202,265,266,1.003266241795476,1.0003409122301496,-0.002925329565326429
second_order_response__target-268,second_order_response,5037646422310687683,train,204,267,268,0.9958444299739119,0.9923566001241985,-0.0034878298497134086
second_order_response__target-270,second_order_response,5037646422310687683,train,206,269,270,0.9860483079333802,0.9602367941629596,-0.02581151377042057
second_order_response__target-272,second_order_response,5037646422310687683,train,208,271,272,0.9504181933984263,0.9567055576594902,0.00628736426106391
second_order_response__target-274,second_order_response,5037646422310687683,train,210,273,274,0.9466536258332119,0.9382517038156267,-0.008401922017585162
second_order_response__target-276,second_order_response,5037646422310687683,train,212,275,276,0.9376051194221257,0.9207979633794509,-0.016807156042674798
second_order_response__target-278,second_order_response,5037646422310687683,train,214,277,278,0.9087343796828509,0.8921056739883061,-0.016628705694544776
second_order_response__target-280,second_order_response,5037646422310687683,train,216,279,280,0.9005084876599151,0.8783305501898417,-0.02217793747007335
second_order_response__target-282,second_order_response,5037646422310687683,train,218,281,282,0.8823191876231821,0.857858990949298,-0.024460196673884105
second_order_response__target-284,second_order_response,5037646422310687683,train,220,283,284,0.87093083745722,0.8471781537574847,-0.023752683699735266
second_order_response__target-286,second_order_response,5037646422310687683,train,222,285,286,0.8578116936049281,0.8667158464843967,0.008904152879468552
second_order_response__target-288,second_order_response,5037646422310687683,train,224,287,288,0.8122595151144489,0.8251111529899161,0.01285163787546717
second_order_response__target-290,second_order_response,5037646422310687683,train,226,289,290,0.8234249728186209,0.8253511044042435,0.0019261315856226036
second_order_response__target-292,second_order_response,5037646422310687683,train,228,291,292,0.8063440947759449,0.7863738358474235,-0.019970258928521445
second_order_response__target-294,second_order_response,5037646422310687683,train,230,293,294,0.794951744485579,0.7919349520205411,-0.003016792465037943
second_order_response__target-296,second_order_response,5037646422310687683,train,232,295,296,0.7812921073497385,0.7727463613885686,-0.00854574596116997
second_order_response__target-298,second_order_response,5037646422310687683,train,234,297,298,0.7579610697870506,0.771690149017157,0.013729079230106467
second_order_response__target-300,second_order_response,5037646422310687683,train,236,299,300,0.7636807399567336,0.7686097527498641,0.004929012793130516
second_order_response__target-302,second_order_response,5037646422310687683,train,238,301,302,0.7483162128278321,0.7476536908136167,-0.0006625220142154609
second_order_response__target-304,second_order_response,5037646422310687683,train,240,303,304,0.7344122049957272,0.7289105881007696,-0.0055016168949576505
second_order_response__target-306,second_order_response,5037646422310687683,train,242,305,306,0.7301464162941484,0.7166068875755608,-0.013539528718587657
second_order_response__target-308,second_order_response,5037646422310687683,train,244,307,308,0.7256795898082138,0.6870768403030281,-0.03860274950518572
second_order_response__target-310,second_order_response,5037646422310687683,train,246,309,310,0.7123690516808819,0.6963453323053821,-0.016023719375499845
second_order_response__target-312,second_order_response,5037646422310687683,train,248,311,312,0.6863452034465847,0.6980874728862502,0.011742269439665498
second_order_response__target-314,second_order_response,5037646422310687683,train,250,313,314,0.6761594581233584,0.6819736711898974,0.0058142130665389535
second_order_response__target-316,second_order_response,5037646422310687683,train,252,315,316,0.6833040974350095,0.677635010893535,-0.005669086541474577
second_order_response__target-318,second_order_response,5037646422310687683,train,254,317,318,0.6682884500074261,0.667936496659735,-0.0003519533476911141
second_order_response__target-320,second_order_response,5037646422310687683,train,256,319,320,0.6552444092690338,0.648397213541452,-0.006847195727581856
second_order_response__target-322,second_order_response,5037646422310687683,train,258,321,322,0.6617617038027387,0.6443459759780168,-0.017415727824721894
second_order_response__target-324,second_order_response,5037646422310687683,train,260,323,324,0.6389790116878848,0.6449953387656373,0.006016327077752459
second_order_response__target-326,second_order_response,5037646422310687683,train,262,325,326,0.6318567461547833,0.6200764291880286,-0.011780316966754634
second_order_response__target-328,second_order_response,5037646422310687683,train,264,327,328,0.6281049749798936,0.6324416318952749,0.004336656915381321
second_order_response__target-330,second_order_response,5037646422310687683,train,266,329,330,0.6414813518146144,0.6344567966241687,-0.007024555190445758
second_order_response__target-332,second_order_response,5037646422310687683,train,268,331,332,0.63662476201619,0.6125536805655722,-0.02407108145061776
second_order_response__target-334,second_order_response,5037646422310687683,train,270,333,334,0.6267428895340885,0.6291615645813198,0.0024186750472312557
second_order_response__target-336,second_order_response,5037646422310687683,train,272,335,336,0.6227440169163074,0.623320882918946,0.0005768660026386208
second_order_response__target-338,second_order_response,5037646422310687683,train,274,337,338,0.6172157744504803,0.6167311137158742,-0.0004846607346060683
second_order_response__target-340,second_order_response,5037646422310687683,train,276,339,340,0.6110096908441571,0.5932386365226976,-0.017771054321459534
second_order_response__target-342,second_order_response,5037646422310687683,train,278,341,342,0.6050160783822033,0.6200768256566039,0.015060747274400654
second_order_response__target-344,second_order_response,5037646422310687683,train,280,343,344,0.6056611287810489,0.6269026054456424,0.021241476664593417
second_order_response__target-346,second_order_response,5037646422310687683,train,282,345,346,0.6264077304602282,0.6060511147853065,-0.020356615674921752
second_order_response__target-348,second_order_response,5037646422310687683,train,284,347,348,0.6185930096501995,0.6157862686329759,-0.0028067410172235574
second_order_response__target-350,second_order_response,5037646422310687683,train,286,349,350,0.6123340187128686,0.6134226991522266,0.0010886804393579474
second_order_response__target-352,second_order_response,5037646422310687683,train,288,351,352,0.6160004911643692,0.6264786538173419,0.010478162652972745
second_order_response__target-354,second_order_response,5037646422310687683,train,290,353,354,0.5965581427844504,0.6099346099150899,0.013376467130639447
second_order_response__target-356,second_order_response,5037646422310687683,train,292,355,356,0.6229152467547369,0.6374199787061983,0.014504731951461403
second_order_response__target-358,second_order_response,5037646422310687683,train,294,357,358,0.6268917636718176,0.6182964047812692,-0.00859535889054841
second_order_response__target-360,second_order_response,5037646422310687683,train,296,359,360,0.6201946621293261,0.6326358782303314,0.012441216101005348
second_order_response__target-362,second_order_response,5037646422310687683,train,298,361,362,0.6324694716706886,0.6420969130596554,0.009627441388966873
second_order_response__target-364,second_order_response,5037646422310687683,train,300,363,364,0.6485785445365133,0.6276983266122395,-0.02088021792427386
second_order_response__target-366,second_order_response,5037646422310687683,train,302,365,366,0.6410451566072966,0.6435994001614941,0.002554243554197533
second_order_response__target-368,second_order_response,5037646422310687683,train,304,367,368,0.6319478939808145,0.6469227408378999,0.014974846857085389
second_order_response__target-370,second_order_response,5037646422310687683,train,306,369,370,0.6652264413894228,0.6378453442968497,-0.02738109709257308
second_order_response__target-372,second_order_response,5037646422310687683,train,308,371,372,0.6416746674911369,0.6673049876024425,0.025630320111305616
second_order_response__target-374,second_order_response,5037646422310687683,train,310,373,374,0.668301004853173,0.6839257719169027,0.015624767063729728
second_order_response__target-376,second_order_response,5037646422310687683,train,312,375,376,0.659871246619185,0.6645234152666509,0.004652168647465982
second_order_response__target-378,second_order_response,5037646422310687683,train,314,377,378,0.6725817157055792,0.6753562737726362,0.0027745580670569536
second_order_response__target-380,second_order_response,5037646422310687683,train,316,379,380,0.6990772882732819,0.6796018677378437,-0.01947542053543816
second_order_response__target-382,second_order_response,5037646422310687683,train,318,381,382,0.6950661900938571,0.6766100981535143,-0.01845609194034281
second_order_response__target-384,second_order_response,5037646422310687683,train,320,383,384,0.6807484984443078,0.7210701175278385,0.0403216190835306
second_order_response__target-386,second_order_response,5037646422310687683,train,322,385,386,0.7026069599207737,0.7176250360569872,0.015018076136213532
second_order_response__target-388,second_order_response,5037646422310687683,train,324,387,388,0.6984734677686913,0.719152623254154,0.02067915548546262
second_order_response__target-390,second_order_response,5037646422310687683,train,326,389,390,0.7143782284503957,0.7254827896212047,0.011104561170809046
second_order_response__target-392,second_order_response,5037646422310687683,train,328,391,392,0.7394768296149058,0.7382831817552854,-0.0011936478596203948
second_order_response__target-394,second_order_response,5037646422310687683,train,330,393,394,0.7190862061160024,0.7380782215806501,0.018992015464647682
second_order_response__target-396,second_order_response,5037646422310687683,train,332,395,396,0.7387539051938348,0.762272104029623,0.023518198835788207
second_order_response__target-398,second_order_response,5037646422310687683,train,334,397,398,0.7683758220150183,0.7644856756422079,-0.003890146372810377
second_order_response__target-400,second_order_response,5037646422310687683,train,336,399,400,0.7730959227853411,0.7869559095138376,0.013859986728496532
second_order_response__target-402,second_order_response,5037646422310687683,train,338,401,402,0.7788373193970778,0.7891047390011712,0.010267419604093386
second_order_response__target-404,second_order_response,5037646422310687683,train,340,403,404,0.81317543901082,0.7933917826045841,-0.019783656406235917
second_order_response__target-406,second_order_response,5037646422310687683,train,342,405,406,0.8042686809282551,0.8269541024722932,0.022685421544038076
second_order_response__target-408,second_order_response,5037646422310687683,train,344,407,408,0.8096756927915638,0.8262998534370606,0.016624160645496766
second_order_response__target-410,second_order_response,5037646422310687683,train,346,409,410,0.8241052390501303,0.8258320575912959,0.0017268185411655201
second_order_response__target-412,second_order_response,5037646422310687683,train,348,411,412,0.8441765919382682,0.8291008852708683,-0.01507570666739988
second_order_response__target-414,second_order_response,5037646422310687683,train,350,413,414,0.8769371619793875,0.8783717737490708,0.0014346117696832916
second_order_response__target-416,second_order_response,5037646422310687683,train,352,415,416,0.8530811222564431,0.8841274956998957,0.031046373443452624
second_order_response__target-418,second_order_response,5037646422310687683,train,354,417,418,0.8768090555514857,0.8784545827633891,0.0016455272119033637
second_order_response__target-420,second_order_response,5037646422310687683,train,356,419,420,0.891271280261476,0.8943521255117869,0.0030808452503109374
second_order_response__target-422,second_order_response,5037646422310687683,train,358,421,422,0.9160480181282643,0.9013880673264569,-0.014659950801807375
second_order_response__target-424,second_order_response,5037646422310687683,train,360,423,424,0.906286890489641,0.9284811760725415,0.022194285582900597
second_order_response__target-426,second_order_response,5037646422310687683,train,362,425,426,0.9207735512179305,0.944390605728219,0.023617054510288504
second_order_response__target-428,second_order_response,5037646422310687683,train,364,427,428,0.9207404321941723,0.9172983640957787,-0.003442068098393647
second_order_response__target-430,second_order_response,5037646422310687683,train,366,429,430,0.9595870365705877,0.9436389725406005,-0.015948064029987274
second_order_response__target-432,second_order_response,5037646422310687683,train,368,431,432,0.9713639358051598,0.9709884361071384,-0.0003754996980214198
second_order_response__target-434,second_order_response,5037646422310687683,train,370,433,434,0.9608660053111104,0.9903169052213692,0.029450899910258732
second_order_response__target-436,second_order_response,5037646422310687683,train,372,435,436,0.9890339929832568,0.9809580594562936,-0.00807593352696323
second_order_response__target-438,second_order_response,5037646422310687683,train,374,437,438,0.9933957091848828,0.9790678013897895,-0.014327907795093298
second_order_response__target-440,second_order_response,5037646422310687683,train,376,439,440,1.0086993450263577,0.9836196455166709,-0.025079699509686804
second_order_response__target-442,second_order_response,5037646422310687683,train,378,441,442,0.9991926452869627,1.0022934706764972,0.0031008253895344895
second_order_response__target-444,second_order_response,5037646422310687683,train,380,443,444,1.0173994506315067,1.0109648342101831,-0.006434616421323591
second_order_response__target-446,second_order_response,5037646422310687683,train,382,445,446,1.0312170515853614,1.0326606171288935,0.0014435655435320882
second_order_response__target-448,second_order_response,5037646422310687683,train,384,447,448,1.0206701293476053,1.0443168627722832,0.023646733424677935
second_order_response__target-450,second_order_response,5037646422310687683,train,386,449,450,1.0465417732702116,1.0628858919911879,0.016344118720976297
second_order_response__target-452,second_order_response,5037646422310687683,train,388,451,452,1.0476114753272887,1.07710926878261,0.02949779345532133
second_order_response__target-454,second_order_response,5037646422310687683,train,390,453,454,1.076934396529016,1.069074080929023,-0.007860315599993006
second_order_response__target-456,second_order_response,5037646422310687683,train,392,455,456,1.0624297810595236,1.094557790301639,0.03212800924211545
second_order_response__target-458,second_order_response,5037646422310687683,train,394,457,458,1.0930970480042324,1.1087922390535754,0.015695191049343027
second_order_response__target-460,second_order_response,5037646422310687683,train,396,459,460,1.0979234283269637,1.0921392189965204,-0.005784209330443213
second_order_response__target-462,second_order_response,5037646422310687683,train,398,461,462,1.135264322642498,1.1126907944546536,-0.022573528187844527
second_order_response__target-464,second_order_response,5037646422310687683,train,400,463,464,1.114094419161866,1.1329718164299083,0.018877397268042273
second_order_response__target-466,second_order_response,5037646422310687683,train,402,465,466,1.141115950939954,1.162947476510593,0.021831525570638943
second_order_response__target-468,second_order_response,5037646422310687683,train,404,467,468,1.124435391889052,1.1385217027460386,0.014086310856986639
second_order_response__target-470,second_order_response,5037646422310687683,train,406,469,470,1.135471397577455,1.1553466826989829,0.019875285121527808
second_order_response__target-472,second_order_response,5037646422310687683,train,408,471,472,1.1453662638599191,1.1445340768812768,-0.0008321869786422909
second_order_response__target-474,second_order_response,5037646422310687683,train,410,473,474,1.1669639206196067,1.1704590947749167,0.003495174155309977
second_order_response__target-476,second_order_response,5037646422310687683,train,412,475,476,1.1554080217980425,1.1841434304786236,0.02873540868058111
second_order_response__target-478,second_order_response,5037646422310687683,train,414,477,478,1.1810804553959062,1.2055955006800745,0.024515045284168258
second_order_response__target-480,second_order_response,5037646422310687683,train,416,479,480,1.1829776547628301,1.179637851699357,-0.0033398030634730347
second_order_response__target-482,second_order_response,5037646422310687683,train,418,481,482,1.1905409412812025,1.1659096773445894,-0.02463126393661308
second_order_response__target-484,second_order_response,5037646422310687683,train,420,483,484,1.1927856908365326,1.1892567596005152,-0.0035289312360173852
second_order_response__target-486,second_order_response,5037646422310687683,train,422,485,486,1.203474604492742,1.2122487420517463,0.008774137559004247
second_order_response__target-488,second_order_response,5037646422310687683,train,424,487,488,1.1819577247433999,1.198679706166092,0.01672198142269221
second_order_response__target-490,second_order_response,5037646422310687683,train,426,489,490,1.2070953771563118,1.2057828491039886,-0.0013125280523231808
second_order_response__target-492,second_order_response,5037646422310687683,train,428,491,492,1.1808806840579797,1.2277839292685349,0.04690324521055511
second_order_response__target-494,second_order_response,5037646422310687683,train,430,493,494,1.2064033237240754,1.2247436182314873,0.018340294507411814
second_order_response__target-496,second_order_response,5037646422310687683,train,432,495,496,1.213265934387152,1.2241830850935864,0.010917150706434509
second_order_response__target-498,second_order_response,5037646422310687683,train,434,497,498,1.2127734803041095,1.2304615012389448,0.017688020934835347
second_order_response__target-500,second_order_response,5037646422310687683,train,436,499,500,1.2154783206690962,1.218148042061047,0.0026697213919508744
second_order_response__target-502,second_order_response,5037646422310687683,train,438,501,502,1.2257574966877807,1.2279675869029005,0.0022100902151198643
second_order_response__target-504,second_order_response,5037646422310687683,train,440,503,504,1.2378419410303392,1.2513186536949308,0.013476712664591606
second_order_response__target-506,second_order_response,5037646422310687683,train,442,505,506,1.2314139319143251,1.239494234597018,0.008080302682692775
second_order_response__target-508,second_order_response,5037646422310687683,train,444,507,508,1.2520192603950722,1.227681835760198,-0.024337424634874205
second_order_response__target-510,second_order_response,5037646422310687683,train,446,509,510,1.2452458433815838,1.249675779415489,0.004429936033905069
second_order_response__target-512,second_order_response,5037646422310687683,train,448,511,512,1.2328638164984487,1.2267772592970045,-0.006086557201444132
second_order_response__target-514,second_order_response,5037646422310687683,train,450,513,514,1.2332278787700772,1.235075748047411,0.0018478692773338246
second_order_response__target-516,second_order_response,5037646422310687683,train,452,515,516,1.2558186790998929,1.2453955499565412,-0.01042312914335164
second_order_response__target-518,second_order_response,5037646422310687683,train,454,517,518,1.2309456330663848,1.2395907242919697,0.008645091225584878
second_order_response__target-520,second_order_response,5037646422310687683,train,456,519,520,1.2257573223026035,1.2389471890853434,0.013189866782739923
second_order_response__target-522,second_order_response,5037646422310687683,train,458,521,522,1.2369654694214294,1.2544142793559994,0.017448809934569987
second_order_response__target-524,second_order_response,5037646422310687683,train,460,523,524,1.2334121282134396,1.2310477405677775,-0.002364387645662047
second_order_response__target-526,second_order_response,5037646422310687683,train,462,525,526,1.2488532681522275,1.2272319461719206,-0.021621321980306973
second_order_response__target-528,second_order_response,5037646422310687683,train,464,527,528,1.2415583432525346,1.2138489875627176,-0.027709355689816917
second_order_response__target-530,second_order_response,5037646422310687683,train,466,529,530,1.2456230218327669,1.2419320200748551,-0.003691001757911705
second_order_response__target-532,second_order_response,5037646422310687683,train,468,531,532,1.226777455998093,1.2369467319647944,0.010169275966701363
second_order_response__target-534,second_order_response,5037646422310687683,train,470,533,534,1.226748819772927,1.2157998214189836,-0.010948998353943473
second_order_response__target-536,second_order_response,5037646422310687683,train,472,535,536,1.2197477506648169,1.2263605226396135,0.006612771974796594
second_order_response__target-538,second_order_response,5037646422310687683,train,474,537,538,1.2024334776789163,1.2253796411796796,0.022946163500763284
second_order_response__target-540,second_order_response,5037646422310687683,train,476,539,540,1.2117399394309432,1.2244545298989251,0.012714590467981957
second_order_response__target-542,second_order_response,5037646422310687683,train,478,541,542,1.21779391332816,1.2103950781537134,-0.007398835174446505
second_order_response__target-544,second_order_response,5037646422310687683,train,480,543,544,1.2106367228920112,1.2318898320465863,0.021253109154575123
second_order_response__target-546,second_order_response,5037646422310687683,train,482,545,546,1.2064032857780944,1.1889530987215855,-0.017450187056508915
second_order_response__target-548,second_order_response,5037646422310687683,train,484,547,548,1.199807484812879,1.189168301557942,-0.010639183254937068
second_order_response__target-550,second_order_response,5037646422310687683,train,486,549,550,1.1887852222439277,1.2082074982484725,0.019422276004544825
second_order_response__target-552,second_order_response,5037646422310687683,train,488,551,552,1.2053582181587454,1.195891455816435,-0.009466762342310364
second_order_response__target-554,second_order_response,5037646422310687683,train,490,553,554,1.1938120236164431,1.1790349901098671,-0.014777033506575998
second_order_response__target-556,second_order_response,5037646422310687683,train,492,555,556,1.190363425929835,1.192630018061969,0.002266592132134093
second_order_response__target-558,second_order_response,5037646422310687683,train,494,557,558,1.1887593233926061,1.1705753059001418,-0.018184017492464344
second_order_response__target-560,second_order_response,5037646422310687683,train,496,559,560,1.1784264397130906,1.1734807388922066,-0.004945700820883969
second_order_response__target-562,second_order_response,5037646422310687683,train,498,561,562,1.170791303401821,1.163374579123283,-0.007416724278537901
second_order_response__target-564,second_order_response,5037646422310687683,train,500,563,564,1.1789094022956348,1.1609110736158108,-0.017998328679823983
second_order_response__target-566,second_order_response,5037646422310687683,train,502,565,566,1.153387925450739,1.164299721527861,0.010911796077121894
second_order_response__target-568,second_order_response,5037646422310687683,train,504,567,568,1.1429012922773714,1.133908190804059,-0.008993101473312448
second_order_response__target-570,second_order_response,5037646422310687683,train,506,569,570,1.1484918257037278,1.1449295220765254,-0.0035623036272023345
second_order_response__target-572,second_order_response,5037646422310687683,train,508,571,572,1.1302785805634736,1.1235028787987016,-0.006775701764772046
second_order_response__target-574,second_order_response,5037646422310687683,train,510,573,574,1.130092724319596,1.1196928146005705,-0.01039990971902549
second_order_response__target-576,second_order_response,5037646422310687683,train,512,575,576,1.1295621567617258,1.1350359792924734,0.005473822530747574
second_order_response__target-578,second_order_response,5037646422310687683,train,514,577,578,1.1185816435617373,1.1172652845503783,-0.0013163590113589585
second_order_response__target-580,second_order_response,5037646422310687683,train,516,579,580,1.1093456342230223,1.1168868774088276,0.007541243185805291
second_order_response__target-582,second_order_response,5037646422310687683,train,518,581,582,1.101927380482786,1.1114181546422819,0.00949077415949584
second_order_response__target-584,second_order_response,5037646422310687683,train,520,583,584,1.1210392494210342,1.0970574880520692,-0.023981761368965016
second_order_response__target-586,second_order_response,5037646422310687683,train,522,585,586,1.1029459062454352,1.0829335830709232,-0.02001232317451196
second_order_response__target-588,second_order_response,5037646422310687683,train,524,587,588,1.0837880822875399,1.077706969220926,-0.006081113066613852
second_order_response__target-590,second_order_response,5037646422310687683,train,526,589,590,1.073044529638662,1.0676637397807385,-0.0053807898579234514
second_order_response__target-592,second_order_response,5037646422310687683,train,528,591,592,1.0736724234756503,1.0668770028703924,-0.00679542060525784
second_order_response__target-594,second_order_response,5037646422310687683,train,530,593,594,1.0618697850302028,1.0640619963904498,0.002192211360247054
second_order_response__target-596,second_order_response,5037646422310687683,train,532,595,596,1.0576883207049534,1.0433383240751437,-0.014349996629809736
second_order_response__target-598,second_order_response,5037646422310687683,train,534,597,598,1.047096427379521,1.0630543957997443,0.015957968420223345
second_order_response__target-600,second_order_response,5037646422310687683,train,536,599,600,1.0623091723944387,1.0461759219951472,-0.016133250399291477
second_order_response__target-602,second_order_response,5037646422310687683,train,538,601,602,1.0317190658092708,1.0431955883233983,0.011476522514127563
second_order_response__target-604,second_order_response,5037646422310687683,train,540,603,604,1.017741916250445,1.032459545415106,0.014717629164660906
second_order_response__target-606,second_order_response,5037646422310687683,train,542,605,606,1.0509017860970242,1.0384147487976607,-0.012487037299363513
second_order_response__target-608,second_order_response,5037646422310687683,train,544,607,608,1.0083093707222384,1.0204368968160207,0.012127526093782315
second_order_response__target-610,second_order_response,5037646422310687683,train,546,609,610,1.027662618316323,1.0172523680302465,-0.010410250286076561
second_order_response__target-612,second_order_response,5037646422310687683,train,548,611,612,1.0152955927465181,0.988814194910972,-0.02648139783554615
second_order_response__target-614,second_order_response,5037646422310687683,validation,550,613,614,0.983420809790208,0.9841602562147821,0.0007394464245741306
second_order_response__target-616,second_order_response,5037646422310687683,validation,552,615,616,0.9813340739835756,0.9993031238958026,0.01796904991222692
second_order_response__target-618,second_order_response,5037646422310687683,validation,554,617,618,0.9961872174911075,0.9676541773899695,-0.028533040101137996
second_order_response__target-620,second_order_response,5037646422310687683,validation,556,619,620,0.9870291137574717,0.9675176707653409,-0.019511442992130812
second_order_response__target-622,second_order_response,5037646422310687683,validation,558,621,622,0.9740712329482891,0.96265705265429,-0.011414180293999099
second_order_response__target-624,second_order_response,5037646422310687683,validation,560,623,624,0.9751402864955575,0.9515978504927829,-0.023542436002774614
second_order_response__target-626,second_order_response,5037646422310687683,validation,562,625,626,0.9553176943970846,0.9571117070962971,0.0017940126992125327
second_order_response__target-628,second_order_response,5037646422310687683,validation,564,627,628,0.9592708096233621,0.9699317988278306,0.010660989204468563
second_order_response__target-630,second_order_response,5037646422310687683,validation,566,629,630,0.946713217605236,0.9368019325517781,-0.009911285053457841
second_order_response__target-632,second_order_response,5037646422310687683,validation,568,631,632,0.9527243938605062,0.9502049495944216,-0.002519444266084636
second_order_response__target-634,second_order_response,5037646422310687683,validation,570,633,634,0.9191540461368698,0.939761886321255,0.020607840184385218
second_order_response__target-636,second_order_response,5037646422310687683,validation,572,635,636,0.926050546278758,0.9259905485853785,-5.9997693379498784e-05
second_order_response__target-638,second_order_response,5037646422310687683,validation,574,637,638,0.9380869476151243,0.9332236220003017,-0.004863325614822611
second_order_response__target-640,second_order_response,5037646422310687683,validation,576,639,640,0.9231785490695157,0.9228053265239108,-0.000373222545604901
second_order_response__target-642,second_order_response,5037646422310687683,validation,578,641,642,0.9041278724396213,0.9154085059216983,0.011280633482076974
second_order_response__target-644,second_order_response,5037646422310687683,validation,580,643,644,0.9087214269316827,0.8973153505568895,-0.011406076374793184
second_order_response__target-646,second_order_response,5037646422310687683,validation,582,645,646,0.9045904135087123,0.9268984012020375,0.022307987693325204
second_order_response__target-648,second_order_response,5037646422310687683,validation,584,647,648,0.8929510644395017,0.9071566508375356,0.014205586398033931
second_order_response__target-650,second_order_response,5037646422310687683,validation,586,649,650,0.9019394715583611,0.8773464311245378,-0.024593040433823266
second_order_response__target-652,second_order_response,5037646422310687683,validation,588,651,652,0.8983780877969141,0.9001093024533894,0.0017312146564752995
second_order_response__target-654,second_order_response,5037646422310687683,validation,590,653,654,0.8893990982615075,0.8670524261254431,-0.02234667213606445
second_order_response__target-656,second_order_response,5037646422310687683,validation,592,655,656,0.8779501196287649,0.8860093238636122,0.008059204234847295
second_order_response__target-658,second_order_response,5037646422310687683,validation,594,657,658,0.880095316061671,0.8711115588967039,-0.008983757164967132
second_order_response__target-660,second_order_response,5037646422310687683,validation,596,659,660,0.8868697444993998,0.8650771337322632,-0.021792610767136567
second_order_response__target-662,second_order_response,5037646422310687683,validation,598,661,662,0.8581595769273604,0.8787616056075863,0.02060202868022587
second_order_response__target-664,second_order_response,5037646422310687683,validation,600,663,664,0.8722765942390035,0.8716790220849339,-0.0005975721540696366
second_order_response__target-666,second_order_response,5037646422310687683,validation,602,665,666,0.8458765954439742,0.8577978215479161,0.011921226103941862
second_order_response__target-668,second_order_response,5037646422310687683,validation,604,667,668,0.8568107732862493,0.8673442897672932,0.010533516481043836
second_order_response__target-670,second_order_response,5037646422310687683,validation,606,669,670,0.8507946708250704,0.8450813158075667,-0.005713355017503696
second_order_response__target-672,second_order_response,5037646422310687683,validation,608,671,672,0.8595261641469322,0.8743640810642358,0.014837916917303628
second_order_response__target-674,second_order_response,5037646422310687683,validation,610,673,674,0.8423633937230158,0.8582002494967674,0.0158368557737516
second_order_response__target-676,second_order_response,5037646422310687683,validation,612,675,676,0.8559815361424605,0.8578290263367255,0.0018474901942650002
second_order_response__target-678,second_order_response,5037646422310687683,validation,614,677,678,0.8596305380744887,0.8770552215047742,0.01742468343028547
second_order_response__target-680,second_order_response,5037646422310687683,validation,616,679,680,0.8481072017183597,0.8548767962904751,0.006769594572115345
second_order_response__target-682,second_order_response,5037646422310687683,validation,618,681,682,0.8529159086624883,0.849553557850697,-0.0033623508117913703
second_order_response__target-684,second_order_response,5037646422310687683,validation,620,683,684,0.8369644700131811,0.8538382635988351,0.016873793585653996
second_order_response__target-686,second_order_response,5037646422310687683,validation,622,685,686,0.8448191998915631,0.8525150006992392,0.007695800807676179
second_order_response__target-688,second_order_response,5037646422310687683,validation,624,687,688,0.8560285878241899,0.854148588865547,-0.0018799989586428811
second_order_response__target-690,second_order_response,5037646422310687683,validation,626,689,690,0.8646528728783685,0.8448907444093918,-0.019762128468976625
second_order_response__target-692,second_order_response,5037646422310687683,validation,628,691,692,0.837562865258233,0.8414952629788497,0.003932397720616709
second_order_response__target-694,second_order_response,5037646422310687683,validation,630,693,694,0.8538059712312578,0.8448906076159679,-0.008915363615289884
second_order_response__target-696,second_order_response,5037646422310687683,validation,632,695,696,0.853599382434759,0.8359478841343271,-0.01765149830043189
second_order_response__target-698,second_order_response,5037646422310687683,validation,634,697,698,0.8621482320912863,0.852005273936969,-0.010142958154317316
second_order_response__target-700,second_order_response,5037646422310687683,validation,636,699,700,0.8597610525403425,0.8540268982479077,-0.005734154292434845
second_order_response__target-702,second_order_response,5037646422310687683,validation,638,701,702,0.8463365847230242,0.8494247574937334,0.0030881727707091633
second_order_response__target-704,second_order_response,5037646422310687683,validation,640,703,704,0.8426184584407828,0.8471066688013338,0.004488210360551026
second_order_response__target-706,second_order_response,5037646422310687683,validation,642,705,706,0.855255699300615,0.8602783539705083,0.005022654669893378
second_order_response__target-708,second_order_response,5037646422310687683,validation,644,707,708,0.8529750702197714,0.8462088504611163,-0.006766219758655101
second_order_response__target-710,second_order_response,5037646422310687683,validation,646,709,710,0.8661316370693732,0.8410235700722721,-0.02510806699710111
second_order_response__target-712,second_order_response,5037646422310687683,validation,648,711,712,0.8608045514196834,0.8606754388471769,-0.00012911257250647346
second_order_response__target-714,second_order_response,5037646422310687683,validation,650,713,714,0.8747273382481744,0.8659894701266618,-0.00873786812151256
second_order_response__target-716,second_order_response,5037646422310687683,validation,652,715,716,0.8770020439116094,0.8500313497882787,-0.026970694123330752
second_order_response__target-718,second_order_response,5037646422310687683,validation,654,717,718,0.8617429234436147,0.8857675725192447,0.024024649075629956
second_order_response__target-720,second_order_response,5037646422310687683,validation,656,719,720,0.8722336369455671,0.8792361684092648,0.00700253146369767
second_order_response__target-722,second_order_response,5037646422310687683,validation,658,721,722,0.8674762741539997,0.8665362329691948,-0.0009400411848049517
second_order_response__target-724,second_order_response,5037646422310687683,validation,660,723,724,0.8674999226453359,0.8691945745176647,0.0016946518723287562
second_order_response__target-726,second_order_response,5037646422310687683,validation,662,725,726,0.8687991286688078,0.8906645964158805,0.021865467747072653
second_order_response__target-728,second_order_response,5037646422310687683,validation,664,727,728,0.8775782012289265,0.9132720188234009,0.03569381759447443
second_order_response__target-730,second_order_response,5037646422310687683,validation,666,729,730,0.8832119275388481,0.8635701874216732,-0.0196417401171749
second_order_response__target-732,second_order_response,5037646422310687683,validation,668,731,732,0.892521489459441,0.9016312870344967,0.0091097975750557
second_order_response__target-734,second_order_response,5037646422310687683,validation,670,733,734,0.884745954242809,0.911517313139447,0.026771358896637953
second_order_response__target-736,second_order_response,5037646422310687683,validation,672,735,736,0.8940494227394152,0.9080337315622884,0.01398430882287316
second_order_response__target-738,second_order_response,5037646422310687683,validation,674,737,738,0.9062474997430358,0.891380213630059,-0.014867286112976719
second_order_response__target-740,second_order_response,5037646422310687683,validation,676,739,740,0.9029235687316842,0.917580343456813,0.01465677472512883
second_order_response__target-742,second_order_response,5037646422310687683,validation,678,741,742,0.9045113682685596,0.9032827965278865,-0.0012285717406731456
second_order_response__target-744,second_order_response,5037646422310687683,validation,680,743,744,0.902075213048188,0.9087966243038929,0.006721411255704801
second_order_response__target-746,second_order_response,5037646422310687683,validation,682,745,746,0.921284213833545,0.9137708209791338,-0.007513392854411216
second_order_response__target-748,second_order_response,5037646422310687683,validation,684,747,748,0.9127252202820219,0.9357992238202966,0.023074003538274712
second_order_response__target-750,second_order_response,5037646422310687683,validation,686,749,750,0.9417168828403271,0.9197386388279097,-0.021978244012417325
second_order_response__target-752,second_order_response,5037646422310687683,validation,688,751,752,0.9110741651599404,0.9403255150346674,0.029251349874726995
second_order_response__target-754,second_order_response,5037646422310687683,validation,690,753,754,0.9118548649557153,0.9389761696493232,0.02712130469360785
second_order_response__target-756,second_order_response,5037646422310687683,validation,692,755,756,0.9349949987520336,0.9423656076088442,0.007370608856810623
second_order_response__target-758,second_order_response,5037646422310687683,validation,694,757,758,0.9377126808279335,0.9301168423593562,-0.007595838468577254
second_order_response__target-760,second_order_response,5037646422310687683,validation,696,759,760,0.9564474477023839,0.9561758128612006,-0.00027163484118331027
second_order_response__target-762,second_order_response,5037646422310687683,validation,698,761,762,0.9315801807067613,0.9495805756785395,0.01800039497177819
second_order_response__target-764,second_order_response,5037646422310687683,validation,700,763,764,0.9466284208807026,0.9466329335642443,4.512683541624263e-06
second_order_response__target-766,second_order_response,5037646422310687683,validation,702,765,766,0.9505622346461263,0.9743315596592272,0.023769325013100917
second_order_response__target-768,second_order_response,5037646422310687683,validation,704,767,768,0.9640783719535313,0.9760397272393541,0.011961355285822761
second_order_response__target-770,second_order_response,5037646422310687683,validation,706,769,770,0.9812746041757101,0.9720405121900091,-0.00923409198570102
second_order_response__target-772,second_order_response,5037646422310687683,validation,708,771,772,0.9860961422733219,0.9803121372894047,-0.005784004983917179
second_order_response__target-774,second_order_response,5037646422310687683,validation,710,773,774,0.9618972964738475,0.9849751638859102,0.023077867412062747
second_order_response__target-776,second_order_response,5037646422310687683,validation,712,775,776,0.971872212408985,0.9842295026598473,0.012357290250862296
second_order_response__target-778,second_order_response,5037646422310687683,validation,714,777,778,0.9798337360653415,0.9803111644643222,0.0004774283989806838
second_order_response__target-780,second_order_response,5037646422310687683,validation,716,779,780,0.9765584793257912,0.9834066889757853,0.006848209649994108
second_order_response__target-782,second_order_response,5037646422310687683,validation,718,781,782,0.9828436565524888,1.0006229230649397,0.017779266512450875
second_order_response__target-784,second_order_response,5037646422310687683,validation,720,783,784,1.0041826325719603,1.0152607280094335,0.011078095437473179
second_order_response__target-786,second_order_response,5037646422310687683,validation,722,785,786,0.9898869628496363,1.0143439396306428,0.024456976781006556
second_order_response__target-788,second_order_response,5037646422310687683,validation,724,787,788,0.9907474297371492,0.9863491555422561,-0.004398274194893137
second_order_response__target-790,second_order_response,5037646422310687683,validation,726,789,790,1.0080894108434197,1.0244657162644186,0.016376305420998882
second_order_response__target-792,second_order_response,5037646422310687683,validation,728,791,792,1.0131295854006621,1.029301095119094,0.016171509718431842
second_order_response__target-794,second_order_response,5037646422310687683,validation,730,793,794,1.024074388749482,1.007166367667766,-0.016908021081716074
second_order_response__target-796,second_order_response,5037646422310687683,validation,732,795,796,1.0264048588244425,1.0451754183368618,0.018770559512419238
second_order_response__target-798,second_order_response,5037646422310687683,validation,734,797,798,1.0216067191824194,1.0401298447293557,0.018523125546936248
second_order_response__target-800,second_order_response,5037646422310687683,validation,736,799,800,1.0418201926692967,1.0110300694788463,-0.03079012319045038
second_order_response__target-802,second_order_response,5037646422310687683,validation,738,801,802,1.0110761790389735,1.0417042782820294,0.030628099243055873
second_order_response__target-804,second_order_response,5037646422310687683,validation,740,803,804,1.0462924227597254,1.0575045394288876,0.011212116669162109
second_order_response__target-806,second_order_response,5037646422310687683,validation,742,805,806,1.0377696845286617,1.0393300853058058,0.0015604007771441442
second_order_response__target-808,second_order_response,5037646422310687683,validation,744,807,808,1.0385372078741009,1.046954067410285,0.008416859536184207
second_order_response__target-810,second_order_response,5037646422310687683,validation,746,809,810,1.048562196526444,1.0627424393884666,0.014180242862022574
second_order_response__target-812,second_order_response,5037646422310687683,validation,748,811,812,1.0384931679403113,1.0605183775452047,0.022025209604893403
second_order_response__target-814,second_order_response,5037646422310687683,validation,750,813,814,1.0598580746538142,1.0528695653463351,-0.006988509307479074
second_order_response__target-816,second_order_response,5037646422310687683,validation,752,815,816,1.058249702096765,1.0608969187701482,0.0026472166733833014
second_order_response__target-818,second_order_response,5037646422310687683,validation,754,817,818,1.0666054993443508,1.0620829645445968,-0.004522534799753952
second_order_response__target-820,second_order_response,5037646422310687683,test,756,819,820,1.0597392887540196,1.0469671683749338,-0.012772120379085816
second_order_response__target-822,second_order_response,5037646422310687683,test,758,821,822,1.0724448170803937,1.0755471426645549,0.0031023255841611252
second_order_response__target-824,second_order_response,5037646422310687683,test,760,823,824,1.07600755529642,1.0602858337524594,-0.015721721543960454
second_order_response__target-826,second_order_response,5037646422310687683,test,762,825,826,1.0736648017491817,1.083274309587067,0.009609507837885278
second_order_response__target-828,second_order_response,5037646422310687683,test,764,827,828,1.073739373150571,1.0672396996684743,-0.0064996734820967905
second_order_response__target-830,second_order_response,5037646422310687683,test,766,829,830,1.0766889249067855,1.0803633038083384,0.003674378901552977
second_order_response__target-832,second_order_response,5037646422310687683,test,768,831,832,1.0703852191513905,1.0801393266782757,0.009754107526885214
second_order_response__target-834,second_order_response,5037646422310687683,test,770,833,834,1.0774933713095314,1.0857076141015634,0.008214242792031978
second_order_response__target-836,second_order_response,5037646422310687683,test,772,835,836,1.072843816231108,1.0942677692282083,0.021423952997100315
second_order_response__target-838,second_order_response,5037646422310687683,test,774,837,838,1.0695908891103818,1.0791944239418798,0.009603534831498006
second_order_response__target-840,second_order_response,5037646422310687683,test,776,839,840,1.0979392353843322,1.1046555328722358,0.006716297487903589
second_order_response__target-842,second_order_response,5037646422310687683,test,778,841,842,1.0781584456971578,1.0909827530871559,0.012824307389998069
second_order_response__target-844,second_order_response,5037646422310687683,test,780,843,844,1.0895584162712713,1.0896555396865901,9.712341531886715e-05
second_order_response__target-846,second_order_response,5037646422310687683,test,782,845,846,1.0871906162994351,1.0935239860536885,0.00633336975425336
second_order_response__target-848,second_order_response,5037646422310687683,test,784,847,848,1.0873309210176572,1.0979145961281394,0.010583675110482194
second_order_response__target-850,second_order_response,5037646422310687683,test,786,849,850,1.0942160554037885,1.091305148283453,-0.002910907120335482
second_order_response__target-852,second_order_response,5037646422310687683,test,788,851,852,1.103348020805006,1.0836843918073322,-0.01966362899767371
second_order_response__target-854,second_order_response,5037646422310687683,test,790,853,854,1.0869101045499219,1.0966710509356992,0.009760946385777292
second_order_response__target-856,second_order_response,5037646422310687683,test,792,855,856,1.08540672554533,1.0819268979144752,-0.0034798276308547482
second_order_response__target-858,second_order_response,5037646422310687683,test,794,857,858,1.1100322877888176,1.1089253296857116,-0.001106958103106015
second_order_response__target-860,second_order_response,5037646422310687683,test,796,859,860,1.0865620091889865,1.0877978764123641,0.0012358672233776513
second_order_response__target-862,second_order_response,5037646422310687683,test,798,861,862,1.0928940469994335,1.1067882478414717,0.013894200842038185
second_order_response__target-864,second_order_response,5037646422310687683,test,800,863,864,1.1067093565445452,1.0983930570696034,-0.008316299474941724
second_order_response__target-866,second_order_response,5037646422310687683,test,802,865,866,1.0903095712917663,1.0780752742464956,-0.012234297045270681
second_order_response__target-868,second_order_response,5037646422310687683,test,804,867,868,1.0969138592390373,1.109534805740055,0.012620946501017638
second_order_response__target-870,second_order_response,5037646422310687683,test,806,869,870,1.1067812420166978,1.0780562975133774,-0.028724944503320415
second_order_response__target-872,second_order_response,5037646422310687683,test,808,871,872,1.0920623166618244,1.0872916874961072,-0.004770629165717244
second_order_response__target-874,second_order_response,5037646422310687683,test,810,873,874,1.093478654591752,1.1021302019219301,0.008651547330178033
second_order_response__target-876,second_order_response,5037646422310687683,test,812,875,876,1.11711315332225,1.0992602403620333,-0.017852912960216738
second_order_response__target-878,second_order_response,5037646422310687683,test,814,877,878,1.10077561832776,1.0773408452299245,-0.023434773097835482
second_order_response__target-880,second_order_response,5037646422310687683,test,816,879,880,1.0938808474825894,1.0807824582428232,-0.01309838923976625
second_order_response__target-882,second_order_response,5037646422310687683,test,818,881,882,1.0697976938849916,1.0947372739056265,0.0249395800206349
second_order_response__target-884,second_order_response,5037646422310687683,test,820,883,884,1.0911631440099268,1.0751019248759834,-0.016061219133943316
second_order_response__target-886,second_order_response,5037646422310687683,test,822,885,886,1.0931549883962806,1.0840820971750298,-0.009072891221250767
second_order_response__target-888,second_order_response,5037646422310687683,test,824,887,888,1.077652606841938,1.0843116697496742,0.006659062907736102
second_order_response__target-890,second_order_response,5037646422310687683,test,826,889,890,1.0776078394753459,1.0861879925902114,0.008580153114865485
second_order_response__target-892,second_order_response,5037646422310687683,test,828,891,892,1.0945806373948945,1.0918204831871618,-0.002760154207732679
second_order_response__target-894,second_order_response,5037646422310687683,test,830,893,894,1.0964956943460522,1.076865407222403,-0.019630287123649115
second_order_response__target-896,second_order_response,5037646422310687683,test,832,895,896,1.0710912832055979,1.0846256603496451,0.01353437714404726
second_order_response__target-898,second_order_response,5037646422310687683,test,834,897,898,1.0769837674108356,1.0752424695439489,-0.001741297866886704
second_order_response__target-900,second_order_response,5037646422310687683,test,836,899,900,1.0744770352843216,1.082924423736089,0.008447388451767512
second_order_response__target-902,second_order_response,5037646422310687683,test,838,901,902,1.0550571799438662,1.0527406912305233,-0.00231648871334289
second_order_response__target-904,second_order_response,5037646422310687683,test,840,903,904,1.0888682473635551,1.0739264826735047,-0.014941764690050485
second_order_response__target-906,second_order_response,5037646422310687683,test,842,905,906,1.0628715108676727,1.065924558532143,0.003053047664470343
second_order_response__target-908,second_order_response,5037646422310687683,test,844,907,908,1.0628253201591829,1.042116247533653,-0.0207090726255299
second_order_response__target-910,second_order_response,5037646422310687683,test,846,909,910,1.073945230846049,1.0560340661313528,-0.017911164714696337
second_order_response__target-912,second_order_response,5037646422310687683,test,848,911,912,1.0589367468880726,1.0499533693393563,-0.008983377548716254
second_order_response__target-914,second_order_response,5037646422310687683,test,850,913,914,1.0270785233352113,1.0443686469252298,0.01729012359001847
second_order_response__target-916,second_order_response,5037646422310687683,test,852,915,916,1.0691905987786376,1.044607263071119,-0.024583335707518694
second_order_response__target-918,second_order_response,5037646422310687683,test,854,917,918,1.0505009225326858,1.0633781484818055,0.012877225949119664
second_order_response__target-920,second_order_response,5037646422310687683,test,856,919,920,1.074039224747155,1.0740593023220553,2.0077574900190243e-05
second_order_response__target-922,second_order_response,5037646422310687683,test,858,921,922,1.0523901795929502,1.0518238123924686,-0.0005663672004816434
second_order_response__target-924,second_order_response,5037646422310687683,test,860,923,924,1.0540216310635622,1.0481237918159765,-0.00589783924758569
second_order_response__target-926,second_order_response,5037646422310687683,test,862,925,926,1.0322059847539315,1.0498365124721591,0.017630527718227595
second_order_response__target-928,second_order_response,5037646422310687683,test,864,927,928,1.0262003334081915,1.0433889849482203,0.0171886515400288
second_order_response__target-930,second_order_response,5037646422310687683,test,866,929,930,1.0347423880083528,1.0300976603778997,-0.004644727630453094
second_order_response__target-932,second_order_response,5037646422310687683,test,868,931,932,1.0487282914529463,1.057752743744994,0.009024452292047735
second_order_response__target-934,second_order_response,5037646422310687683,test,870,933,934,1.0367610913439966,1.0367768326889388,1.5741344942199476e-05
second_order_response__target-936,second_order_response,5037646422310687683,test,872,935,936,1.0209000126275505,1.0294514392707956,0.008551426643245152
second_order_response__target-938,second_order_response,5037646422310687683,test,874,937,938,1.0136932421005,1.0399988930613857,0.026305650960885663
second_order_response__target-940,second_order_response,5037646422310687683,test,876,939,940,1.036369833883516,1.0110860037838603,-0.025283830099655624
second_order_response__target-942,second_order_response,5037646422310687683,test,878,941,942,1.0353876034468237,1.014623311019898,-0.020764292426925568
second_order_response__target-944,second_order_response,5037646422310687683,test,880,943,944,1.010616198841369,1.029252013333001,0.018635814491631875
second_order_response__target-946,second_order_response,5037646422310687683,test,882,945,946,1.0170812818872041,1.0027316483975885,-0.014349633489615599
second_order_response__target-948,second_order_response,5037646422310687683,test,884,947,948,1.001341509995991,1.0131513795425444,0.011809869546553386
second_order_response__target-950,second_order_response,5037646422310687683,test,886,949,950,1.0127515596190335,1.006917395370297,-0.005834164248736506
second_order_response__target-952,second_order_response,5037646422310687683,test,888,951,952,1.0020046411255075,0.9950237285502133,-0.006980912575294207
second_order_response__target-954,second_order_response,5037646422310687683,test,890,953,954,1.009366661613855,0.9941258398601547,-0.01524082175370034
second_order_response__target-956,second_order_response,5037646422310687683,test,892,955,956,1.0112496876740804,1.005980425560712,-0.0052692621133683115
second_order_response__target-958,second_order_response,5037646422310687683,test,894,957,958,1.0128355981353885,0.996341578834641,-0.016494019300747453
second_order_response__target-960,second_order_response,5037646422310687683,test,896,959,960,0.9689009449110438,0.9897917295053857,0.020890784594341905
second_order_response__target-962,second_order_response,5037646422310687683,test,898,961,962,1.003387404489363,0.9895557925460042,-0.01383161194335869
second_order_response__target-964,second_order_response,5037646422310687683,test,900,963,964,0.995908358578671,0.9995189452505482,0.0036105866718771917
second_order_response__target-966,second_order_response,5037646422310687683,test,902,965,966,0.9726983932043254,1.0008408356926248,0.028142442488299446
second_order_response__target-968,second_order_response,5037646422310687683,test,904,967,968,0.9800826461050034,0.9946900579263438,0.0146074118213404
second_order_response__target-970,second_order_response,5037646422310687683,test,906,969,970,0.9734704011287989,0.976117116576319,0.0026467154475201538
second_order_response__target-972,second_order_response,5037646422310687683,test,908,971,972,0.9704436337741276,0.9550714892303662,-0.015372144543761346
second_order_response__target-974,second_order_response,5037646422310687683,test,910,973,974,0.9856527603426323,0.9794663205551807,-0.006186439787451592
second_order_response__target-976,second_order_response,5037646422310687683,test,912,975,976,0.9655589706433612,0.9757425824129322,0.010183611769571055
second_order_response__target-978,second_order_response,5037646422310687683,test,914,977,978,0.9860585653248108,0.9969956966539685,0.010937131329157634
second_order_response__target-980,second_order_response,5037646422310687683,test,916,979,980,0.9911903403099376,0.9777525233451276,-0.013437816964809945
second_order_response__target-982,second_order_response,5037646422310687683,test,918,981,982,0.9644417142969715,0.963011856816377,-0.001429857480594432
second_order_response__target-984,second_order_response,5037646422310687683,test,920,983,984,0.9711685695199961,0.9801765599033057,0.009007990383309572
second_order_response__target-986,second_order_response,5037646422310687683,test,922,985,986,0.9696764659601931,0.96058612488898,-0.009090341071213093
second_order_response__target-988,second_order_response,5037646422310687683,test,924,987,988,0.9538933972037124,0.9579102661668975,0.004016868963185094
second_order_response__target-990,second_order_response,5037646422310687683,test,926,989,990,0.9489366833736875,0.9726837530572543,0.02374706968356677
second_order_response__target-992,second_order_response,5037646422310687683,test,928,991,992,0.9696689594735601,0.9696819837916308,1.3024318070709029e-05
second_order_response__target-994,second_order_response,5037646422310687683,test,930,993,994,0.9549358153079587,0.9732243143329914,0.018288499025032712
second_order_response__target-996,second_order_response,5037646422310687683,test,932,995,996,0.9438156128336036,0.9497021361896654,0.005886523356061768
second_order_response__target-998,second_order_response,5037646422310687683,test,934,997,998,0.9562068058634969,0.927081842743754,-0.029124963119742886
second_order_response__target-1000,second_order_response,5037646422310687683,test,936,999,1000,0.9520465145714603,0.9623912682221198,0.010344753650659566
second_order_response__target-1002,second_order_response,5037646422310687683,test,938,1001,1002,0.9653952279451977,0.939410947329691,-0.025984280615506727
second_order_response__target-1004,second_order_response,5037646422310687683,test,940,1003,1004,0.94061942010533,0.9497564061545074,0.009136986049177453
second_order_response__target-1006,second_order_response,5037646422310687683,test,942,1005,1006,0.9668481944021627,0.9497890617882127,-0.01705913261395009
second_order_response__target-1008,second_order_response,5037646422310687683,test,944,1007,1008,0.9488941556562906,0.9479777148064605,-0.0009164408498301135
second_order_response__target-1010,second_order_response,5037646422310687683,test,946,1009,1010,0.951367967016599,0.9301790362609319,-0.02118893075566708
second_order_response__target-1012,second_order_response,5037646422310687683,test,948,1011,1012,0.9496593214486503,0.9322541338201452,-0.01740518762850507
second_order_response__target-1014,second_order_response,5037646422310687683,test,950,1013,1014,0.9375324870016887,0.9327884680788968,-0.0047440189227918594
second_order_response__target-1016,second_order_response,5037646422310687683,test,952,1015,1016,0.9403874316105436,0.9433355499372913,0.002948118326747684
second_order_response__target-1018,second_order_response,5037646422310687683,test,954,1017,1018,0.961498409202576,0.9334369739926354,-0.028061435209940644
second_order_response__target-1020,second_order_response,5037646422310687683,test,956,1019,1020,0.9509963063522031,0.9467846767899676,-0.00421162956223553
second_order_response__target-1022,second_order_response,5037646422310687683,test,958,1021,1022,0.9593163134313022,0.9418313760487388,-0.017484937382563404
regime_change__target-64,regime_change,8401067361085421641,train,0,63,64,0.6797128266552035,0.7225661490080415,0.04285332235283801
regime_change__target-66,regime_change,8401067361085421641,train,2,65,66,0.7092238014217854,0.7240653986504533,0.014841597228667847
regime_change__target-68,regime_change,8401067361085421641,train,4,67,68,0.733080686120397,0.7257674696798069,-0.007313216440590131
regime_change__target-70,regime_change,8401067361085421641,train,6,69,70,0.7539032869282368,0.7666065697143234,0.012703282786086567
regime_change__target-72,regime_change,8401067361085421641,train,8,71,72,0.7544811798232203,0.7703419742745921,0.015860794451371785
regime_change__target-74,regime_change,8401067361085421641,train,10,73,74,0.7714782512093856,0.7930082651997612,0.021530013990375574
regime_change__target-76,regime_change,8401067361085421641,train,12,75,76,0.7814735637069801,0.8047933321089187,0.023319768401938612
regime_change__target-78,regime_change,8401067361085421641,train,14,77,78,0.817541950279602,0.8103081145929483,-0.0072338356866537
regime_change__target-80,regime_change,8401067361085421641,train,16,79,80,0.8277292745249104,0.8433190978354257,0.015589823310515283
regime_change__target-82,regime_change,8401067361085421641,train,18,81,82,0.8481856707722965,0.8274186718559714,-0.020766998916325052
regime_change__target-84,regime_change,8401067361085421641,train,20,83,84,0.8591822849629498,0.8626230493314001,0.003440764368450311
regime_change__target-86,regime_change,8401067361085421641,train,22,85,86,0.8505924328356481,0.8780956992344382,0.027503266398790083
regime_change__target-88,regime_change,8401067361085421641,train,24,87,88,0.8687049966427008,0.8853476829182032,0.01664268627550236
regime_change__target-90,regime_change,8401067361085421641,train,26,89,90,0.8960402119848007,0.8879814238901238,-0.00805878809467686
regime_change__target-92,regime_change,8401067361085421641,train,28,91,92,0.8936808307338333,0.91301185783518,0.01933102710134671
regime_change__target-94,regime_change,8401067361085421641,train,30,93,94,0.8996797522329076,0.9208056889437247,0.021125936710817084
regime_change__target-96,regime_change,8401067361085421641,train,32,95,96,0.9311669611146692,0.9186841118660625,-0.012482849248606764
regime_change__target-98,regime_change,8401067361085421641,train,34,97,98,0.9269000476771954,0.9386838894080558,0.011783841730860445
regime_change__target-100,regime_change,8401067361085421641,train,36,99,100,0.9409140463090244,0.9477871832140675,0.006873136905043098
regime_change__target-102,regime_change,8401067361085421641,train,38,101,102,0.9505412223865829,0.9488144924582658,-0.0017267299283171278
regime_change__target-104,regime_change,8401067361085421641,train,40,103,104,0.9522160360174787,0.9735061834120486,0.021290147394569914
regime_change__target-106,regime_change,8401067361085421641,train,42,105,106,0.9686764929635586,0.9666073853864049,-0.002069107577153728
regime_change__target-108,regime_change,8401067361085421641,train,44,107,108,0.9658110123216208,0.971796980409537,0.0059859680879161825
regime_change__target-110,regime_change,8401067361085421641,train,46,109,110,0.9817954835522038,0.9704391572538427,-0.011356326298361141
regime_change__target-112,regime_change,8401067361085421641,train,48,111,112,0.976069565326803,0.9971783159931619,0.021108750666358866
regime_change__target-114,regime_change,8401067361085421641,train,50,113,114,0.9864523664576974,0.9994934793861132,0.01304111292841581
regime_change__target-116,regime_change,8401067361085421641,train,52,115,116,1.0106034596372822,0.9793966270908416,-0.03120683254644052
regime_change__target-118,regime_change,8401067361085421641,train,54,117,118,0.9877050896798052,0.986341885255889,-0.0013632044239162422
regime_change__target-120,regime_change,8401067361085421641,train,56,119,120,0.9941036529161391,1.012644849526551,0.01854119661041187
regime_change__target-122,regime_change,8401067361085421641,train,58,121,122,0.9854953412025553,1.0031642816566708,0.01766894045411549
regime_change__target-124,regime_change,8401067361085421641,train,60,123,124,0.9900230200950775,0.9945352844526841,0.0045122643576066546
regime_change__target-126,regime_change,8401067361085421641,train,62,125,126,0.9927075458831882,0.9978631893233816,0.005155643440193369
regime_change__target-128,regime_change,8401067361085421641,train,64,127,128,1.0025943040641623,0.9735135660419919,-0.02908073802217037
regime_change__target-130,regime_change,8401067361085421641,train,66,129,130,1.005166431366793,0.9958688257268453,-0.009297605639947637
regime_change__target-132,regime_change,8401067361085421641,train,68,131,132,0.9888039075524296,1.0031931920477555,0.014389284495325838
regime_change__target-134,regime_change,8401067361085421641,train,70,133,134,0.9977526120067531,0.9977069528628278,-4.56591439252918e-05
regime_change__target-136,regime_change,8401067361085421641,train,72,135,136,1.0047618872001742,1.0021752679160967,-0.0025866192840775515
regime_change__target-138,regime_change,8401067361085421641,train,74,137,138,0.9872430771260136,0.9864637232778805,-0.0007793538481331019
regime_change__target-140,regime_change,8401067361085421641,train,76,139,140,0.9709224019414666,1.0007662587800705,0.02984385683860391
regime_change__target-142,regime_change,8401067361085421641,train,78,141,142,0.9858940131142399,0.9866023846159426,0.0007083715017027759
regime_change__target-144,regime_change,8401067361085421641,train,80,143,144,1.0012612890673132,0.9862551481569066,-0.015006140910406529
regime_change__target-146,regime_change,8401067361085421641,train,82,145,146,0.9891178796561272,0.9761479246856766,-0.012969954970450615
regime_change__target-148,regime_change,8401067361085421641,train,84,147,148,0.9740266956848186,0.9752081273959573,0.001181431711138714
regime_change__target-150,regime_change,8401067361085421641,train,86,149,150,0.9740174685066236,0.9599478801323009,-0.014069588374322706
regime_change__target-152,regime_change,8401067361085421641,train,88,151,152,0.9490188493668855,0.9616580560307418,0.012639206663856317
regime_change__target-154,regime_change,8401067361085421641,train,90,153,154,0.9401773751866421,0.948915162152182,0.00873778696553984
regime_change__target-156,regime_change,8401067361085421641,train,92,155,156,0.9529180399645568,0.9274196623265811,-0.02549837763797569
regime_change__target-158,regime_change,8401067361085421641,train,94,157,158,0.920660637417174,0.9307689305731828,0.010108293156008807
regime_change__target-160,regime_change,8401067361085421641,train,96,159,160,0.9216698818477079,0.9213679669357092,-0.000301914911998713
regime_change__target-162,regime_change,8401067361085421641,train,98,161,162,0.9266419810868946,0.9036549585633677,-0.0229870225235268
regime_change__target-164,regime_change,8401067361085421641,train,100,163,164,0.9158390345393502,0.9103138708856965,-0.005525163653653742
regime_change__target-166,regime_change,8401067361085421641,train,102,165,166,0.9036128287494559,0.8881983976197382,-0.015414431129717743
regime_change__target-168,regime_change,8401067361085421641,train,104,167,168,0.8985045602241606,0.8716283001022143,-0.026876260121946327
regime_change__target-170,regime_change,8401067361085421641,train,106,169,170,0.8537532756362723,0.8699646759023711,0.016211400266098797
regime_change__target-172,regime_change,8401067361085421641,train,108,171,172,0.8413435752749914,0.8737371842157435,0.03239360894075216
regime_change__target-174,regime_change,8401067361085421641,train,110,173,174,0.8577830293408714,0.8507668987918674,-0.007016130549003963
regime_change__target-176,regime_change,8401067361085421641,train,112,175,176,0.8273398545019192,0.841439201845366,0.014099347343446866
regime_change__target-178,regime_change,8401067361085421641,train,114,177,178,0.8205878512658276,0.8107325289982739,-0.009855322267553701
regime_change__target-180,regime_change,8401067361085421641,train,116,179,180,0.8073337994517105,0.7802176946692181,-0.02711610478249238
regime_change__target-182,regime_change,8401067361085421641,train,118,181,182,0.7884509256179011,0.7825252836384997,-0.005925641979401375
regime_change__target-184,regime_change,8401067361085421641,train,120,183,184,0.7814345116832591,0.7761712000382782,-0.005263311644980839
regime_change__target-186,regime_change,8401067361085421641,train,122,185,186,0.7621250315228432,0.7499505718109838,-0.012174459711859376
regime_change__target-188,regime_change,8401067361085421641,train,124,187,188,0.7486599981052269,0.7475717885646912,-0.0010882095405356784
regime_change__target-190,regime_change,8401067361085421641,train,126,189,190,0.7367542694884949,0.7102009173136065,-0.02655335217488841
regime_change__target-192,regime_change,8401067361085421641,train,128,191,192,0.7141553634731699,0.6976119060347216,-0.016543457438448317
regime_change__target-194,regime_change,8401067361085421641,train,130,193,194,0.6954675238391043,0.6969117249697102,0.0014442011306059488
regime_change__target-196,regime_change,8401067361085421641,train,132,195,196,0.6940766348449561,0.6607697762735328,-0.03330685857142324
regime_change__target-198,regime_change,8401067361085421641,train,134,197,198,0.6529452917419231,0.6592425534649302,0.006297261723007153
regime_change__target-200,regime_change,8401067361085421641,train,136,199,200,0.6497823234119493,0.6395860276869563,-0.010196295724993032
regime_change__target-202,regime_change,8401067361085421641,train,138,201,202,0.6252536682957364,0.6125400352495495,-0.01271363304618689
regime_change__target-204,regime_change,8401067361085421641,train,140,203,204,0.5887035588328315,0.5810628251638895,-0.0076407336689420235
regime_change__target-206,regime_change,8401067361085421641,train,142,205,206,0.601598517301358,0.5599894332485352,-0.04160908405282282
regime_change__target-208,regime_change,8401067361085421641,train,144,207,208,0.5655470305294885,0.5481312217338312,-0.017415808795657295
regime_change__target-210,regime_change,8401067361085421641,train,146,209,210,0.5758871837722315,0.5373121459591501,-0.03857503781308136
regime_change__target-212,regime_change,8401067361085421641,train,148,211,212,0.5235158311032013,0.4947141326073584,-0.02880169849584291
regime_change__target-214,regime_change,8401067361085421641,train,150,213,214,0.511177251491584,0.46459856913875125,-0.046578682352832745
regime_change__target-216,regime_change,8401067361085421641,train,152,215,216,0.45467739554787445,0.4713933875696653,0.01671599202179086
regime_change__target-218,regime_change,8401067361085421641,train,154,217,218,0.45393631335699136,0.4451398553729402,-0.008796457984051154
regime_change__target-220,regime_change,8401067361085421641,train,156,219,220,0.4488307248303115,0.41984074677987376,-0.028989978050437737
regime_change__target-222,regime_change,8401067361085421641,train,158,221,222,0.3982445200811096,0.41010080273292127,0.011856282651811656
regime_change__target-224,regime_change,8401067361085421641,train,160,223,224,0.3724286836592468,0.3879503697129431,0.015521686053696304
regime_change__target-226,regime_change,8401067361085421641,train,162,225,226,0.3752069438891753,0.35227956214047723,-0.022927381748698072
regime_change__target-228,regime_change,8401067361085421641,train,164,227,228,0.3515744631025149,0.3300958315211282,-0.021478631581386687
regime_change__target-230,regime_change,8401067361085421641,train,166,229,230,0.30186298397708233,0.31868701672354405,0.016824032746461715
regime_change__target-232,regime_change,8401067361085421641,train,168,231,232,0.30849485997066917,0.30602683002877035,-0.0024680299418988194
regime_change__target-234,regime_change,8401067361085421641,train,170,233,234,0.27878002582884354,0.24296018142313314,-0.0358198444057104
regime_change__target-236,regime_change,8401067361085421641,train,172,235,236,0.26404839309619843,0.24786692419256295,-0.016181468903635476
regime_change__target-238,regime_change,8401067361085421641,train,174,237,238,0.22666982631291385,0.22385583394084033,-0.002813992372073526
regime_change__target-240,regime_change,8401067361085421641,train,176,239,240,0.21255709277562193,0.19021829576353028,-0.022338797012091655
regime_change__target-242,regime_change,8401067361085421641,train,178,241,242,0.17022612074367385,0.17397019613608497,0.003744075392411117
regime_change__target-244,regime_change,8401067361085421641,train,180,243,244,0.1635095186571023,0.13092321897425696,-0.03258629968284535
regime_change__target-246,regime_change,8401067361085421641,train,182,245,246,0.13235836039505944,0.13072932934326797,-0.001629031051791463
regime_change__target-248,regime_change,8401067361085421641,train,184,247,248,0.10299319891958943,0.10051043214685629,-0.0024827667727331387
regime_change__target-250,regime_change,8401067361085421641,train,186,249,250,0.04477148747314787,0.07514071038525412,0.030369222912106253
regime_change__target-252,regime_change,8401067361085421641,train,188,251,252,0.05212246496007902,0.048838567643235076,-0.003283897316843941
regime_change__target-254,regime_change,8401067361085421641,train,190,253,254,0.014057118913873394,0.04057279060821557,0.02651567169434218
regime_change__target-256,regime_change,8401067361085421641,train,192,255,256,0.013652434194199703,-0.017775726247328812,-0.03142816044152852
regime_change__target-258,regime_change,8401067361085421641,train,194,257,258,-0.016893624033973317,-0.032322132194024925,-0.015428508160051608
regime_change__target-260,regime_change,8401067361085421641,train,196,259,260,-0.049474339832615816,-0.05206818285256054,-0.002593843019944725
regime_change__target-262,regime_change,8401067361085421641,train,198,261,262,-0.06670214898381442,-0.0728220871923661,-0.006119938208551681
regime_change__target-264,regime_change,8401067361085421641,train,200,263,264,-0.0856698397444304,-0.11590743536644525,-0.03023759562201485
regime_change__target-266,regime_change,8401067361085421641,train,202,265,266,-0.10756534498636054,-0.11392056215083093,-0.006355217164470392
regime_change__target-268,regime_change,8401067361085421641,train,204,267,268,-0.13573765424343667,-0.14373107319417655,-0.007993418950739878
regime_change__target-270,regime_change,8401067361085421641,train,206,269,270,-0.16647302926915444,-0.18341602695593645,-0.016942997686782008
regime_change__target-272,regime_change,8401067361085421641,train,208,271,272,-0.19852046657720893,-0.19858912406135631,-6.865748414738859e-05
regime_change__target-274,regime_change,8401067361085421641,train,210,273,274,-0.21399227181585342,-0.23148859212454187,-0.017496320308688446
regime_change__target-276,regime_change,8401067361085421641,train,212,275,276,-0.2297998816917072,-0.26082444253564324,-0.03102456084393604
regime_change__target-278,regime_change,8401067361085421641,train,214,277,278,-0.2552302189346607,-0.2728644259683148,-0.017634207033654092
regime_change__target-280,regime_change,8401067361085421641,train,216,279,280,-0.2675349665652633,-0.2895009370378398,-0.02196597047257648
regime_change__target-282,regime_change,8401067361085421641,train,218,281,282,-0.2919530581269812,-0.3252576966123872,-0.03330463848540599
regime_change__target-284,regime_change,8401067361085421641,train,220,283,284,-0.3427607240270839,-0.3409524504407731,0.0018082735863108046
regime_change__target-286,regime_change,8401067361085421641,train,222,285,286,-0.335393145674168,-0.38515912677571107,-0.049765981101543066
regime_change__target-288,regime_change,8401067361085421641,train,224,287,288,-0.3749593835072431,-0.37493886562962675,2.0517877616366142e-05
regime_change__target-290,regime_change,8401067361085421641,train,226,289,290,-0.3896835118940164,-0.41807547885165697,-0.02839196695764057
regime_change__target-292,regime_change,8401067361085421641,train,228,291,292,-0.4271235148588955,-0.4267654699108119,0.0003580449480836134
regime_change__target-294,regime_change,8401067361085421641,train,230,293,294,-0.4425625707810501,-0.43908943060717864,0.0034731401738714585
regime_change__target-296,regime_change,8401067361085421641,train,232,295,296,-0.4430704073434142,-0.4598436135840813,-0.016773206240667138
regime_change__target-298,regime_change,8401067361085421641,train,234,297,298,-0.4773021752564543,-0.49358135954310894,-0.016279184286654647
regime_change__target-300,regime_change,8401067361085421641,train,236,299,300,-0.5131487894032543,-0.5265498369319113,-0.013401047528657006
regime_change__target-302,regime_change,8401067361085421641,train,238,301,302,-0.5432389206077,-0.5440291789445831,-0.0007902583368831761
regime_change__target-304,regime_change,8401067361085421641,train,240,303,304,-0.5554708672346723,-0.553983979903903,0.0014868873307692931
regime_change__target-306,regime_change,8401067361085421641,train,242,305,306,-0.5571925473721134,-0.5742206469611049,-0.01702809958899143
regime_change__target-308,regime_change,8401067361085421641,train,244,307,308,-0.5843973316810943,-0.6022675114913013,-0.017870179810207
regime_change__target-310,regime_change,8401067361085421641,train,246,309,310,-0.6124191626309491,-0.6173236227604946,-0.004904460129545485
regime_change__target-312,regime_change,8401067361085421641,train,248,311,312,-0.6503048738623141,-0.6352062396893914,0.015098634172922676
regime_change__target-314,regime_change,8401067361085421641,train,250,313,314,-0.6501452426651336,-0.6578516510605853,-0.007706408395451669
regime_change__target-316,regime_change,8401067361085421641,train,252,315,316,-0.6541113739352966,-0.6761427741160791,-0.022031400180782534
regime_change__target-318,regime_change,8401067361085421641,train,254,317,318,-0.6846962013489407,-0.6986368992227122,-0.013940697873771501
regime_change__target-320,regime_change,8401067361085421641,train,256,319,320,-0.7021957930479557,-0.7107103807849348,-0.008514587736979107
regime_change__target-322,regime_change,8401067361085421641,train,258,321,322,-0.715004452256571,-0.7331329365956639,-0.018128484339092865
regime_change__target-324,regime_change,8401067361085421641,train,260,323,324,-0.7224213779368606,-0.7354337262687629,-0.013012348331902346
regime_change__target-326,regime_change,8401067361085421641,train,262,325,326,-0.7670810962210369,-0.75350689040599,0.01357420581504698
regime_change__target-328,regime_change,8401067361085421641,train,264,327,328,-0.7838741998460143,-0.7732729987300823,0.01060120111593199
regime_change__target-330,regime_change,8401067361085421641,train,266,329,330,-0.7808056318183962,-0.7859054501113634,-0.005099818292967129
regime_change__target-332,regime_change,8401067361085421641,train,268,331,332,-0.8348554330543563,-0.8188439108715323,0.01601152218282398
regime_change__target-334,regime_change,8401067361085421641,train,270,333,334,-0.8117683197495283,-0.8145580646562929,-0.0027897449067645352
regime_change__target-336,regime_change,8401067361085421641,train,272,335,336,-0.8223493886221906,-0.8299762421972319,-0.007626853575041226
regime_change__target-338,regime_change,8401067361085421641,train,274,337,338,-0.8397044101849137,-0.8549229645341043,-0.015218554349190616
regime_change__target-340,regime_change,8401067361085421641,train,276,339,340,-0.8635549469681615,-0.8533052549422663,0.010249692025895207
regime_change__target-342,regime_change,8401067361085421641,train,278,341,342,-0.8728221599857079,-0.8556260849659415,0.017196075019766388
regime_change__target-344,regime_change,8401067361085421641,train,280,343,344,-0.8751698968261022,-0.8997363834546213,-0.024566486628519013
regime_change__target-346,regime_change,8401067361085421641,train,282,345,346,-0.8736378025696708,-0.8859139498124703,-0.012276147242799462
regime_change__target-348,regime_change,8401067361085421641,train,284,347,348,-0.9270817562839612,-0.9123510765870508,0.014730679696910332
regime_change__target-350,regime_change,8401067361085421641,train,286,349,350,-0.9312018685176902,-0.930267020299118,0.0009348482185721485
regime_change__target-352,regime_change,8401067361085421641,train,288,351,352,-0.9448600674910305,-0.8999195913178666,0.04494047617316388
regime_change__target-354,regime_change,8401067361085421641,train,290,353,354,-0.936595011657883,-0.934655229039751,0.001939782618131991
regime_change__target-356,regime_change,8401067361085421641,train,292,355,356,-0.9316950995839895,-0.9607317877092344,-0.029036688125244847
regime_change__target-358,regime_change,8401067361085421641,train,294,357,358,-0.941901857214844,-0.9539980626852301,-0.012096205470386145
regime_change__target-360,regime_change,8401067361085421641,train,296,359,360,-0.9474006941468891,-0.9641892159002293,-0.016788521753340224
regime_change__target-362,regime_change,8401067361085421641,train,298,361,362,-0.9630669684079809,-0.96416607794746,-0.001099109539479115
regime_change__target-364,regime_change,8401067361085421641,train,300,363,364,-0.9738168978311077,-0.9599064503698895,0.013910447461218167
regime_change__target-366,regime_change,8401067361085421641,train,302,365,366,-0.9681762184376962,-1.004532510680382,-0.03635629224268577
regime_change__target-368,regime_change,8401067361085421641,train,304,367,368,-0.9817874543995688,-0.9868897569602249,-0.005102302560656025
regime_change__target-370,regime_change,8401067361085421641,train,306,369,370,-0.9901325633271644,-0.9908403856526542,-0.0007078223254898264
regime_change__target-372,regime_change,8401067361085421641,train,308,371,372,-0.9815031648115339,-1.0226007141081626,-0.04109754929662868
regime_change__target-374,regime_change,8401067361085421641,train,310,373,374,-0.9745218958612242,-0.9708393575471447,0.0036825383140794976
regime_change__target-376,regime_change,8401067361085421641,train,312,375,376,-0.9910646228893447,-0.9860699493999849,0.00499467348935978
regime_change__target-378,regime_change,8401067361085421641,train,314,377,378,-0.9896147513040661,-1.0121072386124002,-0.022492487308334086
regime_change__target-380,regime_change,8401067361085421641,train,316,379,380,-1.003836724515051,-0.9986719279497454,0.005164796565305663
regime_change__target-382,regime_change,8401067361085421641,train,318,381,382,-1.0041002408790731,-1.0177162916443858,-0.013616050765312693
regime_change__target-384,regime_change,8401067361085421641,train,320,383,384,-0.9930576432765128,-1.010727233791613,-0.017669590515100086
regime_change__target-386,regime_change,8401067361085421641,train,322,385,386,-0.9954188878652759,-1.0124096733108858,-0.016990785445609946
regime_change__target-388,regime_change,8401067361085421641,train,324,387,388,-1.0040110285669126,-1.0007919567750276,0.0032190717918849643
regime_change__target-390,regime_change,8401067361085421641,train,326,389,390,-1.0032694872684824,-0.989732445747751,0.01353704152073143
regime_change__target-392,regime_change,8401067361085421641,train,328,391,392,-0.9971347858702888,-1.0056608421368967,-0.008526056266607851
regime_change__target-394,regime_change,8401067361085421641,train,330,393,394,-0.9960625698667844,-0.9973375369846627,-0.001274967117878223
regime_change__target-396,regime_change,8401067361085421641,train,332,395,396,-0.9796174940912036,-0.9727181559065643,0.006899338184639281
regime_change__target-398,regime_change,8401067361085421641,train,334,397,398,-0.9810318932793664,-0.9767563316072578,0.004275561672108519
regime_change__target-400,regime_change,8401067361085421641,train,336,399,400,-0.991247538080673,-0.9829055854930072,0.00834195258766579
regime_change__target-402,regime_change,8401067361085421641,train,338,401,402,-0.9903386823187349,-0.9663030664124532,0.02403561590628167
regime_change__target-404,regime_change,8401067361085421641,train,340,403,404,-0.9726377133985906,-0.9786718618519662,-0.006034148453375576
regime_change__target-406,regime_change,8401067361085421641,train,342,405,406,-0.9579839609641605,-0.9501327036719525,0.007851257292208036
regime_change__target-408,regime_change,8401067361085421641,train,344,407,408,-0.9411041174774429,-0.9623931418977872,-0.021289024420344305
regime_change__target-410,regime_change,8401067361085421641,train,346,409,410,-0.9407182556596548,-0.9445686287705406,-0.003850373110885763
regime_change__target-412,regime_change,8401067361085421641,train,348,411,412,-0.9311721063559882,-0.9334988484124168,-0.002326742056428577
regime_change__target-414,regime_change,8401067361085421641,train,350,413,414,-0.9362511826617103,-0.9360862799427397,0.00016490271897051656
regime_change__target-416,regime_change,8401067361085421641,train,352,415,416,-0.9322797202002212,-0.9092942411222071,0.02298547907801407
regime_change__target-418,regime_change,8401067361085421641,train,354,417,418,-0.897779358949563,-0.9222963841648889,-0.02451702521532595
regime_change__target-420,regime_change,8401067361085421641,train,356,419,420,-0.8977285943951427,-0.9163151036415295,-0.018586509246386718
regime_change__target-422,regime_change,8401067361085421641,train,358,421,422,-0.8835061625102049,-0.8679175563057173,0.015588606204487543
regime_change__target-424,regime_change,8401067361085421641,train,360,423,424,-0.8854448549227706,-0.8862014733132091,-0.0007566183904385015
regime_change__target-426,regime_change,8401067361085421641,train,362,425,426,-0.8616736886392198,-0.8830978486604515,-0.02142416002123171
regime_change__target-428,regime_change,8401067361085421641,train,364,427,428,-0.840845938055826,-0.8413687217685639,-0.0005227837127379509
regime_change__target-430,regime_change,8401067361085421641,train,366,429,430,-0.8413655121120969,-0.8528086394671228,-0.01144312735502595
regime_change__target-432,regime_change,8401067361085421641,train,368,431,432,-0.850004499836354,-0.845818748352107,0.004185751484246936
regime_change__target-434,regime_change,8401067361085421641,train,370,433,434,-0.8169065207552483,-0.8127268275036804,0.004179693251567862
regime_change__target-436,regime_change,8401067361085421641,train,372,435,436,-0.8151079647839039,-0.8038337063628419,0.011274258421062
regime_change__target-438,regime_change,8401067361085421641,train,374,437,438,-0.7948616265258025,-0.7657758681128106,0.02908575841299188
regime_change__target-440,regime_change,8401067361085421641,train,376,439,440,-0.7810093160586775,-0.7574339837696357,0.02357533228904185
regime_change__target-442,regime_change,8401067361085421641,train,378,441,442,-0.7693797547837671,-0.7455847310768106,0.02379502370695652
regime_change__target-444,regime_change,8401067361085421641,train,380,443,444,-0.7409065944700182,-0.7257605941568865,0.015146000313131625
regime_change__target-446,regime_change,8401067361085421641,train,382,445,446,-0.7319610777802458,-0.7139818796533061,0.01797919812693971
regime_change__target-448,regime_change,8401067361085421641,train,384,447,448,-0.6893425717249367,-0.7036124682036846,-0.014269896478747879
regime_change__target-450,regime_change,8401067361085421641,train,386,449,450,-0.6944341930918235,-0.6829642695841556,0.011469923507667956
regime_change__target-452,regime_change,8401067361085421641,train,388,451,452,-0.673713384978301,-0.661884630238231,0.011828754740070058
regime_change__target-454,regime_change,8401067361085421641,train,390,453,454,-0.6574960302053959,-0.6505917584774296,0.006904271727966371
regime_change__target-456,regime_change,8401067361085421641,train,392,455,456,-0.6459155822771592,-0.6226299600011372,0.023285622276021933
regime_change__target-458,regime_change,8401067361085421641,train,394,457,458,-0.630306512807617,-0.5990634382160325,0.031243074591584485
regime_change__target-460,regime_change,8401067361085421641,train,396,459,460,-0.5899631655433869,-0.5823091033351706,0.007654062208216295
regime_change__target-462,regime_change,8401067361085421641,train,398,461,462,-0.5784220146287914,-0.5613897626271284,0.01703225200166303
regime_change__target-464,regime_change,8401067361085421641,train,400,463,464,-0.5546478515083926,-0.5624923555097661,-0.007844504001373487
regime_change__target-466,regime_change,8401067361085421641,train,402,465,466,-0.5399443727978009,-0.5331015375080081,0.006842835289792792
regime_change__target-468,regime_change,8401067361085421641,train,404,467,468,-0.5203030693053491,-0.518710475421844,0.001592593883505078
regime_change__target-470,regime_change,8401067361085421641,train,406,469,470,-0.5029375942244394,-0.48690496487203005,0.016032629352409344
regime_change__target-472,regime_change,8401067361085421641,train,408,471,472,-0.46074583408060377,-0.47116840021981493,-0.010422566139211165
regime_change__target-474,regime_change,8401067361085421641,train,410,473,474,-0.4623205674436606,-0.45548894627355335,0.0068316211701072715
regime_change__target-476,regime_change,8401067361085421641,train,412,475,476,-0.43259575674835765,-0.4009153840719889,0.03168037267636875
regime_change__target-478,regime_change,8401067361085421641,train,414,477,478,-0.4078001642953603,-0.39592027360376325,0.011879890691597061
regime_change__target-480,regime_change,8401067361085421641,train,416,479,480,-0.3966202036571818,-0.3952644675894821,0.001355736067699731
regime_change__target-482,regime_change,8401067361085421641,train,418,481,482,-0.3596514736049602,-0.34382036459241444,0.015831109012545752
regime_change__target-484,regime_change,8401067361085421641,train,420,483,484,-0.3509598361279359,-0.3179448935196854,0.0330149426082505
regime_change__target-486,regime_change,8401067361085421641,train,422,485,486,-0.32156955629055317,-0.3039365254522533,0.017633030838299868
regime_change__target-488,regime_change,8401067361085421641,train,424,487,488,-0.2907340475774531,-0.27909452057813033,0.011639526999322747
regime_change__target-490,regime_change,8401067361085421641,train,426,489,490,-0.3011812611857802,-0.25605601613997586,0.04512524504580434
regime_change__target-492,regime_change,8401067361085421641,train,428,491,492,-0.24916998315960662,-0.24857667894652793,0.0005933042130786825
regime_change__target-494,regime_change,8401067361085421641,train,430,493,494,-0.21950632969158135,-0.21199915696336522,0.007507172728216133
regime_change__target-496,regime_change,8401067361085421641,train,432,495,496,-0.18505210749758244,-0.18157854698469555,0.0034735605128868863
regime_change__target-498,regime_change,8401067361085421641,train,434,497,498,-0.18335629798809935,-0.16967784063441152,0.013678457353687834
regime_change__target-500,regime_change,8401067361085421641,train,436,499,500,-0.14245763830379324,-0.14107814775898156,0.001379490544811679
regime_change__target-502,regime_change,8401067361085421641,train,438,501,502,-0.13374873532480852,-0.12310473257095257,0.01064400275385595
regime_change__target-504,regime_change,8401067361085421641,train,440,503,504,-0.12328278922886178,-0.08247053083055161,0.04081225839831017
regime_change__target-506,regime_change,8401067361085421641,train,442,505,506,-0.08331633370358443,-0.06604756640301412,0.01726876730057031
regime_change__target-508,regime_change,8401067361085421641,train,444,507,508,-0.06051467892635867,-0.039062184423845944,0.02145249450251273
regime_change__target-510,regime_change,8401067361085421641,train,446,509,510,-0.01607280312201401,-0.027820015393858158,-0.011747212271844148
regime_change__target-512,regime_change,8401067361085421641,train,448,511,512,-0.01987837426847331,0.5044281471281759,0.5243065213966491
regime_change__target-514,regime_change,8401067361085421641,train,450,513,514,0.5904134666923029,0.6358304252189393,0.04541695852663641
regime_change__target-516,regime_change,8401067361085421641,train,452,515,516,0.6694733159158838,0.7173123492852655,0.04783903336938178
regime_change__target-518,regime_change,8401067361085421641,train,454,517,518,0.7682145066301386,0.832680457158597,0.06446595052845838
regime_change__target-520,regime_change,8401067361085421641,train,456,519,520,0.8734099387096207,0.8953847695909763,0.021974830881355656
regime_change__target-522,regime_change,8401067361085421641,train,458,521,522,0.9429658648087483,0.9983747320990853,0.055408867290337005
regime_change__target-524,regime_change,8401067361085421641,train,460,523,524,1.0364331299641079,1.0820929516576916,0.045659821693583735
regime_change__target-526,regime_change,8401067361085421641,train,462,525,526,1.1257359712308834,1.1456944467571004,0.01995847552621699
regime_change__target-528,regime_change,8401067361085421641,train,464,527,528,1.1798056164229456,1.2191194560425525,0.03931383961960688
regime_change__target-530,regime_change,8401067361085421641,train,466,529,530,1.241913162814734,1.2951192723061056,0.05320610949137161
regime_change__target-532,regime_change,8401067361085421641,train,468,531,532,1.3123387483702211,1.3530183507566216,0.04067960238640045
regime_change__target-534,regime_change,8401067361085421641,train,470,533,534,1.3698288816195565,1.398593067347963,0.028764185728406444
regime_change__target-536,regime_change,8401067361085421641,train,472,535,536,1.4079691072676939,1.4353604585511452,0.02739135128345138
regime_change__target-538,regime_change,8401067361085421641,train,474,537,538,1.4460879445458614,1.4645985202575629,0.01851057571170145
regime_change__target-540,regime_change,8401067361085421641,train,476,539,540,1.4720088194675012,1.4711849221918152,-0.0008238972756859919
regime_change__target-542,regime_change,8401067361085421641,train,478,541,542,1.4983672864233515,1.4978113801164,-0.0005559063069515702
regime_change__target-544,regime_change,8401067361085421641,train,480,543,544,1.512917188650522,1.4913514630260745,-0.021565725624447474
regime_change__target-546,regime_change,8401067361085421641,train,482,545,546,1.500634188709294,1.4858148566937026,-0.01481933201559138
regime_change__target-548,regime_change,8401067361085421641,train,484,547,548,1.5010242075411115,1.4925780041094503,-0.008446203431661248
regime_change__target-550,regime_change,8401067361085421641,train,486,549,550,1.4581890630708756,1.4366944807790982,-0.021494582291777364
regime_change__target-552,regime_change,8401067361085421641,train,488,551,552,1.428335564563467,1.4205021719017579,-0.007833392661709127
regime_change__target-554,regime_change,8401067361085421641,train,490,553,554,1.4001850942421517,1.3768140073672424,-0.023371086874909297
regime_change__target-556,regime_change,8401067361085421641,train,492,555,556,1.3477269428072514,1.3100778257983976,-0.03764911700885376
regime_change__target-558,regime_change,8401067361085421641,train,494,557,558,1.2911072305193196,1.2308015451176155,-0.06030568540170411
regime_change__target-560,regime_change,8401067361085421641,train,496,559,560,1.2338878439884509,1.2051672251856866,-0.02872061880276422
regime_change__target-562,regime_change,8401067361085421641,train,498,561,562,1.1667332716103862,1.096220512896053,-0.07051275871433327
regime_change__target-564,regime_change,8401067361085421641,train,500,563,564,1.0723633439965545,1.052840340364518,-0.01952300363203663
regime_change__target-566,regime_change,8401067361085421641,train,502,565,566,0.9880299694074375,0.9492923734951778,-0.03873759591225967
regime_change__target-568,regime_change,8401067361085421641,train,504,567,568,0.9105335458194848,0.853630214050776,-0.056903331768708765
regime_change__target-570,regime_change,8401067361085421641,train,506,569,570,0.7998746624490504,0.7802328414907388,-0.019641820958311573
regime_change__target-572,regime_change,8401067361085421641,train,508,571,572,0.7108378566596788,0.6630815166240595,-0.04775634003561935
regime_change__target-574,regime_change,8401067361085421641,train,510,573,574,0.6328665000486108,0.5787396066284547,-0.054126893420156086
regime_change__target-576,regime_change,8401067361085421641,train,512,575,576,0.5092025467850929,0.4668754478624734,-0.04232709892261949
regime_change__target-578,regime_change,8401067361085421641,train,514,577,578,0.44701610388045604,0.37389180768653685,-0.07312429619391919
regime_change__target-580,regime_change,8401067361085421641,train,516,579,580,0.32969116772772017,0.2757688541956946,-0.05392231353202559
regime_change__target-582,regime_change,8401067361085421641,train,518,581,582,0.2377746273896917,0.1869467527599465,-0.05082787462974522
regime_change__target-584,regime_change,8401067361085421641,train,520,583,584,0.14633383252627274,0.08611497704747487,-0.06021885547879788
regime_change__target-586,regime_change,8401067361085421641,train,522,585,586,0.052580341735568296,0.016781827574254296,-0.035798514161314
regime_change__target-588,regime_change,8401067361085421641,train,524,587,588,-0.04195055040038492,-0.08567139863617113,-0.0437208482357862
regime_change__target-590,regime_change,8401067361085421641,train,526,589,590,-0.141231734976717,-0.16684705669101652,-0.025615321714299505
regime_change__target-592,regime_change,8401067361085421641,train,528,591,592,-0.18970516005071245,-0.2242094013653012,-0.03450424131458876
regime_change__target-594,regime_change,8401067361085421641,train,530,593,594,-0.2466417955886065,-0.2799444692026931,-0.03330267361408662
regime_change__target-596,regime_change,8401067361085421641,train,532,595,596,-0.3195148124952971,-0.3368800448813328,-0.017365232386035656
regime_change__target-598,regime_change,8401067361085421641,train,534,597,598,-0.36896205724276476,-0.40630806842211636,-0.0373460111793516
regime_change__target-600,regime_change,8401067361085421641,train,536,599,600,-0.42708122969830625,-0.438738872409664,-0.011657642711357774
regime_change__target-602,regime_change,8401067361085421641,train,538,601,602,-0.44187897107079793,-0.4742629984470312,-0.03238402737623325
regime_change__target-604,regime_change,8401067361085421641,train,540,603,604,-0.4747331456361518,-0.48836569652932743,-0.01363255089317561
regime_change__target-606,regime_change,8401067361085421641,train,542,605,606,-0.49426517658833596,-0.4947863290403377,-0.0005211524520017385
regime_change__target-608,regime_change,8401067361085421641,train,544,607,608,-0.5063280740762763,-0.4928929147686882,0.013435159307588151
regime_change__target-610,regime_change,8401067361085421641,train,546,609,610,-0.4983907042634945,-0.49733665327361753,0.0010540509898769868
regime_change__target-612,regime_change,8401067361085421641,train,548,611,612,-0.48694239196234274,-0.4716755556542502,0.015266836308092557
regime_change__target-614,regime_change,8401067361085421641,validation,550,613,614,-0.4380749228774823,-0.4459014258787357,-0.007826503001253426
regime_change__target-616,regime_change,8401067361085421641,validation,552,615,616,-0.4371239392362711,-0.40402349906148416,0.033100440174786916
regime_change__target-618,regime_change,8401067361085421641,validation,554,617,618,-0.39038289498839984,-0.3591489374414917,0.031233957546908164
regime_change__target-620,regime_change,8401067361085421641,validation,556,619,620,-0.3477431911210986,-0.30634003566568385,0.04140315545541473
regime_change__target-622,regime_change,8401067361085421641,validation,558,621,622,-0.2818919168940785,-0.2575768890013043,0.024315027892774177
regime_change__target-624,regime_change,8401067361085421641,validation,560,623,624,-0.22822411150570657,-0.18056719336905855,0.04765691813664802
regime_change__target-626,regime_change,8401067361085421641,validation,562,625,626,-0.17337520505432807,-0.09680348743231637,0.0765717176220117
regime_change__target-628,regime_change,8401067361085421641,validation,564,627,628,-0.06817633914984417,-0.015961569209905116,0.05221476993993905
regime_change__target-630,regime_change,8401067361085421641,validation,566,629,630,0.020890292352604437,0.044916214782417446,0.02402592242981301
regime_change__target-632,regime_change,8401067361085421641,validation,568,631,632,0.08690029798090872,0.15752803846907354,0.07062774048816482
regime_change__target-634,regime_change,8401067361085421641,validation,570,633,634,0.1923869596945059,0.24261695159802985,0.05022999190352395
regime_change__target-636,regime_change,8401067361085421641,validation,572,635,636,0.26997585392738677,0.33346150865010077,0.063485654722714
regime_change__target-638,regime_change,8401067361085421641,validation,574,637,638,0.38517170441138276,0.44098527801085063,0.05581357359946787
regime_change__target-640,regime_change,8401067361085421641,validation,576,639,640,0.4974685026666668,0.536402571054848,0.0389340683881812
regime_change__target-642,regime_change,8401067361085421641,validation,578,641,642,0.5738283807715366,0.642324761017261,0.06849638024572435
regime_change__target-644,regime_change,8401067361085421641,validation,580,643,644,0.6805756142961419,0.7246611677289873,0.04408555343284537
regime_change__target-646,regime_change,8401067361085421641,validation,582,645,646,0.7531069796062418,0.8256332936632275,0.07252631405698562
regime_change__target-648,regime_change,8401067361085421641,validation,584,647,648,0.8640028636758924,0.9179403464226923,0.05393748274679988
regime_change__target-650,regime_change,8401067361085421641,validation,586,649,650,0.9347218801773207,0.9957832215782949,0.06106134140097419
regime_change__target-652,regime_change,8401067361085421641,validation,588,651,652,1.0309227505777905,1.0908316966372467,0.05990894605945618
regime_change__target-654,regime_change,8401067361085421641,validation,590,653,654,1.1244016263313699,1.15604381991013,0.03164219357876008
regime_change__target-656,regime_change,8401067361085421641,validation,592,655,656,1.201986701082014,1.2377668058381353,0.035780104756121256
regime_change__target-658,regime_change,8401067361085421641,validation,594,657,658,1.2647664438318587,1.294686802441774,0.029920358609915265
regime_change__target-660,regime_change,8401067361085421641,validation,596,659,660,1.3379193342159006,1.33963527013974,0.0017159359238394511
regime_change__target-662,regime_change,8401067361085421641,validation,598,661,662,1.3724721548521677,1.3973160534350548,0.02484389858288716
regime_change__target-664,regime_change,8401067361085421641,validation,600,663,664,1.4057069871542718,1.4299802741557457,0.02427328700147391
regime_change__target-666,regime_change,8401067361085421641,validation,602,665,666,1.4500597500131254,1.447672988215645,-0.00238676179748043
regime_change__target-668,regime_change,8401067361085421641,validation,604,667,668,1.4829808284011718,1.4843518358292462,0.001371007428074389
regime_change__target-670,regime_change,8401067361085421641,validation,606,669,670,1.4808450041600338,1.4844454844357355,0.0036004802757017007
regime_change__target-672,regime_change,8401067361085421641,validation,608,671,672,1.5049225526693668,1.522537215243426,0.017614662574059192
regime_change__target-674,regime_change,8401067361085421641,validation,610,673,674,1.5029648989058537,1.4962721059787245,-0.00669279292712921
regime_change__target-676,regime_change,8401067361085421641,validation,612,675,676,1.4750526956561072,1.471359733616614,-0.0036929620394932083
regime_change__target-678,regime_change,8401067361085421641,validation,614,677,678,1.4542649375873482,1.458274151728312,0.004009214140963779
regime_change__target-680,regime_change,8401067361085421641,validation,616,679,680,1.435580829990186,1.4097911494590918,-0.025789680531094206
regime_change__target-682,regime_change,8401067361085421641,validation,618,681,682,1.3903379632512693,1.3752411367522015,-0.01509682649906785
regime_change__target-684,regime_change,8401067361085421641,validation,620,683,684,1.3383447629043232,1.3088261030750956,-0.029518659829227634
regime_change__target-686,regime_change,8401067361085421641,validation,622,685,686,1.291597245981075,1.2528910066558496,-0.03870623932522532
regime_change__target-688,regime_change,8401067361085421641,validation,624,687,688,1.2358112153256617,1.1828391814193742,-0.052972033906287574
regime_change__target-690,regime_change,8401067361085421641,validation,626,689,690,1.1360910196736156,1.1151098857775028,-0.02098113389611278
regime_change__target-692,regime_change,8401067361085421641,validation,628,691,692,1.0701436750173192,1.0375916377655419,-0.032552037251777355
regime_change__target-694,regime_change,8401067361085421641,validation,630,693,694,0.9815341836015947,0.9545507736484923,-0.026983409953102444
regime_change__target-696,regime_change,8401067361085421641,validation,632,695,696,0.9128941657334636,0.8498539646930826,-0.063040201040381
regime_change__target-698,regime_change,8401067361085421641,validation,634,697,698,0.8116517923045592,0.7754907999842027,-0.03616099232035652
regime_change__target-700,regime_change,8401067361085421641,validation,636,699,700,0.7099606044704317,0.6668228313492769,-0.043137773121154854
regime_change__target-702,regime_change,8401067361085421641,validation,638,701,702,0.6018856661228027,0.5706857283783677,-0.03119993774443497
regime_change__target-704,regime_change,8401067361085421641,validation,640,703,704,0.48682630979295144,0.4522313787544327,-0.03459493103851874
regime_change__target-706,regime_change,8401067361085421641,validation,642,705,706,0.40677419528215597,0.3514677420970361,-0.0553064531851199
regime_change__target-708,regime_change,8401067361085421641,validation,644,707,708,0.3152965747377007,0.25671256314002067,-0.05858401159768001
regime_change__target-710,regime_change,8401067361085421641,validation,646,709,710,0.23508075753867824,0.1627099788473046,-0.07237077869137365
regime_change__target-712,regime_change,8401067361085421641,validation,648,711,712,0.13195754087556766,0.10020386657608156,-0.0317536742994861
regime_change__target-714,regime_change,8401067361085421641,validation,650,713,714,0.03135128889096317,-0.005666219738673887,-0.037017508629637055
regime_change__target-716,regime_change,8401067361085421641,validation,652,715,716,-0.05926570018655434,-0.0917844392591784,-0.03251873907262406
regime_change__target-718,regime_change,8401067361085421641,validation,654,717,718,-0.11527623083290299,-0.18278084022244007,-0.06750460938953708
regime_change__target-720,regime_change,8401067361085421641,validation,656,719,720,-0.1894796713822615,-0.23665931181543284,-0.047179640433171355
regime_change__target-722,regime_change,8401067361085421641,validation,658,721,722,-0.27022146047759676,-0.2933331591087391,-0.02311169863114232
regime_change__target-724,regime_change,8401067361085421641,validation,660,723,724,-0.3246231375137564,-0.35211421239776874,-0.027491074884012368
regime_change__target-726,regime_change,8401067361085421641,validation,662,725,726,-0.3777518942981962,-0.3999034898119665,-0.022151595513770272
regime_change__target-728,regime_change,8401067361085421641,validation,664,727,728,-0.403416246309859,-0.4400477339288109,-0.03663148761895191
regime_change__target-730,regime_change,8401067361085421641,validation,666,729,730,-0.46049721550757444,-0.48001003936348513,-0.019512823855910688
regime_change__target-732,regime_change,8401067361085421641,validation,668,731,732,-0.4708795056318386,-0.49166797551315966,-0.020788469881321048
regime_change__target-734,regime_change,8401067361085421641,validation,670,733,734,-0.48061990822861705,-0.4932594895769025,-0.012639581348285467
regime_change__target-736,regime_change,8401067361085421641,validation,672,735,736,-0.4921785222698881,-0.5067876232593531,-0.014609100989464996
regime_change__target-738,regime_change,8401067361085421641,validation,674,737,738,-0.49175609322912767,-0.4930536961310367,-0.0012976029019090562
regime_change__target-740,regime_change,8401067361085421641,validation,676,739,740,-0.48577822333272663,-0.4625492731683142,0.023228950164412454
regime_change__target-742,regime_change,8401067361085421641,validation,678,741,742,-0.45413964399530876,-0.4434365304343326,0.01070311356097614
regime_change__target-744,regime_change,8401067361085421641,validation,680,743,744,-0.41786013471219774,-0.41767247814960445,0.00018765656259328578
regime_change__target-746,regime_change,8401067361085421641,validation,682,745,746,-0.38187105476208694,-0.36432572195088353,0.017545332811203407
regime_change__target-748,regime_change,8401067361085421641,validation,684,747,748,-0.34343717614249497,-0.3021568202748461,0.04128035586764889
regime_change__target-750,regime_change,8401067361085421641,validation,686,749,750,-0.2746126654684705,-0.2688062134634429,0.005806452005027607
regime_change__target-752,regime_change,8401067361085421641,validation,688,751,752,-0.19890029236346934,-0.19156646144137632,0.0073338309220930264
regime_change__target-754,regime_change,8401067361085421641,validation,690,753,754,-0.1641182362817118,-0.11975951583917976,0.04435872044253203
regime_change__target-756,regime_change,8401067361085421641,validation,692,755,756,-0.07484317997154834,-0.016913792385135393,0.057929387586412945
regime_change__target-758,regime_change,8401067361085421641,validation,694,757,758,0.011731930791829229,0.04935618779392621,0.037624257002096984
regime_change__target-760,regime_change,8401067361085421641,validation,696,759,760,0.11308103126118343,0.1413276291785521,0.028246597917368665
regime_change__target-762,regime_change,8401067361085421641,validation,698,761,762,0.1969553217523137,0.24373470318836418,0.04677938143605048
regime_change__target-764,regime_change,8401067361085421641,validation,700,763,764,0.2727879317660999,0.3320851327215712,0.05929720095547131
regime_change__target-766,regime_change,8401067361085421641,validation,702,765,766,0.3958479264619242,0.4325669648147227,0.036719038352798494
regime_change__target-768,regime_change,8401067361085421641,validation,704,767,768,0.4829511607683206,0.5404587694534633,0.05750760868514265
regime_change__target-770,regime_change,8401067361085421641,validation,706,769,770,0.5778730535886725,0.6355437632538723,0.057670709665199826
regime_change__target-772,regime_change,8401067361085421641,validation,708,771,772,0.6801756496377463,0.7314657788739274,0.05129012923618104
regime_change__target-774,regime_change,8401067361085421641,validation,710,773,774,0.7702690066879391,0.8513698906222262,0.08110088393428716
regime_change__target-776,regime_change,8401067361085421641,validation,712,775,776,0.8941031910862484,0.8935290149865993,-0.0005741760996490486
regime_change__target-778,regime_change,8401067361085421641,validation,714,777,778,0.9689989464742419,1.0152563673838495,0.046257420909607605
regime_change__target-780,regime_change,8401067361085421641,validation,716,779,780,1.0589226134512264,1.0699967781859416,0.01107416473471523
regime_change__target-782,regime_change,8401067361085421641,validation,718,781,782,1.1328238269022517,1.155013683791508,0.022189856889256232
regime_change__target-784,regime_change,8401067361085421641,validation,720,783,784,1.201676182427189,1.2256799726337164,0.02400379020652732
regime_change__target-786,regime_change,8401067361085421641,validation,722,785,786,1.2814549057468463,1.2838847971134821,0.00242989136663585
regime_change__target-788,regime_change,8401067361085421641,validation,724,787,788,1.3332784250488219,1.3610957146390057,0.027817289590183814
regime_change__target-790,regime_change,8401067361085421641,validation,726,789,790,1.381197014640057,1.3951540376110456,0.013957022970988664
regime_change__target-792,regime_change,8401067361085421641,validation,728,791,792,1.4160518834116618,1.4310076655683526,0.0149557821566908
regime_change__target-794,regime_change,8401067361085421641,validation,730,793,794,1.4526587736099006,1.4493432651781133,-0.003315508431787295
regime_change__target-796,regime_change,8401067361085421641,validation,732,795,796,1.478820242475434,1.494105191325343,0.015284948849908941
regime_change__target-798,regime_change,8401067361085421641,validation,734,797,798,1.488602500439947,1.4952734174809763,0.0066709170410292895
regime_change__target-800,regime_change,8401067361085421641,validation,736,799,800,1.4916064821876602,1.5044779430257766,0.01287146083811641
regime_change__target-802,regime_change,8401067361085421641,validation,738,801,802,1.4870864722486128,1.4901998223966586,0.0031133501480458126
regime_change__target-804,regime_change,8401067361085421641,validation,740,803,804,1.4965751303315273,1.4834176786821427,-0.013157451649384644
regime_change__target-806,regime_change,8401067361085421641,validation,742,805,806,1.462964372471175,1.439582067784469,-0.02338230468670588
regime_change__target-808,regime_change,8401067361085421641,validation,744,807,808,1.4429733841134542,1.413821467159461,-0.029151916953993107
regime_change__target-810,regime_change,8401067361085421641,validation,746,809,810,1.3865480792363243,1.3720647223564342,-0.014483356879890108
regime_change__target-812,regime_change,8401067361085421641,validation,748,811,812,1.3288985069527186,1.3102326356884406,-0.01866587126427799
regime_change__target-814,regime_change,8401067361085421641,validation,750,813,814,1.2700456018795487,1.266111686497691,-0.003933915381857833
regime_change__target-816,regime_change,8401067361085421641,validation,752,815,816,1.215988699197818,1.1580105278531014,-0.0579781713447165
regime_change__target-818,regime_change,8401067361085421641,validation,754,817,818,1.1449932318306726,1.10516306074784,-0.0398301710828326
regime_change__target-820,regime_change,8401067361085421641,test,756,819,820,1.065209761809908,1.019753850948039,-0.04545591086186884
regime_change__target-822,regime_change,8401067361085421641,test,758,821,822,0.9867567428426605,0.9287457750142947,-0.05801096782836579
regime_change__target-824,regime_change,8401067361085421641,test,760,823,824,0.9006353415105379,0.8437793848121362,-0.05685595669840171
regime_change__target-826,regime_change,8401067361085421641,test,762,825,826,0.8048170697392368,0.7660255762015328,-0.03879149353770406
regime_change__target-828,regime_change,8401067361085421641,test,764,827,828,0.7028123877152657,0.6443125258613438,-0.058499861853921864
regime_change__target-830,regime_change,8401067361085421641,test,766,829,830,0.5886089865359194,0.5559878123058924,-0.03262117423002697
regime_change__target-832,regime_change,8401067361085421641,test,768,831,832,0.5067638196522088,0.4682544724352101,-0.038509347216998724
regime_change__target-834,regime_change,8401067361085421641,test,770,833,834,0.41051262192681265,0.3597735137530928,-0.05073910817371985
regime_change__target-836,regime_change,8401067361085421641,test,772,835,836,0.3062670239277696,0.2683800097177449,-0.037887014210024716
regime_change__target-838,regime_change,8401067361085421641,test,774,837,838,0.2105359372858302,0.1682435349317296,-0.04229240235410059
regime_change__target-840,regime_change,8401067361085421641,test,776,839,840,0.11918212238408529,0.07724758061408679,-0.0419345417699985
regime_change__target-842,regime_change,8401067361085421641,test,778,841,842,0.04567846066059614,-0.00778986842593626,-0.0534683290865324
regime_change__target-844,regime_change,8401067361085421641,test,780,843,844,-0.05109142627326638,-0.08758231717914905,-0.03649089090588267
regime_change__target-846,regime_change,8401067361085421641,test,782,845,846,-0.13557394007409473,-0.17505962743251166,-0.03948568735841693
regime_change__target-848,regime_change,8401067361085421641,test,784,847,848,-0.2135250350098015,-0.24925735702632523,-0.03573232201652374
regime_change__target-850,regime_change,8401067361085421641,test,786,849,850,-0.2736174936177176,-0.3054651525465049,-0.031847658928787326
regime_change__target-852,regime_change,8401067361085421641,test,788,851,852,-0.3425046469841708,-0.3591640683910687,-0.016659421406897856
regime_change__target-854,regime_change,8401067361085421641,test,790,853,854,-0.3635815054443697,-0.3937095595877471,-0.030128054143377436
regime_change__target-856,regime_change,8401067361085421641,test,792,855,856,-0.41919309189226567,-0.4465698462930299,-0.027376754400764258
regime_change__target-858,regime_change,8401067361085421641,test,794,857,858,-0.43585950716190003,-0.4614050193602263,-0.025545512198326292
regime_change__target-860,regime_change,8401067361085421641,test,796,859,860,-0.49329303678558784,-0.48279365594137025,0.010499380844217587
regime_change__target-862,regime_change,8401067361085421641,test,798,861,862,-0.4931795323983565,-0.516689093700317,-0.023509561301960524
regime_change__target-864,regime_change,8401067361085421641,test,800,863,864,-0.5048296675604019,-0.49957734693656597,0.00525232062383596
regime_change__target-866,regime_change,8401067361085421641,test,802,865,866,-0.4914611300209795,-0.5011630020001725,-0.009701871979192978
regime_change__target-868,regime_change,8401067361085421641,test,804,867,868,-0.4733017184239263,-0.4568921162660243,0.016409602157902048
regime_change__target-870,regime_change,8401067361085421641,test,806,869,870,-0.462712793395364,-0.4483625789156969,0.014350214479667056
regime_change__target-872,regime_change,8401067361085421641,test,808,871,872,-0.4168563313762691,-0.41179651700741016,0.005059814368858939
regime_change__target-874,regime_change,8401067361085421641,test,810,873,874,-0.3867529412981283,-0.33515027455252483,0.05160266674560349
regime_change__target-876,regime_change,8401067361085421641,test,812,875,876,-0.3400304786926015,-0.3153704289249313,0.024660049767670222
regime_change__target-878,regime_change,8401067361085421641,test,814,877,878,-0.2668980638709844,-0.24967011737866174,0.017227946492322677
regime_change__target-880,regime_change,8401067361085421641,test,816,879,880,-0.21489847124545514,-0.17276089238337025,0.042137578862084885
regime_change__target-882,regime_change,8401067361085421641,test,818,881,882,-0.14134885107438352,-0.09943217860500643,0.041916672469377095
regime_change__target-884,regime_change,8401067361085421641,test,820,883,884,-0.0644420943247622,-0.022279353889673142,0.04216274043508905
regime_change__target-886,regime_change,8401067361085421641,test,822,885,886,0.012549154217569967,0.08414198787331557,0.0715928336557456
regime_change__target-888,regime_change,8401067361085421641,test,824,887,888,0.110223435712664,0.1678321454544896,0.057608709741825595
regime_change__target-890,regime_change,8401067361085421641,test,826,889,890,0.20246197805853214,0.23711845368831078,0.03465647562977864
regime_change__target-892,regime_change,8401067361085421641,test,828,891,892,0.2950285902916808,0.3652353900859877,0.07020679979430688
regime_change__target-894,regime_change,8401067361085421641,test,830,893,894,0.413483565944446,0.4494243180880482,0.035940752143602206
regime_change__target-896,regime_change,8401067361085421641,test,832,895,896,0.4973835568856573,0.5537726992496649,0.056389142364007605
regime_change__target-898,regime_change,8401067361085421641,test,834,897,898,0.5930283983311722,0.6421321851865707,0.04910378685539851
regime_change__target-900,regime_change,8401067361085421641,test,836,899,900,0.6879168770720449,0.7295370892913389,0.04162021221929402
regime_change__target-902,regime_change,8401067361085421641,test,838,901,902,0.7952053886820338,0.830547145269529,0.035341756587495166
regime_change__target-904,regime_change,8401067361085421641,test,840,903,904,0.8762512074060462,0.9265476500224233,0.05029644261637711
regime_change__target-906,regime_change,8401067361085421641,test,842,905,906,0.9687390598685962,1.0224475357300604,0.05370847586146421
regime_change__target-908,regime_change,8401067361085421641,test,844,907,908,1.0535981925059557,1.0888289332859054,0.0352307407799497
regime_change__target-910,regime_change,8401067361085421641,test,846,909,910,1.1205588707673813,1.1702916762391453,0.04973280547176406
regime_change__target-912,regime_change,8401067361085421641,test,848,911,912,1.211561241381156,1.2452526201312957,0.03369137875013961
regime_change__target-914,regime_change,8401067361085421641,test,850,913,914,1.2639309613964362,1.3084046530524054,0.04447369165596915
regime_change__target-916,regime_change,8401067361085421641,test,852,915,916,1.3378125734941857,1.36169533511197,0.023882761617784354
regime_change__target-918,regime_change,8401067361085421641,test,854,917,918,1.3804416609890549,1.4007086914915157,0.020267030502460814
regime_change__target-920,regime_change,8401067361085421641,test,856,919,920,1.427424241137553,1.4241937977517798,-0.003230443385773274
regime_change__target-922,regime_change,8401067361085421641,test,858,921,922,1.4575060982297376,1.4727010352092684,0.015194936979530782
regime_change__target-924,regime_change,8401067361085421641,test,860,923,924,1.459497720107712,1.4828003433225845,0.02330262321487253
regime_change__target-926,regime_change,8401067361085421641,test,862,925,926,1.4942994867625046,1.495847398655943,0.0015479118934385028
regime_change__target-928,regime_change,8401067361085421641,test,864,927,928,1.5017091050821911,1.4994314964014714,-0.0022776086807196894
regime_change__target-930,regime_change,8401067361085421641,test,866,929,930,1.4825409629550825,1.4852283821699817,0.0026874192148991227
regime_change__target-932,regime_change,8401067361085421641,test,868,931,932,1.483276213078311,1.4611669070197697,-0.022109306058541334
regime_change__target-934,regime_change,8401067361085421641,test,870,933,934,1.4570150808691107,1.4428320961758625,-0.01418298469324819
regime_change__target-936,regime_change,8401067361085421641,test,872,935,936,1.4326262659453892,1.3862464000720713,-0.04637986587331788
regime_change__target-938,regime_change,8401067361085421641,test,874,937,938,1.3788094472414973,1.3669417037197666,-0.0118677435217307
regime_change__target-940,regime_change,8401067361085421641,test,876,939,940,1.3441204969117908,1.2911056389196374,-0.05301485799215344
regime_change__target-942,regime_change,8401067361085421641,test,878,941,942,1.2910521433527993,1.2615555114196602,-0.029496631933139117
regime_change__target-944,regime_change,8401067361085421641,test,880,943,944,1.2119785217539574,1.172836464007103,-0.03914205774685442
regime_change__target-946,regime_change,8401067361085421641,test,882,945,946,1.1379617168652243,1.0947585103439224,-0.04320320652130194
regime_change__target-948,regime_change,8401067361085421641,test,884,947,948,1.05547645050421,1.0147788139145628,-0.0406976365896472
regime_change__target-950,regime_change,8401067361085421641,test,886,949,950,0.984853368478471,0.9282059162807442,-0.05664745219772682
regime_change__target-952,regime_change,8401067361085421641,test,888,951,952,0.8697574741899468,0.8368100481152334,-0.03294742607471335
regime_change__target-954,regime_change,8401067361085421641,test,890,953,954,0.7901063680223452,0.7525227120109247,-0.03758365601142055
regime_change__target-956,regime_change,8401067361085421641,test,892,955,956,0.7029707727504153,0.6488294551916071,-0.054141317558808244
regime_change__target-958,regime_change,8401067361085421641,test,894,957,958,0.6084884259200847,0.5454084015958495,-0.0630800243242352
regime_change__target-960,regime_change,8401067361085421641,test,896,959,960,0.5137816916315401,0.4580347034681943,-0.05574698816334578
regime_change__target-962,regime_change,8401067361085421641,test,898,961,962,0.41551366356624236,0.3624835497241403,-0.053030113842102045
regime_change__target-964,regime_change,8401067361085421641,test,900,963,964,0.3115893704138292,0.2596166377400757,-0.05197273267375352
regime_change__target-966,regime_change,8401067361085421641,test,902,965,966,0.1971052985451762,0.1661769764950672,-0.03092832205010898
regime_change__target-968,regime_change,8401067361085421641,test,904,967,968,0.13421562690777905,0.08312542198028289,-0.05109020492749616
regime_change__target-970,regime_change,8401067361085421641,test,906,969,970,0.03553199404575642,-0.004740077149479176,-0.04027207119523559
regime_change__target-972,regime_change,8401067361085421641,test,908,971,972,-0.05482252776916373,-0.10248473561143459,-0.04766220784227086
regime_change__target-974,regime_change,8401067361085421641,test,910,973,974,-0.15044599263998285,-0.1906345578163293,-0.04018856517634645
regime_change__target-976,regime_change,8401067361085421641,test,912,975,976,-0.20341218384492704,-0.2502434781124195,-0.04683129426749244
regime_change__target-978,regime_change,8401067361085421641,test,914,977,978,-0.27582604112260983,-0.3048297503690434,-0.029003709246433584
regime_change__target-980,regime_change,8401067361085421641,test,916,979,980,-0.32116694704145093,-0.3462237197762402,-0.02505677273478929
regime_change__target-982,regime_change,8401067361085421641,test,918,981,982,-0.3731904590893286,-0.39819958011429557,-0.025009121024966996
regime_change__target-984,regime_change,8401067361085421641,test,920,983,984,-0.40948784404030364,-0.4436054243062308,-0.03411758026592715
regime_change__target-986,regime_change,8401067361085421641,test,922,985,986,-0.43631130027529713,-0.47992961025940084,-0.04361830998410371
regime_change__target-988,regime_change,8401067361085421641,test,924,987,988,-0.4649420099710529,-0.4968286500873751,-0.031886640116322196
regime_change__target-990,regime_change,8401067361085421641,test,926,989,990,-0.5032321525827061,-0.5003037784310033,0.002928374151702884
regime_change__target-992,regime_change,8401067361085421641,test,928,991,992,-0.4844091614654039,-0.47868191226715057,0.005727249198253348
regime_change__target-994,regime_change,8401067361085421641,test,930,993,994,-0.4866883106030722,-0.5068606413113583,-0.020172330708286113
regime_change__target-996,regime_change,8401067361085421641,test,932,995,996,-0.47342236778560776,-0.4653347090562454,0.008087658729362346
regime_change__target-998,regime_change,8401067361085421641,test,934,997,998,-0.4403267316607626,-0.4393013140538803,0.001025417606882295
regime_change__target-1000,regime_change,8401067361085421641,test,936,999,1000,-0.42703365154718165,-0.40711929722585694,0.019914354321324712
regime_change__target-1002,regime_change,8401067361085421641,test,938,1001,1002,-0.36722363084207044,-0.36976409261273513,-0.0025404617706646926
regime_change__target-1004,regime_change,8401067361085421641,test,940,1003,1004,-0.32930444980974033,-0.31050705181438043,0.0187973979953599
regime_change__target-1006,regime_change,8401067361085421641,test,942,1005,1006,-0.2785084855949502,-0.21268255685772003,0.06582592873723014
regime_change__target-1008,regime_change,8401067361085421641,test,944,1007,1008,-0.19653554113823243,-0.17432895537118923,0.022206585767043208
regime_change__target-1010,regime_change,8401067361085421641,test,946,1009,1010,-0.12514633823632612,-0.11692781800442065,0.008218520231905474
regime_change__target-1012,regime_change,8401067361085421641,test,948,1011,1012,-0.04412747820587064,-0.0003675184705175735,0.043759959735353064
regime_change__target-1014,regime_change,8401067361085421641,test,950,1013,1014,0.04327262942230706,0.07720919772813022,0.03393656830582316
regime_change__target-1016,regime_change,8401067361085421641,test,952,1015,1016,0.11068111885314948,0.16140315404038003,0.05072203518723055
regime_change__target-1018,regime_change,8401067361085421641,test,954,1017,1018,0.21379342090535675,0.2624283304772809,0.04863490957192418
regime_change__target-1020,regime_change,8401067361085421641,test,956,1019,1020,0.29791139110785786,0.35706710867856245,0.05915571757070459
regime_change__target-1022,regime_change,8401067361085421641,test,958,1021,1022,0.41192926440522715,0.4473490213898286,0.03541975698460148
