seed,history_length,representation,split,horizon,status,n_origins,n_forecast_samples,trajectory_rmse,endpoint_mae,mean_predicted_events,preprojection_invalid_state_rate,duration_clip_rate,zero_duration_displacement_projection_rate,postprojection_valid_rate,rollout_completion_rate,mean_input_steps,mean_input_scalar_elements,mean_input_bytes,mean_input_raw_span,n_predictive_parameters,rollout_runtime_median_s,candidate_rmse_ratio_vs_control
228973438714350052,4,fixed_relational,test,16,ok,91,1456,0.0663278875431343,0.0779351796663183,13.626373626373626,0.0,0.18681318681318682,0.0,1.0,1.0,4.0,28.0,224.0,37.0,87,0.0020296,1.0040700220958885
228973438714350052,4,persistence,test,16,ok,91,1456,0.09475492701399528,0.09689773263966234,0.0,0.0,0.0,0.0,1.0,1.0,1.0,1.0,8.0,1.0,0,5.3e-06,0.7028430669486134
228973438714350052,4,raw_ar,test,16,ok,91,1456,0.040062226027092744,0.04353837686840392,0.0,0.0,0.0,0.0,1.0,1.0,28.0,28.0,224.0,28.0,29,0.0094387,1.662360036258858
228973438714350052,4,raw_matched,test,16,ok,91,1456,0.24517511876841155,0.21744062099860298,21.087912087912088,0.34065934065934067,0.31868131868131866,0.34065934065934067,1.0,1.0,28.0,28.0,224.0,28.0,87,0.0020895,0.27163377689200063
228973438714350052,4,vectorchain_absolute,test,16,ok,91,1456,0.06660265733981414,0.07337105871333631,18.9010989010989,0.0,0.0,0.0,1.0,1.0,4.0,20.0,160.0,46.31868131868132,63,0.0026924,0.9999277231720481
228973438714350052,4,vectorchain_cartesian,test,16,ok,91,1456,0.06614701887080959,0.07106522691853201,19.0,0.0,0.0,0.0,1.0,1.0,4.0,12.0,96.0,46.31868131868132,39,0.0027334,1.0068154944530359
228973438714350052,4,vectorchain_relational,test,16,ok,91,1456,0.06659784351100846,0.07336591647028615,18.9010989010989,0.0,0.0,0.0,1.0,1.0,4.0,28.0,224.0,46.31868131868132,87,0.0027237,1.0
228973438714350052,4,fixed_relational,test,64,ok,91,5824,0.48616589793789444,0.7402506795152768,13.626373626373626,0.0,0.18681318681318682,0.0,1.0,1.0,4.0,28.0,224.0,37.0,87,0.0020296,0.5858077534473687
228973438714350052,4,persistence,test,64,ok,91,5824,0.36244302572323134,0.3763273931234072,0.0,0.0,0.0,0.0,1.0,1.0,1.0,1.0,8.0,1.0,0,5.3e-06,0.7857779906384498
228973438714350052,4,raw_ar,test,64,ok,91,5824,0.23793449427069596,0.26653922015811,0.0,0.0,0.0,0.0,1.0,1.0,28.0,28.0,224.0,28.0,29,0.0094387,1.1969670616556611
228973438714350052,4,raw_matched,test,64,ok,91,5824,1.9127248460634099,1.8081384131563907,21.087912087912088,0.34065934065934067,0.31868131868131866,0.34065934065934067,1.0,1.0,28.0,28.0,224.0,28.0,87,0.0020895,0.1488973978980138
228973438714350052,4,vectorchain_absolute,test,64,ok,91,5824,0.2848026046669732,0.3201763736428512,18.9010989010989,0.0,0.0,0.0,1.0,1.0,4.0,20.0,160.0,46.31868131868132,63,0.0026924,0.9999899853680908
228973438714350052,4,vectorchain_cartesian,test,64,ok,91,5824,0.2919932070706892,0.3203424154680034,19.0,0.0,0.0,0.0,1.0,1.0,4.0,12.0,96.0,46.31868131868132,39,0.0027334,0.9753643084058903
228973438714350052,4,vectorchain_relational,test,64,ok,91,5824,0.2847997524737207,0.32017282110019185,18.9010989010989,0.0,0.0,0.0,1.0,1.0,4.0,28.0,224.0,46.31868131868132,87,0.0027237,1.0
228973438714350052,4,fixed_relational,test,128,ok,91,11648,1.098965689585317,1.7067303602299855,13.626373626373626,0.0,0.18681318681318682,0.0,1.0,1.0,4.0,28.0,224.0,37.0,87,0.0020296,0.5310739651765742
228973438714350052,4,persistence,test,128,ok,91,11648,0.6094080405676116,0.53844990642343,0.0,0.0,0.0,0.0,1.0,1.0,1.0,1.0,8.0,1.0,0,5.3e-06,0.9577032587516882
228973438714350052,4,raw_ar,test,128,ok,91,11648,0.5768349991871152,0.5765795672774593,0.0,0.0,0.0,0.0,1.0,1.0,28.0,28.0,224.0,28.0,29,0.0094387,1.0117833820478055
228973438714350052,4,raw_matched,test,128,ok,91,11648,4.884313539940551,6.262865724637717,21.087912087912088,0.34065934065934067,0.31868131868131866,0.34065934065934067,1.0,1.0,28.0,28.0,224.0,28.0,87,0.0020895,0.11949111407131047
228973438714350052,4,vectorchain_absolute,test,128,ok,91,11648,0.5836355621137953,0.5679642977880236,18.9010989010989,0.0,0.0,0.0,1.0,1.0,4.0,20.0,160.0,46.31868131868132,63,0.0026924,0.9999940103843226
228973438714350052,4,vectorchain_cartesian,test,128,ok,91,11648,0.5979489034439083,0.5699845360536896,19.0,0.0,0.0,0.0,1.0,1.0,4.0,12.0,96.0,46.31868131868132,39,0.0027334,0.9760567550164113
228973438714350052,4,vectorchain_relational,test,128,ok,91,11648,0.5836320663610826,0.5679594612993227,18.9010989010989,0.0,0.0,0.0,1.0,1.0,4.0,28.0,224.0,46.31868131868132,87,0.0027237,1.0
228973438714350052,4,fixed_relational,validation,16,ok,120,1920,0.082311442788637,0.08166104320595013,13.691666666666666,0.0,0.3,0.0,1.0,1.0,4.0,28.0,224.0,37.0,87,0.0018598500000000001,0.7755461097708318
228973438714350052,4,persistence,validation,16,ok,120,1920,0.07824340318574524,0.0826466733374197,0.0,0.0,0.0,0.0,1.0,1.0,1.0,1.0,8.0,1.0,0,5.15e-06,0.8158683881989149
228973438714350052,4,raw_ar,validation,16,ok,120,1920,0.0342573951032122,0.03652092101862358,0.0,0.0,0.0,0.0,1.0,1.0,28.0,28.0,224.0,28.0,29,0.007907299999999999,1.8634317948583927
228973438714350052,4,raw_matched,validation,16,ok,120,1920,0.23420357931563993,0.19890880442811648,24.25,0.5416666666666666,0.5416666666666666,0.5416666666666666,1.0,1.0,28.0,28.0,224.0,28.0,87,0.0021359,0.2725676500371439
228973438714350052,4,vectorchain_absolute,validation,16,ok,120,1920,0.06384055360942191,0.0652322796198307,18.875,0.0,0.0,0.0,1.0,1.0,4.0,20.0,160.0,49.475,63,0.00245235,0.9999336728015237
228973438714350052,4,vectorchain_cartesian,validation,16,ok,120,1920,0.06228845157635258,0.062433344325199196,18.925,0.0,0.0,0.0,1.0,1.0,4.0,12.0,96.0,49.475,39,0.0024602,1.0248499943220113
228973438714350052,4,vectorchain_relational,validation,16,ok,120,1920,0.06383631924435182,0.06523877232469154,18.875,0.0,0.0,0.0,1.0,1.0,4.0,28.0,224.0,49.475,87,0.0025021,1.0
228973438714350052,4,fixed_relational,validation,64,ok,120,7680,0.5345497977287397,0.8594942859231888,13.691666666666666,0.0,0.3,0.0,1.0,1.0,4.0,28.0,224.0,37.0,87,0.0018598500000000001,0.4975861198290459
228973438714350052,4,persistence,validation,64,ok,120,7680,0.3090780455457697,0.32726628685785725,0.0,0.0,0.0,0.0,1.0,1.0,1.0,1.0,8.0,1.0,0,5.15e-06,0.8605740962208094
228973438714350052,4,raw_ar,validation,64,ok,120,7680,0.2212225777430764,0.2451537554653617,0.0,0.0,0.0,0.0,1.0,1.0,28.0,28.0,224.0,28.0,29,0.007907299999999999,1.2023391211730394
228973438714350052,4,raw_matched,validation,64,ok,120,7680,1.9885094546835818,2.337380429902431,24.25,0.5416666666666666,0.5416666666666666,0.5416666666666666,1.0,1.0,28.0,28.0,224.0,28.0,87,0.0021359,0.1337607719595023
228973438714350052,4,vectorchain_absolute,validation,64,ok,120,7680,0.26599245303828606,0.29412520590347013,18.875,0.0,0.0,0.0,1.0,1.0,4.0,20.0,160.0,49.475,63,0.00245235,0.9999703249812127
228973438714350052,4,vectorchain_cartesian,validation,64,ok,120,7680,0.27303343630802596,0.2937328747774012,18.925,0.0,0.0,0.0,1.0,1.0,4.0,12.0,96.0,49.475,39,0.0024602,0.9741831011758252
228973438714350052,4,vectorchain_relational,validation,64,ok,120,7680,0.2659845597072449,0.2941168037403041,18.875,0.0,0.0,0.0,1.0,1.0,4.0,28.0,224.0,49.475,87,0.0025021,1.0
228973438714350052,4,fixed_relational,validation,128,ok,120,15360,1.1456048101132212,1.7286145078490118,13.691666666666666,0.0,0.3,0.0,1.0,1.0,4.0,28.0,224.0,37.0,87,0.0018598500000000001,0.49109748716349794
228973438714350052,4,persistence,validation,128,ok,120,15360,0.5627526271729353,0.5453530260276599,0.0,0.0,0.0,0.0,1.0,1.0,1.0,1.0,8.0,1.0,0,5.15e-06,0.9997352590877016
228973438714350052,4,raw_ar,validation,128,ok,120,15360,0.5564612303113889,0.5567562514635688,0.0,0.0,0.0,0.0,1.0,1.0,28.0,28.0,224.0,28.0,29,0.007907299999999999,1.01103834891461
228973438714350052,4,raw_matched,validation,128,ok,120,15360,6.822063593672056,10.32588078996732,24.25,0.5416666666666666,0.5416666666666666,0.5416666666666666,1.0,1.0,28.0,28.0,224.0,28.0,87,0.0021359,0.08246824964382823
228973438714350052,4,vectorchain_absolute,validation,128,ok,120,15360,0.562614244423233,0.5493434048311313,18.875,0.0,0.0,0.0,1.0,1.0,4.0,20.0,160.0,49.475,63,0.00245235,0.9999811577927168
228973438714350052,4,vectorchain_cartesian,validation,128,ok,120,15360,0.5765391500374034,0.5493867683838242,18.925,0.0,0.0,0.0,1.0,1.0,4.0,12.0,96.0,49.475,39,0.0024602,0.9758290369223318
228973438714350052,4,vectorchain_relational,validation,128,ok,120,15360,0.5626036435290191,0.5493313479353691,18.875,0.0,0.0,0.0,1.0,1.0,4.0,28.0,224.0,49.475,87,0.0025021,1.0
228973438714350052,8,fixed_relational,test,16,ok,91,1456,0.11080208186599395,0.08173700638414777,13.637362637362637,0.02197802197802198,0.18681318681318682,0.03296703296703297,1.0,1.0,8.0,56.0,448.0,73.0,171,0.0022475,0.6475946411731076
228973438714350052,8,persistence,test,16,ok,91,1456,0.09475492701399528,0.09689773263966234,0.0,0.0,0.0,0.0,1.0,1.0,1.0,1.0,8.0,1.0,0,8.5e-06,0.7572675818392375
228973438714350052,8,raw_ar,test,16,ok,91,1456,0.03151380206902468,0.034390744784699674,0.0,0.0,0.0,0.0,1.0,1.0,56.0,56.0,448.0,56.0,57,0.0096259,2.2769335889740323
228973438714350052,8,raw_matched,test,16,ok,91,1456,0.2822697769772236,0.2283848484702576,41.417582417582416,0.5164835164835165,0.5054945054945055,0.5274725274725275,1.0,1.0,56.0,56.0,448.0,56.0,171,0.0023835,0.25420657930739626
228973438714350052,8,vectorchain_absolute,test,16,ok,91,1456,0.07176268543791536,0.07305308730431052,18.835164835164836,0.0,0.0,0.0,1.0,1.0,8.0,40.0,320.0,94.03296703296704,123,0.0027305,0.9998905978695501
228973438714350052,8,vectorchain_cartesian,test,16,ok,91,1456,0.07271581014674164,0.07464203708700878,18.78021978021978,0.0,0.0,0.0,1.0,1.0,8.0,24.0,192.0,94.03296703296704,75,0.0027471,0.9867845012307402
228973438714350052,8,vectorchain_relational,test,16,ok,91,1456,0.07175483444724165,0.07304207400194995,18.835164835164836,0.0,0.0,0.0,1.0,1.0,8.0,56.0,448.0,94.03296703296704,171,0.0027801,1.0
228973438714350052,8,fixed_relational,test,64,ok,91,5824,0.3734214229982147,0.5050676481121337,13.637362637362637,0.02197802197802198,0.18681318681318682,0.03296703296703297,1.0,1.0,8.0,56.0,448.0,73.0,171,0.0022475,0.7071769629132939
228973438714350052,8,persistence,test,64,ok,91,5824,0.36244302572323134,0.3763273931234072,0.0,0.0,0.0,0.0,1.0,1.0,1.0,1.0,8.0,1.0,0,8.5e-06,0.7285973492680498
228973438714350052,8,raw_ar,test,64,ok,91,5824,0.18682970344564415,0.2200041204654832,0.0,0.0,0.0,0.0,1.0,1.0,56.0,56.0,448.0,56.0,57,0.0096259,1.4134531229905172
228973438714350052,8,raw_matched,test,64,ok,91,5824,3.4061476559179007,3.8763070467237006,41.417582417582416,0.5164835164835165,0.5054945054945055,0.5274725274725275,1.0,1.0,56.0,56.0,448.0,56.0,171,0.0023835,0.07752894309905484
228973438714350052,8,vectorchain_absolute,test,64,ok,91,5824,0.26408063581464614,0.2983279726229403,18.835164835164836,0.0,0.0,0.0,1.0,1.0,8.0,40.0,320.0,94.03296703296704,123,0.0027305,0.9999787640165629
228973438714350052,8,vectorchain_cartesian,test,64,ok,91,5824,0.26146701711309983,0.2952055690736496,18.78021978021978,0.0,0.0,0.0,1.0,1.0,8.0,24.0,192.0,94.03296703296704,75,0.0027471,1.009974530318713
228973438714350052,8,vectorchain_relational,test,64,ok,91,5824,0.2640750278026379,0.29833087684806886,18.835164835164836,0.0,0.0,0.0,1.0,1.0,8.0,56.0,448.0,94.03296703296704,171,0.0027801,1.0
228973438714350052,8,fixed_relational,test,128,ok,91,11648,0.8913896051209266,1.3187606391714275,13.637362637362637,0.02197802197802198,0.18681318681318682,0.03296703296703297,1.0,1.0,8.0,56.0,448.0,73.0,171,0.0022475,0.5967295961824898
228973438714350052,8,persistence,test,128,ok,91,11648,0.6094080405676116,0.53844990642343,0.0,0.0,0.0,0.0,1.0,1.0,1.0,1.0,8.0,1.0,0,8.5e-06,0.8728446684255148
228973438714350052,8,raw_ar,test,128,ok,91,11648,0.47342720974459923,0.4914760156990341,0.0,0.0,0.0,0.0,1.0,1.0,56.0,56.0,448.0,56.0,57,0.0096259,1.123548769814128
228973438714350052,8,raw_matched,test,128,ok,91,11648,37.51580037431972,53.189785033367436,41.417582417582416,0.5164835164835165,0.5054945054945055,0.5274725274725275,1.0,1.0,56.0,56.0,448.0,56.0,171,0.0023835,0.014178520884474799
228973438714350052,8,vectorchain_absolute,test,128,ok,91,11648,0.5319248871383803,0.5236036273519155,18.835164835164836,0.0,0.0,0.0,1.0,1.0,8.0,40.0,320.0,94.03296703296704,123,0.0027305,0.9999881035209036
228973438714350052,8,vectorchain_cartesian,test,128,ok,91,11648,0.5255350783064294,0.5177575088053741,18.78021978021978,0.0,0.0,0.0,1.0,1.0,8.0,24.0,192.0,94.03296703296704,75,0.0027471,1.0121466312376737
228973438714350052,8,vectorchain_relational,test,128,ok,91,11648,0.5319185591050796,0.5235910617755367,18.835164835164836,0.0,0.0,0.0,1.0,1.0,8.0,56.0,448.0,94.03296703296704,171,0.0027801,1.0
228973438714350052,8,fixed_relational,validation,16,ok,120,1920,0.09816164828549137,0.09371383782357734,13.825,0.0,0.21666666666666667,0.008333333333333333,1.0,1.0,8.0,56.0,448.0,73.0,171,0.0020239,0.6728465277366033
228973438714350052,8,persistence,validation,16,ok,120,1920,0.07824340318574524,0.0826466733374197,0.0,0.0,0.0,0.0,1.0,1.0,1.0,1.0,8.0,1.0,0,7.05e-06,0.8441315371853285
228973438714350052,8,raw_ar,validation,16,ok,120,1920,0.027093023953514535,0.029808113538006942,0.0,0.0,0.0,0.0,1.0,1.0,56.0,56.0,448.0,56.0,57,0.008041900000000001,2.4378129336583996
228973438714350052,8,raw_matched,validation,16,ok,120,1920,0.2646504257667323,0.20721645643367245,46.84166666666667,0.575,0.5833333333333334,0.5916666666666667,1.0,1.0,56.0,56.0,448.0,56.0,171,0.00262785,0.24956590949908475
228973438714350052,8,vectorchain_absolute,validation,16,ok,120,1920,0.06606636690704858,0.06690582408533231,18.641666666666666,0.0,0.0,0.0,1.0,1.0,8.0,40.0,320.0,97.625,123,0.00247245,0.9997178185796074
228973438714350052,8,vectorchain_cartesian,validation,16,ok,120,1920,0.06376996589061182,0.06452332827891921,18.708333333333332,0.0,0.0,0.0,1.0,1.0,8.0,24.0,192.0,97.625,75,0.0024885999999999997,1.0357183555514191
228973438714350052,8,vectorchain_relational,validation,16,ok,120,1920,0.06604772420579456,0.0668492841927341,18.633333333333333,0.0,0.0,0.0,1.0,1.0,8.0,56.0,448.0,97.625,171,0.0024855,1.0
228973438714350052,8,fixed_relational,validation,64,ok,120,7680,0.4969090407653857,0.7072213822120184,13.825,0.0,0.21666666666666667,0.008333333333333333,1.0,1.0,8.0,56.0,448.0,73.0,171,0.0020239,0.5136661123594843
228973438714350052,8,persistence,validation,64,ok,120,7680,0.3090780455457697,0.32726628685785725,0.0,0.0,0.0,0.0,1.0,1.0,1.0,1.0,8.0,1.0,0,7.05e-06,0.8258281001988488
228973438714350052,8,raw_ar,validation,64,ok,120,7680,0.1743892931170749,0.20542017449690622,0.0,0.0,0.0,0.0,1.0,1.0,56.0,56.0,448.0,56.0,57,0.008041900000000001,1.4636525591905418
228973438714350052,8,raw_matched,validation,64,ok,120,7680,4.312842509278812,4.907501123281554,46.84166666666667,0.575,0.5833333333333334,0.5916666666666667,1.0,1.0,56.0,56.0,448.0,56.0,171,0.00262785,0.0591826236680546
228973438714350052,8,vectorchain_absolute,validation,64,ok,120,7680,0.25528984409932415,0.2890097527005713,18.641666666666666,0.0,0.0,0.0,1.0,1.0,8.0,40.0,320.0,97.625,123,0.00247245,0.9998256533343699
228973438714350052,8,vectorchain_cartesian,validation,64,ok,120,7680,0.25646429780641705,0.2904233644640415,18.708333333333332,0.0,0.0,0.0,1.0,1.0,8.0,24.0,192.0,97.625,75,0.0024885999999999997,0.9952470474424439
228973438714350052,8,vectorchain_relational,validation,64,ok,120,7680,0.2552453351662362,0.2889722138544551,18.633333333333333,0.0,0.0,0.0,1.0,1.0,8.0,56.0,448.0,97.625,171,0.0024855,1.0
228973438714350052,8,fixed_relational,validation,128,ok,120,15360,1.0712776034931586,1.5511512200636637,13.825,0.0,0.21666666666666667,0.008333333333333333,1.0,1.0,8.0,56.0,448.0,73.0,171,0.0020239,0.49922649714892015
228973438714350052,8,persistence,validation,128,ok,120,15360,0.5627526271729353,0.5453530260276599,0.0,0.0,0.0,0.0,1.0,1.0,1.0,1.0,8.0,1.0,0,7.05e-06,0.9503468125109807
228973438714350052,8,raw_ar,validation,128,ok,120,15360,0.45835481748269347,0.48335619470560687,0.0,0.0,0.0,0.0,1.0,1.0,56.0,56.0,448.0,56.0,57,0.008041900000000001,1.1668038494788433
228973438714350052,8,raw_matched,validation,128,ok,120,15360,50.18447823004742,71.3510845125702,46.84166666666667,0.575,0.5833333333333334,0.5916666666666667,1.0,1.0,56.0,56.0,448.0,56.0,171,0.00262785,0.01065688404718269
228973438714350052,8,vectorchain_absolute,validation,128,ok,120,15360,0.5348659884091748,0.5400147507934047,18.641666666666666,0.0,0.0,0.0,1.0,1.0,8.0,40.0,320.0,97.625,123,0.00247245,0.9998956319070476
228973438714350052,8,vectorchain_cartesian,validation,128,ok,120,15360,0.5356606982188616,0.5429126926262217,18.708333333333332,0.0,0.0,0.0,1.0,1.0,8.0,24.0,192.0,97.625,75,0.0024885999999999997,0.9984121800316685
228973438714350052,8,vectorchain_relational,validation,128,ok,120,15360,0.5348101654659794,0.5399757992970583,18.633333333333333,0.0,0.0,0.0,1.0,1.0,8.0,56.0,448.0,97.625,171,0.0024855,1.0
228973438714350052,16,fixed_relational,test,16,ok,91,1456,0.11171969837767376,0.09224505128676323,13.835164835164836,0.06593406593406594,0.16483516483516483,0.10989010989010989,1.0,1.0,16.0,112.0,896.0,145.0,339,0.002454,0.9453906257191091
228973438714350052,16,persistence,test,16,ok,91,1456,0.09475492701399528,0.09689773263966234,0.0,0.0,0.0,0.0,1.0,1.0,1.0,1.0,8.0,1.0,0,8.6e-06,1.1146518590935042
228973438714350052,16,raw_ar,test,16,ok,91,1456,0.02542353149977731,0.02696303861305451,0.0,0.0,0.0,0.0,1.0,1.0,112.0,112.0,896.0,112.0,113,0.009631,4.1543699605754725
228973438714350052,16,raw_matched,test,16,ok,91,1456,0.38495249253293395,0.2550583877648871,15.934065934065934,0.5274725274725275,0.45054945054945056,0.6483516483516484,1.0,1.0,112.0,112.0,896.0,112.0,339,0.0020133,0.27436828596552887
228973438714350052,16,vectorchain_absolute,test,16,ok,91,1456,0.1056595118031919,0.10433546923411867,18.802197802197803,0.01098901098901099,0.0,0.02197802197802198,1.0,1.0,16.0,80.0,640.0,196.04395604395606,243,0.0028542,0.9996142680571091
228973438714350052,16,vectorchain_cartesian,test,16,ok,91,1456,0.10499632637400476,0.1047244763535419,18.64835164835165,0.0,0.0,0.02197802197802198,1.0,1.0,16.0,48.0,384.0,196.04395604395606,147,0.002839,1.0059281043624064
228973438714350052,16,vectorchain_relational,test,16,ok,91,1456,0.10561875555441914,0.10429741835179125,18.802197802197803,0.01098901098901099,0.0,0.02197802197802198,1.0,1.0,16.0,112.0,896.0,196.04395604395606,339,0.002915,1.0
228973438714350052,16,fixed_relational,test,64,ok,91,5824,0.39317823572718813,0.5328598323491043,13.835164835164836,0.06593406593406594,0.16483516483516483,0.10989010989010989,1.0,1.0,16.0,112.0,896.0,145.0,339,0.002454,1.0218111423563976
228973438714350052,16,persistence,test,64,ok,91,5824,0.36244302572323134,0.3763273931234072,0.0,0.0,0.0,0.0,1.0,1.0,1.0,1.0,8.0,1.0,0,8.6e-06,1.1084608440082342
228973438714350052,16,raw_ar,test,64,ok,91,5824,0.1345864942687825,0.16255293465116025,0.0,0.0,0.0,0.0,1.0,1.0,112.0,112.0,896.0,112.0,113,0.009631,2.9850982030613635
228973438714350052,16,raw_matched,test,64,ok,91,5824,1.878417064242575,1.4134580452500032,15.934065934065934,0.5274725274725275,0.45054945054945056,0.6483516483516484,1.0,1.0,112.0,112.0,896.0,112.0,339,0.0020133,0.21387896748056234
228973438714350052,16,vectorchain_absolute,test,64,ok,91,5824,0.4016565982880264,0.4045029855656086,18.802197802197803,0.01098901098901099,0.0,0.02197802197802198,1.0,1.0,16.0,80.0,640.0,196.04395604395606,243,0.0028542,1.000242256470974
228973438714350052,16,vectorchain_cartesian,test,64,ok,91,5824,0.4054128269975111,0.40522346971830797,18.64835164835165,0.0,0.0,0.02197802197802198,1.0,1.0,16.0,48.0,384.0,196.04395604395606,147,0.002839,0.9909748173817341
228973438714350052,16,vectorchain_relational,test,64,ok,91,5824,0.4017539021980711,0.40441233305993707,18.802197802197803,0.01098901098901099,0.0,0.02197802197802198,1.0,1.0,16.0,112.0,896.0,196.04395604395606,339,0.002915,1.0
228973438714350052,16,fixed_relational,test,128,ok,91,11648,0.96891435923401,1.5630281912863666,13.835164835164836,0.06593406593406594,0.16483516483516483,0.10989010989010989,1.0,1.0,16.0,112.0,896.0,145.0,339,0.002454,0.7445370790206547
228973438714350052,16,persistence,test,128,ok,91,11648,0.6094080405676116,0.53844990642343,0.0,0.0,0.0,0.0,1.0,1.0,1.0,1.0,8.0,1.0,0,8.6e-06,1.1837596795955359
228973438714350052,16,raw_ar,test,128,ok,91,11648,0.36390495322468897,0.42865927599760484,0.0,0.0,0.0,0.0,1.0,1.0,112.0,112.0,896.0,112.0,113,0.009631,1.9823656162213419
228973438714350052,16,raw_matched,test,128,ok,91,11648,3.195867801005576,3.5836376954139957,15.934065934065934,0.5274725274725275,0.45054945054945056,0.6483516483516484,1.0,1.0,112.0,112.0,896.0,112.0,339,0.0020133,0.22572669201719603
228973438714350052,16,vectorchain_absolute,test,128,ok,91,11648,0.72154063513326,0.6284477767087397,18.802197802197803,0.01098901098901099,0.0,0.02197802197802198,1.0,1.0,16.0,80.0,640.0,196.04395604395606,243,0.0028542,0.9997949272975131
228973438714350052,16,vectorchain_cartesian,test,128,ok,91,11648,0.7398610637066092,0.6770375774743941,18.64835164835165,0.0,0.0,0.02197802197802198,1.0,1.0,16.0,48.0,384.0,196.04395604395606,147,0.002839,0.9750380202888016
228973438714350052,16,vectorchain_relational,test,128,ok,91,11648,0.7213926668452592,0.6280605523873197,18.802197802197803,0.01098901098901099,0.0,0.02197802197802198,1.0,1.0,16.0,112.0,896.0,196.04395604395606,339,0.002915,1.0
228973438714350052,16,fixed_relational,validation,16,ok,120,1920,0.11454736278942551,0.11058479415909155,13.791666666666666,0.09166666666666666,0.19166666666666668,0.11666666666666667,1.0,1.0,16.0,112.0,896.0,145.0,339,0.00213215,0.8820308274648665
228973438714350052,16,persistence,validation,16,ok,120,1920,0.07824340318574524,0.0826466733374197,0.0,0.0,0.0,0.0,1.0,1.0,1.0,1.0,8.0,1.0,0,8.6e-06,1.291282089880801
228973438714350052,16,raw_ar,validation,16,ok,120,1920,0.023115827306755356,0.02571015328749154,0.0,0.0,0.0,0.0,1.0,1.0,112.0,112.0,896.0,112.0,113,0.00813585,4.370784737414483
228973438714350052,16,raw_matched,validation,16,ok,120,1920,0.24195428565209187,0.14554369559367686,15.808333333333334,0.475,0.5,0.5583333333333333,1.0,1.0,112.0,112.0,896.0,112.0,339,0.0017591,0.41757600991764754
228973438714350052,16,vectorchain_absolute,validation,16,ok,120,1920,0.10108330169915757,0.09187438008452589,19.091666666666665,0.0,0.0,0.0,1.0,1.0,16.0,80.0,640.0,191.975,243,0.0026164,0.9995152857765949
228973438714350052,16,vectorchain_cartesian,validation,16,ok,120,1920,0.1024666676262726,0.08958405546267766,19.033333333333335,0.0,0.0,0.0,1.0,1.0,16.0,48.0,384.0,191.975,147,0.00262785,0.9860211864562471
228973438714350052,16,vectorchain_relational,validation,16,ok,120,1920,0.10103430518507524,0.09191764430247025,19.091666666666665,0.0,0.0,0.0,1.0,1.0,16.0,112.0,896.0,191.975,339,0.00261775,1.0
228973438714350052,16,fixed_relational,validation,64,ok,120,7680,0.49054250747749345,0.695274442547129,13.791666666666666,0.09166666666666666,0.19166666666666668,0.11666666666666667,1.0,1.0,16.0,112.0,896.0,145.0,339,0.00213215,0.688926439992198
228973438714350052,16,persistence,validation,64,ok,120,7680,0.3090780455457697,0.32726628685785725,0.0,0.0,0.0,0.0,1.0,1.0,1.0,1.0,8.0,1.0,0,8.6e-06,1.0934057213431905
228973438714350052,16,raw_ar,validation,64,ok,120,7680,0.13105826548645388,0.1557331884835043,0.0,0.0,0.0,0.0,1.0,1.0,112.0,112.0,896.0,112.0,113,0.00813585,2.5786065616460174
228973438714350052,16,raw_matched,validation,64,ok,120,7680,1.3498589335048579,1.2915425588845697,15.808333333333334,0.475,0.5,0.5583333333333333,1.0,1.0,112.0,112.0,896.0,112.0,339,0.0017591,0.2503577929168104
228973438714350052,16,vectorchain_absolute,validation,64,ok,120,7680,0.33804697750625756,0.3243758811888975,19.091666666666665,0.0,0.0,0.0,1.0,1.0,16.0,80.0,640.0,191.975,243,0.0026164,0.9997063302690231
228973438714350052,16,vectorchain_cartesian,validation,64,ok,120,7680,0.34166211525269186,0.3172543793989243,19.033333333333335,0.0,0.0,0.0,1.0,1.0,16.0,48.0,384.0,191.975,147,0.00262785,0.9891284056804807
228973438714350052,16,vectorchain_relational,validation,64,ok,120,7680,0.33794770334131574,0.32452339448787804,19.091666666666665,0.0,0.0,0.0,1.0,1.0,16.0,112.0,896.0,191.975,339,0.00261775,1.0
228973438714350052,16,fixed_relational,validation,128,ok,120,15360,1.2044716949485277,1.8735063831995242,13.791666666666666,0.09166666666666666,0.19166666666666668,0.11666666666666667,1.0,1.0,16.0,112.0,896.0,145.0,339,0.00213215,0.4870879283019548
228973438714350052,16,persistence,validation,128,ok,120,15360,0.5627526271729353,0.5453530260276599,0.0,0.0,0.0,0.0,1.0,1.0,1.0,1.0,8.0,1.0,0,8.6e-06,1.0425248932876738
228973438714350052,16,raw_ar,validation,128,ok,120,15360,0.3497211648995832,0.3931171579919905,0.0,0.0,0.0,0.0,1.0,1.0,112.0,112.0,896.0,112.0,113,0.00813585,1.677575398558675
228973438714350052,16,raw_matched,validation,128,ok,120,15360,3.4791995555535955,3.7977238814985594,15.808333333333334,0.475,0.5,0.5583333333333333,1.0,1.0,112.0,112.0,896.0,112.0,339,0.0017591,0.168626034012433
228973438714350052,16,vectorchain_absolute,validation,128,ok,120,15360,0.5867325429281705,0.5170963756098603,19.091666666666665,0.0,0.0,0.0,1.0,1.0,16.0,80.0,640.0,191.975,243,0.0026164,0.99991662242373
228973438714350052,16,vectorchain_cartesian,validation,128,ok,120,15360,0.6112691405491669,0.532695929349293,19.033333333333335,0.0,0.0,0.0,1.0,1.0,16.0,48.0,384.0,191.975,147,0.00262785,0.959779553182978
228973438714350052,16,vectorchain_relational,validation,128,ok,120,15360,0.5866836225908224,0.5171445439078899,19.091666666666665,0.0,0.0,0.0,1.0,1.0,16.0,112.0,896.0,191.975,339,0.00261775,1.0
1488991049205644303,4,fixed_relational,test,16,ok,83,1328,0.24803875472844358,0.20152557093441403,47.16867469879518,0.4457831325301205,0.4457831325301205,0.4457831325301205,1.0,1.0,4.0,28.0,224.0,37.0,87,0.0027258,0.3087587376525429
1488991049205644303,4,persistence,test,16,ok,83,1328,0.10130249932817585,0.11186027816251698,0.0,0.0,0.0,0.0,1.0,1.0,1.0,1.0,8.0,1.0,0,6.6e-06,0.7559945046445874
1488991049205644303,4,raw_ar,test,16,ok,83,1328,0.03690796862929702,0.04115776840992204,0.0,0.0,0.0,0.0,1.0,1.0,28.0,28.0,224.0,28.0,29,0.009592,2.0750026523559892
1488991049205644303,4,raw_matched,test,16,ok,83,1328,0.1392108130051781,0.14410101222995989,31.132530120481928,0.5060240963855421,0.5060240963855421,0.5060240963855421,1.0,1.0,28.0,28.0,224.0,28.0,87,0.002132,0.5501306338611378
1488991049205644303,4,vectorchain_absolute,test,16,ok,83,1328,0.07659331887514527,0.0799467438936252,16.903614457831324,0.0,0.0,0.0,1.0,1.0,4.0,20.0,160.0,50.18072289156626,63,0.0024454,0.9998800668724475
1488991049205644303,4,vectorchain_cartesian,test,16,ok,83,1328,0.07614927899971569,0.08030452907245018,16.879518072289155,0.0,0.0,0.0,1.0,1.0,4.0,12.0,96.0,50.18072289156626,39,0.0024484,1.005710543879856
1488991049205644303,4,vectorchain_relational,test,16,ok,83,1328,0.07658413279886295,0.07993719786152195,16.903614457831324,0.0,0.0,0.0,1.0,1.0,4.0,28.0,224.0,50.18072289156626,87,0.0024603,1.0
1488991049205644303,4,fixed_relational,test,64,ok,83,5312,3.983848233294576e+18,5.476136189011355e+18,47.16867469879518,0.4457831325301205,0.4457831325301205,0.4457831325301205,1.0,1.0,4.0,28.0,224.0,37.0,87,0.0027258,8.01803899624299e-20
1488991049205644303,4,persistence,test,64,ok,83,5312,0.37218179041788263,0.3815581138625544,0.0,0.0,0.0,0.0,1.0,1.0,1.0,1.0,8.0,1.0,0,6.6e-06,0.8582539853388503
1488991049205644303,4,raw_ar,test,64,ok,83,5312,0.22671841571055623,0.2650126024850542,0.0,0.0,0.0,0.0,1.0,1.0,28.0,28.0,224.0,28.0,29,0.009592,1.4089129191185668
1488991049205644303,4,raw_matched,test,64,ok,83,5312,8.33679200661078,6.968513864059789,31.132530120481928,0.5060240963855421,0.5060240963855421,0.5060240963855421,1.0,1.0,28.0,28.0,224.0,28.0,87,0.002132,0.038315278184150765
1488991049205644303,4,vectorchain_absolute,test,64,ok,83,5312,0.31937725346929347,0.3290826012659063,16.903614457831324,0.0,0.0,0.0,1.0,1.0,4.0,20.0,160.0,50.18072289156626,63,0.0024454,1.000154210817671
1488991049205644303,4,vectorchain_cartesian,test,64,ok,83,5312,0.3141745039916413,0.32793405166353184,16.879518072289155,0.0,0.0,0.0,1.0,1.0,4.0,12.0,96.0,50.18072289156626,39,0.0024484,1.016716827235589
1488991049205644303,4,vectorchain_relational,test,64,ok,83,5312,0.3194265048966965,0.3291642366862904,16.903614457831324,0.0,0.0,0.0,1.0,1.0,4.0,28.0,224.0,50.18072289156626,87,0.0024603,1.0
1488991049205644303,4,fixed_relational,test,128,ok,83,10624,2.2227967826563425e+45,4.321019360990272e+45,47.16867469879518,0.4457831325301205,0.4457831325301205,0.4457831325301205,1.0,1.0,4.0,28.0,224.0,37.0,87,0.0027258,2.8861580511464522e-46
1488991049205644303,4,persistence,test,128,ok,83,10624,0.5930898023013137,0.5100509695935831,0.0,0.0,0.0,0.0,1.0,1.0,1.0,1.0,8.0,1.0,0,6.6e-06,1.0816815270525895
1488991049205644303,4,raw_ar,test,128,ok,83,10624,0.5827583898810269,0.6062371594126655,0.0,0.0,0.0,0.0,1.0,1.0,28.0,28.0,224.0,28.0,29,0.009592,1.1008580814487732
1488991049205644303,4,raw_matched,test,128,ok,83,10624,98.49772027538978,78.47766973957943,31.132530120481928,0.5060240963855421,0.5060240963855421,0.5060240963855421,1.0,1.0,28.0,28.0,224.0,28.0,87,0.002132,0.006513189150357365
1488991049205644303,4,vectorchain_absolute,test,128,ok,83,10624,0.6415112565408966,0.5940631148276794,16.903614457831324,0.0,0.0,0.0,1.0,1.0,4.0,20.0,160.0,50.18072289156626,63,0.0024454,1.0000358941350944
1488991049205644303,4,vectorchain_cartesian,test,128,ok,83,10624,0.6283362735239996,0.5867012813925461,16.879518072289155,0.0,0.0,0.0,1.0,1.0,4.0,12.0,96.0,50.18072289156626,39,0.0024484,1.0210046913805935
1488991049205644303,4,vectorchain_relational,test,128,ok,83,10624,0.6415342830326034,0.5940844989919901,16.903614457831324,0.0,0.0,0.0,1.0,1.0,4.0,28.0,224.0,50.18072289156626,87,0.0024603,1.0
1488991049205644303,4,fixed_relational,validation,16,ok,117,1872,0.09603041214482531,0.0759327663330631,36.02564102564103,0.3504273504273504,0.3418803418803419,0.3504273504273504,1.0,1.0,4.0,28.0,224.0,37.0,87,0.002268,0.7769596331242085
1488991049205644303,4,persistence,validation,16,ok,117,1872,0.08418280966883215,0.09124691837779256,0.0,0.0,0.0,0.0,1.0,1.0,1.0,1.0,8.0,1.0,0,5.7e-06,0.8863062908250051
1488991049205644303,4,raw_ar,validation,16,ok,117,1872,0.03733415043746606,0.04131097254517966,0.0,0.0,0.0,0.0,1.0,1.0,28.0,28.0,224.0,28.0,29,0.008127,1.9984853790575245
1488991049205644303,4,raw_matched,validation,16,ok,117,1872,0.10111200370348385,0.11375518502374697,29.05982905982906,0.36752136752136755,0.36752136752136755,0.36752136752136755,1.0,1.0,28.0,28.0,224.0,28.0,87,0.0017328,0.7379119298991721
1488991049205644303,4,vectorchain_absolute,validation,16,ok,117,1872,0.07461260260896083,0.07787550958959119,16.931623931623932,0.0,0.0,0.0,1.0,1.0,4.0,20.0,160.0,52.12820512820513,63,0.0022539,0.9999886236356709
1488991049205644303,4,vectorchain_cartesian,validation,16,ok,117,1872,0.07425495589844673,0.07803925404234836,16.974358974358974,0.0,0.0,0.0,1.0,1.0,4.0,12.0,96.0,52.12820512820513,39,0.0022541,1.0048050380751858
1488991049205644303,4,vectorchain_relational,validation,16,ok,117,1872,0.07461175378881,0.07787797301575333,16.931623931623932,0.0,0.0,0.0,1.0,1.0,4.0,28.0,224.0,52.12820512820513,87,0.0022697,1.0
1488991049205644303,4,fixed_relational,validation,64,ok,117,7488,9.291531325944983e+17,6.367179760523716e+17,36.02564102564103,0.3504273504273504,0.3418803418803419,0.3504273504273504,1.0,1.0,4.0,28.0,224.0,37.0,87,0.002268,3.4453893359090623e-19
1488991049205644303,4,persistence,validation,64,ok,117,7488,0.33275090347463854,0.3626349820808059,0.0,0.0,0.0,0.0,1.0,1.0,1.0,1.0,8.0,1.0,0,5.7e-06,0.9620693020031358
1488991049205644303,4,raw_ar,validation,64,ok,117,7488,0.24528612350931034,0.2893437782181904,0.0,0.0,0.0,0.0,1.0,1.0,28.0,28.0,224.0,28.0,29,0.008127,1.3051265390257887
1488991049205644303,4,raw_matched,validation,64,ok,117,7488,6.519365870000975,5.0810921964917,29.05982905982906,0.36752136752136755,0.36752136752136755,0.36752136752136755,1.0,1.0,28.0,28.0,224.0,28.0,87,0.0017328,0.049104381596351554
1488991049205644303,4,vectorchain_absolute,validation,64,ok,117,7488,0.32011961045773274,0.3769064796234773,16.931623931623932,0.0,0.0,0.0,1.0,1.0,4.0,20.0,160.0,52.12820512820513,63,0.0022539,1.0000306728757151
1488991049205644303,4,vectorchain_cartesian,validation,64,ok,117,7488,0.3162743499896798,0.3747020564212455,16.974358974358974,0.0,0.0,0.0,1.0,1.0,4.0,12.0,96.0,52.12820512820513,39,0.0022541,1.0121890360606363
1488991049205644303,4,vectorchain_relational,validation,64,ok,117,7488,0.3201294294467583,0.3769216457500183,16.931623931623932,0.0,0.0,0.0,1.0,1.0,4.0,28.0,224.0,52.12820512820513,87,0.0022697,1.0
1488991049205644303,4,fixed_relational,validation,128,ok,117,14976,5.184230103372311e+44,5.024109348709446e+44,36.02564102564103,0.3504273504273504,0.3418803418803419,0.3504273504273504,1.0,1.0,4.0,28.0,224.0,37.0,87,0.002268,1.3177537162990853e-45
1488991049205644303,4,persistence,validation,128,ok,117,14976,0.611062412498995,0.6130106614932399,0.0,0.0,0.0,0.0,1.0,1.0,1.0,1.0,8.0,1.0,0,5.7e-06,1.1179772057866004
1488991049205644303,4,raw_ar,validation,128,ok,117,14976,0.611975343961988,0.6169634042723565,0.0,0.0,0.0,0.0,1.0,1.0,28.0,28.0,224.0,28.0,29,0.008127,1.1163094317886089
1488991049205644303,4,raw_matched,validation,128,ok,117,14976,74.10455837508343,58.30431978813238,29.05982905982906,0.36752136752136755,0.36752136752136755,0.36752136752136755,1.0,1.0,28.0,28.0,224.0,28.0,87,0.0017328,0.009218783074436968
1488991049205644303,4,vectorchain_absolute,validation,128,ok,117,14976,0.6831368444865625,0.7074834024743627,16.931623931623932,0.0,0.0,0.0,1.0,1.0,4.0,20.0,160.0,52.12820512820513,63,0.0022539,1.0000248910601441
1488991049205644303,4,vectorchain_cartesian,validation,128,ok,117,14976,0.6713696075131831,0.6989604343435601,16.974358974358974,0.0,0.0,0.0,1.0,1.0,4.0,12.0,96.0,52.12820512820513,39,0.0022541,1.0175525386341395
1488991049205644303,4,vectorchain_relational,validation,128,ok,117,14976,0.6831538484868453,0.7075170251367076,16.931623931623932,0.0,0.0,0.0,1.0,1.0,4.0,28.0,224.0,52.12820512820513,87,0.0022697,1.0
1488991049205644303,8,fixed_relational,test,16,ok,83,1328,0.4284301611973369,0.30932017372299087,44.204819277108435,0.6385542168674698,0.6385542168674698,0.6506024096385542,1.0,1.0,8.0,56.0,448.0,73.0,171,0.0042608,0.17432881122343188
1488991049205644303,8,persistence,test,16,ok,83,1328,0.10130249932817585,0.11186027816251698,0.0,0.0,0.0,0.0,1.0,1.0,1.0,1.0,8.0,1.0,0,7.7e-06,0.737274215237666
1488991049205644303,8,raw_ar,test,16,ok,83,1328,0.02913650653131107,0.03369562920589499,0.0,0.0,0.0,0.0,1.0,1.0,56.0,56.0,448.0,56.0,57,0.0096288,2.56337253793735
1488991049205644303,8,raw_matched,test,16,ok,83,1328,0.18506271994049028,0.16046268031011068,19.325301204819276,0.4457831325301205,0.5421686746987951,0.5060240963855421,1.0,1.0,56.0,56.0,448.0,56.0,171,0.0020166,0.4035805845597212
1488991049205644303,8,vectorchain_absolute,test,16,ok,83,1328,0.07470097306334415,0.07928239194492616,16.6144578313253,0.0,0.0,0.0,1.0,1.0,8.0,40.0,320.0,100.20481927710843,123,0.0024419,0.9998225944187115
1488991049205644303,8,vectorchain_cartesian,test,16,ok,83,1328,0.0762032232805315,0.08153182729616867,16.626506024096386,0.0,0.0,0.0,1.0,1.0,8.0,24.0,192.0,100.20481927710843,75,0.0024899,0.9801123558624633
1488991049205644303,8,vectorchain_relational,test,16,ok,83,1328,0.07468772069379503,0.07927289034073239,16.6144578313253,0.0,0.0,0.0,1.0,1.0,8.0,56.0,448.0,100.20481927710843,171,0.0024683,1.0
1488991049205644303,8,fixed_relational,test,64,ok,83,5312,1.7997832528310262e+19,2.0986429189764133e+19,44.204819277108435,0.6385542168674698,0.6385542168674698,0.6506024096385542,1.0,1.0,8.0,56.0,448.0,73.0,171,0.0042608,1.689067071638575e-20
1488991049205644303,8,persistence,test,64,ok,83,5312,0.37218179041788263,0.3815581138625544,0.0,0.0,0.0,0.0,1.0,1.0,1.0,1.0,8.0,1.0,0,7.7e-06,0.8167929508400221
1488991049205644303,8,raw_ar,test,64,ok,83,5312,0.1770127225835346,0.2214505807709301,0.0,0.0,0.0,0.0,1.0,1.0,56.0,56.0,448.0,56.0,57,0.0096288,1.7173650481585336
1488991049205644303,8,raw_matched,test,64,ok,83,5312,1.7753076559366179,1.7830020764047465,19.325301204819276,0.4457831325301205,0.5421686746987951,0.5060240963855421,1.0,1.0,56.0,56.0,448.0,56.0,171,0.0020166,0.17123536972748699
1488991049205644303,8,vectorchain_absolute,test,64,ok,83,5312,0.3040045817042524,0.3351814368443783,16.6144578313253,0.0,0.0,0.0,1.0,1.0,8.0,40.0,320.0,100.20481927710843,123,0.0024419,0.9999700042023834
1488991049205644303,8,vectorchain_cartesian,test,64,ok,83,5312,0.3002809906023846,0.3385561358689507,16.626506024096386,0.0,0.0,0.0,1.0,1.0,8.0,24.0,192.0,100.20481927710843,75,0.0024899,1.0123699879719623
1488991049205644303,8,vectorchain_relational,test,64,ok,83,5312,0.30399546284434503,0.3351938138059361,16.6144578313253,0.0,0.0,0.0,1.0,1.0,8.0,56.0,448.0,100.20481927710843,171,0.0024683,1.0
1488991049205644303,8,fixed_relational,test,128,ok,83,10624,1.4284627620547433e+46,2.3556039029773384e+46,44.204819277108435,0.6385542168674698,0.6385542168674698,0.6506024096385542,1.0,1.0,8.0,56.0,448.0,73.0,171,0.0042608,4.137584543121328e-47
1488991049205644303,8,persistence,test,128,ok,83,10624,0.5930898023013137,0.5100509695935831,0.0,0.0,0.0,0.0,1.0,1.0,1.0,1.0,8.0,1.0,0,7.7e-06,0.9965414043149219
1488991049205644303,8,raw_ar,test,128,ok,83,10624,0.4809772899351468,0.5200428003912576,0.0,0.0,0.0,0.0,1.0,1.0,56.0,56.0,448.0,56.0,57,0.0096288,1.2288283809614045
1488991049205644303,8,raw_matched,test,128,ok,83,10624,19.437020817354075,19.103857723452194,19.325301204819276,0.4457831325301205,0.5421686746987951,0.5060240963855421,1.0,1.0,56.0,56.0,448.0,56.0,171,0.0020166,0.030407877319476345
1488991049205644303,8,vectorchain_absolute,test,128,ok,83,10624,0.5910252900060988,0.5754209887707397,16.6144578313253,0.0,0.0,0.0,1.0,1.0,8.0,40.0,320.0,100.20481927710843,123,0.0024419,1.0000224262215778
1488991049205644303,8,vectorchain_cartesian,test,128,ok,83,10624,0.5893029152513933,0.5920804616451513,16.626506024096386,0.0,0.0,0.0,1.0,1.0,8.0,24.0,192.0,100.20481927710843,75,0.0024899,1.002945224219834
1488991049205644303,8,vectorchain_relational,test,128,ok,83,10624,0.5910385444702105,0.5755561223825886,16.6144578313253,0.0,0.0,0.0,1.0,1.0,8.0,56.0,448.0,100.20481927710843,171,0.0024683,1.0
1488991049205644303,8,fixed_relational,validation,16,ok,117,1872,0.07952249741923961,0.08156979376447163,33.452991452991455,0.5555555555555556,0.5555555555555556,0.5555555555555556,1.0,1.0,8.0,56.0,448.0,73.0,171,0.0027396,1.109378512182926
1488991049205644303,8,persistence,validation,16,ok,117,1872,0.08418280966883215,0.09124691837779256,0.0,0.0,0.0,0.0,1.0,1.0,1.0,1.0,8.0,1.0,0,7e-06,1.0479639515368824
1488991049205644303,8,raw_ar,validation,16,ok,117,1872,0.02972604030349386,0.033352455293605476,0.0,0.0,0.0,0.0,1.0,1.0,56.0,56.0,448.0,56.0,57,0.0081256,2.967786794720102
1488991049205644303,8,raw_matched,validation,16,ok,117,1872,0.11588637844497582,0.12191061542654064,17.299145299145298,0.358974358974359,0.41025641025641024,0.39316239316239315,1.0,1.0,56.0,56.0,448.0,56.0,171,0.0017451,0.7612676403889413
1488991049205644303,8,vectorchain_absolute,validation,16,ok,117,1872,0.08823137154895326,0.08224270428416154,16.794871794871796,0.0,0.0,0.0,1.0,1.0,8.0,40.0,320.0,105.28205128205128,123,0.0022426,0.9998773488756134
1488991049205644303,8,vectorchain_cartesian,validation,16,ok,117,1872,0.09631980873440006,0.08617235279962884,16.871794871794872,0.0,0.0,0.0,1.0,1.0,8.0,24.0,192.0,105.28205128205128,75,0.0022765,0.9159128431753121
1488991049205644303,8,vectorchain_relational,validation,16,ok,117,1872,0.08822054987202661,0.08221992542540549,16.794871794871796,0.0,0.0,0.0,1.0,1.0,8.0,56.0,448.0,105.28205128205128,171,0.0022664,1.0
1488991049205644303,8,fixed_relational,validation,64,ok,117,7488,1.7434521232864093e+17,1.194650913358835e+17,33.452991452991455,0.5555555555555556,0.5555555555555556,0.5555555555555556,1.0,1.0,8.0,56.0,448.0,73.0,171,0.0027396,1.7919238710135567e-18
1488991049205644303,8,persistence,validation,64,ok,117,7488,0.33275090347463854,0.3626349820808059,0.0,0.0,0.0,0.0,1.0,1.0,1.0,1.0,8.0,1.0,0,7e-06,0.9388805394856881
1488991049205644303,8,raw_ar,validation,64,ok,117,7488,0.19234815359651866,0.23758365682584617,0.0,0.0,0.0,0.0,1.0,1.0,56.0,56.0,448.0,56.0,57,0.0081256,1.6242076772099212
1488991049205644303,8,raw_matched,validation,64,ok,117,7488,2.454468810902149,2.267882100280037,17.299145299145298,0.358974358974359,0.41025641025641024,0.39316239316239315,1.0,1.0,56.0,56.0,448.0,56.0,171,0.0017451,0.12728348650467883
1488991049205644303,8,vectorchain_absolute,validation,64,ok,117,7488,0.3124303474715251,0.3654025982482137,16.794871794871796,0.0,0.0,0.0,1.0,1.0,8.0,40.0,320.0,105.28205128205128,123,0.0022426,0.9999455888230963
1488991049205644303,8,vectorchain_cartesian,validation,64,ok,117,7488,0.3089477713028039,0.35807255128271376,16.871794871794872,0.0,0.0,0.0,1.0,1.0,8.0,24.0,192.0,105.28205128205128,75,0.0022765,1.0112173538303928
1488991049205644303,8,vectorchain_relational,validation,64,ok,117,7488,0.31241334776861873,0.3653536449759572,16.794871794871796,0.0,0.0,0.0,1.0,1.0,8.0,56.0,448.0,105.28205128205128,171,0.0022664,1.0
1488991049205644303,8,fixed_relational,validation,128,ok,117,14976,1.3837535333958572e+44,1.3409257614134285e+44,33.452991452991455,0.5555555555555556,0.5555555555555556,0.5555555555555556,1.0,1.0,8.0,56.0,448.0,73.0,171,0.0027396,4.637913069598499e-45
1488991049205644303,8,persistence,validation,128,ok,117,14976,0.611062412498995,0.6130106614932399,0.0,0.0,0.0,0.0,1.0,1.0,1.0,1.0,8.0,1.0,0,7e-06,1.0502574641097409
1488991049205644303,8,raw_ar,validation,128,ok,117,14976,0.49886017828486506,0.525382009806607,0.0,0.0,0.0,0.0,1.0,1.0,56.0,56.0,448.0,56.0,57,0.0081256,1.2864784316328055
1488991049205644303,8,raw_matched,validation,128,ok,117,14976,53.38379617527978,29.28034134264335,17.299145299145298,0.358974358974359,0.41025641025641024,0.39316239316239315,1.0,1.0,56.0,56.0,448.0,56.0,171,0.0017451,0.012021866291726142
1488991049205644303,8,vectorchain_absolute,validation,128,ok,117,14976,0.6417809028731779,0.7219961032212174,16.794871794871796,0.0,0.0,0.0,1.0,1.0,8.0,40.0,320.0,105.28205128205128,123,0.0022426,0.9999874675155228
1488991049205644303,8,vectorchain_cartesian,validation,128,ok,117,14976,0.6363079016349305,0.7222738498146838,16.871794871794872,0.0,0.0,0.0,1.0,1.0,8.0,24.0,192.0,105.28205128205128,75,0.0022765,1.0085885435572979
1488991049205644303,8,vectorchain_relational,validation,128,ok,117,14976,0.6417728597639749,0.721963007178603,16.794871794871796,0.0,0.0,0.0,1.0,1.0,8.0,56.0,448.0,105.28205128205128,171,0.0022664,1.0
1488991049205644303,16,fixed_relational,test,16,ok,83,1328,112.63685984343095,88.52483729081605,64.98795180722891,0.7349397590361446,0.7349397590361446,0.7469879518072289,1.0,1.0,16.0,112.0,896.0,145.0,339,0.0105906,0.0010067049951692963
1488991049205644303,16,persistence,test,16,ok,83,1328,0.10130249932817585,0.11186027816251698,0.0,0.0,0.0,0.0,1.0,1.0,1.0,1.0,8.0,1.0,0,6.5e-06,1.1193414791990968
1488991049205644303,16,raw_ar,test,16,ok,83,1328,0.02460647350466491,0.02942266368023481,0.0,0.0,0.0,0.0,1.0,1.0,112.0,112.0,896.0,112.0,113,0.0095421,4.608221873933659
1488991049205644303,16,raw_matched,test,16,ok,83,1328,0.3099267883976519,0.2678964710022138,35.81927710843374,0.6385542168674698,0.6265060240963856,0.6867469879518072,1.0,1.0,112.0,112.0,896.0,112.0,339,0.0022783,0.36586733928619947
1488991049205644303,16,vectorchain_absolute,test,16,ok,83,1328,0.11347721602366093,0.11509443980895366,15.44578313253012,0.012048192771084338,0.0,0.024096385542168676,1.0,1.0,16.0,80.0,640.0,204.06024096385542,243,0.0023852,0.9992498354993365
1488991049205644303,16,vectorchain_cartesian,test,16,ok,83,1328,0.11125659038710538,0.11146751418424704,15.72289156626506,0.012048192771084338,0.0,0.012048192771084338,1.0,1.0,16.0,48.0,384.0,204.06024096385542,147,0.0023691,1.0191943600826723
1488991049205644303,16,vectorchain_relational,test,16,ok,83,1328,0.11339208944456586,0.11485922771948834,15.44578313253012,0.012048192771084338,0.0,0.024096385542168676,1.0,1.0,16.0,112.0,896.0,204.06024096385542,339,0.0023545,1.0
1488991049205644303,16,fixed_relational,test,64,ok,83,5312,2.2199961227050644e+23,3.471858489864967e+23,64.98795180722891,0.7349397590361446,0.7349397590361446,0.7469879518072289,1.0,1.0,16.0,112.0,896.0,145.0,339,0.0105906,1.7914197359101457e-24
1488991049205644303,16,persistence,test,64,ok,83,5312,0.37218179041788263,0.3815581138625544,0.0,0.0,0.0,0.0,1.0,1.0,1.0,1.0,8.0,1.0,0,6.5e-06,1.0685490183151014
1488991049205644303,16,raw_ar,test,64,ok,83,5312,0.1395107801694241,0.17750016956406928,0.0,0.0,0.0,0.0,1.0,1.0,112.0,112.0,896.0,112.0,113,0.0095421,2.850636246910948
1488991049205644303,16,raw_matched,test,64,ok,83,5312,6.21806398220823,5.880659510615867,35.81927710843374,0.6385542168674698,0.6265060240963856,0.6867469879518072,1.0,1.0,112.0,112.0,896.0,112.0,339,0.0022783,0.06395792772858402
1488991049205644303,16,vectorchain_absolute,test,64,ok,83,5312,0.39793564382812413,0.42081524249113467,15.44578313253012,0.012048192771084338,0.0,0.024096385542168676,1.0,1.0,16.0,80.0,640.0,204.06024096385542,243,0.0023852,0.9993939797902524
1488991049205644303,16,vectorchain_cartesian,test,64,ok,83,5312,0.3782092481871932,0.4073418672254418,15.72289156626506,0.012048192771084338,0.0,0.012048192771084338,1.0,1.0,16.0,48.0,384.0,204.06024096385542,147,0.0023691,1.0515197306570039
1488991049205644303,16,vectorchain_relational,test,64,ok,83,5312,0.39769448678578534,0.4204323551809493,15.44578313253012,0.012048192771084338,0.0,0.024096385542168676,1.0,1.0,16.0,112.0,896.0,204.06024096385542,339,0.0023545,1.0
1488991049205644303,16,fixed_relational,test,128,ok,83,10624,9.848925124060051e+51,2.1782796440462432e+52,64.98795180722891,0.7349397590361446,0.7349397590361446,0.7469879518072289,1.0,1.0,16.0,112.0,896.0,145.0,339,0.0105906,7.126047768871278e-53
1488991049205644303,16,persistence,test,128,ok,83,10624,0.5930898023013137,0.5100509695935831,0.0,0.0,0.0,0.0,1.0,1.0,1.0,1.0,8.0,1.0,0,6.5e-06,1.18336060801855
1488991049205644303,16,raw_ar,test,128,ok,83,10624,0.4078504043910254,0.4804308604600406,0.0,0.0,0.0,0.0,1.0,1.0,112.0,112.0,896.0,112.0,113,0.0095421,1.7208248453469668
1488991049205644303,16,raw_matched,test,128,ok,83,10624,262.8081761885164,309.45470020026175,35.81927710843374,0.6385542168674698,0.6265060240963856,0.6867469879518072,1.0,1.0,112.0,112.0,896.0,112.0,339,0.0022783,0.0026705375732201113
1488991049205644303,16,vectorchain_absolute,test,128,ok,83,10624,0.7019781803596731,0.6114218347526863,15.44578313253012,0.012048192771084338,0.0,0.024096385542168676,1.0,1.0,16.0,80.0,640.0,204.06024096385542,243,0.0023852,0.9998018865789849
1488991049205644303,16,vectorchain_cartesian,test,128,ok,83,10624,0.6890821855061674,0.6542580361803205,15.72289156626506,0.012048192771084338,0.0,0.012048192771084338,1.0,1.0,16.0,48.0,384.0,204.06024096385542,147,0.0023691,1.0185129202626912
1488991049205644303,16,vectorchain_relational,test,128,ok,83,10624,0.7018391090608841,0.6113756613779746,15.44578313253012,0.012048192771084338,0.0,0.024096385542168676,1.0,1.0,16.0,112.0,896.0,204.06024096385542,339,0.0023545,1.0
1488991049205644303,16,fixed_relational,validation,16,ok,117,1872,35.41732265943354,26.439031780917325,45.55555555555556,0.5299145299145299,0.5128205128205128,0.5384615384615384,1.0,1.0,16.0,112.0,896.0,145.0,339,0.0027941,0.003387695169168584
1488991049205644303,16,persistence,validation,16,ok,117,1872,0.08418280966883215,0.09124691837779256,0.0,0.0,0.0,0.0,1.0,1.0,1.0,1.0,8.0,1.0,0,6.3e-06,1.4252683338825476
1488991049205644303,16,raw_ar,validation,16,ok,117,1872,0.025569895915618486,0.028261392492431706,0.0,0.0,0.0,0.0,1.0,1.0,112.0,112.0,896.0,112.0,113,0.0081499,4.692357500171149
1488991049205644303,16,raw_matched,validation,16,ok,117,1872,0.20193515903217543,0.18499929942462734,32.81196581196581,0.5726495726495726,0.5555555555555556,0.5897435897435898,1.0,1.0,112.0,112.0,896.0,112.0,339,0.0019351,0.594166431706578
1488991049205644303,16,vectorchain_absolute,validation,16,ok,117,1872,0.11998152245455697,0.11103202124769654,15.401709401709402,0.0,0.0,0.06837606837606838,1.0,1.0,16.0,80.0,640.0,211.43589743589743,243,0.0021821,1.0000130888795118
1488991049205644303,16,vectorchain_cartesian,validation,16,ok,117,1872,0.12079844426239897,0.10658927141688405,15.666666666666666,0.017094017094017096,0.0,0.03418803418803419,1.0,1.0,16.0,48.0,384.0,211.43589743589743,147,0.0021855,0.993250315522443
1488991049205644303,16,vectorchain_relational,validation,16,ok,117,1872,0.11998309287824803,0.11103285307777763,15.393162393162394,0.0,0.0,0.06837606837606838,1.0,1.0,16.0,112.0,896.0,211.43589743589743,339,0.0022009,1.0
1488991049205644303,16,fixed_relational,validation,64,ok,117,7488,6.900093757318591e+22,1.0259901345841047e+23,45.55555555555556,0.5299145299145299,0.5128205128205128,0.5384615384615384,1.0,1.0,16.0,112.0,896.0,145.0,339,0.0027941,6.132017539619723e-24
1488991049205644303,16,persistence,validation,64,ok,117,7488,0.33275090347463854,0.3626349820808059,0.0,0.0,0.0,0.0,1.0,1.0,1.0,1.0,8.0,1.0,0,6.3e-06,1.271566673540919
1488991049205644303,16,raw_ar,validation,64,ok,117,7488,0.14627623007005386,0.17733539992349187,0.0,0.0,0.0,0.0,1.0,1.0,112.0,112.0,896.0,112.0,113,0.0081499,2.892574953882429
1488991049205644303,16,raw_matched,validation,64,ok,117,7488,6.678124106163865,5.387380993992378,32.81196581196581,0.5726495726495726,0.5555555555555556,0.5897435897435898,1.0,1.0,112.0,112.0,896.0,112.0,339,0.0019351,0.06335835523907818
1488991049205644303,16,vectorchain_absolute,validation,64,ok,117,7488,0.4230516741394469,0.43168246908559366,15.401709401709402,0.0,0.0,0.06837606837606838,1.0,1.0,16.0,80.0,640.0,211.43589743589743,243,0.0021821,1.00014959238647
1488991049205644303,16,vectorchain_cartesian,validation,64,ok,117,7488,0.37052382370579406,0.3792959575090131,15.666666666666666,0.017094017094017096,0.0,0.03418803418803419,1.0,1.0,16.0,48.0,384.0,211.43589743589743,147,0.0021855,1.1419372584931173
1488991049205644303,16,vectorchain_relational,validation,64,ok,117,7488,0.4231149594489816,0.4317167128451349,15.393162393162394,0.0,0.0,0.06837606837606838,1.0,1.0,16.0,112.0,896.0,211.43589743589743,339,0.0022009,1.0
1488991049205644303,16,fixed_relational,validation,128,ok,117,14976,3.0611993448848855e+51,6.437167389339009e+51,45.55555555555556,0.5299145299145299,0.5128205128205128,0.5384615384615384,1.0,1.0,16.0,112.0,896.0,145.0,339,0.0027941,2.487459872540619e-52
1488991049205644303,16,persistence,validation,128,ok,117,14976,0.611062412498995,0.6130106614932399,0.0,0.0,0.0,0.0,1.0,1.0,1.0,1.0,8.0,1.0,0,6.3e-06,1.2461264801263339
1488991049205644303,16,raw_ar,validation,128,ok,117,14976,0.3777267079906104,0.4156432963404551,0.0,0.0,0.0,0.0,1.0,1.0,112.0,112.0,896.0,112.0,113,0.0081499,2.015904719249577
1488991049205644303,16,raw_matched,validation,128,ok,117,14976,288.9489832675645,293.953836911408,32.81196581196581,0.5726495726495726,0.5555555555555556,0.5897435897435898,1.0,1.0,112.0,112.0,896.0,112.0,339,0.0019351,0.0026352785346878053
1488991049205644303,16,vectorchain_absolute,validation,128,ok,117,14976,0.7614716399317095,0.6942570110164711,15.401709401709402,0.0,0.0,0.06837606837606838,1.0,1.0,16.0,80.0,640.0,211.43589743589743,243,0.0021821,0.9999860970438347
1488991049205644303,16,vectorchain_cartesian,validation,128,ok,117,14976,0.697165321724262,0.6528148269178078,15.666666666666666,0.017094017094017096,0.0,0.03418803418803419,1.0,1.0,16.0,48.0,384.0,211.43589743589743,147,0.0021855,1.0922245118870761
1488991049205644303,16,vectorchain_relational,validation,128,ok,117,14976,0.7614610532248784,0.6943557009577417,15.393162393162394,0.0,0.0,0.06837606837606838,1.0,1.0,16.0,112.0,896.0,211.43589743589743,339,0.0022009,1.0
2506524397075762905,4,fixed_relational,test,16,ok,80,1280,275.7021852419098,146.07300156935983,66.1,0.95,0.9375,0.95,1.0,1.0,4.0,28.0,224.0,37.0,87,0.008521299999999999,0.00028816798202084
2506524397075762905,4,persistence,test,16,ok,80,1280,0.09327995130017827,0.09684148322410767,0.0,0.0,0.0,0.0,1.0,1.0,1.0,1.0,8.0,1.0,0,6.15e-06,0.8517215248561683
2506524397075762905,4,raw_ar,test,16,ok,80,1280,0.03669002739649315,0.042799861365199324,0.0,0.0,0.0,0.0,1.0,1.0,28.0,28.0,224.0,28.0,29,0.0095252,2.1653988289878106
2506524397075762905,4,raw_matched,test,16,ok,80,1280,0.23143375405215696,0.21703453784939902,19.75,0.45,0.45,0.45,1.0,1.0,28.0,28.0,224.0,28.0,87,0.0021618,0.3432884830705899
2506524397075762905,4,vectorchain_absolute,test,16,ok,80,1280,0.07947583729651533,0.07541336159020873,19.3375,0.0,0.0,0.0,1.0,1.0,4.0,20.0,160.0,52.6375,63,0.0027536,0.9996565630819775
2506524397075762905,4,vectorchain_cartesian,test,16,ok,80,1280,0.08019321792694116,0.07515686830374893,19.2375,0.0,0.0,0.0,1.0,1.0,4.0,12.0,96.0,52.6375,39,0.0027446,0.9907139832233366
2506524397075762905,4,vectorchain_relational,test,16,ok,80,1280,0.07944854235989696,0.07539105872443927,19.3375,0.0,0.0,0.0,1.0,1.0,4.0,28.0,224.0,52.6375,87,0.00276475,1.0
2506524397075762905,4,fixed_relational,test,64,ok,80,5120,9.6194591873045e+27,1.0174430100389257e+28,66.1,0.95,0.9375,0.95,1.0,1.0,4.0,28.0,224.0,37.0,87,0.008521299999999999,3.1578078165175175e-29
2506524397075762905,4,persistence,test,64,ok,80,5120,0.3408758242881175,0.3456571704988545,0.0,0.0,0.0,0.0,1.0,1.0,1.0,1.0,8.0,1.0,0,6.15e-06,0.8911281249052861
2506524397075762905,4,raw_ar,test,64,ok,80,5120,0.24253438009305323,0.2850449978100464,0.0,0.0,0.0,0.0,1.0,1.0,28.0,28.0,224.0,28.0,29,0.0095252,1.2524576268604424
2506524397075762905,4,raw_matched,test,64,ok,80,5120,2.664934451297414,3.138619400187501,19.75,0.45,0.45,0.45,1.0,1.0,28.0,28.0,224.0,28.0,87,0.0021618,0.11398555562052474
2506524397075762905,4,vectorchain_absolute,test,64,ok,80,5120,0.30381279694629915,0.34595768822059736,19.3375,0.0,0.0,0.0,1.0,1.0,4.0,20.0,160.0,52.6375,63,0.0027536,0.9998394971397673
2506524397075762905,4,vectorchain_cartesian,test,64,ok,80,5120,0.30217869710260076,0.3406426498742321,19.2375,0.0,0.0,0.0,1.0,1.0,4.0,12.0,96.0,52.6375,39,0.0027446,1.0052463560006513
2506524397075762905,4,vectorchain_relational,test,64,ok,80,5120,0.30376403412341396,0.3458624531617685,19.3375,0.0,0.0,0.0,1.0,1.0,4.0,28.0,224.0,52.6375,87,0.00276475,1.0
2506524397075762905,4,fixed_relational,test,128,ok,80,10240,1.952101798045324e+62,2.9199599574412803e+62,66.1,0.95,0.9375,0.95,1.0,1.0,4.0,28.0,224.0,37.0,87,0.008521299999999999,3.435569504475126e-63
2506524397075762905,4,persistence,test,128,ok,80,10240,0.5855040635649482,0.5401056943061626,0.0,0.0,0.0,0.0,1.0,1.0,1.0,1.0,8.0,1.0,0,6.15e-06,1.1454372094638137
2506524397075762905,4,raw_ar,test,128,ok,80,10240,0.646652970352094,0.7122875426084305,0.0,0.0,0.0,0.0,1.0,1.0,28.0,28.0,224.0,28.0,29,0.0095252,1.037122183687478
2506524397075762905,4,raw_matched,test,128,ok,80,10240,5.70448995103887,7.7314310488950415,19.75,0.45,0.45,0.45,1.0,1.0,28.0,28.0,224.0,28.0,87,0.0021618,0.117566714369866
2506524397075762905,4,vectorchain_absolute,test,128,ok,80,10240,0.6707356194205235,0.7777728208980837,19.3375,0.0,0.0,0.0,1.0,1.0,4.0,20.0,160.0,52.6375,63,0.0027536,0.9998844869443003
2506524397075762905,4,vectorchain_cartesian,test,128,ok,80,10240,0.6545205666643383,0.7351346617497778,19.2375,0.0,0.0,0.0,1.0,1.0,4.0,12.0,96.0,52.6375,39,0.0027446,1.0246555644805204
2506524397075762905,4,vectorchain_relational,test,128,ok,80,10240,0.6706581406995576,0.7776429019232766,19.3375,0.0,0.0,0.0,1.0,1.0,4.0,28.0,224.0,52.6375,87,0.00276475,1.0
2506524397075762905,4,fixed_relational,validation,16,ok,119,1904,3.5136530663167433,2.0767967868647363,66.3529411764706,0.9327731092436975,0.9327731092436975,0.9327731092436975,1.0,1.0,4.0,28.0,224.0,37.0,87,0.0084941,0.018539756453678672
2506524397075762905,4,persistence,validation,16,ok,119,1904,0.08880059813795943,0.09212268418794546,0.0,0.0,0.0,0.0,1.0,1.0,1.0,1.0,8.0,1.0,0,6.1e-06,0.7335792041741602
2506524397075762905,4,raw_ar,validation,16,ok,119,1904,0.034269364623963273,0.03795599470771881,0.0,0.0,0.0,0.0,1.0,1.0,28.0,28.0,224.0,28.0,29,0.0081445,1.9008894044881754
2506524397075762905,4,raw_matched,validation,16,ok,119,1904,0.11808477622483395,0.1293182303626712,17.722689075630253,0.2773109243697479,0.2773109243697479,0.2773109243697479,1.0,1.0,28.0,28.0,224.0,28.0,87,0.0017534,0.5516568197428136
2506524397075762905,4,vectorchain_absolute,validation,16,ok,119,1904,0.06515753172402976,0.06575367186463789,18.974789915966387,0.0,0.0,0.0,1.0,1.0,4.0,20.0,160.0,48.42857142857143,63,0.0024975,0.9997658043300245
2506524397075762905,4,vectorchain_cartesian,validation,16,ok,119,1904,0.0634542791288158,0.06684736301157185,18.907563025210084,0.0,0.0,0.0,1.0,1.0,4.0,12.0,96.0,48.42857142857143,39,0.0024964,1.0266017202715545
2506524397075762905,4,vectorchain_relational,validation,16,ok,119,1904,0.0651422721122337,0.06575447798339062,18.974789915966387,0.0,0.0,0.0,1.0,1.0,4.0,28.0,224.0,48.42857142857143,87,0.0025261,1.0
2506524397075762905,4,fixed_relational,validation,64,ok,119,7616,1.121784680933596e+26,1.1988776750303815e+26,66.3529411764706,0.9327731092436975,0.9327731092436975,0.9327731092436975,1.0,1.0,4.0,28.0,224.0,37.0,87,0.0084941,2.5256004042675863e-27
2506524397075762905,4,persistence,validation,64,ok,119,7616,0.32789581376776056,0.3506998921385002,0.0,0.0,0.0,0.0,1.0,1.0,1.0,1.0,8.0,1.0,0,6.1e-06,0.8640487998647453
2506524397075762905,4,raw_ar,validation,64,ok,119,7616,0.21890883034211336,0.2575115163415861,0.0,0.0,0.0,0.0,1.0,1.0,28.0,28.0,224.0,28.0,29,0.0081445,1.2942282132883116
2506524397075762905,4,raw_matched,validation,64,ok,119,7616,2.4802423147565467,2.661349825861036,17.722689075630253,0.2773109243697479,0.2773109243697479,0.2773109243697479,1.0,1.0,28.0,28.0,224.0,28.0,87,0.0017534,0.11422996159732772
2506524397075762905,4,vectorchain_absolute,validation,64,ok,119,7616,0.2833500587273652,0.3487281327408764,18.974789915966387,0.0,0.0,0.0,1.0,1.0,4.0,20.0,160.0,48.42857142857143,63,0.0024975,0.9998868030562559
2506524397075762905,4,vectorchain_cartesian,validation,64,ok,119,7616,0.28420516331016715,0.3449308090233666,18.907563025210084,0.0,0.0,0.0,1.0,1.0,4.0,12.0,96.0,48.42857142857143,39,0.0024964,0.9968783855538493
2506524397075762905,4,vectorchain_relational,validation,64,ok,119,7616,0.2833179843667075,0.34869858019546196,18.974789915966387,0.0,0.0,0.0,1.0,1.0,4.0,28.0,224.0,48.42857142857143,87,0.0025261,1.0
2506524397075762905,4,fixed_relational,validation,128,ok,119,15232,2.2764667715319106e+60,3.440659394777726e+60,66.3529411764706,0.9327731092436975,0.9327731092436975,0.9327731092436975,1.0,1.0,4.0,28.0,224.0,37.0,87,0.0084941,2.769242079628108e-61
2506524397075762905,4,persistence,validation,128,ok,119,15232,0.5728040434839418,0.5663487081089451,0.0,0.0,0.0,0.0,1.0,1.0,1.0,1.0,8.0,1.0,0,6.1e-06,1.1005661793618333
2506524397075762905,4,raw_ar,validation,128,ok,119,15232,0.5730984968208832,0.6315271768624459,0.0,0.0,0.0,0.0,1.0,1.0,28.0,28.0,224.0,28.0,29,0.0081445,1.1000007174284385
2506524397075762905,4,raw_matched,validation,128,ok,119,15232,5.518108918823073,6.79378632556068,17.722689075630253,0.2773109243697479,0.2773109243697479,0.2773109243697479,1.0,1.0,28.0,28.0,224.0,28.0,87,0.0017534,0.1142436234829862
2506524397075762905,4,vectorchain_absolute,validation,128,ok,119,15232,0.6304594640180203,0.7568227048009065,18.974789915966387,0.0,0.0,0.0,1.0,1.0,4.0,20.0,160.0,48.42857142857143,63,0.0024975,0.9999195723741445
2506524397075762905,4,vectorchain_cartesian,validation,128,ok,119,15232,0.6246686183324999,0.7261015043632791,18.907563025210084,0.0,0.0,0.0,1.0,1.0,4.0,12.0,96.0,48.42857142857143,39,0.0024964,1.0091890950804512
2506524397075762905,4,vectorchain_relational,validation,128,ok,119,15232,0.6304087576601313,0.7567714734250476,18.974789915966387,0.0,0.0,0.0,1.0,1.0,4.0,28.0,224.0,48.42857142857143,87,0.0025261,1.0
2506524397075762905,8,fixed_relational,test,16,ok,80,1280,159.709638342474,74.11921574894919,61.6,0.9375,0.9375,0.9375,1.0,1.0,8.0,56.0,448.0,73.0,171,0.007515849999999999,0.00051224680433657
2506524397075762905,8,persistence,test,16,ok,80,1280,0.09327995130017827,0.09684148322410767,0.0,0.0,0.0,0.0,1.0,1.0,1.0,1.0,8.0,1.0,0,5.1e-06,0.8770453963833198
2506524397075762905,8,raw_ar,test,16,ok,80,1280,0.028697989125814425,0.03396065924853435,0.0,0.0,0.0,0.0,1.0,1.0,56.0,56.0,448.0,56.0,57,0.0093584,2.8507485839518694
2506524397075762905,8,raw_matched,test,16,ok,80,1280,0.1789696741634772,0.18115374569941825,17.0125,0.425,0.4125,0.45,1.0,1.0,56.0,56.0,448.0,56.0,171,0.0019279,0.4571207510159112
2506524397075762905,8,vectorchain_absolute,test,16,ok,80,1280,0.08182634898715842,0.08944384409137796,19.95,0.0,0.0,0.0,1.0,1.0,8.0,40.0,320.0,103.275,123,0.0028650999999999998,0.999809387505738
2506524397075762905,8,vectorchain_cartesian,test,16,ok,80,1280,0.07543373638548227,0.08014276391972007,20.4,0.0,0.0,0.0,1.0,1.0,8.0,24.0,192.0,103.275,75,0.0029026,1.0845379770744943
2506524397075762905,8,vectorchain_relational,test,16,ok,80,1280,0.08181075186268162,0.08942320488978102,19.95,0.0,0.0,0.0,1.0,1.0,8.0,56.0,448.0,103.275,171,0.002894,1.0
2506524397075762905,8,fixed_relational,test,64,ok,80,5120,1.7430151294214047e+29,1.610068757377508e+29,61.6,0.9375,0.9375,0.9375,1.0,1.0,8.0,56.0,448.0,73.0,171,0.007515849999999999,2.059084511176438e-30
2506524397075762905,8,persistence,test,64,ok,80,5120,0.3408758242881175,0.3456571704988545,0.0,0.0,0.0,0.0,1.0,1.0,1.0,1.0,8.0,1.0,0,5.1e-06,1.0528806093048932
2506524397075762905,8,raw_ar,test,64,ok,80,5120,0.19109883950401704,0.23525395604036614,0.0,0.0,0.0,0.0,1.0,1.0,56.0,56.0,448.0,56.0,57,0.0093584,1.8780937995504494
2506524397075762905,8,raw_matched,test,64,ok,80,5120,2.8538231943376946,3.391304543622129,17.0125,0.425,0.4125,0.45,1.0,1.0,56.0,56.0,448.0,56.0,171,0.0019279,0.12576166115892598
2506524397075762905,8,vectorchain_absolute,test,64,ok,80,5120,0.35894774802540874,0.41557231963122626,19.95,0.0,0.0,0.0,1.0,1.0,8.0,40.0,320.0,103.275,123,0.0028650999999999998,0.9998712836286563
2506524397075762905,8,vectorchain_cartesian,test,64,ok,80,5120,0.3151104949945247,0.37588800199265027,20.4,0.0,0.0,0.0,1.0,1.0,8.0,24.0,192.0,103.275,75,0.0029026,1.13897046044124
2506524397075762905,8,vectorchain_relational,test,64,ok,80,5120,0.3589015455737809,0.41552324955837017,19.95,0.0,0.0,0.0,1.0,1.0,8.0,56.0,448.0,103.275,171,0.002894,1.0
2506524397075762905,8,fixed_relational,test,128,ok,80,10240,3.467645250432904e+65,4.52994498401057e+65,61.6,0.9375,0.9375,0.9375,1.0,1.0,8.0,56.0,448.0,73.0,171,0.007515849999999999,2.2072002817905675e-66
2506524397075762905,8,persistence,test,128,ok,80,10240,0.5855040635649482,0.5401056943061626,0.0,0.0,0.0,0.0,1.0,1.0,1.0,1.0,8.0,1.0,0,5.1e-06,1.30721339956272
2506524397075762905,8,raw_ar,test,128,ok,80,10240,0.5343063303460216,0.6047089541023091,0.0,0.0,0.0,0.0,1.0,1.0,56.0,56.0,448.0,56.0,57,0.0093584,1.432471812368116
2506524397075762905,8,raw_matched,test,128,ok,80,10240,8.072677767775623,8.684219318066985,17.0125,0.425,0.4125,0.45,1.0,1.0,56.0,56.0,448.0,56.0,171,0.0019279,0.09481101307496116
2506524397075762905,8,vectorchain_absolute,test,128,ok,80,10240,0.7654491638449646,0.9073110928645463,19.95,0.0,0.0,0.0,1.0,1.0,8.0,40.0,320.0,103.275,123,0.0028650999999999998,0.9999080194247151
2506524397075762905,8,vectorchain_cartesian,test,128,ok,80,10240,0.7024354775834678,0.8771962195605074,20.4,0.0,0.0,0.0,1.0,1.0,8.0,24.0,192.0,103.275,75,0.0029026,1.0896072049543877
2506524397075762905,8,vectorchain_relational,test,128,ok,80,10240,0.7653787573905229,0.907215829556776,19.95,0.0,0.0,0.0,1.0,1.0,8.0,56.0,448.0,103.275,171,0.002894,1.0
2506524397075762905,8,fixed_relational,validation,16,ok,119,1904,26.201977530993936,10.457213980170934,66.33613445378151,0.8907563025210085,0.8823529411764706,0.8907563025210085,1.0,1.0,8.0,56.0,448.0,73.0,171,0.0086307,0.0030073345897256307
2506524397075762905,8,persistence,validation,16,ok,119,1904,0.08880059813795943,0.09212268418794546,0.0,0.0,0.0,0.0,1.0,1.0,1.0,1.0,8.0,1.0,0,5.1e-06,0.8873601642384451
2506524397075762905,8,raw_ar,validation,16,ok,119,1904,0.027486873129050394,0.03089671329032331,0.0,0.0,0.0,0.0,1.0,1.0,56.0,56.0,448.0,56.0,57,0.0079808,2.866754358642981
2506524397075762905,8,raw_matched,validation,16,ok,119,1904,0.133728094009941,0.13844638938881906,16.436974789915965,0.3277310924369748,0.3697478991596639,0.3445378151260504,1.0,1.0,56.0,56.0,448.0,56.0,171,0.0017022,0.5892412804620859
2506524397075762905,8,vectorchain_absolute,validation,16,ok,119,1904,0.07880762775440131,0.07968566772824366,19.537815126050422,0.0,0.0,0.0,1.0,1.0,8.0,40.0,320.0,94.84033613445378,123,0.0026039,0.9998792704906799
2506524397075762905,8,vectorchain_cartesian,validation,16,ok,119,1904,0.07347734239053344,0.07694379161519965,20.025210084033613,0.0,0.0,0.0,1.0,1.0,8.0,24.0,192.0,94.84033613445378,75,0.0026391,1.072413764359609
2506524397075762905,8,vectorchain_relational,validation,16,ok,119,1904,0.07879811334817184,0.07968013695776326,19.537815126050422,0.0,0.0,0.0,1.0,1.0,8.0,56.0,448.0,94.84033613445378,171,0.0026175,1.0
2506524397075762905,8,fixed_relational,validation,64,ok,119,7616,2.805152488152214e+28,2.1719735975641704e+28,66.33613445378151,0.8907563025210085,0.8823529411764706,0.8907563025210085,1.0,1.0,8.0,56.0,448.0,73.0,171,0.0086307,1.1625592500203991e-29
2506524397075762905,8,persistence,validation,64,ok,119,7616,0.32789581376776056,0.3506998921385002,0.0,0.0,0.0,0.0,1.0,1.0,1.0,1.0,8.0,1.0,0,5.1e-06,0.9945707861732204
2506524397075762905,8,raw_ar,validation,64,ok,119,7616,0.17455540698380764,0.21626476488336582,0.0,0.0,0.0,0.0,1.0,1.0,56.0,56.0,448.0,56.0,57,0.0079808,1.868264082545212
2506524397075762905,8,raw_matched,validation,64,ok,119,7616,1.912669941619876,2.0356015645395136,16.436974789915965,0.3277310924369748,0.3697478991596639,0.3445378151260504,1.0,1.0,56.0,56.0,448.0,56.0,171,0.0017022,0.17050280876255947
2506524397075762905,8,vectorchain_absolute,validation,64,ok,119,7616,0.326148131949253,0.3921847888099197,19.537815126050422,0.0,0.0,0.0,1.0,1.0,8.0,40.0,320.0,94.84033613445378,123,0.0026039,0.99990024573451
2506524397075762905,8,vectorchain_cartesian,validation,64,ok,119,7616,0.30285610565176424,0.38092776127600314,20.025210084033613,0.0,0.0,0.0,1.0,1.0,8.0,24.0,192.0,94.84033613445378,75,0.0026391,1.0768004712339856
2506524397075762905,8,vectorchain_relational,validation,64,ok,119,7616,0.3261155972819095,0.3922003746501745,19.537815126050422,0.0,0.0,0.0,1.0,1.0,8.0,56.0,448.0,94.84033613445378,171,0.0026175,1.0
2506524397075762905,8,fixed_relational,validation,128,ok,119,15232,5.580716398349919e+64,6.110869648576518e+64,66.33613445378151,0.8907563025210085,0.8823529411764706,0.8907563025210085,1.0,1.0,8.0,56.0,448.0,73.0,171,0.0086307,1.2853145241974178e-65
2506524397075762905,8,persistence,validation,128,ok,119,15232,0.5728040434839418,0.5663487081089451,0.0,0.0,0.0,0.0,1.0,1.0,1.0,1.0,8.0,1.0,0,5.1e-06,1.2522564957115119
2506524397075762905,8,raw_ar,validation,128,ok,119,15232,0.47815440193493153,0.5430620138842663,0.0,0.0,0.0,0.0,1.0,1.0,56.0,56.0,448.0,56.0,57,0.0079808,1.500137991661106
2506524397075762905,8,raw_matched,validation,128,ok,119,15232,6.627915216508662,7.468007818393601,16.436974789915965,0.3277310924369748,0.3697478991596639,0.3445378151260504,1.0,1.0,56.0,56.0,448.0,56.0,171,0.0017022,0.10822371149769036
2506524397075762905,8,vectorchain_absolute,validation,128,ok,119,15232,0.7173649104981341,0.8595385174941619,19.537815126050422,0.0,0.0,0.0,1.0,1.0,8.0,40.0,320.0,94.84033613445378,123,0.0026039,0.9999061477993091
2506524397075762905,8,vectorchain_cartesian,validation,128,ok,119,15232,0.6732242685224593,0.8548739055993066,20.025210084033613,0.0,0.0,0.0,1.0,1.0,8.0,24.0,192.0,94.84033613445378,75,0.0026391,1.0654660233756201
2506524397075762905,8,vectorchain_relational,validation,128,ok,119,15232,0.7172975842225854,0.8594674147928979,19.537815126050422,0.0,0.0,0.0,1.0,1.0,8.0,56.0,448.0,94.84033613445378,171,0.0026175,1.0
2506524397075762905,16,fixed_relational,test,16,ok,80,1280,16555.45203519731,8741.679560557252,65.9,0.725,0.7125,0.725,1.0,1.0,16.0,112.0,896.0,145.0,339,0.0103776,7.591040014989769e-06
2506524397075762905,16,persistence,test,16,ok,80,1280,0.09327995130017827,0.09684148322410767,0.0,0.0,0.0,0.0,1.0,1.0,1.0,1.0,8.0,1.0,0,5.1e-06,1.3472680582883882
2506524397075762905,16,raw_ar,test,16,ok,80,1280,0.0237115166662012,0.028186058069213277,0.0,0.0,0.0,0.0,1.0,1.0,112.0,112.0,896.0,112.0,113,0.009369849999999999,5.300086900158655
2506524397075762905,16,raw_matched,test,16,ok,80,1280,0.1591462917473438,0.14422570436063437,18.425,0.6,0.5625,0.7,1.0,1.0,112.0,112.0,896.0,112.0,339,0.0019603,0.7896702931975424
2506524397075762905,16,vectorchain_absolute,test,16,ok,80,1280,0.12542357370163865,0.11699677797893097,17.8,0.0375,0.0,0.1,1.0,1.0,16.0,80.0,640.0,202.4,243,0.0027448,1.0019894598473293
2506524397075762905,16,vectorchain_cartesian,test,16,ok,80,1280,0.12629125231570118,0.11728091769571032,18.7,0.0125,0.0,0.05,1.0,1.0,16.0,48.0,384.0,202.4,147,0.00285435,0.9951053343842903
2506524397075762905,16,vectorchain_relational,test,16,ok,80,1280,0.1256730988654266,0.11788631268261554,17.8,0.0375,0.0,0.1,1.0,1.0,16.0,112.0,896.0,202.4,339,0.00283145,1.0
2506524397075762905,16,fixed_relational,test,64,ok,80,5120,2.4148637232404995e+33,2.552426931991688e+33,65.9,0.725,0.7125,0.725,1.0,1.0,16.0,112.0,896.0,145.0,339,0.0103776,1.6141186920787543e-34
2506524397075762905,16,persistence,test,64,ok,80,5120,0.3408758242881175,0.3456571704988545,0.0,0.0,0.0,0.0,1.0,1.0,1.0,1.0,8.0,1.0,0,5.1e-06,1.1434887418741655
2506524397075762905,16,raw_ar,test,64,ok,80,5120,0.14334226731596772,0.1849308187077162,0.0,0.0,0.0,0.0,1.0,1.0,112.0,112.0,896.0,112.0,113,0.009369849999999999,2.719279349693375
2506524397075762905,16,raw_matched,test,64,ok,80,5120,0.6362092430920996,0.8672657317393047,18.425,0.6,0.5625,0.7,1.0,1.0,112.0,112.0,896.0,112.0,339,0.0019603,0.6126721227061955
2506524397075762905,16,vectorchain_absolute,test,64,ok,80,5120,0.38928648067622224,0.396344808964251,17.8,0.0375,0.0,0.1,1.0,1.0,16.0,80.0,640.0,202.4,243,0.0027448,1.0012874497296844
2506524397075762905,16,vectorchain_cartesian,test,64,ok,80,5120,0.3868056763972388,0.3937836212376481,18.7,0.0125,0.0,0.05,1.0,1.0,16.0,48.0,384.0,202.4,147,0.00285435,1.0077092742823075
2506524397075762905,16,vectorchain_relational,test,64,ok,80,5120,0.3897876674505386,0.39718819339078154,17.8,0.0375,0.0,0.1,1.0,1.0,16.0,112.0,896.0,202.4,339,0.00283145,1.0
2506524397075762905,16,fixed_relational,test,128,ok,80,10240,3.2839653553473633e+72,4.908787860271159e+72,65.9,0.725,0.7125,0.725,1.0,1.0,16.0,112.0,896.0,145.0,339,0.0103776,2.1159537027184657e-73
2506524397075762905,16,persistence,test,128,ok,80,10240,0.5855040635649482,0.5401056943061626,0.0,0.0,0.0,0.0,1.0,1.0,1.0,1.0,8.0,1.0,0,5.1e-06,1.186792558011959
2506524397075762905,16,raw_ar,test,128,ok,80,10240,0.4167292108922995,0.4860972730199336,0.0,0.0,0.0,0.0,1.0,1.0,112.0,112.0,896.0,112.0,113,0.009369849999999999,1.6674421834667739
2506524397075762905,16,raw_matched,test,128,ok,80,10240,1.3356080723311545,1.7145981968509147,18.425,0.6,0.5625,0.7,1.0,1.0,112.0,112.0,896.0,112.0,339,0.0019603,0.5202662964681102
2506524397075762905,16,vectorchain_absolute,test,128,ok,80,10240,0.6946736065843065,0.743591777477708,17.8,0.0375,0.0,0.1,1.0,1.0,16.0,80.0,640.0,202.4,243,0.0027448,1.0002853984064686
2506524397075762905,16,vectorchain_cartesian,test,128,ok,80,10240,0.6878563636464599,0.7678481583155385,18.7,0.0125,0.0,0.05,1.0,1.0,16.0,48.0,384.0,202.4,147,0.00285435,1.0101990794138926
2506524397075762905,16,vectorchain_relational,test,128,ok,80,10240,0.6948718653246415,0.7436279317962438,17.8,0.0375,0.0,0.1,1.0,1.0,16.0,112.0,896.0,202.4,339,0.00283145,1.0
2506524397075762905,16,fixed_relational,validation,16,ok,119,1904,3452.786975168338,1339.875953759142,66.43697478991596,0.8151260504201681,0.8151260504201681,0.8235294117647058,1.0,1.0,16.0,112.0,896.0,145.0,339,0.0087425,2.7588546627434297e-05
2506524397075762905,16,persistence,validation,16,ok,119,1904,0.08880059813795943,0.09212268418794546,0.0,0.0,0.0,0.0,1.0,1.0,1.0,1.0,8.0,1.0,0,4.9e-06,1.0727109552915277
2506524397075762905,16,raw_ar,validation,16,ok,119,1904,0.02288623308904757,0.025582415759241882,0.0,0.0,0.0,0.0,1.0,1.0,112.0,112.0,896.0,112.0,113,0.0079533,4.16221289403086
2506524397075762905,16,raw_matched,validation,16,ok,119,1904,0.15508305604599834,0.12996435321513994,17.07563025210084,0.42016806722689076,0.3865546218487395,0.5378151260504201,1.0,1.0,112.0,112.0,896.0,112.0,339,0.0017332,0.6142345713820325
2506524397075762905,16,vectorchain_absolute,validation,16,ok,119,1904,0.09527502294513518,0.09499803597991895,18.907563025210084,0.008403361344537815,0.0,0.04201680672268908,1.0,1.0,16.0,80.0,640.0,191.3109243697479,243,0.0026188,0.9998147627199646
2506524397075762905,16,vectorchain_cartesian,validation,16,ok,119,1904,0.09667627546189718,0.09202532983335322,19.445378151260503,0.0,0.0,0.008403361344537815,1.0,1.0,16.0,48.0,384.0,191.3109243697479,147,0.0026383,0.9853231726595953
2506524397075762905,16,vectorchain_relational,validation,16,ok,119,1904,0.09525737445902951,0.09498019693544799,18.899159663865547,0.008403361344537815,0.0,0.04201680672268908,1.0,1.0,16.0,112.0,896.0,191.3109243697479,339,0.002659,1.0
2506524397075762905,16,fixed_relational,validation,64,ok,119,7616,5.037639136343915e+32,3.909829372871979e+32,66.43697478991596,0.8151260504201681,0.8151260504201681,0.8235294117647058,1.0,1.0,16.0,112.0,896.0,145.0,339,0.0087425,6.513925098728367e-34
2506524397075762905,16,persistence,validation,64,ok,119,7616,0.32789581376776056,0.3506998921385002,0.0,0.0,0.0,0.0,1.0,1.0,1.0,1.0,8.0,1.0,0,4.9e-06,1.0007692270145518
2506524397075762905,16,raw_ar,validation,64,ok,119,7616,0.1306329136304593,0.1629725613828921,0.0,0.0,0.0,0.0,1.0,1.0,112.0,112.0,896.0,112.0,113,0.0079533,2.5119859227357524
2506524397075762905,16,raw_matched,validation,64,ok,119,7616,0.5006586410633087,0.6138272862885324,17.07563025210084,0.42016806722689076,0.3865546218487395,0.5378151260504201,1.0,1.0,112.0,112.0,896.0,112.0,339,0.0017332,0.6554326904030696
2506524397075762905,16,vectorchain_absolute,validation,64,ok,119,7616,0.3281929218801085,0.35855486981848655,18.907563025210084,0.008403361344537815,0.0,0.04201680672268908,1.0,1.0,16.0,80.0,640.0,191.3109243697479,243,0.0026188,0.9998632456965183
2506524397075762905,16,vectorchain_cartesian,validation,64,ok,119,7616,0.3132573581320804,0.3577511680819005,19.445378151260503,0.0,0.0,0.008403361344537815,1.0,1.0,16.0,48.0,384.0,191.3109243697479,147,0.0026383,1.0475349790420896
2506524397075762905,16,vectorchain_relational,validation,64,ok,119,7616,0.32814804008566917,0.35851968741462376,18.899159663865547,0.008403361344537815,0.0,0.04201680672268908,1.0,1.0,16.0,112.0,896.0,191.3109243697479,339,0.002659,1.0
2506524397075762905,16,fixed_relational,validation,128,ok,119,15232,6.850669187238507e+71,7.519323152717632e+71,66.43697478991596,0.8151260504201681,0.8151260504201681,0.8235294117647058,1.0,1.0,16.0,112.0,896.0,145.0,339,0.0087425,9.403930794919609e-73
2506524397075762905,16,persistence,validation,128,ok,119,15232,0.5728040434839418,0.5663487081089451,0.0,0.0,0.0,0.0,1.0,1.0,1.0,1.0,8.0,1.0,0,4.9e-06,1.1246990950664466
2506524397075762905,16,raw_ar,validation,128,ok,119,15232,0.3718470617302979,0.45373813101526683,0.0,0.0,0.0,0.0,1.0,1.0,112.0,112.0,896.0,112.0,113,0.0079533,1.7325192415371427
2506524397075762905,16,raw_matched,validation,128,ok,119,15232,1.2267696438885602,1.6017185744918936,17.07563025210084,0.42016806722689076,0.3865546218487395,0.5378151260504201,1.0,1.0,112.0,112.0,896.0,112.0,339,0.0017332,0.5251451994807534
2506524397075762905,16,vectorchain_absolute,validation,128,ok,119,15232,0.6442814501320427,0.737955419067127,18.907563025210084,0.008403361344537815,0.0,0.04201680672268908,1.0,1.0,16.0,80.0,640.0,191.3109243697479,243,0.0026188,0.9999235415279427
2506524397075762905,16,vectorchain_cartesian,validation,128,ok,119,15232,0.6179286012568597,0.7235158778620562,19.445378151260503,0.0,0.0,0.008403361344537815,1.0,1.0,16.0,48.0,384.0,191.3109243697479,147,0.0026383,1.0425673581809127
2506524397075762905,16,vectorchain_relational,validation,128,ok,119,15232,0.6442321893567908,0.7377583129533668,18.899159663865547,0.008403361344537815,0.0,0.04201680672268908,1.0,1.0,16.0,112.0,896.0,191.3109243697479,339,0.002659,1.0
5334086151564077557,4,fixed_relational,test,16,ok,88,1408,0.1676784785659533,0.14187541680485785,14.988636363636363,0.22727272727272727,0.3522727272727273,0.22727272727272727,1.0,1.0,4.0,28.0,224.0,33.0,87,0.00215775,0.4851451242032314
5334086151564077557,4,persistence,test,16,ok,88,1408,0.09103230774007406,0.08935729127854318,0.0,0.0,0.0,0.0,1.0,1.0,1.0,1.0,8.0,1.0,0,9e-06,0.8936211585711262
5334086151564077557,4,raw_ar,test,16,ok,88,1408,0.03354348771219497,0.03795255739886733,0.0,0.0,0.0,0.0,1.0,1.0,28.0,28.0,224.0,28.0,29,0.00974815,2.425162136032548
5334086151564077557,4,raw_matched,test,16,ok,88,1408,0.19635881678314346,0.14606234309067428,20.363636363636363,0.13636363636363635,0.13636363636363635,0.13636363636363635,1.0,1.0,28.0,28.0,224.0,28.0,87,0.0018265,0.41428440873082145
5334086151564077557,4,vectorchain_absolute,test,16,ok,88,1408,0.0813516961376063,0.06506462512370294,17.03409090909091,0.0,0.0,0.0,1.0,1.0,4.0,20.0,160.0,48.17045454545455,63,0.0025326000000000003,0.9999594375080708
5334086151564077557,4,vectorchain_cartesian,test,16,ok,88,1408,0.08419003909063194,0.06795073495076703,17.011363636363637,0.0,0.0,0.0,1.0,1.0,4.0,12.0,96.0,48.17045454545455,39,0.0025597,0.9662472804237022
5334086151564077557,4,vectorchain_relational,test,16,ok,88,1408,0.08134839631008829,0.06505762471683306,17.03409090909091,0.0,0.0,0.0,1.0,1.0,4.0,28.0,224.0,48.17045454545455,87,0.00256755,1.0
5334086151564077557,4,fixed_relational,test,64,ok,88,5632,1.1766394836390504,1.185065559803821,14.988636363636363,0.22727272727272727,0.3522727272727273,0.22727272727272727,1.0,1.0,4.0,28.0,224.0,33.0,87,0.00215775,0.23268185463595425
5334086151564077557,4,persistence,test,64,ok,88,5632,0.33229484485860034,0.31467718725727667,0.0,0.0,0.0,0.0,1.0,1.0,1.0,1.0,8.0,1.0,0,9e-06,0.8239148501010514
5334086151564077557,4,raw_ar,test,64,ok,88,5632,0.2063597105107793,0.2124022893857039,0.0,0.0,0.0,0.0,1.0,1.0,28.0,28.0,224.0,28.0,29,0.00974815,1.3267253409755322
5334086151564077557,4,raw_matched,test,64,ok,88,5632,5.341596080131811,3.6591285638924678,20.363636363636363,0.13636363636363635,0.13636363636363635,0.13636363636363635,1.0,1.0,28.0,28.0,224.0,28.0,87,0.0018265,0.051254840909698625
5334086151564077557,4,vectorchain_absolute,test,64,ok,88,5632,0.2737810475637524,0.28084063855359637,17.03409090909091,0.0,0.0,0.0,1.0,1.0,4.0,20.0,160.0,48.17045454545455,63,0.0025326000000000003,1.0000058796154363
5334086151564077557,4,vectorchain_cartesian,test,64,ok,88,5632,0.2900208203792086,0.28535726572110603,17.011363636363637,0.0,0.0,0.0,1.0,1.0,4.0,12.0,96.0,48.17045454545455,39,0.0025597,0.9440103539223458
5334086151564077557,4,vectorchain_relational,test,64,ok,88,5632,0.2737826572910258,0.2808367709209964,17.03409090909091,0.0,0.0,0.0,1.0,1.0,4.0,28.0,224.0,48.17045454545455,87,0.00256755,1.0
5334086151564077557,4,fixed_relational,test,128,ok,88,11264,2.33837859066762,2.5957290161010325,14.988636363636363,0.22727272727272727,0.3522727272727273,0.22727272727272727,1.0,1.0,4.0,28.0,224.0,33.0,87,0.00215775,0.24101529406921154
5334086151564077557,4,persistence,test,128,ok,88,11264,0.5397011086580465,0.4489880021731521,0.0,0.0,0.0,0.0,1.0,1.0,1.0,1.0,8.0,1.0,0,9e-06,1.0442539298765665
5334086151564077557,4,raw_ar,test,128,ok,88,11264,0.5291739104759855,0.5243228325229142,0.0,0.0,0.0,0.0,1.0,1.0,28.0,28.0,224.0,28.0,29,0.00974815,1.06502794736794
5334086151564077557,4,raw_matched,test,128,ok,88,11264,24.042786809386932,12.46932690867261,20.363636363636363,0.13636363636363635,0.13636363636363635,0.13636363636363635,1.0,1.0,28.0,28.0,224.0,28.0,87,0.0018265,0.023440918398646975
5334086151564077557,4,vectorchain_absolute,test,128,ok,88,11264,0.5635869177377113,0.4974307729243239,17.03409090909091,0.0,0.0,0.0,1.0,1.0,4.0,20.0,160.0,48.17045454545455,63,0.0025326000000000003,0.9999966037841793
5334086151564077557,4,vectorchain_cartesian,test,128,ok,88,11264,0.5855844080551202,0.5026806718582019,17.011363636363637,0.0,0.0,0.0,1.0,1.0,4.0,12.0,96.0,48.17045454545455,39,0.0025597,0.9624317108215344
5334086151564077557,4,vectorchain_relational,test,128,ok,88,11264,0.5635850036749049,0.49740639417378996,17.03409090909091,0.0,0.0,0.0,1.0,1.0,4.0,28.0,224.0,48.17045454545455,87,0.00256755,1.0
5334086151564077557,4,fixed_relational,validation,16,ok,118,1888,0.16229895356045285,0.1583438426949549,19.271186440677965,0.4915254237288136,0.5169491525423728,0.4915254237288136,1.0,1.0,4.0,28.0,224.0,33.0,87,0.0028883,0.497683769118422
5334086151564077557,4,persistence,validation,16,ok,118,1888,0.07968701322082274,0.08461464145119375,0.0,0.0,0.0,0.0,1.0,1.0,1.0,1.0,8.0,1.0,0,9e-06,1.0136351165290665
5334086151564077557,4,raw_ar,validation,16,ok,118,1888,0.03393472343056514,0.03946589442896471,0.0,0.0,0.0,0.0,1.0,1.0,28.0,28.0,224.0,28.0,29,0.0083905,2.3802626562498768
5334086151564077557,4,raw_matched,validation,16,ok,118,1888,0.2015457343523022,0.18344470308878802,30.864406779661017,0.4152542372881356,0.4152542372881356,0.4152542372881356,1.0,1.0,28.0,28.0,224.0,28.0,87,0.0019761500000000003,0.40077035215614953
5334086151564077557,4,vectorchain_absolute,validation,16,ok,118,1888,0.08077515044956363,0.07145844692813766,17.389830508474578,0.0,0.0,0.0,1.0,1.0,4.0,20.0,160.0,51.91525423728814,63,0.0023832000000000002,0.9999802474199945
5334086151564077557,4,vectorchain_cartesian,validation,16,ok,118,1888,0.08190344267677635,0.07371869806678874,17.33050847457627,0.0,0.0,0.0,1.0,1.0,4.0,12.0,96.0,51.91525423728814,39,0.0023979500000000003,0.9862046367294544
5334086151564077557,4,vectorchain_relational,validation,16,ok,118,1888,0.08077355493194191,0.0714563334526432,17.389830508474578,0.0,0.0,0.0,1.0,1.0,4.0,28.0,224.0,51.91525423728814,87,0.00240415,1.0
5334086151564077557,4,fixed_relational,validation,64,ok,118,7552,2.57007026939095,2.710624549349662,19.271186440677965,0.4915254237288136,0.5169491525423728,0.4915254237288136,1.0,1.0,4.0,28.0,224.0,33.0,87,0.0028883,0.10557540360840899
5334086151564077557,4,persistence,validation,64,ok,118,7552,0.31338832902426417,0.32582855048716647,0.0,0.0,0.0,0.0,1.0,1.0,1.0,1.0,8.0,1.0,0,9e-06,0.8658146486747874
5334086151564077557,4,raw_ar,validation,64,ok,118,7552,0.22336250213409953,0.25563330654833666,0.0,0.0,0.0,0.0,1.0,1.0,28.0,28.0,224.0,28.0,29,0.0083905,1.2147795775945445
5334086151564077557,4,raw_matched,validation,64,ok,118,7552,8.050745625461385,6.977104410778515,30.864406779661017,0.4152542372881356,0.4152542372881356,0.4152542372881356,1.0,1.0,28.0,28.0,224.0,28.0,87,0.0019761500000000003,0.03370323925460902
5334086151564077557,4,vectorchain_absolute,validation,64,ok,118,7552,0.271335100738087,0.29702985258166825,17.389830508474578,0.0,0.0,0.0,1.0,1.0,4.0,20.0,160.0,51.91525423728814,63,0.0023832000000000002,1.0000040733942346
5334086151564077557,4,vectorchain_cartesian,validation,64,ok,118,7552,0.2899279898733114,0.305364505965832,17.33050847457627,0.0,0.0,0.0,1.0,1.0,4.0,12.0,96.0,51.91525423728814,39,0.0023979500000000003,0.9358744773537959
5334086151564077557,4,vectorchain_relational,validation,64,ok,118,7552,0.27133620599292196,0.29702252727695166,17.389830508474578,0.0,0.0,0.0,1.0,1.0,4.0,28.0,224.0,51.91525423728814,87,0.00240415,1.0
5334086151564077557,4,fixed_relational,validation,128,ok,118,15104,4.755280498711071,3.508624630571853,19.271186440677965,0.4915254237288136,0.5169491525423728,0.4915254237288136,1.0,1.0,4.0,28.0,224.0,33.0,87,0.0028883,0.12596851265986764
5334086151564077557,4,persistence,validation,128,ok,118,15104,0.5685949276462295,0.5477354743630622,0.0,0.0,0.0,0.0,1.0,1.0,1.0,1.0,8.0,1.0,0,9e-06,1.0535015044590847
5334086151564077557,4,raw_ar,validation,128,ok,118,15104,0.5686339715454938,0.588251939731225,0.0,0.0,0.0,0.0,1.0,1.0,28.0,28.0,224.0,28.0,29,0.0083905,1.0534291682838417
5334086151564077557,4,raw_matched,validation,128,ok,118,15104,51.87807222133629,33.56764411365374,30.864406779661017,0.4152542372881356,0.4152542372881356,0.4152542372881356,1.0,1.0,28.0,28.0,224.0,28.0,87,0.0019761500000000003,0.011546605069429422
5334086151564077557,4,vectorchain_absolute,validation,128,ok,118,15104,0.5990152987851051,0.5945451469687938,17.389830508474578,0.0,0.0,0.0,1.0,1.0,4.0,20.0,160.0,51.91525423728814,63,0.0023832000000000002,1.0000005223873294
5334086151564077557,4,vectorchain_cartesian,validation,128,ok,118,15104,0.6247244131592778,0.6051050398725659,17.33050847457627,0.0,0.0,0.0,1.0,1.0,4.0,12.0,96.0,51.91525423728814,39,0.0023979500000000003,0.958847772050144
5334086151564077557,4,vectorchain_relational,validation,128,ok,118,15104,0.5990156117031072,0.5945328848740702,17.389830508474578,0.0,0.0,0.0,1.0,1.0,4.0,28.0,224.0,51.91525423728814,87,0.00240415,1.0
5334086151564077557,8,fixed_relational,test,16,ok,88,1408,0.2413731450581449,0.1727832308510567,14.443181818181818,0.29545454545454547,0.5454545454545454,0.3522727272727273,1.0,1.0,8.0,56.0,448.0,65.0,171,0.0021661,0.3841977918902004
5334086151564077557,8,persistence,test,16,ok,88,1408,0.09103230774007406,0.08935729127854318,0.0,0.0,0.0,0.0,1.0,1.0,1.0,1.0,8.0,1.0,0,9e-06,1.01870458582375
5334086151564077557,8,raw_ar,test,16,ok,88,1408,0.02640420746017606,0.030676725466468015,0.0,0.0,0.0,0.0,1.0,1.0,56.0,56.0,448.0,56.0,57,0.009673000000000001,3.5121307652501668
5334086151564077557,8,raw_matched,test,16,ok,88,1408,0.2686459174280626,0.18817937138237226,34.20454545454545,0.32954545454545453,0.32954545454545453,0.3409090909090909,1.0,1.0,56.0,56.0,448.0,56.0,171,0.0018023499999999999,0.34519426254733493
5334086151564077557,8,vectorchain_absolute,test,16,ok,88,1408,0.09272632889106515,0.07453247567507709,17.579545454545453,0.0,0.0,0.011363636363636364,1.0,1.0,8.0,40.0,320.0,97.29545454545455,123,0.0026214999999999997,1.0000938294653872
5334086151564077557,8,vectorchain_cartesian,test,16,ok,88,1408,0.09733978878621846,0.07721698937601922,17.65909090909091,0.0,0.0,0.011363636363636364,1.0,1.0,8.0,24.0,192.0,97.29545454545455,75,0.00265255,0.9526939652252655
5334086151564077557,8,vectorchain_relational,test,16,ok,88,1408,0.0927350293529323,0.07462134068359733,17.59090909090909,0.0,0.0,0.011363636363636364,1.0,1.0,8.0,56.0,448.0,97.29545454545455,171,0.00265415,1.0
5334086151564077557,8,fixed_relational,test,64,ok,88,5632,1.1712636489780242,0.9989742017515973,14.443181818181818,0.29545454545454547,0.5454545454545454,0.3522727272727273,1.0,1.0,8.0,56.0,448.0,65.0,171,0.0021661,0.2322196944904757
5334086151564077557,8,persistence,test,64,ok,88,5632,0.33229484485860034,0.31467718725727667,0.0,0.0,0.0,0.0,1.0,1.0,1.0,1.0,8.0,1.0,0,9e-06,0.8185215357440023
5334086151564077557,8,raw_ar,test,64,ok,88,5632,0.16001103337727274,0.17779476150033932,0.0,0.0,0.0,0.0,1.0,1.0,56.0,56.0,448.0,56.0,57,0.009673000000000001,1.6998233246339929
5334086151564077557,8,raw_matched,test,64,ok,88,5632,19.145198076556085,15.374246857658385,34.20454545454545,0.32954545454545453,0.32954545454545453,0.3409090909090909,1.0,1.0,56.0,56.0,448.0,56.0,171,0.0018023499999999999,0.014206720956652713
5334086151564077557,8,vectorchain_absolute,test,64,ok,88,5632,0.27199926134345465,0.2867611390216813,17.579545454545453,0.0,0.0,0.011363636363636364,1.0,1.0,8.0,40.0,320.0,97.29545454545455,123,0.0026214999999999997,0.9999677403168863
5334086151564077557,8,vectorchain_cartesian,test,64,ok,88,5632,0.2746431060359942,0.27946369970202145,17.65909090909091,0.0,0.0,0.011363636363636364,1.0,1.0,8.0,24.0,192.0,97.29545454545455,75,0.00265255,0.9903415769621758
5334086151564077557,8,vectorchain_relational,test,64,ok,88,5632,0.27199048673347653,0.28679681916201044,17.59090909090909,0.0,0.0,0.011363636363636364,1.0,1.0,8.0,56.0,448.0,97.29545454545455,171,0.00265415,1.0
5334086151564077557,8,fixed_relational,test,128,ok,88,11264,2.629680140053639,2.6421966813092506,14.443181818181818,0.29545454545454547,0.5454545454545454,0.3522727272727273,1.0,1.0,8.0,56.0,448.0,65.0,171,0.0021661,0.20433447368730914
5334086151564077557,8,persistence,test,128,ok,88,11264,0.5397011086580465,0.4489880021731521,0.0,0.0,0.0,0.0,1.0,1.0,1.0,1.0,8.0,1.0,0,9e-06,0.9956146073516472
5334086151564077557,8,raw_ar,test,128,ok,88,11264,0.4327230779340443,0.4565151159401191,0.0,0.0,0.0,0.0,1.0,1.0,56.0,56.0,448.0,56.0,57,0.009673000000000001,1.24175098298254
5334086151564077557,8,raw_matched,test,128,ok,88,11264,3644.227790464449,4000.345715807773,34.20454545454545,0.32954545454545453,0.32954545454545453,0.3409090909090909,1.0,1.0,56.0,56.0,448.0,56.0,171,0.0018023499999999999,0.00014744805711372605
5334086151564077557,8,vectorchain_absolute,test,128,ok,88,11264,0.5373123875439448,0.4708228362896285,17.579545454545453,0.0,0.0,0.011363636363636364,1.0,1.0,8.0,40.0,320.0,97.29545454545455,123,0.0026214999999999997,1.000040795336927
5334086151564077557,8,vectorchain_cartesian,test,128,ok,88,11264,0.546387067315482,0.4820481813721788,17.65909090909091,0.0,0.0,0.011363636363636364,1.0,1.0,8.0,24.0,192.0,97.29545454545455,75,0.00265255,0.9834315991845661
5334086151564077557,8,vectorchain_relational,test,128,ok,88,11264,0.5373343073838297,0.4707563666339146,17.59090909090909,0.0,0.0,0.011363636363636364,1.0,1.0,8.0,56.0,448.0,97.29545454545455,171,0.00265415,1.0
5334086151564077557,8,fixed_relational,validation,16,ok,118,1888,0.269474705840752,0.23312116606336475,18.127118644067796,0.5254237288135594,0.6610169491525424,0.5338983050847458,1.0,1.0,8.0,56.0,448.0,65.0,171,0.00232345,0.3261748233110213
5334086151564077557,8,persistence,validation,16,ok,118,1888,0.07968701322082274,0.08461464145119375,0.0,0.0,0.0,0.0,1.0,1.0,1.0,1.0,8.0,1.0,0,9.1e-06,1.1030136657378065
5334086151564077557,8,raw_ar,validation,16,ok,118,1888,0.02635056864106002,0.03177523374043142,0.0,0.0,0.0,0.0,1.0,1.0,56.0,56.0,448.0,56.0,57,0.008328249999999999,3.3356344510697014
5334086151564077557,8,raw_matched,validation,16,ok,118,1888,0.281508709496578,0.21577284939927532,49.75423728813559,0.5084745762711864,0.5,0.5169491525423728,1.0,1.0,56.0,56.0,448.0,56.0,171,0.002542,0.31223142161953316
5334086151564077557,8,vectorchain_absolute,validation,16,ok,118,1888,0.08789733953531437,0.07657145288605516,17.296610169491526,0.0,0.0,0.01694915254237288,1.0,1.0,8.0,40.0,320.0,102.34745762711864,123,0.0023726,0.99998321939065
5334086151564077557,8,vectorchain_cartesian,validation,16,ok,118,1888,0.09236367003245982,0.07474009248479158,17.322033898305083,0.0,0.0,0.01694915254237288,1.0,1.0,8.0,24.0,192.0,102.34745762711864,75,0.0024155,0.9516281080375764
5334086151564077557,8,vectorchain_relational,validation,16,ok,118,1888,0.08789586456439673,0.07654717861477074,17.296610169491526,0.0,0.0,0.01694915254237288,1.0,1.0,8.0,56.0,448.0,102.34745762711864,171,0.0024107,1.0
5334086151564077557,8,fixed_relational,validation,64,ok,118,7552,2.1335523491395403,1.909788102687135,18.127118644067796,0.5254237288135594,0.6610169491525424,0.5338983050847458,1.0,1.0,8.0,56.0,448.0,65.0,171,0.00232345,0.12534364562049585
5334086151564077557,8,persistence,validation,64,ok,118,7552,0.31338832902426417,0.32582855048716647,0.0,0.0,0.0,0.0,1.0,1.0,1.0,1.0,8.0,1.0,0,9.1e-06,0.8533413812695538
5334086151564077557,8,raw_ar,validation,64,ok,118,7552,0.1720381397557985,0.21073341370785786,0.0,0.0,0.0,0.0,1.0,1.0,56.0,56.0,448.0,56.0,57,0.008328249999999999,1.5544647828843394
5334086151564077557,8,raw_matched,validation,64,ok,118,7552,19.6649440167829,24.632485710986796,49.75423728813559,0.5084745762711864,0.5,0.5169491525423728,1.0,1.0,56.0,56.0,448.0,56.0,171,0.002542,0.013599185908441397
5334086151564077557,8,vectorchain_absolute,validation,64,ok,118,7552,0.2674198880042843,0.30579673854223993,17.296610169491526,0.0,0.0,0.01694915254237288,1.0,1.0,8.0,40.0,320.0,102.34745762711864,123,0.0023726,1.0000274533023459
5334086151564077557,8,vectorchain_cartesian,validation,64,ok,118,7552,0.2633595619906456,0.29101818364729176,17.322033898305083,0.0,0.0,0.01694915254237288,1.0,1.0,8.0,24.0,192.0,102.34745762711864,75,0.0024155,1.0154453004931026
5334086151564077557,8,vectorchain_relational,validation,64,ok,118,7552,0.267427229563323,0.3057922435629359,17.296610169491526,0.0,0.0,0.01694915254237288,1.0,1.0,8.0,56.0,448.0,102.34745762711864,171,0.0024107,1.0
5334086151564077557,8,fixed_relational,validation,128,ok,118,15104,4.893423252350344,3.8705338870045827,18.127118644067796,0.5254237288135594,0.6610169491525424,0.5338983050847458,1.0,1.0,8.0,56.0,448.0,65.0,171,0.00232345,0.11889288319894838
5334086151564077557,8,persistence,validation,128,ok,118,15104,0.5685949276462295,0.5477354743630622,0.0,0.0,0.0,0.0,1.0,1.0,1.0,1.0,8.0,1.0,0,9.1e-06,1.0232120810382779
5334086151564077557,8,raw_ar,validation,128,ok,118,15104,0.46009753362392264,0.49977691425880455,0.0,0.0,0.0,0.0,1.0,1.0,56.0,56.0,448.0,56.0,57,0.008328249999999999,1.2644997129244715
5334086151564077557,8,raw_matched,validation,128,ok,118,15104,3750.7189214688383,6544.283340994364,49.75423728813559,0.5084745762711864,0.5,0.5169491525423728,1.0,1.0,56.0,56.0,448.0,56.0,171,0.002542,0.00015511511562611802
5334086151564077557,8,vectorchain_absolute,validation,128,ok,118,15104,0.5817807425025914,0.5854309145141985,17.296610169491526,0.0,0.0,0.01694915254237288,1.0,1.0,8.0,40.0,320.0,102.34745762711864,123,0.0023726,1.000021411300179
5334086151564077557,8,vectorchain_cartesian,validation,128,ok,118,15104,0.5729647095101288,0.5808845976734068,17.322033898305083,0.0,0.0,0.01694915254237288,1.0,1.0,8.0,24.0,192.0,102.34745762711864,75,0.0024155,1.0154084353330013
5334086151564077557,8,vectorchain_relational,validation,128,ok,118,15104,0.5817931991847075,0.5854229348597494,17.296610169491526,0.0,0.0,0.01694915254237288,1.0,1.0,8.0,56.0,448.0,102.34745762711864,171,0.0024107,1.0
5334086151564077557,16,fixed_relational,test,16,ok,88,1408,0.16881009740339975,0.14562286701776456,14.488636363636363,0.4772727272727273,0.7045454545454546,0.5113636363636364,1.0,1.0,16.0,112.0,896.0,129.0,339,0.0021847999999999998,0.6429031570565127
5334086151564077557,16,persistence,test,16,ok,88,1408,0.09103230774007406,0.08935729127854318,0.0,0.0,0.0,0.0,1.0,1.0,1.0,1.0,8.0,1.0,0,5.2e-06,1.1921981026071131
5334086151564077557,16,raw_ar,test,16,ok,88,1408,0.022674728219797925,0.025526289694655636,0.0,0.0,0.0,0.0,1.0,1.0,112.0,112.0,896.0,112.0,113,0.009258849999999999,4.786321737206265
5334086151564077557,16,raw_matched,test,16,ok,88,1408,0.23327945847141784,0.17512199029841524,20.375,0.32954545454545453,0.3181818181818182,0.36363636363636365,1.0,1.0,112.0,112.0,896.0,112.0,339,0.0016232999999999998,0.4652297517955718
5334086151564077557,16,vectorchain_absolute,test,16,ok,88,1408,0.10850995574350102,0.0899703115864682,16.09090909090909,0.011363636363636364,0.0,0.011363636363636364,1.0,1.0,16.0,80.0,640.0,197.97727272727272,243,0.00230555,1.0001713098124014
5334086151564077557,16,vectorchain_cartesian,test,16,ok,88,1408,0.13415860318666065,0.10251143009433615,16.113636363636363,0.0,0.0,0.022727272727272728,1.0,1.0,16.0,48.0,384.0,197.97727272727272,147,0.0023352,0.8089570253848177
5334086151564077557,16,vectorchain_relational,test,16,ok,88,1408,0.10852854456366312,0.09003001891668708,16.125,0.011363636363636364,0.0,0.011363636363636364,1.0,1.0,16.0,112.0,896.0,197.97727272727272,339,0.00231895,1.0
5334086151564077557,16,fixed_relational,test,64,ok,88,5632,0.9627029299455881,1.385608101919479,14.488636363636363,0.4772727272727273,0.7045454545454546,0.5113636363636364,1.0,1.0,16.0,112.0,896.0,129.0,339,0.0021847999999999998,0.3210668353446357
5334086151564077557,16,persistence,test,64,ok,88,5632,0.33229484485860034,0.31467718725727667,0.0,0.0,0.0,0.0,1.0,1.0,1.0,1.0,8.0,1.0,0,5.2e-06,0.9301738738263147
5334086151564077557,16,raw_ar,test,64,ok,88,5632,0.1254651780503184,0.14715681993439497,0.0,0.0,0.0,0.0,1.0,1.0,112.0,112.0,896.0,112.0,113,0.009258849999999999,2.4635678831195356
5334086151564077557,16,raw_matched,test,64,ok,88,5632,60.05368706680643,39.84384012795726,20.375,0.32954545454545453,0.3181818181818182,0.36363636363636365,1.0,1.0,112.0,112.0,896.0,112.0,339,0.0016232999999999998,0.005146927660757792
5334086151564077557,16,vectorchain_absolute,test,64,ok,88,5632,0.30894069031028176,0.31883644180004905,16.09090909090909,0.011363636363636364,0.0,0.011363636363636364,1.0,1.0,16.0,80.0,640.0,197.97727272727272,243,0.00230555,1.0004897146575442
5334086151564077557,16,vectorchain_cartesian,test,64,ok,88,5632,0.3465768713866879,0.31030174316515,16.113636363636363,0.0,0.0,0.022727272727272728,1.0,1.0,16.0,48.0,384.0,197.97727272727272,147,0.0023352,0.8918424990621311
5334086151564077557,16,vectorchain_relational,test,64,ok,88,5632,0.30909198309463853,0.31885941998718015,16.125,0.011363636363636364,0.0,0.011363636363636364,1.0,1.0,16.0,112.0,896.0,197.97727272727272,339,0.00231895,1.0
5334086151564077557,16,fixed_relational,test,128,ok,88,11264,2.6673033046987045,3.9081483572940057,14.488636363636363,0.4772727272727273,0.7045454545454546,0.5113636363636364,1.0,1.0,16.0,112.0,896.0,129.0,339,0.0021847999999999998,0.22183548980707926
5334086151564077557,16,persistence,test,128,ok,88,11264,0.5397011086580465,0.4489880021731521,0.0,0.0,0.0,0.0,1.0,1.0,1.0,1.0,8.0,1.0,0,5.2e-06,1.096352269005213
5334086151564077557,16,raw_ar,test,128,ok,88,11264,0.3613769667402782,0.4138294284607715,0.0,0.0,0.0,0.0,1.0,1.0,112.0,112.0,896.0,112.0,113,0.009258849999999999,1.637355419741334
5334086151564077557,16,raw_matched,test,128,ok,88,11264,206854.27059237185,190407.6276717065,20.375,0.32954545454545453,0.3181818181818182,0.36363636363636365,1.0,1.0,112.0,112.0,896.0,112.0,339,0.0016232999999999998,2.860480150433493e-06
5334086151564077557,16,vectorchain_absolute,test,128,ok,88,11264,0.5915366633207134,0.5741140424495744,16.09090909090909,0.011363636363636364,0.0,0.011363636363636364,1.0,1.0,16.0,80.0,640.0,197.97727272727272,243,0.00230555,1.000280408217191
5334086151564077557,16,vectorchain_cartesian,test,128,ok,88,11264,0.6078344360603202,0.54827104903018,16.113636363636363,0.0,0.0,0.022727272727272728,1.0,1.0,16.0,48.0,384.0,197.97727272727272,147,0.0023352,0.9734600410220243
5334086151564077557,16,vectorchain_relational,test,128,ok,88,11264,0.5917025350618783,0.5735853738067318,16.125,0.011363636363636364,0.0,0.011363636363636364,1.0,1.0,16.0,112.0,896.0,197.97727272727272,339,0.00231895,1.0
5334086151564077557,16,fixed_relational,validation,16,ok,118,1888,0.22517554960409758,0.2038842384869154,16.43220338983051,0.5423728813559322,0.7288135593220338,0.6101694915254238,1.0,1.0,16.0,112.0,896.0,129.0,339,0.0022989,0.5454720430005088
5334086151564077557,16,persistence,validation,16,ok,118,1888,0.07968701322082274,0.08461464145119375,0.0,0.0,0.0,0.0,1.0,1.0,1.0,1.0,8.0,1.0,0,5.2e-06,1.5413674338118377
5334086151564077557,16,raw_ar,validation,16,ok,118,1888,0.022779015060026653,0.02704466426959938,0.0,0.0,0.0,0.0,1.0,1.0,112.0,112.0,896.0,112.0,113,0.0079439,5.392110534746089
5334086151564077557,16,raw_matched,validation,16,ok,118,1888,0.271702769482981,0.2083843416634975,23.6864406779661,0.5338983050847458,0.5338983050847458,0.5508474576271186,1.0,1.0,112.0,112.0,896.0,112.0,339,0.0015894,0.4520637287210398
5334086151564077557,16,vectorchain_absolute,validation,16,ok,118,1888,0.1228270844812509,0.11324316405671134,16.305084745762713,0.01694915254237288,0.0,0.0423728813559322,1.0,1.0,16.0,80.0,640.0,199.57627118644066,243,0.00217935,0.9999990441445233
5334086151564077557,16,vectorchain_cartesian,validation,16,ok,118,1888,0.15275201322516568,0.12211062457060032,16.016949152542374,0.0,0.0,0.01694915254237288,1.0,1.0,16.0,48.0,384.0,199.57627118644066,147,0.00219595,0.804093932924178
5334086151564077557,16,vectorchain_relational,validation,16,ok,118,1888,0.12282696707630952,0.11322931251855854,16.296610169491526,0.01694915254237288,0.0,0.0423728813559322,1.0,1.0,16.0,112.0,896.0,199.57627118644066,339,0.00221195,1.0
5334086151564077557,16,fixed_relational,validation,64,ok,118,7552,1.0456514596473367,1.207642849124679,16.43220338983051,0.5423728813559322,0.7288135593220338,0.6101694915254238,1.0,1.0,16.0,112.0,896.0,129.0,339,0.0022989,0.3363435025686682
5334086151564077557,16,persistence,validation,64,ok,118,7552,0.31338832902426417,0.32582855048716647,0.0,0.0,0.0,0.0,1.0,1.0,1.0,1.0,8.0,1.0,0,5.2e-06,1.1222436888407397
5334086151564077557,16,raw_ar,validation,64,ok,118,7552,0.13137316675652988,0.1635568199877073,0.0,0.0,0.0,0.0,1.0,1.0,112.0,112.0,896.0,112.0,113,0.0079439,2.677092157301937
5334086151564077557,16,raw_matched,validation,64,ok,118,7552,57.41565112935084,30.745267639814852,23.6864406779661,0.5338983050847458,0.5338983050847458,0.5508474576271186,1.0,1.0,112.0,112.0,896.0,112.0,339,0.0015894,0.0061254739341280035
5334086151564077557,16,vectorchain_absolute,validation,64,ok,118,7552,0.3516385731121797,0.3422751034707944,16.305084745762713,0.01694915254237288,0.0,0.0423728813559322,1.0,1.0,16.0,80.0,640.0,199.57627118644066,243,0.00217935,1.000169211503503
5334086151564077557,16,vectorchain_cartesian,validation,64,ok,118,7552,0.3944715946839829,0.3360073508526207,16.016949152542374,0.0,0.0,0.01694915254237288,1.0,1.0,16.0,48.0,384.0,199.57627118644066,147,0.00219595,0.8915675530086679
5334086151564077557,16,vectorchain_relational,validation,64,ok,118,7552,0.35169807440382567,0.3425250777867556,16.296610169491526,0.01694915254237288,0.0,0.0423728813559322,1.0,1.0,16.0,112.0,896.0,199.57627118644066,339,0.00221195,1.0
5334086151564077557,16,fixed_relational,validation,128,ok,118,15104,54748962477917.7,55229876281071.17,16.43220338983051,0.5423728813559322,0.7288135593220338,0.6101694915254238,1.0,1.0,16.0,112.0,896.0,129.0,339,0.0022989,1.095901602869591e-14
5334086151564077557,16,persistence,validation,128,ok,118,15104,0.5685949276462295,0.5477354743630622,0.0,0.0,0.0,0.0,1.0,1.0,1.0,1.0,8.0,1.0,0,5.2e-06,1.0552235487462491
5334086151564077557,16,raw_ar,validation,128,ok,118,15104,0.35562785758493126,0.3984836312252017,0.0,0.0,0.0,0.0,1.0,1.0,112.0,112.0,896.0,112.0,113,0.0079439,1.687142175600459
5334086151564077557,16,raw_matched,validation,128,ok,118,15104,197804.28131191526,144677.32071787684,23.6864406779661,0.5338983050847458,0.5338983050847458,0.5508474576271186,1.0,1.0,112.0,112.0,896.0,112.0,339,0.0015894,3.0332748784332247e-06
5334086151564077557,16,vectorchain_absolute,validation,128,ok,118,15104,0.5998540265007011,0.5216307214709366,16.305084745762713,0.01694915254237288,0.0,0.0423728813559322,1.0,1.0,16.0,80.0,640.0,199.57627118644066,243,0.00217935,1.0002346084931546
5334086151564077557,16,vectorchain_cartesian,validation,128,ok,118,15104,0.6447749156130657,0.5923483607976326,16.016949152542374,0.0,0.0,0.01694915254237288,1.0,1.0,16.0,48.0,384.0,199.57627118644066,147,0.00219595,0.9305491619187501
5334086151564077557,16,vectorchain_relational,validation,128,ok,118,15104,0.5999947573499711,0.5217895443777902,16.296610169491526,0.01694915254237288,0.0,0.0423728813559322,1.0,1.0,16.0,112.0,896.0,199.57627118644066,339,0.00221195,1.0
9076691527785929283,4,fixed_relational,test,16,ok,92,1472,0.08232888168321882,0.0919313097328394,16.956521739130434,0.30434782608695654,0.4782608695652174,0.33695652173913043,1.0,1.0,4.0,28.0,224.0,37.0,87,0.0027174,0.8186042856465592
9076691527785929283,4,persistence,test,16,ok,92,1472,0.08972118964493794,0.09148871861596518,0.0,0.0,0.0,0.0,1.0,1.0,1.0,1.0,8.0,1.0,0,5.549999999999999e-06,0.7511578440397312
9076691527785929283,4,raw_ar,test,16,ok,92,1472,0.03505634269504177,0.039436777829341386,0.0,0.0,0.0,0.0,1.0,1.0,28.0,28.0,224.0,28.0,29,0.009505099999999999,1.9224702349770069
9076691527785929283,4,raw_matched,test,16,ok,92,1472,0.23480649833583284,0.20480618249700902,44.51086956521739,0.3804347826086957,0.3804347826086957,0.3804347826086957,1.0,1.0,28.0,28.0,224.0,28.0,87,0.00187205,0.28702261588169425
9076691527785929283,4,vectorchain_absolute,test,16,ok,92,1472,0.06740804017066593,0.06616216742783075,16.391304347826086,0.0,0.0,0.0,1.0,1.0,4.0,20.0,160.0,48.77173913043478,63,0.00237815,0.999803216467043
9076691527785929283,4,vectorchain_cartesian,test,16,ok,92,1472,0.0602893336208362,0.06390767231182078,16.467391304347824,0.0,0.0,0.0,1.0,1.0,4.0,12.0,96.0,48.77173913043478,39,0.0023807999999999998,1.11785570234068
9076691527785929283,4,vectorchain_relational,test,16,ok,92,1472,0.06739477537837144,0.0661449260895565,16.391304347826086,0.0,0.0,0.0,1.0,1.0,4.0,28.0,224.0,48.77173913043478,87,0.0024055500000000002,1.0
9076691527785929283,4,fixed_relational,test,64,ok,92,5888,0.9870974441848778,1.4527254526068862,16.956521739130434,0.30434782608695654,0.4782608695652174,0.33695652173913043,1.0,1.0,4.0,28.0,224.0,37.0,87,0.0027174,0.2626413835047445
9076691527785929283,4,persistence,test,64,ok,92,5888,0.3285985975534342,0.3229857926325167,0.0,0.0,0.0,0.0,1.0,1.0,1.0,1.0,8.0,1.0,0,5.549999999999999e-06,0.7889645309656439
9076691527785929283,4,raw_ar,test,64,ok,92,5888,0.22758714961412652,0.2567181044266135,0.0,0.0,0.0,0.0,1.0,1.0,28.0,28.0,224.0,28.0,29,0.009505099999999999,1.1391356622475206
9076691527785929283,4,raw_matched,test,64,ok,92,5888,858.899907714503,1124.3632544629215,44.51086956521739,0.3804347826086957,0.3804347826086957,0.3804347826086957,1.0,1.0,28.0,28.0,224.0,28.0,87,0.00187205,0.0003018426664925068
9076691527785929283,4,vectorchain_absolute,test,64,ok,92,5888,0.25927376481498066,0.2756188188331106,16.391304347826086,0.0,0.0,0.0,1.0,1.0,4.0,20.0,160.0,48.77173913043478,63,0.00237815,0.9999185169379472
9076691527785929283,4,vectorchain_cartesian,test,64,ok,92,5888,0.2642141188840083,0.27777447307155506,16.467391304347824,0.0,0.0,0.0,1.0,1.0,4.0,12.0,96.0,48.77173913043478,39,0.0023807999999999998,0.9812217435228249
9076691527785929283,4,vectorchain_relational,test,64,ok,92,5888,0.2592526383947136,0.27560163239792734,16.391304347826086,0.0,0.0,0.0,1.0,1.0,4.0,28.0,224.0,48.77173913043478,87,0.0024055500000000002,1.0
9076691527785929283,4,fixed_relational,test,128,ok,92,11776,13.134347378767133,6.366570097593792,16.956521739130434,0.30434782608695654,0.4782608695652174,0.33695652173913043,1.0,1.0,4.0,28.0,224.0,37.0,87,0.0027174,0.043595099828455657
9076691527785929283,4,persistence,test,128,ok,92,11776,0.5585423665865695,0.5038007383104247,0.0,0.0,0.0,0.0,1.0,1.0,1.0,1.0,8.0,1.0,0,5.549999999999999e-06,1.0251562270168826
9076691527785929283,4,raw_ar,test,128,ok,92,11776,0.6016881467956937,0.6347717942027511,0.0,0.0,0.0,0.0,1.0,1.0,28.0,28.0,224.0,28.0,29,0.009505099999999999,0.9516444493851647
9076691527785929283,4,raw_matched,test,128,ok,92,11776,60820072.02774124,112554317.38001205,44.51086956521739,0.3804347826086957,0.3804347826086957,0.3804347826086957,1.0,1.0,28.0,28.0,224.0,28.0,87,0.00187205,9.414543029442599e-09
9076691527785929283,4,vectorchain_absolute,test,128,ok,92,11776,0.5726244029523933,0.5668267768881361,16.391304347826086,0.0,0.0,0.0,1.0,1.0,4.0,20.0,160.0,48.77173913043478,63,0.00237815,0.9999454829496189
9076691527785929283,4,vectorchain_cartesian,test,128,ok,92,11776,0.5816581344695868,0.5685391585578623,16.467391304347824,0.0,0.0,0.0,1.0,1.0,4.0,12.0,96.0,48.77173913043478,39,0.0023807999999999998,0.9844153313202005
9076691527785929283,4,vectorchain_relational,test,128,ok,92,11776,0.5725931851589681,0.566814795004812,16.391304347826086,0.0,0.0,0.0,1.0,1.0,4.0,28.0,224.0,48.77173913043478,87,0.0024055500000000002,1.0
9076691527785929283,4,fixed_relational,validation,16,ok,122,1952,0.08910391337689084,0.10626113928690177,14.844262295081966,0.3442622950819672,0.6147540983606558,0.36065573770491804,1.0,1.0,4.0,28.0,224.0,37.0,87,0.00217645,0.6974722861499596
9076691527785929283,4,persistence,validation,16,ok,122,1952,0.09208745124802661,0.09788616384388886,0.0,0.0,0.0,0.0,1.0,1.0,1.0,1.0,8.0,1.0,0,5.6e-06,0.6748749077711043
9076691527785929283,4,raw_ar,validation,16,ok,122,1952,0.03703304509569691,0.042302251662190926,0.0,0.0,0.0,0.0,1.0,1.0,28.0,28.0,224.0,28.0,29,0.0081385,1.6781636510660398
9076691527785929283,4,raw_matched,validation,16,ok,122,1952,0.13920034545527937,0.12314478575125372,34.08196721311475,0.2540983606557377,0.2540983606557377,0.2540983606557377,1.0,1.0,28.0,28.0,224.0,28.0,87,0.0016108,0.44646089034207204
9076691527785929283,4,vectorchain_absolute,validation,16,ok,122,1952,0.06217361306576305,0.06788968628697832,16.139344262295083,0.0,0.0,0.0,1.0,1.0,4.0,20.0,160.0,49.122950819672134,63,0.0021631999999999997,0.9995801611553857
9076691527785929283,4,vectorchain_cartesian,validation,16,ok,122,1952,0.06344140167257012,0.0715300413210075,16.278688524590162,0.0,0.0,0.0,1.0,1.0,4.0,12.0,96.0,49.122950819672134,39,0.00218225,0.979604935096484
9076691527785929283,4,vectorchain_relational,validation,16,ok,122,1952,0.062147510167888026,0.06777086435840894,16.139344262295083,0.0,0.0,0.0,1.0,1.0,4.0,28.0,224.0,49.122950819672134,87,0.0021873500000000002,1.0
9076691527785929283,4,fixed_relational,validation,64,ok,122,7808,1.3973727909462643,2.0779818034464728,14.844262295081966,0.3442622950819672,0.6147540983606558,0.36065573770491804,1.0,1.0,4.0,28.0,224.0,37.0,87,0.00217645,0.19169602198604044
9076691527785929283,4,persistence,validation,64,ok,122,7808,0.3434074047401534,0.3740857425486761,0.0,0.0,0.0,0.0,1.0,1.0,1.0,1.0,8.0,1.0,0,5.6e-06,0.7800379419850307
9076691527785929283,4,raw_ar,validation,64,ok,122,7808,0.2342296218207571,0.28066667153132696,0.0,0.0,0.0,0.0,1.0,1.0,28.0,28.0,224.0,28.0,29,0.0081385,1.1436248036164973
9076691527785929283,4,raw_matched,validation,64,ok,122,7808,517.2590347417358,574.936032680084,34.08196721311475,0.2540983606557377,0.2540983606557377,0.2540983606557377,1.0,1.0,28.0,28.0,224.0,28.0,87,0.0016108,0.0005178658800801343
9076691527785929283,4,vectorchain_absolute,validation,64,ok,122,7808,0.2678436093165073,0.32557164254030474,16.139344262295083,0.0,0.0,0.0,1.0,1.0,4.0,20.0,160.0,49.122950819672134,63,0.0021631999999999997,1.000101536637338
9076691527785929283,4,vectorchain_cartesian,validation,64,ok,122,7808,0.2724181841964381,0.3323438759086531,16.278688524590162,0.0,0.0,0.0,1.0,1.0,4.0,12.0,96.0,49.122950819672134,39,0.00218225,0.9833073590372761
9076691527785929283,4,vectorchain_relational,validation,64,ok,122,7808,0.26787080525592977,0.3256042211576175,16.139344262295083,0.0,0.0,0.0,1.0,1.0,4.0,28.0,224.0,49.122950819672134,87,0.0021873500000000002,1.0
9076691527785929283,4,fixed_relational,validation,128,ok,122,15616,25.04643725187756,8.83072158362909,14.844262295081966,0.3442622950819672,0.6147540983606558,0.36065573770491804,1.0,1.0,4.0,28.0,224.0,37.0,87,0.00217645,0.02351608283782354
9076691527785929283,4,persistence,validation,128,ok,122,15616,0.6052598093262452,0.6032618985586494,0.0,0.0,0.0,0.0,1.0,1.0,1.0,1.0,8.0,1.0,0,5.6e-06,0.9731260594737826
9076691527785929283,4,raw_ar,validation,128,ok,122,15616,0.6087474281193184,0.6648674159264134,0.0,0.0,0.0,0.0,1.0,1.0,28.0,28.0,224.0,28.0,29,0.0081385,0.9675508527849673
9076691527785929283,4,raw_matched,validation,128,ok,122,15616,36629729.63022603,57534921.50988445,34.08196721311475,0.2540983606557377,0.2540983606557377,0.2540983606557377,1.0,1.0,28.0,28.0,224.0,28.0,87,0.0016108,1.6079673509833317e-08
9076691527785929283,4,vectorchain_absolute,validation,128,ok,122,15616,0.5889751869352429,0.63347444077072,16.139344262295083,0.0,0.0,0.0,1.0,1.0,4.0,20.0,160.0,49.122950819672134,63,0.0021631999999999997,1.0000321002865291
9076691527785929283,4,vectorchain_cartesian,validation,128,ok,122,15616,0.598062734101437,0.6445787871605599,16.278688524590162,0.0,0.0,0.0,1.0,1.0,4.0,12.0,96.0,49.122950819672134,39,0.00218225,0.9848366394078037
9076691527785929283,4,vectorchain_relational,validation,128,ok,122,15616,0.5889940932075021,0.6334750535353073,16.139344262295083,0.0,0.0,0.0,1.0,1.0,4.0,28.0,224.0,49.122950819672134,87,0.0021873500000000002,1.0
9076691527785929283,8,fixed_relational,test,16,ok,92,1472,0.05933211341022175,0.06234488077173473,13.380434782608695,0.20652173913043478,0.25,0.2391304347826087,1.0,1.0,8.0,56.0,448.0,73.0,171,0.0020006,1.3003321559250942
9076691527785929283,8,persistence,test,16,ok,92,1472,0.08972118964493794,0.09148871861596518,0.0,0.0,0.0,0.0,1.0,1.0,1.0,1.0,8.0,1.0,0,7.2e-06,0.8599022733829602
9076691527785929283,8,raw_ar,test,16,ok,92,1472,0.027428655599681002,0.0319955192796259,0.0,0.0,0.0,0.0,1.0,1.0,56.0,56.0,448.0,56.0,57,0.009441950000000001,2.812804829821959
9076691527785929283,8,raw_matched,test,16,ok,92,1472,0.5914013680433652,0.45367061850641455,35.06521739130435,0.2826086956521739,0.29347826086956524,0.30434782608695654,1.0,1.0,56.0,56.0,448.0,56.0,171,0.0016982,0.13045532038851934
9076691527785929283,8,vectorchain_absolute,test,16,ok,92,1472,0.07717856913825025,0.06834324064126315,16.043478260869566,0.0,0.0,0.0,1.0,1.0,8.0,40.0,320.0,96.32608695652173,123,0.00238505,0.9996486823706743
9076691527785929283,8,vectorchain_cartesian,test,16,ok,92,1472,0.06488591199981456,0.06199670465051978,16.304347826086957,0.0,0.0,0.0,1.0,1.0,8.0,24.0,192.0,96.32608695652173,75,0.00241325,1.18903245047286
9076691527785929283,8,vectorchain_relational,test,16,ok,92,1472,0.07715145494630585,0.06832116921229195,16.032608695652176,0.0,0.0,0.0,1.0,1.0,8.0,56.0,448.0,96.32608695652173,171,0.0023926,1.0
9076691527785929283,8,fixed_relational,test,64,ok,92,5888,0.4889144437692013,0.7295817273300264,13.380434782608695,0.20652173913043478,0.25,0.2391304347826087,1.0,1.0,8.0,56.0,448.0,73.0,171,0.0020006,0.4816264924541997
9076691527785929283,8,persistence,test,64,ok,92,5888,0.3285985975534342,0.3229857926325167,0.0,0.0,0.0,0.0,1.0,1.0,1.0,1.0,8.0,1.0,0,7.2e-06,0.7166011979843142
9076691527785929283,8,raw_ar,test,64,ok,92,5888,0.1770418064829006,0.21216073287244147,0.0,0.0,0.0,0.0,1.0,1.0,56.0,56.0,448.0,56.0,57,0.009441950000000001,1.3300482713132475
9076691527785929283,8,raw_matched,test,64,ok,92,5888,1078.8381239396242,1336.0383931270944,35.06521739130435,0.2826086956521739,0.29347826086956524,0.30434782608695654,1.0,1.0,56.0,56.0,448.0,56.0,171,0.0016982,0.000218266432597755
9076691527785929283,8,vectorchain_absolute,test,64,ok,92,5888,0.2355597169994196,0.2539364231615165,16.043478260869566,0.0,0.0,0.0,1.0,1.0,8.0,40.0,320.0,96.32608695652173,123,0.00238505,0.999636744610865
9076691527785929283,8,vectorchain_cartesian,test,64,ok,92,5888,0.23740587586999154,0.25262401379933996,16.304347826086957,0.0,0.0,0.0,1.0,1.0,8.0,24.0,192.0,96.32608695652173,75,0.00241325,0.9918631870413648
9076691527785929283,8,vectorchain_relational,test,64,ok,92,5888,0.23547414866275646,0.2539041856756046,16.032608695652176,0.0,0.0,0.0,1.0,1.0,8.0,56.0,448.0,96.32608695652173,171,0.0023926,1.0
9076691527785929283,8,fixed_relational,test,128,ok,92,11776,1.3701673542862578,2.1992619055504776,13.380434782608695,0.20652173913043478,0.25,0.2391304347826087,1.0,1.0,8.0,56.0,448.0,73.0,171,0.0020006,0.3674877887441044
9076691527785929283,8,persistence,test,128,ok,92,11776,0.5585423665865695,0.5038007383104247,0.0,0.0,0.0,0.0,1.0,1.0,1.0,1.0,8.0,1.0,0,7.2e-06,0.9014889493758309
9076691527785929283,8,raw_ar,test,128,ok,92,11776,0.4899399378841196,0.5403440452547476,0.0,0.0,0.0,0.0,1.0,1.0,56.0,56.0,448.0,56.0,57,0.009441950000000001,1.0277173430901423
9076691527785929283,8,raw_matched,test,128,ok,92,11776,28063218.931119703,49126640.10278112,35.06521739130435,0.2826086956521739,0.29347826086956524,0.30434782608695654,1.0,1.0,56.0,56.0,448.0,56.0,171,0.0016982,1.7942338420688318e-08
9076691527785929283,8,vectorchain_absolute,test,128,ok,92,11776,0.5035473301907731,0.5145394083679903,16.043478260869566,0.0,0.0,0.0,1.0,1.0,8.0,40.0,320.0,96.32608695652173,123,0.00238505,0.9999452703785642
9076691527785929283,8,vectorchain_cartesian,test,128,ok,92,11776,0.5114319256086329,0.5182844797497158,16.304347826086957,0.0,0.0,0.0,1.0,1.0,8.0,24.0,192.0,96.32608695652173,75,0.00241325,0.9845294085557912
9076691527785929283,8,vectorchain_relational,test,128,ok,92,11776,0.5035197712360168,0.5145549796051767,16.032608695652176,0.0,0.0,0.0,1.0,1.0,8.0,56.0,448.0,96.32608695652173,171,0.0023926,1.0
9076691527785929283,8,fixed_relational,validation,16,ok,122,1952,0.07219765101081492,0.07697001751291556,12.245901639344263,0.22131147540983606,0.30327868852459017,0.22950819672131148,1.0,1.0,8.0,56.0,448.0,73.0,171,0.00173955,0.8631984440684983
9076691527785929283,8,persistence,validation,16,ok,122,1952,0.09208745124802661,0.09788616384388886,0.0,0.0,0.0,0.0,1.0,1.0,1.0,1.0,8.0,1.0,0,7e-06,0.6767577902670141
9076691527785929283,8,raw_ar,validation,16,ok,122,1952,0.0291954240619044,0.0337189333056846,0.0,0.0,0.0,0.0,1.0,1.0,56.0,56.0,448.0,56.0,57,0.00816385,2.1346119133530657
9076691527785929283,8,raw_matched,validation,16,ok,122,1952,0.3099811739980899,0.219124030774569,28.311475409836067,0.26229508196721313,0.26229508196721313,0.26229508196721313,1.0,1.0,56.0,56.0,448.0,56.0,171,0.0015295,0.20104737076168344
9076691527785929283,8,vectorchain_absolute,validation,16,ok,122,1952,0.06232411214299442,0.06676775609122884,15.754098360655737,0.0,0.0,0.0,1.0,1.0,8.0,40.0,320.0,98.76229508196721,123,0.00215715,0.9999484609575958
9076691527785929283,8,vectorchain_cartesian,validation,16,ok,122,1952,0.06746793743200377,0.07165486010303522,16.081967213114755,0.0,0.0,0.0,1.0,1.0,8.0,24.0,192.0,98.76229508196721,75,0.0022071,0.9237113566832359
9076691527785929283,8,vectorchain_relational,validation,16,ok,122,1952,0.06232090001793588,0.06675444312424923,15.754098360655737,0.0,0.0,0.0,1.0,1.0,8.0,56.0,448.0,98.76229508196721,171,0.00215955,1.0
9076691527785929283,8,fixed_relational,validation,64,ok,122,7808,0.568877455956248,0.906555569818735,12.245901639344263,0.22131147540983606,0.30327868852459017,0.22950819672131148,1.0,1.0,8.0,56.0,448.0,73.0,171,0.00173955,0.4256874605127477
9076691527785929283,8,persistence,validation,64,ok,122,7808,0.3434074047401534,0.3740857425486761,0.0,0.0,0.0,0.0,1.0,1.0,1.0,1.0,8.0,1.0,0,7e-06,0.7051799006844546
9076691527785929283,8,raw_ar,validation,64,ok,122,7808,0.1837057052337111,0.23191403726932108,0.0,0.0,0.0,0.0,1.0,1.0,56.0,56.0,448.0,56.0,57,0.00816385,1.3182170867305711
9076691527785929283,8,raw_matched,validation,64,ok,122,7808,490.972929308174,396.55695208355655,28.311475409836067,0.26229508196721313,0.26229508196721313,0.26229508196721313,1.0,1.0,56.0,56.0,448.0,56.0,171,0.0015295,0.0004932328955696173
9076691527785929283,8,vectorchain_absolute,validation,64,ok,122,7808,0.2421788980098242,0.2971157264483903,15.754098360655737,0.0,0.0,0.0,1.0,1.0,8.0,40.0,320.0,98.76229508196721,123,0.00215715,0.999938481672107
9076691527785929283,8,vectorchain_cartesian,validation,64,ok,122,7808,0.24822453457374632,0.30332096672225783,16.081967213114755,0.0,0.0,0.0,1.0,1.0,8.0,24.0,192.0,98.76229508196721,75,0.0022071,0.9755844642223386
9076691527785929283,8,vectorchain_relational,validation,64,ok,122,7808,0.24216399956896767,0.29710919423398463,15.754098360655737,0.0,0.0,0.0,1.0,1.0,8.0,56.0,448.0,98.76229508196721,171,0.00215955,1.0
9076691527785929283,8,fixed_relational,validation,128,ok,122,15616,1.526717395704874,2.5191655198118874,12.245901639344263,0.22131147540983606,0.30327868852459017,0.22950819672131148,1.0,1.0,8.0,56.0,448.0,73.0,171,0.00173955,0.33655650486429195
9076691527785929283,8,persistence,validation,128,ok,122,15616,0.6052598093262452,0.6032618985586494,0.0,0.0,0.0,0.0,1.0,1.0,1.0,1.0,8.0,1.0,0,7e-06,0.8489357176811742
9076691527785929283,8,raw_ar,validation,128,ok,122,15616,0.4991612093555716,0.5632887525816264,0.0,0.0,0.0,0.0,1.0,1.0,56.0,56.0,448.0,56.0,57,0.00816385,1.029380210207657
9076691527785929283,8,raw_matched,validation,128,ok,122,15616,12772473.971336836,14566321.467650939,28.311475409836067,0.26229508196721313,0.26229508196721313,0.26229508196721313,1.0,1.0,56.0,56.0,448.0,56.0,171,0.0015295,4.022922041313557e-08
9076691527785929283,8,vectorchain_absolute,validation,128,ok,122,15616,0.5138578656278926,0.5697088782308474,15.754098360655737,0.0,0.0,0.0,1.0,1.0,8.0,40.0,320.0,98.76229508196721,123,0.00215715,0.9999392925241927
9076691527785929283,8,vectorchain_cartesian,validation,128,ok,122,15616,0.5345587058163561,0.5989938761260881,16.081967213114755,0.0,0.0,0.0,1.0,1.0,8.0,24.0,192.0,98.76229508196721,75,0.0022071,0.961216541837536
9076691527785929283,8,vectorchain_relational,validation,128,ok,122,15616,0.5138266706139466,0.5696636825478455,15.754098360655737,0.0,0.0,0.0,1.0,1.0,8.0,56.0,448.0,98.76229508196721,171,0.00215955,1.0
9076691527785929283,16,fixed_relational,test,16,ok,92,1472,0.06733750004057121,0.06729107838072865,15.630434782608695,0.41304347826086957,0.532608695652174,0.45652173913043476,1.0,1.0,16.0,112.0,896.0,145.0,339,0.00245375,1.3660105537575593
9076691527785929283,16,persistence,test,16,ok,92,1472,0.08972118964493794,0.09148871861596518,0.0,0.0,0.0,0.0,1.0,1.0,1.0,1.0,8.0,1.0,0,7.2999999999999996e-06,1.0252175220044026
9076691527785929283,16,raw_ar,test,16,ok,92,1472,0.02380835043442782,0.02900608245869136,0.0,0.0,0.0,0.0,1.0,1.0,112.0,112.0,896.0,112.0,113,0.0096544,3.8635073006174427
9076691527785929283,16,raw_matched,test,16,ok,92,1472,0.4388521462146686,0.3438299348647013,47.57608695652174,0.5217391304347826,0.5217391304347826,0.5543478260869565,1.0,1.0,112.0,112.0,896.0,112.0,339,0.00239645,0.20960074255641362
9076691527785929283,16,vectorchain_absolute,test,16,ok,92,1472,0.09202614312041482,0.07756133538138714,15.16304347826087,0.0,0.0,0.010869565217391304,1.0,1.0,16.0,80.0,640.0,190.8804347826087,243,0.00232075,0.9995391809337376
9076691527785929283,16,vectorchain_cartesian,test,16,ok,92,1472,0.0951417322366478,0.08156809724801352,15.923913043478262,0.0,0.0,0.0,1.0,1.0,16.0,48.0,384.0,190.8804347826087,147,0.0024423500000000002,0.9668074519631141
9076691527785929283,16,vectorchain_relational,test,16,ok,92,1472,0.09198373571907034,0.0775518739924674,15.173913043478262,0.0,0.0,0.010869565217391304,1.0,1.0,16.0,112.0,896.0,190.8804347826087,339,0.002354,1.0
9076691527785929283,16,fixed_relational,test,64,ok,92,5888,0.6377514797794792,0.7990498910247186,15.630434782608695,0.41304347826086957,0.532608695652174,0.45652173913043476,1.0,1.0,16.0,112.0,896.0,145.0,339,0.00245375,0.3727416668815746
9076691527785929283,16,persistence,test,64,ok,92,5888,0.3285985975534342,0.3229857926325167,0.0,0.0,0.0,0.0,1.0,1.0,1.0,1.0,8.0,1.0,0,7.2999999999999996e-06,0.7234253323023945
9076691527785929283,16,raw_ar,test,64,ok,92,5888,0.13821496517715343,0.17329975605464887,0.0,0.0,0.0,0.0,1.0,1.0,112.0,112.0,896.0,112.0,113,0.0096544,1.7199045655042269
9076691527785929283,16,raw_matched,test,64,ok,92,5888,1859.212842975933,2324.3941134496677,47.57608695652174,0.5217391304347826,0.5217391304347826,0.5543478260869565,1.0,1.0,112.0,112.0,896.0,112.0,339,0.00239645,0.00012785870672488202
9076691527785929283,16,vectorchain_absolute,test,64,ok,92,5888,0.23775014445413037,0.25188921624256316,15.16304347826087,0.0,0.0,0.010869565217391304,1.0,1.0,16.0,80.0,640.0,190.8804347826087,243,0.00232075,0.9998586969315473
9076691527785929283,16,vectorchain_cartesian,test,64,ok,92,5888,0.25604576187824446,0.2549095228850005,15.923913043478262,0.0,0.0,0.0,1.0,1.0,16.0,48.0,384.0,190.8804347826087,147,0.0024423500000000002,0.9284143111192502
9076691527785929283,16,vectorchain_relational,test,64,ok,92,5888,0.23771654962919392,0.2519287133856077,15.173913043478262,0.0,0.0,0.010869565217391304,1.0,1.0,16.0,112.0,896.0,190.8804347826087,339,0.002354,1.0
9076691527785929283,16,fixed_relational,test,128,ok,92,11776,2.685670693851098,3.5768387403275854,15.630434782608695,0.41304347826086957,0.532608695652174,0.45652173913043476,1.0,1.0,16.0,112.0,896.0,145.0,339,0.00245375,0.1650661203402824
9076691527785929283,16,persistence,test,128,ok,92,11776,0.5585423665865695,0.5038007383104247,0.0,0.0,0.0,0.0,1.0,1.0,1.0,1.0,8.0,1.0,0,7.2999999999999996e-06,0.79369671571169
9076691527785929283,16,raw_ar,test,128,ok,92,11776,0.3936467858925467,0.46054236052092995,0.0,0.0,0.0,0.0,1.0,1.0,112.0,112.0,896.0,112.0,113,0.0096544,1.1261701043498566
9076691527785929283,16,raw_matched,test,128,ok,92,11776,186363158.92888078,329449650.844372,47.57608695652174,0.5217391304347826,0.5217391304347826,0.5543478260869565,1.0,1.0,112.0,112.0,896.0,112.0,339,0.00239645,2.3787600751861613e-09
9076691527785929283,16,vectorchain_absolute,test,128,ok,92,11776,0.44332086483945815,0.49376183927254447,15.16304347826087,0.0,0.0,0.010869565217391304,1.0,1.0,16.0,80.0,640.0,190.8804347826087,243,0.00232075,0.9999828050189654
9076691527785929283,16,vectorchain_cartesian,test,128,ok,92,11776,0.4501692576733714,0.49897874061469005,15.923913043478262,0.0,0.0,0.0,1.0,1.0,16.0,48.0,384.0,190.8804347826087,147,0.0024423500000000002,0.9847701378738952
9076691527785929283,16,vectorchain_relational,test,128,ok,92,11776,0.443313241945595,0.493810406864909,15.173913043478262,0.0,0.0,0.010869565217391304,1.0,1.0,16.0,112.0,896.0,190.8804347826087,339,0.002354,1.0
9076691527785929283,16,fixed_relational,validation,16,ok,122,1952,0.0686411701057536,0.07466767369234956,14.426229508196721,0.38524590163934425,0.6065573770491803,0.4098360655737705,1.0,1.0,16.0,112.0,896.0,145.0,339,0.0020107,1.100647690464119
9076691527785929283,16,persistence,validation,16,ok,122,1952,0.09208745124802661,0.09788616384388886,0.0,0.0,0.0,0.0,1.0,1.0,1.0,1.0,8.0,1.0,0,5.7e-06,0.8204130348245621
9076691527785929283,16,raw_ar,validation,16,ok,122,1952,0.025010370159052043,0.027800548256581188,0.0,0.0,0.0,0.0,1.0,1.0,112.0,112.0,896.0,112.0,113,0.00803335,3.020736793066159
9076691527785929283,16,raw_matched,validation,16,ok,122,1952,0.3452950973241937,0.25299625835907713,40.221311475409834,0.4672131147540984,0.45901639344262296,0.5081967213114754,1.0,1.0,112.0,112.0,896.0,112.0,339,0.0016396499999999999,0.21879761958137392
9076691527785929283,16,vectorchain_absolute,validation,16,ok,122,1952,0.07575073586374771,0.07560039245131539,14.860655737704919,0.0,0.0,0.00819672131147541,1.0,1.0,16.0,80.0,640.0,197.81967213114754,243,0.0020759000000000003,0.9973466856288128
9076691527785929283,16,vectorchain_cartesian,validation,16,ok,122,1952,0.09597561209932584,0.0856076624135164,15.950819672131148,0.0,0.0,0.0,1.0,1.0,16.0,48.0,384.0,197.81967213114754,147,0.0022045,0.787176488850787
9076691527785929283,16,vectorchain_relational,validation,16,ok,122,1952,0.07554974534765242,0.07529445340519199,14.852459016393443,0.0,0.0,0.00819672131147541,1.0,1.0,16.0,112.0,896.0,197.81967213114754,339,0.0020799,1.0
9076691527785929283,16,fixed_relational,validation,64,ok,122,7808,0.5924324431317795,0.9286463636759267,14.426229508196721,0.38524590163934425,0.6065573770491803,0.4098360655737705,1.0,1.0,16.0,112.0,896.0,145.0,339,0.0020107,0.38019958053495195
9076691527785929283,16,persistence,validation,64,ok,122,7808,0.3434074047401534,0.3740857425486761,0.0,0.0,0.0,0.0,1.0,1.0,1.0,1.0,8.0,1.0,0,5.7e-06,0.655904803638215
9076691527785929283,16,raw_ar,validation,64,ok,122,7808,0.14202394220905507,0.18073741884195596,0.0,0.0,0.0,0.0,1.0,1.0,112.0,112.0,896.0,112.0,113,0.00803335,1.5859478540769478
9076691527785929283,16,raw_matched,validation,64,ok,122,7808,1409.5596469883585,1435.0533957736136,40.221311475409834,0.4672131147540984,0.45901639344262296,0.5081967213114754,1.0,1.0,112.0,112.0,896.0,112.0,339,0.0016396499999999999,0.00015979640652685314
9076691527785929283,16,vectorchain_absolute,validation,64,ok,122,7808,0.22546855051148945,0.2657121869756738,14.860655737704919,0.0,0.0,0.00819672131147541,1.0,1.0,16.0,80.0,640.0,197.81967213114754,243,0.0020759000000000003,0.9989977132643224
9076691527785929283,16,vectorchain_cartesian,validation,64,ok,122,7808,0.24066095193728762,0.27803233462270793,15.950819672131148,0.0,0.0,0.0,1.0,1.0,16.0,48.0,384.0,197.81967213114754,147,0.0022045,0.9359331647316592
9076691527785929283,16,vectorchain_relational,validation,64,ok,122,7808,0.22524256637399934,0.26551767937147785,14.852459016393443,0.0,0.0,0.00819672131147541,1.0,1.0,16.0,112.0,896.0,197.81967213114754,339,0.0020799,1.0
9076691527785929283,16,fixed_relational,validation,128,ok,122,15616,3.1148117528241204,4.0945535435786296,14.426229508196721,0.38524590163934425,0.6065573770491803,0.4098360655737705,1.0,1.0,16.0,112.0,896.0,145.0,339,0.0020107,0.13621371780611002
9076691527785929283,16,persistence,validation,128,ok,122,15616,0.6052598093262452,0.6032618985586494,0.0,0.0,0.0,0.0,1.0,1.0,1.0,1.0,8.0,1.0,0,5.7e-06,0.7009883732254318
9076691527785929283,16,raw_ar,validation,128,ok,122,15616,0.3937940945630571,0.46434611471243553,0.0,0.0,0.0,0.0,1.0,1.0,112.0,112.0,896.0,112.0,113,0.00803335,1.0774160785450808
9076691527785929283,16,raw_matched,validation,128,ok,122,15616,141289436.86684254,203374594.08906516,40.221311475409834,0.4672131147540984,0.45901639344262296,0.5081967213114754,1.0,1.0,112.0,112.0,896.0,112.0,339,0.0016396499999999999,3.0029144324370135e-09
9076691527785929283,16,vectorchain_absolute,validation,128,ok,122,15616,0.424360733891784,0.49670451848548824,14.860655737704919,0.0,0.0,0.00819672131147541,1.0,1.0,16.0,80.0,640.0,197.81967213114754,243,0.0020759000000000003,0.9998099617447996
9076691527785929283,16,vectorchain_cartesian,validation,128,ok,122,15616,0.45885274312942265,0.5707852301341649,15.950819672131148,0.0,0.0,0.0,1.0,1.0,16.0,48.0,384.0,197.81967213114754,147,0.0022045,0.9246541411623828
9076691527785929283,16,vectorchain_relational,validation,128,ok,122,15616,0.4242800891183397,0.4967956301296889,14.852459016393443,0.0,0.0,0.00819672131147541,1.0,1.0,16.0,112.0,896.0,197.81967213114754,339,0.0020799,1.0
