seed,history_length,representation,split,horizon,signal,status,n_origins,n_forecast_samples,trajectory_rmse,endpoint_mae,mean_predicted_events,preprojection_invalid_state_rate,duration_clip_rate,zero_duration_displacement_projection_rate,postprojection_valid_rate,rollout_completion_rate,mean_input_steps,mean_input_scalar_elements,mean_input_bytes,mean_input_raw_span,n_predictive_parameters,rollout_runtime_median_s,candidate_rmse_ratio_vs_control
228973438714350052,4,fixed_relational,test,16,chirp,ok,14,224,0.09560841250837836,0.1497464509505637,11.714285714285714,0.0,0.21428571428571427,0.0,1.0,1.0,4.0,28.0,224.0,37.0,87,0.001734,1.148621614232018
228973438714350052,4,persistence,test,16,chirp,ok,14,224,0.14807409510964267,0.22252319650728367,0.0,0.0,0.0,0.0,1.0,1.0,1.0,1.0,8.0,1.0,0,5e-06,0.7416414669170773
228973438714350052,4,raw_ar,test,16,chirp,ok,14,224,0.05743288244827844,0.0880612440113789,0.0,0.0,0.0,0.0,1.0,1.0,28.0,28.0,224.0,28.0,29,0.0093874,1.912108263213699
228973438714350052,4,raw_matched,test,16,chirp,ok,14,224,0.30772072826136926,0.4563510765849304,20.571428571428573,0.42857142857142855,0.42857142857142855,0.42857142857142855,1.0,1.0,28.0,28.0,224.0,28.0,87,0.0020123,0.3568751761703164
228973438714350052,4,vectorchain_absolute,test,16,chirp,ok,14,224,0.10982967494231793,0.14682870357884759,18.857142857142858,0.0,0.0,0.0,1.0,1.0,4.0,20.0,160.0,51.642857142857146,63,0.00267425,0.9998926899056206
228973438714350052,4,vectorchain_cartesian,test,16,chirp,ok,14,224,0.10302246317480421,0.14258064857439573,19.0,0.0,0.0,0.0,1.0,1.0,4.0,12.0,96.0,51.642857142857146,39,0.0026991999999999997,1.0659606237835706
228973438714350052,4,vectorchain_relational,test,16,chirp,ok,14,224,0.10981788910953422,0.1468223147003575,18.857142857142858,0.0,0.0,0.0,1.0,1.0,4.0,28.0,224.0,51.642857142857146,87,0.0026984,1.0
228973438714350052,4,fixed_relational,test,16,first_order_response,ok,10,160,0.02944640169210766,0.03596659071093161,15.9,0.0,0.4,0.0,1.0,1.0,4.0,28.0,224.0,37.0,87,0.00233145,0.7038773428926424
228973438714350052,4,persistence,test,16,first_order_response,ok,10,160,0.020413769912519364,0.015858864425400087,0.0,0.0,0.0,0.0,1.0,1.0,1.0,1.0,8.0,1.0,0,5.5e-06,1.0153271575809668
228973438714350052,4,raw_ar,test,16,first_order_response,ok,10,160,0.014822808274154844,0.011800137327465954,0.0,0.0,0.0,0.0,1.0,1.0,28.0,28.0,224.0,28.0,29,0.009466249999999999,1.398294749378179
228973438714350052,4,raw_matched,test,16,first_order_response,ok,10,160,0.02836367625211659,0.032679530431704316,24.2,0.5,0.5,0.5,1.0,1.0,28.0,28.0,224.0,28.0,87,0.00283865,0.7307464235791176
228973438714350052,4,vectorchain_absolute,test,16,first_order_response,ok,10,160,0.020731598580473964,0.02278992624866828,19.0,0.0,0.0,0.0,1.0,1.0,4.0,20.0,160.0,55.5,63,0.0026666,0.9997615427645569
228973438714350052,4,vectorchain_cartesian,test,16,first_order_response,ok,10,160,0.017475342251094202,0.013391236399397589,19.0,0.0,0.0,0.0,1.0,1.0,4.0,12.0,96.0,55.5,39,0.00270435,1.1860514479762116
228973438714350052,4,vectorchain_relational,test,16,first_order_response,ok,10,160,0.020726654980790148,0.022782564497633495,19.0,0.0,0.0,0.0,1.0,1.0,4.0,28.0,224.0,55.5,87,0.0027508000000000003,1.0
228973438714350052,4,fixed_relational,test,16,piecewise_linear,ok,11,176,0.025236162909656776,0.027062290478532678,14.0,0.0,0.0,0.0,1.0,1.0,4.0,28.0,224.0,37.0,87,0.0020954,0.7590663492895741
228973438714350052,4,persistence,test,16,piecewise_linear,ok,11,176,0.026900946859797846,0.028596278767330275,0.0,0.0,0.0,0.0,1.0,1.0,1.0,1.0,8.0,1.0,0,5.4e-06,0.7120909962666673
228973438714350052,4,raw_ar,test,16,piecewise_linear,ok,11,176,0.015351623648298568,0.014864185503457866,0.0,0.0,0.0,0.0,1.0,1.0,28.0,28.0,224.0,28.0,29,0.0097931,1.247810817198687
228973438714350052,4,raw_matched,test,16,piecewise_linear,ok,11,176,0.01976558685945233,0.026388460434865965,16.818181818181817,0.09090909090909091,0.0,0.09090909090909091,1.0,1.0,28.0,28.0,224.0,28.0,87,0.002074,0.9691552386540624
228973438714350052,4,vectorchain_absolute,test,16,piecewise_linear,ok,11,176,0.019157942957208234,0.018990828096566128,18.90909090909091,0.0,0.0,0.0,1.0,1.0,4.0,20.0,160.0,50.0,63,0.0027685,0.9998945133461028
228973438714350052,4,vectorchain_cartesian,test,16,piecewise_linear,ok,11,176,0.019354117282960395,0.01946412220041859,19.0,0.0,0.0,0.0,1.0,1.0,4.0,12.0,96.0,50.0,39,0.0028001,0.9897595312587691
228973438714350052,4,vectorchain_relational,test,16,piecewise_linear,ok,11,176,0.019155922049910123,0.01899128133522935,18.90909090909091,0.0,0.0,0.0,1.0,1.0,4.0,28.0,224.0,50.0,87,0.0027995,1.0
228973438714350052,4,fixed_relational,test,16,ramp,ok,11,176,0.03203762116800786,0.045610652850964835,15.090909090909092,0.0,0.36363636363636365,0.0,1.0,1.0,4.0,28.0,224.0,37.0,87,0.0023563,0.9608709321544171
228973438714350052,4,persistence,test,16,ramp,ok,11,176,0.02303368467901172,0.01879177440849963,0.0,0.0,0.0,0.0,1.0,1.0,1.0,1.0,8.0,1.0,0,5.1e-06,1.336478264103536
228973438714350052,4,raw_ar,test,16,ramp,ok,11,176,0.01720486919799984,0.0178352788908536,0.0,0.0,0.0,0.0,1.0,1.0,28.0,28.0,224.0,28.0,29,0.0093894,1.7892620142263336
228973438714350052,4,raw_matched,test,16,ramp,ok,11,176,0.03613701981303163,0.03947843949409721,22.818181818181817,0.45454545454545453,0.36363636363636365,0.45454545454545453,1.0,1.0,28.0,28.0,224.0,28.0,87,0.0023027,0.851869331643462
228973438714350052,4,vectorchain_absolute,test,16,ramp,ok,11,176,0.03079185784937749,0.03664325766481344,19.0,0.0,0.0,0.0,1.0,1.0,4.0,20.0,160.0,48.54545454545455,63,0.0027049,0.9997454218676236
228973438714350052,4,vectorchain_cartesian,test,16,ramp,ok,11,176,0.025424170636387678,0.028042828885790613,19.0,0.0,0.0,0.0,1.0,1.0,4.0,12.0,96.0,48.54545454545455,39,0.0027385,1.2108170353315273
228973438714350052,4,vectorchain_relational,test,16,ramp,ok,11,176,0.030784018915713796,0.03663153314954097,19.0,0.0,0.0,0.0,1.0,1.0,4.0,28.0,224.0,48.54545454545455,87,0.0027106,1.0
228973438714350052,4,fixed_relational,test,16,regime_change,ok,14,224,0.11403287886232887,0.13987725609592186,12.5,0.0,0.2857142857142857,0.0,1.0,1.0,4.0,28.0,224.0,37.0,87,0.0018402000000000002,0.9761099892741835
228973438714350052,4,persistence,test,16,regime_change,ok,14,224,0.1781276299910509,0.26355671534098646,0.0,0.0,0.0,0.0,1.0,1.0,1.0,1.0,8.0,1.0,0,4.95e-06,0.6248813402435334
228973438714350052,4,raw_ar,test,16,regime_change,ok,14,224,0.07736032231801002,0.12631252004012708,0.0,0.0,0.0,0.0,1.0,1.0,28.0,28.0,224.0,28.0,29,0.00948525,1.4388336142867733
228973438714350052,4,raw_matched,test,16,regime_change,ok,14,224,0.5350371099676325,0.7136759964489503,23.785714285714285,0.42857142857142855,0.42857142857142855,0.42857142857142855,1.0,1.0,28.0,28.0,224.0,28.0,87,0.0018773499999999999,0.20803908755029307
228973438714350052,4,vectorchain_absolute,test,16,regime_change,ok,14,224,0.11131152413840119,0.17533363456475426,18.785714285714285,0.0,0.0,0.0,1.0,1.0,4.0,20.0,160.0,45.142857142857146,63,0.0027117499999999998,0.9999740190855216
228973438714350052,4,vectorchain_cartesian,test,16,regime_change,ok,14,224,0.1164914075146943,0.18228129602493573,19.0,0.0,0.0,0.0,1.0,1.0,4.0,12.0,96.0,45.142857142857146,39,0.002726,0.9555093765106369
228973438714350052,4,vectorchain_relational,test,16,regime_change,ok,14,224,0.11130863216321209,0.1753249962344333,18.785714285714285,0.0,0.0,0.0,1.0,1.0,4.0,28.0,224.0,45.142857142857146,87,0.0027143000000000002,1.0
228973438714350052,4,fixed_relational,test,16,second_order_response,ok,17,272,0.032574713951852206,0.044663267758228035,14.294117647058824,0.0,0.11764705882352941,0.0,1.0,1.0,4.0,28.0,224.0,37.0,87,0.0021892,0.7927629311047977
228973438714350052,4,persistence,test,16,second_order_response,ok,17,272,0.020279063844545142,0.017388054522864613,0.0,0.0,0.0,0.0,1.0,1.0,1.0,1.0,8.0,1.0,0,5.1e-06,1.273432832517912
228973438714350052,4,raw_ar,test,16,second_order_response,ok,17,272,0.016294516630666923,0.0155530777839833,0.0,0.0,0.0,0.0,1.0,1.0,28.0,28.0,224.0,28.0,29,0.0093656,1.5848291973122335
228973438714350052,4,raw_matched,test,16,second_order_response,ok,17,272,0.03861652225080471,0.043126694741382816,23.529411764705884,0.4117647058823529,0.4117647058823529,0.4117647058823529,1.0,1.0,28.0,28.0,224.0,28.0,87,0.0022482,0.6687299686038549
228973438714350052,4,vectorchain_absolute,test,16,second_order_response,ok,17,272,0.02582265637136142,0.03023604007666807,19.0,0.0,0.0,0.0,1.0,1.0,4.0,20.0,160.0,36.294117647058826,63,0.0026924,1.0000530286655869
228973438714350052,4,vectorchain_cartesian,test,16,second_order_response,ok,17,272,0.023784324834885462,0.02655235902140543,19.0,0.0,0.0,0.0,1.0,1.0,4.0,12.0,96.0,36.294117647058826,39,0.0027216,1.0857581996396857
228973438714350052,4,vectorchain_relational,test,16,second_order_response,ok,17,272,0.0258240257123707,0.030243785034841455,19.0,0.0,0.0,0.0,1.0,1.0,4.0,28.0,224.0,36.294117647058826,87,0.0026852,1.0
228973438714350052,4,fixed_relational,test,16,sine,ok,14,224,0.05689340347812009,0.07993040109717879,12.785714285714286,0.0,0.0,0.0,1.0,1.0,4.0,28.0,224.0,37.0,87,0.0019018,0.8300520827793804
228973438714350052,4,persistence,test,16,sine,ok,14,224,0.05405886741813946,0.07408005344690441,0.0,0.0,0.0,0.0,1.0,1.0,1.0,1.0,8.0,1.0,0,7.45e-06,0.8735752395281415
228973438714350052,4,raw_ar,test,16,sine,ok,14,224,0.015878680181613574,0.01561869959741941,0.0,0.0,0.0,0.0,1.0,1.0,28.0,28.0,224.0,28.0,29,0.0093837,2.974081442115318
228973438714350052,4,raw_matched,test,16,sine,ok,14,224,0.07775124202123256,0.11587374816138543,15.714285714285714,0.07142857142857142,0.07142857142857142,0.07142857142857142,1.0,1.0,28.0,28.0,224.0,28.0,87,0.00189545,0.6073792112610241
228973438714350052,4,vectorchain_absolute,test,16,sine,ok,14,224,0.047229090061518327,0.05804333726699743,18.785714285714285,0.0,0.0,0.0,1.0,1.0,4.0,20.0,160.0,43.142857142857146,63,0.0027062500000000003,0.999902559882244
228973438714350052,4,vectorchain_cartesian,test,16,sine,ok,14,224,0.050489281252692184,0.057927821134971594,19.0,0.0,0.0,0.0,1.0,1.0,4.0,12.0,96.0,43.142857142857146,39,0.00275205,0.9353369048188446
228973438714350052,4,vectorchain_relational,test,16,sine,ok,14,224,0.04722448805342122,0.05802964970056113,18.785714285714285,0.0,0.0,0.0,1.0,1.0,4.0,28.0,224.0,43.142857142857146,87,0.0027505,1.0
228973438714350052,4,fixed_relational,test,64,chirp,ok,14,896,0.5465885945393232,0.6043494562207032,11.714285714285714,0.0,0.21428571428571427,0.0,1.0,1.0,4.0,28.0,224.0,37.0,87,0.001734,0.792874435422542
228973438714350052,4,persistence,test,64,chirp,ok,14,896,0.5825722657241893,0.917370569558563,0.0,0.0,0.0,0.0,1.0,1.0,1.0,1.0,8.0,1.0,0,5e-06,0.7439010553738623
228973438714350052,4,raw_ar,test,64,chirp,ok,14,896,0.38179063283661946,0.6656993249582807,0.0,0.0,0.0,0.0,1.0,1.0,28.0,28.0,224.0,28.0,29,0.0093874,1.1351146047871274
228973438714350052,4,raw_matched,test,64,chirp,ok,14,896,2.791438909513873,4.190985517490068,20.571428571428573,0.42857142857142855,0.42857142857142855,0.42857142857142855,1.0,1.0,28.0,28.0,224.0,28.0,87,0.0020123,0.15525187451773348
228973438714350052,4,vectorchain_absolute,test,64,chirp,ok,14,896,0.43338082172375,0.7221677905725249,18.857142857142858,0.0,0.0,0.0,1.0,1.0,4.0,20.0,160.0,51.642857142857146,63,0.00267425,0.9999891586804309
228973438714350052,4,vectorchain_cartesian,test,64,chirp,ok,14,896,0.44694081737174673,0.7431501402978988,19.0,0.0,0.0,0.0,1.0,1.0,4.0,12.0,96.0,51.642857142857146,39,0.0026991999999999997,0.9696499099192867
228973438714350052,4,vectorchain_relational,test,64,chirp,ok,14,896,0.43337612330376657,0.7221675765644827,18.857142857142858,0.0,0.0,0.0,1.0,1.0,4.0,28.0,224.0,51.642857142857146,87,0.0026984,1.0
228973438714350052,4,fixed_relational,test,64,first_order_response,ok,10,640,0.5451973970352787,0.8806485379850623,15.9,0.0,0.4,0.0,1.0,1.0,4.0,28.0,224.0,37.0,87,0.00233145,0.08301914209784247
228973438714350052,4,persistence,test,64,first_order_response,ok,10,640,0.021261570110176996,0.01786534815971059,0.0,0.0,0.0,0.0,1.0,1.0,1.0,1.0,8.0,1.0,0,5.5e-06,2.128808923390882
228973438714350052,4,raw_ar,test,64,first_order_response,ok,10,640,0.027526531441091125,0.032665017898766004,0.0,0.0,0.0,0.0,1.0,1.0,28.0,28.0,224.0,28.0,29,0.009466249999999999,1.6442979847537054
228973438714350052,4,raw_matched,test,64,first_order_response,ok,10,640,0.1323090139845422,0.26483873935970353,24.2,0.5,0.5,0.5,1.0,1.0,28.0,28.0,224.0,28.0,87,0.00283865,0.3420917351945018
228973438714350052,4,vectorchain_absolute,test,64,first_order_response,ok,10,640,0.045267716741728525,0.05266199424071381,19.0,0.0,0.0,0.0,1.0,1.0,4.0,20.0,160.0,55.5,63,0.0026666,0.9998697401524242
228973438714350052,4,vectorchain_cartesian,test,64,first_order_response,ok,10,640,0.029197705369229932,0.02937917089883809,19.0,0.0,0.0,0.0,1.0,1.0,4.0,12.0,96.0,55.5,39,0.00270435,1.5501841532912006
228973438714350052,4,vectorchain_relational,test,64,first_order_response,ok,10,640,0.045261820175845645,0.05265418476671283,19.0,0.0,0.0,0.0,1.0,1.0,4.0,28.0,224.0,55.5,87,0.0027508000000000003,1.0
228973438714350052,4,fixed_relational,test,64,piecewise_linear,ok,11,704,0.21232531292737347,0.3963550660368432,14.0,0.0,0.0,0.0,1.0,1.0,4.0,28.0,224.0,37.0,87,0.0020954,0.2240666531189069
228973438714350052,4,persistence,test,64,piecewise_linear,ok,11,704,0.05865951898703798,0.09173574360977634,0.0,0.0,0.0,0.0,1.0,1.0,1.0,1.0,8.0,1.0,0,5.4e-06,0.8110366921108545
228973438714350052,4,raw_ar,test,64,piecewise_linear,ok,11,704,0.032428547750519746,0.04674337578779622,0.0,0.0,0.0,0.0,1.0,1.0,28.0,28.0,224.0,28.0,29,0.0097931,1.4670722415960993
228973438714350052,4,raw_matched,test,64,piecewise_linear,ok,11,704,0.15016935810393198,0.3175463442081768,16.818181818181817,0.09090909090909091,0.0,0.09090909090909091,1.0,1.0,28.0,28.0,224.0,28.0,87,0.002074,0.3168091203209016
228973438714350052,4,vectorchain_absolute,test,64,piecewise_linear,ok,11,704,0.047573546148034204,0.0709547067719659,18.90909090909091,0.0,0.0,0.0,1.0,1.0,4.0,20.0,160.0,50.0,63,0.0027685,1.0000310275803772
228973438714350052,4,vectorchain_cartesian,test,64,piecewise_linear,ok,11,704,0.04052216901804958,0.05835069724341588,19.0,0.0,0.0,0.0,1.0,1.0,4.0,12.0,96.0,50.0,39,0.0028001,1.1740492523702286
228973438714350052,4,vectorchain_relational,test,64,piecewise_linear,ok,11,704,0.047575022240061146,0.07095299933416413,18.90909090909091,0.0,0.0,0.0,1.0,1.0,4.0,28.0,224.0,50.0,87,0.0027995,1.0
228973438714350052,4,fixed_relational,test,64,ramp,ok,11,704,0.5636981475444917,1.0241628445369093,15.090909090909092,0.0,0.36363636363636365,0.0,1.0,1.0,4.0,28.0,224.0,37.0,87,0.0023563,0.10643127140142478
228973438714350052,4,persistence,test,64,ramp,ok,11,704,0.02674277349832364,0.02998232743256205,0.0,0.0,0.0,0.0,1.0,1.0,1.0,1.0,8.0,1.0,0,5.1e-06,2.2434139276372718
228973438714350052,4,raw_ar,test,64,ramp,ok,11,704,0.03075186130242367,0.03312615793666514,0.0,0.0,0.0,0.0,1.0,1.0,28.0,28.0,224.0,28.0,29,0.0093894,1.950942414177048
228973438714350052,4,raw_matched,test,64,ramp,ok,11,704,0.9030625283433352,1.2997742112594521,22.818181818181817,0.45454545454545453,0.36363636363636365,0.45454545454545453,1.0,1.0,28.0,28.0,224.0,28.0,87,0.0023027,0.06643516771739935
228973438714350052,4,vectorchain_absolute,test,64,ramp,ok,11,704,0.06000479056137335,0.06831132566939346,19.0,0.0,0.0,0.0,1.0,1.0,4.0,20.0,160.0,48.54545454545455,63,0.0027049,0.9998386790205479
228973438714350052,4,vectorchain_cartesian,test,64,ramp,ok,11,704,0.04226930303988522,0.0448111996034855,19.0,0.0,0.0,0.0,1.0,1.0,4.0,12.0,96.0,48.54545454545455,39,0.0027385,1.4193541462743524
228973438714350052,4,vectorchain_relational,test,64,ramp,ok,11,704,0.059995110529788176,0.06829812666053403,19.0,0.0,0.0,0.0,1.0,1.0,4.0,28.0,224.0,48.54545454545455,87,0.0027106,1.0
228973438714350052,4,fixed_relational,test,64,regime_change,ok,14,896,0.4904108094638585,0.6063176623438963,12.5,0.0,0.2857142857142857,0.0,1.0,1.0,4.0,28.0,224.0,37.0,87,0.0018402000000000002,1.136622004821027
228973438714350052,4,persistence,test,64,regime_change,ok,14,896,0.6803189292383993,1.0603069118602517,0.0,0.0,0.0,0.0,1.0,1.0,1.0,1.0,8.0,1.0,0,4.95e-06,0.8193388328364206
228973438714350052,4,raw_ar,test,64,regime_change,ok,14,896,0.4623987630633334,0.8058560159991085,0.0,0.0,0.0,0.0,1.0,1.0,28.0,28.0,224.0,28.0,29,0.00948525,1.2054783921694152
228973438714350052,4,raw_matched,test,64,regime_change,ok,14,896,3.8788769137723977,4.688061156547638,23.785714285714285,0.42857142857142855,0.42857142857142855,0.42857142857142855,1.0,1.0,28.0,28.0,224.0,28.0,87,0.0018773499999999999,0.14370440976344448
228973438714350052,4,vectorchain_absolute,test,64,regime_change,ok,14,896,0.5574166862838029,0.961084111164434,18.785714285714285,0.0,0.0,0.0,1.0,1.0,4.0,20.0,160.0,45.142857142857146,63,0.0027117499999999998,0.9999910859412506
228973438714350052,4,vectorchain_cartesian,test,64,regime_change,ok,14,896,0.5730943449145813,0.9870766038384319,19.0,0.0,0.0,0.0,1.0,1.0,4.0,12.0,96.0,45.142857142857146,39,0.002726,0.9726351732222985
228973438714350052,4,vectorchain_relational,test,64,regime_change,ok,14,896,0.5574117174387135,0.9610723205247818,18.785714285714285,0.0,0.0,0.0,1.0,1.0,4.0,28.0,224.0,45.142857142857146,87,0.0027143000000000002,1.0
228973438714350052,4,fixed_relational,test,64,second_order_response,ok,17,1088,0.5034785289886659,0.9345325578128717,14.294117647058824,0.0,0.11764705882352941,0.0,1.0,1.0,4.0,28.0,224.0,37.0,87,0.0021892,0.11381720051983138
228973438714350052,4,persistence,test,64,second_order_response,ok,17,1088,0.02975440007259963,0.034655172335138575,0.0,0.0,0.0,0.0,1.0,1.0,1.0,1.0,8.0,1.0,0,5.1e-06,1.925917395461237
228973438714350052,4,raw_ar,test,64,second_order_response,ok,17,1088,0.030161770263441964,0.03736837816832718,0.0,0.0,0.0,0.0,1.0,1.0,28.0,28.0,224.0,28.0,29,0.0093656,1.8999056153142821
228973438714350052,4,raw_matched,test,64,second_order_response,ok,17,1088,0.21564491596179083,0.4163341314303921,23.529411764705884,0.4117647058823529,0.4117647058823529,0.4117647058823529,1.0,1.0,28.0,28.0,224.0,28.0,87,0.0022482,0.2657355330439891
228973438714350052,4,vectorchain_absolute,test,64,second_order_response,ok,17,1088,0.057299315852450766,0.06943783037763161,19.0,0.0,0.0,0.0,1.0,1.0,4.0,20.0,160.0,36.294117647058826,63,0.0026924,1.000090766160199
228973438714350052,4,vectorchain_cartesian,test,64,second_order_response,ok,17,1088,0.047964872649529165,0.05858295548128207,19.0,0.0,0.0,0.0,1.0,1.0,4.0,12.0,96.0,36.294117647058826,39,0.0027216,1.1947184163303566
228973438714350052,4,vectorchain_relational,test,64,second_order_response,ok,17,1088,0.05730451669133272,0.06944177638285194,19.0,0.0,0.0,0.0,1.0,1.0,4.0,28.0,224.0,36.294117647058826,87,0.0026852,1.0
228973438714350052,4,fixed_relational,test,64,sine,ok,14,896,0.4380060178407741,0.7210168783575054,12.785714285714286,0.0,0.0,0.0,1.0,1.0,4.0,28.0,224.0,37.0,87,0.0019018,0.31171175460523426
228973438714350052,4,persistence,test,64,sine,ok,14,896,0.2167588819114555,0.3179727029718902,0.0,0.0,0.0,0.0,1.0,1.0,1.0,1.0,8.0,1.0,0,7.45e-06,0.6298778769516418
228973438714350052,4,raw_ar,test,64,sine,ok,14,896,0.07205175830908027,0.12948691301187543,0.0,0.0,0.0,0.0,1.0,1.0,28.0,28.0,224.0,28.0,29,0.0093837,1.8949103748880052
228973438714350052,4,raw_matched,test,64,sine,ok,14,896,0.46376879163085327,0.9083820301890022,15.714285714285714,0.07142857142857142,0.07142857142857142,0.07142857142857142,1.0,1.0,28.0,28.0,224.0,28.0,87,0.00189545,0.29439588608082645
228973438714350052,4,vectorchain_absolute,test,64,sine,ok,14,896,0.1365334126887461,0.1665381401071572,18.785714285714285,0.0,0.0,0.0,1.0,1.0,4.0,20.0,160.0,43.142857142857146,63,0.0027062500000000003,0.9999869018146426
228973438714350052,4,vectorchain_cartesian,test,64,sine,ok,14,896,0.14106887683864408,0.17882161229954238,19.0,0.0,0.0,0.0,1.0,1.0,4.0,12.0,96.0,43.142857142857146,39,0.00275205,0.9678366157615715
228973438714350052,4,vectorchain_relational,test,64,sine,ok,14,896,0.13653162434879923,0.166539552053605,18.785714285714285,0.0,0.0,0.0,1.0,1.0,4.0,28.0,224.0,43.142857142857146,87,0.0027505,1.0
228973438714350052,4,fixed_relational,test,128,chirp,ok,14,1792,1.046597911035302,1.487376734818295,11.714285714285714,0.0,0.21428571428571427,0.0,1.0,1.0,4.0,28.0,224.0,37.0,87,0.001734,0.9156443920520791
228973438714350052,4,persistence,test,128,chirp,ok,14,1792,1.0058112971805544,1.2774967146566325,0.0,0.0,0.0,0.0,1.0,1.0,1.0,1.0,8.0,1.0,0,5e-06,0.9527746513279295
228973438714350052,4,raw_ar,test,128,chirp,ok,14,1792,0.979436297056683,1.5904638600858376,0.0,0.0,0.0,0.0,1.0,1.0,28.0,28.0,224.0,28.0,29,0.0093874,0.9784316865249224
228973438714350052,4,raw_matched,test,128,chirp,ok,14,1792,5.65827053228704,7.561966405146124,20.571428571428573,0.42857142857142855,0.42857142857142855,0.42857142857142855,1.0,1.0,28.0,28.0,224.0,28.0,87,0.0020123,0.1693647383073342
228973438714350052,4,vectorchain_absolute,test,128,chirp,ok,14,1792,0.9583158018862252,1.415027284598653,18.857142857142858,0.0,0.0,0.0,1.0,1.0,4.0,20.0,160.0,51.642857142857146,63,0.00267425,0.9999955193128178
228973438714350052,4,vectorchain_cartesian,test,128,chirp,ok,14,1792,0.9824344197822487,1.449932938875951,19.0,0.0,0.0,0.0,1.0,1.0,4.0,12.0,96.0,51.642857142857146,39,0.0026991999999999997,0.9754457790529162
228973438714350052,4,vectorchain_relational,test,128,chirp,ok,14,1792,0.9583115079728952,1.415018427612705,18.857142857142858,0.0,0.0,0.0,1.0,1.0,4.0,28.0,224.0,51.642857142857146,87,0.0026984,1.0
228973438714350052,4,fixed_relational,test,128,first_order_response,ok,10,1280,1.2171856918793917,1.971327243848004,15.9,0.0,0.4,0.0,1.0,1.0,4.0,28.0,224.0,37.0,87,0.00233145,0.04940090671523758
228973438714350052,4,persistence,test,128,first_order_response,ok,10,1280,0.021081962623957885,0.019063433779038665,0.0,0.0,0.0,0.0,1.0,1.0,1.0,1.0,8.0,1.0,0,5.5e-06,2.852204886812718
228973438714350052,4,raw_ar,test,128,first_order_response,ok,10,1280,0.03972879765812622,0.04749660847409265,0.0,0.0,0.0,0.0,1.0,1.0,28.0,28.0,224.0,28.0,29,0.009466249999999999,1.5135136315245774
228973438714350052,4,raw_matched,test,128,first_order_response,ok,10,1280,2.611168210253608,5.623113177406326,24.2,0.5,0.5,0.5,1.0,1.0,28.0,28.0,224.0,28.0,87,0.00283865,0.02302803648709236
228973438714350052,4,vectorchain_absolute,test,128,first_order_response,ok,10,1280,0.0601381916986553,0.07279787802555573,19.0,0.0,0.0,0.0,1.0,1.0,4.0,20.0,160.0,55.5,63,0.0026666,0.9998650628033476
228973438714350052,4,vectorchain_cartesian,test,128,first_order_response,ok,10,1280,0.03697880539830645,0.03948922144653512,19.0,0.0,0.0,0.0,1.0,1.0,4.0,12.0,96.0,55.5,39,0.00270435,1.6260686674970193
228973438714350052,4,vectorchain_relational,test,128,first_order_response,ok,10,1280,0.060130076819655744,0.07278319831866495,19.0,0.0,0.0,0.0,1.0,1.0,4.0,28.0,224.0,55.5,87,0.0027508000000000003,1.0
228973438714350052,4,fixed_relational,test,128,piecewise_linear,ok,11,1408,0.8235794193831801,1.5061152512765525,14.0,0.0,0.0,0.0,1.0,1.0,4.0,28.0,224.0,37.0,87,0.0020954,0.11533001254173002
228973438714350052,4,persistence,test,128,piecewise_linear,ok,11,1408,0.10525928860945853,0.1753486799827778,0.0,0.0,0.0,0.0,1.0,1.0,1.0,1.0,8.0,1.0,0,5.4e-06,0.9023757049982355
228973438714350052,4,raw_ar,test,128,piecewise_linear,ok,11,1408,0.05731562728481965,0.08566819923972392,0.0,0.0,0.0,0.0,1.0,1.0,28.0,28.0,224.0,28.0,29,0.0097931,1.657199428256624
228973438714350052,4,raw_matched,test,128,piecewise_linear,ok,11,1408,0.7810721868874573,1.909001662566517,16.818181818181817,0.09090909090909091,0.0,0.09090909090909091,1.0,1.0,28.0,28.0,224.0,28.0,87,0.002074,0.12160646142718023
228973438714350052,4,vectorchain_absolute,test,128,piecewise_linear,ok,11,1408,0.09498355959290414,0.1608313095849666,18.90909090909091,0.0,0.0,0.0,1.0,1.0,4.0,20.0,160.0,50.0,63,0.0027685,0.9999985805298114
228973438714350052,4,vectorchain_cartesian,test,128,piecewise_linear,ok,11,1408,0.07983985978341365,0.135427698429888,19.0,0.0,0.0,0.0,1.0,1.0,4.0,12.0,96.0,50.0,39,0.0028001,1.1896742432193654
228973438714350052,4,vectorchain_relational,test,128,piecewise_linear,ok,11,1408,0.09498342476657289,0.16082889205127252,18.90909090909091,0.0,0.0,0.0,1.0,1.0,4.0,28.0,224.0,50.0,87,0.0027995,1.0
228973438714350052,4,fixed_relational,test,128,ramp,ok,11,1408,1.2125395591442625,1.8613854689682225,15.090909090909092,0.0,0.36363636363636365,0.0,1.0,1.0,4.0,28.0,224.0,37.0,87,0.0023563,0.06152081963381404
228973438714350052,4,persistence,test,128,ramp,ok,11,1408,0.039847864947836036,0.05568374617990368,0.0,0.0,0.0,0.0,1.0,1.0,1.0,1.0,8.0,1.0,0,5.1e-06,1.8720307252253316
228973438714350052,4,raw_ar,test,128,ramp,ok,11,1408,0.04763018107769729,0.0611462518014521,0.0,0.0,0.0,0.0,1.0,1.0,28.0,28.0,224.0,28.0,29,0.0093894,1.5661588058061815
228973438714350052,4,raw_matched,test,128,ramp,ok,11,1408,5.966026543158483,5.860606059446095,22.818181818181817,0.45454545454545453,0.36363636363636365,0.45454545454545453,1.0,1.0,28.0,28.0,224.0,28.0,87,0.0023027,0.012503535976138376
228973438714350052,4,vectorchain_absolute,test,128,ramp,ok,11,1408,0.07460845561211608,0.07346074322325148,19.0,0.0,0.0,0.0,1.0,1.0,4.0,20.0,160.0,48.54545454545455,63,0.0027049,0.9998387837539481
228973438714350052,4,vectorchain_cartesian,test,128,ramp,ok,11,1408,0.05274451156620032,0.05391702383727153,19.0,0.0,0.0,0.0,1.0,1.0,4.0,12.0,96.0,48.54545454545455,39,0.0027385,1.4142974368688888
228973438714350052,4,vectorchain_relational,test,128,ramp,ok,11,1408,0.07459642751697856,0.07344610411889835,19.0,0.0,0.0,0.0,1.0,1.0,4.0,28.0,224.0,48.54545454545455,87,0.0027106,1.0
228973438714350052,4,fixed_relational,test,128,regime_change,ok,14,1792,1.2139341845400051,1.7618977498426287,12.5,0.0,0.2857142857142857,0.0,1.0,1.0,4.0,28.0,224.0,37.0,87,0.0018402000000000002,0.9018755581236316
228973438714350052,4,persistence,test,128,regime_change,ok,14,1792,1.1021684794448572,1.3510416622383636,0.0,0.0,0.0,0.0,1.0,1.0,1.0,1.0,8.0,1.0,0,4.95e-06,0.9933305031176478
228973438714350052,4,raw_ar,test,128,regime_change,ok,14,1792,1.0686866571942812,1.5051311400871772,0.0,0.0,0.0,0.0,1.0,1.0,28.0,28.0,224.0,28.0,29,0.00948525,1.0244514262783961
228973438714350052,4,raw_matched,test,128,regime_change,ok,14,1792,8.605664513804662,12.32977142305184,23.785714285714285,0.42857142857142855,0.42857142857142855,0.42857142857142855,1.0,1.0,28.0,28.0,224.0,28.0,87,0.0018773499999999999,0.12722057296692613
228973438714350052,4,vectorchain_absolute,test,128,regime_change,ok,14,1792,1.0948260581758957,1.464040590996106,18.785714285714285,0.0,0.0,0.0,1.0,1.0,4.0,20.0,160.0,45.142857142857146,63,0.0027117499999999998,0.9999922471990327
228973438714350052,4,vectorchain_cartesian,test,128,regime_change,ok,14,1792,1.1247127953089275,1.4980371621749136,19.0,0.0,0.0,0.0,1.0,1.0,4.0,12.0,96.0,45.142857142857146,39,0.002726,0.9734196808054065
228973438714350052,4,vectorchain_relational,test,128,regime_change,ok,14,1792,1.0948175702073728,1.4640344103857903,18.785714285714285,0.0,0.0,0.0,1.0,1.0,4.0,28.0,224.0,45.142857142857146,87,0.0027143000000000002,1.0
228973438714350052,4,fixed_relational,test,128,second_order_response,ok,17,2176,1.1752851997653102,1.9607301006837892,14.294117647058824,0.0,0.11764705882352941,0.0,1.0,1.0,4.0,28.0,224.0,37.0,87,0.0021892,0.07117367569094597
228973438714350052,4,persistence,test,128,second_order_response,ok,17,2176,0.04547404892341968,0.06050677176539046,0.0,0.0,0.0,0.0,1.0,1.0,1.0,1.0,8.0,1.0,0,5.1e-06,1.8394968038437505
228973438714350052,4,raw_ar,test,128,second_order_response,ok,17,2176,0.047988884398938114,0.05682347377878325,0.0,0.0,0.0,0.0,1.0,1.0,28.0,28.0,224.0,28.0,29,0.0093656,1.7430988175735922
228973438714350052,4,raw_matched,test,128,second_order_response,ok,17,2176,3.064151113292426,5.323336196678857,23.529411764705884,0.4117647058823529,0.4117647058823529,0.4117647058823529,1.0,1.0,28.0,28.0,224.0,28.0,87,0.0022482,0.027299361082288042
228973438714350052,4,vectorchain_absolute,test,128,second_order_response,ok,17,2176,0.0836453704277752,0.10081231790751023,19.0,0.0,0.0,0.0,1.0,1.0,4.0,20.0,160.0,36.294117647058826,63,0.0026924,1.000047787757639
228973438714350052,4,vectorchain_cartesian,test,128,second_order_response,ok,17,2176,0.07097710380075464,0.08735611019812548,19.0,0.0,0.0,0.0,1.0,1.0,4.0,12.0,96.0,36.294117647058826,39,0.0027216,1.1785401653931034
228973438714350052,4,vectorchain_relational,test,128,second_order_response,ok,17,2176,0.08364936765246483,0.10081479848085743,19.0,0.0,0.0,0.0,1.0,1.0,4.0,28.0,224.0,36.294117647058826,87,0.0026852,1.0
228973438714350052,4,fixed_relational,test,128,sine,ok,14,1792,0.9260385311108382,1.4096019944913412,12.785714285714286,0.0,0.0,0.0,1.0,1.0,4.0,28.0,224.0,37.0,87,0.0019018,0.294835899159853
228973438714350052,4,persistence,test,128,sine,ok,14,1792,0.4180250126173023,0.6027712901721903,0.0,0.0,0.0,0.0,1.0,1.0,1.0,1.0,8.0,1.0,0,7.45e-06,0.653141306706183
228973438714350052,4,raw_ar,test,128,sine,ok,14,1792,0.2304927549799181,0.433891894242387,0.0,0.0,0.0,0.0,1.0,1.0,28.0,28.0,224.0,28.0,29,0.0093837,1.1845465728435645
228973438714350052,4,raw_matched,test,128,sine,ok,14,1792,2.068125560139378,4.231637091965589,15.714285714285714,0.07142857142857142,0.07142857142857142,0.07142857142857142,1.0,1.0,28.0,28.0,224.0,28.0,87,0.00189545,0.13201780793151313
228973438714350052,4,vectorchain_absolute,test,128,sine,ok,14,1792,0.273026458852179,0.4542000053435638,18.785714285714285,0.0,0.0,0.0,1.0,1.0,4.0,20.0,160.0,43.142857142857146,63,0.0027062500000000003,1.0000107832939225
228973438714350052,4,vectorchain_cartesian,test,128,sine,ok,14,1792,0.2821067586109666,0.47387666667153006,19.0,0.0,0.0,0.0,1.0,1.0,4.0,12.0,96.0,43.142857142857146,39,0.00275205,0.9678229770923316
228973438714350052,4,vectorchain_relational,test,128,sine,ok,14,1792,0.27302940297673345,0.45420448078759496,18.785714285714285,0.0,0.0,0.0,1.0,1.0,4.0,28.0,224.0,43.142857142857146,87,0.0027505,1.0
228973438714350052,4,fixed_relational,validation,16,chirp,ok,16,256,0.10750813182035841,0.14437180562665908,12.0625,0.0,0.25,0.0,1.0,1.0,4.0,28.0,224.0,37.0,87,0.00159945,0.6879658494007843
228973438714350052,4,persistence,validation,16,chirp,ok,16,256,0.12002450550573675,0.17408549469531603,0.0,0.0,0.0,0.0,1.0,1.0,1.0,1.0,8.0,1.0,0,7.850000000000001e-06,0.6162235196357401
228973438714350052,4,raw_ar,validation,16,chirp,ok,16,256,0.03531863029163454,0.053485588344373634,0.0,0.0,0.0,0.0,1.0,1.0,28.0,28.0,224.0,28.0,29,0.0078041,2.0941333968662637
228973438714350052,4,raw_matched,validation,16,chirp,ok,16,256,0.31510948156830026,0.44383400074813284,21.4375,0.6875,0.6875,0.6875,1.0,1.0,28.0,28.0,224.0,28.0,87,0.002031,0.23471817749556687
228973438714350052,4,vectorchain_absolute,validation,16,chirp,ok,16,256,0.07396903769928755,0.09112237796260464,18.8125,0.0,0.0,0.0,1.0,1.0,4.0,20.0,160.0,46.6875,63,0.002428,0.9999038182160472
228973438714350052,4,vectorchain_cartesian,validation,16,chirp,ok,16,256,0.07320846279104845,0.09243793636377202,18.8125,0.0,0.0,0.0,1.0,1.0,4.0,12.0,96.0,46.6875,39,0.0024681,1.010291985455103
228973438714350052,4,vectorchain_relational,validation,16,chirp,ok,16,256,0.07396192322528436,0.09111597393881744,18.8125,0.0,0.0,0.0,1.0,1.0,4.0,28.0,224.0,46.6875,87,0.0024587,1.0
228973438714350052,4,fixed_relational,validation,16,first_order_response,ok,13,208,0.029780943987126395,0.03811773125727125,15.461538461538462,0.0,0.15384615384615385,0.0,1.0,1.0,4.0,28.0,224.0,37.0,87,0.0020858,0.8136085983335137
228973438714350052,4,persistence,validation,16,first_order_response,ok,13,208,0.021266726147662302,0.016586578803338272,0.0,0.0,0.0,0.0,1.0,1.0,1.0,1.0,8.0,1.0,0,5e-06,1.1393400152979458
228973438714350052,4,raw_ar,validation,16,first_order_response,ok,13,208,0.0162156029641813,0.015279602075734465,0.0,0.0,0.0,0.0,1.0,1.0,28.0,28.0,224.0,28.0,29,0.0083728,1.494241820543867
228973438714350052,4,raw_matched,validation,16,first_order_response,ok,13,208,0.030517201389342337,0.03979250097749284,25.846153846153847,0.5384615384615384,0.5384615384615384,0.5384615384615384,1.0,1.0,28.0,28.0,224.0,28.0,87,0.0033144,0.7939794932466107
228973438714350052,4,vectorchain_absolute,validation,16,first_order_response,ok,13,208,0.024228142284238988,0.025924286703254536,18.923076923076923,0.0,0.0,0.0,1.0,1.0,4.0,20.0,160.0,64.46153846153847,63,0.0025264,1.0000780006223189
228973438714350052,4,vectorchain_cartesian,validation,16,first_order_response,ok,13,208,0.02056146017503541,0.020100270423102175,19.0,0.0,0.0,0.0,1.0,1.0,4.0,12.0,96.0,64.46153846153847,39,0.0025452,1.1784198149425962
228973438714350052,4,vectorchain_relational,validation,16,first_order_response,ok,13,208,0.02423003209441479,0.025923722036248906,18.923076923076923,0.0,0.0,0.0,1.0,1.0,4.0,28.0,224.0,64.46153846153847,87,0.0025687,1.0
228973438714350052,4,fixed_relational,validation,16,piecewise_linear,ok,18,288,0.030494758113077582,0.03709765876324686,13.722222222222221,0.0,0.3333333333333333,0.0,1.0,1.0,4.0,28.0,224.0,37.0,87,0.0018752999999999999,0.8126705836216781
228973438714350052,4,persistence,validation,16,piecewise_linear,ok,18,288,0.03383096146029083,0.04345484828374952,0.0,0.0,0.0,0.0,1.0,1.0,1.0,1.0,8.0,1.0,0,5e-06,0.7325299608243419
228973438714350052,4,raw_ar,validation,16,piecewise_linear,ok,18,288,0.015705947918284977,0.015062794830334125,0.0,0.0,0.0,0.0,1.0,1.0,28.0,28.0,224.0,28.0,29,0.007967,1.577885843127307
228973438714350052,4,raw_matched,validation,16,piecewise_linear,ok,18,288,0.028814810196718856,0.036997289164474687,27.27777777777778,0.5555555555555556,0.5555555555555556,0.5555555555555556,1.0,1.0,28.0,28.0,224.0,28.0,87,0.00296575,0.8600505331795874
228973438714350052,4,vectorchain_absolute,validation,16,piecewise_linear,ok,18,288,0.024750453256133904,0.03260906994197106,18.944444444444443,0.0,0.0,0.0,1.0,1.0,4.0,20.0,160.0,54.5,63,0.0024957,1.0012823852837884
228973438714350052,4,vectorchain_cartesian,validation,16,piecewise_linear,ok,18,288,0.025332355174237438,0.029753495888776422,18.944444444444443,0.0,0.0,0.0,1.0,1.0,4.0,12.0,96.0,54.5,39,0.0024841,0.9782822285059275
228973438714350052,4,vectorchain_relational,validation,16,piecewise_linear,ok,18,288,0.024782192873156663,0.03268537198351201,18.944444444444443,0.0,0.0,0.0,1.0,1.0,4.0,28.0,224.0,54.5,87,0.00252845,1.0
228973438714350052,4,fixed_relational,validation,16,ramp,ok,22,352,0.027921490353823752,0.03831184996644838,14.5,0.0,0.3181818181818182,0.0,1.0,1.0,4.0,28.0,224.0,37.0,87,0.0019535,0.7975554843997419
228973438714350052,4,persistence,validation,16,ramp,ok,22,352,0.01829050233348695,0.016798002962926176,0.0,0.0,0.0,0.0,1.0,1.0,1.0,1.0,8.0,1.0,0,5.050000000000001e-06,1.217513732443302
228973438714350052,4,raw_ar,validation,16,ramp,ok,22,352,0.014571550572604742,0.016148007984474133,0.0,0.0,0.0,0.0,1.0,1.0,28.0,28.0,224.0,28.0,29,0.007771,1.5282476393537254
228973438714350052,4,raw_matched,validation,16,ramp,ok,22,352,0.031764012345458004,0.04331919978804489,24.636363636363637,0.45454545454545453,0.45454545454545453,0.45454545454545453,1.0,1.0,28.0,28.0,224.0,28.0,87,0.00245045,0.7010744587967931
228973438714350052,4,vectorchain_absolute,validation,16,ramp,ok,22,352,0.022270083367482183,0.026273305743192758,18.90909090909091,0.0,0.0,0.0,1.0,1.0,4.0,20.0,160.0,37.63636363636363,63,0.0024288499999999998,0.9999485586489887
228973438714350052,4,vectorchain_cartesian,validation,16,ramp,ok,22,352,0.019197409306421265,0.019981150410891494,18.954545454545453,0.0,0.0,0.0,1.0,1.0,4.0,12.0,96.0,37.63636363636363,39,0.0024382500000000003,1.1599970292271664
228973438714350052,4,vectorchain_relational,validation,16,ramp,ok,22,352,0.022268937764306624,0.0262675150236143,18.90909090909091,0.0,0.0,0.0,1.0,1.0,4.0,28.0,224.0,37.63636363636363,87,0.0024680500000000003,1.0
228973438714350052,4,fixed_relational,validation,16,regime_change,ok,19,304,0.16419929315873402,0.18189519169158178,13.157894736842104,0.0,0.21052631578947367,0.0,1.0,1.0,4.0,28.0,224.0,37.0,87,0.0018504,0.7857861174708357
228973438714350052,4,persistence,validation,16,regime_change,ok,19,304,0.14867126957595508,0.2237139427762326,0.0,0.0,0.0,0.0,1.0,1.0,1.0,1.0,8.0,1.0,0,4.8e-06,0.867857827747539
228973438714350052,4,raw_ar,validation,16,regime_change,ok,19,304,0.07316108563664453,0.11767802557898226,0.0,0.0,0.0,0.0,1.0,1.0,28.0,28.0,224.0,28.0,29,0.0079455,1.7635813348022757
228973438714350052,4,raw_matched,validation,16,regime_change,ok,19,304,0.5032661373317909,0.6400743566345123,22.94736842105263,0.5789473684210527,0.5789473684210527,0.5789473684210527,1.0,1.0,28.0,28.0,224.0,28.0,87,0.0021432,0.25637632952362505
228973438714350052,4,vectorchain_absolute,validation,16,regime_change,ok,19,304,0.1290415488087529,0.187235163559755,18.842105263157894,0.0,0.0,0.0,1.0,1.0,4.0,20.0,160.0,44.0,63,0.0024299,0.9998758249087704
228973438714350052,4,vectorchain_cartesian,validation,16,regime_change,ok,19,304,0.12510231248142753,0.18599673619925888,18.94736842105263,0.0,0.0,0.0,1.0,1.0,4.0,12.0,96.0,44.0,39,0.0024405,1.0313600324679215
228973438714350052,4,vectorchain_relational,validation,16,regime_change,ok,19,304,0.12902552506265716,0.1872133395440162,18.842105263157894,0.0,0.0,0.0,1.0,1.0,4.0,28.0,224.0,44.0,87,0.0024997,1.0
228973438714350052,4,fixed_relational,validation,16,second_order_response,ok,17,272,0.025442150054444567,0.030318380407454278,15.352941176470589,0.0,0.29411764705882354,0.0,1.0,1.0,4.0,28.0,224.0,37.0,87,0.0021491,0.8654445869628958
228973438714350052,4,persistence,validation,16,second_order_response,ok,17,272,0.020052795634105017,0.01970329718260419,0.0,0.0,0.0,0.0,1.0,1.0,1.0,1.0,8.0,1.0,0,4.9e-06,1.0980399664507687
228973438714350052,4,raw_ar,validation,16,second_order_response,ok,17,272,0.013775534902585835,0.01347692349841944,0.0,0.0,0.0,0.0,1.0,1.0,28.0,28.0,224.0,28.0,29,0.0078744,1.5983968100711359
228973438714350052,4,raw_matched,validation,16,second_order_response,ok,17,272,0.029449013146527328,0.03777758332243529,22.58823529411765,0.29411764705882354,0.29411764705882354,0.29411764705882354,1.0,1.0,28.0,28.0,224.0,28.0,87,0.0018466,0.7476913041452217
228973438714350052,4,vectorchain_absolute,validation,16,second_order_response,ok,17,272,0.02201754906310248,0.027072617186368893,18.764705882352942,0.0,0.0,0.0,1.0,1.0,4.0,20.0,160.0,51.94117647058823,63,0.0024715,1.0000555003743066
228973438714350052,4,vectorchain_cartesian,validation,16,second_order_response,ok,17,272,0.01985301536119678,0.022877500952063475,18.88235294117647,0.0,0.0,0.0,1.0,1.0,4.0,12.0,96.0,51.94117647058823,39,0.0024307,1.1090895083047707
228973438714350052,4,vectorchain_relational,validation,16,second_order_response,ok,17,272,0.022018771045316795,0.027073407163431398,18.764705882352942,0.0,0.0,0.0,1.0,1.0,4.0,28.0,224.0,51.94117647058823,87,0.0024559,1.0
228973438714350052,4,fixed_relational,validation,16,sine,ok,15,240,0.0629296124347208,0.10078707481839061,11.466666666666667,0.0,0.5333333333333333,0.0,1.0,1.0,4.0,28.0,224.0,37.0,87,0.0015882,0.8927168138595208
228973438714350052,4,persistence,validation,16,sine,ok,15,240,0.05385949212374017,0.07862287078515674,0.0,0.0,0.0,0.0,1.0,1.0,1.0,1.0,8.0,1.0,0,7.2e-06,1.043053339253011
228973438714350052,4,raw_ar,validation,16,sine,ok,15,240,0.015090192890042965,0.015781974244137627,0.0,0.0,0.0,0.0,1.0,1.0,28.0,28.0,224.0,28.0,29,0.0080075,3.722836647582341
228973438714350052,4,raw_matched,validation,16,sine,ok,15,240,0.08839405875805265,0.12185364759078564,25.2,0.7333333333333333,0.7333333333333333,0.7333333333333333,1.0,1.0,28.0,28.0,224.0,28.0,87,0.0025096,0.6355441066905486
228973438714350052,4,vectorchain_absolute,validation,16,sine,ok,15,240,0.05617758084688072,0.056681412981757676,18.933333333333334,0.0,0.0,0.0,1.0,1.0,4.0,20.0,160.0,54.93333333333333,63,0.002494,1.0000132128020915
228973438714350052,4,vectorchain_cartesian,validation,16,sine,ok,15,240,0.058088336088817576,0.056912472179642425,18.933333333333334,0.0,0.0,0.0,1.0,1.0,4.0,12.0,96.0,54.93333333333333,39,0.0024794,0.9671188209667649
228973438714350052,4,vectorchain_relational,validation,16,sine,ok,15,240,0.056178323110138435,0.056684354008886585,18.933333333333334,0.0,0.0,0.0,1.0,1.0,4.0,28.0,224.0,54.93333333333333,87,0.0025309,1.0
228973438714350052,4,fixed_relational,validation,64,chirp,ok,16,1024,0.6419954225901016,0.8918444524334115,12.0625,0.0,0.25,0.0,1.0,1.0,4.0,28.0,224.0,37.0,87,0.00159945,0.4813582939656895
228973438714350052,4,persistence,validation,64,chirp,ok,16,1024,0.46307124790442056,0.7180394028455321,0.0,0.0,0.0,0.0,1.0,1.0,1.0,1.0,8.0,1.0,0,7.850000000000001e-06,0.6673483243674372
228973438714350052,4,raw_ar,validation,64,chirp,ok,16,1024,0.25459657428719257,0.4594367375960031,0.0,0.0,0.0,0.0,1.0,1.0,28.0,28.0,224.0,28.0,29,0.0078041,1.2138019618565576
228973438714350052,4,raw_matched,validation,64,chirp,ok,16,1024,2.9134972584501706,4.315478688558919,21.4375,0.6875,0.6875,0.6875,1.0,1.0,28.0,28.0,224.0,28.0,87,0.002031,0.10606834121963135
228973438714350052,4,vectorchain_absolute,validation,64,chirp,ok,16,1024,0.30903912190941846,0.5300557006505119,18.8125,0.0,0.0,0.0,1.0,1.0,4.0,20.0,160.0,46.6875,63,0.002428,0.9999699049181611
228973438714350052,4,vectorchain_cartesian,validation,64,chirp,ok,16,1024,0.3307119243613039,0.5614818147685525,18.8125,0.0,0.0,0.0,1.0,1.0,4.0,12.0,96.0,46.6875,39,0.0024681,0.9344380972913968
228973438714350052,4,vectorchain_relational,validation,64,chirp,ok,16,1024,0.30902982135175316,0.5300429435516385,18.8125,0.0,0.0,0.0,1.0,1.0,4.0,28.0,224.0,46.6875,87,0.0024587,1.0
228973438714350052,4,fixed_relational,validation,64,first_order_response,ok,13,832,0.5046629371232227,0.9740210636216128,15.461538461538462,0.0,0.15384615384615385,0.0,1.0,1.0,4.0,28.0,224.0,37.0,87,0.0020858,0.10350987894640053
228973438714350052,4,persistence,validation,64,first_order_response,ok,13,832,0.020703185721064787,0.016486225782933742,0.0,0.0,0.0,0.0,1.0,1.0,1.0,1.0,8.0,1.0,0,5e-06,2.5231672185218215
228973438714350052,4,raw_ar,validation,64,first_order_response,ok,13,832,0.03120627445940882,0.03713219977148166,0.0,0.0,0.0,0.0,1.0,1.0,28.0,28.0,224.0,28.0,29,0.0083728,1.6739453983302988
228973438714350052,4,raw_matched,validation,64,first_order_response,ok,13,832,0.1667016301811492,0.3489978011431889,25.846153846153847,0.5384615384615384,0.5384615384615384,0.5384615384615384,1.0,1.0,28.0,28.0,224.0,28.0,87,0.0033144,0.31335986021009415
228973438714350052,4,vectorchain_absolute,validation,64,first_order_response,ok,13,832,0.05223386910584264,0.0601382083383509,18.923076923076923,0.0,0.0,0.0,1.0,1.0,4.0,20.0,160.0,64.46153846153847,63,0.0025264,1.0000714177329948
228973438714350052,4,vectorchain_cartesian,validation,64,first_order_response,ok,13,832,0.03508451124885124,0.041418617412996794,19.0,0.0,0.0,0.0,1.0,1.0,4.0,12.0,96.0,64.46153846153847,39,0.0025452,1.488907716565957
228973438714350052,4,vectorchain_relational,validation,64,first_order_response,ok,13,832,0.052237599530359724,0.060143608338890236,18.923076923076923,0.0,0.0,0.0,1.0,1.0,4.0,28.0,224.0,64.46153846153847,87,0.0025687,1.0
228973438714350052,4,fixed_relational,validation,64,piecewise_linear,ok,18,1152,0.5537654989265718,1.0450426202579624,13.722222222222221,0.0,0.3333333333333333,0.0,1.0,1.0,4.0,28.0,224.0,37.0,87,0.0018752999999999999,0.12345860953582719
228973438714350052,4,persistence,validation,64,piecewise_linear,ok,18,1152,0.08880432625400933,0.13604757995550235,0.0,0.0,0.0,0.0,1.0,1.0,1.0,1.0,8.0,1.0,0,5e-06,0.769862476191035
228973438714350052,4,raw_ar,validation,64,piecewise_linear,ok,18,1152,0.03434345420246815,0.04556421399839374,0.0,0.0,0.0,0.0,1.0,1.0,28.0,28.0,224.0,28.0,29,0.007967,1.9906884759854715
228973438714350052,4,raw_matched,validation,64,piecewise_linear,ok,18,1152,1.2395553249458886,2.4068496468446603,27.27777777777778,0.5555555555555556,0.5555555555555556,0.5555555555555556,1.0,1.0,28.0,28.0,224.0,28.0,87,0.00296575,0.05515455190301623
228973438714350052,4,vectorchain_absolute,validation,64,piecewise_linear,ok,18,1152,0.06836276388814636,0.08774757905332362,18.944444444444443,0.0,0.0,0.0,1.0,1.0,4.0,20.0,160.0,54.5,63,0.0024957,1.000063698686158
228973438714350052,4,vectorchain_cartesian,validation,64,piecewise_linear,ok,18,1152,0.06086705844147481,0.08099300715350351,18.944444444444443,0.0,0.0,0.0,1.0,1.0,4.0,12.0,96.0,54.5,39,0.0024841,1.1232203470474074
228973438714350052,4,vectorchain_relational,validation,64,piecewise_linear,ok,18,1152,0.06836711850638816,0.08772198893236179,18.944444444444443,0.0,0.0,0.0,1.0,1.0,4.0,28.0,224.0,54.5,87,0.00252845,1.0
228973438714350052,4,fixed_relational,validation,64,ramp,ok,22,1408,0.40389800935244696,0.7678120996320925,14.5,0.0,0.3181818181818182,0.0,1.0,1.0,4.0,28.0,224.0,37.0,87,0.0019535,0.12326015824627896
228973438714350052,4,persistence,validation,64,ramp,ok,22,1408,0.023461488861108173,0.028882388141885998,0.0,0.0,0.0,0.0,1.0,1.0,1.0,1.0,8.0,1.0,0,5.050000000000001e-06,2.1219681684680674
228973438714350052,4,raw_ar,validation,64,ramp,ok,22,1408,0.026328484975596044,0.03116244786076645,0.0,0.0,0.0,0.0,1.0,1.0,28.0,28.0,224.0,28.0,29,0.007771,1.8909000116901946
228973438714350052,4,raw_matched,validation,64,ramp,ok,22,1408,0.20548130509527882,0.43975205308830406,24.636363636363637,0.45454545454545453,0.45454545454545453,0.45454545454545453,1.0,1.0,28.0,28.0,224.0,28.0,87,0.00245045,0.24228254013208295
228973438714350052,4,vectorchain_absolute,validation,64,ramp,ok,22,1408,0.049785426931438385,0.05706422835653058,18.90909090909091,0.0,0.0,0.0,1.0,1.0,4.0,20.0,160.0,37.63636363636363,63,0.0024288499999999998,0.9999820352389476
228973438714350052,4,vectorchain_cartesian,validation,64,ramp,ok,22,1408,0.03474331297737723,0.03867610710749572,18.954545454545453,0.0,0.0,0.0,1.0,1.0,4.0,12.0,96.0,37.63636363636363,39,0.0024382500000000003,1.4329241595514044
228973438714350052,4,vectorchain_relational,validation,64,ramp,ok,22,1408,0.04978453254813967,0.05706096868463966,18.90909090909091,0.0,0.0,0.0,1.0,1.0,4.0,28.0,224.0,37.63636363636363,87,0.0024680500000000003,1.0
228973438714350052,4,fixed_relational,validation,64,regime_change,ok,19,1216,0.4777653401148927,0.5195796455277168,13.157894736842104,0.0,0.21052631578947367,0.0,1.0,1.0,4.0,28.0,224.0,37.0,87,0.0018504,1.2173806242751937
228973438714350052,4,persistence,validation,64,regime_change,ok,19,1216,0.6122930354369491,0.9656086456005173,0.0,0.0,0.0,0.0,1.0,1.0,1.0,1.0,8.0,1.0,0,4.8e-06,0.9499083516294721
228973438714350052,4,raw_ar,validation,64,regime_change,ok,19,1216,0.49647440005635796,0.9151657324480172,0.0,0.0,0.0,0.0,1.0,1.0,28.0,28.0,224.0,28.0,29,0.0079455,1.1715050523050023
228973438714350052,4,raw_matched,validation,64,regime_change,ok,19,1216,3.339174956726905,4.434938603678032,22.94736842105263,0.5789473684210527,0.5789473684210527,0.5789473684210527,1.0,1.0,28.0,28.0,224.0,28.0,87,0.0021432,0.174181429707484
228973438714350052,4,vectorchain_absolute,validation,64,regime_change,ok,19,1216,0.5816423371142588,0.994147649762239,18.842105263157894,0.0,0.0,0.0,1.0,1.0,4.0,20.0,160.0,44.0,63,0.0024299,0.9999654957920702
228973438714350052,4,vectorchain_cartesian,validation,64,regime_change,ok,19,1216,0.5953265672164917,1.0171179272561062,18.94736842105263,0.0,0.0,0.0,1.0,1.0,4.0,12.0,96.0,44.0,39,0.0024405,0.9769801988269241
228973438714350052,4,vectorchain_relational,validation,64,regime_change,ok,19,1216,0.5816222680061183,0.9941267951395019,18.842105263157894,0.0,0.0,0.0,1.0,1.0,4.0,28.0,224.0,44.0,87,0.0024997,1.0
228973438714350052,4,fixed_relational,validation,64,second_order_response,ok,17,1088,0.4143768958613132,0.7741587950954006,15.352941176470589,0.0,0.29411764705882354,0.0,1.0,1.0,4.0,28.0,224.0,37.0,87,0.0021491,0.11963325937907496
228973438714350052,4,persistence,validation,64,second_order_response,ok,17,1088,0.03975579619627975,0.056015480672532314,0.0,0.0,0.0,0.0,1.0,1.0,1.0,1.0,8.0,1.0,0,4.9e-06,1.2469441793725504
228973438714350052,4,raw_ar,validation,64,second_order_response,ok,17,1088,0.02662785127838454,0.035502775905267125,0.0,0.0,0.0,0.0,1.0,1.0,28.0,28.0,224.0,28.0,29,0.0078744,1.8617070579598014
228973438714350052,4,raw_matched,validation,64,second_order_response,ok,17,1088,0.20980593246046958,0.461808031741155,22.58823529411765,0.29411764705882354,0.29411764705882354,0.29411764705882354,1.0,1.0,28.0,28.0,224.0,28.0,87,0.0018466,0.23628149157609127
228973438714350052,4,vectorchain_absolute,validation,64,second_order_response,ok,17,1088,0.04957109137634287,0.06415597724880524,18.764705882352942,0.0,0.0,0.0,1.0,1.0,4.0,20.0,160.0,51.94117647058823,63,0.0024715,1.0000437207830082
228973438714350052,4,vectorchain_cartesian,validation,64,second_order_response,ok,17,1088,0.040492782777399317,0.04907609308925274,18.88235294117647,0.0,0.0,0.0,1.0,1.0,4.0,12.0,96.0,51.94117647058823,39,0.0024307,1.2242492430266187
228973438714350052,4,vectorchain_relational,validation,64,second_order_response,ok,17,1088,0.04957325866327242,0.06415843905319868,18.764705882352942,0.0,0.0,0.0,1.0,1.0,4.0,28.0,224.0,51.94117647058823,87,0.0024559,1.0
228973438714350052,4,fixed_relational,validation,64,sine,ok,15,960,0.7311662792283256,1.1648122071046203,11.466666666666667,0.0,0.5333333333333333,0.0,1.0,1.0,4.0,28.0,224.0,37.0,87,0.0015882,0.19927054109732606
228973438714350052,4,persistence,validation,64,sine,ok,15,960,0.2195288881299944,0.3457271084048536,0.0,0.0,0.0,0.0,1.0,1.0,1.0,1.0,8.0,1.0,0,7.2e-06,0.6636935181290154
228973438714350052,4,raw_ar,validation,64,sine,ok,15,960,0.07796445588464122,0.13915456303121815,0.0,0.0,0.0,0.0,1.0,1.0,28.0,28.0,224.0,28.0,29,0.0080075,1.8687990372116419
228973438714350052,4,raw_matched,validation,64,sine,ok,15,960,2.544769746705062,4.119240822390583,25.2,0.7333333333333333,0.7333333333333333,0.7333333333333333,1.0,1.0,28.0,28.0,224.0,28.0,87,0.0025096,0.057254649573933974
228973438714350052,4,vectorchain_absolute,validation,64,sine,ok,15,960,0.14569665679809093,0.21453402560626234,18.933333333333334,0.0,0.0,0.0,1.0,1.0,4.0,20.0,160.0,54.93333333333333,63,0.002494,1.0000222606058875
228973438714350052,4,vectorchain_cartesian,validation,64,sine,ok,15,960,0.1471428554256477,0.21716741500740425,18.933333333333334,0.0,0.0,0.0,1.0,1.0,4.0,12.0,96.0,54.93333333333333,39,0.0024794,0.9901935073400162
228973438714350052,4,vectorchain_relational,validation,64,sine,ok,15,960,0.14569990009394704,0.2145348506803469,18.933333333333334,0.0,0.0,0.0,1.0,1.0,4.0,28.0,224.0,54.93333333333333,87,0.0025309,1.0
228973438714350052,4,fixed_relational,validation,128,chirp,ok,16,2048,1.1830453664136356,1.6711471055454248,12.0625,0.0,0.25,0.0,1.0,1.0,4.0,28.0,224.0,37.0,87,0.00159945,0.6301059937691442
228973438714350052,4,persistence,validation,128,chirp,ok,16,2048,0.865642338663015,1.2508818472262675,0.0,0.0,0.0,0.0,1.0,1.0,1.0,1.0,8.0,1.0,0,7.850000000000001e-06,0.8611454673409156
228973438714350052,4,raw_ar,validation,128,chirp,ok,16,2048,0.7186742063405483,1.2089164476523404,0.0,0.0,0.0,0.0,1.0,1.0,28.0,28.0,224.0,28.0,29,0.0078041,1.037248825269251
228973438714350052,4,raw_matched,validation,128,chirp,ok,16,2048,6.756257533522391,9.38896160427555,21.4375,0.6875,0.6875,0.6875,1.0,1.0,28.0,28.0,224.0,28.0,87,0.002031,0.1103338605107029
228973438714350052,4,vectorchain_absolute,validation,128,chirp,ok,16,2048,0.7454553743286729,1.18787604216733,18.8125,0.0,0.0,0.0,1.0,1.0,4.0,20.0,160.0,46.6875,63,0.002428,0.9999847099490857
228973438714350052,4,vectorchain_cartesian,validation,128,chirp,ok,16,2048,0.7784459342726907,1.2253233573756992,18.8125,0.0,0.0,0.0,1.0,1.0,4.0,12.0,96.0,46.6875,39,0.0024681,0.9576053306444723
228973438714350052,4,vectorchain_relational,validation,128,chirp,ok,16,2048,0.7454439762780452,1.1878629439480388,18.8125,0.0,0.0,0.0,1.0,1.0,4.0,28.0,224.0,46.6875,87,0.0024587,1.0
228973438714350052,4,fixed_relational,validation,128,first_order_response,ok,13,1664,1.267014092308803,1.9948383022791736,15.461538461538462,0.0,0.15384615384615385,0.0,1.0,1.0,4.0,28.0,224.0,37.0,87,0.0020858,0.054463224617063925
228973438714350052,4,persistence,validation,128,first_order_response,ok,13,1664,0.020546932992646053,0.017087872889741982,0.0,0.0,0.0,0.0,1.0,1.0,1.0,1.0,8.0,1.0,0,5e-06,3.3584415312542024
228973438714350052,4,raw_ar,validation,128,first_order_response,ok,13,1664,0.0476490206305613,0.060926527308589926,0.0,0.0,0.0,0.0,1.0,1.0,28.0,28.0,224.0,28.0,29,0.0083728,1.4482075851552887
228973438714350052,4,raw_matched,validation,128,first_order_response,ok,13,1664,4.643542008665099,9.603911808937925,25.846153846153847,0.5384615384615384,0.5384615384615384,0.5384615384615384,1.0,1.0,28.0,28.0,224.0,28.0,87,0.0033144,0.0148605682846481
228973438714350052,4,vectorchain_absolute,validation,128,first_order_response,ok,13,1664,0.06900314817210365,0.07699814264631663,18.923076923076923,0.0,0.0,0.0,1.0,1.0,4.0,20.0,160.0,64.46153846153847,63,0.0025264,1.0000365915231832
228973438714350052,4,vectorchain_cartesian,validation,128,first_order_response,ok,13,1664,0.04414453480964179,0.04438392587510469,19.0,0.0,0.0,0.0,1.0,1.0,4.0,12.0,96.0,64.46153846153847,39,0.0025452,1.5631759038794513
228973438714350052,4,vectorchain_relational,validation,128,first_order_response,ok,13,1664,0.0690056731023997,0.07699998297167657,18.923076923076923,0.0,0.0,0.0,1.0,1.0,4.0,28.0,224.0,64.46153846153847,87,0.0025687,1.0
228973438714350052,4,fixed_relational,validation,128,piecewise_linear,ok,18,2304,1.2057971145031372,1.843485724756685,13.722222222222221,0.0,0.3333333333333333,0.0,1.0,1.0,4.0,28.0,224.0,37.0,87,0.0018752999999999999,0.09016619757056367
228973438714350052,4,persistence,validation,128,piecewise_linear,ok,18,2304,0.1465016385330851,0.20164252456667,0.0,0.0,0.0,0.0,1.0,1.0,1.0,1.0,8.0,1.0,0,5e-06,0.7421223540223563
228973438714350052,4,raw_ar,validation,128,piecewise_linear,ok,18,2304,0.0633726095030931,0.09273788948251838,0.0,0.0,0.0,0.0,1.0,1.0,28.0,28.0,224.0,28.0,29,0.007967,1.715601451617657
228973438714350052,4,raw_matched,validation,128,piecewise_linear,ok,18,2304,8.588112452466447,11.320807965396192,27.27777777777778,0.5555555555555556,0.5555555555555556,0.5555555555555556,1.0,1.0,28.0,28.0,224.0,28.0,87,0.00296575,0.012659608436436017
228973438714350052,4,vectorchain_absolute,validation,128,piecewise_linear,ok,18,2304,0.10873511364332568,0.13782247696277575,18.944444444444443,0.0,0.0,0.0,1.0,1.0,4.0,20.0,160.0,54.5,63,0.0024957,0.9998806936730412
228973438714350052,4,vectorchain_cartesian,validation,128,piecewise_linear,ok,18,2304,0.09763282846712013,0.12677015369950553,18.944444444444443,0.0,0.0,0.0,1.0,1.0,4.0,12.0,96.0,54.5,39,0.0024841,1.1135817999262398
228973438714350052,4,vectorchain_relational,validation,128,piecewise_linear,ok,18,2304,0.10872214085630545,0.13777701268055662,18.944444444444443,0.0,0.0,0.0,1.0,1.0,4.0,28.0,224.0,54.5,87,0.00252845,1.0
228973438714350052,4,fixed_relational,validation,128,ramp,ok,22,2816,1.126920599217777,1.8529598796242042,14.5,0.0,0.3181818181818182,0.0,1.0,1.0,4.0,28.0,224.0,37.0,87,0.0019535,0.05758705057830634
228973438714350052,4,persistence,validation,128,ramp,ok,22,2816,0.037488249611317054,0.058870072961473466,0.0,0.0,0.0,0.0,1.0,1.0,1.0,1.0,8.0,1.0,0,5.050000000000001e-06,1.7311033248481793
228973438714350052,4,raw_ar,validation,128,ramp,ok,22,2816,0.043165397500511314,0.059164526848119875,0.0,0.0,0.0,0.0,1.0,1.0,28.0,28.0,224.0,28.0,29,0.007771,1.5034272195482665
228973438714350052,4,raw_matched,validation,128,ramp,ok,22,2816,4.758339075812795,8.35993976769812,24.636363636363637,0.45454545454545453,0.45454545454545453,0.45454545454545453,1.0,1.0,28.0,28.0,224.0,28.0,87,0.00245045,0.013638379382159565
228973438714350052,4,vectorchain_absolute,validation,128,ramp,ok,22,2816,0.0648968789539842,0.06608890167851957,18.90909090909091,0.0,0.0,0.0,1.0,1.0,4.0,20.0,160.0,37.63636363636363,63,0.0024288499999999998,0.9999869730392522
228973438714350052,4,vectorchain_cartesian,validation,128,ramp,ok,22,2816,0.04642357511724971,0.05082349449393111,18.954545454545453,0.0,0.0,0.0,1.0,1.0,4.0,12.0,96.0,37.63636363636363,39,0.0024382500000000003,1.397911155721737
228973438714350052,4,vectorchain_relational,validation,128,ramp,ok,22,2816,0.06489603354488942,0.06608742114770413,18.90909090909091,0.0,0.0,0.0,1.0,1.0,4.0,28.0,224.0,37.63636363636363,87,0.0024680500000000003,1.0
228973438714350052,4,fixed_relational,validation,128,regime_change,ok,19,2432,1.0358629363979495,1.5029853392989116,13.157894736842104,0.0,0.21052631578947367,0.0,1.0,1.0,4.0,28.0,224.0,37.0,87,0.0018504,1.1550459759643616
228973438714350052,4,persistence,validation,128,regime_change,ok,19,2432,1.0897338772288165,1.4670139596046856,0.0,0.0,0.0,0.0,1.0,1.0,1.0,1.0,8.0,1.0,0,4.8e-06,1.097946334732375
228973438714350052,4,raw_ar,validation,128,regime_change,ok,19,2432,1.209385672832527,1.870513853310826,0.0,0.0,0.0,0.0,1.0,1.0,28.0,28.0,224.0,28.0,29,0.0079455,0.9893199028352996
228973438714350052,4,raw_matched,validation,128,regime_change,ok,19,2432,8.570093411088841,14.31743664571743,22.94736842105263,0.5789473684210527,0.5789473684210527,0.5789473684210527,1.0,1.0,28.0,28.0,224.0,28.0,87,0.0021432,0.13960983374918268
228973438714350052,4,vectorchain_absolute,validation,128,regime_change,ok,19,2432,1.1964949504045925,1.700844724739316,18.842105263157894,0.0,0.0,0.0,1.0,1.0,4.0,20.0,160.0,44.0,63,0.0024299,0.9999785756993752
228973438714350052,4,vectorchain_cartesian,validation,128,regime_change,ok,19,2432,1.223322591591956,1.7299774717213878,18.94736842105263,0.0,0.0,0.0,1.0,1.0,4.0,12.0,96.0,44.0,39,0.0024405,0.9780489010507588
228973438714350052,4,vectorchain_relational,validation,128,regime_change,ok,19,2432,1.196469316337079,1.7008156102199212,18.842105263157894,0.0,0.0,0.0,1.0,1.0,4.0,28.0,224.0,44.0,87,0.0024997,1.0
228973438714350052,4,fixed_relational,validation,128,second_order_response,ok,17,2176,1.1258735189567464,1.8974972730147233,15.352941176470589,0.0,0.29411764705882354,0.0,1.0,1.0,4.0,28.0,224.0,37.0,87,0.0021491,0.06394361754703538
228973438714350052,4,persistence,validation,128,second_order_response,ok,17,2176,0.06596402254626184,0.09367667779987675,0.0,0.0,0.0,0.0,1.0,1.0,1.0,1.0,8.0,1.0,0,4.9e-06,1.0913892592286258
228973438714350052,4,raw_ar,validation,128,second_order_response,ok,17,2176,0.05049301572778966,0.07170465991127037,0.0,0.0,0.0,0.0,1.0,1.0,28.0,28.0,224.0,28.0,29,0.0078744,1.4257897783451836
228973438714350052,4,raw_matched,validation,128,second_order_response,ok,17,2176,4.498702214344027,8.01472436356979,22.58823529411765,0.29411764705882354,0.29411764705882354,0.29411764705882354,1.0,1.0,28.0,28.0,224.0,28.0,87,0.0018466,0.016002932017362383
228973438714350052,4,vectorchain_absolute,validation,128,second_order_response,ok,17,2176,0.07199011079753712,0.08699251986567019,18.764705882352942,0.0,0.0,0.0,1.0,1.0,4.0,20.0,160.0,51.94117647058823,63,0.0024715,1.000032155874499
228973438714350052,4,vectorchain_cartesian,validation,128,second_order_response,ok,17,2176,0.05914170198304939,0.07267644603988416,18.88235294117647,0.0,0.0,0.0,1.0,1.0,4.0,12.0,96.0,51.94117647058823,39,0.0024307,1.2172870121853923
228973438714350052,4,vectorchain_relational,validation,128,second_order_response,ok,17,2176,0.07199242570250508,0.08699442710154791,18.764705882352942,0.0,0.0,0.0,1.0,1.0,4.0,28.0,224.0,51.94117647058823,87,0.0024559,1.0
228973438714350052,4,fixed_relational,validation,128,sine,ok,15,1920,1.100916692990782,1.3333635892161928,11.466666666666667,0.0,0.5333333333333333,0.0,1.0,1.0,4.0,28.0,224.0,37.0,87,0.0015882,0.2811518148400531
228973438714350052,4,persistence,validation,128,sine,ok,15,1920,0.4437634814117329,0.7210423611795223,0.0,0.0,0.0,0.0,1.0,1.0,1.0,1.0,8.0,1.0,0,7.2e-06,0.6974993193161935
228973438714350052,4,raw_ar,validation,128,sine,ok,15,1920,0.24741475383967113,0.46309320836252527,0.0,0.0,0.0,0.0,1.0,1.0,28.0,28.0,224.0,28.0,29,0.0080075,1.2510358473716774
228973438714350052,4,raw_matched,validation,128,sine,ok,15,1920,8.20140285908292,11.20377512637791,25.2,0.7333333333333333,0.7333333333333333,0.7333333333333333,1.0,1.0,28.0,28.0,224.0,28.0,87,0.0025096,0.03774046117967176
228973438714350052,4,vectorchain_absolute,validation,128,sine,ok,15,1920,0.3095194515665268,0.5456355347090383,18.933333333333334,0.0,0.0,0.0,1.0,1.0,4.0,20.0,160.0,54.93333333333333,63,0.002494,1.000017041434761
228973438714350052,4,vectorchain_cartesian,validation,128,sine,ok,15,1920,0.31138456386841895,0.5492797507219573,18.933333333333334,0.0,0.0,0.0,1.0,1.0,4.0,12.0,96.0,54.93333333333333,39,0.0024794,0.9940272002463908
228973438714350052,4,vectorchain_relational,validation,128,sine,ok,15,1920,0.30952472622206795,0.5456429014693033,18.933333333333334,0.0,0.0,0.0,1.0,1.0,4.0,28.0,224.0,54.93333333333333,87,0.0025309,1.0
228973438714350052,8,fixed_relational,test,16,chirp,ok,14,224,0.16346354700668356,0.17442195890085926,9.642857142857142,0.0,0.2857142857142857,0.0,1.0,1.0,8.0,56.0,448.0,73.0,171,0.0015753,0.8027437562564905
228973438714350052,8,persistence,test,16,chirp,ok,14,224,0.14807409510964267,0.22252319650728367,0.0,0.0,0.0,0.0,1.0,1.0,1.0,1.0,8.0,1.0,0,6.5999999999999995e-06,0.8861735176432591
228973438714350052,8,raw_ar,test,16,chirp,ok,14,224,0.043498767444543576,0.06464288780544934,0.0,0.0,0.0,0.0,1.0,1.0,56.0,56.0,448.0,56.0,57,0.0097266,3.016622066417069
228973438714350052,8,raw_matched,test,16,chirp,ok,14,224,0.4493473967881999,0.5607766260574358,65.42857142857143,0.6428571428571429,0.6428571428571429,0.7142857142857143,1.0,1.0,56.0,56.0,448.0,56.0,171,0.00937345,0.29202203611965033
228973438714350052,8,vectorchain_absolute,test,16,chirp,ok,14,224,0.13123589598159893,0.16172448778881998,18.571428571428573,0.0,0.0,0.0,1.0,1.0,8.0,40.0,320.0,105.5,123,0.0027302,0.9998738588530177
228973438714350052,8,vectorchain_cartesian,test,16,chirp,ok,14,224,0.13253267849460032,0.1598421640497514,18.5,0.0,0.0,0.0,1.0,1.0,8.0,24.0,192.0,105.5,75,0.0027364,0.9900904684462462
228973438714350052,8,vectorchain_relational,test,16,chirp,ok,14,224,0.13121934173515457,0.16171500059419244,18.571428571428573,0.0,0.0,0.0,1.0,1.0,8.0,56.0,448.0,105.5,171,0.0027709,1.0
228973438714350052,8,fixed_relational,test,16,first_order_response,ok,10,160,0.023599192185377593,0.027512820934945226,16.0,0.0,0.3,0.0,1.0,1.0,8.0,56.0,448.0,73.0,171,0.0024709,0.9255410673952497
228973438714350052,8,persistence,test,16,first_order_response,ok,10,160,0.020413769912519364,0.015858864425400087,0.0,0.0,0.0,0.0,1.0,1.0,1.0,1.0,8.0,1.0,0,8.2e-06,1.0699651077934766
228973438714350052,8,raw_ar,test,16,first_order_response,ok,10,160,0.014835842431667417,0.01158381054301263,0.0,0.0,0.0,0.0,1.0,1.0,56.0,56.0,448.0,56.0,57,0.0093823,1.4722467986245096
228973438714350052,8,raw_matched,test,16,first_order_response,ok,10,160,0.042773061858358725,0.04419517876076436,32.7,0.6,0.5,0.6,1.0,1.0,56.0,56.0,448.0,56.0,171,0.0025453000000000003,0.5106490060788491
228973438714350052,8,vectorchain_absolute,test,16,first_order_response,ok,10,160,0.02184453747832442,0.023659339022025817,19.1,0.0,0.0,0.0,1.0,1.0,8.0,40.0,320.0,104.7,123,0.0026593,0.9998848245971378
228973438714350052,8,vectorchain_cartesian,test,16,first_order_response,ok,10,160,0.020048195391606984,0.018126040598062942,19.0,0.0,0.0,0.0,1.0,1.0,8.0,24.0,192.0,104.7,75,0.0027327000000000002,1.089475690867618
228973438714350052,8,vectorchain_relational,test,16,first_order_response,ok,10,160,0.021842021524920013,0.023659614041819432,19.1,0.0,0.0,0.0,1.0,1.0,8.0,56.0,448.0,104.7,171,0.00271785,1.0
228973438714350052,8,fixed_relational,test,16,piecewise_linear,ok,11,176,0.01995618901629972,0.018963445626288666,15.090909090909092,0.0,0.0,0.0,1.0,1.0,8.0,56.0,448.0,73.0,171,0.0023515,0.986200017405911
228973438714350052,8,persistence,test,16,piecewise_linear,ok,11,176,0.026900946859797846,0.028596278767330275,0.0,0.0,0.0,0.0,1.0,1.0,1.0,1.0,8.0,1.0,0,8.8e-06,0.731602276224798
228973438714350052,8,raw_ar,test,16,piecewise_linear,ok,11,176,0.0153542707641767,0.014801419448248608,0.0,0.0,0.0,0.0,1.0,1.0,56.0,56.0,448.0,56.0,57,0.0098132,1.281779789968796
228973438714350052,8,raw_matched,test,16,piecewise_linear,ok,11,176,0.028860712295844915,0.02934734022814158,28.181818181818183,0.36363636363636365,0.36363636363636365,0.36363636363636365,1.0,1.0,56.0,56.0,448.0,56.0,171,0.002111,0.6819233618868057
228973438714350052,8,vectorchain_absolute,test,16,piecewise_linear,ok,11,176,0.019683791468047194,0.01871962428570687,19.0,0.0,0.0,0.0,1.0,1.0,8.0,40.0,320.0,96.18181818181819,123,0.0028228,0.9998477166951486
228973438714350052,8,vectorchain_cartesian,test,16,piecewise_linear,ok,11,176,0.020579013378050834,0.01955807170854028,19.0,0.0,0.0,0.0,1.0,1.0,8.0,24.0,192.0,96.18181818181819,75,0.0028546,0.9563526488700171
228973438714350052,8,vectorchain_relational,test,16,piecewise_linear,ok,11,176,0.019680793955230435,0.018716411003469016,19.0,0.0,0.0,0.0,1.0,1.0,8.0,56.0,448.0,96.18181818181819,171,0.0028187,1.0
228973438714350052,8,fixed_relational,test,16,ramp,ok,11,176,0.02207202850632844,0.02667466778856845,17.09090909090909,0.0,0.18181818181818182,0.0,1.0,1.0,8.0,56.0,448.0,73.0,171,0.0030166,1.512031777436072
228973438714350052,8,persistence,test,16,ramp,ok,11,176,0.02303368467901172,0.01879177440849963,0.0,0.0,0.0,0.0,1.0,1.0,1.0,1.0,8.0,1.0,0,9.4e-06,1.4489044614061881
228973438714350052,8,raw_ar,test,16,ramp,ok,11,176,0.017107086111279035,0.017918413150828316,0.0,0.0,0.0,0.0,1.0,1.0,56.0,56.0,448.0,56.0,57,0.0110298,1.950864587747622
228973438714350052,8,raw_matched,test,16,ramp,ok,11,176,0.04225169197835304,0.060219480011131206,56.18181818181818,0.8181818181818182,0.8181818181818182,0.8181818181818182,1.0,1.0,56.0,56.0,448.0,56.0,171,0.0089116,0.7898762613137923
228973438714350052,8,vectorchain_absolute,test,16,ramp,ok,11,176,0.03338609292628291,0.038018560937907696,19.09090909090909,0.0,0.0,0.0,1.0,1.0,8.0,40.0,320.0,108.0909090909091,123,0.0028278,0.9996260589022192
228973438714350052,8,vectorchain_cartesian,test,16,ramp,ok,11,176,0.028935677977847785,0.03164922065813156,18.90909090909091,0.0,0.0,0.0,1.0,1.0,8.0,24.0,192.0,108.0909090909091,75,0.0028586,1.1533722665697757
228973438714350052,8,vectorchain_relational,test,16,ramp,ok,11,176,0.033373608494043444,0.03799918436139378,19.09090909090909,0.0,0.0,0.0,1.0,1.0,8.0,56.0,448.0,108.0909090909091,171,0.0030529,1.0
228973438714350052,8,fixed_relational,test,16,regime_change,ok,14,224,0.21953862960095294,0.20147034118582546,9.428571428571429,0.0,0.35714285714285715,0.0,1.0,1.0,8.0,56.0,448.0,73.0,171,0.0014461,0.49417203592236436
228973438714350052,8,persistence,test,16,regime_change,ok,14,224,0.1781276299910509,0.26355671534098646,0.0,0.0,0.0,0.0,1.0,1.0,1.0,1.0,8.0,1.0,0,8.7e-06,0.6090568406426295
228973438714350052,8,raw_ar,test,16,regime_change,ok,14,224,0.05876802063067186,0.09429616170842428,0.0,0.0,0.0,0.0,1.0,1.0,56.0,56.0,448.0,56.0,57,0.00963625,1.8460695185790617
228973438714350052,8,raw_matched,test,16,regime_change,ok,14,224,0.5514466768958678,0.6604552679234603,41.357142857142854,0.42857142857142855,0.42857142857142855,0.42857142857142855,1.0,1.0,56.0,56.0,448.0,56.0,171,0.0016164999999999999,0.1967367945060541
228973438714350052,8,vectorchain_absolute,test,16,regime_change,ok,14,224,0.10849483558005622,0.16453946026225702,18.214285714285715,0.0,0.0,0.0,1.0,1.0,8.0,40.0,320.0,95.28571428571429,123,0.00266515,0.9999540620848835
228973438714350052,8,vectorchain_cartesian,test,16,regime_change,ok,14,224,0.11022864691112952,0.1781247367833956,18.214285714285715,0.0,0.0,0.0,1.0,1.0,8.0,24.0,192.0,95.28571428571429,75,0.0026847,0.9842255583612249
228973438714350052,8,vectorchain_relational,test,16,regime_change,ok,14,224,0.10848985155350876,0.16452841577231211,18.214285714285715,0.0,0.0,0.0,1.0,1.0,8.0,56.0,448.0,95.28571428571429,171,0.0026703,1.0
228973438714350052,8,fixed_relational,test,16,second_order_response,ok,17,272,0.022416143236236395,0.024853481268079482,15.882352941176471,0.0,0.0,0.0,1.0,1.0,8.0,56.0,448.0,73.0,171,0.0024501,1.3382629161525277
228973438714350052,8,persistence,test,16,second_order_response,ok,17,272,0.020279063844545142,0.017388054522864613,0.0,0.0,0.0,0.0,1.0,1.0,1.0,1.0,8.0,1.0,0,8.8e-06,1.479293790195735
228973438714350052,8,raw_ar,test,16,second_order_response,ok,17,272,0.016174441245481248,0.015092133987253712,0.0,0.0,0.0,0.0,1.0,1.0,56.0,56.0,448.0,56.0,57,0.0096544,1.8546973438479302
228973438714350052,8,raw_matched,test,16,second_order_response,ok,17,272,0.04529963194199837,0.05150542587275732,48.35294117647059,0.6470588235294118,0.6470588235294118,0.6470588235294118,1.0,1.0,56.0,56.0,448.0,56.0,171,0.0069792,0.6622281888433176
228973438714350052,8,vectorchain_absolute,test,16,second_order_response,ok,17,272,0.030012297750508773,0.03202790221511448,18.88235294117647,0.0,0.0,0.0,1.0,1.0,8.0,40.0,320.0,72.76470588235294,123,0.0027291,0.9995467013421168
228973438714350052,8,vectorchain_cartesian,test,16,second_order_response,ok,17,272,0.0281963719687636,0.0300032737037251,19.0,0.0,0.0,0.0,1.0,1.0,8.0,24.0,192.0,72.76470588235294,75,0.0027745,1.0639203245528013
228973438714350052,8,vectorchain_relational,test,16,second_order_response,ok,17,272,0.029998693216218477,0.03201165543265872,18.88235294117647,0.0,0.0,0.0,1.0,1.0,8.0,56.0,448.0,72.76470588235294,171,0.0028102,1.0
228973438714350052,8,fixed_relational,test,16,sine,ok,14,224,0.05639120135806018,0.06970848151954488,13.571428571428571,0.14285714285714285,0.21428571428571427,0.21428571428571427,1.0,1.0,8.0,56.0,448.0,73.0,171,0.00199205,0.7658968960236388
228973438714350052,8,persistence,test,16,sine,ok,14,224,0.05405886741813946,0.07408005344690441,0.0,0.0,0.0,0.0,1.0,1.0,1.0,1.0,8.0,1.0,0,5.9e-06,0.7989410090506249
228973438714350052,8,raw_ar,test,16,sine,ok,14,224,0.01481184494498295,0.012292038600725306,0.0,0.0,0.0,0.0,1.0,1.0,56.0,56.0,448.0,56.0,57,0.009461549999999999,2.9158991498767683
228973438714350052,8,raw_matched,test,16,sine,ok,14,224,0.0776739755452411,0.09878540321316996,14.071428571428571,0.14285714285714285,0.14285714285714285,0.14285714285714285,1.0,1.0,56.0,56.0,448.0,56.0,171,0.0016462,0.5560401122770705
228973438714350052,8,vectorchain_absolute,test,16,sine,ok,14,224,0.043190775120463494,0.04821056476001536,19.142857142857142,0.0,0.0,0.0,1.0,1.0,8.0,40.0,320.0,86.78571428571429,123,0.00272075,0.99997848991414
228973438714350052,8,vectorchain_cartesian,test,16,sine,ok,14,224,0.04910158692407782,0.057592320591171024,18.928571428571427,0.0,0.0,0.0,1.0,1.0,8.0,24.0,192.0,86.78571428571429,75,0.0027230500000000003,0.879601837512168
228973438714350052,8,vectorchain_relational,test,16,sine,ok,14,224,0.04318984608318229,0.048196790947107084,19.142857142857142,0.0,0.0,0.0,1.0,1.0,8.0,56.0,448.0,86.78571428571429,171,0.0027619999999999997,1.0
228973438714350052,8,fixed_relational,test,64,chirp,ok,14,896,0.5753484600911088,0.6524499249757,9.642857142857142,0.0,0.2857142857142857,0.0,1.0,1.0,8.0,56.0,448.0,73.0,171,0.0015753,0.7067122289416498
228973438714350052,8,persistence,test,64,chirp,ok,14,896,0.5825722657241893,0.917370569558563,0.0,0.0,0.0,0.0,1.0,1.0,1.0,1.0,8.0,1.0,0,6.5999999999999995e-06,0.697949107041143
228973438714350052,8,raw_ar,test,64,chirp,ok,14,896,0.2999539889712861,0.5350538380877629,0.0,0.0,0.0,0.0,1.0,1.0,56.0,56.0,448.0,56.0,57,0.0097266,1.3555605446142502
228973438714350052,8,raw_matched,test,64,chirp,ok,14,896,6.046327236025724,10.822776781940476,65.42857142857143,0.6428571428571429,0.6428571428571429,0.7142857142857143,1.0,1.0,56.0,56.0,448.0,56.0,171,0.00937345,0.06724839340921895
228973438714350052,8,vectorchain_absolute,test,64,chirp,ok,14,896,0.4066021611928047,0.6429788457477146,18.571428571428573,0.0,0.0,0.0,1.0,1.0,8.0,40.0,320.0,105.5,123,0.0027302,1.0000089312273157
228973438714350052,8,vectorchain_cartesian,test,64,chirp,ok,14,896,0.4017924923974459,0.6315248813849935,18.5,0.0,0.0,0.0,1.0,1.0,8.0,24.0,192.0,105.5,75,0.0027364,1.0119795674204042
228973438714350052,8,vectorchain_relational,test,64,chirp,ok,14,896,0.4066057926491334,0.6429980820396388,18.571428571428573,0.0,0.0,0.0,1.0,1.0,8.0,56.0,448.0,105.5,171,0.0027709,1.0
228973438714350052,8,fixed_relational,test,64,first_order_response,ok,10,640,0.29952638724054376,0.5877768192686103,16.0,0.0,0.3,0.0,1.0,1.0,8.0,56.0,448.0,73.0,171,0.0024709,0.1768393364460625
228973438714350052,8,persistence,test,64,first_order_response,ok,10,640,0.021261570110176996,0.01786534815971059,0.0,0.0,0.0,0.0,1.0,1.0,1.0,1.0,8.0,1.0,0,8.2e-06,2.491257573792756
228973438714350052,8,raw_ar,test,64,first_order_response,ok,10,640,0.029606267434617306,0.03548779620425285,0.0,0.0,0.0,0.0,1.0,1.0,56.0,56.0,448.0,56.0,57,0.0093823,1.7890822503944188
228973438714350052,8,raw_matched,test,64,first_order_response,ok,10,640,0.7051453381264069,1.1580107507488095,32.7,0.6,0.5,0.6,1.0,1.0,56.0,56.0,448.0,56.0,171,0.0025453000000000003,0.07511649684651092
228973438714350052,8,vectorchain_absolute,test,64,first_order_response,ok,10,640,0.05297860429417489,0.0624895907336117,19.1,0.0,0.0,0.0,1.0,1.0,8.0,40.0,320.0,104.7,123,0.0026593,0.9998007360403051
228973438714350052,8,vectorchain_cartesian,test,64,first_order_response,ok,10,640,0.04524739167274946,0.05475316573837987,19.0,0.0,0.0,0.0,1.0,1.0,8.0,24.0,192.0,104.7,75,0.0027327000000000002,1.1706320653971416
228973438714350052,8,vectorchain_relational,test,64,first_order_response,ok,10,640,0.052968047567704124,0.06248105725756394,19.1,0.0,0.0,0.0,1.0,1.0,8.0,56.0,448.0,104.7,171,0.00271785,1.0
228973438714350052,8,fixed_relational,test,64,piecewise_linear,ok,11,704,0.14941711914343103,0.2890341714134364,15.090909090909092,0.0,0.0,0.0,1.0,1.0,8.0,56.0,448.0,73.0,171,0.0023515,0.34505857361818515
228973438714350052,8,persistence,test,64,piecewise_linear,ok,11,704,0.05865951898703798,0.09173574360977634,0.0,0.0,0.0,0.0,1.0,1.0,1.0,1.0,8.0,1.0,0,8.8e-06,0.8789308009355388
228973438714350052,8,raw_ar,test,64,piecewise_linear,ok,11,704,0.036796507442696656,0.0567795557191209,0.0,0.0,0.0,0.0,1.0,1.0,56.0,56.0,448.0,56.0,57,0.0098132,1.4011562941418199
228973438714350052,8,raw_matched,test,64,piecewise_linear,ok,11,704,0.36221830477911,0.641227077536149,28.181818181818183,0.36363636363636365,0.36363636363636365,0.36363636363636365,1.0,1.0,56.0,56.0,448.0,56.0,171,0.002111,0.14233863205011663
228973438714350052,8,vectorchain_absolute,test,64,piecewise_linear,ok,11,704,0.05155736087851186,0.07588917808864182,19.0,0.0,0.0,0.0,1.0,1.0,8.0,40.0,320.0,96.18181818181819,123,0.0028228,1.0000057630424408
228973438714350052,8,vectorchain_cartesian,test,64,piecewise_linear,ok,11,704,0.053633305988161545,0.07950264551118856,19.0,0.0,0.0,0.0,1.0,1.0,8.0,24.0,192.0,96.18181818181819,75,0.0028546,0.9612992720819976
228973438714350052,8,vectorchain_relational,test,64,piecewise_linear,ok,11,704,0.05155765800577074,0.07589596513277887,19.0,0.0,0.0,0.0,1.0,1.0,8.0,56.0,448.0,96.18181818181819,171,0.0028187,1.0
228973438714350052,8,fixed_relational,test,64,ramp,ok,11,704,0.3446165049179658,0.6574588808472056,17.09090909090909,0.0,0.18181818181818182,0.0,1.0,1.0,8.0,56.0,448.0,73.0,171,0.0030166,0.2193764824717479
228973438714350052,8,persistence,test,64,ramp,ok,11,704,0.02674277349832364,0.02998232743256205,0.0,0.0,0.0,0.0,1.0,1.0,1.0,1.0,8.0,1.0,0,9.4e-06,2.8269602124607665
228973438714350052,8,raw_ar,test,64,ramp,ok,11,704,0.03308141487395779,0.03713020846127119,0.0,0.0,0.0,0.0,1.0,1.0,56.0,56.0,448.0,56.0,57,0.0110298,2.2852939313102127
228973438714350052,8,raw_matched,test,64,ramp,ok,11,704,1.2859164134905998,2.350518491692653,56.18181818181818,0.8181818181818182,0.8181818181818182,0.8181818181818182,1.0,1.0,56.0,56.0,448.0,56.0,171,0.0089116,0.05879134588957776
228973438714350052,8,vectorchain_absolute,test,64,ramp,ok,11,704,0.07562160839494453,0.08285421701777872,19.09090909090909,0.0,0.0,0.0,1.0,1.0,8.0,40.0,320.0,108.0909090909091,123,0.0028278,0.999724262088893
228973438714350052,8,vectorchain_cartesian,test,64,ramp,ok,11,704,0.06601583511291872,0.08106409749433548,18.90909090909091,0.0,0.0,0.0,1.0,1.0,8.0,24.0,192.0,108.0909090909091,75,0.0028586,1.1451912487556601
228973438714350052,8,vectorchain_relational,test,64,ramp,ok,11,704,0.07560075665061115,0.08283533888593743,19.09090909090909,0.0,0.0,0.0,1.0,1.0,8.0,56.0,448.0,108.0909090909091,171,0.0030529,1.0
228973438714350052,8,fixed_relational,test,64,regime_change,ok,14,896,0.4505708785534921,0.5101840090095051,9.428571428571429,0.0,0.35714285714285715,0.0,1.0,1.0,8.0,56.0,448.0,73.0,171,0.0014461,1.1221569313499444
228973438714350052,8,persistence,test,64,regime_change,ok,14,896,0.6803189292383993,1.0603069118602517,0.0,0.0,0.0,0.0,1.0,1.0,1.0,1.0,8.0,1.0,0,8.7e-06,0.7431973633296589
228973438714350052,8,raw_ar,test,64,regime_change,ok,14,896,0.3594583700170183,0.6320484055843545,0.0,0.0,0.0,0.0,1.0,1.0,56.0,56.0,448.0,56.0,57,0.00963625,1.4065919077341207
228973438714350052,8,raw_matched,test,64,regime_change,ok,14,896,5.981232406585908,8.303715595891637,41.357142857142854,0.42857142857142855,0.42857142857142855,0.42857142857142855,1.0,1.0,56.0,56.0,448.0,56.0,171,0.0016164999999999999,0.0845329524190548
228973438714350052,8,vectorchain_absolute,test,64,regime_change,ok,14,896,0.5056294505734062,0.8507624805011991,18.214285714285715,0.0,0.0,0.0,1.0,1.0,8.0,40.0,320.0,95.28571428571429,123,0.00266515,0.9999639733402585
228973438714350052,8,vectorchain_cartesian,test,64,regime_change,ok,14,896,0.4997134923439281,0.8360592026435747,18.214285714285715,0.0,0.0,0.0,1.0,1.0,8.0,24.0,192.0,95.28571428571429,75,0.0026847,1.0118022470468897
228973438714350052,8,vectorchain_relational,test,64,regime_change,ok,14,896,0.5056112344332352,0.8507580446762363,18.214285714285715,0.0,0.0,0.0,1.0,1.0,8.0,56.0,448.0,95.28571428571429,171,0.0026703,1.0
228973438714350052,8,fixed_relational,test,64,second_order_response,ok,17,1088,0.15136958905944578,0.2801557113556476,15.882352941176471,0.0,0.0,0.0,1.0,1.0,8.0,56.0,448.0,73.0,171,0.0024501,0.4589985027982583
228973438714350052,8,persistence,test,64,second_order_response,ok,17,1088,0.02975440007259963,0.034655172335138575,0.0,0.0,0.0,0.0,1.0,1.0,1.0,1.0,8.0,1.0,0,8.8e-06,2.3350635394411747
228973438714350052,8,raw_ar,test,64,second_order_response,ok,17,1088,0.03272155662365942,0.043874693786014426,0.0,0.0,0.0,0.0,1.0,1.0,56.0,56.0,448.0,56.0,57,0.0096544,2.1233224185073354
228973438714350052,8,raw_matched,test,64,second_order_response,ok,17,1088,0.8450336016884509,1.6598319468564702,48.35294117647059,0.6470588235294118,0.6470588235294118,0.6470588235294118,1.0,1.0,56.0,56.0,448.0,56.0,171,0.0069792,0.08221970654024799
228973438714350052,8,vectorchain_absolute,test,64,second_order_response,ok,17,1088,0.06948964706656315,0.08572100175561728,18.88235294117647,0.0,0.0,0.0,1.0,1.0,8.0,40.0,320.0,72.76470588235294,123,0.0027291,0.9998383598195693
228973438714350052,8,vectorchain_cartesian,test,64,second_order_response,ok,17,1088,0.07058722218093062,0.08857220357387108,19.0,0.0,0.0,0.0,1.0,1.0,8.0,24.0,192.0,72.76470588235294,75,0.0027745,0.9842916692398623
228973438714350052,8,vectorchain_relational,test,64,second_order_response,ok,17,1088,0.06947841474747324,0.08571711175484795,18.88235294117647,0.0,0.0,0.0,1.0,1.0,8.0,56.0,448.0,72.76470588235294,171,0.0028102,1.0
228973438714350052,8,fixed_relational,test,64,sine,ok,14,896,0.41180620128166334,0.6166030029865802,13.571428571428571,0.14285714285714285,0.21428571428571427,0.21428571428571427,1.0,1.0,8.0,56.0,448.0,73.0,171,0.00199205,0.3245752821398924
228973438714350052,8,persistence,test,64,sine,ok,14,896,0.2167588819114555,0.3179727029718902,0.0,0.0,0.0,0.0,1.0,1.0,1.0,1.0,8.0,1.0,0,5.9e-06,0.6166396172063354
228973438714350052,8,raw_ar,test,64,sine,ok,14,896,0.06206479584324698,0.11051345632573131,0.0,0.0,0.0,0.0,1.0,1.0,56.0,56.0,448.0,56.0,57,0.009461549999999999,2.153589843516684
228973438714350052,8,raw_matched,test,64,sine,ok,14,896,0.6739174614113762,0.876185435474443,14.071428571428571,0.14285714285714285,0.14285714285714285,0.14285714285714285,1.0,1.0,56.0,56.0,448.0,56.0,171,0.0016462,0.1983360301839137
228973438714350052,8,vectorchain_absolute,test,64,sine,ok,14,896,0.13365701446663666,0.1719383327036102,19.142857142857142,0.0,0.0,0.0,1.0,1.0,8.0,40.0,320.0,86.78571428571429,123,0.00272075,1.0000381536377785
228973438714350052,8,vectorchain_cartesian,test,64,sine,ok,14,896,0.14150885832406523,0.17843116557869845,18.928571428571427,0.0,0.0,0.0,1.0,1.0,8.0,24.0,192.0,86.78571428571429,75,0.0027230500000000003,0.9445494476526519
228973438714350052,8,vectorchain_relational,test,64,sine,ok,14,896,0.1336621139679532,0.17196272875271976,19.142857142857142,0.0,0.0,0.0,1.0,1.0,8.0,56.0,448.0,86.78571428571429,171,0.0027619999999999997,1.0
228973438714350052,8,fixed_relational,test,128,chirp,ok,14,1792,0.8455666188207173,1.1987283959641388,9.642857142857142,0.0,0.2857142857142857,0.0,1.0,1.0,8.0,56.0,448.0,73.0,171,0.0015753,1.0337287503214982
228973438714350052,8,persistence,test,128,chirp,ok,14,1792,1.0058112971805544,1.2774967146566325,0.0,0.0,0.0,0.0,1.0,1.0,1.0,1.0,8.0,1.0,0,6.5999999999999995e-06,0.8690362960103105
228973438714350052,8,raw_ar,test,128,chirp,ok,14,1792,0.8047184929719989,1.3144696704985765,0.0,0.0,0.0,0.0,1.0,1.0,56.0,56.0,448.0,56.0,57,0.0097266,1.0862016118940234
228973438714350052,8,raw_matched,test,128,chirp,ok,14,1792,66.02355340145422,137.5085610957834,65.42857142857143,0.6428571428571429,0.6428571428571429,0.7142857142857143,1.0,1.0,56.0,56.0,448.0,56.0,171,0.00937345,0.013239010612958953
228973438714350052,8,vectorchain_absolute,test,128,chirp,ok,14,1792,0.8740749985403852,1.2909701110943403,18.571428571428573,0.0,0.0,0.0,1.0,1.0,8.0,40.0,320.0,105.5,123,0.0027302,1.000013186107312
228973438714350052,8,vectorchain_cartesian,test,128,chirp,ok,14,1792,0.8622085066254354,1.285856091665776,18.5,0.0,0.0,0.0,1.0,1.0,8.0,24.0,192.0,105.5,75,0.0027364,1.0137762704385371
228973438714350052,8,vectorchain_relational,test,128,chirp,ok,14,1792,0.8740865241871146,1.2909608678646507,18.571428571428573,0.0,0.0,0.0,1.0,1.0,8.0,56.0,448.0,105.5,171,0.0027709,1.0
228973438714350052,8,fixed_relational,test,128,first_order_response,ok,10,1280,1.0694564180897677,1.6346658713222808,16.0,0.0,0.3,0.0,1.0,1.0,8.0,56.0,448.0,73.0,171,0.0024709,0.06645411708188904
228973438714350052,8,persistence,test,128,first_order_response,ok,10,1280,0.021081962623957885,0.019063433779038665,0.0,0.0,0.0,0.0,1.0,1.0,1.0,1.0,8.0,1.0,0,8.2e-06,3.3711179214856517
228973438714350052,8,raw_ar,test,128,first_order_response,ok,10,1280,0.04330986388837284,0.04969768856856567,0.0,0.0,0.0,0.0,1.0,1.0,56.0,56.0,448.0,56.0,57,0.0093823,1.6409606413192819
228973438714350052,8,raw_matched,test,128,first_order_response,ok,10,1280,12.438723886987056,19.772076782845012,32.7,0.6,0.5,0.6,1.0,1.0,56.0,56.0,448.0,56.0,171,0.0025453000000000003,0.005713591094024182
228973438714350052,8,vectorchain_absolute,test,128,first_order_response,ok,10,1280,0.07108804333572517,0.07789708807800393,19.1,0.0,0.0,0.0,1.0,1.0,8.0,40.0,320.0,104.7,123,0.0026593,0.999743116941286
228973438714350052,8,vectorchain_cartesian,test,128,first_order_response,ok,10,1280,0.06354575214523234,0.07020374237358593,19.0,0.0,0.0,0.0,1.0,1.0,8.0,24.0,192.0,104.7,75,0.0027327000000000002,1.118403349122169
228973438714350052,8,vectorchain_relational,test,128,first_order_response,ok,10,1280,0.0710697820217151,0.07786380469518159,19.1,0.0,0.0,0.0,1.0,1.0,8.0,56.0,448.0,104.7,171,0.00271785,1.0
228973438714350052,8,fixed_relational,test,128,piecewise_linear,ok,11,1408,0.6513856252142867,1.212166811478729,15.090909090909092,0.0,0.0,0.0,1.0,1.0,8.0,56.0,448.0,73.0,171,0.0023515,0.1533552301949911
228973438714350052,8,persistence,test,128,piecewise_linear,ok,11,1408,0.10525928860945853,0.1753486799827778,0.0,0.0,0.0,0.0,1.0,1.0,1.0,1.0,8.0,1.0,0,8.8e-06,0.9490221131084936
228973438714350052,8,raw_ar,test,128,piecewise_linear,ok,11,1408,0.07120516859138766,0.10854547143267385,0.0,0.0,0.0,0.0,1.0,1.0,56.0,56.0,448.0,56.0,57,0.0098132,1.4028952459011148
228973438714350052,8,raw_matched,test,128,piecewise_linear,ok,11,1408,10.23283858223667,14.994660802476636,28.181818181818183,0.36363636363636365,0.36363636363636365,0.36363636363636365,1.0,1.0,56.0,56.0,448.0,56.0,171,0.002111,0.009762041265250826
228973438714350052,8,vectorchain_absolute,test,128,piecewise_linear,ok,11,1408,0.09990164302362707,0.15996984610674037,19.0,0.0,0.0,0.0,1.0,1.0,8.0,40.0,320.0,96.18181818181819,123,0.0028228,0.9999174135386343
228973438714350052,8,vectorchain_cartesian,test,128,piecewise_linear,ok,11,1408,0.1001327915703892,0.1544616369352239,19.0,0.0,0.0,0.0,1.0,1.0,8.0,24.0,192.0,96.18181818181819,75,0.0028546,0.9976091841025345
228973438714350052,8,vectorchain_relational,test,128,piecewise_linear,ok,11,1408,0.09989339250044513,0.15994765991849313,19.0,0.0,0.0,0.0,1.0,1.0,8.0,56.0,448.0,96.18181818181819,171,0.0028187,1.0
228973438714350052,8,fixed_relational,test,128,ramp,ok,11,1408,1.2275229482916332,1.8902234311336576,17.09090909090909,0.0,0.18181818181818182,0.0,1.0,1.0,8.0,56.0,448.0,73.0,171,0.0030166,0.07937067337375507
228973438714350052,8,persistence,test,128,ramp,ok,11,1408,0.039847864947836036,0.05568374617990368,0.0,0.0,0.0,0.0,1.0,1.0,1.0,1.0,8.0,1.0,0,9.4e-06,2.4450324531863035
228973438714350052,8,raw_ar,test,128,ramp,ok,11,1408,0.052503408869055704,0.06647718880953894,0.0,0.0,0.0,0.0,1.0,1.0,56.0,56.0,448.0,56.0,57,0.0110298,1.8556761377272526
228973438714350052,8,raw_matched,test,128,ramp,ok,11,1408,24.173859532721107,51.77849363921946,56.18181818181818,0.8181818181818182,0.8181818181818182,0.8181818181818182,1.0,1.0,56.0,56.0,448.0,56.0,171,0.0089116,0.004030358613433915
228973438714350052,8,vectorchain_absolute,test,128,ramp,ok,11,1408,0.09745534831981784,0.09337711246713708,19.09090909090909,0.0,0.0,0.0,1.0,1.0,8.0,40.0,320.0,108.0909090909091,123,0.0028278,0.9997329512169166
228973438714350052,8,vectorchain_cartesian,test,128,ramp,ok,11,1408,0.09253613146897684,0.10153986647697551,18.90909090909091,0.0,0.0,0.0,1.0,1.0,8.0,24.0,192.0,108.0909090909091,75,0.0028586,1.0528787127902326
228973438714350052,8,vectorchain_relational,test,128,ramp,ok,11,1408,0.09742932298764406,0.09335890060151723,19.09090909090909,0.0,0.0,0.0,1.0,1.0,8.0,56.0,448.0,108.0909090909091,171,0.0030529,1.0
228973438714350052,8,fixed_relational,test,128,regime_change,ok,14,1792,0.6711244008975991,0.8456771545391922,9.428571428571429,0.0,0.35714285714285715,0.0,1.0,1.0,8.0,56.0,448.0,73.0,171,0.0014461,1.4748811640203954
228973438714350052,8,persistence,test,128,regime_change,ok,14,1792,1.1021684794448572,1.3510416622383636,0.0,0.0,0.0,0.0,1.0,1.0,1.0,1.0,8.0,1.0,0,8.7e-06,0.8980738934730746
228973438714350052,8,raw_ar,test,128,regime_change,ok,14,1792,0.8688881906688765,1.2323413069293612,0.0,0.0,0.0,0.0,1.0,1.0,56.0,56.0,448.0,56.0,57,0.00963625,1.1391899996205082
228973438714350052,8,raw_matched,test,128,regime_change,ok,14,1792,61.83124503405187,97.48924728503447,41.357142857142854,0.42857142857142855,0.42857142857142855,0.42857142857142855,1.0,1.0,56.0,56.0,448.0,56.0,171,0.0016164999999999999,0.016008552586208157
228973438714350052,8,vectorchain_absolute,test,128,regime_change,ok,14,1792,0.9898567020298301,1.2923986762396076,18.214285714285715,0.0,0.0,0.0,1.0,1.0,8.0,40.0,320.0,95.28571428571429,123,0.00266515,0.9999717490103048
228973438714350052,8,vectorchain_cartesian,test,128,regime_change,ok,14,1792,0.9778080553723054,1.2560609080829206,18.214285714285715,0.0,0.0,0.0,1.0,1.0,8.0,24.0,192.0,95.28571428571429,75,0.0026847,1.0122934988722905
228973438714350052,8,vectorchain_relational,test,128,regime_change,ok,14,1792,0.9898287375983413,1.2924038145680208,18.214285714285715,0.0,0.0,0.0,1.0,1.0,8.0,56.0,448.0,95.28571428571429,171,0.0026703,1.0
228973438714350052,8,fixed_relational,test,128,second_order_response,ok,17,2176,0.6917308245654111,1.2178468932536652,15.882352941176471,0.0,0.0,0.0,1.0,1.0,8.0,56.0,448.0,73.0,171,0.0024501,0.14058220255940393
228973438714350052,8,persistence,test,128,second_order_response,ok,17,2176,0.04547404892341968,0.06050677176539046,0.0,0.0,0.0,0.0,1.0,1.0,1.0,1.0,8.0,1.0,0,8.8e-06,2.138473375427887
228973438714350052,8,raw_ar,test,128,second_order_response,ok,17,2176,0.05387318538108832,0.06802883874823192,0.0,0.0,0.0,0.0,1.0,1.0,56.0,56.0,448.0,56.0,57,0.0096544,1.8050731956491124
228973438714350052,8,raw_matched,test,128,second_order_response,ok,17,2176,15.959549648371736,34.377892574131664,48.35294117647059,0.6470588235294118,0.6470588235294118,0.6470588235294118,1.0,1.0,56.0,56.0,448.0,56.0,171,0.0069792,0.006093219736031806
228973438714350052,8,vectorchain_absolute,test,128,second_order_response,ok,17,2176,0.0972616897355085,0.11251783103674215,18.88235294117647,0.0,0.0,0.0,1.0,1.0,8.0,40.0,320.0,72.76470588235294,123,0.0027291,0.9998288448420377
228973438714350052,8,vectorchain_cartesian,test,128,second_order_response,ok,17,2176,0.10135371496648496,0.11596328642077554,19.0,0.0,0.0,0.0,1.0,1.0,8.0,24.0,192.0,72.76470588235294,75,0.0027745,0.9594620476200063
228973438714350052,8,vectorchain_relational,test,128,second_order_response,ok,17,2176,0.09724504289563814,0.11249931454250905,18.88235294117647,0.0,0.0,0.0,1.0,1.0,8.0,56.0,448.0,72.76470588235294,171,0.0028102,1.0
228973438714350052,8,fixed_relational,test,128,sine,ok,14,1792,1.0411837834659716,1.4435137064487062,13.571428571428571,0.14285714285714285,0.21428571428571427,0.21428571428571427,1.0,1.0,8.0,56.0,448.0,73.0,171,0.00199205,0.24470636233695053
228973438714350052,8,persistence,test,128,sine,ok,14,1792,0.4180250126173023,0.6027712901721903,0.0,0.0,0.0,0.0,1.0,1.0,1.0,1.0,8.0,1.0,0,5.9e-06,0.6094953375659211
228973438714350052,8,raw_ar,test,128,sine,ok,14,1792,0.20812106818373935,0.39216052411078817,0.0,0.0,0.0,0.0,1.0,1.0,56.0,56.0,448.0,56.0,57,0.009461549999999999,1.224211937790196
228973438714350052,8,raw_matched,test,128,sine,ok,14,1792,2.2110635819169295,2.4036771612600143,14.071428571428571,0.14285714285714285,0.14285714285714285,0.14285714285714285,1.0,1.0,56.0,56.0,448.0,56.0,171,0.0016462,0.11523155564585362
228973438714350052,8,vectorchain_absolute,test,128,sine,ok,14,1792,0.25477935044686184,0.42872689383083806,19.142857142857142,0.0,0.0,0.0,1.0,1.0,8.0,40.0,320.0,86.78571428571429,123,0.00272075,1.0000194118138326
228973438714350052,8,vectorchain_cartesian,test,128,sine,ok,14,1792,0.25639803319748083,0.431404676741717,18.928571428571427,0.0,0.0,0.0,1.0,1.0,8.0,24.0,192.0,86.78571428571429,75,0.0027230500000000003,0.9937061255846029
228973438714350052,8,vectorchain_relational,test,128,sine,ok,14,1792,0.2547842961761811,0.42872732197299024,19.142857142857142,0.0,0.0,0.0,1.0,1.0,8.0,56.0,448.0,86.78571428571429,171,0.0027619999999999997,1.0
228973438714350052,8,fixed_relational,validation,16,chirp,ok,16,256,0.13259989509601341,0.18796961972715348,10.4375,0.0,0.125,0.0,1.0,1.0,8.0,56.0,448.0,73.0,171,0.00152585,0.5777825997230429
228973438714350052,8,persistence,validation,16,chirp,ok,16,256,0.12002450550573675,0.17408549469531603,0.0,0.0,0.0,0.0,1.0,1.0,1.0,1.0,8.0,1.0,0,6.2499999999999995e-06,0.6383189148645608
228973438714350052,8,raw_ar,validation,16,chirp,ok,16,256,0.027879687329457236,0.04066377121913402,0.0,0.0,0.0,0.0,1.0,1.0,56.0,56.0,448.0,56.0,57,0.0079894,2.748019057969432
228973438714350052,8,raw_matched,validation,16,chirp,ok,16,256,0.33070117442343683,0.3007969684977675,54.125,0.6875,0.75,0.6875,1.0,1.0,56.0,56.0,448.0,56.0,171,0.00407215,0.2316711219582163
228973438714350052,8,vectorchain_absolute,validation,16,chirp,ok,16,256,0.0766261726994136,0.09878400096367944,18.5625,0.0,0.0,0.0,1.0,1.0,8.0,40.0,320.0,88.5,123,0.00233185,0.9998399947771852
228973438714350052,8,vectorchain_cartesian,validation,16,chirp,ok,16,256,0.07956374521655246,0.10538377001967747,18.625,0.0,0.0,0.0,1.0,1.0,8.0,24.0,192.0,88.5,75,0.0023659500000000003,0.9629249088646297
228973438714350052,8,vectorchain_relational,validation,16,chirp,ok,16,256,0.07661391211157739,0.09876290022299801,18.5625,0.0,0.0,0.0,1.0,1.0,8.0,56.0,448.0,88.5,171,0.0023882499999999997,1.0
228973438714350052,8,fixed_relational,validation,16,first_order_response,ok,13,208,0.020947351300931165,0.02319367868464726,16.846153846153847,0.0,0.07692307692307693,0.0,1.0,1.0,8.0,56.0,448.0,73.0,171,0.0023987,1.2646886770410752
228973438714350052,8,persistence,validation,16,first_order_response,ok,13,208,0.021266726147662302,0.016586578803338272,0.0,0.0,0.0,0.0,1.0,1.0,1.0,1.0,8.0,1.0,0,8.4e-06,1.2456961085757594
228973438714350052,8,raw_ar,validation,16,first_order_response,ok,13,208,0.016065155176541515,0.015051781474452092,0.0,0.0,0.0,0.0,1.0,1.0,56.0,56.0,448.0,56.0,57,0.0083124,1.6490272090849742
228973438714350052,8,raw_matched,validation,16,first_order_response,ok,13,208,0.024470112797732556,0.033205264846101284,46.15384615384615,0.6923076923076923,0.6923076923076923,0.6923076923076923,1.0,1.0,56.0,56.0,448.0,56.0,171,0.0068389,1.08262181802219
228973438714350052,8,vectorchain_absolute,validation,16,first_order_response,ok,13,208,0.02648922251400861,0.03169521227824504,19.0,0.0,0.0,0.0,1.0,1.0,8.0,40.0,320.0,129.84615384615384,123,0.0025775,1.0001002479510022
228973438714350052,8,vectorchain_cartesian,validation,16,first_order_response,ok,13,208,0.022263145519478934,0.023710583843829163,18.923076923076923,0.0,0.0,0.0,1.0,1.0,8.0,24.0,192.0,129.84615384615384,75,0.0025486,1.1899431722759237
228973438714350052,8,vectorchain_relational,validation,16,first_order_response,ok,13,208,0.02649187800428928,0.031690879060223824,19.0,0.0,0.0,0.0,1.0,1.0,8.0,56.0,448.0,129.84615384615384,171,0.0025997,1.0
228973438714350052,8,fixed_relational,validation,16,piecewise_linear,ok,18,288,0.033152558946498406,0.04670988806988045,14.333333333333334,0.0,0.3888888888888889,0.0,1.0,1.0,8.0,56.0,448.0,73.0,171,0.0020036999999999998,0.7253658928740091
228973438714350052,8,persistence,validation,16,piecewise_linear,ok,18,288,0.03383096146029083,0.04345484828374952,0.0,0.0,0.0,0.0,1.0,1.0,1.0,1.0,8.0,1.0,0,8.9e-06,0.7108203398094707
228973438714350052,8,raw_ar,validation,16,piecewise_linear,ok,18,288,0.015747402477180483,0.015293059133895861,0.0,0.0,0.0,0.0,1.0,1.0,56.0,56.0,448.0,56.0,57,0.008464099999999999,1.527092201785821
228973438714350052,8,raw_matched,validation,16,piecewise_linear,ok,18,288,0.033774103442911825,0.0432315082624511,38.611111111111114,0.5,0.5,0.5555555555555556,1.0,1.0,56.0,56.0,448.0,56.0,171,0.00241305,0.7120169914186705
228973438714350052,8,vectorchain_absolute,validation,16,piecewise_linear,ok,18,288,0.024175108201608588,0.030523837330957412,18.555555555555557,0.0,0.0,0.0,1.0,1.0,8.0,40.0,320.0,114.11111111111111,123,0.0025188,0.9947312467327416
228973438714350052,8,vectorchain_cartesian,validation,16,piecewise_linear,ok,18,288,0.025766331300368973,0.03250392698262725,18.666666666666668,0.0,0.0,0.0,1.0,1.0,8.0,24.0,192.0,114.11111111111111,75,0.0025026,0.9333007187150727
228973438714350052,8,vectorchain_relational,validation,16,piecewise_linear,ok,18,288,0.024047735521285037,0.03025398729216993,18.5,0.0,0.0,0.0,1.0,1.0,8.0,56.0,448.0,114.11111111111111,171,0.00252155,1.0
228973438714350052,8,fixed_relational,validation,16,ramp,ok,22,352,0.021128679776783493,0.02627976221584473,16.636363636363637,0.0,0.09090909090909091,0.0,1.0,1.0,8.0,56.0,448.0,73.0,171,0.0023144999999999997,1.1418968601174746
228973438714350052,8,persistence,validation,16,ramp,ok,22,352,0.01829050233348695,0.016798002962926176,0.0,0.0,0.0,0.0,1.0,1.0,1.0,1.0,8.0,1.0,0,6.35e-06,1.3190875053969644
228973438714350052,8,raw_ar,validation,16,ramp,ok,22,352,0.014605684890267047,0.01613320386326881,0.0,0.0,0.0,0.0,1.0,1.0,56.0,56.0,448.0,56.0,57,0.0078095,1.6518755044218627
228973438714350052,8,raw_matched,validation,16,ramp,ok,22,352,0.0340225171287043,0.04207184567229369,26.90909090909091,0.4090909090909091,0.4090909090909091,0.4090909090909091,1.0,1.0,56.0,56.0,448.0,56.0,171,0.0018322,0.7091413314384446
228973438714350052,8,vectorchain_absolute,validation,16,ramp,ok,22,352,0.024140690074202886,0.030195399073198445,18.818181818181817,0.0,0.0,0.0,1.0,1.0,8.0,40.0,320.0,70.81818181818181,123,0.00243965,0.9994235053503668
228973438714350052,8,vectorchain_cartesian,validation,16,ramp,ok,22,352,0.020680539769590577,0.02455633546029461,18.90909090909091,0.0,0.0,0.0,1.0,1.0,8.0,24.0,192.0,70.81818181818181,75,0.002471,1.1666413625728254
228973438714350052,8,vectorchain_relational,validation,16,ramp,ok,22,352,0.024126773095536656,0.030173622293951798,18.818181818181817,0.0,0.0,0.0,1.0,1.0,8.0,56.0,448.0,70.81818181818181,171,0.00247265,1.0
228973438714350052,8,fixed_relational,validation,16,regime_change,ok,19,304,0.19752379541074144,0.22801920516605123,10.210526315789474,0.0,0.3684210526315789,0.0,1.0,1.0,8.0,56.0,448.0,73.0,171,0.0014078,0.6745812948774251
228973438714350052,8,persistence,validation,16,regime_change,ok,19,304,0.14867126957595508,0.2237139427762326,0.0,0.0,0.0,0.0,1.0,1.0,1.0,1.0,8.0,1.0,0,7.9e-06,0.8962448363919244
228973438714350052,8,raw_ar,validation,16,regime_change,ok,19,304,0.054752379196123586,0.0879154781906328,0.0,0.0,0.0,0.0,1.0,1.0,56.0,56.0,448.0,56.0,57,0.0081867,2.4336085414661803
228973438714350052,8,raw_matched,validation,16,regime_change,ok,19,304,0.5823773621365441,0.8041936936307532,68.6842105263158,0.7368421052631579,0.7368421052631579,0.7894736842105263,1.0,1.0,56.0,56.0,448.0,56.0,171,0.0083624,0.22879642365982067
228973438714350052,8,vectorchain_absolute,validation,16,regime_change,ok,19,304,0.13327407189913867,0.1794574214204797,18.57894736842105,0.0,0.0,0.0,1.0,1.0,8.0,40.0,320.0,85.57894736842105,123,0.0024987,0.9997882992433932
228973438714350052,8,vectorchain_cartesian,validation,16,regime_change,ok,19,304,0.12717958174594582,0.1749133367530462,18.63157894736842,0.0,0.0,0.0,1.0,1.0,8.0,24.0,192.0,85.57894736842105,75,0.0025239,1.0476985051221017
228973438714350052,8,vectorchain_relational,validation,16,regime_change,ok,19,304,0.13324585767728156,0.17941325583889603,18.57894736842105,0.0,0.0,0.0,1.0,1.0,8.0,56.0,448.0,85.57894736842105,171,0.002502,1.0
228973438714350052,8,fixed_relational,validation,16,second_order_response,ok,17,272,0.02267914611704178,0.02671418997223726,16.294117647058822,0.0,0.29411764705882354,0.058823529411764705,1.0,1.0,8.0,56.0,448.0,73.0,171,0.0024488,1.1905820999857069
228973438714350052,8,persistence,validation,16,second_order_response,ok,17,272,0.020052795634105017,0.01970329718260419,0.0,0.0,0.0,0.0,1.0,1.0,1.0,1.0,8.0,1.0,0,8.6e-06,1.3465147654518248
228973438714350052,8,raw_ar,validation,16,second_order_response,ok,17,272,0.013853798788687791,0.013236404247920098,0.0,0.0,0.0,0.0,1.0,1.0,56.0,56.0,448.0,56.0,57,0.0080042,1.9490239335624002
228973438714350052,8,raw_matched,validation,16,second_order_response,ok,17,272,0.04255448797776533,0.057335945809405986,41.88235294117647,0.5294117647058824,0.5294117647058824,0.5294117647058824,1.0,1.0,56.0,56.0,448.0,56.0,171,0.0047599,0.6345132251154916
228973438714350052,8,vectorchain_absolute,validation,16,second_order_response,ok,17,272,0.027003268723862058,0.03378551823403908,18.764705882352942,0.0,0.0,0.0,1.0,1.0,8.0,40.0,320.0,104.47058823529412,123,0.0025356,0.999930256074884
228973438714350052,8,vectorchain_cartesian,validation,16,second_order_response,ok,17,272,0.02625324188870416,0.03122084014755151,18.823529411764707,0.0,0.0,0.0,1.0,1.0,8.0,24.0,192.0,104.47058823529412,75,0.0025482,1.0284971861523904
228973438714350052,8,vectorchain_relational,validation,16,second_order_response,ok,17,272,0.027001385409910292,0.033780308830627055,18.764705882352942,0.0,0.0,0.0,1.0,1.0,8.0,56.0,448.0,104.47058823529412,171,0.0024707,1.0
228973438714350052,8,fixed_relational,validation,16,sine,ok,15,240,0.07729208132424799,0.11541266124033144,11.866666666666667,0.0,0.13333333333333333,0.0,1.0,1.0,8.0,56.0,448.0,73.0,171,0.0015255,0.7280047547251569
228973438714350052,8,persistence,validation,16,sine,ok,15,240,0.05385949212374017,0.07862287078515674,0.0,0.0,0.0,0.0,1.0,1.0,1.0,1.0,8.0,1.0,0,4.9e-06,1.0447369718485295
228973438714350052,8,raw_ar,validation,16,sine,ok,15,240,0.013937977645160186,0.013670774576540501,0.0,0.0,0.0,0.0,1.0,1.0,56.0,56.0,448.0,56.0,57,0.0079007,4.037099508923007
228973438714350052,8,raw_matched,validation,16,sine,ok,15,240,0.09175970471607177,0.11089438812122032,56.733333333333334,0.5333333333333333,0.5333333333333333,0.5333333333333333,1.0,1.0,56.0,56.0,448.0,56.0,171,0.0078008,0.6132212704995822
228973438714350052,8,vectorchain_absolute,validation,16,sine,ok,15,240,0.056267451819339426,0.05588962977789617,18.2,0.0,0.0,0.0,1.0,1.0,8.0,40.0,320.0,106.46666666666667,123,0.0023807,1.0000275627785953
228973438714350052,8,vectorchain_cartesian,validation,16,sine,ok,15,240,0.05155502594613867,0.051266915770377314,18.333333333333332,0.0,0.0,0.0,1.0,1.0,8.0,24.0,192.0,106.46666666666667,75,0.0023783,1.0914358333451761
228973438714350052,8,vectorchain_relational,validation,16,sine,ok,15,240,0.05626900270665604,0.05588117993276874,18.2,0.0,0.0,0.0,1.0,1.0,8.0,56.0,448.0,106.46666666666667,171,0.0024148,1.0
228973438714350052,8,fixed_relational,validation,64,chirp,ok,16,1024,0.6053634849228954,0.7775583108930658,10.4375,0.0,0.125,0.0,1.0,1.0,8.0,56.0,448.0,73.0,171,0.00152585,0.47694889849016114
228973438714350052,8,persistence,validation,64,chirp,ok,16,1024,0.46307124790442056,0.7180394028455321,0.0,0.0,0.0,0.0,1.0,1.0,1.0,1.0,8.0,1.0,0,6.2499999999999995e-06,0.6235054511087558
228973438714350052,8,raw_ar,validation,64,chirp,ok,16,1024,0.2023194667404571,0.3683202622496584,0.0,0.0,0.0,0.0,1.0,1.0,56.0,56.0,448.0,56.0,57,0.0079894,1.4270868343604843
228973438714350052,8,raw_matched,validation,64,chirp,ok,16,1024,3.988501866313157,6.626028387403524,54.125,0.6875,0.75,0.6875,1.0,1.0,56.0,56.0,448.0,56.0,171,0.00407215,0.07238994915828649
228973438714350052,8,vectorchain_absolute,validation,64,chirp,ok,16,1024,0.2887525482206845,0.46990568869638116,18.5625,0.0,0.0,0.0,1.0,1.0,8.0,40.0,320.0,88.5,123,0.00233185,0.9999130712414523
228973438714350052,8,vectorchain_cartesian,validation,64,chirp,ok,16,1024,0.29791824680569234,0.4765888130747954,18.625,0.0,0.0,0.0,1.0,1.0,8.0,24.0,192.0,88.5,75,0.0023659500000000003,0.969149927592228
228973438714350052,8,vectorchain_relational,validation,64,chirp,ok,16,1024,0.2887274473201402,0.46986338234521985,18.5625,0.0,0.0,0.0,1.0,1.0,8.0,56.0,448.0,88.5,171,0.0023882499999999997,1.0
228973438714350052,8,fixed_relational,validation,64,first_order_response,ok,13,832,0.27017050624920225,0.4705252462090939,16.846153846153847,0.0,0.07692307692307693,0.0,1.0,1.0,8.0,56.0,448.0,73.0,171,0.0023987,0.24306740038842206
228973438714350052,8,persistence,validation,64,first_order_response,ok,13,832,0.020703185721064787,0.016486225782933742,0.0,0.0,0.0,0.0,1.0,1.0,1.0,1.0,8.0,1.0,0,8.4e-06,3.1719583401505647
228973438714350052,8,raw_ar,validation,64,first_order_response,ok,13,832,0.03354615319160567,0.04195946102408727,0.0,0.0,0.0,0.0,1.0,1.0,56.0,56.0,448.0,56.0,57,0.0083124,1.957590852236679
228973438714350052,8,raw_matched,validation,64,first_order_response,ok,13,832,0.5573919769584649,1.2170558306366976,46.15384615384615,0.6923076923076923,0.6923076923076923,0.6923076923076923,1.0,1.0,56.0,56.0,448.0,56.0,171,0.0068389,0.11781590932463498
228973438714350052,8,vectorchain_absolute,validation,64,first_order_response,ok,13,832,0.06566700168973838,0.08366183837841874,19.0,0.0,0.0,0.0,1.0,1.0,8.0,40.0,320.0,129.84615384615384,123,0.0025775,1.000040216940186
228973438714350052,8,vectorchain_cartesian,validation,64,first_order_response,ok,13,832,0.056627647497970925,0.0794655664565522,18.923076923076923,0.0,0.0,0.0,1.0,1.0,8.0,24.0,192.0,129.84615384615384,75,0.0025486,1.1596745674093312
228973438714350052,8,vectorchain_relational,validation,64,first_order_response,ok,13,832,0.06566964261561753,0.08365263722644875,19.0,0.0,0.0,0.0,1.0,1.0,8.0,56.0,448.0,129.84615384615384,171,0.0025997,1.0
228973438714350052,8,fixed_relational,validation,64,piecewise_linear,ok,18,1152,0.6297000852310353,1.0325093289873437,14.333333333333334,0.0,0.3888888888888889,0.0,1.0,1.0,8.0,56.0,448.0,73.0,171,0.0020036999999999998,0.12327977396719424
228973438714350052,8,persistence,validation,64,piecewise_linear,ok,18,1152,0.08880432625400933,0.13604757995550235,0.0,0.0,0.0,0.0,1.0,1.0,1.0,1.0,8.0,1.0,0,8.9e-06,0.8741610622928426
228973438714350052,8,raw_ar,validation,64,piecewise_linear,ok,18,1152,0.03919518028304785,0.05564743875484293,0.0,0.0,0.0,0.0,1.0,1.0,56.0,56.0,448.0,56.0,57,0.008464099999999999,1.9805823984940336
228973438714350052,8,raw_matched,validation,64,piecewise_linear,ok,18,1152,0.8600648143672956,1.5480663275362192,38.611111111111114,0.5,0.5,0.5555555555555556,1.0,1.0,56.0,56.0,448.0,56.0,171,0.00241305,0.09025980702572137
228973438714350052,8,vectorchain_absolute,validation,64,piecewise_linear,ok,18,1152,0.07770214434645677,0.10276889668187135,18.555555555555557,0.0,0.0,0.0,1.0,1.0,8.0,40.0,320.0,114.11111111111111,123,0.0025188,0.9990623145260068
228973438714350052,8,vectorchain_cartesian,validation,64,piecewise_linear,ok,18,1152,0.08210060638790756,0.11903056727497303,18.666666666666668,0.0,0.0,0.0,1.0,1.0,8.0,24.0,192.0,114.11111111111111,75,0.0025026,0.945538499528535
228973438714350052,8,vectorchain_relational,validation,64,piecewise_linear,ok,18,1152,0.07762928417440497,0.10276513214421144,18.5,0.0,0.0,0.0,1.0,1.0,8.0,56.0,448.0,114.11111111111111,171,0.00252155,1.0
228973438714350052,8,fixed_relational,validation,64,ramp,ok,22,1408,0.24069336827790597,0.4173441164921877,16.636363636363637,0.0,0.09090909090909091,0.0,1.0,1.0,8.0,56.0,448.0,73.0,171,0.0023144999999999997,0.27367344608418437
228973438714350052,8,persistence,validation,64,ramp,ok,22,1408,0.023461488861108173,0.028882388141885998,0.0,0.0,0.0,0.0,1.0,1.0,1.0,1.0,8.0,1.0,0,6.35e-06,2.807638676990292
228973438714350052,8,raw_ar,validation,64,ramp,ok,22,1408,0.029077067547945156,0.036335522026783224,0.0,0.0,0.0,0.0,1.0,1.0,56.0,56.0,448.0,56.0,57,0.0078095,2.2654066967932356
228973438714350052,8,raw_matched,validation,64,ramp,ok,22,1408,0.4804213964558189,0.659516041611077,26.90909090909091,0.4090909090909091,0.4090909090909091,0.4090909090909091,1.0,1.0,56.0,56.0,448.0,56.0,171,0.0018322,0.13711167744020739
228973438714350052,8,vectorchain_absolute,validation,64,ramp,ok,22,1408,0.06588923622370191,0.08506046337755353,18.818181818181817,0.0,0.0,0.0,1.0,1.0,8.0,40.0,320.0,70.81818181818181,123,0.00243965,0.9997290501681174
228973438714350052,8,vectorchain_cartesian,validation,64,ramp,ok,22,1408,0.060308526202384125,0.088049728317849,18.90909090909091,0.0,0.0,0.0,1.0,1.0,8.0,24.0,192.0,70.81818181818181,75,0.002471,1.0922399815437736
228973438714350052,8,vectorchain_relational,validation,64,ramp,ok,22,1408,0.06587138354622422,0.08504252829853882,18.818181818181817,0.0,0.0,0.0,1.0,1.0,8.0,56.0,448.0,70.81818181818181,171,0.00247265,1.0
228973438714350052,8,fixed_relational,validation,64,regime_change,ok,19,1216,0.5068416082619592,0.591978694518749,10.210526315789474,0.0,0.3684210526315789,0.0,1.0,1.0,8.0,56.0,448.0,73.0,171,0.0014078,1.095335375577021
228973438714350052,8,persistence,validation,64,regime_change,ok,19,1216,0.6122930354369491,0.9656086456005173,0.0,0.0,0.0,0.0,1.0,1.0,1.0,1.0,8.0,1.0,0,7.9e-06,0.9066925658357291
228973438714350052,8,raw_ar,validation,64,regime_change,ok,19,1216,0.3871449076710751,0.7261746703227792,0.0,0.0,0.0,0.0,1.0,1.0,56.0,56.0,448.0,56.0,57,0.0081867,1.4339890112033944
228973438714350052,8,raw_matched,validation,64,regime_change,ok,19,1216,9.705703302009061,16.615170700988486,68.6842105263158,0.7368421052631579,0.7368421052631579,0.7894736842105263,1.0,1.0,56.0,56.0,448.0,56.0,171,0.0083624,0.05719951723939028
228973438714350052,8,vectorchain_absolute,validation,64,regime_change,ok,19,1216,0.5552692682355835,0.9366846564566683,18.57894736842105,0.0,0.0,0.0,1.0,1.0,8.0,40.0,320.0,85.57894736842105,123,0.0024987,0.9998059952205685
228973438714350052,8,vectorchain_cartesian,validation,64,regime_change,ok,19,1216,0.5570362720951266,0.9322840893128701,18.63157894736842,0.0,0.0,0.0,1.0,1.0,8.0,24.0,192.0,85.57894736842105,75,0.0025239,0.9966344583910111
228973438714350052,8,vectorchain_relational,validation,64,regime_change,ok,19,1216,0.5551615433436744,0.9365095582227783,18.57894736842105,0.0,0.0,0.0,1.0,1.0,8.0,56.0,448.0,85.57894736842105,171,0.002502,1.0
228973438714350052,8,fixed_relational,validation,64,second_order_response,ok,17,1088,0.30975164688976403,0.6409915264166228,16.294117647058822,0.0,0.29411764705882354,0.058823529411764705,1.0,1.0,8.0,56.0,448.0,73.0,171,0.0024488,0.23541288737297372
228973438714350052,8,persistence,validation,64,second_order_response,ok,17,1088,0.03975579619627975,0.056015480672532314,0.0,0.0,0.0,0.0,1.0,1.0,1.0,1.0,8.0,1.0,0,8.6e-06,1.8341861197506786
228973438714350052,8,raw_ar,validation,64,second_order_response,ok,17,1088,0.0283127671519565,0.03954556250325048,0.0,0.0,0.0,0.0,1.0,1.0,56.0,56.0,448.0,56.0,57,0.0080042,2.575499920989326
228973438714350052,8,raw_matched,validation,64,second_order_response,ok,17,1088,0.7119984871210719,1.2594195076729642,41.88235294117647,0.5294117647058824,0.5294117647058824,0.5294117647058824,1.0,1.0,56.0,56.0,448.0,56.0,171,0.0047599,0.10241528722581897
228973438714350052,8,vectorchain_absolute,validation,64,second_order_response,ok,17,1088,0.07293839299040575,0.1006287069505805,18.764705882352942,0.0,0.0,0.0,1.0,1.0,8.0,40.0,320.0,104.47058823529412,123,0.0025356,0.9997413786240796
228973438714350052,8,vectorchain_cartesian,validation,64,second_order_response,ok,17,1088,0.07153379157189488,0.10157920143866643,18.823529411764707,0.0,0.0,0.0,1.0,1.0,8.0,24.0,192.0,104.47058823529412,75,0.0025482,1.0193717956298394
228973438714350052,8,vectorchain_relational,validation,64,second_order_response,ok,17,1088,0.07291952956285315,0.10062039714444088,18.764705882352942,0.0,0.0,0.0,1.0,1.0,8.0,56.0,448.0,104.47058823529412,171,0.0024707,1.0
228973438714350052,8,fixed_relational,validation,64,sine,ok,15,960,0.7254423687383518,1.0931743373930531,11.866666666666667,0.0,0.13333333333333333,0.0,1.0,1.0,8.0,56.0,448.0,73.0,171,0.0015255,0.18763878044101917
228973438714350052,8,persistence,validation,64,sine,ok,15,960,0.2195288881299944,0.3457271084048536,0.0,0.0,0.0,0.0,1.0,1.0,1.0,1.0,8.0,1.0,0,4.9e-06,0.6200601775457638
228973438714350052,8,raw_ar,validation,64,sine,ok,15,960,0.06938391129336954,0.1294130046304408,0.0,0.0,0.0,0.0,1.0,1.0,56.0,56.0,448.0,56.0,57,0.0079007,1.9618542514093817
228973438714350052,8,raw_matched,validation,64,sine,ok,15,960,3.231930427485351,5.839268869115721,56.733333333333334,0.5333333333333333,0.5333333333333333,0.5333333333333333,1.0,1.0,56.0,56.0,448.0,56.0,171,0.0078008,0.042117590215646886
228973438714350052,8,vectorchain_absolute,validation,64,sine,ok,15,960,0.1361025954097265,0.1897472387060385,18.2,0.0,0.0,0.0,1.0,1.0,8.0,40.0,320.0,106.46666666666667,123,0.0023807,1.0001361174673136
228973438714350052,8,vectorchain_cartesian,validation,64,sine,ok,15,960,0.1283915596906143,0.17816280048060132,18.333333333333332,0.0,0.0,0.0,1.0,1.0,8.0,24.0,192.0,106.46666666666667,75,0.0023783,1.0602030357627878
228973438714350052,8,vectorchain_relational,validation,64,sine,ok,15,960,0.13612112135030846,0.18976206014768798,18.2,0.0,0.0,0.0,1.0,1.0,8.0,56.0,448.0,106.46666666666667,171,0.0024148,1.0
228973438714350052,8,fixed_relational,validation,128,chirp,ok,16,2048,1.0750086648825212,1.3740889324453684,10.4375,0.0,0.125,0.0,1.0,1.0,8.0,56.0,448.0,73.0,171,0.00152585,0.6370594167821465
228973438714350052,8,persistence,validation,128,chirp,ok,16,2048,0.865642338663015,1.2508818472262675,0.0,0.0,0.0,0.0,1.0,1.0,1.0,1.0,8.0,1.0,0,6.2499999999999995e-06,0.7911401308576882
228973438714350052,8,raw_ar,validation,128,chirp,ok,16,2048,0.5985723820451475,1.0284738830342688,0.0,0.0,0.0,0.0,1.0,1.0,56.0,56.0,448.0,56.0,57,0.0079894,1.144129621794275
228973438714350052,8,raw_matched,validation,128,chirp,ok,16,2048,48.466726247609785,87.57043141568371,54.125,0.6875,0.75,0.6875,1.0,1.0,56.0,56.0,448.0,56.0,171,0.00407215,0.014130197067304234
228973438714350052,8,vectorchain_absolute,validation,128,chirp,ok,16,2048,0.6848673606385908,1.0969850840653668,18.5625,0.0,0.0,0.0,1.0,1.0,8.0,40.0,320.0,88.5,123,0.00233185,0.9999664642322034
228973438714350052,8,vectorchain_cartesian,validation,128,chirp,ok,16,2048,0.6881446794730838,1.098163939257772,18.625,0.0,0.0,0.0,1.0,1.0,8.0,24.0,192.0,88.5,75,0.0023659500000000003,0.995204080645079
228973438714350052,8,vectorchain_relational,validation,128,chirp,ok,16,2048,0.6848443930858129,1.0969589253061383,18.5625,0.0,0.0,0.0,1.0,1.0,8.0,56.0,448.0,88.5,171,0.0023882499999999997,1.0
228973438714350052,8,fixed_relational,validation,128,first_order_response,ok,13,1664,1.0567798832318807,1.8311769335737091,16.846153846153847,0.0,0.07692307692307693,0.0,1.0,1.0,8.0,56.0,448.0,73.0,171,0.0023987,0.08541976462293512
228973438714350052,8,persistence,validation,128,first_order_response,ok,13,1664,0.020546932992646053,0.017087872889741982,0.0,0.0,0.0,0.0,1.0,1.0,1.0,1.0,8.0,1.0,0,8.4e-06,4.393351013322941
228973438714350052,8,raw_ar,validation,128,first_order_response,ok,13,1664,0.05225407528199993,0.06579542378489382,0.0,0.0,0.0,0.0,1.0,1.0,56.0,56.0,448.0,56.0,57,0.0083124,1.7275186365227968
228973438714350052,8,raw_matched,validation,128,first_order_response,ok,13,1664,13.738012595721566,30.836911665427102,46.15384615384615,0.6923076923076923,0.6923076923076923,0.6923076923076923,1.0,1.0,56.0,56.0,448.0,56.0,171,0.0068389,0.006570811334969433
228973438714350052,8,vectorchain_absolute,validation,128,first_order_response,ok,13,1664,0.0902706080511056,0.09647875422250118,19.0,0.0,0.0,0.0,1.0,1.0,8.0,40.0,320.0,129.84615384615384,123,0.0025775,0.999992033207696
228973438714350052,8,vectorchain_cartesian,validation,128,first_order_response,ok,13,1664,0.08449222093554606,0.09323418014304333,18.923076923076923,0.0,0.0,0.0,1.0,1.0,8.0,24.0,192.0,129.84615384615384,75,0.0025486,1.0683810637760542
228973438714350052,8,vectorchain_relational,validation,128,first_order_response,ok,13,1664,0.0902698888839201,0.0964607644345458,19.0,0.0,0.0,0.0,1.0,1.0,8.0,56.0,448.0,129.84615384615384,171,0.0025997,1.0
228973438714350052,8,fixed_relational,validation,128,piecewise_linear,ok,18,2304,1.2876843141174155,1.8599795890207145,14.333333333333334,0.0,0.3888888888888889,0.0,1.0,1.0,8.0,56.0,448.0,73.0,171,0.0020036999999999998,0.1048410196806266
228973438714350052,8,persistence,validation,128,piecewise_linear,ok,18,2304,0.1465016385330851,0.20164252456667,0.0,0.0,0.0,0.0,1.0,1.0,1.0,1.0,8.0,1.0,0,8.9e-06,0.9215059836230433
228973438714350052,8,raw_ar,validation,128,piecewise_linear,ok,18,2304,0.07625899769358642,0.11192475732193219,0.0,0.0,0.0,0.0,1.0,1.0,56.0,56.0,448.0,56.0,57,0.008464099999999999,1.7703109220142839
228973438714350052,8,raw_matched,validation,128,piecewise_linear,ok,18,2304,14.673641450935675,27.563301664160726,38.611111111111114,0.5,0.5,0.5555555555555556,1.0,1.0,56.0,56.0,448.0,56.0,171,0.00241305,0.009200315884112707
228973438714350052,8,vectorchain_absolute,validation,128,piecewise_linear,ok,18,2304,0.13501735066476026,0.16853955425646228,18.555555555555557,0.0,0.0,0.0,1.0,1.0,8.0,40.0,320.0,114.11111111111111,123,0.0025188,0.9998873171050444
228973438714350052,8,vectorchain_cartesian,validation,128,piecewise_linear,ok,18,2304,0.1471921800054269,0.1858561988288039,18.666666666666668,0.0,0.0,0.0,1.0,1.0,8.0,24.0,192.0,114.11111111111111,75,0.0025026,0.9171828049142331
228973438714350052,8,vectorchain_relational,validation,128,piecewise_linear,ok,18,2304,0.13500213651881812,0.16843561157062256,18.5,0.0,0.0,0.0,1.0,1.0,8.0,56.0,448.0,114.11111111111111,171,0.00252155,1.0
228973438714350052,8,fixed_relational,validation,128,ramp,ok,22,2816,1.0213998114937528,1.7612725870952808,16.636363636363637,0.0,0.09090909090909091,0.0,1.0,1.0,8.0,56.0,448.0,73.0,171,0.0023144999999999997,0.09289494832753513
228973438714350052,8,persistence,validation,128,ramp,ok,22,2816,0.037488249611317054,0.058870072961473466,0.0,0.0,0.0,0.0,1.0,1.0,1.0,1.0,8.0,1.0,0,6.35e-06,2.531003279540232
228973438714350052,8,raw_ar,validation,128,ramp,ok,22,2816,0.04976953897848803,0.06781979546886314,0.0,0.0,0.0,0.0,1.0,1.0,56.0,56.0,448.0,56.0,57,0.0078095,1.9064448788942503
228973438714350052,8,raw_matched,validation,128,ramp,ok,22,2816,11.944075770780941,15.834544778741467,26.90909090909091,0.4090909090909091,0.4090909090909091,0.4090909090909091,1.0,1.0,56.0,56.0,448.0,56.0,171,0.0018322,0.007943928398594088
228973438714350052,8,vectorchain_absolute,validation,128,ramp,ok,22,2816,0.09489979684914275,0.10989633004489124,18.818181818181817,0.0,0.0,0.0,1.0,1.0,8.0,40.0,320.0,70.81818181818181,123,0.00243965,0.9998217684416822
228973438714350052,8,vectorchain_cartesian,validation,128,ramp,ok,22,2816,0.09407664555075972,0.11627485396608807,18.90909090909091,0.0,0.0,0.0,1.0,1.0,8.0,24.0,192.0,70.81818181818181,75,0.002471,1.008570003266874
228973438714350052,8,vectorchain_relational,validation,128,ramp,ok,22,2816,0.09488288271046628,0.10987614942669904,18.818181818181817,0.0,0.0,0.0,1.0,1.0,8.0,56.0,448.0,70.81818181818181,171,0.00247265,1.0
228973438714350052,8,fixed_relational,validation,128,regime_change,ok,19,2432,0.7031824174319725,0.8614068803314179,10.210526315789474,0.0,0.3684210526315789,0.0,1.0,1.0,8.0,56.0,448.0,73.0,171,0.0014078,1.6208443900667133
228973438714350052,8,persistence,validation,128,regime_change,ok,19,2432,1.0897338772288165,1.4670139596046856,0.0,0.0,0.0,0.0,1.0,1.0,1.0,1.0,8.0,1.0,0,7.9e-06,1.0458968930896548
228973438714350052,8,raw_ar,validation,128,regime_change,ok,19,2432,0.9844596980947158,1.550420352960053,0.0,0.0,0.0,0.0,1.0,1.0,56.0,56.0,448.0,56.0,57,0.0081867,1.1577409199116917
228973438714350052,8,raw_matched,validation,128,regime_change,ok,19,2432,108.15073851031823,215.93036542179252,68.6842105263158,0.7368421052631579,0.7368421052631579,0.7894736842105263,1.0,1.0,56.0,56.0,448.0,56.0,171,0.0083624,0.010538525138036145
228973438714350052,8,vectorchain_absolute,validation,128,regime_change,ok,19,2432,1.1399039273265648,1.5980071327591743,18.57894736842105,0.0,0.0,0.0,1.0,1.0,8.0,40.0,320.0,85.57894736842105,123,0.0024987,0.9998643299363263
228973438714350052,8,vectorchain_cartesian,validation,128,regime_change,ok,19,2432,1.1400894611020291,1.595746675246201,18.63157894736842,0.0,0.0,0.0,1.0,1.0,8.0,24.0,192.0,85.57894736842105,75,0.0025239,0.9997016158595678
228973438714350052,8,vectorchain_relational,validation,128,regime_change,ok,19,2432,1.1397492764881625,1.5978827480980897,18.57894736842105,0.0,0.0,0.0,1.0,1.0,8.0,56.0,448.0,85.57894736842105,171,0.002502,1.0
228973438714350052,8,fixed_relational,validation,128,second_order_response,ok,17,2176,1.0872187285455717,1.6310471354562406,16.294117647058822,0.0,0.29411764705882354,0.058823529411764705,1.0,1.0,8.0,56.0,448.0,73.0,171,0.0024488,0.10464785070613113
228973438714350052,8,persistence,validation,128,second_order_response,ok,17,2176,0.06596402254626184,0.09367667779987675,0.0,0.0,0.0,0.0,1.0,1.0,1.0,1.0,8.0,1.0,0,8.6e-06,1.724805413586687
228973438714350052,8,raw_ar,validation,128,second_order_response,ok,17,2176,0.05285988329796094,0.07685630021807091,0.0,0.0,0.0,0.0,1.0,1.0,56.0,56.0,448.0,56.0,57,0.0080042,2.1523903590255475
228973438714350052,8,raw_matched,validation,128,second_order_response,ok,17,2176,12.740200452841863,24.579316222686263,41.88235294117647,0.5294117647058824,0.5294117647058824,0.5294117647058824,1.0,1.0,56.0,56.0,448.0,56.0,171,0.0047599,0.008930401339514851
228973438714350052,8,vectorchain_absolute,validation,128,second_order_response,ok,17,2176,0.11377967157747647,0.1397224405775404,18.764705882352942,0.0,0.0,0.0,1.0,1.0,8.0,40.0,320.0,104.47058823529412,123,0.0025356,0.999959848823024
228973438714350052,8,vectorchain_cartesian,validation,128,second_order_response,ok,17,2176,0.11692619366659866,0.1433685312850097,18.823529411764707,0.0,0.0,0.0,1.0,1.0,8.0,24.0,192.0,104.47058823529412,75,0.0025482,0.9730506024523732
228973438714350052,8,vectorchain_relational,validation,128,second_order_response,ok,17,2176,0.11377510318974669,0.1397411568396097,18.764705882352942,0.0,0.0,0.0,1.0,1.0,8.0,56.0,448.0,104.47058823529412,171,0.0024707,1.0
228973438714350052,8,fixed_relational,validation,128,sine,ok,15,1920,1.222570324140345,1.6016841203022325,11.866666666666667,0.0,0.13333333333333333,0.0,1.0,1.0,8.0,56.0,448.0,73.0,171,0.0015255,0.23938438936565443
228973438714350052,8,persistence,validation,128,sine,ok,15,1920,0.4437634814117329,0.7210423611795223,0.0,0.0,0.0,0.0,1.0,1.0,1.0,1.0,8.0,1.0,0,4.9e-06,0.6595050353622198
228973438714350052,8,raw_ar,validation,128,sine,ok,15,1920,0.2340723652092409,0.42803971899086074,0.0,0.0,0.0,0.0,1.0,1.0,56.0,56.0,448.0,56.0,57,0.0079007,1.250315261433316
228973438714350052,8,raw_matched,validation,128,sine,ok,15,1920,44.84886764518784,93.00657688800025,56.733333333333334,0.5333333333333333,0.5333333333333333,0.5333333333333333,1.0,1.0,56.0,56.0,448.0,56.0,171,0.0078008,0.006525566103836933
228973438714350052,8,vectorchain_absolute,validation,128,sine,ok,15,1920,0.2926414443770526,0.520462446361583,18.2,0.0,0.0,0.0,1.0,1.0,8.0,40.0,320.0,106.46666666666667,123,0.0023807,1.0000779319685995
228973438714350052,8,vectorchain_cartesian,validation,128,sine,ok,15,1920,0.2885603762294815,0.5137963678311522,18.333333333333332,0.0,0.0,0.0,1.0,1.0,8.0,24.0,192.0,106.46666666666667,75,0.0023783,1.0142218911863405
228973438714350052,8,vectorchain_relational,validation,128,sine,ok,15,1920,0.29266425050090666,0.5204849998202687,18.2,0.0,0.0,0.0,1.0,1.0,8.0,56.0,448.0,106.46666666666667,171,0.0024148,1.0
228973438714350052,16,fixed_relational,test,16,chirp,ok,14,224,0.20741984563616053,0.21678289375138587,9.857142857142858,0.07142857142857142,0.5,0.21428571428571427,1.0,1.0,16.0,112.0,896.0,145.0,339,0.0020570500000000004,0.8956981240043402
228973438714350052,16,persistence,test,16,chirp,ok,14,224,0.14807409510964267,0.22252319650728367,0.0,0.0,0.0,0.0,1.0,1.0,1.0,1.0,8.0,1.0,0,8.550000000000001e-06,1.2546797363847633
228973438714350052,16,raw_ar,test,16,chirp,ok,14,224,0.032959143263116185,0.04468504802918354,0.0,0.0,0.0,0.0,1.0,1.0,112.0,112.0,896.0,112.0,113,0.0096367,5.636844536110475
228973438714350052,16,raw_matched,test,16,chirp,ok,14,224,0.8306547093139891,0.9061940394162372,15.285714285714286,0.6428571428571429,0.6428571428571429,0.7857142857142857,1.0,1.0,112.0,112.0,896.0,112.0,339,0.0020262500000000003,0.22366160636230323
228973438714350052,16,vectorchain_absolute,test,16,chirp,ok,14,224,0.1858370446281162,0.2421795014287907,16.785714285714285,0.0,0.0,0.0,1.0,1.0,16.0,80.0,640.0,230.07142857142858,243,0.00256655,0.9997229938162201
228973438714350052,16,vectorchain_cartesian,test,16,chirp,ok,14,224,0.19039864505923484,0.26064958606711286,16.642857142857142,0.0,0.0,0.0,1.0,1.0,16.0,48.0,384.0,230.07142857142858,147,0.0026782000000000004,0.975771474422936
228973438714350052,16,vectorchain_relational,test,16,chirp,ok,14,224,0.18578556661757883,0.24211076182044103,16.785714285714285,0.0,0.0,0.0,1.0,1.0,16.0,112.0,896.0,230.07142857142858,339,0.0026146,1.0
228973438714350052,16,fixed_relational,test,16,first_order_response,ok,10,160,0.022559172651543957,0.022529047806900005,16.5,0.0,0.1,0.0,1.0,1.0,16.0,112.0,896.0,145.0,339,0.00265405,1.1017738704987294
228973438714350052,16,persistence,test,16,first_order_response,ok,10,160,0.020413769912519364,0.015858864425400087,0.0,0.0,0.0,0.0,1.0,1.0,1.0,1.0,8.0,1.0,0,8.400000000000001e-06,1.217565744791584
228973438714350052,16,raw_ar,test,16,first_order_response,ok,10,160,0.014713983767898862,0.011232459381386783,0.0,0.0,0.0,0.0,1.0,1.0,112.0,112.0,896.0,112.0,113,0.0095644,1.689216690707954
228973438714350052,16,raw_matched,test,16,first_order_response,ok,10,160,0.03190772977122936,0.04560324197640422,17.5,0.4,0.3,0.6,1.0,1.0,112.0,112.0,896.0,112.0,339,0.0021090500000000003,0.7789682044365338
228973438714350052,16,vectorchain_absolute,test,16,first_order_response,ok,10,160,0.02484068936727893,0.030514501700370435,19.1,0.0,0.0,0.0,1.0,1.0,16.0,80.0,640.0,223.4,243,0.0028249499999999997,1.0005804025825762
228973438714350052,16,vectorchain_cartesian,test,16,first_order_response,ok,10,160,0.023011240700008925,0.03050868924201513,18.6,0.0,0.0,0.0,1.0,1.0,16.0,48.0,384.0,223.4,147,0.0027318999999999998,1.080128937486236
228973438714350052,16,vectorchain_relational,test,16,first_order_response,ok,10,160,0.024855106967540667,0.030547573127572437,19.1,0.0,0.0,0.0,1.0,1.0,16.0,112.0,896.0,223.4,339,0.00277085,1.0
228973438714350052,16,fixed_relational,test,16,piecewise_linear,ok,11,176,0.027896593166653508,0.026408634500769357,14.545454545454545,0.0,0.0,0.0,1.0,1.0,16.0,112.0,896.0,145.0,339,0.0025265,0.9314901140325743
228973438714350052,16,persistence,test,16,piecewise_linear,ok,11,176,0.026900946859797846,0.028596278767330275,0.0,0.0,0.0,0.0,1.0,1.0,1.0,1.0,8.0,1.0,0,8.7e-06,0.9659660265996184
228973438714350052,16,raw_ar,test,16,piecewise_linear,ok,11,176,0.015312939482372737,0.013767392768774785,0.0,0.0,0.0,0.0,1.0,1.0,112.0,112.0,896.0,112.0,113,0.0098668,1.6969570590832097
228973438714350052,16,raw_matched,test,16,piecewise_linear,ok,11,176,0.03303424348013508,0.042174517379189695,18.0,0.5454545454545454,0.45454545454545453,0.7272727272727273,1.0,1.0,112.0,112.0,896.0,112.0,339,0.0022578,0.7866201254329481
228973438714350052,16,vectorchain_absolute,test,16,piecewise_linear,ok,11,176,0.02601638862786156,0.025210978533943093,19.0,0.0,0.0,0.0,1.0,1.0,16.0,80.0,640.0,185.36363636363637,243,0.0028249,0.9988089093233345
228973438714350052,16,vectorchain_cartesian,test,16,piecewise_linear,ok,11,176,0.02669952335214404,0.02697996686096632,19.272727272727273,0.0,0.0,0.0,1.0,1.0,16.0,48.0,384.0,185.36363636363637,147,0.0029756,0.9732533576424208
228973438714350052,16,vectorchain_relational,test,16,piecewise_linear,ok,11,176,0.025985400749926408,0.02516895699523226,19.0,0.0,0.0,0.0,1.0,1.0,16.0,112.0,896.0,185.36363636363637,339,0.0028589,1.0
228973438714350052,16,fixed_relational,test,16,ramp,ok,11,176,0.028761174479674093,0.03351085088473999,17.0,0.0,0.0,0.0,1.0,1.0,16.0,112.0,896.0,145.0,339,0.0030327,1.4034534717999854
228973438714350052,16,persistence,test,16,ramp,ok,11,176,0.02303368467901172,0.01879177440849963,0.0,0.0,0.0,0.0,1.0,1.0,1.0,1.0,8.0,1.0,0,9.2e-06,1.752432176573307
228973438714350052,16,raw_ar,test,16,ramp,ok,11,176,0.016766752543998918,0.017248297615243692,0.0,0.0,0.0,0.0,1.0,1.0,112.0,112.0,896.0,112.0,113,0.0096652,2.407441158961399
228973438714350052,16,raw_matched,test,16,ramp,ok,11,176,0.038510671405194034,0.04228892437408847,15.545454545454545,0.36363636363636365,0.09090909090909091,0.6363636363636364,1.0,1.0,112.0,112.0,896.0,112.0,339,0.0020083,1.0481502581930997
228973438714350052,16,vectorchain_absolute,test,16,ramp,ok,11,176,0.04037001653818528,0.04411351841627607,18.90909090909091,0.0,0.0,0.0,1.0,1.0,16.0,80.0,640.0,232.54545454545453,243,0.0029318,0.9998749972857514
228973438714350052,16,vectorchain_cartesian,test,16,ramp,ok,11,176,0.028669149281897177,0.03036760705540524,18.363636363636363,0.0,0.0,0.0,1.0,1.0,16.0,48.0,384.0,232.54545454545453,147,0.0026871,1.4079584217740206
228973438714350052,16,vectorchain_relational,test,16,ramp,ok,11,176,0.040364970176543745,0.04410451002523886,18.90909090909091,0.0,0.0,0.0,1.0,1.0,16.0,112.0,896.0,232.54545454545453,339,0.0030858,1.0
228973438714350052,16,fixed_relational,test,16,regime_change,ok,14,224,0.18007878744342387,0.21533811006059067,11.428571428571429,0.21428571428571427,0.35714285714285715,0.35714285714285715,1.0,1.0,16.0,112.0,896.0,145.0,339,0.00173015,0.9727429631556463
228973438714350052,16,persistence,test,16,regime_change,ok,14,224,0.1781276299910509,0.26355671534098646,0.0,0.0,0.0,0.0,1.0,1.0,1.0,1.0,8.0,1.0,0,8.35e-06,0.9833981022932404
228973438714350052,16,raw_ar,test,16,regime_change,ok,14,224,0.045165168088944635,0.07025126905917338,0.0,0.0,0.0,0.0,1.0,1.0,112.0,112.0,896.0,112.0,113,0.00951305,3.878439530087114
228973438714350052,16,raw_matched,test,16,regime_change,ok,14,224,0.5048641425660525,0.4559515062021399,13.5,0.7857142857142857,0.7142857142857143,0.8571428571428571,1.0,1.0,112.0,112.0,896.0,112.0,339,0.0017287000000000001,0.3469653685620464
228973438714350052,16,vectorchain_absolute,test,16,regime_change,ok,14,224,0.17526580581248702,0.239472677053447,17.285714285714285,0.07142857142857142,0.0,0.14285714285714285,1.0,1.0,16.0,80.0,640.0,186.28571428571428,243,0.0025277499999999996,0.9994554983908431
228973438714350052,16,vectorchain_cartesian,test,16,regime_change,ok,14,224,0.1697872103160278,0.23707070709775432,17.071428571428573,0.0,0.0,0.14285714285714285,1.0,1.0,16.0,48.0,384.0,186.28571428571428,147,0.00255815,1.0317053503214073
228973438714350052,16,vectorchain_relational,test,16,regime_change,ok,14,224,0.17517037329919194,0.23935921655330364,17.285714285714285,0.07142857142857142,0.0,0.14285714285714285,1.0,1.0,16.0,112.0,896.0,186.28571428571428,339,0.0026821500000000003,1.0
228973438714350052,16,fixed_relational,test,16,second_order_response,ok,17,272,0.02832452474977435,0.0324982752719139,15.705882352941176,0.058823529411764705,0.058823529411764705,0.058823529411764705,1.0,1.0,16.0,112.0,896.0,145.0,339,0.0024743,1.2020429899688565
228973438714350052,16,persistence,test,16,second_order_response,ok,17,272,0.020279063844545142,0.017388054522864613,0.0,0.0,0.0,0.0,1.0,1.0,1.0,1.0,8.0,1.0,0,8.7e-06,1.678938272528986
228973438714350052,16,raw_ar,test,16,second_order_response,ok,17,272,0.016223949278002834,0.01488480472390925,0.0,0.0,0.0,0.0,1.0,1.0,112.0,112.0,896.0,112.0,113,0.0096322,2.098582523666325
228973438714350052,16,raw_matched,test,16,second_order_response,ok,17,272,0.04291818775101846,0.045722172666598955,15.882352941176471,0.29411764705882354,0.29411764705882354,0.35294117647058826,1.0,1.0,112.0,112.0,896.0,112.0,339,0.0020085,0.7933069452322737
228973438714350052,16,vectorchain_absolute,test,16,second_order_response,ok,17,272,0.03406733365854371,0.035832150595913353,20.529411764705884,0.0,0.0,0.0,1.0,1.0,16.0,80.0,640.0,155.7058823529412,243,0.0030699,0.9994118342492282
228973438714350052,16,vectorchain_cartesian,test,16,second_order_response,ok,17,272,0.0340625116506483,0.03801984194099048,20.41176470588235,0.0,0.0,0.0,1.0,1.0,16.0,48.0,384.0,155.7058823529412,147,0.0030771,0.9995533144725582
228973438714350052,16,vectorchain_relational,test,16,second_order_response,ok,17,272,0.03404729641966564,0.035805901006212795,20.529411764705884,0.0,0.0,0.0,1.0,1.0,16.0,112.0,896.0,155.7058823529412,339,0.0030687,1.0
228973438714350052,16,fixed_relational,test,16,sine,ok,14,224,0.05547897697473958,0.06483786548540324,13.0,0.07142857142857142,0.07142857142857142,0.07142857142857142,1.0,1.0,16.0,112.0,896.0,145.0,339,0.00226955,1.0888300811891614
228973438714350052,16,persistence,test,16,sine,ok,14,224,0.05405886741813946,0.07408005344690441,0.0,0.0,0.0,0.0,1.0,1.0,1.0,1.0,8.0,1.0,0,8.6e-06,1.117433307221447
228973438714350052,16,raw_ar,test,16,sine,ok,14,224,0.013990356309850505,0.00985637187188822,0.0,0.0,0.0,0.0,1.0,1.0,112.0,112.0,896.0,112.0,113,0.0096507,4.317772733290935
228973438714350052,16,raw_matched,test,16,sine,ok,14,224,0.11559889932020972,0.14127631668322588,16.642857142857142,0.6428571428571429,0.5714285714285714,0.6428571428571429,1.0,1.0,112.0,112.0,896.0,112.0,339,0.0021059,0.5225584271037825
228973438714350052,16,vectorchain_absolute,test,16,sine,ok,14,224,0.06041268943632818,0.07675258271191643,19.785714285714285,0.0,0.0,0.0,1.0,1.0,16.0,80.0,640.0,180.92857142857142,243,0.00291955,0.9999087868346487
228973438714350052,16,vectorchain_cartesian,test,16,sine,ok,14,224,0.05987599890188041,0.06997112324050674,19.857142857142858,0.0,0.0,0.0,1.0,1.0,16.0,48.0,384.0,180.92857142857142,147,0.00288315,1.0088713359536154
228973438714350052,16,vectorchain_relational,test,16,sine,ok,14,224,0.060407179003697305,0.07673579908386086,19.785714285714285,0.0,0.0,0.0,1.0,1.0,16.0,112.0,896.0,180.92857142857142,339,0.0029407,1.0
228973438714350052,16,fixed_relational,test,64,chirp,ok,14,896,0.5651370330312003,0.7451116089434817,9.857142857142858,0.07142857142857142,0.5,0.21428571428571427,1.0,1.0,16.0,112.0,896.0,145.0,339,0.0020570500000000004,1.1986780644841541
228973438714350052,16,persistence,test,64,chirp,ok,14,896,0.5825722657241893,0.917370569558563,0.0,0.0,0.0,0.0,1.0,1.0,1.0,1.0,8.0,1.0,0,8.550000000000001e-06,1.162804006950222
228973438714350052,16,raw_ar,test,64,chirp,ok,14,896,0.20941930310307919,0.38211493082422077,0.0,0.0,0.0,0.0,1.0,1.0,112.0,112.0,896.0,112.0,113,0.0096367,3.2347417591621066
228973438714350052,16,raw_matched,test,64,chirp,ok,14,896,3.79006403379806,3.215511519812853,15.285714285714286,0.6428571428571429,0.6428571428571429,0.7857142857142857,1.0,1.0,112.0,112.0,896.0,112.0,339,0.0020262500000000003,0.17873507119701887
228973438714350052,16,vectorchain_absolute,test,64,chirp,ok,14,896,0.6775094928593409,0.9796441438944571,16.785714285714285,0.0,0.0,0.0,1.0,1.0,16.0,80.0,640.0,230.07142857142858,243,0.00256655,0.9998640197101957
228973438714350052,16,vectorchain_cartesian,test,64,chirp,ok,14,896,0.6875016241715145,0.9929172772630798,16.642857142857142,0.0,0.0,0.0,1.0,1.0,16.0,48.0,384.0,230.07142857142858,147,0.0026782000000000004,0.9853320211984808
228973438714350052,16,vectorchain_relational,test,64,chirp,ok,14,896,0.6774173649221568,0.9795801162141616,16.785714285714285,0.0,0.0,0.0,1.0,1.0,16.0,112.0,896.0,230.07142857142858,339,0.0026146,1.0
228973438714350052,16,fixed_relational,test,64,first_order_response,ok,10,640,0.17519634425719077,0.3557631917214497,16.5,0.0,0.1,0.0,1.0,1.0,16.0,112.0,896.0,145.0,339,0.00265405,0.406844742247202
228973438714350052,16,persistence,test,64,first_order_response,ok,10,640,0.021261570110176996,0.01786534815971059,0.0,0.0,0.0,0.0,1.0,1.0,1.0,1.0,8.0,1.0,0,8.400000000000001e-06,3.3524199366561027
228973438714350052,16,raw_ar,test,64,first_order_response,ok,10,640,0.029113898858536054,0.03549499302233102,0.0,0.0,0.0,0.0,1.0,1.0,112.0,112.0,896.0,112.0,113,0.0095644,2.4482365576766636
228973438714350052,16,raw_matched,test,64,first_order_response,ok,10,640,0.23996962331526567,0.4941877312864672,17.5,0.4,0.3,0.6,1.0,1.0,112.0,112.0,896.0,112.0,339,0.0021090500000000003,0.2970280593736904
228973438714350052,16,vectorchain_absolute,test,64,first_order_response,ok,10,640,0.07105006244943372,0.0919480284458618,19.1,0.0,0.0,0.0,1.0,1.0,16.0,80.0,640.0,223.4,243,0.0028249499999999997,1.003204065762745
228973438714350052,16,vectorchain_cartesian,test,64,first_order_response,ok,10,640,0.0753296864066219,0.10737794185986002,18.6,0.0,0.0,0.0,1.0,1.0,16.0,48.0,384.0,223.4,147,0.0027318999999999998,0.9462101187733492
228973438714350052,16,vectorchain_relational,test,64,first_order_response,ok,10,640,0.07127771152196885,0.09191217537352589,19.1,0.0,0.0,0.0,1.0,1.0,16.0,112.0,896.0,223.4,339,0.00277085,1.0
228973438714350052,16,fixed_relational,test,64,piecewise_linear,ok,11,704,0.16880044132599928,0.3004272469019518,14.545454545454545,0.0,0.0,0.0,1.0,1.0,16.0,112.0,896.0,145.0,339,0.0025265,0.31047974103093484
228973438714350052,16,persistence,test,64,piecewise_linear,ok,11,704,0.05865951898703798,0.09173574360977634,0.0,0.0,0.0,0.0,1.0,1.0,1.0,1.0,8.0,1.0,0,8.7e-06,0.893446080258255
228973438714350052,16,raw_ar,test,64,piecewise_linear,ok,11,704,0.038547894671773726,0.06278769030412668,0.0,0.0,0.0,0.0,1.0,1.0,112.0,112.0,896.0,112.0,113,0.0098668,1.3595844275038909
228973438714350052,16,raw_matched,test,64,piecewise_linear,ok,11,704,0.2188495534647094,0.3877409522812874,18.0,0.5454545454545454,0.45454545454545453,0.7272727272727273,1.0,1.0,112.0,112.0,896.0,112.0,339,0.0022578,0.23947555057385575
228973438714350052,16,vectorchain_absolute,test,64,piecewise_linear,ok,11,704,0.05246827813051569,0.0621805455796018,19.0,0.0,0.0,0.0,1.0,1.0,16.0,80.0,640.0,185.36363636363637,243,0.0028249,0.998872445907892
228973438714350052,16,vectorchain_cartesian,test,64,piecewise_linear,ok,11,704,0.04908395336799918,0.05531168627931815,19.272727272727273,0.0,0.0,0.0,1.0,1.0,16.0,48.0,384.0,185.36363636363637,147,0.0029756,1.067744419767387
228973438714350052,16,vectorchain_relational,test,64,piecewise_linear,ok,11,704,0.052409117308803765,0.06210096828930221,19.0,0.0,0.0,0.0,1.0,1.0,16.0,112.0,896.0,185.36363636363637,339,0.0028589,1.0
228973438714350052,16,fixed_relational,test,64,ramp,ok,11,704,0.30287129033834365,0.5064300544847299,17.0,0.0,0.0,0.0,1.0,1.0,16.0,112.0,896.0,145.0,339,0.0030327,0.3172557838978109
228973438714350052,16,persistence,test,64,ramp,ok,11,704,0.02674277349832364,0.02998232743256205,0.0,0.0,0.0,0.0,1.0,1.0,1.0,1.0,8.0,1.0,0,9.2e-06,3.5930330353527435
228973438714350052,16,raw_ar,test,64,ramp,ok,11,704,0.03159161068288139,0.03646241051877072,0.0,0.0,0.0,0.0,1.0,1.0,112.0,112.0,896.0,112.0,113,0.0096652,3.0415564942530744
228973438714350052,16,raw_matched,test,64,ramp,ok,11,704,0.1648144000752973,0.2667242618064912,15.545454545454545,0.36363636363636365,0.09090909090909091,0.6363636363636364,1.0,1.0,112.0,112.0,896.0,112.0,339,0.0020083,0.5830052992489368
228973438714350052,16,vectorchain_absolute,test,64,ramp,ok,11,704,0.09609240997247405,0.1086770135923778,18.90909090909091,0.0,0.0,0.0,1.0,1.0,16.0,80.0,640.0,232.54545454545453,243,0.0029318,0.9999506585791458
228973438714350052,16,vectorchain_cartesian,test,64,ramp,ok,11,704,0.07495123735321842,0.08833478359024044,18.363636363636363,0.0,0.0,0.0,1.0,1.0,16.0,48.0,384.0,232.54545454545453,147,0.0026871,1.282002432909891
228973438714350052,16,vectorchain_relational,test,64,ramp,ok,11,704,0.0960876686364327,0.10868211114717438,18.90909090909091,0.0,0.0,0.0,1.0,1.0,16.0,112.0,896.0,232.54545454545453,339,0.0030858,1.0
228973438714350052,16,fixed_relational,test,64,regime_change,ok,14,896,0.6227331333080138,0.7242157243968431,11.428571428571429,0.21428571428571427,0.35714285714285715,0.35714285714285715,1.0,1.0,16.0,112.0,896.0,145.0,339,0.00173015,1.180752129720781
228973438714350052,16,persistence,test,64,regime_change,ok,14,896,0.6803189292383993,1.0603069118602517,0.0,0.0,0.0,0.0,1.0,1.0,1.0,1.0,8.0,1.0,0,8.35e-06,1.0808070182969562
228973438714350052,16,raw_ar,test,64,regime_change,ok,14,896,0.2584617595073994,0.4105275208855105,0.0,0.0,0.0,0.0,1.0,1.0,112.0,112.0,896.0,112.0,113,0.00951305,2.8448830295147856
228973438714350052,16,raw_matched,test,64,regime_change,ok,14,896,2.5208785650832795,2.6275377903265853,13.5,0.7857142857142857,0.7142857142857143,0.8571428571428571,1.0,1.0,112.0,112.0,896.0,112.0,339,0.0017287000000000001,0.2916814334437571
228973438714350052,16,vectorchain_absolute,test,64,regime_change,ok,14,896,0.7348647382787118,1.0867077060482606,17.285714285714285,0.07142857142857142,0.0,0.14285714285714285,1.0,1.0,16.0,80.0,640.0,186.28571428571428,243,0.0025277499999999996,1.0005834204583348
228973438714350052,16,vectorchain_cartesian,test,64,regime_change,ok,14,896,0.7389979881832544,1.0774110291523844,17.071428571428573,0.0,0.0,0.14285714285714285,1.0,1.0,16.0,48.0,384.0,186.28571428571428,147,0.00255815,0.994987111140547
228973438714350052,16,vectorchain_relational,test,64,regime_change,ok,14,896,0.7352934734011324,1.0863500149215477,17.285714285714285,0.07142857142857142,0.0,0.14285714285714285,1.0,1.0,16.0,112.0,896.0,186.28571428571428,339,0.0026821500000000003,1.0
228973438714350052,16,fixed_relational,test,64,second_order_response,ok,17,1088,0.2467048960808343,0.4710092243448293,15.705882352941176,0.058823529411764705,0.058823529411764705,0.058823529411764705,1.0,1.0,16.0,112.0,896.0,145.0,339,0.0024743,0.31984834370427484
228973438714350052,16,persistence,test,64,second_order_response,ok,17,1088,0.02975440007259963,0.034655172335138575,0.0,0.0,0.0,0.0,1.0,1.0,1.0,1.0,8.0,1.0,0,8.7e-06,2.6519826379512654
228973438714350052,16,raw_ar,test,64,second_order_response,ok,17,1088,0.03228973340946917,0.04526583390362321,0.0,0.0,0.0,0.0,1.0,1.0,112.0,112.0,896.0,112.0,113,0.0096322,2.4437536041115093
228973438714350052,16,raw_matched,test,64,second_order_response,ok,17,1088,0.2203398760344257,0.41385016193565155,15.882352941176471,0.29411764705882354,0.29411764705882354,0.35294117647058826,1.0,1.0,112.0,112.0,896.0,112.0,339,0.0020085,0.3581201633373959
228973438714350052,16,vectorchain_absolute,test,64,second_order_response,ok,17,1088,0.07894071612082919,0.09772820536322437,20.529411764705884,0.0,0.0,0.0,1.0,1.0,16.0,80.0,640.0,155.7058823529412,243,0.0030699,0.9995874913829101
228973438714350052,16,vectorchain_cartesian,test,64,second_order_response,ok,17,1088,0.09028525172844797,0.10231479164933134,20.41176470588235,0.0,0.0,0.0,1.0,1.0,16.0,48.0,384.0,155.7058823529412,147,0.0030771,0.8739871782439406
228973438714350052,16,vectorchain_relational,test,64,second_order_response,ok,17,1088,0.0789081523951901,0.09769117459827104,20.529411764705884,0.0,0.0,0.0,1.0,1.0,16.0,112.0,896.0,155.7058823529412,339,0.0030687,1.0
228973438714350052,16,fixed_relational,test,64,sine,ok,14,896,0.3276601036013527,0.5342459307624171,13.0,0.07142857142857142,0.07142857142857142,0.07142857142857142,1.0,1.0,16.0,112.0,896.0,145.0,339,0.00226955,0.5196135255303831
228973438714350052,16,persistence,test,64,sine,ok,14,896,0.2167588819114555,0.3179727029718902,0.0,0.0,0.0,0.0,1.0,1.0,1.0,1.0,8.0,1.0,0,8.6e-06,0.7854654909942658
228973438714350052,16,raw_ar,test,64,sine,ok,14,896,0.05705964699448852,0.105650179548755,0.0,0.0,0.0,0.0,1.0,1.0,112.0,112.0,896.0,112.0,113,0.0096507,2.9838358730889945
228973438714350052,16,raw_matched,test,64,sine,ok,14,896,1.434034432482076,1.9746817396472722,16.642857142857142,0.6428571428571429,0.5714285714285714,0.6428571428571429,1.0,1.0,112.0,112.0,896.0,112.0,339,0.0021059,0.11872561617175639
228973438714350052,16,vectorchain_absolute,test,64,sine,ok,14,896,0.17028203799250102,0.24432520433908003,19.785714285714285,0.0,0.0,0.0,1.0,1.0,16.0,80.0,640.0,180.92857142857142,243,0.00291955,0.9998507394857896
228973438714350052,16,vectorchain_cartesian,test,64,sine,ok,14,896,0.17117927793826596,0.24982124352479637,19.857142857142858,0.0,0.0,0.0,1.0,1.0,16.0,48.0,384.0,180.92857142857142,147,0.00288315,0.9946099998701406
228973438714350052,16,vectorchain_relational,test,64,sine,ok,14,896,0.17025662160794947,0.24428677691765954,19.785714285714285,0.0,0.0,0.0,1.0,1.0,16.0,112.0,896.0,180.92857142857142,339,0.0029407,1.0
228973438714350052,16,fixed_relational,test,128,chirp,ok,14,1792,1.1642509049391965,1.8482721113783984,9.857142857142858,0.07142857142857142,0.5,0.21428571428571427,1.0,1.0,16.0,112.0,896.0,145.0,339,0.0020570500000000004,1.073681609994224
228973438714350052,16,persistence,test,128,chirp,ok,14,1792,1.0058112971805544,1.2774967146566325,0.0,0.0,0.0,0.0,1.0,1.0,1.0,1.0,8.0,1.0,0,8.550000000000001e-06,1.2428124336606585
228973438714350052,16,raw_ar,test,128,chirp,ok,14,1792,0.5875908981020215,1.0034712805092543,0.0,0.0,0.0,0.0,1.0,1.0,112.0,112.0,896.0,112.0,113,0.0096367,2.1273896346762493
228973438714350052,16,raw_matched,test,128,chirp,ok,14,1792,5.567056925004466,6.1643708147841085,15.285714285714286,0.6428571428571429,0.6428571428571429,0.7857142857142857,1.0,1.0,112.0,112.0,896.0,112.0,339,0.0020262500000000003,0.2245414054305446
228973438714350052,16,vectorchain_absolute,test,128,chirp,ok,14,1792,1.250136652827171,1.5312404316548478,16.785714285714285,0.0,0.0,0.0,1.0,1.0,16.0,80.0,640.0,230.07142857142858,243,0.00256655,0.9999185154882133
228973438714350052,16,vectorchain_cartesian,test,128,chirp,ok,14,1792,1.2737022429510163,1.6403605927267697,16.642857142857142,0.0,0.0,0.0,1.0,1.0,16.0,48.0,384.0,230.07142857142858,147,0.0026782000000000004,0.9814183754251441
228973438714350052,16,vectorchain_relational,test,128,chirp,ok,14,1792,1.2500347860523486,1.5312351645491662,16.785714285714285,0.0,0.0,0.0,1.0,1.0,16.0,112.0,896.0,230.07142857142858,339,0.0026146,1.0
228973438714350052,16,fixed_relational,test,128,first_order_response,ok,10,1280,0.9963080756524824,1.7954146662263581,16.5,0.0,0.1,0.0,1.0,1.0,16.0,112.0,896.0,145.0,339,0.00265405,0.09458294046991102
228973438714350052,16,persistence,test,128,first_order_response,ok,10,1280,0.021081962623957885,0.019063433779038665,0.0,0.0,0.0,0.0,1.0,1.0,1.0,1.0,8.0,1.0,0,8.400000000000001e-06,4.469875461312202
228973438714350052,16,raw_ar,test,128,first_order_response,ok,10,1280,0.04461759424714714,0.05153179454074287,0.0,0.0,0.0,0.0,1.0,1.0,112.0,112.0,896.0,112.0,113,0.0095644,2.112031116853766
228973438714350052,16,raw_matched,test,128,first_order_response,ok,10,1280,2.4102324211109774,4.627871282024598,17.5,0.4,0.3,0.6,1.0,1.0,112.0,112.0,896.0,112.0,339,0.0021090500000000003,0.039097369441945376
228973438714350052,16,vectorchain_absolute,test,128,first_order_response,ok,10,1280,0.09417236663497985,0.08348487274732248,19.1,0.0,0.0,0.0,1.0,1.0,16.0,80.0,640.0,223.4,243,0.0028249499999999997,1.0006517917765454
228973438714350052,16,vectorchain_cartesian,test,128,first_order_response,ok,10,1280,0.1367881804343706,0.16768973739218124,18.6,0.0,0.0,0.0,1.0,1.0,16.0,48.0,384.0,223.4,147,0.0027318999999999998,0.6889027042387088
228973438714350052,16,vectorchain_relational,test,128,first_order_response,ok,10,1280,0.09423374740913035,0.08296600906934491,19.1,0.0,0.0,0.0,1.0,1.0,16.0,112.0,896.0,223.4,339,0.00277085,1.0
228973438714350052,16,fixed_relational,test,128,piecewise_linear,ok,11,1408,0.5420332105700121,1.0595300911045724,14.545454545454545,0.0,0.0,0.0,1.0,1.0,16.0,112.0,896.0,145.0,339,0.0025265,0.17381247033559516
228973438714350052,16,persistence,test,128,piecewise_linear,ok,11,1408,0.10525928860945853,0.1753486799827778,0.0,0.0,0.0,0.0,1.0,1.0,1.0,1.0,8.0,1.0,0,8.7e-06,0.8950481480324368
228973438714350052,16,raw_ar,test,128,piecewise_linear,ok,11,1408,0.08571156236208193,0.14297568633609137,0.0,0.0,0.0,0.0,1.0,1.0,112.0,112.0,896.0,112.0,113,0.0098668,1.0991764557401917
228973438714350052,16,raw_matched,test,128,piecewise_linear,ok,11,1408,1.7959776082565422,3.1298743524523958,18.0,0.5454545454545454,0.45454545454545453,0.7272727272727273,1.0,1.0,112.0,112.0,896.0,112.0,339,0.0022578,0.05245729729590822
228973438714350052,16,vectorchain_absolute,test,128,piecewise_linear,ok,11,1408,0.09427801424166508,0.15701338276716384,19.0,0.0,0.0,0.0,1.0,1.0,16.0,80.0,640.0,185.36363636363637,243,0.0028249,0.9993011848087023
228973438714350052,16,vectorchain_cartesian,test,128,piecewise_linear,ok,11,1408,0.06794986013825478,0.09476703713974156,19.272727272727273,0.0,0.0,0.0,1.0,1.0,16.0,48.0,384.0,185.36363636363637,147,0.0029756,1.3864948528432302
228973438714350052,16,vectorchain_relational,test,128,piecewise_linear,ok,11,1408,0.09421213133310763,0.15699291304027685,19.0,0.0,0.0,0.0,1.0,1.0,16.0,112.0,896.0,185.36363636363637,339,0.0028589,1.0
228973438714350052,16,fixed_relational,test,128,ramp,ok,11,1408,1.1009938057734538,1.977108674323695,17.0,0.0,0.0,0.0,1.0,1.0,16.0,112.0,896.0,145.0,339,0.0030327,0.14460584951100477
228973438714350052,16,persistence,test,128,ramp,ok,11,1408,0.039847864947836036,0.05568374617990368,0.0,0.0,0.0,0.0,1.0,1.0,1.0,1.0,8.0,1.0,0,9.2e-06,3.9954498139020242
228973438714350052,16,raw_ar,test,128,ramp,ok,11,1408,0.053623165315505185,0.06881316750657175,0.0,0.0,0.0,0.0,1.0,1.0,112.0,112.0,896.0,112.0,113,0.0096652,2.9690553262470076
228973438714350052,16,raw_matched,test,128,ramp,ok,11,1408,0.8670859994362502,1.7604568600623958,15.545454545454545,0.36363636363636365,0.09090909090909091,0.6363636363636364,1.0,1.0,112.0,112.0,896.0,112.0,339,0.0020083,0.18361517161358562
228973438714350052,16,vectorchain_absolute,test,128,ramp,ok,11,1408,0.15916515224479463,0.20702234569526287,18.90909090909091,0.0,0.0,0.0,1.0,1.0,16.0,80.0,640.0,232.54545454545453,243,0.0029318,1.0002826771111346
228973438714350052,16,vectorchain_cartesian,test,128,ramp,ok,11,1408,0.14247194552640757,0.1976685428818958,18.363636363636363,0.0,0.0,0.0,1.0,1.0,16.0,48.0,384.0,232.54545454545453,147,0.0026871,1.1174841755825846
228973438714350052,16,vectorchain_relational,test,128,ramp,ok,11,1408,0.15921014459022448,0.2073751641135079,18.90909090909091,0.0,0.0,0.0,1.0,1.0,16.0,112.0,896.0,232.54545454545453,339,0.0030858,1.0
228973438714350052,16,fixed_relational,test,128,regime_change,ok,14,1792,1.0626317354818449,1.4125069550535698,11.428571428571429,0.21428571428571427,0.35714285714285715,0.35714285714285715,1.0,1.0,16.0,112.0,896.0,145.0,339,0.00173015,1.190245555625374
228973438714350052,16,persistence,test,128,regime_change,ok,14,1792,1.1021684794448572,1.3510416622383636,0.0,0.0,0.0,0.0,1.0,1.0,1.0,1.0,8.0,1.0,0,8.35e-06,1.1475493302628266
228973438714350052,16,raw_ar,test,128,regime_change,ok,14,1792,0.681416702355309,1.1226237169303046,0.0,0.0,0.0,0.0,1.0,1.0,112.0,112.0,896.0,112.0,113,0.00951305,1.856122246566605
228973438714350052,16,raw_matched,test,128,regime_change,ok,14,1792,3.516312745452317,3.723724271319064,13.5,0.7857142857142857,0.7142857142857143,0.8571428571428571,1.0,1.0,112.0,112.0,896.0,112.0,339,0.0017287000000000001,0.35969289195322945
228973438714350052,16,vectorchain_absolute,test,128,regime_change,ok,14,1792,1.2652151401329605,1.381242808236155,17.285714285714285,0.07142857142857142,0.0,0.14285714285714285,1.0,1.0,16.0,80.0,640.0,186.28571428571428,243,0.0025277499999999996,0.9996661123505269
228973438714350052,16,vectorchain_cartesian,test,128,regime_change,ok,14,1792,1.2920402268787405,1.4938868553170177,17.071428571428573,0.0,0.0,0.14285714285714285,1.0,1.0,16.0,48.0,384.0,186.28571428571428,147,0.00255815,0.9789112398452019
228973438714350052,16,vectorchain_relational,test,128,regime_change,ok,14,1792,1.2647927004237438,1.378785243872123,17.285714285714285,0.07142857142857142,0.0,0.14285714285714285,1.0,1.0,16.0,112.0,896.0,186.28571428571428,339,0.0026821500000000003,1.0
228973438714350052,16,fixed_relational,test,128,second_order_response,ok,17,2176,0.9581476509532668,1.686552392499937,15.705882352941176,0.058823529411764705,0.058823529411764705,0.058823529411764705,1.0,1.0,16.0,112.0,896.0,145.0,339,0.0024743,0.12797230679658522
228973438714350052,16,persistence,test,128,second_order_response,ok,17,2176,0.04547404892341968,0.06050677176539046,0.0,0.0,0.0,0.0,1.0,1.0,1.0,1.0,8.0,1.0,0,8.7e-06,2.6964030704789526
228973438714350052,16,raw_ar,test,128,second_order_response,ok,17,2176,0.056604984483361,0.07790269339544066,0.0,0.0,0.0,0.0,1.0,1.0,112.0,112.0,896.0,112.0,113,0.0096322,2.16617611087345
228973438714350052,16,raw_matched,test,128,second_order_response,ok,17,2176,1.5379326201788717,2.2400905151983443,15.882352941176471,0.29411764705882354,0.29411764705882354,0.35294117647058826,1.0,1.0,112.0,112.0,896.0,112.0,339,0.0020085,0.07972804759805266
228973438714350052,16,vectorchain_absolute,test,128,second_order_response,ok,17,2176,0.12265104115719504,0.16734832883463402,20.529411764705884,0.0,0.0,0.0,1.0,1.0,16.0,80.0,640.0,155.7058823529412,243,0.0030699,0.9997172790980904
228973438714350052,16,vectorchain_cartesian,test,128,second_order_response,ok,17,2176,0.13818650033322463,0.18977192482843114,20.41176470588235,0.0,0.0,0.0,1.0,1.0,16.0,48.0,384.0,155.7058823529412,147,0.0030771,0.8873252079511407
228973438714350052,16,vectorchain_relational,test,128,second_order_response,ok,17,2176,0.12261636514421892,0.16732463947370121,20.529411764705884,0.0,0.0,0.0,1.0,1.0,16.0,112.0,896.0,155.7058823529412,339,0.0030687,1.0
228973438714350052,16,fixed_relational,test,128,sine,ok,14,1792,0.7813021425865737,1.1825781944670248,13.0,0.07142857142857142,0.07142857142857142,0.07142857142857142,1.0,1.0,16.0,112.0,896.0,145.0,339,0.00226955,0.5259669301874803
228973438714350052,16,persistence,test,128,sine,ok,14,1792,0.4180250126173023,0.6027712901721903,0.0,0.0,0.0,0.0,1.0,1.0,1.0,1.0,8.0,1.0,0,8.6e-06,0.9830490451091064
228973438714350052,16,raw_ar,test,128,sine,ok,14,1792,0.19452078094277003,0.3623802161592149,0.0,0.0,0.0,0.0,1.0,1.0,112.0,112.0,896.0,112.0,113,0.0096507,2.1125716619761237
228973438714350052,16,raw_matched,test,128,sine,ok,14,1792,3.5895734797269467,3.537414582924899,16.642857142857142,0.6428571428571429,0.5714285714285714,0.6428571428571429,1.0,1.0,112.0,112.0,896.0,112.0,339,0.0021059,0.11448131423024127
228973438714350052,16,vectorchain_absolute,test,128,sine,ok,14,1792,0.4110166787332309,0.6235584993766121,19.785714285714285,0.0,0.0,0.0,1.0,1.0,16.0,80.0,640.0,180.92857142857142,243,0.00291955,0.999811226035136
228973438714350052,16,vectorchain_cartesian,test,128,sine,ok,14,1792,0.4585295873281334,0.6865102715224063,19.857142857142858,0.0,0.0,0.0,1.0,1.0,16.0,48.0,384.0,180.92857142857142,147,0.00288315,0.8962106281509911
228973438714350052,16,vectorchain_relational,test,128,sine,ok,14,1792,0.41093908948516117,0.6236426242078605,19.785714285714285,0.0,0.0,0.0,1.0,1.0,16.0,112.0,896.0,180.92857142857142,339,0.0029407,1.0
228973438714350052,16,fixed_relational,validation,16,chirp,ok,16,256,0.18282773798712723,0.23420463221531715,11.9375,0.25,0.375,0.375,1.0,1.0,16.0,112.0,896.0,145.0,339,0.00181395,0.5642450227076666
228973438714350052,16,persistence,validation,16,chirp,ok,16,256,0.12002450550573675,0.17408549469531603,0.0,0.0,0.0,0.0,1.0,1.0,1.0,1.0,8.0,1.0,0,8.1e-06,0.859488158167894
228973438714350052,16,raw_ar,validation,16,chirp,ok,16,256,0.020618729621294934,0.02788728440222523,0.0,0.0,0.0,0.0,1.0,1.0,112.0,112.0,896.0,112.0,113,0.00788165,5.003200636842102
228973438714350052,16,raw_matched,validation,16,chirp,ok,16,256,0.1516699245318509,0.15682900791692905,15.1875,0.5625,0.625,0.625,1.0,1.0,112.0,112.0,896.0,112.0,339,0.0017249000000000001,0.680158848173451
228973438714350052,16,vectorchain_absolute,validation,16,chirp,ok,16,256,0.10319170379886798,0.13396831734794662,19.75,0.0,0.0,0.0,1.0,1.0,16.0,80.0,640.0,164.5625,243,0.00269125,0.9996892906546777
228973438714350052,16,vectorchain_cartesian,validation,16,chirp,ok,16,256,0.0993732861352352,0.13436715959327178,19.4375,0.0,0.0,0.0,1.0,1.0,16.0,48.0,384.0,164.5625,147,0.0025822,1.038102343035632
228973438714350052,16,vectorchain_relational,validation,16,chirp,ok,16,256,0.10315964117213794,0.13392479487576767,19.75,0.0,0.0,0.0,1.0,1.0,16.0,112.0,896.0,164.5625,339,0.00261095,1.0
228973438714350052,16,fixed_relational,validation,16,first_order_response,ok,13,208,0.028370314909891666,0.03128283666795547,17.46153846153846,0.0,0.0,0.0,1.0,1.0,16.0,112.0,896.0,145.0,339,0.0025799,1.109056200295052
228973438714350052,16,persistence,validation,16,first_order_response,ok,13,208,0.021266726147662302,0.016586578803338272,0.0,0.0,0.0,0.0,1.0,1.0,1.0,1.0,8.0,1.0,0,8.6e-06,1.4795071623469955
228973438714350052,16,raw_ar,validation,16,first_order_response,ok,13,208,0.01580056586979796,0.01438327534645631,0.0,0.0,0.0,0.0,1.0,1.0,112.0,112.0,896.0,112.0,113,0.0083875,1.9913384061314534
228973438714350052,16,raw_matched,validation,16,first_order_response,ok,13,208,0.023690748616914028,0.027121337701435613,16.384615384615383,0.3076923076923077,0.3076923076923077,0.3076923076923077,1.0,1.0,112.0,112.0,896.0,112.0,339,0.0019038,1.3281249218386693
228973438714350052,16,vectorchain_absolute,validation,16,first_order_response,ok,13,208,0.03148466285228958,0.039455374071292286,18.23076923076923,0.0,0.0,0.0,1.0,1.0,16.0,80.0,640.0,249.0,243,0.0024833,0.999352408591868
228973438714350052,16,vectorchain_cartesian,validation,16,first_order_response,ok,13,208,0.023379436071065754,0.028586397282614737,18.076923076923077,0.0,0.0,0.0,1.0,1.0,16.0,48.0,384.0,249.0,147,0.0024412,1.3458097774256625
228973438714350052,16,vectorchain_relational,validation,16,first_order_response,ok,13,208,0.03146427365513851,0.039420412646259395,18.23076923076923,0.0,0.0,0.0,1.0,1.0,16.0,112.0,896.0,249.0,339,0.0025033,1.0
228973438714350052,16,fixed_relational,validation,16,piecewise_linear,ok,18,288,0.04258857288963051,0.05683452115183696,14.166666666666666,0.0,0.05555555555555555,0.0,1.0,1.0,16.0,112.0,896.0,145.0,339,0.0021483500000000003,0.8743150075991266
228973438714350052,16,persistence,validation,16,piecewise_linear,ok,18,288,0.03383096146029083,0.04345484828374952,0.0,0.0,0.0,0.0,1.0,1.0,1.0,1.0,8.0,1.0,0,8.550000000000001e-06,1.1006435177238134
228973438714350052,16,raw_ar,validation,16,piecewise_linear,ok,18,288,0.016034063515857,0.0157102511142848,0.0,0.0,0.0,0.0,1.0,1.0,112.0,112.0,896.0,112.0,113,0.0080339,2.32229518068259
228973438714350052,16,raw_matched,validation,16,piecewise_linear,ok,18,288,0.04332907387128312,0.0568946291680561,16.11111111111111,0.3888888888888889,0.2777777777777778,0.5555555555555556,1.0,1.0,112.0,112.0,896.0,112.0,339,0.0016367,0.8593728206665355
228973438714350052,16,vectorchain_absolute,validation,16,piecewise_linear,ok,18,288,0.03723918199420563,0.03991108430121279,18.5,0.0,0.0,0.0,1.0,1.0,16.0,80.0,640.0,235.83333333333334,243,0.0025135,0.9999099452675171
228973438714350052,16,vectorchain_cartesian,validation,16,piecewise_linear,ok,18,288,0.03107166128990221,0.034618446213685865,18.38888888888889,0.0,0.0,0.0,1.0,1.0,16.0,48.0,384.0,235.83333333333334,147,0.00256205,1.1983855025393928
228973438714350052,16,vectorchain_relational,validation,16,piecewise_linear,ok,18,288,0.03723582842963326,0.03992289241777135,18.5,0.0,0.0,0.0,1.0,1.0,16.0,112.0,896.0,235.83333333333334,339,0.00253705,1.0
228973438714350052,16,fixed_relational,validation,16,ramp,ok,22,352,0.02249977100581059,0.02700634880207717,16.5,0.0,0.0,0.0,1.0,1.0,16.0,112.0,896.0,145.0,339,0.0025764,1.5029639197123819
228973438714350052,16,persistence,validation,16,ramp,ok,22,352,0.01829050233348695,0.016798002962926176,0.0,0.0,0.0,0.0,1.0,1.0,1.0,1.0,8.0,1.0,0,8.550000000000001e-06,1.8488471998722436
228973438714350052,16,raw_ar,validation,16,ramp,ok,22,352,0.014730465361431468,0.01610955035892533,0.0,0.0,0.0,0.0,1.0,1.0,112.0,112.0,896.0,112.0,113,0.0079631,2.295673842868865
228973438714350052,16,raw_matched,validation,16,ramp,ok,22,352,0.04592505202808411,0.04902938604150839,15.909090909090908,0.2727272727272727,0.36363636363636365,0.4090909090909091,1.0,1.0,112.0,112.0,896.0,112.0,339,0.0016731,0.7363376312093167
228973438714350052,16,vectorchain_absolute,validation,16,ramp,ok,22,352,0.0338408947103171,0.04315002105768104,20.818181818181817,0.0,0.0,0.0,1.0,1.0,16.0,80.0,640.0,130.4090909090909,243,0.00277235,0.9992745260725766
228973438714350052,16,vectorchain_cartesian,validation,16,ramp,ok,22,352,0.03020268293068069,0.03761870472073206,20.818181818181817,0.0,0.0,0.0,1.0,1.0,16.0,48.0,384.0,130.4090909090909,147,0.0028770999999999996,1.119647022787255
228973438714350052,16,vectorchain_relational,validation,16,ramp,ok,22,352,0.033816344023524084,0.04312287810274994,20.818181818181817,0.0,0.0,0.0,1.0,1.0,16.0,112.0,896.0,130.4090909090909,339,0.00279075,1.0
228973438714350052,16,fixed_relational,validation,16,regime_change,ok,19,304,0.2132187525101159,0.26774663897717516,9.31578947368421,0.21052631578947367,0.5789473684210527,0.2631578947368421,1.0,1.0,16.0,112.0,896.0,145.0,339,0.0015447,1.0214844242226533
228973438714350052,16,persistence,validation,16,regime_change,ok,19,304,0.14867126957595508,0.2237139427762326,0.0,0.0,0.0,0.0,1.0,1.0,1.0,1.0,8.0,1.0,0,8.7e-06,1.4649746064756373
228973438714350052,16,raw_ar,validation,16,regime_change,ok,19,304,0.045227220911225184,0.07360051274238533,0.0,0.0,0.0,0.0,1.0,1.0,112.0,112.0,896.0,112.0,113,0.0083812,4.815675830906765
228973438714350052,16,raw_matched,validation,16,regime_change,ok,19,304,0.583633403956525,0.5564207038971386,16.0,0.8421052631578947,0.8947368421052632,0.8421052631578947,1.0,1.0,112.0,112.0,896.0,112.0,339,0.0019576,0.3731788365175413
228973438714350052,16,vectorchain_absolute,validation,16,regime_change,ok,19,304,0.21791955027821824,0.26879425085076075,18.05263157894737,0.0,0.0,0.0,1.0,1.0,16.0,80.0,640.0,176.21052631578948,243,0.0024752,0.9994497251999788
228973438714350052,16,vectorchain_cartesian,validation,16,regime_change,ok,19,304,0.22403774912471958,0.26935873621300666,18.105263157894736,0.0,0.0,0.0,1.0,1.0,16.0,48.0,384.0,176.21052631578948,147,0.0026286,0.972155966984034
228973438714350052,16,vectorchain_relational,validation,16,regime_change,ok,19,304,0.21779963464126817,0.26915392899500945,18.05263157894737,0.0,0.0,0.0,1.0,1.0,16.0,112.0,896.0,176.21052631578948,339,0.0025631,1.0
228973438714350052,16,fixed_relational,validation,16,second_order_response,ok,17,272,0.026406501013188047,0.034158690258759006,16.11764705882353,0.11764705882352941,0.17647058823529413,0.11764705882352941,1.0,1.0,16.0,112.0,896.0,145.0,339,0.002562,0.9503980034781061
228973438714350052,16,persistence,validation,16,second_order_response,ok,17,272,0.020052795634105017,0.01970329718260419,0.0,0.0,0.0,0.0,1.0,1.0,1.0,1.0,8.0,1.0,0,8.6e-06,1.251530524706143
228973438714350052,16,raw_ar,validation,16,second_order_response,ok,17,272,0.013637820584823115,0.01263290595422077,0.0,0.0,0.0,0.0,1.0,1.0,112.0,112.0,896.0,112.0,113,0.0082905,1.8402270132300627
228973438714350052,16,raw_matched,validation,16,second_order_response,ok,17,272,0.035340681182511,0.03506546989538202,17.235294117647058,0.47058823529411764,0.5294117647058824,0.47058823529411764,1.0,1.0,112.0,112.0,896.0,112.0,339,0.0019194,0.7101358831248582
228973438714350052,16,vectorchain_absolute,validation,16,second_order_response,ok,17,272,0.02510216835862656,0.03396530082737593,19.0,0.0,0.0,0.0,1.0,1.0,16.0,80.0,640.0,204.52941176470588,243,0.0026025,0.9997815919018738
228973438714350052,16,vectorchain_cartesian,validation,16,second_order_response,ok,17,272,0.02616295456513705,0.02985913650463532,19.176470588235293,0.0,0.0,0.0,1.0,1.0,16.0,48.0,384.0,204.52941176470588,147,0.0026581,0.9592450951705057
228973438714350052,16,vectorchain_relational,validation,16,second_order_response,ok,17,272,0.025096685841776507,0.03395981773761767,19.0,0.0,0.0,0.0,1.0,1.0,16.0,112.0,896.0,204.52941176470588,339,0.0026522,1.0
228973438714350052,16,fixed_relational,validation,16,sine,ok,15,240,0.08556893483825707,0.12207862517456644,11.2,0.06666666666666667,0.13333333333333333,0.06666666666666667,1.0,1.0,16.0,112.0,896.0,145.0,339,0.001689,0.8518140958344235
228973438714350052,16,persistence,validation,16,sine,ok,15,240,0.05385949212374017,0.07862287078515674,0.0,0.0,0.0,0.0,1.0,1.0,1.0,1.0,8.0,1.0,0,8.9e-06,1.3533143738768514
228973438714350052,16,raw_ar,validation,16,sine,ok,15,240,0.013280571899942398,0.013445032885259422,0.0,0.0,0.0,0.0,1.0,1.0,112.0,112.0,896.0,112.0,113,0.0082906,5.488379974139576
228973438714350052,16,raw_matched,validation,16,sine,ok,15,240,0.07132620496334005,0.08883638494975837,13.6,0.4666666666666667,0.4666666666666667,0.6666666666666666,1.0,1.0,112.0,112.0,896.0,112.0,339,0.0014998,1.0219080756957102
228973438714350052,16,vectorchain_absolute,validation,16,sine,ok,15,240,0.07290133818093499,0.06775412058190035,18.733333333333334,0.0,0.0,0.0,1.0,1.0,16.0,80.0,640.0,215.2,243,0.0025301,0.9998283526683792
228973438714350052,16,vectorchain_cartesian,validation,16,sine,ok,15,240,0.0783476100542687,0.07682827286844013,18.6,0.0,0.0,0.0,1.0,1.0,16.0,48.0,384.0,215.2,147,0.002512,0.9303260789994368
228973438714350052,16,vectorchain_relational,validation,16,sine,ok,15,240,0.07288882486076464,0.06775321997718083,18.733333333333334,0.0,0.0,0.0,1.0,1.0,16.0,112.0,896.0,215.2,339,0.0025481,1.0
228973438714350052,16,fixed_relational,validation,64,chirp,ok,16,1024,0.6172269411339106,0.7171824181116174,11.9375,0.25,0.375,0.375,1.0,1.0,16.0,112.0,896.0,145.0,339,0.00181395,0.5701373701223691
228973438714350052,16,persistence,validation,64,chirp,ok,16,1024,0.46307124790442056,0.7180394028455321,0.0,0.0,0.0,0.0,1.0,1.0,1.0,1.0,8.0,1.0,0,8.1e-06,0.7599352077661197
228973438714350052,16,raw_ar,validation,64,chirp,ok,16,1024,0.13333668255004322,0.24367194317665108,0.0,0.0,0.0,0.0,1.0,1.0,112.0,112.0,896.0,112.0,113,0.00788165,2.6392147926335827
228973438714350052,16,raw_matched,validation,64,chirp,ok,16,1024,2.2314019695815808,2.4359906196431726,15.1875,0.5625,0.625,0.625,1.0,1.0,112.0,112.0,896.0,112.0,339,0.0017249000000000001,0.15770540215698972
228973438714350052,16,vectorchain_absolute,validation,64,chirp,ok,16,1024,0.3520005440835136,0.45689697039252625,19.75,0.0,0.0,0.0,1.0,1.0,16.0,80.0,640.0,164.5625,243,0.00269125,0.9997261393529875
228973438714350052,16,vectorchain_cartesian,validation,64,chirp,ok,16,1024,0.3538412482493653,0.46524971272485177,19.4375,0.0,0.0,0.0,1.0,1.0,16.0,48.0,384.0,164.5625,147,0.0025822,0.9945255018396328
228973438714350052,16,vectorchain_relational,validation,64,chirp,ok,16,1024,0.35190414498676215,0.4584055726093596,19.75,0.0,0.0,0.0,1.0,1.0,16.0,112.0,896.0,164.5625,339,0.00261095,1.0
228973438714350052,16,fixed_relational,validation,64,first_order_response,ok,13,832,0.2811607972836185,0.4540046933108812,17.46153846153846,0.0,0.0,0.0,1.0,1.0,16.0,112.0,896.0,145.0,339,0.0025799,0.2764396052209779
228973438714350052,16,persistence,validation,64,first_order_response,ok,13,832,0.020703185721064787,0.016486225782933742,0.0,0.0,0.0,0.0,1.0,1.0,1.0,1.0,8.0,1.0,0,8.6e-06,3.75420386272328
228973438714350052,16,raw_ar,validation,64,first_order_response,ok,13,832,0.03223483074000762,0.0402668844587738,0.0,0.0,0.0,0.0,1.0,1.0,112.0,112.0,896.0,112.0,113,0.0083875,2.4111800192651023
228973438714350052,16,raw_matched,validation,64,first_order_response,ok,13,832,0.20849728027520156,0.36715246545294,16.384615384615383,0.3076923076923077,0.3076923076923077,0.3076923076923077,1.0,1.0,112.0,112.0,896.0,112.0,339,0.0019038,0.3727817442132039
228973438714350052,16,vectorchain_absolute,validation,64,first_order_response,ok,13,832,0.07762693858079904,0.1034763280866992,18.23076923076923,0.0,0.0,0.0,1.0,1.0,16.0,80.0,640.0,249.0,243,0.0024833,1.0012500972687315
228973438714350052,16,vectorchain_cartesian,validation,64,first_order_response,ok,13,832,0.06542331422177931,0.09769910941534178,18.076923076923077,0.0,0.0,0.0,1.0,1.0,16.0,48.0,384.0,249.0,147,0.0024412,1.1880165462303145
228973438714350052,16,vectorchain_relational,validation,64,first_order_response,ok,13,832,0.07772397980469888,0.10341016024161637,18.23076923076923,0.0,0.0,0.0,1.0,1.0,16.0,112.0,896.0,249.0,339,0.0025033,1.0
228973438714350052,16,fixed_relational,validation,64,piecewise_linear,ok,18,1152,0.5103044814919119,0.8975152520393745,14.166666666666666,0.0,0.05555555555555555,0.0,1.0,1.0,16.0,112.0,896.0,145.0,339,0.0021483500000000003,0.2729815954293635
228973438714350052,16,persistence,validation,64,piecewise_linear,ok,18,1152,0.08880432625400933,0.13604757995550235,0.0,0.0,0.0,0.0,1.0,1.0,1.0,1.0,8.0,1.0,0,8.550000000000001e-06,1.5686592915975974
228973438714350052,16,raw_ar,validation,64,piecewise_linear,ok,18,1152,0.04283290283964112,0.06454088231976929,0.0,0.0,0.0,0.0,1.0,1.0,112.0,112.0,896.0,112.0,113,0.0080339,3.2522598814734773
228973438714350052,16,raw_matched,validation,64,piecewise_linear,ok,18,1152,0.4811273656733269,0.7271564744617568,16.11111111111111,0.3888888888888889,0.2777777777777778,0.5555555555555556,1.0,1.0,112.0,112.0,896.0,112.0,339,0.0016367,0.28953608015512433
228973438714350052,16,vectorchain_absolute,validation,64,piecewise_linear,ok,18,1152,0.1393180512715314,0.1776231109935448,18.5,0.0,0.0,0.0,1.0,1.0,16.0,80.0,640.0,235.83333333333334,243,0.0025135,0.9998972153358126
228973438714350052,16,vectorchain_cartesian,validation,64,piecewise_linear,ok,18,1152,0.10548352966166162,0.12699665114074915,18.38888888888889,0.0,0.0,0.0,1.0,1.0,16.0,48.0,384.0,235.83333333333334,147,0.00256205,1.3206206879807005
228973438714350052,16,vectorchain_relational,validation,64,piecewise_linear,ok,18,1152,0.1393037315124162,0.17758716087837048,18.5,0.0,0.0,0.0,1.0,1.0,16.0,112.0,896.0,235.83333333333334,339,0.00253705,1.0
228973438714350052,16,fixed_relational,validation,64,ramp,ok,22,1408,0.1836762279104724,0.3655889764655848,16.5,0.0,0.0,0.0,1.0,1.0,16.0,112.0,896.0,145.0,339,0.0025764,0.443514768976095
228973438714350052,16,persistence,validation,64,ramp,ok,22,1408,0.023461488861108173,0.028882388141885998,0.0,0.0,0.0,0.0,1.0,1.0,1.0,1.0,8.0,1.0,0,8.550000000000001e-06,3.4722058889942895
228973438714350052,16,raw_ar,validation,64,ramp,ok,22,1408,0.029231286212891793,0.0375503845589322,0.0,0.0,0.0,0.0,1.0,1.0,112.0,112.0,896.0,112.0,113,0.0079631,2.786846914460653
228973438714350052,16,raw_matched,validation,64,ramp,ok,22,1408,0.3015413365088928,0.44239422085726937,15.909090909090908,0.2727272727272727,0.36363636363636365,0.4090909090909091,1.0,1.0,112.0,112.0,896.0,112.0,339,0.0016731,0.27015572966299195
228973438714350052,16,vectorchain_absolute,validation,64,ramp,ok,22,1408,0.0814974647532461,0.09431904685588516,20.818181818181817,0.0,0.0,0.0,1.0,1.0,16.0,80.0,640.0,130.4090909090909,243,0.00277235,0.9995785762755154
228973438714350052,16,vectorchain_cartesian,validation,64,ramp,ok,22,1408,0.07479563356550878,0.08368629076998695,20.818181818181817,0.0,0.0,0.0,1.0,1.0,16.0,48.0,384.0,130.4090909090909,147,0.0028770999999999996,1.0891427200327852
228973438714350052,16,vectorchain_relational,validation,64,ramp,ok,22,1408,0.08146311978811373,0.0942444098829711,20.818181818181817,0.0,0.0,0.0,1.0,1.0,16.0,112.0,896.0,130.4090909090909,339,0.00279075,1.0
228973438714350052,16,fixed_relational,validation,64,regime_change,ok,19,1216,0.6812196877381712,0.9410908580001393,9.31578947368421,0.21052631578947367,0.5789473684210527,0.2631578947368421,1.0,1.0,16.0,112.0,896.0,145.0,339,0.0015447,1.094913324653715
228973438714350052,16,persistence,validation,64,regime_change,ok,19,1216,0.6122930354369491,0.9656086456005173,0.0,0.0,0.0,0.0,1.0,1.0,1.0,1.0,8.0,1.0,0,8.7e-06,1.2181691934298886
228973438714350052,16,raw_ar,validation,64,regime_change,ok,19,1216,0.2940930872902548,0.5182940829560512,0.0,0.0,0.0,0.0,1.0,1.0,112.0,112.0,896.0,112.0,113,0.0083812,2.53619192478613
228973438714350052,16,raw_matched,validation,64,regime_change,ok,19,1216,2.5270691490257335,3.5151948637477113,16.0,0.8421052631578947,0.8947368421052632,0.8421052631578947,1.0,1.0,112.0,112.0,896.0,112.0,339,0.0019576,0.2951547698679025
228973438714350052,16,vectorchain_absolute,validation,64,regime_change,ok,19,1216,0.7461153470709875,1.0703552704370438,18.05263157894737,0.0,0.0,0.0,1.0,1.0,16.0,80.0,640.0,176.21052631578948,243,0.0024752,0.9996798967465842
228973438714350052,16,vectorchain_cartesian,validation,64,regime_change,ok,19,1216,0.7610900199339377,1.0950087373424036,18.105263157894736,0.0,0.0,0.0,1.0,1.0,16.0,48.0,384.0,176.21052631578948,147,0.0026286,0.9800108969839184
228973438714350052,16,vectorchain_relational,validation,64,regime_change,ok,19,1216,0.7458765131209666,1.0702215684597112,18.05263157894737,0.0,0.0,0.0,1.0,1.0,16.0,112.0,896.0,176.21052631578948,339,0.0025631,1.0
228973438714350052,16,fixed_relational,validation,64,second_order_response,ok,17,1088,0.3414939155826208,0.6653135607702113,16.11764705882353,0.11764705882352941,0.17647058823529413,0.11764705882352941,1.0,1.0,16.0,112.0,896.0,145.0,339,0.002562,0.20831873681684376
228973438714350052,16,persistence,validation,64,second_order_response,ok,17,1088,0.03975579619627975,0.056015480672532314,0.0,0.0,0.0,0.0,1.0,1.0,1.0,1.0,8.0,1.0,0,8.6e-06,1.7894140711855875
228973438714350052,16,raw_ar,validation,64,second_order_response,ok,17,1088,0.02664567925515848,0.03813756438862948,0.0,0.0,0.0,0.0,1.0,1.0,112.0,112.0,896.0,112.0,113,0.0082905,2.6698355273130128
228973438714350052,16,raw_matched,validation,64,second_order_response,ok,17,1088,0.26826229965146703,0.4686353713418394,17.235294117647058,0.47058823529411764,0.5294117647058824,0.47058823529411764,1.0,1.0,112.0,112.0,896.0,112.0,339,0.0019194,0.2651866520835605
228973438714350052,16,vectorchain_absolute,validation,64,second_order_response,ok,17,1088,0.07114269436038066,0.088785545531713,19.0,0.0,0.0,0.0,1.0,1.0,16.0,80.0,640.0,204.52941176470588,243,0.0026025,0.999956239560517
228973438714350052,16,vectorchain_cartesian,validation,64,second_order_response,ok,17,1088,0.06486270766879543,0.08811474193597361,19.176470588235293,0.0,0.0,0.0,1.0,1.0,16.0,48.0,384.0,204.52941176470588,147,0.0026581,1.0967716840941215
228973438714350052,16,vectorchain_relational,validation,64,second_order_response,ok,17,1088,0.07113958112480945,0.08878246342903011,19.0,0.0,0.0,0.0,1.0,1.0,16.0,112.0,896.0,204.52941176470588,339,0.0026522,1.0
228973438714350052,16,fixed_relational,validation,64,sine,ok,15,960,0.6068169921337675,0.8444443032520204,11.2,0.06666666666666667,0.13333333333333333,0.06666666666666667,1.0,1.0,16.0,112.0,896.0,145.0,339,0.001689,0.2989054787399667
228973438714350052,16,persistence,validation,64,sine,ok,15,960,0.2195288881299944,0.3457271084048536,0.0,0.0,0.0,0.0,1.0,1.0,1.0,1.0,8.0,1.0,0,8.9e-06,0.8262280426341218
228973438714350052,16,raw_ar,validation,64,sine,ok,15,960,0.06108426186650448,0.11879943442706713,0.0,0.0,0.0,0.0,1.0,1.0,112.0,112.0,896.0,112.0,113,0.0082906,2.969356066505086
228973438714350052,16,raw_matched,validation,64,sine,ok,15,960,0.8040192467216758,0.9106187985186696,13.6,0.4666666666666667,0.4666666666666667,0.6666666666666666,1.0,1.0,112.0,112.0,896.0,112.0,339,0.0014998,0.22559276320916022
228973438714350052,16,vectorchain_absolute,validation,64,sine,ok,15,960,0.18141591823446243,0.21008150068026332,18.733333333333334,0.0,0.0,0.0,1.0,1.0,16.0,80.0,640.0,215.2,243,0.0025301,0.9998071024113395
228973438714350052,16,vectorchain_cartesian,validation,64,sine,ok,15,960,0.19118518264613488,0.1950857974655619,18.6,0.0,0.0,0.0,1.0,1.0,16.0,48.0,384.0,215.2,147,0.002512,0.9487185200801297
228973438714350052,16,vectorchain_relational,validation,64,sine,ok,15,960,0.18138092354129037,0.21003523342603617,18.733333333333334,0.0,0.0,0.0,1.0,1.0,16.0,112.0,896.0,215.2,339,0.0025481,1.0
228973438714350052,16,fixed_relational,validation,128,chirp,ok,16,2048,1.212216649522046,1.6267625417779,11.9375,0.25,0.375,0.375,1.0,1.0,16.0,112.0,896.0,145.0,339,0.00181395,0.4895989975463408
228973438714350052,16,persistence,validation,128,chirp,ok,16,2048,0.865642338663015,1.2508818472262675,0.0,0.0,0.0,0.0,1.0,1.0,1.0,1.0,8.0,1.0,0,8.1e-06,0.6856181010411746
228973438714350052,16,raw_ar,validation,128,chirp,ok,16,2048,0.40586433488287615,0.7152783749286102,0.0,0.0,0.0,0.0,1.0,1.0,112.0,112.0,896.0,112.0,113,0.00788165,1.4623114311984304
228973438714350052,16,raw_matched,validation,128,chirp,ok,16,2048,4.689588117351695,5.12119075981513,15.1875,0.5625,0.625,0.625,1.0,1.0,112.0,112.0,896.0,112.0,339,0.0017249000000000001,0.12655696866404959
228973438714350052,16,vectorchain_absolute,validation,128,chirp,ok,16,2048,0.5933593173377562,0.7763983582452587,19.75,0.0,0.0,0.0,1.0,1.0,16.0,80.0,640.0,164.5625,243,0.00269125,1.0002371903046083
228973438714350052,16,vectorchain_cartesian,validation,128,chirp,ok,16,2048,0.6258337693655568,0.8544703025011332,19.4375,0.0,0.0,0.0,1.0,1.0,16.0,48.0,384.0,164.5625,147,0.0025822,0.9483349820139019
228973438714350052,16,vectorchain_relational,validation,128,chirp,ok,16,2048,0.5935000564149777,0.7767265793192906,19.75,0.0,0.0,0.0,1.0,1.0,16.0,112.0,896.0,164.5625,339,0.00261095,1.0
228973438714350052,16,fixed_relational,validation,128,first_order_response,ok,13,1664,1.0994958635523202,1.9660381132369982,17.46153846153846,0.0,0.0,0.0,1.0,1.0,16.0,112.0,896.0,145.0,339,0.0025799,0.11732967372244395
228973438714350052,16,persistence,validation,128,first_order_response,ok,13,1664,0.020546932992646053,0.017087872889741982,0.0,0.0,0.0,0.0,1.0,1.0,1.0,1.0,8.0,1.0,0,8.6e-06,6.278479176232389
228973438714350052,16,raw_ar,validation,128,first_order_response,ok,13,1664,0.052755655287171174,0.0661457618872808,0.0,0.0,0.0,0.0,1.0,1.0,112.0,112.0,896.0,112.0,113,0.0083875,2.44530165017476
228973438714350052,16,raw_matched,validation,128,first_order_response,ok,13,1664,1.9008012184291747,3.0247153581248085,16.384615384615383,0.3076923076923077,0.3076923076923077,0.3076923076923077,1.0,1.0,112.0,112.0,896.0,112.0,339,0.0019038,0.06786795467038852
228973438714350052,16,vectorchain_absolute,validation,128,first_order_response,ok,13,1664,0.1290309144006528,0.1509763171595656,18.23076923076923,0.0,0.0,0.0,1.0,1.0,16.0,80.0,640.0,249.0,243,0.0024833,0.9997874658874603
228973438714350052,16,vectorchain_cartesian,validation,128,first_order_response,ok,13,1664,0.13738279081369015,0.1954692639767372,18.076923076923077,0.0,0.0,0.0,1.0,1.0,16.0,48.0,384.0,249.0,147,0.0024412,0.9390076454678873
228973438714350052,16,vectorchain_relational,validation,128,first_order_response,ok,13,1664,0.12900349092977048,0.15045620655899278,18.23076923076923,0.0,0.0,0.0,1.0,1.0,16.0,112.0,896.0,249.0,339,0.0025033,1.0
228973438714350052,16,fixed_relational,validation,128,piecewise_linear,ok,18,2304,1.2522783726074525,1.9218174683526499,14.166666666666666,0.0,0.05555555555555555,0.0,1.0,1.0,16.0,112.0,896.0,145.0,339,0.0021483500000000003,0.21777686954740952
228973438714350052,16,persistence,validation,128,piecewise_linear,ok,18,2304,0.1465016385330851,0.20164252456667,0.0,0.0,0.0,0.0,1.0,1.0,1.0,1.0,8.0,1.0,0,8.550000000000001e-06,1.8615304683215987
228973438714350052,16,raw_ar,validation,128,piecewise_linear,ok,18,2304,0.09377785987543139,0.14553732289248644,0.0,0.0,0.0,0.0,1.0,1.0,112.0,112.0,896.0,112.0,113,0.0080339,2.9081199352452267
228973438714350052,16,raw_matched,validation,128,piecewise_linear,ok,18,2304,1.6903821403561532,2.9145165437910547,16.11111111111111,0.3888888888888889,0.2777777777777778,0.5555555555555556,1.0,1.0,112.0,112.0,896.0,112.0,339,0.0016367,0.16133468124013403
228973438714350052,16,vectorchain_absolute,validation,128,piecewise_linear,ok,18,2304,0.2727335941058179,0.34971195127200505,18.5,0.0,0.0,0.0,1.0,1.0,16.0,80.0,640.0,235.83333333333334,243,0.0025135,0.9999401235572173
228973438714350052,16,vectorchain_cartesian,validation,128,piecewise_linear,ok,18,2304,0.21333439432847165,0.2748679302278148,18.38888888888889,0.0,0.0,0.0,1.0,1.0,16.0,48.0,384.0,235.83333333333334,147,0.00256205,1.278355816214388
228973438714350052,16,vectorchain_relational,validation,128,piecewise_linear,ok,18,2304,0.27271726378837546,0.3496565646686527,18.5,0.0,0.0,0.0,1.0,1.0,16.0,112.0,896.0,235.83333333333334,339,0.00253705,1.0
228973438714350052,16,fixed_relational,validation,128,ramp,ok,22,2816,0.9840879240852238,1.7880630685581318,16.5,0.0,0.0,0.0,1.0,1.0,16.0,112.0,896.0,145.0,339,0.0025764,0.1259954942976846
228973438714350052,16,persistence,validation,128,ramp,ok,22,2816,0.037488249611317054,0.058870072961473466,0.0,0.0,0.0,0.0,1.0,1.0,1.0,1.0,8.0,1.0,0,8.550000000000001e-06,3.3074535544617554
228973438714350052,16,raw_ar,validation,128,ramp,ok,22,2816,0.05387553095571762,0.07596889523414553,0.0,0.0,0.0,0.0,1.0,1.0,112.0,112.0,896.0,112.0,113,0.0079631,2.3014277952900883
228973438714350052,16,raw_matched,validation,128,ramp,ok,22,2816,1.9526246884120984,2.6461684788174122,15.909090909090908,0.2727272727272727,0.36363636363636365,0.4090909090909091,1.0,1.0,112.0,112.0,896.0,112.0,339,0.0016731,0.0634994759429837
228973438714350052,16,vectorchain_absolute,validation,128,ramp,ok,22,2816,0.12401896108091338,0.14746424239517644,20.818181818181817,0.0,0.0,0.0,1.0,1.0,16.0,80.0,640.0,130.4090909090909,243,0.00277235,0.9997716748054775
228973438714350052,16,vectorchain_cartesian,validation,128,ramp,ok,22,2816,0.10052604663603666,0.09970852962973596,20.818181818181817,0.0,0.0,0.0,1.0,1.0,16.0,48.0,384.0,130.4090909090909,147,0.0028770999999999996,1.2334180899047893
228973438714350052,16,vectorchain_relational,validation,128,ramp,ok,22,2816,0.1239906444275001,0.14776674615286914,20.818181818181817,0.0,0.0,0.0,1.0,1.0,16.0,112.0,896.0,130.4090909090909,339,0.00279075,1.0
228973438714350052,16,fixed_relational,validation,128,regime_change,ok,19,2432,1.4688694181724926,2.1777609260155844,9.31578947368421,0.21052631578947367,0.5789473684210527,0.2631578947368421,1.0,1.0,16.0,112.0,896.0,145.0,339,0.0015447,0.8837939256230032
228973438714350052,16,persistence,validation,128,regime_change,ok,19,2432,1.0897338772288165,1.4670139596046856,0.0,0.0,0.0,0.0,1.0,1.0,1.0,1.0,8.0,1.0,0,8.7e-06,1.191279721077864
228973438714350052,16,raw_ar,validation,128,regime_change,ok,19,2432,0.7619746821002816,1.2021015638250936,0.0,0.0,0.0,0.0,1.0,1.0,112.0,112.0,896.0,112.0,113,0.0083812,1.7037021042956304
228973438714350052,16,raw_matched,validation,128,regime_change,ok,19,2432,6.492404056639247,6.865421127914675,16.0,0.8421052631578947,0.8947368421052632,0.8421052631578947,1.0,1.0,112.0,112.0,896.0,112.0,339,0.0019576,0.1999533390080219
228973438714350052,16,vectorchain_absolute,validation,128,regime_change,ok,19,2432,1.2983539075854034,1.5258010860815883,18.05263157894737,0.0,0.0,0.0,1.0,1.0,16.0,80.0,640.0,176.21052631578948,243,0.0024752,0.9998644142632213
228973438714350052,16,vectorchain_cartesian,validation,128,regime_change,ok,19,2432,1.3674345396501315,1.6768422007996684,18.105263157894736,0.0,0.0,0.0,1.0,1.0,16.0,48.0,384.0,176.21052631578948,147,0.0026286,0.9493528440830465
228973438714350052,16,vectorchain_relational,validation,128,regime_change,ok,19,2432,1.2981778693142438,1.5258939409971617,18.05263157894737,0.0,0.0,0.0,1.0,1.0,16.0,112.0,896.0,176.21052631578948,339,0.0025631,1.0
228973438714350052,16,fixed_relational,validation,128,second_order_response,ok,17,2176,1.265801168504119,2.276037776884604,16.11764705882353,0.11764705882352941,0.17647058823529413,0.11764705882352941,1.0,1.0,16.0,112.0,896.0,145.0,339,0.002562,0.08620642009123688
228973438714350052,16,persistence,validation,128,second_order_response,ok,17,2176,0.06596402254626184,0.09367667779987675,0.0,0.0,0.0,0.0,1.0,1.0,1.0,1.0,8.0,1.0,0,8.6e-06,1.6542379174574524
228973438714350052,16,raw_ar,validation,128,second_order_response,ok,17,2176,0.05192750899208451,0.07608006808284103,0.0,0.0,0.0,0.0,1.0,1.0,112.0,112.0,896.0,112.0,113,0.0082905,2.1013946057123247
228973438714350052,16,raw_matched,validation,128,second_order_response,ok,17,2176,1.8415709337846096,3.2339065577845045,17.235294117647058,0.47058823529411764,0.5294117647058824,0.47058823529411764,1.0,1.0,112.0,112.0,896.0,112.0,339,0.0019194,0.05925386053948619
228973438714350052,16,vectorchain_absolute,validation,128,second_order_response,ok,17,2176,0.10910410349340836,0.11886911845744133,19.0,0.0,0.0,0.0,1.0,1.0,16.0,80.0,640.0,204.52941176470588,243,0.0026025,1.0001474169176159
228973438714350052,16,vectorchain_cartesian,validation,128,second_order_response,ok,17,2176,0.09280939149150483,0.10228133415308358,19.176470588235293,0.0,0.0,0.0,1.0,1.0,16.0,48.0,384.0,204.52941176470588,147,0.0026581,1.1757451000423031
228973438714350052,16,vectorchain_relational,validation,128,second_order_response,ok,17,2176,0.10912018728404461,0.11889681739749941,19.0,0.0,0.0,0.0,1.0,1.0,16.0,112.0,896.0,204.52941176470588,339,0.0026522,1.0
228973438714350052,16,fixed_relational,validation,128,sine,ok,15,1920,1.0676401420442714,1.282257873563638,11.2,0.06666666666666667,0.13333333333333333,0.06666666666666667,1.0,1.0,16.0,112.0,896.0,145.0,339,0.001689,0.30128939498625446
228973438714350052,16,persistence,validation,128,sine,ok,15,1920,0.4437634814117329,0.7210423611795223,0.0,0.0,0.0,0.0,1.0,1.0,1.0,1.0,8.0,1.0,0,8.9e-06,0.7248650822646365
228973438714350052,16,raw_ar,validation,128,sine,ok,15,1920,0.21684030656707567,0.4296954452230279,0.0,0.0,0.0,0.0,1.0,1.0,112.0,112.0,896.0,112.0,113,0.0082906,1.4834357023012916
228973438714350052,16,raw_matched,validation,128,sine,ok,15,1920,1.9982050291987843,2.558006448815004,13.6,0.4666666666666667,0.4666666666666667,0.6666666666666666,1.0,1.0,112.0,112.0,896.0,112.0,339,0.0014998,0.16097880235469933
228973438714350052,16,vectorchain_absolute,validation,128,sine,ok,15,1920,0.32172348910429943,0.4744316742178728,18.733333333333334,0.0,0.0,0.0,1.0,1.0,16.0,80.0,640.0,215.2,243,0.0025301,0.9998295534936078
228973438714350052,16,vectorchain_cartesian,validation,128,sine,ok,15,1920,0.3276501800435877,0.4647260905632311,18.6,0.0,0.0,0.0,1.0,1.0,16.0,48.0,384.0,215.2,147,0.002512,0.9817441651238077
228973438714350052,16,vectorchain_relational,validation,128,sine,ok,15,1920,0.3216686524595573,0.4743914640312531,18.733333333333334,0.0,0.0,0.0,1.0,1.0,16.0,112.0,896.0,215.2,339,0.0025481,1.0
1488991049205644303,4,fixed_relational,test,16,chirp,ok,10,160,0.1339544314159112,0.20961399223029864,61.6,0.5,0.5,0.5,1.0,1.0,4.0,28.0,224.0,37.0,87,0.008398,1.0167752528262717
1488991049205644303,4,persistence,test,16,chirp,ok,10,160,0.15802218711652793,0.2429673809370178,0.0,0.0,0.0,0.0,1.0,1.0,1.0,1.0,8.0,1.0,0,7.4e-06,0.861914097984706
1488991049205644303,4,raw_ar,test,16,chirp,ok,10,160,0.054509996377237684,0.08154640433228687,0.0,0.0,0.0,0.0,1.0,1.0,28.0,28.0,224.0,28.0,29,0.0097587,2.498652722842369
1488991049205644303,4,raw_matched,test,16,chirp,ok,10,160,0.10830016386211624,0.1826989406816598,29.9,0.5,0.4,0.5,1.0,1.0,28.0,28.0,224.0,28.0,87,0.00199705,1.2576301458187946
1488991049205644303,4,vectorchain_absolute,test,16,chirp,ok,10,160,0.1362211391463245,0.19103661342154657,16.8,0.0,0.0,0.0,1.0,1.0,4.0,20.0,160.0,58.0,63,0.0024665,0.9998562023755295
1488991049205644303,4,vectorchain_cartesian,test,16,chirp,ok,10,160,0.13876142338492783,0.19008198661463543,16.9,0.0,0.0,0.0,1.0,1.0,4.0,12.0,96.0,58.0,39,0.00252415,0.9815519871995397
1488991049205644303,4,vectorchain_relational,test,16,chirp,ok,10,160,0.1362015508701126,0.19103589475186517,16.8,0.0,0.0,0.0,1.0,1.0,4.0,28.0,224.0,58.0,87,0.00244765,1.0
1488991049205644303,4,fixed_relational,test,16,first_order_response,ok,13,208,0.021725375143300564,0.021875158018179665,17.76923076923077,0.07692307692307693,0.07692307692307693,0.07692307692307693,1.0,1.0,4.0,28.0,224.0,37.0,87,0.0025186,1.0395090742650497
1488991049205644303,4,persistence,test,16,first_order_response,ok,13,208,0.02098453023051478,0.019332759268590998,0.0,0.0,0.0,0.0,1.0,1.0,1.0,1.0,8.0,1.0,0,5e-06,1.076208252231114
1488991049205644303,4,raw_ar,test,16,first_order_response,ok,13,208,0.016408109493225458,0.01725091381971562,0.0,0.0,0.0,0.0,1.0,1.0,28.0,28.0,224.0,28.0,29,0.0093693,1.3763757861682728
1488991049205644303,4,raw_matched,test,16,first_order_response,ok,13,208,0.03305033117946583,0.038166656279277025,19.53846153846154,0.15384615384615385,0.15384615384615385,0.15384615384615385,1.0,1.0,28.0,28.0,224.0,28.0,87,0.0019019,0.6833131105598287
1488991049205644303,4,vectorchain_absolute,test,16,first_order_response,ok,13,208,0.022555789424425553,0.02162592037462359,16.846153846153847,0.0,0.0,0.0,1.0,1.0,4.0,20.0,160.0,42.23076923076923,63,0.0024318,1.0012384926247575
1488991049205644303,4,vectorchain_cartesian,test,16,first_order_response,ok,13,208,0.024607141714588696,0.027463471266757692,16.846153846153847,0.0,0.0,0.0,1.0,1.0,4.0,12.0,96.0,42.23076923076923,39,0.0023881,0.9177711440530374
1488991049205644303,4,vectorchain_relational,test,16,first_order_response,ok,13,208,0.02258372460327329,0.021593707116478164,16.846153846153847,0.0,0.0,0.0,1.0,1.0,4.0,28.0,224.0,42.23076923076923,87,0.0024436,1.0
1488991049205644303,4,fixed_relational,test,16,piecewise_linear,ok,11,176,0.02746457124248948,0.03017741332303774,54.81818181818182,0.8181818181818182,0.8181818181818182,0.8181818181818182,1.0,1.0,4.0,28.0,224.0,37.0,87,0.0079667,1.07479649570741
1488991049205644303,4,persistence,test,16,piecewise_linear,ok,11,176,0.02188211500447,0.02239982817938652,0.0,0.0,0.0,0.0,1.0,1.0,1.0,1.0,8.0,1.0,0,5.5e-06,1.348993226728961
1488991049205644303,4,raw_ar,test,16,piecewise_linear,ok,11,176,0.0147751036115175,0.013539582335674554,0.0,0.0,0.0,0.0,1.0,1.0,28.0,28.0,224.0,28.0,29,0.0096261,1.9978760016629369
1488991049205644303,4,raw_matched,test,16,piecewise_linear,ok,11,176,0.028629634693269443,0.036202894994541365,46.72727272727273,0.8181818181818182,0.8181818181818182,0.8181818181818182,1.0,1.0,28.0,28.0,224.0,28.0,87,0.0067328,1.0310583856130655
1488991049205644303,4,vectorchain_absolute,test,16,piecewise_linear,ok,11,176,0.02954429016141665,0.027179359927314014,16.90909090909091,0.0,0.0,0.0,1.0,1.0,4.0,20.0,160.0,57.63636363636363,63,0.0024375,0.9991380658075276
1488991049205644303,4,vectorchain_cartesian,test,16,piecewise_linear,ok,11,176,0.029405611673718336,0.027783133545405035,16.90909090909091,0.0,0.0,0.0,1.0,1.0,4.0,12.0,96.0,57.63636363636363,39,0.0024225,1.0038500560733805
1488991049205644303,4,vectorchain_relational,test,16,piecewise_linear,ok,11,176,0.0295188249275342,0.027157855941982053,16.90909090909091,0.0,0.0,0.0,1.0,1.0,4.0,28.0,224.0,57.63636363636363,87,0.0024615,1.0
1488991049205644303,4,fixed_relational,test,16,ramp,ok,8,128,0.015436280341313321,0.016950220959047815,17.0,0.0,0.0,0.0,1.0,1.0,4.0,28.0,224.0,37.0,87,0.00249065,1.328029347907423
1488991049205644303,4,persistence,test,16,ramp,ok,8,128,0.022179924084557504,0.028594851319767314,0.0,0.0,0.0,0.0,1.0,1.0,1.0,1.0,8.0,1.0,0,7.149999999999999e-06,0.9242517349310162
1488991049205644303,4,raw_ar,test,16,ramp,ok,8,128,0.014354197994437622,0.021726182229388616,0.0,0.0,0.0,0.0,1.0,1.0,28.0,28.0,224.0,28.0,29,0.009505699999999999,1.4281420197585661
1488991049205644303,4,raw_matched,test,16,ramp,ok,8,128,0.032995767487634525,0.0475044498569759,26.0,0.375,0.375,0.375,1.0,1.0,28.0,28.0,224.0,28.0,87,0.0020778999999999997,0.6212867551413377
1488991049205644303,4,vectorchain_absolute,test,16,ramp,ok,8,128,0.020491957347495173,0.022420564619594185,17.0,0.0,0.0,0.0,1.0,1.0,4.0,20.0,160.0,71.125,63,0.002424,1.0003843443630969
1488991049205644303,4,vectorchain_cartesian,test,16,ramp,ok,8,128,0.02346785039628713,0.025423163310789587,17.0,0.0,0.0,0.0,1.0,1.0,4.0,12.0,96.0,71.125,39,0.0024794,0.8735283790216167
1488991049205644303,4,vectorchain_relational,test,16,ramp,ok,8,128,0.020499833315790503,0.022441102478786307,17.0,0.0,0.0,0.0,1.0,1.0,4.0,28.0,224.0,71.125,87,0.0024885000000000003,1.0
1488991049205644303,4,fixed_relational,test,16,regime_change,ok,17,272,0.5356117209513266,0.7413812538767866,52.88235294117647,0.47058823529411764,0.47058823529411764,0.47058823529411764,1.0,1.0,4.0,28.0,224.0,37.0,87,0.0022242,0.23020845313434088
1488991049205644303,4,persistence,test,16,regime_change,ok,17,272,0.17598510032635448,0.2767790814638719,0.0,0.0,0.0,0.0,1.0,1.0,1.0,1.0,8.0,1.0,0,7.7e-06,0.7006408243207514
1488991049205644303,4,raw_ar,test,16,regime_change,ok,17,272,0.06375260509564655,0.09795801889521535,0.0,0.0,0.0,0.0,1.0,1.0,28.0,28.0,224.0,28.0,29,0.0096616,1.9340754087748961
1488991049205644303,4,raw_matched,test,16,regime_change,ok,17,272,0.28604841122922803,0.42714045951672036,32.76470588235294,0.4117647058823529,0.47058823529411764,0.4117647058823529,1.0,1.0,28.0,28.0,224.0,28.0,87,0.001794,0.4310541185352624
1488991049205644303,4,vectorchain_absolute,test,16,regime_change,ok,17,272,0.12331486622701207,0.18754067906469749,16.823529411764707,0.0,0.0,0.0,1.0,1.0,4.0,20.0,160.0,34.76470588235294,63,0.0024344,0.9998984675038134
1488991049205644303,4,vectorchain_cartesian,test,16,regime_change,ok,17,272,0.1196921705017376,0.1820568136961825,16.705882352941178,0.0,0.0,0.0,1.0,1.0,4.0,12.0,96.0,34.76470588235294,39,0.0024536,1.030162167199041
1488991049205644303,4,vectorchain_relational,test,16,regime_change,ok,17,272,0.12330234576082713,0.187527221107376,16.823529411764707,0.0,0.0,0.0,1.0,1.0,4.0,28.0,224.0,34.76470588235294,87,0.0024604,1.0
1488991049205644303,4,fixed_relational,test,16,second_order_response,ok,12,192,0.024703050675761385,0.03152909733908751,29.583333333333332,0.25,0.25,0.25,1.0,1.0,4.0,28.0,224.0,37.0,87,0.0025681999999999996,0.9244737294956796
1488991049205644303,4,persistence,test,16,second_order_response,ok,12,192,0.017413373132727592,0.01626392237583067,0.0,0.0,0.0,0.0,1.0,1.0,1.0,1.0,8.0,1.0,0,5.050000000000001e-06,1.3114817682979674
1488991049205644303,4,raw_ar,test,16,second_order_response,ok,12,192,0.01588729739483714,0.01622969868502529,0.0,0.0,0.0,0.0,1.0,1.0,28.0,28.0,224.0,28.0,29,0.009403249999999998,1.4374579149983868
1488991049205644303,4,raw_matched,test,16,second_order_response,ok,12,192,0.028366745156516646,0.03598255050299105,23.666666666666668,0.4166666666666667,0.4166666666666667,0.4166666666666667,1.0,1.0,28.0,28.0,224.0,28.0,87,0.0020374,0.8050737320102979
1488991049205644303,4,vectorchain_absolute,test,16,second_order_response,ok,12,192,0.02285222824501638,0.021827704832976514,17.0,0.0,0.0,0.0,1.0,1.0,4.0,20.0,160.0,54.25,63,0.0024844999999999997,0.9993476847546482
1488991049205644303,4,vectorchain_cartesian,test,16,second_order_response,ok,12,192,0.020598941294957734,0.02271498893093023,16.916666666666668,0.0,0.0,0.0,1.0,1.0,4.0,12.0,96.0,54.25,39,0.0023879,1.108664812483935
1488991049205644303,4,vectorchain_relational,test,16,second_order_response,ok,12,192,0.022837321388141898,0.021823235895228128,17.0,0.0,0.0,0.0,1.0,1.0,4.0,28.0,224.0,54.25,87,0.0023998500000000002,1.0
1488991049205644303,4,fixed_relational,test,16,sine,ok,12,192,0.04687641004073735,0.0747268010680684,89.58333333333333,0.9166666666666666,0.9166666666666666,0.9166666666666666,1.0,1.0,4.0,28.0,224.0,37.0,87,0.01385255,0.802989917989325
1488991049205644303,4,persistence,test,16,sine,ok,12,192,0.06891019893866987,0.10231958614165554,0.0,0.0,0.0,0.0,1.0,1.0,1.0,1.0,8.0,1.0,0,8.25e-06,0.5462367724079048
1488991049205644303,4,raw_ar,test,16,sine,ok,12,192,0.01750200508068565,0.016131773839822013,0.0,0.0,0.0,0.0,1.0,1.0,28.0,28.0,224.0,28.0,29,0.009618149999999999,2.1506841348014873
1488991049205644303,4,raw_matched,test,16,sine,ok,12,192,0.06990271655288838,0.09714851791863109,39.0,0.9166666666666666,0.9166666666666666,0.9166666666666666,1.0,1.0,28.0,28.0,224.0,28.0,87,0.0040474,0.5384809991721319
1488991049205644303,4,vectorchain_absolute,test,16,sine,ok,12,192,0.03764703176888729,0.04296793048604466,17.0,0.0,0.0,0.0,1.0,1.0,4.0,20.0,160.0,49.25,63,0.0024575,0.9998473421576256
1488991049205644303,4,vectorchain_cartesian,test,16,sine,ok,12,192,0.039071734896991346,0.044240453742260176,17.0,0.0,0.0,0.0,1.0,1.0,4.0,12.0,96.0,49.25,39,0.0024963,0.9633891290848249
1488991049205644303,4,vectorchain_relational,test,16,sine,ok,12,192,0.037641284654245655,0.04296695480943594,17.0,0.0,0.0,0.0,1.0,1.0,4.0,28.0,224.0,49.25,87,0.00249715,1.0
1488991049205644303,4,fixed_relational,test,64,chirp,ok,10,640,1.7357444333613485e+17,4.348207968219011e+17,61.6,0.5,0.5,0.5,1.0,1.0,4.0,28.0,224.0,37.0,87,0.008398,3.457651984381283e-18
1488991049205644303,4,persistence,test,64,chirp,ok,10,640,0.606338039895822,0.9343548872770858,0.0,0.0,0.0,0.0,1.0,1.0,1.0,1.0,8.0,1.0,0,7.4e-06,0.9898109288049611
1488991049205644303,4,raw_ar,test,64,chirp,ok,10,640,0.35279028296784015,0.6313402915427121,0.0,0.0,0.0,0.0,1.0,1.0,28.0,28.0,224.0,28.0,29,0.0097587,1.7011806940662617
1488991049205644303,4,raw_matched,test,64,chirp,ok,10,640,14.942505760680868,18.393879626545882,29.9,0.5,0.4,0.5,1.0,1.0,28.0,28.0,224.0,28.0,87,0.00199705,0.04016461683543741
1488991049205644303,4,vectorchain_absolute,test,64,chirp,ok,10,640,0.6001722981266594,0.9687457703664096,16.8,0.0,0.0,0.0,1.0,1.0,4.0,20.0,160.0,58.0,63,0.0024665,0.9999795397294501
1488991049205644303,4,vectorchain_cartesian,test,64,chirp,ok,10,640,0.5881820959585382,0.9526771656234155,16.9,0.0,0.0,0.0,1.0,1.0,4.0,12.0,96.0,58.0,39,0.00252415,1.0203643099013495
1488991049205644303,4,vectorchain_relational,test,64,chirp,ok,10,640,0.6001600184390632,0.9687594221736969,16.8,0.0,0.0,0.0,1.0,1.0,4.0,28.0,224.0,58.0,87,0.00244765,1.0
1488991049205644303,4,fixed_relational,test,64,first_order_response,ok,13,832,0.10166995711849947,0.16654804535040832,17.76923076923077,0.07692307692307693,0.07692307692307693,0.07692307692307693,1.0,1.0,4.0,28.0,224.0,37.0,87,0.0025186,0.39994309783606175
1488991049205644303,4,persistence,test,64,first_order_response,ok,13,832,0.020405790471744505,0.019288414471539693,0.0,0.0,0.0,0.0,1.0,1.0,1.0,1.0,8.0,1.0,0,5e-06,1.9926793653564354
1488991049205644303,4,raw_ar,test,64,first_order_response,ok,13,832,0.029653679833503706,0.04229077561074887,0.0,0.0,0.0,0.0,1.0,1.0,28.0,28.0,224.0,28.0,29,0.0093693,1.3712361445573693
1488991049205644303,4,raw_matched,test,64,first_order_response,ok,13,832,0.2065819043461387,0.40887295408795465,19.53846153846154,0.15384615384615385,0.15384615384615385,0.15384615384615385,1.0,1.0,28.0,28.0,224.0,28.0,87,0.0019019,0.19683329832559104
1488991049205644303,4,vectorchain_absolute,test,64,first_order_response,ok,13,832,0.04063571744646031,0.04995091144547879,16.846153846153847,0.0,0.0,0.0,1.0,1.0,4.0,20.0,160.0,42.23076923076923,63,0.0024318,1.0006516474184766
1488991049205644303,4,vectorchain_cartesian,test,64,first_order_response,ok,13,832,0.04807681614666379,0.05936128532661059,16.846153846153847,0.0,0.0,0.0,1.0,1.0,4.0,12.0,96.0,42.23076923076923,39,0.0023881,0.8457755913533788
1488991049205644303,4,vectorchain_relational,test,64,first_order_response,ok,13,832,0.040662197606832234,0.04998738076819753,16.846153846153847,0.0,0.0,0.0,1.0,1.0,4.0,28.0,224.0,42.23076923076923,87,0.0024436,1.0
1488991049205644303,4,fixed_relational,test,64,piecewise_linear,ok,11,704,3.872791405071267,11.05887427259251,54.81818181818182,0.8181818181818182,0.8181818181818182,0.8181818181818182,1.0,1.0,4.0,28.0,224.0,37.0,87,0.0079667,0.015794787663875196
1488991049205644303,4,persistence,test,64,piecewise_linear,ok,11,704,0.04985501663483213,0.07997031939055868,0.0,0.0,0.0,0.0,1.0,1.0,1.0,1.0,8.0,1.0,0,5.5e-06,1.2269561227434038
1488991049205644303,4,raw_ar,test,64,piecewise_linear,ok,11,704,0.027105118520493996,0.04303149480590041,0.0,0.0,0.0,0.0,1.0,1.0,28.0,28.0,224.0,28.0,29,0.0096261,2.256766295389241
1488991049205644303,4,raw_matched,test,64,piecewise_linear,ok,11,704,0.5002619957894289,1.081231910555392,46.72727272727273,0.8181818181818182,0.8181818181818182,0.8181818181818182,1.0,1.0,28.0,28.0,224.0,28.0,87,0.0067328,0.12227576434834615
1488991049205644303,4,vectorchain_absolute,test,64,piecewise_linear,ok,11,704,0.061191172614251964,0.06403212945898375,16.90909090909091,0.0,0.0,0.0,1.0,1.0,4.0,20.0,160.0,57.63636363636363,63,0.0024375,0.9996526508030102
1488991049205644303,4,vectorchain_cartesian,test,64,piecewise_linear,ok,11,704,0.06260013648410942,0.06994449735261528,16.90909090909091,0.0,0.0,0.0,1.0,1.0,4.0,12.0,96.0,57.63636363636363,39,0.0024225,0.9771531077269946
1488991049205644303,4,vectorchain_relational,test,64,piecewise_linear,ok,11,704,0.06116991790958154,0.06400704294922296,16.90909090909091,0.0,0.0,0.0,1.0,1.0,4.0,28.0,224.0,57.63636363636363,87,0.0024615,1.0
1488991049205644303,4,fixed_relational,test,64,ramp,ok,8,512,0.07081906645992707,0.13093673512221524,17.0,0.0,0.0,0.0,1.0,1.0,4.0,28.0,224.0,37.0,87,0.00249065,0.6886017431918927
1488991049205644303,4,persistence,test,64,ramp,ok,8,512,0.032838783405257393,0.04341511865884688,0.0,0.0,0.0,0.0,1.0,1.0,1.0,1.0,8.0,1.0,0,7.149999999999999e-06,1.4850164213976627
1488991049205644303,4,raw_ar,test,64,ramp,ok,8,512,0.03139475214886369,0.04911974317113865,0.0,0.0,0.0,0.0,1.0,1.0,28.0,28.0,224.0,28.0,29,0.009505699999999999,1.5533211533027929
1488991049205644303,4,raw_matched,test,64,ramp,ok,8,512,0.8291317063123005,1.2844445447694268,26.0,0.375,0.375,0.375,1.0,1.0,28.0,28.0,224.0,28.0,87,0.0020778999999999997,0.05881590613923531
1488991049205644303,4,vectorchain_absolute,test,64,ramp,ok,8,512,0.0487333401944166,0.06699321922328443,17.0,0.0,0.0,0.0,1.0,1.0,4.0,20.0,160.0,71.125,63,0.002424,1.0006728950033152
1488991049205644303,4,vectorchain_cartesian,test,64,ramp,ok,8,512,0.05691538236871814,0.0671481024543234,17.0,0.0,0.0,0.0,1.0,1.0,4.0,12.0,96.0,71.125,39,0.0024794,0.8568181497860085
1488991049205644303,4,vectorchain_relational,test,64,ramp,ok,8,512,0.048766132615528285,0.06703651058495494,17.0,0.0,0.0,0.0,1.0,1.0,4.0,28.0,224.0,71.125,87,0.0024885000000000003,1.0
1488991049205644303,4,fixed_relational,test,64,regime_change,ok,17,1088,8.801723090120746e+18,2.6480646894500385e+19,52.88235294117647,0.47058823529411764,0.47058823529411764,0.47058823529411764,1.0,1.0,4.0,28.0,224.0,37.0,87,0.0022242,5.944423440102061e-20
1488991049205644303,4,persistence,test,64,regime_change,ok,17,1088,0.646500205417037,0.9557102081639293,0.0,0.0,0.0,0.0,1.0,1.0,1.0,1.0,8.0,1.0,0,7.7e-06,0.8092985680716152
1488991049205644303,4,raw_ar,test,64,regime_change,ok,17,1088,0.4157658002182461,0.7372109050851797,0.0,0.0,0.0,0.0,1.0,1.0,28.0,28.0,224.0,28.0,29,0.0096616,1.258428880459542
1488991049205644303,4,raw_matched,test,64,regime_change,ok,17,1088,14.181296147052628,17.42499261137951,32.76470588235294,0.4117647058823529,0.47058823529411764,0.4117647058823529,1.0,1.0,28.0,28.0,224.0,28.0,87,0.001794,0.0368944901140616
1488991049205644303,4,vectorchain_absolute,test,64,regime_change,ok,17,1088,0.5230565229928107,0.7972278862368111,16.823529411764707,0.0,0.0,0.0,1.0,1.0,4.0,20.0,160.0,34.76470588235294,63,0.0024344,1.0002966553371988
1488991049205644303,4,vectorchain_cartesian,test,64,regime_change,ok,17,1088,0.514851800540726,0.7874462139994556,16.705882352941178,0.0,0.0,0.0,1.0,1.0,4.0,12.0,96.0,34.76470588235294,39,0.0024536,1.0162374686317637
1488991049205644303,4,vectorchain_relational,test,64,regime_change,ok,17,1088,0.5232116905020131,0.79758322290155,16.823529411764707,0.0,0.0,0.0,1.0,1.0,4.0,28.0,224.0,34.76470588235294,87,0.0024604,1.0
1488991049205644303,4,fixed_relational,test,64,second_order_response,ok,12,768,0.24744385914785116,0.5303109115067165,29.583333333333332,0.25,0.25,0.25,1.0,1.0,4.0,28.0,224.0,37.0,87,0.0025681999999999996,0.16445688325853608
1488991049205644303,4,persistence,test,64,second_order_response,ok,12,768,0.024010018974325226,0.03014125757827063,0.0,0.0,0.0,0.0,1.0,1.0,1.0,1.0,8.0,1.0,0,5.050000000000001e-06,1.6948693751735555
1488991049205644303,4,raw_ar,test,64,second_order_response,ok,12,768,0.029666958436706622,0.04227702569816997,0.0,0.0,0.0,0.0,1.0,1.0,28.0,28.0,224.0,28.0,29,0.009403249999999998,1.3716891788465153
1488991049205644303,4,raw_matched,test,64,second_order_response,ok,12,768,0.36626891193781164,0.5938274351257039,23.666666666666668,0.4166666666666667,0.4166666666666667,0.4166666666666667,1.0,1.0,28.0,28.0,224.0,28.0,87,0.0020374,0.11110373971304768
1488991049205644303,4,vectorchain_absolute,test,64,second_order_response,ok,12,768,0.04070809211948804,0.041334124399934495,17.0,0.0,0.0,0.0,1.0,1.0,4.0,20.0,160.0,54.25,63,0.0024844999999999997,0.9996500385592522
1488991049205644303,4,vectorchain_cartesian,test,64,second_order_response,ok,12,768,0.03882272021928981,0.0456795725327622,16.916666666666668,0.0,0.0,0.0,1.0,1.0,4.0,12.0,96.0,54.25,39,0.0023879,1.0481966649184025
1488991049205644303,4,vectorchain_relational,test,64,second_order_response,ok,12,768,0.040693845856919805,0.04133672603939126,17.0,0.0,0.0,0.0,1.0,1.0,4.0,28.0,224.0,54.25,87,0.0023998500000000002,1.0
1488991049205644303,4,fixed_relational,test,64,sine,ok,12,768,3216132265611.275,8209434738352.366,89.58333333333333,0.9166666666666666,0.9166666666666666,0.9166666666666666,1.0,1.0,4.0,28.0,224.0,37.0,87,0.01385255,2.997637925061249e-14
1488991049205644303,4,persistence,test,64,sine,ok,12,768,0.23575781259743697,0.35327184144984775,0.0,0.0,0.0,0.0,1.0,1.0,1.0,1.0,8.0,1.0,0,8.25e-06,0.40892812607959894
1488991049205644303,4,raw_ar,test,64,sine,ok,12,768,0.06130055557976472,0.1022207437360444,0.0,0.0,0.0,0.0,1.0,1.0,28.0,28.0,224.0,28.0,29,0.009618149999999999,1.5727100611453413
1488991049205644303,4,raw_matched,test,64,sine,ok,12,768,2.980725399335662,5.301049588261276,39.0,0.9166666666666666,0.9166666666666666,0.9166666666666666,1.0,1.0,28.0,28.0,224.0,28.0,87,0.0040474,0.03234380481193685
1488991049205644303,4,vectorchain_absolute,test,64,sine,ok,12,768,0.09641327013815668,0.1406544679962335,17.0,0.0,0.0,0.0,1.0,1.0,4.0,20.0,160.0,49.25,63,0.0024575,0.9999453433738534
1488991049205644303,4,vectorchain_cartesian,test,64,sine,ok,12,768,0.0955677648555328,0.13989526030798352,17.0,0.0,0.0,0.0,1.0,1.0,4.0,12.0,96.0,49.25,39,0.0024963,1.0087920404943291
1488991049205644303,4,vectorchain_relational,test,64,sine,ok,12,768,0.09640800051409516,0.1406563678598687,17.0,0.0,0.0,0.0,1.0,1.0,4.0,28.0,224.0,49.25,87,0.00249715,1.0
1488991049205644303,4,fixed_relational,test,128,chirp,ok,10,1280,9.684623801258135e+43,3.4310123358699214e+44,61.6,0.5,0.5,0.5,1.0,1.0,4.0,28.0,224.0,37.0,87,0.008398,1.256825796049803e-44
1488991049205644303,4,persistence,test,128,chirp,ok,10,1280,1.001203472886948,1.2338113611295694,0.0,0.0,0.0,0.0,1.0,1.0,1.0,1.0,8.0,1.0,0,7.4e-06,1.2157254092778726
1488991049205644303,4,raw_ar,test,128,chirp,ok,10,1280,0.8912638359226893,1.3612883825973647,0.0,0.0,0.0,0.0,1.0,1.0,28.0,28.0,224.0,28.0,29,0.0097587,1.3656881978003816
1488991049205644303,4,raw_matched,test,128,chirp,ok,10,1280,222.37437643676427,171.00902382648425,29.9,0.5,0.4,0.5,1.0,1.0,28.0,28.0,224.0,28.0,87,0.00199705,0.005473600517063348
1488991049205644303,4,vectorchain_absolute,test,128,chirp,ok,10,1280,1.2171934241220563,1.6470432477181725,16.8,0.0,0.0,0.0,1.0,1.0,4.0,20.0,160.0,58.0,63,0.0024665,0.9999959560444164
1488991049205644303,4,vectorchain_cartesian,test,128,chirp,ok,10,1280,1.1859884734850974,1.6030357108204147,16.9,0.0,0.0,0.0,1.0,1.0,4.0,12.0,96.0,58.0,39,0.00252415,1.0263071935843795
1488991049205644303,4,vectorchain_relational,test,128,chirp,ok,10,1280,1.2171885018459125,1.6470244897174147,16.8,0.0,0.0,0.0,1.0,1.0,4.0,28.0,224.0,58.0,87,0.00244765,1.0
1488991049205644303,4,fixed_relational,test,128,first_order_response,ok,13,1664,0.5210054172067967,1.4405427495170287,17.76923076923077,0.07692307692307693,0.07692307692307693,0.07692307692307693,1.0,1.0,4.0,28.0,224.0,37.0,87,0.0025186,0.134875466549433
1488991049205644303,4,persistence,test,128,first_order_response,ok,13,1664,0.019582999610614008,0.01717925044749578,0.0,0.0,0.0,0.0,1.0,1.0,1.0,1.0,8.0,1.0,0,5e-06,3.588359807884683
1488991049205644303,4,raw_ar,test,128,first_order_response,ok,13,1664,0.04421656360348369,0.06010760791625533,0.0,0.0,0.0,0.0,1.0,1.0,28.0,28.0,224.0,28.0,29,0.0093693,1.589242650123364
1488991049205644303,4,raw_matched,test,128,first_order_response,ok,13,1664,3.3526457971682517,4.862996674674538,19.53846153846154,0.15384615384615385,0.15384615384615385,0.15384615384615385,1.0,1.0,28.0,28.0,224.0,28.0,87,0.0019019,0.02095981889285818
1488991049205644303,4,vectorchain_absolute,test,128,first_order_response,ok,13,1664,0.07024500504100363,0.10920370373998674,16.846153846153847,0.0,0.0,0.0,1.0,1.0,4.0,20.0,160.0,42.23076923076923,63,0.0024318,1.0003679077185628
1488991049205644303,4,vectorchain_cartesian,test,128,first_order_response,ok,13,1664,0.0777793250970146,0.11039754559578058,16.846153846153847,0.0,0.0,0.0,1.0,1.0,4.0,12.0,96.0,42.23076923076923,39,0.0023881,0.9034643670782623
1488991049205644303,4,vectorchain_relational,test,128,first_order_response,ok,13,1664,0.0702708487205487,0.1092507823025127,16.846153846153847,0.0,0.0,0.0,1.0,1.0,4.0,28.0,224.0,42.23076923076923,87,0.0024436,1.0
1488991049205644303,4,fixed_relational,test,128,piecewise_linear,ok,11,1408,1.8747086138428288e+27,7.409524788287454e+27,54.81818181818182,0.8181818181818182,0.8181818181818182,0.8181818181818182,1.0,1.0,4.0,28.0,224.0,37.0,87,0.0079667,4.695604258151017e-29
1488991049205644303,4,persistence,test,128,piecewise_linear,ok,11,1408,0.09574316525585239,0.16660215237152023,0.0,0.0,0.0,0.0,1.0,1.0,1.0,1.0,8.0,1.0,0,5.5e-06,0.919427483562822
1488991049205644303,4,raw_ar,test,128,piecewise_linear,ok,11,1408,0.04451910427205915,0.06424240435023752,0.0,0.0,0.0,0.0,1.0,1.0,28.0,28.0,224.0,28.0,29,0.0096261,1.9773285859836136
1488991049205644303,4,raw_matched,test,128,piecewise_linear,ok,11,1408,65.43225453623597,142.9712462608052,46.72727272727273,0.8181818181818182,0.8181818181818182,0.8181818181818182,1.0,1.0,28.0,28.0,224.0,28.0,87,0.0067328,0.0013453440986169584
1488991049205644303,4,vectorchain_absolute,test,128,piecewise_linear,ok,11,1408,0.08804383450878991,0.08206825030922715,16.90909090909091,0.0,0.0,0.0,1.0,1.0,4.0,20.0,160.0,57.63636363636363,63,0.0024375,0.9998303457664529
1488991049205644303,4,vectorchain_cartesian,test,128,piecewise_linear,ok,11,1408,0.0897272080627447,0.0825909661963648,16.90909090909091,0.0,0.0,0.0,1.0,1.0,4.0,12.0,96.0,57.63636363636363,39,0.0024225,0.9810725130104424
1488991049205644303,4,vectorchain_relational,test,128,piecewise_linear,ok,11,1408,0.08802889749952778,0.08205808524877996,16.90909090909091,0.0,0.0,0.0,1.0,1.0,4.0,28.0,224.0,57.63636363636363,87,0.0024615,1.0
1488991049205644303,4,fixed_relational,test,128,ramp,ok,8,1024,0.41332968249603286,0.8427035600817491,17.0,0.0,0.0,0.0,1.0,1.0,4.0,28.0,224.0,37.0,87,0.00249065,0.23030946399949334
1488991049205644303,4,persistence,test,128,ramp,ok,8,1024,0.0493605121163213,0.07388738538648111,0.0,0.0,0.0,0.0,1.0,1.0,1.0,1.0,8.0,1.0,0,7.149999999999999e-06,1.9285403159191659
1488991049205644303,4,raw_ar,test,128,ramp,ok,8,1024,0.05454509918035834,0.08009978882811447,0.0,0.0,0.0,0.0,1.0,1.0,28.0,28.0,224.0,28.0,29,0.009505699999999999,1.7452298934497366
1488991049205644303,4,raw_matched,test,128,ramp,ok,8,1024,9.558101470392302,11.981371166019958,26.0,0.375,0.375,0.375,1.0,1.0,28.0,28.0,224.0,28.0,87,0.0020778999999999997,0.009959481799353086
1488991049205644303,4,vectorchain_absolute,test,128,ramp,ok,8,1024,0.09514496181678138,0.1473059166352645,17.0,0.0,0.0,0.0,1.0,1.0,4.0,20.0,160.0,71.125,63,0.002424,1.0005126473649193
1488991049205644303,4,vectorchain_cartesian,test,128,ramp,ok,8,1024,0.09832456871650239,0.14406713413511174,17.0,0.0,0.0,0.0,1.0,1.0,4.0,12.0,96.0,71.125,39,0.0024794,0.968158201692322
1488991049205644303,4,vectorchain_relational,test,128,ramp,ok,8,1024,0.0951937376307421,0.14738625779427306,17.0,0.0,0.0,0.0,1.0,1.0,4.0,28.0,224.0,71.125,87,0.0024885000000000003,1.0
1488991049205644303,4,fixed_relational,test,128,regime_change,ok,17,2176,4.91094053308674e+45,2.0894912758419683e+46,52.88235294117647,0.47058823529411764,0.47058823529411764,0.47058823529411764,1.0,1.0,4.0,28.0,224.0,37.0,87,0.0022242,2.1256111266395816e-46
1488991049205644303,4,persistence,test,128,regime_change,ok,17,2176,0.9981478357182132,1.1732872684446711,0.0,0.0,0.0,0.0,1.0,1.0,1.0,1.0,8.0,1.0,0,7.7e-06,1.0458119995705177
1488991049205644303,4,raw_ar,test,128,regime_change,ok,17,2176,1.077012463927588,1.7392746688436054,0.0,0.0,0.0,0.0,1.0,1.0,28.0,28.0,224.0,28.0,29,0.0096616,0.9692320366773706
1488991049205644303,4,raw_matched,test,128,regime_change,ok,17,2176,113.23116977103884,93.38729172649172,32.76470588235294,0.4117647058823529,0.47058823529411764,0.4117647058823529,1.0,1.0,28.0,28.0,224.0,28.0,87,0.001794,0.009218972002587589
1488991049205644303,4,vectorchain_absolute,test,128,regime_change,ok,17,2176,1.0438065575903592,1.4264905114679636,16.823529411764707,0.0,0.0,0.0,1.0,1.0,4.0,20.0,160.0,34.76470588235294,63,0.0024344,1.000065554626566
1488991049205644303,4,vectorchain_cartesian,test,128,regime_change,ok,17,2176,1.0251937445514419,1.4130486907962754,16.705882352941178,0.0,0.0,0.0,1.0,1.0,4.0,12.0,96.0,34.76470588235294,39,0.0024536,1.0182221550680461
1488991049205644303,4,vectorchain_relational,test,128,regime_change,ok,17,2176,1.0438749839394492,1.4264689718426176,16.823529411764707,0.0,0.0,0.0,1.0,1.0,4.0,28.0,224.0,34.76470588235294,87,0.0024604,1.0
1488991049205644303,4,fixed_relational,test,128,second_order_response,ok,12,1536,7.959675746354233e+24,2.45283199739168e+25,29.583333333333332,0.25,0.25,0.25,1.0,1.0,4.0,28.0,224.0,37.0,87,0.0025681999999999996,7.850123309425491e-27
1488991049205644303,4,persistence,test,128,second_order_response,ok,12,1536,0.03818733104821765,0.05814910341326796,0.0,0.0,0.0,0.0,1.0,1.0,1.0,1.0,8.0,1.0,0,5.050000000000001e-06,1.6362608853975014
1488991049205644303,4,raw_ar,test,128,second_order_response,ok,12,1536,0.04585585177184703,0.05883331543630474,0.0,0.0,0.0,0.0,1.0,1.0,28.0,28.0,224.0,28.0,29,0.009403249999999998,1.3626273135828242
1488991049205644303,4,raw_matched,test,128,second_order_response,ok,12,1536,7.764507176384683,13.817946566829528,23.666666666666668,0.4166666666666667,0.4166666666666667,0.4166666666666667,1.0,1.0,28.0,28.0,224.0,28.0,87,0.0020374,0.008047443925606386
1488991049205644303,4,vectorchain_absolute,test,128,second_order_response,ok,12,1536,0.06248309343622418,0.07324797595703232,17.0,0.0,0.0,0.0,1.0,1.0,4.0,20.0,160.0,54.25,63,0.0024844999999999997,1.0000214886239795
1488991049205644303,4,vectorchain_cartesian,test,128,second_order_response,ok,12,1536,0.06128362919059545,0.08083712155857593,16.916666666666668,0.0,0.0,0.0,1.0,1.0,4.0,12.0,96.0,54.25,39,0.0023879,1.0195942527749797
1488991049205644303,4,vectorchain_relational,test,128,second_order_response,ok,12,1536,0.062484436111924106,0.07331249980491114,17.0,0.0,0.0,0.0,1.0,1.0,4.0,28.0,224.0,54.25,87,0.0023998500000000002,1.0
1488991049205644303,4,fixed_relational,test,128,sine,ok,12,1536,1.794448015645574e+39,6.477765673877155e+39,89.58333333333333,0.9166666666666666,0.9166666666666666,0.9166666666666666,1.0,1.0,4.0,28.0,224.0,37.0,87,0.01385255,1.1944235702814354e-40
1488991049205644303,4,persistence,test,128,sine,ok,12,1536,0.41750531879637176,0.5587825871214213,0.0,0.0,0.0,0.0,1.0,1.0,1.0,1.0,8.0,1.0,0,8.25e-06,0.5133661558398451
1488991049205644303,4,raw_ar,test,128,sine,ok,12,1536,0.18894341614985394,0.35852229902598326,0.0,0.0,0.0,0.0,1.0,1.0,28.0,28.0,224.0,28.0,29,0.009618149999999999,1.1343771850890612
1488991049205644303,4,raw_matched,test,128,sine,ok,12,1536,60.613644892624414,109.86694975001251,39.0,0.9166666666666666,0.9166666666666666,0.9166666666666666,1.0,1.0,28.0,28.0,224.0,28.0,87,0.0040474,0.00353605365479783
1488991049205644303,4,vectorchain_absolute,test,128,sine,ok,12,1536,0.21432358882846678,0.3505537843310369,17.0,0.0,0.0,0.0,1.0,1.0,4.0,20.0,160.0,49.25,63,0.0024575,1.0000443802045664
1488991049205644303,4,vectorchain_cartesian,test,128,sine,ok,12,1536,0.21335753246886346,0.3481475209292942,17.0,0.0,0.0,0.0,1.0,1.0,4.0,12.0,96.0,49.25,39,0.0024963,1.0045724567257137
1488991049205644303,4,vectorchain_relational,test,128,sine,ok,12,1536,0.2143331005531824,0.3505880691795145,17.0,0.0,0.0,0.0,1.0,1.0,4.0,28.0,224.0,49.25,87,0.00249715,1.0
1488991049205644303,4,fixed_relational,validation,16,chirp,ok,19,304,0.07245427483580114,0.11601592846108967,51.89473684210526,0.42105263157894735,0.42105263157894735,0.42105263157894735,1.0,1.0,4.0,28.0,224.0,37.0,87,0.0023504,1.12996464701313
1488991049205644303,4,persistence,validation,16,chirp,ok,19,304,0.13437924556247385,0.20444960845944746,0.0,0.0,0.0,0.0,1.0,1.0,1.0,1.0,8.0,1.0,0,8.5e-06,0.6092515905022404
1488991049205644303,4,raw_ar,validation,16,chirp,ok,19,304,0.04030005615498074,0.06107409648325555,0.0,0.0,0.0,0.0,1.0,1.0,28.0,28.0,224.0,28.0,29,0.0083212,2.0315299009654066
1488991049205644303,4,raw_matched,validation,16,chirp,ok,19,304,0.15529553074710026,0.2130435468571248,33.21052631578947,0.3684210526315789,0.42105263157894735,0.3684210526315789,1.0,1.0,28.0,28.0,224.0,28.0,87,0.0016994,0.5271933370880801
1488991049205644303,4,vectorchain_absolute,validation,16,chirp,ok,19,304,0.08186402474252752,0.11636944710232562,16.94736842105263,0.0,0.0,0.0,1.0,1.0,4.0,20.0,160.0,47.36842105263158,63,0.0022927,1.0000823847461937
1488991049205644303,4,vectorchain_cartesian,validation,16,chirp,ok,19,304,0.07872014987149233,0.10652040449827044,16.94736842105263,0.0,0.0,0.0,1.0,1.0,4.0,12.0,96.0,47.36842105263158,39,0.0023504,1.0400230337858767
1488991049205644303,4,vectorchain_relational,validation,16,chirp,ok,19,304,0.08187076908942834,0.11637016312778659,16.94736842105263,0.0,0.0,0.0,1.0,1.0,4.0,28.0,224.0,47.36842105263158,87,0.0023225,1.0
1488991049205644303,4,fixed_relational,validation,16,first_order_response,ok,19,304,0.020808431217880598,0.024729242466307554,21.473684210526315,0.2631578947368421,0.21052631578947367,0.2631578947368421,1.0,1.0,4.0,28.0,224.0,37.0,87,0.0022731,1.0419223586114257
1488991049205644303,4,persistence,validation,16,first_order_response,ok,19,304,0.021592464580320467,0.015885358813613443,0.0,0.0,0.0,0.0,1.0,1.0,1.0,1.0,8.0,1.0,0,5.2e-06,1.004089628253821
1488991049205644303,4,raw_ar,validation,16,first_order_response,ok,19,304,0.01550103904100144,0.01431516501003853,0.0,0.0,0.0,0.0,1.0,1.0,28.0,28.0,224.0,28.0,29,0.0080787,1.3986655782357862
1488991049205644303,4,raw_matched,validation,16,first_order_response,ok,19,304,0.03800820267937645,0.054138343296601776,26.94736842105263,0.3157894736842105,0.3157894736842105,0.3157894736842105,1.0,1.0,28.0,28.0,224.0,28.0,87,0.0017805,0.5704234403407329
1488991049205644303,4,vectorchain_absolute,validation,16,first_order_response,ok,19,304,0.021686385612390554,0.016723480482039893,16.894736842105264,0.0,0.0,0.0,1.0,1.0,4.0,20.0,160.0,45.0,63,0.0022254,0.9997410412710926
1488991049205644303,4,vectorchain_cartesian,validation,16,first_order_response,ok,19,304,0.022297443237084665,0.021141782492252282,16.842105263157894,0.0,0.0,0.0,1.0,1.0,4.0,12.0,96.0,45.0,39,0.0022284,0.9723433087376919
1488991049205644303,4,vectorchain_relational,validation,16,first_order_response,ok,19,304,0.021680769733537775,0.01671876049393493,16.894736842105264,0.0,0.0,0.0,1.0,1.0,4.0,28.0,224.0,45.0,87,0.0022147,1.0
1488991049205644303,4,fixed_relational,validation,16,piecewise_linear,ok,17,272,0.02792394746120288,0.0378911076009734,36.05882352941177,0.4117647058823529,0.4117647058823529,0.4117647058823529,1.0,1.0,4.0,28.0,224.0,37.0,87,0.0021847,1.0318789351381727
1488991049205644303,4,persistence,validation,16,piecewise_linear,ok,17,272,0.026933443360866033,0.035521298813015384,0.0,0.0,0.0,0.0,1.0,1.0,1.0,1.0,8.0,1.0,0,5.3e-06,1.0698273067077229
1488991049205644303,4,raw_ar,validation,16,piecewise_linear,ok,17,272,0.01566082384408979,0.017577182902568357,0.0,0.0,0.0,0.0,1.0,1.0,28.0,28.0,224.0,28.0,29,0.0079955,1.8398861680571437
1488991049205644303,4,raw_matched,validation,16,piecewise_linear,ok,17,272,0.0333295582532686,0.046261340854773986,31.0,0.4117647058823529,0.4117647058823529,0.4117647058823529,1.0,1.0,28.0,28.0,224.0,28.0,87,0.0017328,0.8645219043158044
1488991049205644303,4,vectorchain_absolute,validation,16,piecewise_linear,ok,17,272,0.028811567457613395,0.0337030357345831,16.941176470588236,0.0,0.0,0.0,1.0,1.0,4.0,20.0,160.0,50.705882352941174,63,0.0022568,1.0000890515072005
1488991049205644303,4,vectorchain_cartesian,validation,16,piecewise_linear,ok,17,272,0.029536227309903035,0.035083597487465236,17.0,0.0,0.0,0.0,1.0,1.0,4.0,12.0,96.0,50.705882352941174,39,0.002195,0.9755522554994482
1488991049205644303,4,vectorchain_relational,validation,16,piecewise_linear,ok,17,272,0.028814133171120308,0.03370674395660016,16.941176470588236,0.0,0.0,0.0,1.0,1.0,4.0,28.0,224.0,50.705882352941174,87,0.0022485,1.0
1488991049205644303,4,fixed_relational,validation,16,ramp,ok,12,192,0.017822353997624954,0.022165615092278462,20.25,0.16666666666666666,0.16666666666666666,0.16666666666666666,1.0,1.0,4.0,28.0,224.0,37.0,87,0.0022678,1.1423589070663362
1488991049205644303,4,persistence,validation,16,ramp,ok,12,192,0.01773240370541464,0.015680272219526965,0.0,0.0,0.0,0.0,1.0,1.0,1.0,1.0,8.0,1.0,0,6.75e-06,1.1481536949138684
1488991049205644303,4,raw_ar,validation,16,ramp,ok,12,192,0.012383217808379634,0.010908881703834602,0.0,0.0,0.0,0.0,1.0,1.0,28.0,28.0,224.0,28.0,29,0.00797935,1.6441223233834301
1488991049205644303,4,raw_matched,validation,16,ramp,ok,12,192,0.025147519611996016,0.030936061976675172,21.416666666666668,0.25,0.25,0.25,1.0,1.0,28.0,28.0,224.0,28.0,87,0.0018387999999999998,0.8096036964362947
1488991049205644303,4,vectorchain_absolute,validation,16,ramp,ok,12,192,0.020364699349509286,0.022197050331619766,16.916666666666668,0.0,0.0,0.0,1.0,1.0,4.0,20.0,160.0,66.75,63,0.00227525,0.9997459075950846
1488991049205644303,4,vectorchain_cartesian,validation,16,ramp,ok,12,192,0.021006890837428745,0.02506721490419787,17.0,0.0,0.0,0.0,1.0,1.0,4.0,12.0,96.0,66.75,39,0.00223745,0.9691831595469084
1488991049205644303,4,vectorchain_relational,validation,16,ramp,ok,12,192,0.02035952483407619,0.022197698339793858,16.916666666666668,0.0,0.0,0.0,1.0,1.0,4.0,28.0,224.0,66.75,87,0.0022469,1.0
1488991049205644303,4,fixed_relational,validation,16,regime_change,ok,21,336,0.2110628846868295,0.21466638825868228,51.476190476190474,0.47619047619047616,0.47619047619047616,0.47619047619047616,1.0,1.0,4.0,28.0,224.0,37.0,87,0.0022426,0.6715869874953788
1488991049205644303,4,persistence,validation,16,regime_change,ok,21,336,0.13927154420026985,0.2038491387385193,0.0,0.0,0.0,0.0,1.0,1.0,1.0,1.0,8.0,1.0,0,7.9e-06,1.0177749353815069
1488991049205644303,4,raw_ar,validation,16,regime_change,ok,21,336,0.07371650904964637,0.11677830788035246,0.0,0.0,0.0,0.0,1.0,1.0,28.0,28.0,224.0,28.0,29,0.0082083,1.9228676008443228
1488991049205644303,4,raw_matched,validation,16,regime_change,ok,21,336,0.17586359329505397,0.280252389431571,35.857142857142854,0.5714285714285714,0.5238095238095238,0.5714285714285714,1.0,1.0,28.0,28.0,224.0,28.0,87,0.0017946,0.806005860809958
1488991049205644303,4,vectorchain_absolute,validation,16,regime_change,ok,21,336,0.1417543167417401,0.2012256494840136,16.857142857142858,0.0,0.0,0.0,1.0,1.0,4.0,20.0,160.0,43.95238095238095,63,0.0022467,0.999948997370987
1488991049205644303,4,vectorchain_cartesian,validation,16,regime_change,ok,21,336,0.14260527762888411,0.2019671964759948,17.047619047619047,0.0,0.0,0.0,1.0,1.0,4.0,12.0,96.0,43.95238095238095,39,0.0023225,0.9939820549124055
1488991049205644303,4,vectorchain_relational,validation,16,regime_change,ok,21,336,0.14174708689891233,0.201225993860045,16.857142857142858,0.0,0.0,0.0,1.0,1.0,4.0,28.0,224.0,43.95238095238095,87,0.0022697,1.0
1488991049205644303,4,fixed_relational,validation,16,second_order_response,ok,17,272,0.0226028577888979,0.026442510650550744,33.529411764705884,0.4117647058823529,0.4117647058823529,0.4117647058823529,1.0,1.0,4.0,28.0,224.0,37.0,87,0.0025378,1.0364313168964585
1488991049205644303,4,persistence,validation,16,second_order_response,ok,17,272,0.019152523773424274,0.01909652384199787,0.0,0.0,0.0,0.0,1.0,1.0,1.0,1.0,8.0,1.0,0,4.9e-06,1.223144789736629
1488991049205644303,4,raw_ar,validation,16,second_order_response,ok,17,272,0.012643289030737165,0.014497483893285854,0.0,0.0,0.0,0.0,1.0,1.0,28.0,28.0,224.0,28.0,29,0.0079348,1.8528651529533968
1488991049205644303,4,raw_matched,validation,16,second_order_response,ok,17,272,0.027026771527904572,0.03401672201903925,27.352941176470587,0.35294117647058826,0.35294117647058826,0.35294117647058826,1.0,1.0,28.0,28.0,224.0,28.0,87,0.0016958,0.8667816516517206
1488991049205644303,4,vectorchain_absolute,validation,16,second_order_response,ok,17,272,0.023436667582676384,0.024965146544069703,17.0,0.0,0.0,0.0,1.0,1.0,4.0,20.0,160.0,52.8235294117647,63,0.0022156,0.9995580464300642
1488991049205644303,4,vectorchain_cartesian,validation,16,second_order_response,ok,17,272,0.024031870010903584,0.029072376319788894,17.0,0.0,0.0,0.0,1.0,1.0,4.0,12.0,96.0,52.8235294117647,39,0.0022132,0.9748017800172017
1488991049205644303,4,vectorchain_relational,validation,16,second_order_response,ok,17,272,0.023426309663770822,0.02497069490033427,17.0,0.0,0.0,0.0,1.0,1.0,4.0,28.0,224.0,52.8235294117647,87,0.0022456,1.0
1488991049205644303,4,fixed_relational,validation,16,sine,ok,12,192,0.028482200894963942,0.028526864044354578,26.166666666666668,0.16666666666666666,0.16666666666666666,0.16666666666666666,1.0,1.0,4.0,28.0,224.0,37.0,87,0.0019981,2.5778176943731896
1488991049205644303,4,persistence,validation,16,sine,ok,12,192,0.06293113064086521,0.09100224222792645,0.0,0.0,0.0,0.0,1.0,1.0,1.0,1.0,8.0,1.0,0,7.8e-06,1.1667027223892334
1488991049205644303,4,raw_ar,validation,16,sine,ok,12,192,0.02002563506327105,0.02270561982920785,0.0,0.0,0.0,0.0,1.0,1.0,28.0,28.0,224.0,28.0,29,0.00807145,3.666396656573096
1488991049205644303,4,raw_matched,validation,16,sine,ok,12,192,0.04293535581763668,0.05097006201830597,21.25,0.16666666666666666,0.16666666666666666,0.16666666666666666,1.0,1.0,28.0,28.0,224.0,28.0,87,0.001629,1.7100573651603512
1488991049205644303,4,vectorchain_absolute,validation,16,sine,ok,12,192,0.07341049322761976,0.09110055466653381,17.0,0.0,0.0,0.0,1.0,1.0,4.0,20.0,160.0,71.66666666666667,63,0.0022439,1.0001556754846306
1488991049205644303,4,vectorchain_cartesian,validation,16,sine,ok,12,192,0.07125191563358844,0.08935349254710352,17.0,0.0,0.0,0.0,1.0,1.0,4.0,12.0,96.0,71.66666666666667,39,0.00225485,1.030455403042084
1488991049205644303,4,vectorchain_relational,validation,16,sine,ok,12,192,0.07342192144172995,0.09111654852700611,17.0,0.0,0.0,0.0,1.0,1.0,4.0,28.0,224.0,71.66666666666667,87,0.0022757999999999997,1.0
1488991049205644303,4,fixed_relational,validation,64,chirp,ok,19,1216,2370962473389817.0,6191180431892816.0,51.89473684210526,0.42105263157894735,0.42105263157894735,0.42105263157894735,1.0,1.0,4.0,28.0,224.0,37.0,87,0.0023504,1.5025997598061446e-16
1488991049205644303,4,persistence,validation,64,chirp,ok,19,1216,0.51165541881628,0.7822732579547932,0.0,0.0,0.0,0.0,1.0,1.0,1.0,1.0,8.0,1.0,0,8.5e-06,0.6962904157776831
1488991049205644303,4,raw_ar,validation,64,chirp,ok,19,1216,0.2609730674010235,0.4696150241033907,0.0,0.0,0.0,0.0,1.0,1.0,28.0,28.0,224.0,28.0,29,0.0083212,1.3651246385323168
1488991049205644303,4,raw_matched,validation,64,chirp,ok,19,1216,7.399741926820998,9.768232247810435,33.21052631578947,0.3684210526315789,0.42105263157894735,0.3684210526315789,1.0,1.0,28.0,28.0,224.0,28.0,87,0.0016994,0.0481450255732831
1488991049205644303,4,vectorchain_absolute,validation,64,chirp,ok,19,1216,0.35625011283733615,0.6210685807029005,16.94736842105263,0.0,0.0,0.0,1.0,1.0,4.0,20.0,160.0,47.36842105263158,63,0.0022927,1.0000298988400906
1488991049205644303,4,vectorchain_cartesian,validation,64,chirp,ok,19,1216,0.34576159978994203,0.608891740292259,16.94736842105263,0.0,0.0,0.0,1.0,1.0,4.0,12.0,96.0,47.36842105263158,39,0.0023504,1.0303653283618788
1488991049205644303,4,vectorchain_relational,validation,64,chirp,ok,19,1216,0.35626076430249215,0.621079539462027,16.94736842105263,0.0,0.0,0.0,1.0,1.0,4.0,28.0,224.0,47.36842105263158,87,0.0023225,1.0
1488991049205644303,4,fixed_relational,validation,64,first_order_response,ok,19,1216,0.10615148634155942,0.20389582086145297,21.473684210526315,0.2631578947368421,0.21052631578947367,0.2631578947368421,1.0,1.0,4.0,28.0,224.0,37.0,87,0.0022731,0.36813384535309207
1488991049205644303,4,persistence,validation,64,first_order_response,ok,19,1216,0.019973960673744313,0.015188774088582815,0.0,0.0,0.0,0.0,1.0,1.0,1.0,1.0,8.0,1.0,0,5.2e-06,1.9564449682847482
1488991049205644303,4,raw_ar,validation,64,first_order_response,ok,19,1216,0.024638919697536548,0.027262714378014984,0.0,0.0,0.0,0.0,1.0,1.0,28.0,28.0,224.0,28.0,29,0.0080787,1.586025496920289
1488991049205644303,4,raw_matched,validation,64,first_order_response,ok,19,1216,0.5140953735701358,0.9595091692689399,26.94736842105263,0.3157894736842105,0.3157894736842105,0.3157894736842105,1.0,1.0,28.0,28.0,224.0,28.0,87,0.0017805,0.07601304517776071
1488991049205644303,4,vectorchain_absolute,validation,64,first_order_response,ok,19,1216,0.03908987271221197,0.048177407894223825,16.894736842105264,0.0,0.0,0.0,1.0,1.0,4.0,20.0,160.0,45.0,63,0.0022254,0.999695116547572
1488991049205644303,4,vectorchain_cartesian,validation,64,first_order_response,ok,19,1216,0.04211362249523058,0.049887145989454505,16.842105263157894,0.0,0.0,0.0,1.0,1.0,4.0,12.0,96.0,45.0,39,0.0022284,0.9279172044933947
1488991049205644303,4,vectorchain_relational,validation,64,first_order_response,ok,19,1216,0.0390779548568645,0.04816485897750387,16.894736842105264,0.0,0.0,0.0,1.0,1.0,4.0,28.0,224.0,45.0,87,0.0022147,1.0
1488991049205644303,4,fixed_relational,validation,64,piecewise_linear,ok,17,1088,0.5809257289203799,1.3273636366428958,36.05882352941177,0.4117647058823529,0.4117647058823529,0.4117647058823529,1.0,1.0,4.0,28.0,224.0,37.0,87,0.0021847,0.11811906964374441
1488991049205644303,4,persistence,validation,64,piecewise_linear,ok,17,1088,0.07190512472156986,0.1073840879928736,0.0,0.0,0.0,0.0,1.0,1.0,1.0,1.0,8.0,1.0,0,5.3e-06,0.9542909062169447
1488991049205644303,4,raw_ar,validation,64,piecewise_linear,ok,17,1088,0.0375488148828502,0.04761186620175227,0.0,0.0,0.0,0.0,1.0,1.0,28.0,28.0,224.0,28.0,29,0.0079955,1.8274453360585197
1488991049205644303,4,raw_matched,validation,64,piecewise_linear,ok,17,1088,0.294951244062773,0.5927052164975729,31.0,0.4117647058823529,0.4117647058823529,0.4117647058823529,1.0,1.0,28.0,28.0,224.0,28.0,87,0.0017328,0.2326432182045166
1488991049205644303,4,vectorchain_absolute,validation,64,piecewise_linear,ok,17,1088,0.06860717937559291,0.0817933682796693,16.941176470588236,0.0,0.0,0.0,1.0,1.0,4.0,20.0,160.0,50.705882352941174,63,0.0022568,1.0001636455061789
1488991049205644303,4,vectorchain_cartesian,validation,64,piecewise_linear,ok,17,1088,0.07126454187681504,0.08928406644698714,17.0,0.0,0.0,0.0,1.0,1.0,4.0,12.0,96.0,50.705882352941174,39,0.002195,0.9628688380653635
1488991049205644303,4,vectorchain_relational,validation,64,piecewise_linear,ok,17,1088,0.06861840663218934,0.08181267523221282,16.941176470588236,0.0,0.0,0.0,1.0,1.0,4.0,28.0,224.0,50.705882352941174,87,0.0022485,1.0
1488991049205644303,4,fixed_relational,validation,64,ramp,ok,12,768,0.1089685030716386,0.20453081440816878,20.25,0.16666666666666666,0.16666666666666666,0.16666666666666666,1.0,1.0,4.0,28.0,224.0,37.0,87,0.0022678,0.48889652240479364
1488991049205644303,4,persistence,validation,64,ramp,ok,12,768,0.028100530730382232,0.03372299792392789,0.0,0.0,0.0,0.0,1.0,1.0,1.0,1.0,8.0,1.0,0,6.75e-06,1.8958475451775045
1488991049205644303,4,raw_ar,validation,64,ramp,ok,12,768,0.02549200758926993,0.03142003429278262,0.0,0.0,0.0,0.0,1.0,1.0,28.0,28.0,224.0,28.0,29,0.00797935,2.089844121410209
1488991049205644303,4,raw_matched,validation,64,ramp,ok,12,768,0.17364470388412026,0.3391628052746333,21.416666666666668,0.25,0.25,0.25,1.0,1.0,28.0,28.0,224.0,28.0,87,0.0018387999999999998,0.3068007316764016
1488991049205644303,4,vectorchain_absolute,validation,64,ramp,ok,12,768,0.053271809817877484,0.07164879285276074,16.916666666666668,0.0,0.0,0.0,1.0,1.0,4.0,20.0,160.0,66.75,63,0.00227525,1.000047161632227
1488991049205644303,4,vectorchain_cartesian,validation,64,ramp,ok,12,768,0.059022420404229184,0.07975786710168023,17.0,0.0,0.0,0.0,1.0,1.0,4.0,12.0,96.0,66.75,39,0.00223745,0.9026116150188053
1488991049205644303,4,vectorchain_relational,validation,64,ramp,ok,12,768,0.05327432220338019,0.07165641396110543,16.916666666666668,0.0,0.0,0.0,1.0,1.0,4.0,28.0,224.0,66.75,87,0.0022469,1.0
1488991049205644303,4,fixed_relational,validation,64,regime_change,ok,21,1344,2.193160166322211e+18,3.5418271795200563e+18,51.476190476190474,0.47619047619047616,0.47619047619047616,0.47619047619047616,1.0,1.0,4.0,28.0,224.0,37.0,87,0.0022426,2.971233066719544e-19
1488991049205644303,4,persistence,validation,64,regime_change,ok,21,1344,0.5847185087023441,0.9317042720838754,0.0,0.0,0.0,0.0,1.0,1.0,1.0,1.0,8.0,1.0,0,7.9e-06,1.1144490741793691
1488991049205644303,4,raw_ar,validation,64,regime_change,ok,21,1344,0.5154314536016568,0.98142192827454,0.0,0.0,0.0,0.0,1.0,1.0,28.0,28.0,224.0,28.0,29,0.0082083,1.2642592843829006
1488991049205644303,4,raw_matched,validation,64,regime_change,ok,21,1344,13.661184814276968,16.649419380984074,35.857142857142854,0.5714285714285714,0.5238095238095238,0.5714285714285714,1.0,1.0,28.0,28.0,224.0,28.0,87,0.0017946,0.047700035504816315
1488991049205644303,4,vectorchain_absolute,validation,64,regime_change,ok,21,1344,0.6516214870965441,1.159568182280617,16.857142857142858,0.0,0.0,0.0,1.0,1.0,4.0,20.0,160.0,43.95238095238095,63,0.0022467,1.0000268769257483
1488991049205644303,4,vectorchain_cartesian,validation,64,regime_change,ok,21,1344,0.6451621603003805,1.1470299285884027,17.047619047619047,0.0,0.0,0.0,1.0,1.0,4.0,12.0,96.0,43.95238095238095,39,0.0023225,1.0100390890492907
1488991049205644303,4,vectorchain_relational,validation,64,regime_change,ok,21,1344,0.6516390006788688,1.1596097592698336,16.857142857142858,0.0,0.0,0.0,1.0,1.0,4.0,28.0,224.0,43.95238095238095,87,0.0022697,1.0
1488991049205644303,4,fixed_relational,validation,64,second_order_response,ok,17,1088,38.34199778767689,69.30900794535846,33.529411764705884,0.4117647058823529,0.4117647058823529,0.4117647058823529,1.0,1.0,4.0,28.0,224.0,37.0,87,0.0025378,0.0015292876917228431
1488991049205644303,4,persistence,validation,64,second_order_response,ok,17,1088,0.039897103044613996,0.05819981269401195,0.0,0.0,0.0,0.0,1.0,1.0,1.0,1.0,8.0,1.0,0,4.9e-06,1.4696792703768613
1488991049205644303,4,raw_ar,validation,64,second_order_response,ok,17,1088,0.025582847655282837,0.03167639359211251,0.0,0.0,0.0,0.0,1.0,1.0,28.0,28.0,224.0,28.0,29,0.0079348,2.292002285392591
1488991049205644303,4,raw_matched,validation,64,second_order_response,ok,17,1088,0.4590109490504992,0.9075225846454862,27.352941176470587,0.35294117647058826,0.35294117647058826,0.35294117647058826,1.0,1.0,28.0,28.0,224.0,28.0,87,0.0016958,0.12774411027460647
1488991049205644303,4,vectorchain_absolute,validation,64,second_order_response,ok,17,1088,0.0586485809936899,0.0797794210603769,17.0,0.0,0.0,0.0,1.0,1.0,4.0,20.0,160.0,52.8235294117647,63,0.0022156,0.9997845523162358
1488991049205644303,4,vectorchain_cartesian,validation,64,second_order_response,ok,17,1088,0.0596086411138993,0.07770814215496195,17.0,0.0,0.0,0.0,1.0,1.0,4.0,12.0,96.0,52.8235294117647,39,0.0022132,0.9836819661887287
1488991049205644303,4,vectorchain_relational,validation,64,second_order_response,ok,17,1088,0.05863594529275875,0.07978925777691455,17.0,0.0,0.0,0.0,1.0,1.0,4.0,28.0,224.0,52.8235294117647,87,0.0022456,1.0
1488991049205644303,4,fixed_relational,validation,64,sine,ok,12,768,13099.095187061133,27982.88141535071,26.166666666666668,0.16666666666666666,0.16666666666666666,0.16666666666666666,1.0,1.0,4.0,28.0,224.0,37.0,87,0.0019981,1.4948607946188828e-05
1488991049205644303,4,persistence,validation,64,sine,ok,12,768,0.23607089571040965,0.3742601911753809,0.0,0.0,0.0,0.0,1.0,1.0,1.0,1.0,8.0,1.0,0,7.8e-06,0.8294679350960391
1488991049205644303,4,raw_ar,validation,64,sine,ok,12,768,0.09653048176300638,0.1731453082172617,0.0,0.0,0.0,0.0,1.0,1.0,28.0,28.0,224.0,28.0,29,0.00807145,2.028511976993239
1488991049205644303,4,raw_matched,validation,64,sine,ok,12,768,0.47875312691253125,0.9540888984689756,21.25,0.16666666666666666,0.16666666666666666,0.16666666666666666,1.0,1.0,28.0,28.0,224.0,28.0,87,0.001629,0.4090067038600485
1488991049205644303,4,vectorchain_absolute,validation,64,sine,ok,12,768,0.19578653046307976,0.28541079764121663,17.0,0.0,0.0,0.0,1.0,1.0,4.0,20.0,160.0,71.66666666666667,63,0.0022439,1.0001364135624804
1488991049205644303,4,vectorchain_cartesian,validation,64,sine,ok,12,768,0.19765624785672864,0.28664594251028475,17.0,0.0,0.0,0.0,1.0,1.0,4.0,12.0,96.0,71.66666666666667,39,0.00225485,0.9906756832858699
1488991049205644303,4,vectorchain_relational,validation,64,sine,ok,12,768,0.1958132384011859,0.2854395174205105,17.0,0.0,0.0,0.0,1.0,1.0,4.0,28.0,224.0,71.66666666666667,87,0.0022757999999999997,1.0
1488991049205644303,4,fixed_relational,validation,128,chirp,ok,19,2432,1.3228836674140343e+42,4.8852347018723727e+42,51.89473684210526,0.42105263157894735,0.42105263157894735,0.42105263157894735,1.0,1.0,4.0,28.0,224.0,37.0,87,0.0023504,6.044443961339615e-43
1488991049205644303,4,persistence,validation,128,chirp,ok,19,2432,0.8900978761272665,1.2182213410071578,0.0,0.0,0.0,0.0,1.0,1.0,1.0,1.0,8.0,1.0,0,8.5e-06,0.8983389815337879
1488991049205644303,4,raw_ar,validation,128,chirp,ok,19,2432,0.6999141225575486,1.1166715874864166,0.0,0.0,0.0,0.0,1.0,1.0,28.0,28.0,224.0,28.0,29,0.0083212,1.1424396132824288
1488991049205644303,4,raw_matched,validation,128,chirp,ok,19,2432,95.58479645533428,104.39056479782464,33.21052631578947,0.3684210526315789,0.42105263157894735,0.3684210526315789,1.0,1.0,28.0,28.0,224.0,28.0,87,0.0016994,0.008365447740208403
1488991049205644303,4,vectorchain_absolute,validation,128,chirp,ok,19,2432,0.7995943478004773,1.1795910006524448,16.94736842105263,0.0,0.0,0.0,1.0,1.0,4.0,20.0,160.0,47.36842105263158,63,0.0022927,1.0000190993159481
1488991049205644303,4,vectorchain_cartesian,validation,128,chirp,ok,19,2432,0.7801531104358039,1.1594371297183808,16.94736842105263,0.0,0.0,0.0,1.0,1.0,4.0,12.0,96.0,47.36842105263158,39,0.0023504,1.0249393469172785
1488991049205644303,4,vectorchain_relational,validation,128,chirp,ok,19,2432,0.7996096195055563,1.1796087425652773,16.94736842105263,0.0,0.0,0.0,1.0,1.0,4.0,28.0,224.0,47.36842105263158,87,0.0023225,1.0
1488991049205644303,4,fixed_relational,validation,128,first_order_response,ok,19,2432,265308814000.81186,636978136158.9625,21.473684210526315,0.2631578947368421,0.21052631578947367,0.2631578947368421,1.0,1.0,4.0,28.0,224.0,37.0,87,0.0022731,2.73629812410591e-13
1488991049205644303,4,persistence,validation,128,first_order_response,ok,19,2432,0.019710036809587633,0.014794344545390794,0.0,0.0,0.0,0.0,1.0,1.0,1.0,1.0,8.0,1.0,0,5.2e-06,3.6832199608376763
1488991049205644303,4,raw_ar,validation,128,first_order_response,ok,19,2432,0.03639711264572884,0.04368867474916407,0.0,0.0,0.0,0.0,1.0,1.0,28.0,28.0,224.0,28.0,29,0.0080787,1.9945648357476957
1488991049205644303,4,raw_matched,validation,128,first_order_response,ok,19,2432,16.812022167649705,22.696402363809728,26.94736842105263,0.3157894736842105,0.3157894736842105,0.3157894736842105,1.0,1.0,28.0,28.0,224.0,28.0,87,0.0017805,0.004318124273331682
1488991049205644303,4,vectorchain_absolute,validation,128,first_order_response,ok,19,2432,0.07260393359922226,0.10979946737088243,16.894736842105264,0.0,0.0,0.0,1.0,1.0,4.0,20.0,160.0,45.0,63,0.0022254,0.9998962508926125
1488991049205644303,4,vectorchain_cartesian,validation,128,first_order_response,ok,19,2432,0.07417182817505205,0.10373164863482878,16.842105263157894,0.0,0.0,0.0,1.0,1.0,4.0,12.0,96.0,45.0,39,0.0022284,0.9787597635396639
1488991049205644303,4,vectorchain_relational,validation,128,first_order_response,ok,19,2432,0.07259640100591852,0.1098179718501164,16.894736842105264,0.0,0.0,0.0,1.0,1.0,4.0,28.0,224.0,45.0,87,0.0022147,1.0
1488991049205644303,4,fixed_relational,validation,128,piecewise_linear,ok,17,2176,1.491529653018763e+26,3.7952684141061936e+26,36.05882352941177,0.4117647058823529,0.4117647058823529,0.4117647058823529,1.0,1.0,4.0,28.0,224.0,37.0,87,0.0021847,7.436983849791734e-28
1488991049205644303,4,persistence,validation,128,piecewise_linear,ok,17,2176,0.13144867908448696,0.18985887859860484,0.0,0.0,0.0,0.0,1.0,1.0,1.0,1.0,8.0,1.0,0,5.3e-06,0.8438640858350854
1488991049205644303,4,raw_ar,validation,128,piecewise_linear,ok,17,2176,0.07849854349993565,0.11686678559125652,0.0,0.0,0.0,0.0,1.0,1.0,28.0,28.0,224.0,28.0,29,0.0079955,1.4130812428379773
1488991049205644303,4,raw_matched,validation,128,piecewise_linear,ok,17,2176,16.792152011155,36.10073767008925,31.0,0.4117647058823529,0.4117647058823529,0.4117647058823529,1.0,1.0,28.0,28.0,224.0,28.0,87,0.0017328,0.006605753648262171
1488991049205644303,4,vectorchain_absolute,validation,128,piecewise_linear,ok,17,2176,0.1109063716859279,0.14799766257184857,16.941176470588236,0.0,0.0,0.0,1.0,1.0,4.0,20.0,160.0,50.705882352941174,63,0.0022568,1.000166336015251
1488991049205644303,4,vectorchain_cartesian,validation,128,piecewise_linear,ok,17,2176,0.11569811148714812,0.1561257460797197,17.0,0.0,0.0,0.0,1.0,1.0,4.0,12.0,96.0,50.705882352941174,39,0.002195,0.958743561014665
1488991049205644303,4,vectorchain_relational,validation,128,piecewise_linear,ok,17,2176,0.1109248194098601,0.1480258090502047,16.941176470588236,0.0,0.0,0.0,1.0,1.0,4.0,28.0,224.0,50.705882352941174,87,0.0022485,1.0
1488991049205644303,4,fixed_relational,validation,128,ramp,ok,12,1536,191365649422.2226,578125776991.1888,20.25,0.16666666666666666,0.16666666666666666,0.16666666666666666,1.0,1.0,4.0,28.0,224.0,37.0,87,0.0022678,5.759046267649082e-13
1488991049205644303,4,persistence,validation,128,ramp,ok,12,1536,0.04423292896216218,0.06984780761691732,0.0,0.0,0.0,0.0,1.0,1.0,1.0,1.0,8.0,1.0,0,6.75e-06,2.4915456763083452
1488991049205644303,4,raw_ar,validation,128,ramp,ok,12,1536,0.043787921067567355,0.05678699305553527,0.0,0.0,0.0,0.0,1.0,1.0,28.0,28.0,224.0,28.0,29,0.00797935,2.516866757297551
1488991049205644303,4,raw_matched,validation,128,ramp,ok,12,1536,8.298659553883684,13.252153383830567,21.416666666666668,0.25,0.25,0.25,1.0,1.0,28.0,28.0,224.0,28.0,87,0.0018387999999999998,0.013280260768686797
1488991049205644303,4,vectorchain_absolute,validation,128,ramp,ok,12,1536,0.11019513382544789,0.1843124384834485,16.916666666666668,0.0,0.0,0.0,1.0,1.0,4.0,20.0,160.0,66.75,63,0.00227525,1.0001200514053772
1488991049205644303,4,vectorchain_cartesian,validation,128,ramp,ok,12,1536,0.11853917903697293,0.19378499509007252,17.0,0.0,0.0,0.0,1.0,1.0,4.0,12.0,96.0,66.75,39,0.00223745,0.9297209901525879
1488991049205644303,4,vectorchain_relational,validation,128,ramp,ok,12,1536,0.11020836290612937,0.18433779318768784,16.916666666666668,0.0,0.0,0.0,1.0,1.0,4.0,28.0,224.0,66.75,87,0.0022469,1.0
1488991049205644303,4,fixed_relational,validation,128,regime_change,ok,21,2688,1.2236784827939294e+45,2.7947266628840327e+45,51.476190476190474,0.47619047619047616,0.47619047619047616,0.47619047619047616,1.0,1.0,4.0,28.0,224.0,37.0,87,0.0022426,1.1286001713339125e-45
1488991049205644303,4,persistence,validation,128,regime_change,ok,21,2688,1.1014964159896345,1.5875496535648275,0.0,0.0,0.0,0.0,1.0,1.0,1.0,1.0,8.0,1.0,0,7.9e-06,1.2537886871815722
1488991049205644303,4,raw_ar,validation,128,regime_change,ok,21,2688,1.2607436166321717,1.9142411769164949,0.0,0.0,0.0,0.0,1.0,1.0,28.0,28.0,224.0,28.0,29,0.0082083,1.0954199784314889
1488991049205644303,4,raw_matched,validation,128,regime_change,ok,21,2688,144.13902116316189,129.8218591584748,35.857142857142854,0.5714285714285714,0.5238095238095238,0.5714285714285714,1.0,1.0,28.0,28.0,224.0,28.0,87,0.0017946,0.009581331510330868
1488991049205644303,4,vectorchain_absolute,validation,128,regime_change,ok,21,2688,1.3810117639876267,2.0307490649538877,16.857142857142858,0.0,0.0,0.0,1.0,1.0,4.0,20.0,160.0,43.95238095238095,63,0.0022467,1.000023157913682
1488991049205644303,4,vectorchain_cartesian,validation,128,regime_change,ok,21,2688,1.3575272699251637,1.9981673079514513,17.047619047619047,0.0,0.0,0.0,1.0,1.0,4.0,12.0,96.0,43.95238095238095,39,0.0023225,1.0173230224796763
1488991049205644303,4,vectorchain_relational,validation,128,regime_change,ok,21,2688,1.3810437453388509,2.0308049226458844,16.857142857142858,0.0,0.0,0.0,1.0,1.0,4.0,28.0,224.0,43.95238095238095,87,0.0022697,1.0
1488991049205644303,4,fixed_relational,validation,128,second_order_response,ok,17,2176,2.119568065689602e+28,5.395578337333655e+28,33.529411764705884,0.4117647058823529,0.4117647058823529,0.4117647058823529,1.0,1.0,4.0,28.0,224.0,37.0,87,0.0025378,5.69106927160677e-30
1488991049205644303,4,persistence,validation,128,second_order_response,ok,17,2176,0.06675253226397725,0.09757381062536953,0.0,0.0,0.0,0.0,1.0,1.0,1.0,1.0,8.0,1.0,0,4.9e-06,1.807063833926587
1488991049205644303,4,raw_ar,validation,128,second_order_response,ok,17,2176,0.04918523398661851,0.06921538027219436,0.0,0.0,0.0,0.0,1.0,1.0,28.0,28.0,224.0,28.0,29,0.0079348,2.4524857787617487
1488991049205644303,4,raw_matched,validation,128,second_order_response,ok,17,2176,29.55997796920715,35.47374343989589,27.352941176470587,0.35294117647058826,0.35294117647058826,0.35294117647058826,1.0,1.0,28.0,28.0,224.0,28.0,87,0.0016958,0.004080723165724548
1488991049205644303,4,vectorchain_absolute,validation,128,second_order_response,ok,17,2176,0.1206248115147256,0.19738598480257563,17.0,0.0,0.0,0.0,1.0,1.0,4.0,20.0,160.0,52.8235294117647,63,0.0022156,1.0000105729700988
1488991049205644303,4,vectorchain_cartesian,validation,128,second_order_response,ok,17,2176,0.12108087685839569,0.19496257512268766,17.0,0.0,0.0,0.0,1.0,1.0,4.0,12.0,96.0,52.8235294117647,39,0.0022132,0.9962439156954846
1488991049205644303,4,vectorchain_relational,validation,128,second_order_response,ok,17,2176,0.12062608687725092,0.19742680091955098,17.0,0.0,0.0,0.0,1.0,1.0,4.0,28.0,224.0,52.8235294117647,87,0.0022456,1.0
1488991049205644303,4,fixed_relational,validation,128,sine,ok,12,1536,7.308690094096322e+30,2.2080344175922975e+31,26.166666666666668,0.16666666666666666,0.16666666666666666,0.16666666666666666,1.0,1.0,4.0,28.0,224.0,37.0,87,0.0019981,5.150347724591277e-32
1488991049205644303,4,persistence,validation,128,sine,ok,12,1536,0.47912594260084757,0.7693231030115572,0.0,0.0,0.0,0.0,1.0,1.0,1.0,1.0,8.0,1.0,0,7.8e-06,0.7856451101674329
1488991049205644303,4,raw_ar,validation,128,sine,ok,12,1536,0.2794903319917852,0.5078306554831825,0.0,0.0,0.0,0.0,1.0,1.0,28.0,28.0,224.0,28.0,29,0.00807145,1.3468192308340092
1488991049205644303,4,raw_matched,validation,128,sine,ok,12,1536,23.750921156332787,25.408498111395875,21.25,0.16666666666666666,0.16666666666666666,0.16666666666666666,1.0,1.0,28.0,28.0,224.0,28.0,87,0.001629,0.01584877283205292
1488991049205644303,4,vectorchain_absolute,validation,128,sine,ok,12,1536,0.3763886231064423,0.6290114638215815,17.0,0.0,0.0,0.0,1.0,1.0,4.0,20.0,160.0,71.66666666666667,63,0.0022439,1.000091211184845
1488991049205644303,4,vectorchain_cartesian,validation,128,sine,ok,12,1536,0.37877905974942006,0.6268940967486064,17.0,0.0,0.0,0.0,1.0,1.0,4.0,12.0,96.0,71.66666666666667,39,0.00225485,0.9937797358907308
1488991049205644303,4,vectorchain_relational,validation,128,sine,ok,12,1536,0.376422953958718,0.6290610919833869,17.0,0.0,0.0,0.0,1.0,1.0,4.0,28.0,224.0,71.66666666666667,87,0.0022757999999999997,1.0
1488991049205644303,8,fixed_relational,test,16,chirp,ok,10,160,0.13372592465286567,0.1978724007618968,47.5,0.7,0.7,0.7,1.0,1.0,8.0,56.0,448.0,73.0,171,0.00301865,0.9157311200505978
1488991049205644303,8,persistence,test,16,chirp,ok,10,160,0.15802218711652793,0.2429673809370178,0.0,0.0,0.0,0.0,1.0,1.0,1.0,1.0,8.0,1.0,0,7.899999999999999e-06,0.7749354251872802
1488991049205644303,8,raw_ar,test,16,chirp,ok,10,160,0.041574344609718344,0.05972330420147065,0.0,0.0,0.0,0.0,1.0,1.0,56.0,56.0,448.0,56.0,57,0.00962045,2.9454941962824157
1488991049205644303,8,raw_matched,test,16,chirp,ok,10,160,0.25375979517206854,0.30038157204018884,12.3,0.3,0.5,0.6,1.0,1.0,56.0,56.0,448.0,56.0,171,0.00157055,0.4825704981324379
1488991049205644303,8,vectorchain_absolute,test,16,chirp,ok,10,160,0.12247706380337488,0.166981090341922,16.8,0.0,0.0,0.0,1.0,1.0,8.0,40.0,320.0,110.3,123,0.0025047999999999997,0.9998361077529048
1488991049205644303,8,vectorchain_cartesian,test,16,chirp,ok,10,160,0.12960327503862823,0.17124728729641056,16.6,0.0,0.0,0.0,1.0,1.0,8.0,24.0,192.0,110.3,75,0.00248745,0.9448603110197041
1488991049205644303,8,vectorchain_relational,test,16,chirp,ok,10,160,0.12245699076217052,0.1669801496060171,16.8,0.0,0.0,0.0,1.0,1.0,8.0,56.0,448.0,110.3,171,0.0025719999999999996,1.0
1488991049205644303,8,fixed_relational,test,16,first_order_response,ok,13,208,0.021755973285134532,0.0244982290875187,24.076923076923077,0.23076923076923078,0.23076923076923078,0.23076923076923078,1.0,1.0,8.0,56.0,448.0,73.0,171,0.0027514,0.9864951760429451
1488991049205644303,8,persistence,test,16,first_order_response,ok,13,208,0.02098453023051478,0.019332759268590998,0.0,0.0,0.0,0.0,1.0,1.0,1.0,1.0,8.0,1.0,0,7.6e-06,1.0227611702593689
1488991049205644303,8,raw_ar,test,16,first_order_response,ok,13,208,0.01669006817607733,0.017405570737479503,0.0,0.0,0.0,0.0,1.0,1.0,56.0,56.0,448.0,56.0,57,0.0096212,1.2859242077073803
1488991049205644303,8,raw_matched,test,16,first_order_response,ok,13,208,0.03991529374713373,0.05396364161574275,19.923076923076923,0.3076923076923077,0.3076923076923077,0.3076923076923077,1.0,1.0,56.0,56.0,448.0,56.0,171,0.002024,0.5376927157762824
1488991049205644303,8,vectorchain_absolute,test,16,first_order_response,ok,13,208,0.02147199497663003,0.016239677694787368,16.384615384615383,0.0,0.0,0.0,1.0,1.0,8.0,40.0,320.0,88.07692307692308,123,0.0023464,0.9995420881601206
1488991049205644303,8,vectorchain_cartesian,test,16,first_order_response,ok,13,208,0.023327025626154338,0.023444462383934137,16.53846153846154,0.0,0.0,0.0,1.0,1.0,8.0,24.0,192.0,88.07692307692308,75,0.0023779,0.9200556916198074
1488991049205644303,8,vectorchain_relational,test,16,first_order_response,ok,13,208,0.0214621626959044,0.016232085956852875,16.384615384615383,0.0,0.0,0.0,1.0,1.0,8.0,56.0,448.0,88.07692307692308,171,0.0023613,1.0
1488991049205644303,8,fixed_relational,test,16,piecewise_linear,ok,11,176,0.022039744096345484,0.021862535518224157,47.18181818181818,0.9090909090909091,0.9090909090909091,0.9090909090909091,1.0,1.0,8.0,56.0,448.0,73.0,171,0.0072043,1.3147219901340876
1488991049205644303,8,persistence,test,16,piecewise_linear,ok,11,176,0.02188211500447,0.02239982817938652,0.0,0.0,0.0,0.0,1.0,1.0,1.0,1.0,8.0,1.0,0,7.8e-06,1.3241926666811779
1488991049205644303,8,raw_ar,test,16,piecewise_linear,ok,11,176,0.014908103758385305,0.01398928952500928,0.0,0.0,0.0,0.0,1.0,1.0,56.0,56.0,448.0,56.0,57,0.0097839,1.9436500235045149
1488991049205644303,8,raw_matched,test,16,piecewise_linear,ok,11,176,0.026186981116289223,0.03282318098587114,30.454545454545453,0.5454545454545454,0.5454545454545454,0.5454545454545454,1.0,1.0,56.0,56.0,448.0,56.0,171,0.0024775,1.10650922653964
1488991049205644303,8,vectorchain_absolute,test,16,piecewise_linear,ok,11,176,0.02900684189288529,0.03544638338432905,17.0,0.0,0.0,0.0,1.0,1.0,8.0,40.0,320.0,114.0909090909091,123,0.0024392,0.9989414334519652
1488991049205644303,8,vectorchain_cartesian,test,16,piecewise_linear,ok,11,176,0.029285245003077564,0.03351835964854196,17.0,0.0,0.0,0.0,1.0,1.0,8.0,24.0,192.0,114.0909090909091,75,0.0025011,0.989444896819141
1488991049205644303,8,vectorchain_relational,test,16,piecewise_linear,ok,11,176,0.028976136220393345,0.0353964941651239,17.0,0.0,0.0,0.0,1.0,1.0,8.0,56.0,448.0,114.0909090909091,171,0.0024656,1.0
1488991049205644303,8,fixed_relational,test,16,ramp,ok,8,128,0.014180448674552381,0.013140973956594137,19.125,0.125,0.125,0.125,1.0,1.0,8.0,56.0,448.0,73.0,171,0.00278665,1.6556365319788586
1488991049205644303,8,persistence,test,16,ramp,ok,8,128,0.022179924084557504,0.028594851319767314,0.0,0.0,0.0,0.0,1.0,1.0,1.0,1.0,8.0,1.0,0,8.5e-06,1.0585098838001046
1488991049205644303,8,raw_ar,test,16,ramp,ok,8,128,0.013571156168055536,0.02066402334966154,0.0,0.0,0.0,0.0,1.0,1.0,56.0,56.0,448.0,56.0,57,0.0097099,1.7299682189718673
1488991049205644303,8,raw_matched,test,16,ramp,ok,8,128,0.021974874787379976,0.027791837433316105,22.75,0.5,0.5,0.5,1.0,1.0,56.0,56.0,448.0,56.0,171,0.0025122499999999997,1.068386923365915
1488991049205644303,8,vectorchain_absolute,test,16,ramp,ok,8,128,0.023465571967034277,0.029985186521771776,16.875,0.0,0.0,0.0,1.0,1.0,8.0,40.0,320.0,138.5,123,0.0025126,1.0005155168782087
1488991049205644303,8,vectorchain_cartesian,test,16,ramp,ok,8,128,0.02968639900011275,0.03580476946777131,16.875,0.0,0.0,0.0,1.0,1.0,8.0,24.0,192.0,138.5,75,0.0025184,0.7908560706655913
1488991049205644303,8,vectorchain_relational,test,16,ramp,ok,8,128,0.023477668865440105,0.029993300239510898,16.875,0.0,0.0,0.0,1.0,1.0,8.0,56.0,448.0,138.5,171,0.0025376,1.0
1488991049205644303,8,fixed_relational,test,16,regime_change,ok,17,272,0.9399702034034744,1.302023149103296,57.11764705882353,0.8823529411764706,0.8823529411764706,0.8823529411764706,1.0,1.0,8.0,56.0,448.0,73.0,171,0.0040444,0.13091786619167994
1488991049205644303,8,persistence,test,16,regime_change,ok,17,272,0.17598510032635448,0.2767790814638719,0.0,0.0,0.0,0.0,1.0,1.0,1.0,1.0,8.0,1.0,0,7.8e-06,0.6992574546659714
1488991049205644303,8,raw_ar,test,16,regime_change,ok,17,272,0.04769448106750061,0.0743411684577796,0.0,0.0,0.0,0.0,1.0,1.0,56.0,56.0,448.0,56.0,57,0.0098962,2.58014953845877
1488991049205644303,8,raw_matched,test,16,regime_change,ok,17,272,0.3510320439539268,0.43741066056407774,17.0,0.4117647058823529,0.6470588235294118,0.5294117647058824,1.0,1.0,56.0,56.0,448.0,56.0,171,0.001958,0.3505631335739076
1488991049205644303,8,vectorchain_absolute,test,16,regime_change,ok,17,272,0.12307726348557413,0.17999594429782567,16.235294117647058,0.0,0.0,0.0,1.0,1.0,8.0,40.0,320.0,69.23529411764706,123,0.002505,0.9998507427634347
1488991049205644303,8,vectorchain_cartesian,test,16,regime_change,ok,17,272,0.12190376265004625,0.17694865759221368,16.11764705882353,0.0,0.0,0.0,1.0,1.0,8.0,24.0,192.0,69.23529411764706,75,0.0025088,1.009475758895253
1488991049205644303,8,vectorchain_relational,test,16,regime_change,ok,17,272,0.12305889331334224,0.17998699884128383,16.235294117647058,0.0,0.0,0.0,1.0,1.0,8.0,56.0,448.0,69.23529411764706,171,0.0025131,1.0
1488991049205644303,8,fixed_relational,test,16,second_order_response,ok,12,192,0.02534099488159258,0.03201055174142945,35.0,0.5,0.5,0.5833333333333334,1.0,1.0,8.0,56.0,448.0,73.0,171,0.004094550000000001,0.9317401048675686
1488991049205644303,8,persistence,test,16,second_order_response,ok,12,192,0.017413373132727592,0.01626392237583067,0.0,0.0,0.0,0.0,1.0,1.0,1.0,1.0,8.0,1.0,0,5.45e-06,1.3559246131381313
1488991049205644303,8,raw_ar,test,16,second_order_response,ok,12,192,0.015601416393824305,0.015996565925589262,0.0,0.0,0.0,0.0,1.0,1.0,56.0,56.0,448.0,56.0,57,0.00932265,1.513402413755837
1488991049205644303,8,raw_matched,test,16,second_order_response,ok,12,192,0.03324725580739218,0.042769451524135686,19.083333333333332,0.5,0.5,0.5,1.0,1.0,56.0,56.0,448.0,56.0,171,0.00214615,0.7101705285154357
1488991049205644303,8,vectorchain_absolute,test,16,second_order_response,ok,12,192,0.023618101902178782,0.02825170507170362,16.666666666666668,0.0,0.0,0.0,1.0,1.0,8.0,40.0,320.0,105.66666666666667,123,0.00236485,0.9997086694864943
1488991049205644303,8,vectorchain_cartesian,test,16,second_order_response,ok,12,192,0.0236105022870033,0.029684590626745045,16.833333333333332,0.0,0.0,0.0,1.0,1.0,8.0,24.0,192.0,105.66666666666667,75,0.00247265,1.0000304500688528
1488991049205644303,8,vectorchain_relational,test,16,second_order_response,ok,12,192,0.02361122122842359,0.028254948571107368,16.666666666666668,0.0,0.0,0.0,1.0,1.0,8.0,56.0,448.0,105.66666666666667,171,0.0024142499999999997,1.0
1488991049205644303,8,fixed_relational,test,16,sine,ok,12,192,0.03531334522905819,0.04268646627042711,68.16666666666667,0.9166666666666666,0.9166666666666666,0.9166666666666666,1.0,1.0,8.0,56.0,448.0,73.0,171,0.0102836,1.398689984756491
1488991049205644303,8,persistence,test,16,sine,ok,12,192,0.06891019893866987,0.10231958614165554,0.0,0.0,0.0,0.0,1.0,1.0,1.0,1.0,8.0,1.0,0,7.7e-06,0.7167650516303313
1488991049205644303,8,raw_ar,test,16,sine,ok,12,192,0.018362464607506086,0.01652322800213547,0.0,0.0,0.0,0.0,1.0,1.0,56.0,56.0,448.0,56.0,57,0.009584849999999999,2.6898579986883573
1488991049205644303,8,raw_matched,test,16,sine,ok,12,192,0.06980844723453236,0.09003792217854835,15.583333333333334,0.5833333333333334,0.75,0.5833333333333334,1.0,1.0,56.0,56.0,448.0,56.0,171,0.00183015,0.7075421995018822
1488991049205644303,8,vectorchain_absolute,test,16,sine,ok,12,192,0.04940411156760388,0.05589738288767862,16.666666666666668,0.0,0.0,0.0,1.0,1.0,8.0,40.0,320.0,105.08333333333333,123,0.002365,0.9997633948450673
1488991049205644303,8,vectorchain_cartesian,test,16,sine,ok,12,192,0.050931880821500276,0.06086736693017048,16.75,0.0,0.0,0.0,1.0,1.0,8.0,24.0,192.0,105.08333333333333,75,0.0024383499999999997,0.9697741670533734
1488991049205644303,8,vectorchain_relational,test,16,sine,ok,12,192,0.04939242230013211,0.055890423657830535,16.666666666666668,0.0,0.0,0.0,1.0,1.0,8.0,56.0,448.0,105.08333333333333,171,0.00239475,1.0
1488991049205644303,8,fixed_relational,test,64,chirp,ok,10,640,8080784877393917.0,2.2441696596896788e+16,47.5,0.7,0.7,0.7,1.0,1.0,8.0,56.0,448.0,73.0,171,0.00301865,6.771014531953134e-17
1488991049205644303,8,persistence,test,64,chirp,ok,10,640,0.606338039895822,0.9343548872770858,0.0,0.0,0.0,0.0,1.0,1.0,1.0,1.0,8.0,1.0,0,7.899999999999999e-06,0.9023862636726901
1488991049205644303,8,raw_ar,test,64,chirp,ok,10,640,0.2720706392387395,0.4944643205285897,0.0,0.0,0.0,0.0,1.0,1.0,56.0,56.0,448.0,56.0,57,0.00962045,2.01106271472422
1488991049205644303,8,raw_matched,test,64,chirp,ok,10,640,3.731229627573504,3.998268461410465,12.3,0.3,0.5,0.6,1.0,1.0,56.0,56.0,448.0,56.0,171,0.00157055,0.14664096637226723
1488991049205644303,8,vectorchain_absolute,test,64,chirp,ok,10,640,0.5471872245882526,0.896530146617583,16.8,0.0,0.0,0.0,1.0,1.0,8.0,40.0,320.0,110.3,123,0.0025047999999999997,0.9999340148263395
1488991049205644303,8,vectorchain_cartesian,test,64,chirp,ok,10,640,0.5309500760574749,0.8739773029257492,16.6,0.0,0.0,0.0,1.0,1.0,8.0,24.0,192.0,110.3,75,0.00248745,1.0305133062736105
1488991049205644303,8,vectorchain_relational,test,64,chirp,ok,10,640,0.5471511183442134,0.8965215096198718,16.8,0.0,0.0,0.0,1.0,1.0,8.0,56.0,448.0,110.3,171,0.0025719999999999996,1.0
1488991049205644303,8,fixed_relational,test,64,first_order_response,ok,13,832,0.10714584573601083,0.21821374314844913,24.076923076923077,0.23076923076923078,0.23076923076923078,0.23076923076923078,1.0,1.0,8.0,56.0,448.0,73.0,171,0.0027514,0.5287066700154104
1488991049205644303,8,persistence,test,64,first_order_response,ok,13,832,0.020405790471744505,0.019288414471539693,0.0,0.0,0.0,0.0,1.0,1.0,1.0,1.0,8.0,1.0,0,7.6e-06,2.7761102116338745
1488991049205644303,8,raw_ar,test,64,first_order_response,ok,13,832,0.03256634487510509,0.04698250700712173,0.0,0.0,0.0,0.0,1.0,1.0,56.0,56.0,448.0,56.0,57,0.0096212,1.7394866854823339
1488991049205644303,8,raw_matched,test,64,first_order_response,ok,13,832,0.27986956641222477,0.5019310870892053,19.923076923076923,0.3076923076923077,0.3076923076923077,0.3076923076923077,1.0,1.0,56.0,56.0,448.0,56.0,171,0.002024,0.20241115899551668
1488991049205644303,8,vectorchain_absolute,test,64,first_order_response,ok,13,832,0.056637807468498814,0.09587818060053621,16.384615384615383,0.0,0.0,0.0,1.0,1.0,8.0,40.0,320.0,88.07692307692308,123,0.0023464,1.0001927305639151
1488991049205644303,8,vectorchain_cartesian,test,64,first_order_response,ok,13,832,0.06629123277624818,0.10561170622203118,16.53846153846154,0.0,0.0,0.0,1.0,1.0,8.0,24.0,192.0,88.07692307692308,75,0.0023779,0.8545432168425158
1488991049205644303,8,vectorchain_relational,test,64,first_order_response,ok,13,832,0.05664872330507114,0.09591320925330707,16.384615384615383,0.0,0.0,0.0,1.0,1.0,8.0,56.0,448.0,88.07692307692308,171,0.0023613,1.0
1488991049205644303,8,fixed_relational,test,64,piecewise_linear,ok,11,704,0.1772383400928725,0.38164211609385307,47.18181818181818,0.9090909090909091,0.9090909090909091,0.9090909090909091,1.0,1.0,8.0,56.0,448.0,73.0,171,0.0072043,0.28541967993653383
1488991049205644303,8,persistence,test,64,piecewise_linear,ok,11,704,0.04985501663483213,0.07997031939055868,0.0,0.0,0.0,0.0,1.0,1.0,1.0,1.0,8.0,1.0,0,7.8e-06,1.0146884650008607
1488991049205644303,8,raw_ar,test,64,piecewise_linear,ok,11,704,0.029895423367429067,0.04843036643778353,0.0,0.0,0.0,0.0,1.0,1.0,56.0,56.0,448.0,56.0,57,0.0097839,1.6921422948271359
1488991049205644303,8,raw_matched,test,64,piecewise_linear,ok,11,704,0.5887897485808202,1.0837769098917898,30.454545454545453,0.5454545454545454,0.5454545454545454,0.5454545454545454,1.0,1.0,56.0,56.0,448.0,56.0,171,0.0024775,0.08591744408546939
1488991049205644303,8,vectorchain_absolute,test,64,piecewise_linear,ok,11,704,0.05062492582894181,0.052512116890375694,17.0,0.0,0.0,0.0,1.0,1.0,8.0,40.0,320.0,114.0909090909091,123,0.0024392,0.9992569761528399
1488991049205644303,8,vectorchain_cartesian,test,64,piecewise_linear,ok,11,704,0.05005395089712974,0.05310228961804319,17.0,0.0,0.0,0.0,1.0,1.0,8.0,24.0,192.0,114.0909090909091,75,0.0025011,1.0106556904120638
1488991049205644303,8,vectorchain_relational,test,64,piecewise_linear,ok,11,704,0.0505873103017902,0.05248009855708627,17.0,0.0,0.0,0.0,1.0,1.0,8.0,56.0,448.0,114.0909090909091,171,0.0024656,1.0
1488991049205644303,8,fixed_relational,test,64,ramp,ok,8,512,0.04534621825531154,0.08658924539095539,19.125,0.125,0.125,0.125,1.0,1.0,8.0,56.0,448.0,73.0,171,0.00278665,1.507355818351139
1488991049205644303,8,persistence,test,64,ramp,ok,8,512,0.032838783405257393,0.04341511865884688,0.0,0.0,0.0,0.0,1.0,1.0,1.0,1.0,8.0,1.0,0,8.5e-06,2.081468277427762
1488991049205644303,8,raw_ar,test,64,ramp,ok,8,512,0.0319579328777085,0.05215554947886075,0.0,0.0,0.0,0.0,1.0,1.0,56.0,56.0,448.0,56.0,57,0.0097099,2.13883939830922
1488991049205644303,8,raw_matched,test,64,ramp,ok,8,512,0.1376100472470183,0.28625355321806284,22.75,0.5,0.5,0.5,1.0,1.0,56.0,56.0,448.0,56.0,171,0.0025122499999999997,0.49671435549082366
1488991049205644303,8,vectorchain_absolute,test,64,ramp,ok,8,512,0.0683055320081916,0.09823634292413058,16.875,0.0,0.0,0.0,1.0,1.0,8.0,40.0,320.0,138.5,123,0.0025126,1.0006932662374581
1488991049205644303,8,vectorchain_cartesian,test,64,ramp,ok,8,512,0.08835410747540903,0.1128401258374592,16.875,0.0,0.0,0.0,1.0,1.0,8.0,24.0,192.0,138.5,75,0.0025184,0.7736243156141741
1488991049205644303,8,vectorchain_relational,test,64,ramp,ok,8,512,0.06835288592736449,0.09827692350135343,16.875,0.0,0.0,0.0,1.0,1.0,8.0,56.0,448.0,138.5,171,0.0025376,1.0
1488991049205644303,8,fixed_relational,test,64,regime_change,ok,17,1088,3.976809490587731e+19,1.0244995328133734e+20,57.11764705882353,0.8823529411764706,0.8823529411764706,0.8823529411764706,1.0,1.0,8.0,56.0,448.0,73.0,171,0.0040444,1.2715324902169193e-20
1488991049205644303,8,persistence,test,64,regime_change,ok,17,1088,0.646500205417037,0.9557102081639293,0.0,0.0,0.0,0.0,1.0,1.0,1.0,1.0,8.0,1.0,0,7.8e-06,0.7821563600932523
1488991049205644303,8,raw_ar,test,64,regime_change,ok,17,1088,0.3225224745554275,0.5918126228087376,0.0,0.0,0.0,0.0,1.0,1.0,56.0,56.0,448.0,56.0,57,0.0098962,1.5678418943224002
1488991049205644303,8,raw_matched,test,64,regime_change,ok,17,1088,2.3845646868858017,3.2305318116949295,17.0,0.4117647058823529,0.6470588235294118,0.5294117647058824,1.0,1.0,56.0,56.0,448.0,56.0,171,0.001958,0.21205725734742717
1488991049205644303,8,vectorchain_absolute,test,64,regime_change,ok,17,1088,0.5056691919315393,0.7970033785827622,16.235294117647058,0.0,0.0,0.0,1.0,1.0,8.0,40.0,320.0,69.23529411764706,123,0.002505,0.9999902219413629
1488991049205644303,8,vectorchain_cartesian,test,64,regime_change,ok,17,1088,0.5007884754352449,0.7913239887165346,16.11764705882353,0.0,0.0,0.0,1.0,1.0,8.0,24.0,192.0,69.23529411764706,75,0.0025088,1.009736190572371
1488991049205644303,8,vectorchain_relational,test,64,regime_change,ok,17,1088,0.5056642474685296,0.7970317778459098,16.235294117647058,0.0,0.0,0.0,1.0,1.0,8.0,56.0,448.0,69.23529411764706,171,0.0025131,1.0
1488991049205644303,8,fixed_relational,test,64,second_order_response,ok,12,768,0.17767447541705003,0.32599219965919596,35.0,0.5,0.5,0.5833333333333334,1.0,1.0,8.0,56.0,448.0,73.0,171,0.004094550000000001,0.2860036955834918
1488991049205644303,8,persistence,test,64,second_order_response,ok,12,768,0.024010018974325226,0.03014125757827063,0.0,0.0,0.0,0.0,1.0,1.0,1.0,1.0,8.0,1.0,0,5.45e-06,2.116431337870806
1488991049205644303,8,raw_ar,test,64,second_order_response,ok,12,768,0.031171951909378173,0.04547360456426753,0.0,0.0,0.0,0.0,1.0,1.0,56.0,56.0,448.0,56.0,57,0.00932265,1.6301692216086914
1488991049205644303,8,raw_matched,test,64,second_order_response,ok,12,768,0.6901297262188382,0.8212729232667627,19.083333333333332,0.5,0.5,0.5,1.0,1.0,56.0,56.0,448.0,56.0,171,0.00214615,0.07363189071502349
1488991049205644303,8,vectorchain_absolute,test,64,second_order_response,ok,12,768,0.050796491191510175,0.059205901839899794,16.666666666666668,0.0,0.0,0.0,1.0,1.0,8.0,40.0,320.0,105.66666666666667,123,0.00236485,1.0003753288500288
1488991049205644303,8,vectorchain_cartesian,test,64,second_order_response,ok,12,768,0.060700854367152494,0.07669864831007701,16.833333333333332,0.0,0.0,0.0,1.0,1.0,8.0,24.0,192.0,105.66666666666667,75,0.00247265,0.8371473039370065
1488991049205644303,8,vectorchain_relational,test,64,second_order_response,ok,12,768,0.05081555658013458,0.05921215810079914,16.666666666666668,0.0,0.0,0.0,1.0,1.0,8.0,56.0,448.0,105.66666666666667,171,0.0024142499999999997,1.0
1488991049205644303,8,fixed_relational,test,64,sine,ok,12,768,66998395.78639487,143254586.65757194,68.16666666666667,0.9166666666666666,0.9166666666666666,0.9166666666666666,1.0,1.0,8.0,56.0,448.0,73.0,171,0.0102836,1.8854458660420995e-09
1488991049205644303,8,persistence,test,64,sine,ok,12,768,0.23575781259743697,0.35327184144984775,0.0,0.0,0.0,0.0,1.0,1.0,1.0,1.0,8.0,1.0,0,7.7e-06,0.535811929094408
1488991049205644303,8,raw_ar,test,64,sine,ok,12,768,0.06367533389284717,0.10570884487020538,0.0,0.0,0.0,0.0,1.0,1.0,56.0,56.0,448.0,56.0,57,0.009584849999999999,1.9838427322499006
1488991049205644303,8,raw_matched,test,64,sine,ok,12,768,1.1183604546398087,1.874624440230039,15.583333333333334,0.5833333333333334,0.75,0.5833333333333334,1.0,1.0,56.0,56.0,448.0,56.0,171,0.00183015,0.11295271380781718
1488991049205644303,8,vectorchain_absolute,test,64,sine,ok,12,768,0.12633149805841437,0.16544076307730538,16.666666666666668,0.0,0.0,0.0,1.0,1.0,8.0,40.0,320.0,105.08333333333333,123,0.002365,0.9999236161080012
1488991049205644303,8,vectorchain_cartesian,test,64,sine,ok,12,768,0.13233494571970497,0.177308023881571,16.75,0.0,0.0,0.0,1.0,1.0,8.0,24.0,192.0,105.08333333333333,75,0.0024383499999999997,0.9545615308179404
1488991049205644303,8,vectorchain_relational,test,64,sine,ok,12,768,0.12632184836691063,0.1654514280560129,16.666666666666668,0.0,0.0,0.0,1.0,1.0,8.0,56.0,448.0,105.08333333333333,171,0.00239475,1.0
1488991049205644303,8,fixed_relational,test,128,chirp,ok,10,1280,6.413605785694885e+42,2.51894915461575e+43,47.5,0.7,0.7,0.7,1.0,1.0,8.0,56.0,448.0,73.0,171,0.00301865,1.7478386021612778e-43
1488991049205644303,8,persistence,test,128,chirp,ok,10,1280,1.001203472886948,1.2338113611295694,0.0,0.0,0.0,0.0,1.0,1.0,1.0,1.0,8.0,1.0,0,7.899999999999999e-06,1.1196473119453725
1488991049205644303,8,raw_ar,test,128,chirp,ok,10,1280,0.7227900364257455,1.1281045497496416,0.0,0.0,0.0,0.0,1.0,1.0,56.0,56.0,448.0,56.0,57,0.00962045,1.5509272688257463
1488991049205644303,8,raw_matched,test,128,chirp,ok,10,1280,6.43062942213606,6.747299945798238,12.3,0.3,0.5,0.6,1.0,1.0,56.0,56.0,448.0,56.0,171,0.00157055,0.1743211594917069
1488991049205644303,8,vectorchain_absolute,test,128,chirp,ok,10,1280,1.1210096301928554,1.4659826038325812,16.8,0.0,0.0,0.0,1.0,1.0,8.0,40.0,320.0,110.3,123,0.0025047999999999997,0.9999867502792017
1488991049205644303,8,vectorchain_cartesian,test,128,chirp,ok,10,1280,1.0934420860298673,1.4476698266100363,16.6,0.0,0.0,0.0,1.0,1.0,8.0,24.0,192.0,110.3,75,0.00248745,1.0251981256715805
1488991049205644303,8,vectorchain_relational,test,128,chirp,ok,10,1280,1.1209947771282431,1.4659919484479358,16.8,0.0,0.0,0.0,1.0,1.0,8.0,56.0,448.0,110.3,171,0.0025719999999999996,1.0
1488991049205644303,8,fixed_relational,test,128,first_order_response,ok,13,1664,1227028173312.9531,3569733884780.704,24.076923076923077,0.23076923076923078,0.23076923076923078,0.23076923076923078,1.0,1.0,8.0,56.0,448.0,73.0,171,0.0027514,1.184965044318958e-13
1488991049205644303,8,persistence,test,128,first_order_response,ok,13,1664,0.019582999610614008,0.01717925044749578,0.0,0.0,0.0,0.0,1.0,1.0,1.0,1.0,8.0,1.0,0,7.6e-06,7.42473330276906
1488991049205644303,8,raw_ar,test,128,first_order_response,ok,13,1664,0.049985161362390715,0.06661960297318605,0.0,0.0,0.0,0.0,1.0,1.0,56.0,56.0,448.0,56.0,57,0.0096212,2.9088342502868967
1488991049205644303,8,raw_matched,test,128,first_order_response,ok,13,1664,3.412685790610266,7.482662359102613,19.923076923076923,0.3076923076923077,0.3076923076923077,0.3076923076923077,1.0,1.0,56.0,56.0,448.0,56.0,171,0.002024,0.042605313907624294
1488991049205644303,8,vectorchain_absolute,test,128,first_order_response,ok,13,1664,0.14535311202863904,0.26888819777303197,16.384615384615383,0.0,0.0,0.0,1.0,1.0,8.0,40.0,320.0,88.07692307692308,123,0.0023464,1.0003125997631985
1488991049205644303,8,vectorchain_cartesian,test,128,first_order_response,ok,13,1664,0.15672334904633203,0.2810866864529413,16.53846153846154,0.0,0.0,0.0,1.0,1.0,8.0,24.0,192.0,88.07692307692308,75,0.0023779,0.9277401884390262
1488991049205644303,8,vectorchain_relational,test,128,first_order_response,ok,13,1664,0.14539854937703936,0.26898024247745156,16.384615384615383,0.0,0.0,0.0,1.0,1.0,8.0,56.0,448.0,88.07692307692308,171,0.0023613,1.0
1488991049205644303,8,fixed_relational,test,128,piecewise_linear,ok,11,1408,1.0761894245727462e+21,3.399549250287386e+21,47.18181818181818,0.9090909090909091,0.9090909090909091,0.9090909090909091,1.0,1.0,8.0,56.0,448.0,73.0,171,0.0072043,7.74153891273666e-23
1488991049205644303,8,persistence,test,128,piecewise_linear,ok,11,1408,0.09574316525585239,0.16660215237152023,0.0,0.0,0.0,0.0,1.0,1.0,1.0,1.0,8.0,1.0,0,7.8e-06,0.8701782822347549
1488991049205644303,8,raw_ar,test,128,piecewise_linear,ok,11,1408,0.054738855015802244,0.07991820077180399,0.0,0.0,0.0,0.0,1.0,1.0,56.0,56.0,448.0,56.0,57,0.0097839,1.5220198349783636
1488991049205644303,8,raw_matched,test,128,piecewise_linear,ok,11,1408,37.165806721693684,60.307533170909636,30.454545454545453,0.5454545454545454,0.5454545454545454,0.5454545454545454,1.0,1.0,56.0,56.0,448.0,56.0,171,0.0024775,0.0022416740124041414
1488991049205644303,8,vectorchain_absolute,test,128,piecewise_linear,ok,11,1408,0.08330530821193022,0.13401474859004756,17.0,0.0,0.0,0.0,1.0,1.0,8.0,40.0,320.0,114.0909090909091,123,0.0024392,1.0000998119604159
1488991049205644303,8,vectorchain_cartesian,test,128,piecewise_linear,ok,11,1408,0.07910317504144168,0.12197020171577012,17.0,0.0,0.0,0.0,1.0,1.0,8.0,24.0,192.0,114.0909090909091,75,0.0025011,1.0532272950410446
1488991049205644303,8,vectorchain_relational,test,128,piecewise_linear,ok,11,1408,0.0833136230780559,0.1340954399595794,17.0,0.0,0.0,0.0,1.0,1.0,8.0,56.0,448.0,114.0909090909091,171,0.0024656,1.0
1488991049205644303,8,fixed_relational,test,128,ramp,ok,8,1024,4.468866294413103,16.720247972337177,19.125,0.125,0.125,0.125,1.0,1.0,8.0,56.0,448.0,73.0,171,0.00278665,0.032949315317889076
1488991049205644303,8,persistence,test,128,ramp,ok,8,1024,0.0493605121163213,0.07388738538648111,0.0,0.0,0.0,0.0,1.0,1.0,1.0,1.0,8.0,1.0,0,8.5e-06,2.98307449284782
1488991049205644303,8,raw_ar,test,128,ramp,ok,8,1024,0.05839135583661433,0.08601987560362442,0.0,0.0,0.0,0.0,1.0,1.0,56.0,56.0,448.0,56.0,57,0.0097099,2.521710320618606
1488991049205644303,8,raw_matched,test,128,ramp,ok,8,1024,4.12758296755739,9.117075286330081,22.75,0.5,0.5,0.5,1.0,1.0,56.0,56.0,448.0,56.0,171,0.0025122499999999997,0.03567368258989612
1488991049205644303,8,vectorchain_absolute,test,128,ramp,ok,8,1024,0.1471843540506706,0.2580477445239574,16.875,0.0,0.0,0.0,1.0,1.0,8.0,40.0,320.0,138.5,123,0.0025126,1.0004194100509622
1488991049205644303,8,vectorchain_cartesian,test,128,ramp,ok,8,1024,0.16988086054573331,0.2821603833326904,16.875,0.0,0.0,0.0,1.0,1.0,8.0,24.0,192.0,138.5,75,0.0025184,0.8667608827450224
1488991049205644303,8,vectorchain_relational,test,128,ramp,ok,8,1024,0.14724608464810385,0.2581213434905481,16.875,0.0,0.0,0.0,1.0,1.0,8.0,56.0,448.0,138.5,171,0.0025376,1.0
1488991049205644303,8,fixed_relational,test,128,regime_change,ok,17,2176,3.1563379980088115e+46,1.1499407909139996e+47,57.11764705882353,0.8823529411764706,0.8823529411764706,0.8823529411764706,1.0,1.0,8.0,56.0,448.0,73.0,171,0.0040444,2.983524557722214e-47
1488991049205644303,8,persistence,test,128,regime_change,ok,17,2176,0.9981478357182132,1.1732872684446711,0.0,0.0,0.0,0.0,1.0,1.0,1.0,1.0,8.0,1.0,0,7.8e-06,0.9434486147791008
1488991049205644303,8,raw_ar,test,128,regime_change,ok,17,2176,0.8897641586523268,1.4661461167112069,0.0,0.0,0.0,0.0,1.0,1.0,56.0,56.0,448.0,56.0,57,0.0098962,1.0583716862448638
1488991049205644303,8,raw_matched,test,128,regime_change,ok,17,2176,29.35131613405082,30.12986030831494,17.0,0.4117647058823529,0.6470588235294118,0.5294117647058824,1.0,1.0,56.0,56.0,448.0,56.0,171,0.001958,0.03208378079716251
1488991049205644303,8,vectorchain_absolute,test,128,regime_change,ok,17,2176,0.9416784902623344,1.1540217787080826,16.235294117647058,0.0,0.0,0.0,1.0,1.0,8.0,40.0,320.0,69.23529411764706,123,0.002505,1.0000241087494364
1488991049205644303,8,vectorchain_cartesian,test,128,regime_change,ok,17,2176,0.9489328509500738,1.2039617285118243,16.11764705882353,0.0,0.0,0.0,1.0,1.0,8.0,24.0,192.0,69.23529411764706,75,0.0025088,0.9923791678307609
1488991049205644303,8,vectorchain_relational,test,128,regime_change,ok,17,2176,0.9417011929531057,1.1540888985326325,16.235294117647058,0.0,0.0,0.0,1.0,1.0,8.0,56.0,448.0,69.23529411764706,171,0.0025131,1.0
1488991049205644303,8,fixed_relational,test,128,second_order_response,ok,12,1536,2.891030649748053e+20,8.768694133028572e+20,35.0,0.5,0.5,0.5833333333333334,1.0,1.0,8.0,56.0,448.0,73.0,171,0.004094550000000001,3.4451980522992605e-22
1488991049205644303,8,persistence,test,128,second_order_response,ok,12,1536,0.03818733104821765,0.05814910341326796,0.0,0.0,0.0,0.0,1.0,1.0,1.0,1.0,8.0,1.0,0,5.45e-06,2.6082401912490654
1488991049205644303,8,raw_ar,test,128,second_order_response,ok,12,1536,0.04853956336771481,0.06090341206654606,0.0,0.0,0.0,0.0,1.0,1.0,56.0,56.0,448.0,56.0,57,0.00932265,2.0519700781392447
1488991049205644303,8,raw_matched,test,128,second_order_response,ok,12,1536,3.3885742642911163,6.36716410127912,19.083333333333332,0.5,0.5,0.5,1.0,1.0,56.0,56.0,448.0,56.0,171,0.00214615,0.029393403794067675
1488991049205644303,8,vectorchain_absolute,test,128,second_order_response,ok,12,1536,0.09938297345753272,0.1679829949111277,16.666666666666668,0.0,0.0,0.0,1.0,1.0,8.0,40.0,320.0,105.66666666666667,123,0.00236485,1.0022011635529837
1488991049205644303,8,vectorchain_cartesian,test,128,second_order_response,ok,12,1536,0.12277050536322354,0.20226546974281567,16.833333333333332,0.0,0.0,0.0,1.0,1.0,8.0,24.0,192.0,105.66666666666667,75,0.00247265,0.8112838775226768
1488991049205644303,8,vectorchain_relational,test,128,second_order_response,ok,12,1536,0.09960173163649458,0.16856497588129318,16.666666666666668,0.0,0.0,0.0,1.0,1.0,8.0,56.0,448.0,105.66666666666667,171,0.0024142499999999997,1.0
1488991049205644303,8,fixed_relational,test,128,sine,ok,12,1536,5.31757380538951e+34,1.6079510366153856e+35,68.16666666666667,0.9166666666666666,0.9166666666666666,0.9166666666666666,1.0,1.0,8.0,56.0,448.0,73.0,171,0.0102836,4.569510237422511e-36
1488991049205644303,8,persistence,test,128,sine,ok,12,1536,0.41750531879637176,0.5587825871214213,0.0,0.0,0.0,0.0,1.0,1.0,1.0,1.0,8.0,1.0,0,7.7e-06,0.5819975662113245
1488991049205644303,8,raw_ar,test,128,sine,ok,12,1536,0.18196634982545642,0.31615566284321933,0.0,0.0,0.0,0.0,1.0,1.0,56.0,56.0,448.0,56.0,57,0.009584849999999999,1.335340735541745
1488991049205644303,8,raw_matched,test,128,sine,ok,12,1536,7.519044676032962,7.99495994107217,15.583333333333334,0.5833333333333334,0.75,0.5833333333333334,1.0,1.0,56.0,56.0,448.0,56.0,171,0.00183015,0.032316217004840456
1488991049205644303,8,vectorchain_absolute,test,128,sine,ok,12,1536,0.2429781972687701,0.36932159091192013,16.666666666666668,0.0,0.0,0.0,1.0,1.0,8.0,40.0,320.0,105.08333333333333,123,0.002365,1.0000365553415953
1488991049205644303,8,vectorchain_cartesian,test,128,sine,ok,12,1536,0.2516570238902424,0.37653023495076426,16.75,0.0,0.0,0.0,1.0,1.0,8.0,24.0,192.0,105.08333333333333,75,0.0024383499999999997,0.9655485694917372
1488991049205644303,8,vectorchain_relational,test,128,sine,ok,12,1536,0.2429870794197715,0.36934866232988245,16.666666666666668,0.0,0.0,0.0,1.0,1.0,8.0,56.0,448.0,105.08333333333333,171,0.00239475,1.0
1488991049205644303,8,fixed_relational,validation,16,chirp,ok,19,304,0.10074997518778893,0.14528926400863934,50.473684210526315,0.7894736842105263,0.7894736842105263,0.7894736842105263,1.0,1.0,8.0,56.0,448.0,73.0,171,0.0058349,0.8829335598157197
1488991049205644303,8,persistence,validation,16,chirp,ok,19,304,0.13437924556247385,0.20444960845944746,0.0,0.0,0.0,0.0,1.0,1.0,1.0,1.0,8.0,1.0,0,7.3e-06,0.6619737584591802
1488991049205644303,8,raw_ar,validation,16,chirp,ok,19,304,0.03232547949273153,0.04721040959762793,0.0,0.0,0.0,0.0,1.0,1.0,56.0,56.0,448.0,56.0,57,0.0082181,2.751870525660781
1488991049205644303,8,raw_matched,validation,16,chirp,ok,19,304,0.1844855738925605,0.2539868552904766,15.052631578947368,0.3684210526315789,0.47368421052631576,0.47368421052631576,1.0,1.0,56.0,56.0,448.0,56.0,171,0.0016325,0.4821815189501226
1488991049205644303,8,vectorchain_absolute,validation,16,chirp,ok,19,304,0.08894941881898455,0.10962499147923184,16.842105263157894,0.0,0.0,0.0,1.0,1.0,8.0,40.0,320.0,97.0,123,0.0022207,1.0000687517130136
1488991049205644303,8,vectorchain_cartesian,validation,16,chirp,ok,19,304,0.09117982057814919,0.10539583970635141,16.789473684210527,0.0,0.0,0.0,1.0,1.0,8.0,24.0,192.0,97.0,75,0.0023046,0.9756054977938582
1488991049205644303,8,vectorchain_relational,validation,16,chirp,ok,19,304,0.08895553424389992,0.10962284124951908,16.842105263157894,0.0,0.0,0.0,1.0,1.0,8.0,56.0,448.0,97.0,171,0.0022606,1.0
1488991049205644303,8,fixed_relational,validation,16,first_order_response,ok,19,304,0.018796867020727907,0.01795194259687437,20.473684210526315,0.15789473684210525,0.15789473684210525,0.15789473684210525,1.0,1.0,8.0,56.0,448.0,73.0,171,0.0026495,1.253108429030638
1488991049205644303,8,persistence,validation,16,first_order_response,ok,19,304,0.021592464580320467,0.015885358813613443,0.0,0.0,0.0,0.0,1.0,1.0,1.0,1.0,8.0,1.0,0,7.4e-06,1.0908672521111793
1488991049205644303,8,raw_ar,validation,16,first_order_response,ok,19,304,0.015421975416244025,0.014255341736319517,0.0,0.0,0.0,0.0,1.0,1.0,56.0,56.0,448.0,56.0,57,0.0083253,1.5273343308686707
1488991049205644303,8,raw_matched,validation,16,first_order_response,ok,19,304,0.042077003238650566,0.05253029184172734,16.157894736842106,0.21052631578947367,0.2631578947368421,0.21052631578947367,1.0,1.0,56.0,56.0,448.0,56.0,171,0.0018396,0.5597953915455116
1488991049205644303,8,vectorchain_absolute,validation,16,first_order_response,ok,19,304,0.02363651931225687,0.021786310860419045,16.31578947368421,0.0,0.0,0.0,1.0,1.0,8.0,40.0,320.0,91.73684210526316,123,0.0021731,0.9965305039997073
1488991049205644303,8,vectorchain_cartesian,validation,16,first_order_response,ok,19,304,0.024056123035799324,0.02477812827709094,16.68421052631579,0.0,0.0,0.0,1.0,1.0,8.0,24.0,192.0,91.73684210526316,75,0.0022437,0.9791483219465293
1488991049205644303,8,vectorchain_relational,validation,16,first_order_response,ok,19,304,0.023554512503042156,0.021644317647011867,16.31578947368421,0.0,0.0,0.0,1.0,1.0,8.0,56.0,448.0,91.73684210526316,171,0.0021872,1.0
1488991049205644303,8,fixed_relational,validation,16,piecewise_linear,ok,17,272,0.02814625376438358,0.037034664489135866,34.0,0.7647058823529411,0.7647058823529411,0.7647058823529411,1.0,1.0,8.0,56.0,448.0,73.0,171,0.002773,1.1798567629142456
1488991049205644303,8,persistence,validation,16,piecewise_linear,ok,17,272,0.026933443360866033,0.035521298813015384,0.0,0.0,0.0,0.0,1.0,1.0,1.0,1.0,8.0,1.0,0,7.7e-06,1.2329856011972136
1488991049205644303,8,raw_ar,validation,16,piecewise_linear,ok,17,272,0.015590630883252415,0.01655794624449,0.0,0.0,0.0,0.0,1.0,1.0,56.0,56.0,448.0,56.0,57,0.0080533,2.1300323318077785
1488991049205644303,8,raw_matched,validation,16,piecewise_linear,ok,17,272,0.043650947506398106,0.05417313405514437,19.235294117647058,0.35294117647058826,0.35294117647058826,0.4117647058823529,1.0,1.0,56.0,56.0,448.0,56.0,171,0.0018552,0.7607749602626835
1488991049205644303,8,vectorchain_absolute,validation,16,piecewise_linear,ok,17,272,0.033208756963545666,0.04227152428343276,16.88235294117647,0.0,0.0,0.0,1.0,1.0,8.0,40.0,320.0,101.58823529411765,123,0.0022544,0.9999937031989066
1488991049205644303,8,vectorchain_cartesian,validation,16,piecewise_linear,ok,17,272,0.033071591514678506,0.041775709410652014,16.823529411764707,0.0,0.0,0.0,1.0,1.0,8.0,24.0,192.0,101.58823529411765,75,0.0023248,1.0041412080174374
1488991049205644303,8,vectorchain_relational,validation,16,piecewise_linear,ok,17,272,0.03320854785460851,0.042283581317321337,16.88235294117647,0.0,0.0,0.0,1.0,1.0,8.0,56.0,448.0,101.58823529411765,171,0.0022949,1.0
1488991049205644303,8,fixed_relational,validation,16,ramp,ok,12,192,0.016929739992097147,0.020156095939486574,19.666666666666668,0.16666666666666666,0.16666666666666666,0.16666666666666666,1.0,1.0,8.0,56.0,448.0,73.0,171,0.00250615,1.4306756700031715
1488991049205644303,8,persistence,validation,16,ramp,ok,12,192,0.01773240370541464,0.015680272219526965,0.0,0.0,0.0,0.0,1.0,1.0,1.0,1.0,8.0,1.0,0,7.75e-06,1.365915614631373
1488991049205644303,8,raw_ar,validation,16,ramp,ok,12,192,0.012485457470817822,0.010940208541128779,0.0,0.0,0.0,0.0,1.0,1.0,56.0,56.0,448.0,56.0,57,0.00796135,1.9399342925787526
1488991049205644303,8,raw_matched,validation,16,ramp,ok,12,192,0.032619833841117274,0.03757716894418344,16.333333333333332,0.4166666666666667,0.4166666666666667,0.4166666666666667,1.0,1.0,56.0,56.0,448.0,56.0,171,0.0018164499999999998,0.7425227002733094
1488991049205644303,8,vectorchain_absolute,validation,16,ramp,ok,12,192,0.02423597648302491,0.025551881544817617,17.333333333333332,0.0,0.0,0.0,1.0,1.0,8.0,40.0,320.0,133.83333333333334,123,0.00234325,0.9993806984891923
1488991049205644303,8,vectorchain_cartesian,validation,16,ramp,ok,12,192,0.02336468488252286,0.029041799118055694,17.333333333333332,0.0,0.0,0.0,1.0,1.0,8.0,24.0,192.0,133.83333333333334,75,0.0023167,1.0366485671840036
1488991049205644303,8,vectorchain_relational,validation,16,ramp,ok,12,192,0.024220967106173073,0.025540751012656692,17.333333333333332,0.0,0.0,0.0,1.0,1.0,8.0,56.0,448.0,133.83333333333334,171,0.0024028,1.0
1488991049205644303,8,fixed_relational,validation,16,regime_change,ok,21,336,0.15406554746582696,0.2186128907165211,39.142857142857146,0.6666666666666666,0.6666666666666666,0.6666666666666666,1.0,1.0,8.0,56.0,448.0,73.0,171,0.0023293,1.1155296558681438
1488991049205644303,8,persistence,validation,16,regime_change,ok,21,336,0.13927154420026985,0.2038491387385193,0.0,0.0,0.0,0.0,1.0,1.0,1.0,1.0,8.0,1.0,0,5.2e-06,1.234025860290261
1488991049205644303,8,raw_ar,validation,16,regime_change,ok,21,336,0.05609918755583062,0.08727819728340964,0.0,0.0,0.0,0.0,1.0,1.0,56.0,56.0,448.0,56.0,57,0.0081543,3.0635860274206146
1488991049205644303,8,raw_matched,validation,16,regime_change,ok,21,336,0.19434617976292684,0.25869429021630086,21.285714285714285,0.47619047619047616,0.6190476190476191,0.5238095238095238,1.0,1.0,56.0,56.0,448.0,56.0,171,0.0016102,0.8843224361566573
1488991049205644303,8,vectorchain_absolute,validation,16,regime_change,ok,21,336,0.17188779139317423,0.21811320775091542,16.571428571428573,0.0,0.0,0.0,1.0,1.0,8.0,40.0,320.0,86.66666666666667,123,0.0021812,0.99986558529087
1488991049205644303,8,vectorchain_cartesian,validation,16,regime_change,ok,21,336,0.19008031118900248,0.2307022340320053,16.61904761904762,0.0,0.0,0.0,1.0,1.0,8.0,24.0,192.0,86.66666666666667,75,0.0022404,0.9041688014430962
1488991049205644303,8,vectorchain_relational,validation,16,regime_change,ok,21,336,0.17186468714569111,0.21810321081161005,16.571428571428573,0.0,0.0,0.0,1.0,1.0,8.0,56.0,448.0,86.66666666666667,171,0.0022318,1.0
1488991049205644303,8,fixed_relational,validation,16,second_order_response,ok,17,272,0.019868168917508512,0.023033473461665763,29.470588235294116,0.4117647058823529,0.4117647058823529,0.4117647058823529,1.0,1.0,8.0,56.0,448.0,73.0,171,0.0028753,1.0270087943642248
1488991049205644303,8,persistence,validation,16,second_order_response,ok,17,272,0.019152523773424274,0.01909652384199787,0.0,0.0,0.0,0.0,1.0,1.0,1.0,1.0,8.0,1.0,0,7.1e-06,1.065383572817099
1488991049205644303,8,raw_ar,validation,16,second_order_response,ok,17,272,0.01271074855357282,0.014316328012723397,0.0,0.0,0.0,0.0,1.0,1.0,56.0,56.0,448.0,56.0,57,0.0081256,1.6053172730302867
1488991049205644303,8,raw_matched,validation,16,second_order_response,ok,17,272,0.03374890491200694,0.047348439444495696,16.705882352941178,0.4117647058823529,0.35294117647058826,0.4117647058823529,1.0,1.0,56.0,56.0,448.0,56.0,171,0.0018728,0.6046058163782291
1488991049205644303,8,vectorchain_absolute,validation,16,second_order_response,ok,17,272,0.02041303670434188,0.022769461330722884,16.941176470588236,0.0,0.0,0.0,1.0,1.0,8.0,40.0,320.0,106.52941176470588,123,0.0023375,0.999595724131288
1488991049205644303,8,vectorchain_cartesian,validation,16,second_order_response,ok,17,272,0.024430725299683192,0.029393942680128196,16.941176470588236,0.0,0.0,0.0,1.0,1.0,8.0,24.0,192.0,106.52941176470588,75,0.0022694,0.8352099234016512
1488991049205644303,8,vectorchain_relational,validation,16,second_order_response,ok,17,272,0.02040478420619518,0.0227744038036674,16.941176470588236,0.0,0.0,0.0,1.0,1.0,8.0,56.0,448.0,106.52941176470588,171,0.002264,1.0
1488991049205644303,8,fixed_relational,validation,16,sine,ok,12,192,0.038983353600398195,0.049015061954500616,35.75,0.9166666666666666,0.9166666666666666,0.9166666666666666,1.0,1.0,8.0,56.0,448.0,73.0,171,0.0038072999999999996,2.300976379635192
1488991049205644303,8,persistence,validation,16,sine,ok,12,192,0.06293113064086521,0.09100224222792645,0.0,0.0,0.0,0.0,1.0,1.0,1.0,1.0,8.0,1.0,0,5.9e-06,1.4253641229708809
1488991049205644303,8,raw_ar,validation,16,sine,ok,12,192,0.01865033147855834,0.02045005718242203,0.0,0.0,0.0,0.0,1.0,1.0,56.0,56.0,448.0,56.0,57,0.007906449999999999,4.809553971553137
1488991049205644303,8,raw_matched,validation,16,sine,ok,12,192,0.05264995879068521,0.06919527816891513,14.75,0.25,0.3333333333333333,0.25,1.0,1.0,56.0,56.0,448.0,56.0,171,0.0016643,1.7037007795218329
1488991049205644303,8,vectorchain_absolute,validation,16,sine,ok,12,192,0.08969470252969174,0.0944070800038209,17.0,0.0,0.0,0.0,1.0,1.0,8.0,40.0,320.0,147.33333333333334,123,0.0022539,1.0000565619111046
1488991049205644303,8,vectorchain_cartesian,validation,16,sine,ok,12,192,0.1010278478956129,0.1004772746865938,17.25,0.0,0.0,0.0,1.0,1.0,8.0,24.0,192.0,147.33333333333334,75,0.0023061,0.8878717868578685
1488991049205644303,8,vectorchain_relational,validation,16,sine,ok,12,192,0.08969977583348276,0.09441775579048783,17.0,0.0,0.0,0.0,1.0,1.0,8.0,56.0,448.0,147.33333333333334,171,0.0023168,1.0
1488991049205644303,8,fixed_relational,validation,64,chirp,ok,19,1216,10053241161617.516,19972875591303.887,50.473684210526315,0.7894736842105263,0.7894736842105263,0.7894736842105263,1.0,1.0,8.0,56.0,448.0,73.0,171,0.0058349,3.513116587801506e-14
1488991049205644303,8,persistence,validation,64,chirp,ok,19,1216,0.51165541881628,0.7822732579547932,0.0,0.0,0.0,0.0,1.0,1.0,1.0,1.0,8.0,1.0,0,7.3e-06,0.690273316517519
1488991049205644303,8,raw_ar,validation,64,chirp,ok,19,1216,0.20807673493871787,0.38520312028982145,0.0,0.0,0.0,0.0,1.0,1.0,56.0,56.0,448.0,56.0,57,0.0082181,1.6973645946746132
1488991049205644303,8,raw_matched,validation,64,chirp,ok,19,1216,3.4075415166536245,3.8986356531510884,15.052631578947368,0.3684210526315789,0.47368421052631576,0.47368421052631576,1.0,1.0,56.0,56.0,448.0,56.0,171,0.0016325,0.10364718408693555
1488991049205644303,8,vectorchain_absolute,validation,64,chirp,ok,19,1216,0.35317514396735533,0.6038739568294226,16.842105263157894,0.0,0.0,0.0,1.0,1.0,8.0,40.0,320.0,97.0,123,0.0022207,1.0000196471729026
1488991049205644303,8,vectorchain_cartesian,validation,64,chirp,ok,19,1216,0.34303387378526257,0.5973116060693846,16.789473684210527,0.0,0.0,0.0,1.0,1.0,8.0,24.0,192.0,97.0,75,0.0023046,1.0295836937711986
1488991049205644303,8,vectorchain_relational,validation,64,chirp,ok,19,1216,0.35318208286047376,0.6038966360618827,16.842105263157894,0.0,0.0,0.0,1.0,1.0,8.0,56.0,448.0,97.0,171,0.0022606,1.0
1488991049205644303,8,fixed_relational,validation,64,first_order_response,ok,19,1216,0.07782487828009657,0.14085841691768816,20.473684210526315,0.15789473684210525,0.15789473684210525,0.15789473684210525,1.0,1.0,8.0,56.0,448.0,73.0,171,0.0026495,0.7872444469848686
1488991049205644303,8,persistence,validation,64,first_order_response,ok,19,1216,0.019973960673744313,0.015188774088582815,0.0,0.0,0.0,0.0,1.0,1.0,1.0,1.0,8.0,1.0,0,7.4e-06,3.0673537544216165
1488991049205644303,8,raw_ar,validation,64,first_order_response,ok,19,1216,0.02590632968694137,0.029113649516895837,0.0,0.0,0.0,0.0,1.0,1.0,56.0,56.0,448.0,56.0,57,0.0083253,2.3649511144051547
1488991049205644303,8,raw_matched,validation,64,first_order_response,ok,19,1216,0.26877242216876623,0.48608082534796704,16.157894736842106,0.21052631578947367,0.2631578947368421,0.21052631578947367,1.0,1.0,56.0,56.0,448.0,56.0,171,0.0018396,0.22795197055153502
1488991049205644303,8,vectorchain_absolute,validation,64,first_order_response,ok,19,1216,0.0615725826528088,0.09243440107235505,16.31578947368421,0.0,0.0,0.0,1.0,1.0,8.0,40.0,320.0,91.73684210526316,123,0.0021731,0.9950403348962733
1488991049205644303,8,vectorchain_cartesian,validation,64,first_order_response,ok,19,1216,0.06373716760318911,0.09809968718678376,16.68421052631579,0.0,0.0,0.0,1.0,1.0,8.0,24.0,192.0,91.73684210526316,75,0.0022437,0.9612476607795452
1488991049205644303,8,vectorchain_relational,validation,64,first_order_response,ok,19,1216,0.061267203263279335,0.09206904773398521,16.31578947368421,0.0,0.0,0.0,1.0,1.0,8.0,56.0,448.0,91.73684210526316,171,0.0021872,1.0
1488991049205644303,8,fixed_relational,validation,64,piecewise_linear,ok,17,1088,0.22263107708684077,0.4869278129957814,34.0,0.7647058823529411,0.7647058823529411,0.7647058823529411,1.0,1.0,8.0,56.0,448.0,73.0,171,0.002773,0.38739731084653617
1488991049205644303,8,persistence,validation,64,piecewise_linear,ok,17,1088,0.07190512472156986,0.1073840879928736,0.0,0.0,0.0,0.0,1.0,1.0,1.0,1.0,8.0,1.0,0,7.7e-06,1.199451094873604
1488991049205644303,8,raw_ar,validation,64,piecewise_linear,ok,17,1088,0.03701319696337437,0.04952505093770157,0.0,0.0,0.0,0.0,1.0,1.0,56.0,56.0,448.0,56.0,57,0.0080533,2.3301602576954807
1488991049205644303,8,raw_matched,validation,64,piecewise_linear,ok,17,1088,0.35416475764903127,0.74795056406463,19.235294117647058,0.35294117647058826,0.35294117647058826,0.4117647058823529,1.0,1.0,56.0,56.0,448.0,56.0,171,0.0018552,0.2435213518895022
1488991049205644303,8,vectorchain_absolute,validation,64,piecewise_linear,ok,17,1088,0.08623396305036693,0.11223482665423004,16.88235294117647,0.0,0.0,0.0,1.0,1.0,8.0,40.0,320.0,101.58823529411765,123,0.0022544,1.00014747697419
1488991049205644303,8,vectorchain_cartesian,validation,64,piecewise_linear,ok,17,1088,0.08199808997193299,0.09712348032185245,16.823529411764707,0.0,0.0,0.0,1.0,1.0,8.0,24.0,192.0,101.58823529411765,75,0.0023248,1.0518132874050026
1488991049205644303,8,vectorchain_relational,validation,64,piecewise_linear,ok,17,1088,0.08624668057431001,0.11226948491213165,16.88235294117647,0.0,0.0,0.0,1.0,1.0,8.0,56.0,448.0,101.58823529411765,171,0.0022949,1.0
1488991049205644303,8,fixed_relational,validation,64,ramp,ok,12,768,0.09210065701065283,0.1658468303605152,19.666666666666668,0.16666666666666666,0.16666666666666666,0.16666666666666666,1.0,1.0,8.0,56.0,448.0,73.0,171,0.00250615,0.7362137309823324
1488991049205644303,8,persistence,validation,64,ramp,ok,12,768,0.028100530730382232,0.03372299792392789,0.0,0.0,0.0,0.0,1.0,1.0,1.0,1.0,8.0,1.0,0,7.75e-06,2.4129710920522003
1488991049205644303,8,raw_ar,validation,64,ramp,ok,12,768,0.02751700726261922,0.03551623109114118,0.0,0.0,0.0,0.0,1.0,1.0,56.0,56.0,448.0,56.0,57,0.00796135,2.4641403651424083
1488991049205644303,8,raw_matched,validation,64,ramp,ok,12,768,0.33922693858433906,0.7423577453580087,16.333333333333332,0.4166666666666667,0.4166666666666667,0.4166666666666667,1.0,1.0,56.0,56.0,448.0,56.0,171,0.0018164499999999998,0.19988320681931596
1488991049205644303,8,vectorchain_absolute,validation,64,ramp,ok,12,768,0.06783092458998158,0.08081188221843875,17.333333333333332,0.0,0.0,0.0,1.0,1.0,8.0,40.0,320.0,133.83333333333334,123,0.00234325,0.9996291327827711
1488991049205644303,8,vectorchain_cartesian,validation,64,ramp,ok,12,768,0.06737754546516912,0.08382684048107021,17.333333333333332,0.0,0.0,0.0,1.0,1.0,8.0,24.0,192.0,133.83333333333334,75,0.0023167,1.0063555722549893
1488991049205644303,8,vectorchain_relational,validation,64,ramp,ok,12,768,0.06780576832373683,0.08078488188756715,17.333333333333332,0.0,0.0,0.0,1.0,1.0,8.0,56.0,448.0,133.83333333333334,171,0.0024028,1.0
1488991049205644303,8,fixed_relational,validation,64,regime_change,ok,21,1344,4.115222383809968e+17,6.655731524601016e+17,39.142857142857146,0.6666666666666666,0.6666666666666666,0.6666666666666666,1.0,1.0,8.0,56.0,448.0,73.0,171,0.0023293,1.5212880565977259e-18
1488991049205644303,8,persistence,validation,64,regime_change,ok,21,1344,0.5847185087023441,0.9317042720838754,0.0,0.0,0.0,0.0,1.0,1.0,1.0,1.0,8.0,1.0,0,5.2e-06,1.0706756447008001
1488991049205644303,8,raw_ar,validation,64,regime_change,ok,21,1344,0.3996622166518613,0.7698751238251244,0.0,0.0,0.0,0.0,1.0,1.0,56.0,56.0,448.0,56.0,57,0.0081543,1.56643245267968
1488991049205644303,8,raw_matched,validation,64,regime_change,ok,21,1344,4.668006122963262,5.958377596486084,21.285714285714285,0.47619047619047616,0.6190476190476191,0.5238095238095238,1.0,1.0,56.0,56.0,448.0,56.0,171,0.0016102,0.13411376287483498
1488991049205644303,8,vectorchain_absolute,validation,64,regime_change,ok,21,1344,0.6260710189888904,1.0435888459648166,16.571428571428573,0.0,0.0,0.0,1.0,1.0,8.0,40.0,320.0,86.66666666666667,123,0.0021812,0.9999566299753636
1488991049205644303,8,vectorchain_cartesian,validation,64,regime_change,ok,21,1344,0.6220436142967506,1.0271108415843933,16.61904761904762,0.0,0.0,0.0,1.0,1.0,8.0,24.0,192.0,86.66666666666667,75,0.0022404,1.0064308223485978
1488991049205644303,8,vectorchain_relational,validation,64,regime_change,ok,21,1344,0.6260438662733727,1.0435908690210822,16.571428571428573,0.0,0.0,0.0,1.0,1.0,8.0,56.0,448.0,86.66666666666667,171,0.0022318,1.0
1488991049205644303,8,fixed_relational,validation,64,second_order_response,ok,17,1088,0.1331533461338832,0.2217897947754046,29.470588235294116,0.4117647058823529,0.4117647058823529,0.4117647058823529,1.0,1.0,8.0,56.0,448.0,73.0,171,0.0028753,0.41144554305846914
1488991049205644303,8,persistence,validation,64,second_order_response,ok,17,1088,0.039897103044613996,0.05819981269401195,0.0,0.0,0.0,0.0,1.0,1.0,1.0,1.0,8.0,1.0,0,7.1e-06,1.3731661356175522
1488991049205644303,8,raw_ar,validation,64,second_order_response,ok,17,1088,0.026577383007339615,0.03321965381661827,0.0,0.0,0.0,0.0,1.0,1.0,56.0,56.0,448.0,56.0,57,0.0081256,2.0613523459017147
1488991049205644303,8,raw_matched,validation,64,second_order_response,ok,17,1088,0.6383555578436082,1.0769616294735633,16.705882352941178,0.4117647058823529,0.35294117647058826,0.4117647058823529,1.0,1.0,56.0,56.0,448.0,56.0,171,0.0018728,0.08582262680562396
1488991049205644303,8,vectorchain_absolute,validation,64,second_order_response,ok,17,1088,0.054786412805968014,0.09176374992785626,16.941176470588236,0.0,0.0,0.0,1.0,1.0,8.0,40.0,320.0,106.52941176470588,123,0.0023375,0.9999806157073307
1488991049205644303,8,vectorchain_cartesian,validation,64,second_order_response,ok,17,1088,0.061775960805845034,0.092498716126244,16.941176470588236,0.0,0.0,0.0,1.0,1.0,8.0,24.0,192.0,106.52941176470588,75,0.0022694,0.8868393157379152
1488991049205644303,8,vectorchain_relational,validation,64,second_order_response,ok,17,1088,0.05478535081010788,0.091755744300715,16.941176470588236,0.0,0.0,0.0,1.0,1.0,8.0,56.0,448.0,106.52941176470588,171,0.002264,1.0
1488991049205644303,8,fixed_relational,validation,64,sine,ok,12,768,0.3946416224870211,0.791581678025144,35.75,0.9166666666666666,0.9166666666666666,0.9166666666666666,1.0,1.0,8.0,56.0,448.0,73.0,171,0.0038072999999999996,0.5248958315451921
1488991049205644303,8,persistence,validation,64,sine,ok,12,768,0.23607089571040965,0.3742601911753809,0.0,0.0,0.0,0.0,1.0,1.0,1.0,1.0,8.0,1.0,0,5.9e-06,0.8774725998065274
1488991049205644303,8,raw_ar,validation,64,sine,ok,12,768,0.08881546341426513,0.16041973900430245,0.0,0.0,0.0,0.0,1.0,1.0,56.0,56.0,448.0,56.0,57,0.007906449999999999,2.3323161827290306
1488991049205644303,8,raw_matched,validation,64,sine,ok,12,768,1.1117630792482611,1.4145719067190978,14.75,0.25,0.3333333333333333,0.25,1.0,1.0,56.0,56.0,448.0,56.0,171,0.0016643,0.1863218400252454
1488991049205644303,8,vectorchain_absolute,validation,64,sine,ok,12,768,0.20712634662056845,0.2640967534274456,17.0,0.0,0.0,0.0,1.0,1.0,8.0,40.0,320.0,147.33333333333334,123,0.0022539,1.000093643215442
1488991049205644303,8,vectorchain_cartesian,validation,64,sine,ok,12,768,0.20313844973093034,0.24023723579563047,17.25,0.0,0.0,0.0,1.0,1.0,8.0,24.0,192.0,147.33333333333334,75,0.0023061,1.0197269048377908
1488991049205644303,8,vectorchain_relational,validation,64,sine,ok,12,768,0.20714574259766874,0.26414772844613094,17.0,0.0,0.0,0.0,1.0,1.0,8.0,56.0,448.0,147.33333333333334,171,0.0023168,1.0
1488991049205644303,8,fixed_relational,validation,128,chirp,ok,19,2432,7.979116607008935e+39,2.2418383972269443e+40,50.473684210526315,0.7894736842105263,0.7894736842105263,0.7894736842105263,1.0,1.0,8.0,56.0,448.0,73.0,171,0.0058349,9.634732427092917e-41
1488991049205644303,8,persistence,validation,128,chirp,ok,19,2432,0.8900978761272665,1.2182213410071578,0.0,0.0,0.0,0.0,1.0,1.0,1.0,1.0,8.0,1.0,0,7.3e-06,0.8636876412691581
1488991049205644303,8,raw_ar,validation,128,chirp,ok,19,2432,0.5799844563920908,0.9356911420508482,0.0,0.0,0.0,0.0,1.0,1.0,56.0,56.0,448.0,56.0,57,0.0082181,1.325495065701091
1488991049205644303,8,raw_matched,validation,128,chirp,ok,19,2432,6.349249301637887,6.375309431869203,15.052631578947368,0.3684210526315789,0.47368421052631576,0.47368421052631576,1.0,1.0,56.0,56.0,448.0,56.0,171,0.0016325,0.12107991017658276
1488991049205644303,8,vectorchain_absolute,validation,128,chirp,ok,19,2432,0.7687463157463972,1.1726425415705912,16.842105263157894,0.0,0.0,0.0,1.0,1.0,8.0,40.0,320.0,97.0,123,0.0022207,1.0000263017646196
1488991049205644303,8,vectorchain_cartesian,validation,128,chirp,ok,19,2432,0.7620299894467626,1.1769116081670425,16.789473684210527,0.0,0.0,0.0,1.0,1.0,8.0,24.0,192.0,97.0,75,0.0023046,1.0088402632148037
1488991049205644303,8,vectorchain_relational,validation,128,chirp,ok,19,2432,0.7687665351310461,1.172683668783245,16.842105263157894,0.0,0.0,0.0,1.0,1.0,8.0,56.0,448.0,97.0,171,0.0022606,1.0
1488991049205644303,8,fixed_relational,validation,128,first_order_response,ok,19,2432,238038.00434924162,587182.5785266218,20.473684210526315,0.15789473684210525,0.15789473684210525,0.15789473684210525,1.0,1.0,8.0,56.0,448.0,73.0,171,0.0026495,6.245477892168063e-07
1488991049205644303,8,persistence,validation,128,first_order_response,ok,19,2432,0.019710036809587633,0.014794344545390794,0.0,0.0,0.0,0.0,1.0,1.0,1.0,1.0,8.0,1.0,0,7.4e-06,7.542660158482459
1488991049205644303,8,raw_ar,validation,128,first_order_response,ok,19,2432,0.03959077592277319,0.04589070983533078,0.0,0.0,0.0,0.0,1.0,1.0,56.0,56.0,448.0,56.0,57,0.0083253,3.7550693539295965
1488991049205644303,8,raw_matched,validation,128,first_order_response,ok,19,2432,1.5909969683764242,3.6891207900551324,16.157894736842106,0.21052631578947367,0.2631578947368421,0.21052631578947367,1.0,1.0,56.0,56.0,448.0,56.0,171,0.0018396,0.09344210725782193
1488991049205644303,8,vectorchain_absolute,validation,128,first_order_response,ok,19,2432,0.14902602385091984,0.270781913521947,16.31578947368421,0.0,0.0,0.0,1.0,1.0,8.0,40.0,320.0,91.73684210526316,123,0.0021731,0.9975848883589585
1488991049205644303,8,vectorchain_cartesian,validation,128,first_order_response,ok,19,2432,0.15348290342521761,0.2818950584272385,16.68421052631579,0.0,0.0,0.0,1.0,1.0,8.0,24.0,192.0,91.73684210526316,75,0.0022437,0.968616738725788
1488991049205644303,8,vectorchain_relational,validation,128,first_order_response,ok,19,2432,0.14866610936589936,0.27040967132064214,16.31578947368421,0.0,0.0,0.0,1.0,1.0,8.0,56.0,448.0,91.73684210526316,171,0.0021872,1.0
1488991049205644303,8,fixed_relational,validation,128,piecewise_linear,ok,17,2176,1.8442416782907715e+21,4.688976424303026e+21,34.0,0.7647058823529411,0.7647058823529411,0.7647058823529411,1.0,1.0,8.0,56.0,448.0,73.0,171,0.002773,8.866431946548215e-23
1488991049205644303,8,persistence,validation,128,piecewise_linear,ok,17,2176,0.13144867908448696,0.18985887859860484,0.0,0.0,0.0,0.0,1.0,1.0,1.0,1.0,8.0,1.0,0,7.7e-06,1.2439716737695823
1488991049205644303,8,raw_ar,validation,128,piecewise_linear,ok,17,2176,0.07757422349356677,0.11799590418810123,0.0,0.0,0.0,0.0,1.0,1.0,56.0,56.0,448.0,56.0,57,0.0080533,2.1078964889553875
1488991049205644303,8,raw_matched,validation,128,piecewise_linear,ok,17,2176,9.761079072135622,12.885660820394213,19.235294117647058,0.35294117647058826,0.35294117647058826,0.4117647058823529,1.0,1.0,56.0,56.0,448.0,56.0,171,0.0018552,0.016752085719940163
1488991049205644303,8,vectorchain_absolute,validation,128,piecewise_linear,ok,17,2176,0.16349822758730298,0.233338263948991,16.88235294117647,0.0,0.0,0.0,1.0,1.0,8.0,40.0,320.0,101.58823529411765,123,0.0022544,1.0001235838976674
1488991049205644303,8,vectorchain_cartesian,validation,128,piecewise_linear,ok,17,2176,0.15426393903021568,0.2228604311260784,16.823529411764707,0.0,0.0,0.0,1.0,1.0,8.0,24.0,192.0,101.58823529411765,75,0.0023248,1.0599913003874584
1488991049205644303,8,vectorchain_relational,validation,128,piecewise_linear,ok,17,2176,0.16351843333552993,0.2333718952341438,16.88235294117647,0.0,0.0,0.0,1.0,1.0,8.0,56.0,448.0,101.58823529411765,171,0.0022949,1.0
1488991049205644303,8,fixed_relational,validation,128,ramp,ok,12,1536,13804.278650485938,41743.78724537189,19.666666666666668,0.16666666666666666,0.16666666666666666,0.16666666666666666,1.0,1.0,8.0,56.0,448.0,73.0,171,0.00250615,9.077679073583592e-06
1488991049205644303,8,persistence,validation,128,ramp,ok,12,1536,0.04423292896216218,0.06984780761691732,0.0,0.0,0.0,0.0,1.0,1.0,1.0,1.0,8.0,1.0,0,7.75e-06,2.8329756670336383
1488991049205644303,8,raw_ar,validation,128,ramp,ok,12,1536,0.048861373276789584,0.06136374395895261,0.0,0.0,0.0,0.0,1.0,1.0,56.0,56.0,448.0,56.0,57,0.00796135,2.564619105598467
1488991049205644303,8,raw_matched,validation,128,ramp,ok,12,1536,3.368220514667281,5.732635355928086,16.333333333333332,0.4166666666666667,0.4166666666666667,0.4166666666666667,1.0,1.0,56.0,56.0,448.0,56.0,171,0.0018164499999999998,0.03720386206477677
1488991049205644303,8,vectorchain_absolute,validation,128,ramp,ok,12,1536,0.12534279806512985,0.21753720177965072,17.333333333333332,0.0,0.0,0.0,1.0,1.0,8.0,40.0,320.0,133.83333333333334,123,0.00234325,0.999744806768393
1488991049205644303,8,vectorchain_cartesian,validation,128,ramp,ok,12,1536,0.12415260989614235,0.2111018588351715,17.333333333333332,0.0,0.0,0.0,1.0,1.0,8.0,24.0,192.0,133.83333333333334,75,0.0023167,1.0093288537088303
1488991049205644303,8,vectorchain_relational,validation,128,ramp,ok,12,1536,0.12531081143143294,0.21751661959381155,17.333333333333332,0.0,0.0,0.0,1.0,1.0,8.0,56.0,448.0,133.83333333333334,171,0.0024028,1.0
1488991049205644303,8,fixed_relational,validation,128,regime_change,ok,21,2688,3.266194372789953e+44,7.470669266305544e+44,39.142857142857146,0.6666666666666666,0.6666666666666666,0.6666666666666666,1.0,1.0,8.0,56.0,448.0,73.0,171,0.0023293,3.892079610214643e-45
1488991049205644303,8,persistence,validation,128,regime_change,ok,21,2688,1.1014964159896345,1.5875496535648275,0.0,0.0,0.0,0.0,1.0,1.0,1.0,1.0,8.0,1.0,0,5.2e-06,1.1540925904794963
1488991049205644303,8,raw_ar,validation,128,regime_change,ok,21,2688,1.0151036361774997,1.555951825685474,0.0,0.0,0.0,0.0,1.0,1.0,56.0,56.0,448.0,56.0,57,0.0081543,1.252314351784149
1488991049205644303,8,raw_matched,validation,128,regime_change,ok,21,2688,125.46532819673489,133.88987225321065,21.285714285714285,0.47619047619047616,0.6190476190476191,0.5238095238095238,1.0,1.0,56.0,56.0,448.0,56.0,171,0.0016102,0.010132112755007647
1488991049205644303,8,vectorchain_absolute,validation,128,regime_change,ok,21,2688,1.2712346106736356,1.8369142988184688,16.571428571428573,0.0,0.0,0.0,1.0,1.0,8.0,40.0,320.0,86.66666666666667,123,0.0021812,0.999995470119969
1488991049205644303,8,vectorchain_cartesian,validation,128,regime_change,ok,21,2688,1.2595131536062958,1.832889075123822,16.61904761904762,0.0,0.0,0.0,1.0,1.0,8.0,24.0,192.0,86.66666666666667,75,0.0022404,1.0093017675071654
1488991049205644303,8,vectorchain_relational,validation,128,regime_change,ok,21,2688,1.2712288521333581,1.8369517563501803,16.571428571428573,0.0,0.0,0.0,1.0,1.0,8.0,56.0,448.0,86.66666666666667,171,0.0022318,1.0
1488991049205644303,8,fixed_relational,validation,128,second_order_response,ok,17,2176,1.2548707571119918e+20,3.246150482637053e+20,29.470588235294116,0.4117647058823529,0.4117647058823529,0.4117647058823529,1.0,1.0,8.0,56.0,448.0,73.0,171,0.0028753,1.176555049289306e-21
1488991049205644303,8,persistence,validation,128,second_order_response,ok,17,2176,0.06675253226397725,0.09757381062536953,0.0,0.0,0.0,0.0,1.0,1.0,1.0,1.0,8.0,1.0,0,7.1e-06,2.211788040709813
1488991049205644303,8,raw_ar,validation,128,second_order_response,ok,17,2176,0.04957550978173153,0.07185295681703838,0.0,0.0,0.0,0.0,1.0,1.0,56.0,56.0,448.0,56.0,57,0.0081256,2.978132815952742
1488991049205644303,8,raw_matched,validation,128,second_order_response,ok,17,2176,3.2201483511258404,4.774060287934232,16.705882352941178,0.4117647058823529,0.35294117647058826,0.4117647058823529,1.0,1.0,56.0,56.0,448.0,56.0,171,0.0018728,0.045849580966337004
1488991049205644303,8,vectorchain_absolute,validation,128,second_order_response,ok,17,2176,0.14763635747957937,0.28328047470462725,16.941176470588236,0.0,0.0,0.0,1.0,1.0,8.0,40.0,320.0,106.52941176470588,123,0.0023375,1.0000412843359556
1488991049205644303,8,vectorchain_cartesian,validation,128,second_order_response,ok,17,2176,0.14901895932078446,0.27480434392111325,16.941176470588236,0.0,0.0,0.0,1.0,1.0,8.0,24.0,192.0,106.52941176470588,75,0.0022694,0.9907628748818429
1488991049205644303,8,vectorchain_relational,validation,128,second_order_response,ok,17,2176,0.14764245254856082,0.28328939162141975,16.941176470588236,0.0,0.0,0.0,1.0,1.0,8.0,56.0,448.0,106.52941176470588,171,0.002264,1.0
1488991049205644303,8,fixed_relational,validation,128,sine,ok,12,1536,4.4583834228234214e+21,1.491239741697474e+22,35.75,0.9166666666666666,0.9166666666666666,0.9166666666666666,1.0,1.0,8.0,56.0,448.0,73.0,171,0.0038072999999999996,8.164694284252746e-23
1488991049205644303,8,persistence,validation,128,sine,ok,12,1536,0.47912594260084757,0.7693231030115572,0.0,0.0,0.0,0.0,1.0,1.0,1.0,1.0,8.0,1.0,0,5.9e-06,0.759744660281503
1488991049205644303,8,raw_ar,validation,128,sine,ok,12,1536,0.27139738491206156,0.5150713381288208,0.0,0.0,0.0,0.0,1.0,1.0,56.0,56.0,448.0,56.0,57,0.007906449999999999,1.3412560206181934
1488991049205644303,8,raw_matched,validation,128,sine,ok,12,1536,3.0462854556054375,4.4901302035471,14.75,0.25,0.3333333333333333,0.25,1.0,1.0,56.0,56.0,448.0,56.0,171,0.0016643,0.11949417800735603
1488991049205644303,8,vectorchain_absolute,validation,128,sine,ok,12,1536,0.36395637657447444,0.5900261813724178,17.0,0.0,0.0,0.0,1.0,1.0,8.0,40.0,320.0,147.33333333333334,123,0.0022539,1.000156611952778
1488991049205644303,8,vectorchain_cartesian,validation,128,sine,ok,12,1536,0.36632215857054745,0.6087099753001735,17.25,0.0,0.0,0.0,1.0,1.0,8.0,24.0,192.0,147.33333333333334,75,0.0023061,0.9936973998891552
1488991049205644303,8,vectorchain_relational,validation,128,sine,ok,12,1536,0.3640133764933358,0.5901225152415502,17.0,0.0,0.0,0.0,1.0,1.0,8.0,56.0,448.0,147.33333333333334,171,0.0023168,1.0
1488991049205644303,16,fixed_relational,test,16,chirp,ok,10,160,58.08686936819458,95.10294218388998,71.9,0.7,0.7,0.7,1.0,1.0,16.0,112.0,896.0,145.0,339,0.012035500000000001,0.003120216787274593
1488991049205644303,16,persistence,test,16,chirp,ok,10,160,0.15802218711652793,0.2429673809370178,0.0,0.0,0.0,0.0,1.0,1.0,1.0,1.0,8.0,1.0,0,6.35e-06,1.1469504898651686
1488991049205644303,16,raw_ar,test,16,chirp,ok,10,160,0.03045776394352045,0.03954987515318867,0.0,0.0,0.0,0.0,1.0,1.0,112.0,112.0,896.0,112.0,113,0.0100541,5.950654330992824
1488991049205644303,16,raw_matched,test,16,chirp,ok,10,160,0.41273232989107417,0.48397015049219705,37.6,0.8,0.8,0.9,1.0,1.0,112.0,112.0,896.0,112.0,339,0.0026323,0.4391311554650923
1488991049205644303,16,vectorchain_absolute,test,16,chirp,ok,10,160,0.1812819975884535,0.22083349757838322,13.3,0.1,0.0,0.2,1.0,1.0,16.0,80.0,640.0,205.7,243,0.0020851000000000003,0.9997883261101659
1488991049205644303,16,vectorchain_cartesian,test,16,chirp,ok,10,160,0.2113506939507972,0.2358316379549928,14.1,0.1,0.0,0.1,1.0,1.0,16.0,48.0,384.0,205.7,147,0.00213145,0.8575492303094159
1488991049205644303,16,vectorchain_relational,test,16,chirp,ok,10,160,0.18124362492286705,0.22078620631689158,13.3,0.1,0.0,0.2,1.0,1.0,16.0,112.0,896.0,205.7,339,0.0020928,1.0
1488991049205644303,16,fixed_relational,test,16,first_order_response,ok,13,208,0.025566502142086136,0.028406350172079306,48.15384615384615,0.6153846153846154,0.6153846153846154,0.6153846153846154,1.0,1.0,16.0,112.0,896.0,145.0,339,0.009612,1.3165318834927207
1488991049205644303,16,persistence,test,16,first_order_response,ok,13,208,0.02098453023051478,0.019332759268590998,0.0,0.0,0.0,0.0,1.0,1.0,1.0,1.0,8.0,1.0,0,6.6e-06,1.6039966036740596
1488991049205644303,16,raw_ar,test,16,first_order_response,ok,13,208,0.016394642222887418,0.016075426354076446,0.0,0.0,0.0,0.0,1.0,1.0,112.0,112.0,896.0,112.0,113,0.0091631,2.0530557948042434
1488991049205644303,16,raw_matched,test,16,first_order_response,ok,13,208,0.05010906569166147,0.05361740294368715,30.53846153846154,0.5384615384615384,0.5384615384615384,0.6153846153846154,1.0,1.0,112.0,112.0,896.0,112.0,339,0.0021633,0.6717170786331876
1488991049205644303,16,vectorchain_absolute,test,16,first_order_response,ok,13,208,0.0336919767347217,0.03807024827272964,15.76923076923077,0.0,0.0,0.0,1.0,1.0,16.0,80.0,640.0,156.23076923076923,243,0.0023366,0.9990246486414525
1488991049205644303,16,vectorchain_cartesian,test,16,first_order_response,ok,13,208,0.029230429651055385,0.033808171808641964,15.923076923076923,0.0,0.0,0.0,1.0,1.0,16.0,48.0,384.0,156.23076923076923,147,0.0023588,1.1515094242970203
1488991049205644303,16,vectorchain_relational,test,16,first_order_response,ok,13,208,0.033659115219441336,0.03803755992649757,15.76923076923077,0.0,0.0,0.0,1.0,1.0,16.0,112.0,896.0,156.23076923076923,339,0.0023545,1.0
1488991049205644303,16,fixed_relational,test,16,piecewise_linear,ok,11,176,0.02671783450656499,0.029722988074573,71.36363636363636,0.9090909090909091,0.9090909090909091,0.9090909090909091,1.0,1.0,16.0,112.0,896.0,145.0,339,0.0110613,1.3420799546834328
1488991049205644303,16,persistence,test,16,piecewise_linear,ok,11,176,0.02188211500447,0.02239982817938652,0.0,0.0,0.0,0.0,1.0,1.0,1.0,1.0,8.0,1.0,0,6.1e-06,1.6386656461902958
1488991049205644303,16,raw_ar,test,16,piecewise_linear,ok,11,176,0.014685820680267424,0.01369070991921123,0.0,0.0,0.0,0.0,1.0,1.0,112.0,112.0,896.0,112.0,113,0.0095526,2.4416388368400836
1488991049205644303,16,raw_matched,test,16,piecewise_linear,ok,11,176,0.0754468000791913,0.11316969898701403,31.636363636363637,0.5454545454545454,0.45454545454545453,0.5454545454545454,1.0,1.0,112.0,112.0,896.0,112.0,339,0.0020778,0.47526826964394897
1488991049205644303,16,vectorchain_absolute,test,16,piecewise_linear,ok,11,176,0.036000359158756746,0.03536760760784797,16.727272727272727,0.0,0.0,0.0,1.0,1.0,16.0,80.0,640.0,231.54545454545453,243,0.0025124,0.9960308997386269
1488991049205644303,16,vectorchain_cartesian,test,16,piecewise_linear,ok,11,176,0.03287102158649678,0.03677403695593041,16.636363636363637,0.0,0.0,0.0,1.0,1.0,16.0,48.0,384.0,231.54545454545453,147,0.0025414,1.0908535358250087
1488991049205644303,16,vectorchain_relational,test,16,piecewise_linear,ok,11,176,0.0358574701238102,0.03463414027230575,16.818181818181817,0.0,0.0,0.0,1.0,1.0,16.0,112.0,896.0,231.54545454545453,339,0.0025345,1.0
1488991049205644303,16,fixed_relational,test,16,ramp,ok,8,128,0.01728633527091844,0.022451960544515787,38.0,0.5,0.5,0.5,1.0,1.0,16.0,112.0,896.0,145.0,339,0.00531235,1.5296351005622566
1488991049205644303,16,persistence,test,16,ramp,ok,8,128,0.022179924084557504,0.028594851319767314,0.0,0.0,0.0,0.0,1.0,1.0,1.0,1.0,8.0,1.0,0,6.799999999999999e-06,1.1921494902182272
1488991049205644303,16,raw_ar,test,16,ramp,ok,8,128,0.013741715586654438,0.02068849106749593,0.0,0.0,0.0,0.0,1.0,1.0,112.0,112.0,896.0,112.0,113,0.00976625,1.92419825776075
1488991049205644303,16,raw_matched,test,16,ramp,ok,8,128,0.03387695273733497,0.04591129264883112,26.875,0.5,0.5,0.5,1.0,1.0,112.0,112.0,896.0,112.0,339,0.0022214,0.7805243108936228
1488991049205644303,16,vectorchain_absolute,test,16,ramp,ok,8,128,0.02646280152743846,0.029996993336511846,16.75,0.0,0.0,0.0,1.0,1.0,16.0,80.0,640.0,307.875,243,0.0025424,0.9992058158720475
1488991049205644303,16,vectorchain_cartesian,test,16,ramp,ok,8,128,0.03418129091961912,0.05261970012381727,17.0,0.0,0.0,0.0,1.0,1.0,16.0,48.0,384.0,307.875,147,0.0025767,0.7735747971796862
1488991049205644303,16,vectorchain_relational,test,16,ramp,ok,8,128,0.02644178519048421,0.030040451045809533,16.75,0.0,0.0,0.0,1.0,1.0,16.0,112.0,896.0,307.875,339,0.00260055,1.0
1488991049205644303,16,fixed_relational,test,16,regime_change,ok,17,272,244.86313617598566,376.12858116467186,81.11764705882354,0.7647058823529411,0.7647058823529411,0.8235294117647058,1.0,1.0,16.0,112.0,896.0,145.0,339,0.0142701,0.0007343472315926456
1488991049205644303,16,persistence,test,16,regime_change,ok,17,272,0.17598510032635448,0.2767790814638719,0.0,0.0,0.0,0.0,1.0,1.0,1.0,1.0,8.0,1.0,0,7.5e-06,1.0217601708125974
1488991049205644303,16,raw_ar,test,16,regime_change,ok,17,272,0.03900485284569649,0.06313885311106666,0.0,0.0,0.0,0.0,1.0,1.0,112.0,112.0,896.0,112.0,113,0.0097434,4.610056263544331
1488991049205644303,16,raw_matched,test,16,regime_change,ok,17,272,0.584478158061407,0.7317230860663106,38.88235294117647,0.7058823529411765,0.7058823529411765,0.7647058823529411,1.0,1.0,112.0,112.0,896.0,112.0,339,0.002081,0.3076497619112675
1488991049205644303,16,vectorchain_absolute,test,16,regime_change,ok,17,272,0.17999185828063524,0.2525945352858694,14.352941176470589,0.0,0.0,0.0,1.0,1.0,16.0,80.0,640.0,144.0,243,0.0021961,0.9990149992760742
1488991049205644303,16,vectorchain_cartesian,test,16,regime_change,ok,17,272,0.1541970192536345,0.21512340280200112,14.647058823529411,0.0,0.0,0.0,1.0,1.0,16.0,48.0,384.0,144.0,147,0.0022844,1.16613516292527
1488991049205644303,16,vectorchain_relational,test,16,regime_change,ok,17,272,0.17981456616992805,0.2519813160647799,14.352941176470589,0.0,0.0,0.0,1.0,1.0,16.0,112.0,896.0,144.0,339,0.0022697,1.0
1488991049205644303,16,fixed_relational,test,16,second_order_response,ok,12,192,0.02571136812745897,0.02716338562427792,43.5,0.6666666666666666,0.6666666666666666,0.6666666666666666,1.0,1.0,16.0,112.0,896.0,145.0,339,0.0073135,1.3105946666048038
1488991049205644303,16,persistence,test,16,second_order_response,ok,12,192,0.017413373132727592,0.01626392237583067,0.0,0.0,0.0,0.0,1.0,1.0,1.0,1.0,8.0,1.0,0,7.350000000000001e-06,1.9351323653444399
1488991049205644303,16,raw_ar,test,16,second_order_response,ok,12,192,0.015106633871026827,0.015237424485870538,0.0,0.0,0.0,0.0,1.0,1.0,112.0,112.0,896.0,112.0,113,0.00953815,2.2306214757470655
1488991049205644303,16,raw_matched,test,16,second_order_response,ok,12,192,0.04566355188470357,0.05452516799199129,30.25,0.5,0.5,0.5833333333333334,1.0,1.0,112.0,112.0,896.0,112.0,339,0.0020921,0.7379448279459923
1488991049205644303,16,vectorchain_absolute,test,16,second_order_response,ok,12,192,0.03370634266016695,0.03926308063352299,16.083333333333332,0.0,0.0,0.0,1.0,1.0,16.0,80.0,640.0,213.16666666666666,243,0.00248215,0.999728219661835
1488991049205644303,16,vectorchain_cartesian,test,16,second_order_response,ok,12,192,0.03321624301315684,0.044313928545771236,16.166666666666668,0.0,0.0,0.0,1.0,1.0,16.0,48.0,384.0,213.16666666666666,147,0.00241945,1.0144790283962315
1488991049205644303,16,vectorchain_relational,test,16,second_order_response,ok,12,192,0.033697181938960465,0.039270601259620286,16.0,0.0,0.0,0.0,1.0,1.0,16.0,112.0,896.0,213.16666666666666,339,0.0024155,1.0
1488991049205644303,16,fixed_relational,test,16,sine,ok,12,192,0.063789508957998,0.09536514720880822,88.25,0.9166666666666666,0.9166666666666666,0.9166666666666666,1.0,1.0,16.0,112.0,896.0,145.0,339,0.0145349,1.6989699097284172
1488991049205644303,16,persistence,test,16,sine,ok,12,192,0.06891019893866987,0.10231958614165554,0.0,0.0,0.0,0.0,1.0,1.0,1.0,1.0,8.0,1.0,0,6.05e-06,1.5727201190123548
1488991049205644303,16,raw_ar,test,16,sine,ok,12,192,0.020409810766025868,0.02210720474622822,0.0,0.0,0.0,0.0,1.0,1.0,112.0,112.0,896.0,112.0,113,0.00940305,5.310017692882933
1488991049205644303,16,raw_matched,test,16,sine,ok,12,192,0.16636895794565187,0.16607732007623863,51.083333333333336,0.8333333333333334,0.8333333333333334,0.8333333333333334,1.0,1.0,112.0,112.0,896.0,112.0,339,0.00534865,0.651422342330193
1488991049205644303,16,vectorchain_absolute,test,16,sine,ok,12,192,0.1084615312895966,0.12127555024777999,15.75,0.0,0.0,0.0,1.0,1.0,16.0,80.0,640.0,236.08333333333334,243,0.00231135,0.9992156203900577
1488991049205644303,16,vectorchain_cartesian,test,16,sine,ok,12,192,0.10444348486521357,0.11997033887843185,16.25,0.0,0.0,0.0,1.0,1.0,16.0,48.0,384.0,236.08333333333334,147,0.00238855,1.0376564552193173
1488991049205644303,16,vectorchain_relational,test,16,sine,ok,12,192,0.10837645627598992,0.12122806824380054,15.75,0.0,0.0,0.0,1.0,1.0,16.0,112.0,896.0,236.08333333333334,339,0.0023196,1.0
1488991049205644303,16,fixed_relational,test,64,chirp,ok,10,640,1.1265619141316915e+23,3.6719131734376857e+23,71.9,0.7,0.7,0.7,1.0,1.0,16.0,112.0,896.0,145.0,339,0.012035500000000001,5.826274430622121e-24
1488991049205644303,16,persistence,test,64,chirp,ok,10,640,0.606338039895822,0.9343548872770858,0.0,0.0,0.0,0.0,1.0,1.0,1.0,1.0,8.0,1.0,0,6.35e-06,1.082508179091967
1488991049205644303,16,raw_ar,test,64,chirp,ok,10,640,0.18460766685070426,0.31959951718228075,0.0,0.0,0.0,0.0,1.0,1.0,112.0,112.0,896.0,112.0,113,0.0100541,3.555463858457376
1488991049205644303,16,raw_matched,test,64,chirp,ok,10,640,6.038757461461751,9.089225195932467,37.6,0.8,0.8,0.9,1.0,1.0,112.0,112.0,896.0,112.0,339,0.0026323,0.10869220889738099
1488991049205644303,16,vectorchain_absolute,test,64,chirp,ok,10,640,0.6564162907647335,0.8905737275465098,13.3,0.1,0.0,0.2,1.0,1.0,16.0,80.0,640.0,205.7,243,0.0020851000000000003,0.9999232144545712
1488991049205644303,16,vectorchain_cartesian,test,64,chirp,ok,10,640,0.6724775641565232,0.8990811507433321,14.1,0.1,0.0,0.1,1.0,1.0,16.0,48.0,384.0,205.7,147,0.00213145,0.9760413171628811
1488991049205644303,16,vectorchain_relational,test,64,chirp,ok,10,640,0.6563658874818188,0.8905512167560958,13.3,0.1,0.0,0.2,1.0,1.0,16.0,112.0,896.0,205.7,339,0.0020928,1.0
1488991049205644303,16,fixed_relational,test,64,first_order_response,ok,13,832,19405.804547773278,40255.81032467582,48.15384615384615,0.6153846153846154,0.6153846153846154,0.6153846153846154,1.0,1.0,16.0,112.0,896.0,145.0,339,0.009612,3.895239377318702e-06
1488991049205644303,16,persistence,test,64,first_order_response,ok,13,832,0.020405790471744505,0.019288414471539693,0.0,0.0,0.0,0.0,1.0,1.0,1.0,1.0,8.0,1.0,0,6.6e-06,3.7043531407276356
1488991049205644303,16,raw_ar,test,64,first_order_response,ok,13,832,0.03126699875152527,0.046379245816641684,0.0,0.0,0.0,0.0,1.0,1.0,112.0,112.0,896.0,112.0,113,0.0091631,2.41757306557443
1488991049205644303,16,raw_matched,test,64,first_order_response,ok,13,832,0.48047846324882787,0.7644880662688537,30.53846153846154,0.5384615384615384,0.5384615384615384,0.6153846153846154,1.0,1.0,112.0,112.0,896.0,112.0,339,0.0021633,0.1573228766840492
1488991049205644303,16,vectorchain_absolute,test,64,first_order_response,ok,13,832,0.0756206752467373,0.11467797757390735,15.76923076923077,0.0,0.0,0.0,1.0,1.0,16.0,80.0,640.0,156.23076923076923,243,0.0023366,0.9995977128794312
1488991049205644303,16,vectorchain_cartesian,test,64,first_order_response,ok,13,832,0.09458459109078543,0.1395429960946311,15.923076923076923,0.0,0.0,0.0,1.0,1.0,16.0,48.0,384.0,156.23076923076923,147,0.0023588,0.7991814856024781
1488991049205644303,16,vectorchain_relational,test,64,first_order_response,ok,13,832,0.07559025402303682,0.11466748167158397,15.76923076923077,0.0,0.0,0.0,1.0,1.0,16.0,112.0,896.0,156.23076923076923,339,0.0023545,1.0
1488991049205644303,16,fixed_relational,test,64,piecewise_linear,ok,11,704,278600.10393478925,643466.3649998456,71.36363636363636,0.9090909090909091,0.9090909090909091,0.9090909090909091,1.0,1.0,16.0,112.0,896.0,145.0,339,0.0110613,2.9892694224627797e-07
1488991049205644303,16,persistence,test,64,piecewise_linear,ok,11,704,0.04985501663483213,0.07997031939055868,0.0,0.0,0.0,0.0,1.0,1.0,1.0,1.0,8.0,1.0,0,6.1e-06,1.6704653372943798
1488991049205644303,16,raw_ar,test,64,piecewise_linear,ok,11,704,0.030792021432298797,0.04941833398758875,0.0,0.0,0.0,0.0,1.0,1.0,112.0,112.0,896.0,112.0,113,0.0095526,2.704631696942294
1488991049205644303,16,raw_matched,test,64,piecewise_linear,ok,11,704,4.66073712390771,6.05712462359227,31.636363636363637,0.5454545454545454,0.45454545454545453,0.5454545454545454,1.0,1.0,112.0,112.0,896.0,112.0,339,0.0020778,0.01786864930689253
1488991049205644303,16,vectorchain_absolute,test,64,piecewise_linear,ok,11,704,0.08334956842196903,0.08961739439456748,16.727272727272727,0.0,0.0,0.0,1.0,1.0,16.0,80.0,640.0,231.54545454545453,243,0.0025124,0.9991782651722863
1488991049205644303,16,vectorchain_cartesian,test,64,piecewise_linear,ok,11,704,0.06427572261177757,0.06315643877021294,16.636363636363637,0.0,0.0,0.0,1.0,1.0,16.0,48.0,384.0,231.54545454545453,147,0.0025414,1.2956848059373163
1488991049205644303,16,vectorchain_relational,test,64,piecewise_linear,ok,11,704,0.08328107717872178,0.08875773359472419,16.818181818181817,0.0,0.0,0.0,1.0,1.0,16.0,112.0,896.0,231.54545454545453,339,0.0025345,1.0
1488991049205644303,16,fixed_relational,test,64,ramp,ok,8,512,0.07854767159025842,0.17801233930771887,38.0,0.5,0.5,0.5,1.0,1.0,16.0,112.0,896.0,145.0,339,0.00531235,1.5440803723982277
1488991049205644303,16,persistence,test,64,ramp,ok,8,512,0.032838783405257393,0.04341511865884688,0.0,0.0,0.0,0.0,1.0,1.0,1.0,1.0,8.0,1.0,0,6.799999999999999e-06,3.6933133759359285
1488991049205644303,16,raw_ar,test,64,ramp,ok,8,512,0.032006271702698194,0.05332301827819069,0.0,0.0,0.0,0.0,1.0,1.0,112.0,112.0,896.0,112.0,113,0.00976625,3.7893797542772045
1488991049205644303,16,raw_matched,test,64,ramp,ok,8,512,0.7550803814353002,1.1993288457385212,26.875,0.5,0.5,0.5,1.0,1.0,112.0,112.0,896.0,112.0,339,0.0022214,0.16062385009865635
1488991049205644303,16,vectorchain_absolute,test,64,ramp,ok,8,512,0.12128348585480375,0.1983155925645575,16.75,0.0,0.0,0.0,1.0,1.0,16.0,80.0,640.0,307.875,243,0.0025424,1.0000035631008881
1488991049205644303,16,vectorchain_cartesian,test,64,ramp,ok,8,512,0.15147926496425734,0.24154778726503062,17.0,0.0,0.0,0.0,1.0,1.0,16.0,48.0,384.0,307.875,147,0.0025767,0.8006634969394508
1488991049205644303,16,vectorchain_relational,test,64,ramp,ok,8,512,0.12128391800009992,0.19834883178068438,16.75,0.0,0.0,0.0,1.0,1.0,16.0,112.0,896.0,307.875,339,0.00260055,1.0
1488991049205644303,16,fixed_relational,test,64,regime_change,ok,17,1088,4.828617837050495e+23,1.4790889581832234e+24,81.11764705882354,0.7647058823529411,0.7647058823529411,0.8235294117647058,1.0,1.0,16.0,112.0,896.0,145.0,339,0.0142701,1.3426082061814506e-24
1488991049205644303,16,persistence,test,64,regime_change,ok,17,1088,0.646500205417037,0.9557102081639293,0.0,0.0,0.0,0.0,1.0,1.0,1.0,1.0,8.0,1.0,0,7.5e-06,1.0027749222997042
1488991049205644303,16,raw_ar,test,64,regime_change,ok,17,1088,0.26131543058361906,0.4632490713306169,0.0,0.0,0.0,0.0,1.0,1.0,112.0,112.0,896.0,112.0,113,0.0097434,2.4808875304681353
1488991049205644303,16,raw_matched,test,64,regime_change,ok,17,1088,11.334760208140194,11.400030989112405,38.88235294117647,0.7058823529411765,0.7058823529411765,0.7647058823529411,1.0,1.0,112.0,112.0,896.0,112.0,339,0.002081,0.05719522789624008
1488991049205644303,16,vectorchain_absolute,test,64,regime_change,ok,17,1088,0.6489326005891648,0.916655281878815,14.352941176470589,0.0,0.0,0.0,1.0,1.0,16.0,80.0,640.0,144.0,243,0.0021961,0.9990162193504023
1488991049205644303,16,vectorchain_cartesian,test,64,regime_change,ok,17,1088,0.5814333701080516,0.8502900644633548,14.647058823529411,0.0,0.0,0.0,1.0,1.0,16.0,48.0,384.0,144.0,147,0.0022844,1.114993095654856
1488991049205644303,16,vectorchain_relational,test,64,regime_change,ok,17,1088,0.6482941932538121,0.914923135533934,14.352941176470589,0.0,0.0,0.0,1.0,1.0,16.0,112.0,896.0,144.0,339,0.0022697,1.0
1488991049205644303,16,fixed_relational,test,64,second_order_response,ok,12,768,120.27869053153624,357.86071771307275,43.5,0.6666666666666666,0.6666666666666666,0.6666666666666666,1.0,1.0,16.0,112.0,896.0,145.0,339,0.0073135,0.0007220969984565557
1488991049205644303,16,persistence,test,64,second_order_response,ok,12,768,0.024010018974325226,0.03014125757827063,0.0,0.0,0.0,0.0,1.0,1.0,1.0,1.0,8.0,1.0,0,7.350000000000001e-06,3.617359965603616
1488991049205644303,16,raw_ar,test,64,second_order_response,ok,12,768,0.028916425720121704,0.04315853154657991,0.0,0.0,0.0,0.0,1.0,1.0,112.0,112.0,896.0,112.0,113,0.00953815,3.003582885787646
1488991049205644303,16,raw_matched,test,64,second_order_response,ok,12,768,1.3193277612291008,2.1105264939788717,30.25,0.5,0.5,0.5833333333333334,1.0,1.0,112.0,112.0,896.0,112.0,339,0.0020921,0.06583116338747706
1488991049205644303,16,vectorchain_absolute,test,64,second_order_response,ok,12,768,0.08680044670401914,0.11896112751306716,16.083333333333332,0.0,0.0,0.0,1.0,1.0,16.0,80.0,640.0,213.16666666666666,243,0.00248215,1.00060408337836
1488991049205644303,16,vectorchain_cartesian,test,64,second_order_response,ok,12,768,0.0927143825616396,0.1266678451462586,16.166666666666668,0.0,0.0,0.0,1.0,1.0,16.0,48.0,384.0,213.16666666666666,147,0.00241945,0.9367789442308435
1488991049205644303,16,vectorchain_relational,test,64,second_order_response,ok,12,768,0.08685288141110727,0.11971372214254461,16.0,0.0,0.0,0.0,1.0,1.0,16.0,112.0,896.0,213.16666666666666,339,0.0024155,1.0
1488991049205644303,16,fixed_relational,test,64,sine,ok,12,768,98911775518508.53,277228763853795.25,88.25,0.9166666666666666,0.9166666666666666,0.9166666666666666,1.0,1.0,16.0,112.0,896.0,145.0,339,0.0145349,3.3474817672330796e-15
1488991049205644303,16,persistence,test,64,sine,ok,12,768,0.23575781259743697,0.35327184144984775,0.0,0.0,0.0,0.0,1.0,1.0,1.0,1.0,8.0,1.0,0,6.05e-06,1.4044300863879757
1488991049205644303,16,raw_ar,test,64,sine,ok,12,768,0.07768782470096024,0.13085552459251276,0.0,0.0,0.0,0.0,1.0,1.0,112.0,112.0,896.0,112.0,113,0.00940305,4.261998149483082
1488991049205644303,16,raw_matched,test,64,sine,ok,12,768,5.722544411912753,7.659524682684721,51.083333333333336,0.8333333333333334,0.8333333333333334,0.8333333333333334,1.0,1.0,112.0,112.0,896.0,112.0,339,0.00534865,0.05785981571826492
1488991049205644303,16,vectorchain_absolute,test,64,sine,ok,12,768,0.33124498581301953,0.4123437284904101,15.75,0.0,0.0,0.0,1.0,1.0,16.0,80.0,640.0,236.08333333333334,243,0.00231135,0.9995784971663246
1488991049205644303,16,vectorchain_cartesian,test,64,sine,ok,12,768,0.31019863945402,0.36687134673528493,16.25,0.0,0.0,0.0,1.0,1.0,16.0,48.0,384.0,236.08333333333334,147,0.00238855,1.0673978638192498
1488991049205644303,16,vectorchain_relational,test,64,sine,ok,12,768,0.3311053651128586,0.41219269642936557,15.75,0.0,0.0,0.0,1.0,1.0,16.0,112.0,896.0,236.08333333333334,339,0.0023196,1.0
1488991049205644303,16,fixed_relational,test,128,chirp,ok,10,1280,4.9979474408182916e+51,2.3037960054754372e+52,71.9,0.7,0.7,0.7,1.0,1.0,16.0,112.0,896.0,145.0,339,0.012035500000000001,2.3801151480319614e-52
1488991049205644303,16,persistence,test,128,chirp,ok,10,1280,1.001203472886948,1.2338113611295694,0.0,0.0,0.0,0.0,1.0,1.0,1.0,1.0,8.0,1.0,0,6.35e-06,1.1881391480453247
1488991049205644303,16,raw_ar,test,128,chirp,ok,10,1280,0.530809562310695,0.9115771571778832,0.0,0.0,0.0,0.0,1.0,1.0,112.0,112.0,896.0,112.0,113,0.0100541,2.2410467439914674
1488991049205644303,16,raw_matched,test,128,chirp,ok,10,1280,225.35766630300313,385.93982054366995,37.6,0.8,0.8,0.9,1.0,1.0,112.0,112.0,896.0,112.0,339,0.0026323,0.005278582534203616
1488991049205644303,16,vectorchain_absolute,test,128,chirp,ok,10,1280,1.1896907342153895,1.427978715178011,13.3,0.1,0.0,0.2,1.0,1.0,16.0,80.0,640.0,205.7,243,0.0020851000000000003,0.9998977104587179
1488991049205644303,16,vectorchain_cartesian,test,128,chirp,ok,10,1280,1.253957368460892,1.5508746778371383,14.1,0.1,0.0,0.1,1.0,1.0,16.0,48.0,384.0,205.7,147,0.00213145,0.9486519009461994
1488991049205644303,16,vectorchain_relational,test,128,chirp,ok,10,1280,1.189569041295919,1.4277379790279887,13.3,0.1,0.0,0.2,1.0,1.0,16.0,112.0,896.0,205.7,339,0.0020928,1.0
1488991049205644303,16,fixed_relational,test,128,first_order_response,ok,13,1664,8.608914760784438e+32,2.5255654425993516e+33,48.15384615384615,0.6153846153846154,0.6153846153846154,0.6153846153846154,1.0,1.0,16.0,112.0,896.0,145.0,339,0.009612,1.745714726236007e-34
1488991049205644303,16,persistence,test,128,first_order_response,ok,13,1664,0.019582999610614008,0.01717925044749578,0.0,0.0,0.0,0.0,1.0,1.0,1.0,1.0,8.0,1.0,0,6.6e-06,7.674365303396293
1488991049205644303,16,raw_ar,test,128,first_order_response,ok,13,1664,0.050391290029745905,0.0685438431684746,0.0,0.0,0.0,0.0,1.0,1.0,112.0,112.0,896.0,112.0,113,0.0091631,2.9824021702838923
1488991049205644303,16,raw_matched,test,128,first_order_response,ok,13,1664,22.81058754155788,36.802514940625045,30.53846153846154,0.5384615384615384,0.5384615384615384,0.6153846153846154,1.0,1.0,112.0,112.0,896.0,112.0,339,0.0021633,0.006588479690596132
1488991049205644303,16,vectorchain_absolute,test,128,first_order_response,ok,13,1664,0.15030991537066987,0.23679967555792786,15.76923076923077,0.0,0.0,0.0,1.0,1.0,16.0,80.0,640.0,156.23076923076923,243,0.0023366,0.9998481628940157
1488991049205644303,16,vectorchain_cartesian,test,128,first_order_response,ok,13,1664,0.201458255055407,0.2714097772281435,15.923076923076923,0.0,0.0,0.0,1.0,1.0,16.0,48.0,384.0,156.23076923076923,147,0.0023588,0.7459962000901171
1488991049205644303,16,vectorchain_relational,test,128,first_order_response,ok,13,1664,0.15028709274811924,0.23680141895497805,15.76923076923077,0.0,0.0,0.0,1.0,1.0,16.0,112.0,896.0,156.23076923076923,339,0.0023545,1.0
1488991049205644303,16,fixed_relational,test,128,piecewise_linear,ok,11,1408,1.235969410541327e+34,4.0370548331957967e+34,71.36363636363636,0.9090909090909091,0.9090909090909091,0.9090909090909091,1.0,1.0,16.0,112.0,896.0,145.0,339,0.0110613,8.978655038345318e-36
1488991049205644303,16,persistence,test,128,piecewise_linear,ok,11,1408,0.09574316525585239,0.16660215237152023,0.0,0.0,0.0,0.0,1.0,1.0,1.0,1.0,8.0,1.0,0,6.1e-06,1.1590741694764728
1488991049205644303,16,raw_ar,test,128,piecewise_linear,ok,11,1408,0.06807537426467104,0.11537871777751602,0.0,0.0,0.0,0.0,1.0,1.0,112.0,112.0,896.0,112.0,113,0.0095526,1.630155264670612
1488991049205644303,16,raw_matched,test,128,piecewise_linear,ok,11,1408,241.2269142921521,369.62466285227833,31.636363636363637,0.5454545454545454,0.45454545454545453,0.5454545454545454,1.0,1.0,112.0,112.0,896.0,112.0,339,0.0020778,0.000460037513134106
1488991049205644303,16,vectorchain_absolute,test,128,piecewise_linear,ok,11,1408,0.11095043587559549,0.11961501915954297,16.727272727272727,0.0,0.0,0.0,1.0,1.0,16.0,80.0,640.0,231.54545454545453,243,0.0025124,1.0002072445790666
1488991049205644303,16,vectorchain_cartesian,test,128,piecewise_linear,ok,11,1408,0.0877736660021747,0.10560010268362562,16.636363636363637,0.0,0.0,0.0,1.0,1.0,16.0,48.0,384.0,231.54545454545453,147,0.0025414,1.2643134872505641
1488991049205644303,16,vectorchain_relational,test,128,piecewise_linear,ok,11,1408,0.11097342975197579,0.11994622990248466,16.818181818181817,0.0,0.0,0.0,1.0,1.0,16.0,112.0,896.0,231.54545454545453,339,0.0025345,1.0
1488991049205644303,16,fixed_relational,test,128,ramp,ok,8,1024,2.164579447776179e+19,9.274341749125389e+19,38.0,0.5,0.5,0.5,1.0,1.0,16.0,112.0,896.0,145.0,339,0.00531235,1.2423858734248594e-20
1488991049205644303,16,persistence,test,128,ramp,ok,8,1024,0.0493605121163213,0.07388738538648111,0.0,0.0,0.0,0.0,1.0,1.0,1.0,1.0,8.0,1.0,0,6.799999999999999e-06,5.448166586046615
1488991049205644303,16,raw_ar,test,128,ramp,ok,8,1024,0.0628737246239614,0.09618096405373196,0.0,0.0,0.0,0.0,1.0,1.0,112.0,112.0,896.0,112.0,113,0.00976625,4.27721268925434
1488991049205644303,16,raw_matched,test,128,ramp,ok,8,1024,36.526136896927525,53.196427659960726,26.875,0.5,0.5,0.5,1.0,1.0,112.0,112.0,896.0,112.0,339,0.0022214,0.007362516697048024
1488991049205644303,16,vectorchain_absolute,test,128,ramp,ok,8,1024,0.2689240343236578,0.4257329177454616,16.75,0.0,0.0,0.0,1.0,1.0,16.0,80.0,640.0,307.875,243,0.0025424,1.0000009610841725
1488991049205644303,16,vectorchain_cartesian,test,128,ramp,ok,8,1024,0.3268053360500571,0.5394590228440181,17.0,0.0,0.0,0.0,1.0,1.0,16.0,48.0,384.0,307.875,147,0.0025767,0.8228883164291398
1488991049205644303,16,vectorchain_relational,test,128,ramp,ok,8,1024,0.2689242927822908,0.42578450112086136,16.75,0.0,0.0,0.0,1.0,1.0,16.0,112.0,896.0,307.875,339,0.00260055,1.0
1488991049205644303,16,fixed_relational,test,128,regime_change,ok,17,2176,2.14219723374273e+52,9.279955904718322e+52,81.11764705882354,0.7647058823529411,0.7647058823529411,0.8235294117647058,1.0,1.0,16.0,112.0,896.0,145.0,339,0.0142701,5.384567673838273e-53
1488991049205644303,16,persistence,test,128,regime_change,ok,17,2176,0.9981478357182132,1.1732872684446711,0.0,0.0,0.0,0.0,1.0,1.0,1.0,1.0,8.0,1.0,0,7.5e-06,1.1556209975145668
1488991049205644303,16,raw_ar,test,128,regime_change,ok,17,2176,0.7784688712839514,1.3415126167074811,0.0,0.0,0.0,0.0,1.0,1.0,112.0,112.0,896.0,112.0,113,0.0097434,1.4817298932932519
1488991049205644303,16,raw_matched,test,128,regime_change,ok,17,2176,467.97542679934344,575.4589271809534,38.88235294117647,0.7058823529411765,0.7058823529411765,0.7647058823529411,1.0,1.0,112.0,112.0,896.0,112.0,339,0.002081,0.002464831552094021
1488991049205644303,16,vectorchain_absolute,test,128,regime_change,ok,17,2176,1.1541513398307301,1.1902217527340235,14.352941176470589,0.0,0.0,0.0,1.0,1.0,16.0,80.0,640.0,144.0,243,0.0021961,0.9994188437617367
1488991049205644303,16,vectorchain_cartesian,test,128,regime_change,ok,17,2176,1.067401031014184,1.2479057122579649,14.647058823529411,0.0,0.0,0.0,1.0,1.0,16.0,48.0,384.0,144.0,147,0.0022844,1.0806440729064275
1488991049205644303,16,vectorchain_relational,test,128,regime_change,ok,17,2176,1.1534805975796876,1.188747282572296,14.352941176470589,0.0,0.0,0.0,1.0,1.0,16.0,112.0,896.0,144.0,339,0.0022697,1.0
1488991049205644303,16,fixed_relational,test,128,second_order_response,ok,12,1536,5.303088042323272e+30,2.2329087681611523e+31,43.5,0.6666666666666666,0.6666666666666666,0.6666666666666666,1.0,1.0,16.0,112.0,896.0,145.0,339,0.0073135,2.875784144973857e-32
1488991049205644303,16,persistence,test,128,second_order_response,ok,12,1536,0.03818733104821765,0.05814910341326796,0.0,0.0,0.0,0.0,1.0,1.0,1.0,1.0,8.0,1.0,0,7.350000000000001e-06,3.993611517981568
1488991049205644303,16,raw_ar,test,128,second_order_response,ok,12,1536,0.046618183317540286,0.05885523641906885,0.0,0.0,0.0,0.0,1.0,1.0,112.0,112.0,896.0,112.0,113,0.00953815,3.271370831341606
1488991049205644303,16,raw_matched,test,128,second_order_response,ok,12,1536,81.17061070507368,121.57387297473137,30.25,0.5,0.5,0.5833333333333334,1.0,1.0,112.0,112.0,896.0,112.0,339,0.0020921,0.001878824907074459
1488991049205644303,16,vectorchain_absolute,test,128,second_order_response,ok,12,1536,0.1519137591974889,0.21676451723121537,16.083333333333332,0.0,0.0,0.0,1.0,1.0,16.0,80.0,640.0,213.16666666666666,243,0.00248215,1.0038943537489529
1488991049205644303,16,vectorchain_cartesian,test,128,second_order_response,ok,12,1536,0.17910640361670221,0.24841433821945366,16.166666666666668,0.0,0.0,0.0,1.0,1.0,16.0,48.0,384.0,213.16666666666666,147,0.00241945,0.8514791321560296
1488991049205644303,16,vectorchain_relational,test,128,second_order_response,ok,12,1536,0.15250536511513715,0.21773699536137367,16.0,0.0,0.0,0.0,1.0,1.0,16.0,112.0,896.0,213.16666666666666,339,0.0024155,1.0
1488991049205644303,16,fixed_relational,test,128,sine,ok,12,1536,4.3881818907074773e+42,1.7393617126697568e+43,88.25,0.9166666666666666,0.9166666666666666,0.9166666666666666,1.0,1.0,16.0,112.0,896.0,145.0,339,0.0145349,1.1062196212223815e-43
1488991049205644303,16,persistence,test,128,sine,ok,12,1536,0.41750531879637176,0.5587825871214213,0.0,0.0,0.0,0.0,1.0,1.0,1.0,1.0,8.0,1.0,0,6.05e-06,1.1626900761379053
1488991049205644303,16,raw_ar,test,128,sine,ok,12,1536,0.2130861365616312,0.35986074634798526,0.0,0.0,0.0,0.0,1.0,1.0,112.0,112.0,896.0,112.0,113,0.00940305,2.2780895028285078
1488991049205644303,16,raw_matched,test,128,sine,ok,12,1536,252.51757057445022,467.8148555440974,51.083333333333336,0.8333333333333334,0.8333333333333334,0.8333333333333334,1.0,1.0,112.0,112.0,896.0,112.0,339,0.00534865,0.0019223584711156325
1488991049205644303,16,vectorchain_absolute,test,128,sine,ok,12,1536,0.484494932959044,0.4861047328723452,15.75,0.0,0.0,0.0,1.0,1.0,16.0,80.0,640.0,236.08333333333334,243,0.00231135,1.001928519529778
1488991049205644303,16,vectorchain_cartesian,test,128,sine,ok,12,1536,0.45337330740646964,0.4661417201115407,16.25,0.0,0.0,0.0,1.0,1.0,16.0,48.0,384.0,236.08333333333334,147,0.00238855,1.0707054936168192
1488991049205644303,16,vectorchain_relational,test,128,sine,ok,12,1536,0.48542929089933395,0.48676244764312915,15.75,0.0,0.0,0.0,1.0,1.0,16.0,112.0,896.0,236.08333333333334,339,0.0023196,1.0
1488991049205644303,16,fixed_relational,validation,16,chirp,ok,19,304,0.20997815253090255,0.32944198412963166,58.89473684210526,0.8421052631578947,0.7894736842105263,0.8421052631578947,1.0,1.0,16.0,112.0,896.0,145.0,339,0.0041979,0.7062149653854001
1488991049205644303,16,persistence,validation,16,chirp,ok,19,304,0.13437924556247385,0.20444960845944746,0.0,0.0,0.0,0.0,1.0,1.0,1.0,1.0,8.0,1.0,0,6.6e-06,1.1035164924509169
1488991049205644303,16,raw_ar,validation,16,chirp,ok,19,304,0.02490677990208749,0.03315741009751929,0.0,0.0,0.0,0.0,1.0,1.0,112.0,112.0,896.0,112.0,113,0.0081345,5.953789060820067
1488991049205644303,16,raw_matched,validation,16,chirp,ok,19,304,0.19585858131977213,0.23520694625294003,35.473684210526315,0.631578947368421,0.631578947368421,0.631578947368421,1.0,1.0,112.0,112.0,896.0,112.0,339,0.0017271,0.7571264568652912
1488991049205644303,16,vectorchain_absolute,validation,16,chirp,ok,19,304,0.14830440125232897,0.15424889740090048,15.894736842105264,0.0,0.0,0.0,1.0,1.0,16.0,80.0,640.0,194.52631578947367,243,0.0021899,0.9999009636200723
1488991049205644303,16,vectorchain_cartesian,validation,16,chirp,ok,19,304,0.14401922717291277,0.1454983587927309,15.789473684210526,0.0,0.0,0.0,1.0,1.0,16.0,48.0,384.0,194.52631578947367,147,0.0021813,1.0296521973643253
1488991049205644303,16,vectorchain_relational,validation,16,chirp,ok,19,304,0.1482897137213016,0.15420842894593267,15.894736842105264,0.0,0.0,0.0,1.0,1.0,16.0,112.0,896.0,194.52631578947367,339,0.0022157,1.0
1488991049205644303,16,fixed_relational,validation,16,first_order_response,ok,19,304,0.02408611200759059,0.029465807677610405,31.94736842105263,0.3157894736842105,0.3157894736842105,0.3157894736842105,1.0,1.0,16.0,112.0,896.0,145.0,339,0.0026076,1.1174434985482342
1488991049205644303,16,persistence,validation,16,first_order_response,ok,19,304,0.021592464580320467,0.015885358813613443,0.0,0.0,0.0,0.0,1.0,1.0,1.0,1.0,8.0,1.0,0,7.1e-06,1.246493616699831
1488991049205644303,16,raw_ar,validation,16,first_order_response,ok,19,304,0.015423636347910618,0.01364061679179172,0.0,0.0,0.0,0.0,1.0,1.0,112.0,112.0,896.0,112.0,113,0.0082459,1.7450404470819048
1488991049205644303,16,raw_matched,validation,16,first_order_response,ok,19,304,0.052262741674245994,0.06233815584892367,19.894736842105264,0.3157894736842105,0.3157894736842105,0.3684210526315789,1.0,1.0,112.0,112.0,896.0,112.0,339,0.0018148,0.5149915294522284
1488991049205644303,16,vectorchain_absolute,validation,16,first_order_response,ok,19,304,0.026929236400884626,0.02660306613133399,15.894736842105264,0.0,0.0,0.0,1.0,1.0,16.0,80.0,640.0,204.52631578947367,243,0.0022027,0.9994664857003709
1488991049205644303,16,vectorchain_cartesian,validation,16,first_order_response,ok,19,304,0.021984778515290848,0.02164311013904229,16.210526315789473,0.0,0.0,0.0,1.0,1.0,16.0,48.0,384.0,204.52631578947367,147,0.0022267,1.2242501897149811
1488991049205644303,16,vectorchain_relational,validation,16,first_order_response,ok,19,304,0.02691486926818666,0.02653928810435583,15.894736842105264,0.0,0.0,0.0,1.0,1.0,16.0,112.0,896.0,204.52631578947367,339,0.0022585,1.0
1488991049205644303,16,fixed_relational,validation,16,piecewise_linear,ok,17,272,0.04324209668780434,0.05480098554466065,31.823529411764707,0.23529411764705882,0.23529411764705882,0.23529411764705882,1.0,1.0,16.0,112.0,896.0,145.0,339,0.0020192,0.9118146605817352
1488991049205644303,16,persistence,validation,16,piecewise_linear,ok,17,272,0.026933443360866033,0.035521298813015384,0.0,0.0,0.0,0.0,1.0,1.0,1.0,1.0,8.0,1.0,0,5.9e-06,1.463933786183553
1488991049205644303,16,raw_ar,validation,16,piecewise_linear,ok,17,272,0.015869726861896354,0.01771918954580546,0.0,0.0,0.0,0.0,1.0,1.0,112.0,112.0,896.0,112.0,113,0.0081499,2.4845278092909377
1488991049205644303,16,raw_matched,validation,16,piecewise_linear,ok,17,272,0.05852167869775914,0.07110263068490928,30.823529411764707,0.47058823529411764,0.47058823529411764,0.47058823529411764,1.0,1.0,112.0,112.0,896.0,112.0,339,0.0019798,0.673746525930444
1488991049205644303,16,vectorchain_absolute,validation,16,piecewise_linear,ok,17,272,0.03946306004860479,0.04545214914854081,16.058823529411764,0.0,0.0,0.0,1.0,1.0,16.0,80.0,640.0,207.52941176470588,243,0.0021847,0.9991312803839928
1488991049205644303,16,vectorchain_cartesian,validation,16,piecewise_linear,ok,17,272,0.035744902591026244,0.03979877363941858,16.11764705882353,0.0,0.0,0.0,1.0,1.0,16.0,48.0,384.0,207.52941176470588,147,0.0021933,1.1030601528099138
1488991049205644303,16,vectorchain_relational,validation,16,piecewise_linear,ok,17,272,0.03942877771423289,0.04543757247988564,16.058823529411764,0.0,0.0,0.0,1.0,1.0,16.0,112.0,896.0,207.52941176470588,339,0.0022194,1.0
1488991049205644303,16,fixed_relational,validation,16,ramp,ok,12,192,0.017572520693085947,0.020370957812700614,41.0,0.5833333333333334,0.5833333333333334,0.5833333333333334,1.0,1.0,16.0,112.0,896.0,145.0,339,0.006787100000000001,2.0001013391268456
1488991049205644303,16,persistence,validation,16,ramp,ok,12,192,0.01773240370541464,0.015680272219526965,0.0,0.0,0.0,0.0,1.0,1.0,1.0,1.0,8.0,1.0,0,6e-06,1.9820675613957075
1488991049205644303,16,raw_ar,validation,16,ramp,ok,12,192,0.012719423624434718,0.011035785019127359,0.0,0.0,0.0,0.0,1.0,1.0,112.0,112.0,896.0,112.0,113,0.0080033,2.7632401599201724
1488991049205644303,16,raw_matched,validation,16,ramp,ok,12,192,0.035715572441735476,0.04990408802289168,30.75,0.5,0.5,0.5,1.0,1.0,112.0,112.0,896.0,112.0,339,0.0018413499999999998,0.9840755661248913
1488991049205644303,16,vectorchain_absolute,validation,16,ramp,ok,12,192,0.03517433970878732,0.03990065786147285,16.416666666666668,0.0,0.0,0.0,1.0,1.0,16.0,80.0,640.0,231.08333333333334,243,0.0022734,0.999217681442218
1488991049205644303,16,vectorchain_cartesian,validation,16,ramp,ok,12,192,0.03341560057934837,0.03687528136473864,16.583333333333332,0.0,0.0,0.0,1.0,1.0,16.0,48.0,384.0,231.08333333333334,147,0.0022496,1.0518087827455351
1488991049205644303,16,vectorchain_relational,validation,16,ramp,ok,12,192,0.035146822170075406,0.039875516812988655,16.416666666666668,0.0,0.0,0.0,1.0,1.0,16.0,112.0,896.0,231.08333333333334,339,0.0023793499999999997,1.0
1488991049205644303,16,fixed_relational,validation,16,regime_change,ok,21,336,83.59833953451914,146.86655299089838,65.28571428571429,0.6190476190476191,0.6190476190476191,0.6666666666666666,1.0,1.0,16.0,112.0,896.0,145.0,339,0.0091693,0.00253202153241023
1488991049205644303,16,persistence,validation,16,regime_change,ok,21,336,0.13927154420026985,0.2038491387385193,0.0,0.0,0.0,0.0,1.0,1.0,1.0,1.0,8.0,1.0,0,7.5e-06,1.5198567445390163
1488991049205644303,16,raw_ar,validation,16,regime_change,ok,21,336,0.04754938315281103,0.07246969376565143,0.0,0.0,0.0,0.0,1.0,1.0,112.0,112.0,896.0,112.0,113,0.0083175,4.4516412567305865
1488991049205644303,16,raw_matched,validation,16,regime_change,ok,21,336,0.42140319283682814,0.5274306109078765,47.23809523809524,0.8095238095238095,0.7619047619047619,0.8095238095238095,1.0,1.0,112.0,112.0,896.0,112.0,339,0.0026933,0.5023046796351774
1488991049205644303,16,vectorchain_absolute,validation,16,regime_change,ok,21,336,0.21164316738175268,0.27178520834290587,12.333333333333334,0.0,0.0,0.2857142857142857,1.0,1.0,16.0,80.0,640.0,170.9047619047619,243,0.001854,1.0001399922036591
1488991049205644303,16,vectorchain_cartesian,validation,16,regime_change,ok,21,336,0.21248442202558115,0.2615713712162849,13.380952380952381,0.09523809523809523,0.0,0.19047619047619047,1.0,1.0,16.0,48.0,384.0,170.9047619047619,147,0.0019633,0.996180302336048
1488991049205644303,16,vectorchain_relational,validation,16,regime_change,ok,21,336,0.21167279577514386,0.27190790900313466,12.285714285714286,0.0,0.0,0.2857142857142857,1.0,1.0,16.0,112.0,896.0,170.9047619047619,339,0.0018642,1.0
1488991049205644303,16,fixed_relational,validation,16,second_order_response,ok,17,272,0.027621814112305715,0.03304963918830343,49.94117647058823,0.6470588235294118,0.6470588235294118,0.6470588235294118,1.0,1.0,16.0,112.0,896.0,145.0,339,0.0084647,1.317985127726256
1488991049205644303,16,persistence,validation,16,second_order_response,ok,17,272,0.019152523773424274,0.01909652384199787,0.0,0.0,0.0,0.0,1.0,1.0,1.0,1.0,8.0,1.0,0,5.8e-06,1.9008012015290288
1488991049205644303,16,raw_ar,validation,16,second_order_response,ok,17,272,0.012498078719120185,0.013301068679096209,0.0,0.0,0.0,0.0,1.0,1.0,112.0,112.0,896.0,112.0,113,0.0079752,2.9128589296804273
1488991049205644303,16,raw_matched,validation,16,second_order_response,ok,17,272,0.07175594677367561,0.08641063664736934,36.94117647058823,0.6470588235294118,0.6470588235294118,0.7058823529411765,1.0,1.0,112.0,112.0,896.0,112.0,339,0.0023353,0.5073466637638142
1488991049205644303,16,vectorchain_absolute,validation,16,second_order_response,ok,17,272,0.03641819578060111,0.043937429110200876,16.294117647058822,0.0,0.0,0.0,1.0,1.0,16.0,80.0,640.0,213.1764705882353,243,0.0022386,0.9996415094300218
1488991049205644303,16,vectorchain_cartesian,validation,16,second_order_response,ok,17,272,0.0370873849269493,0.04397413227261776,16.235294117647058,0.0,0.0,0.0,1.0,1.0,16.0,48.0,384.0,213.1764705882353,147,0.002194,0.9816043992464023
1488991049205644303,16,vectorchain_relational,validation,16,second_order_response,ok,17,272,0.03640514020083815,0.04394151696331193,16.294117647058822,0.0,0.0,0.0,1.0,1.0,16.0,112.0,896.0,213.1764705882353,339,0.0021967,1.0
1488991049205644303,16,fixed_relational,validation,16,sine,ok,12,192,0.0428628594586229,0.050995449992498006,29.25,0.4166666666666667,0.3333333333333333,0.4166666666666667,1.0,1.0,16.0,112.0,896.0,145.0,339,0.0022971,3.3543279856896935
1488991049205644303,16,persistence,validation,16,sine,ok,12,192,0.06293113064086521,0.09100224222792645,0.0,0.0,0.0,0.0,1.0,1.0,1.0,1.0,8.0,1.0,0,5.2500000000000006e-06,2.2846576497924853
1488991049205644303,16,raw_ar,validation,16,sine,ok,12,192,0.01787065334601193,0.019648585965505276,0.0,0.0,0.0,0.0,1.0,1.0,112.0,112.0,896.0,112.0,113,0.007879,8.04537395723299
1488991049205644303,16,raw_matched,validation,16,sine,ok,12,192,0.09128808066606958,0.13657863856309535,22.833333333333332,0.5833333333333334,0.5,0.5833333333333334,1.0,1.0,112.0,112.0,896.0,112.0,339,0.00182855,1.5749711022479893
1488991049205644303,16,vectorchain_absolute,validation,16,sine,ok,12,192,0.14378665667443977,0.15405325657756141,16.0,0.0,0.0,0.16666666666666666,1.0,1.0,16.0,80.0,640.0,303.5,243,0.00219705,0.9999265046845013
1488991049205644303,16,vectorchain_cartesian,validation,16,sine,ok,12,192,0.15742115208080618,0.1613012728040235,16.25,0.0,0.0,0.0,1.0,1.0,16.0,48.0,384.0,303.5,147,0.0021826,0.9133212857884624
1488991049205644303,16,vectorchain_relational,validation,16,sine,ok,12,192,0.14377608902874298,0.15405169789903742,16.0,0.0,0.0,0.16666666666666666,1.0,1.0,16.0,112.0,896.0,303.5,339,0.00217115,1.0
1488991049205644303,16,fixed_relational,validation,64,chirp,ok,19,1216,8.40100352929666e+18,2.374922903804938e+19,58.89473684210526,0.8421052631578947,0.7894736842105263,0.8421052631578947,1.0,1.0,16.0,112.0,896.0,145.0,339,0.0041979,6.600454325399216e-20
1488991049205644303,16,persistence,validation,64,chirp,ok,19,1216,0.51165541881628,0.7822732579547932,0.0,0.0,0.0,0.0,1.0,1.0,1.0,1.0,8.0,1.0,0,6.6e-06,1.0837457797461694
1488991049205644303,16,raw_ar,validation,64,chirp,ok,19,1216,0.14019796726959402,0.25795183781535824,0.0,0.0,0.0,0.0,1.0,1.0,112.0,112.0,896.0,112.0,113,0.0081345,3.955152928573612
1488991049205644303,16,raw_matched,validation,64,chirp,ok,19,1216,3.925872607752587,4.889027743219031,35.473684210526315,0.631578947368421,0.631578947368421,0.631578947368421,1.0,1.0,112.0,112.0,896.0,112.0,339,0.0017271,0.14124360523859048
1488991049205644303,16,vectorchain_absolute,validation,64,chirp,ok,19,1216,0.5545473359706956,0.6013411384961552,15.894736842105264,0.0,0.0,0.0,1.0,1.0,16.0,80.0,640.0,194.52631578947367,243,0.0021899,0.9999225762319852
1488991049205644303,16,vectorchain_cartesian,validation,64,chirp,ok,19,1216,0.40812314531816113,0.46053522709915656,15.789473684210526,0.0,0.0,0.0,1.0,1.0,16.0,48.0,384.0,194.52631578947367,147,0.0021813,1.3586693310278357
1488991049205644303,16,vectorchain_relational,validation,64,chirp,ok,19,1216,0.5545044008264022,0.6012588709722863,15.894736842105264,0.0,0.0,0.0,1.0,1.0,16.0,112.0,896.0,194.52631578947367,339,0.0022157,1.0
1488991049205644303,16,fixed_relational,validation,64,first_order_response,ok,19,1216,84.4369919861784,145.1629153209915,31.94736842105263,0.3157894736842105,0.3157894736842105,0.3157894736842105,1.0,1.0,16.0,112.0,896.0,145.0,339,0.0026076,0.0008023877320275348
1488991049205644303,16,persistence,validation,64,first_order_response,ok,19,1216,0.019973960673744313,0.015188774088582815,0.0,0.0,0.0,0.0,1.0,1.0,1.0,1.0,8.0,1.0,0,7.1e-06,3.391976564171146
1488991049205644303,16,raw_ar,validation,64,first_order_response,ok,19,1216,0.02557740099578152,0.029992201944495932,0.0,0.0,0.0,0.0,1.0,1.0,112.0,112.0,896.0,112.0,113,0.0082459,2.6488698562528312
1488991049205644303,16,raw_matched,validation,64,first_order_response,ok,19,1216,0.3255085371341404,0.4730526283985247,19.894736842105264,0.3157894736842105,0.3157894736842105,0.3684210526315789,1.0,1.0,112.0,112.0,896.0,112.0,339,0.0018148,0.20813956861320934
1488991049205644303,16,vectorchain_absolute,validation,64,first_order_response,ok,19,1216,0.06797412760919716,0.09940843400739814,15.894736842105264,0.0,0.0,0.0,1.0,1.0,16.0,80.0,640.0,204.52631578947367,243,0.0022027,0.9967205006077904
1488991049205644303,16,vectorchain_cartesian,validation,64,first_order_response,ok,19,1216,0.08244411598005727,0.14228307825215336,16.210526315789473,0.0,0.0,0.0,1.0,1.0,16.0,48.0,384.0,204.52631578947367,147,0.0022267,0.8217834067795139
1488991049205644303,16,vectorchain_relational,validation,64,first_order_response,ok,19,1216,0.06775120649901682,0.09991328565352389,15.894736842105264,0.0,0.0,0.0,1.0,1.0,16.0,112.0,896.0,204.52631578947367,339,0.0022585,1.0
1488991049205644303,16,fixed_relational,validation,64,piecewise_linear,ok,17,1088,790697292421.5731,1619942384117.1675,31.823529411764707,0.23529411764705882,0.23529411764705882,0.23529411764705882,1.0,1.0,16.0,112.0,896.0,145.0,339,0.0020192,1.5603821340450725e-13
1488991049205644303,16,persistence,validation,64,piecewise_linear,ok,17,1088,0.07190512472156986,0.1073840879928736,0.0,0.0,0.0,0.0,1.0,1.0,1.0,1.0,8.0,1.0,0,5.9e-06,1.7158581301540066
1488991049205644303,16,raw_ar,validation,64,piecewise_linear,ok,17,1088,0.03909436090036709,0.055950097650924104,0.0,0.0,0.0,0.0,1.0,1.0,112.0,112.0,896.0,112.0,113,0.0081499,3.1559281188322226
1488991049205644303,16,raw_matched,validation,64,piecewise_linear,ok,17,1088,0.7037635179147386,1.2144576612174667,30.823529411764707,0.47058823529411764,0.47058823529411764,0.47058823529411764,1.0,1.0,112.0,112.0,896.0,112.0,339,0.0019798,0.17531314100909526
1488991049205644303,16,vectorchain_absolute,validation,64,piecewise_linear,ok,17,1088,0.12341681047515365,0.18891949586642534,16.058823529411764,0.0,0.0,0.0,1.0,1.0,16.0,80.0,640.0,207.52941176470588,243,0.0021847,0.9996935780323235
1488991049205644303,16,vectorchain_cartesian,validation,64,piecewise_linear,ok,17,1088,0.09776767886304305,0.12594023635490484,16.11764705882353,0.0,0.0,0.0,1.0,1.0,16.0,48.0,384.0,207.52941176470588,147,0.0021933,1.2619609495493682
1488991049205644303,16,vectorchain_relational,validation,64,piecewise_linear,ok,17,1088,0.1233789928532435,0.18888640251295258,16.058823529411764,0.0,0.0,0.0,1.0,1.0,16.0,112.0,896.0,207.52941176470588,339,0.0022194,1.0
1488991049205644303,16,fixed_relational,validation,64,ramp,ok,12,768,0.11761378129340332,0.24727842636656416,41.0,0.5833333333333334,0.5833333333333334,0.5833333333333334,1.0,1.0,16.0,112.0,896.0,145.0,339,0.006787100000000001,0.7493232131199663
1488991049205644303,16,persistence,validation,64,ramp,ok,12,768,0.028100530730382232,0.03372299792392789,0.0,0.0,0.0,0.0,1.0,1.0,1.0,1.0,8.0,1.0,0,6e-06,3.136265907272534
1488991049205644303,16,raw_ar,validation,64,ramp,ok,12,768,0.028322976710219105,0.03782581110693247,0.0,0.0,0.0,0.0,1.0,1.0,112.0,112.0,896.0,112.0,113,0.0080033,3.111633971515566
1488991049205644303,16,raw_matched,validation,64,ramp,ok,12,768,0.6308055511224441,1.2873913182376875,30.75,0.5,0.5,0.5,1.0,1.0,112.0,112.0,896.0,112.0,339,0.0018413499999999998,0.13971141558463412
1488991049205644303,16,vectorchain_absolute,validation,64,ramp,ok,12,768,0.08816164235264692,0.09647720849189034,16.416666666666668,0.0,0.0,0.0,1.0,1.0,16.0,80.0,640.0,231.08333333333334,243,0.0022734,0.9996494411190601
1488991049205644303,16,vectorchain_cartesian,validation,64,ramp,ok,12,768,0.09616087508218336,0.11460115407718581,16.583333333333332,0.0,0.0,0.0,1.0,1.0,16.0,48.0,384.0,231.08333333333334,147,0.0022496,0.916492663264987
1488991049205644303,16,vectorchain_relational,validation,64,ramp,ok,12,768,0.08813073650596195,0.09644772714407727,16.416666666666668,0.0,0.0,0.0,1.0,1.0,16.0,112.0,896.0,231.08333333333334,339,0.0023793499999999997,1.0
1488991049205644303,16,fixed_relational,validation,64,regime_change,ok,21,1344,1.628689418810555e+23,5.7160158758355996e+23,65.28571428571429,0.6190476190476191,0.6190476190476191,0.6666666666666666,1.0,1.0,16.0,112.0,896.0,145.0,339,0.0091693,4.8191805769093615e-24
1488991049205644303,16,persistence,validation,64,regime_change,ok,21,1344,0.5847185087023441,0.9317042720838754,0.0,0.0,0.0,0.0,1.0,1.0,1.0,1.0,8.0,1.0,0,7.5e-06,1.3423464959863614
1488991049205644303,16,raw_ar,validation,64,regime_change,ok,21,1344,0.3080395968838742,0.5484525278653631,0.0,0.0,0.0,0.0,1.0,1.0,112.0,112.0,896.0,112.0,113,0.0083175,2.548032295961141
1488991049205644303,16,raw_matched,validation,64,regime_change,ok,21,1344,15.120378190629097,19.751300282447396,47.23809523809524,0.8095238095238095,0.7619047619047619,0.8095238095238095,1.0,1.0,112.0,112.0,896.0,112.0,339,0.0026933,0.05190973607931337
1488991049205644303,16,vectorchain_absolute,validation,64,regime_change,ok,21,1344,0.7846350334480956,1.2254084007749189,12.333333333333334,0.0,0.0,0.2857142857142857,1.0,1.0,16.0,80.0,640.0,170.9047619047619,243,0.001854,1.000331119355868
1488991049205644303,16,vectorchain_cartesian,validation,64,regime_change,ok,21,1344,0.7271924477098457,1.1477117238273262,13.380952380952381,0.09523809523809523,0.0,0.19047619047619047,1.0,1.0,16.0,48.0,384.0,170.9047619047619,147,0.0019633,1.0793495501319346
1488991049205644303,16,vectorchain_relational,validation,64,regime_change,ok,21,1344,0.7848948412949623,1.2253669200251855,12.285714285714286,0.0,0.0,0.2857142857142857,1.0,1.0,16.0,112.0,896.0,170.9047619047619,339,0.0018642,1.0
1488991049205644303,16,fixed_relational,validation,64,second_order_response,ok,17,1088,836505.1988630338,1517510.983214334,49.94117647058823,0.6470588235294118,0.6470588235294118,0.6470588235294118,1.0,1.0,16.0,112.0,896.0,145.0,339,0.0084647,1.0868312304638779e-07
1488991049205644303,16,persistence,validation,64,second_order_response,ok,17,1088,0.039897103044613996,0.05819981269401195,0.0,0.0,0.0,0.0,1.0,1.0,1.0,1.0,8.0,1.0,0,5.8e-06,2.278711748953596
1488991049205644303,16,raw_ar,validation,64,second_order_response,ok,17,1088,0.024772069540516105,0.03210198956563743,0.0,0.0,0.0,0.0,1.0,1.0,112.0,112.0,896.0,112.0,113,0.0079752,3.6700202745789676
1488991049205644303,16,raw_matched,validation,64,second_order_response,ok,17,1088,1.879311758432451,2.7917948927061627,36.94117647058823,0.6470588235294118,0.6470588235294118,0.7058823529411765,1.0,1.0,112.0,112.0,896.0,112.0,339,0.0023353,0.048376219139290806
1488991049205644303,16,vectorchain_absolute,validation,64,second_order_response,ok,17,1088,0.09105239389648116,0.11131505594873335,16.294117647058822,0.0,0.0,0.0,1.0,1.0,16.0,80.0,640.0,213.1764705882353,243,0.0022386,0.9984800351359865
1488991049205644303,16,vectorchain_cartesian,validation,64,second_order_response,ok,17,1088,0.07800622888034922,0.0981803019227126,16.235294117647058,0.0,0.0,0.0,1.0,1.0,16.0,48.0,384.0,213.1764705882353,147,0.002194,1.165470998430442
1488991049205644303,16,vectorchain_relational,validation,64,second_order_response,ok,17,1088,0.09091399745697419,0.11121983502426695,16.294117647058822,0.0,0.0,0.0,1.0,1.0,16.0,112.0,896.0,213.1764705882353,339,0.0021967,1.0
1488991049205644303,16,fixed_relational,validation,64,sine,ok,12,768,212387664.15782663,458571018.20161825,29.25,0.4166666666666667,0.3333333333333333,0.4166666666666667,1.0,1.0,16.0,112.0,896.0,145.0,339,0.0022971,1.71229739530255e-09
1488991049205644303,16,persistence,validation,64,sine,ok,12,768,0.23607089571040965,0.3742601911753809,0.0,0.0,0.0,0.0,1.0,1.0,1.0,1.0,8.0,1.0,0,5.2500000000000006e-06,1.540515373728906
1488991049205644303,16,raw_ar,validation,64,sine,ok,12,768,0.08105414297523149,0.15075056120616379,0.0,0.0,0.0,0.0,1.0,1.0,112.0,112.0,896.0,112.0,113,0.007879,4.486764411820007
1488991049205644303,16,raw_matched,validation,64,sine,ok,12,768,2.013715062156757,2.5093128391187776,22.833333333333332,0.5833333333333334,0.5,0.5833333333333334,1.0,1.0,112.0,112.0,896.0,112.0,339,0.00182855,0.18059697271288
1488991049205644303,16,vectorchain_absolute,validation,64,sine,ok,12,768,0.3636898855726107,0.4331097255344392,16.0,0.0,0.0,0.16666666666666666,1.0,1.0,16.0,80.0,640.0,303.5,243,0.00219705,0.9999476437439512
1488991049205644303,16,vectorchain_cartesian,validation,64,sine,ok,12,768,0.3274812116867467,0.30307250223833887,16.25,0.0,0.0,0.0,1.0,1.0,16.0,48.0,384.0,303.5,147,0.0021826,1.1105090342700634
1488991049205644303,16,vectorchain_relational,validation,64,sine,ok,12,768,0.3636708441318393,0.4330583618833192,16.0,0.0,0.0,0.16666666666666666,1.0,1.0,16.0,112.0,896.0,303.5,339,0.00217115,1.0
1488991049205644303,16,fixed_relational,validation,128,chirp,ok,19,2432,3.727072038212604e+47,1.490051001144711e+48,58.89473684210526,0.8421052631578947,0.7894736842105263,0.8421052631578947,1.0,1.0,16.0,112.0,896.0,145.0,339,0.0041979,2.2886596631423368e-48
1488991049205644303,16,persistence,validation,128,chirp,ok,19,2432,0.8900978761272665,1.2182213410071578,0.0,0.0,0.0,0.0,1.0,1.0,1.0,1.0,8.0,1.0,0,6.6e-06,0.9583215132021343
1488991049205644303,16,raw_ar,validation,128,chirp,ok,19,2432,0.40174531146356013,0.6765610747100229,0.0,0.0,0.0,0.0,1.0,1.0,112.0,112.0,896.0,112.0,113,0.0081345,2.1232355903316087
1488991049205644303,16,raw_matched,validation,128,chirp,ok,19,2432,159.44654890563274,253.23610132819206,35.473684210526315,0.631578947368421,0.631578947368421,0.631578947368421,1.0,1.0,112.0,112.0,896.0,112.0,339,0.0017271,0.005349754820050259
1488991049205644303,16,vectorchain_absolute,validation,128,chirp,ok,19,2432,0.8530817968411734,0.9823344340750353,15.894736842105264,0.0,0.0,0.0,1.0,1.0,16.0,80.0,640.0,194.52631578947367,243,0.0021899,0.9999040498892504
1488991049205644303,16,vectorchain_cartesian,validation,128,chirp,ok,19,2432,0.6946903473541317,0.8935658562646924,15.789473684210526,0.0,0.0,0.0,1.0,1.0,16.0,48.0,384.0,194.52631578947367,147,0.0021813,1.2278851243537647
1488991049205644303,16,vectorchain_relational,validation,128,chirp,ok,19,2432,0.852999943548288,0.9823093884583494,15.894736842105264,0.0,0.0,0.0,1.0,1.0,16.0,112.0,896.0,194.52631578947367,339,0.0022157,1.0
1488991049205644303,16,fixed_relational,validation,128,first_order_response,ok,19,2432,3.7284464107800666e+30,9.05074271085628e+30,31.94736842105263,0.3157894736842105,0.3157894736842105,0.3157894736842105,1.0,1.0,16.0,112.0,896.0,145.0,339,0.0026076,3.637065546189798e-32
1488991049205644303,16,persistence,validation,128,first_order_response,ok,19,2432,0.019710036809587633,0.014794344545390794,0.0,0.0,0.0,0.0,1.0,1.0,1.0,1.0,8.0,1.0,0,7.1e-06,6.880050053923215
1488991049205644303,16,raw_ar,validation,128,first_order_response,ok,19,2432,0.04105540139461909,0.04949744430379275,0.0,0.0,0.0,0.0,1.0,1.0,112.0,112.0,896.0,112.0,113,0.0082459,3.303001193709072
1488991049205644303,16,raw_matched,validation,128,first_order_response,ok,19,2432,3.0270722470753686,5.5402744494295915,19.894736842105264,0.3157894736842105,0.3157894736842105,0.3684210526315789,1.0,1.0,112.0,112.0,896.0,112.0,339,0.0018148,0.044797754644161164
1488991049205644303,16,vectorchain_absolute,validation,128,first_order_response,ok,19,2432,0.13594913239214962,0.19538138221445125,15.894736842105264,0.0,0.0,0.0,1.0,1.0,16.0,80.0,640.0,204.52631578947367,243,0.0022027,0.9974763165348639
1488991049205644303,16,vectorchain_cartesian,validation,128,first_order_response,ok,19,2432,0.20624787766395392,0.35253416403541576,16.210526315789473,0.0,0.0,0.0,1.0,1.0,16.0,48.0,384.0,204.52631578947367,147,0.0022267,0.6574905950575602
1488991049205644303,16,vectorchain_relational,validation,128,first_order_response,ok,19,2432,0.13560603981463196,0.19495309631573748,15.894736842105264,0.0,0.0,0.0,1.0,1.0,16.0,112.0,896.0,204.52631578947367,339,0.0022585,1.0
1488991049205644303,16,fixed_relational,validation,128,piecewise_linear,ok,17,2176,3.507897518851885e+40,1.0163685308048123e+41,31.823529411764707,0.23529411764705882,0.23529411764705882,0.23529411764705882,1.0,1.0,16.0,112.0,896.0,145.0,339,0.0020192,8.162606339305893e-42
1488991049205644303,16,persistence,validation,128,piecewise_linear,ok,17,2176,0.13144867908448696,0.18985887859860484,0.0,0.0,0.0,0.0,1.0,1.0,1.0,1.0,8.0,1.0,0,5.9e-06,2.178309186858541
1488991049205644303,16,raw_ar,validation,128,piecewise_linear,ok,17,2176,0.08735298773679791,0.12784068288867564,0.0,0.0,0.0,0.0,1.0,1.0,112.0,112.0,896.0,112.0,113,0.0081499,3.277917248954469
1488991049205644303,16,raw_matched,validation,128,piecewise_linear,ok,17,2176,41.05695145021362,67.82605568886167,30.823529411764707,0.47058823529411764,0.47058823529411764,0.47058823529411764,1.0,1.0,112.0,112.0,896.0,112.0,339,0.0019798,0.0069741141301583
1488991049205644303,16,vectorchain_absolute,validation,128,piecewise_linear,ok,17,2176,0.28628625406517,0.44463024982349203,16.058823529411764,0.0,0.0,0.0,1.0,1.0,16.0,80.0,640.0,207.52941176470588,243,0.0021847,1.0001732922355986
1488991049205644303,16,vectorchain_cartesian,validation,128,piecewise_linear,ok,17,2176,0.22106094446043612,0.3359911760231941,16.11764705882353,0.0,0.0,0.0,1.0,1.0,16.0,48.0,384.0,207.52941176470588,147,0.0021933,1.2952802040588602
1488991049205644303,16,vectorchain_relational,validation,128,piecewise_linear,ok,17,2176,0.2863358652501581,0.44434314975506667,16.058823529411764,0.0,0.0,0.0,1.0,1.0,16.0,112.0,896.0,207.52941176470588,339,0.0022194,1.0
1488991049205644303,16,fixed_relational,validation,128,ramp,ok,12,1536,7.444540682961999e+23,2.2767233121794023e+24,41.0,0.5833333333333334,0.5833333333333334,0.5833333333333334,1.0,1.0,16.0,112.0,896.0,145.0,339,0.006787100000000001,2.311891487303442e-25
1488991049205644303,16,persistence,validation,128,ramp,ok,12,1536,0.04423292896216218,0.06984780761691732,0.0,0.0,0.0,0.0,1.0,1.0,1.0,1.0,8.0,1.0,0,6e-06,3.890985886678822
1488991049205644303,16,raw_ar,validation,128,ramp,ok,12,1536,0.0539537211125121,0.0702036634815792,0.0,0.0,0.0,0.0,1.0,1.0,112.0,112.0,896.0,112.0,113,0.0080033,3.189950549644795
1488991049205644303,16,raw_matched,validation,128,ramp,ok,12,1536,51.88775104432954,88.92299444525845,30.75,0.5,0.5,0.5,1.0,1.0,112.0,112.0,896.0,112.0,339,0.0018413499999999998,0.0033169620739815944
1488991049205644303,16,vectorchain_absolute,validation,128,ramp,ok,12,1536,0.1720911179136298,0.25585847536908357,16.416666666666668,0.0,0.0,0.0,1.0,1.0,16.0,80.0,640.0,231.08333333333334,243,0.0022734,1.0001079916548599
1488991049205644303,16,vectorchain_cartesian,validation,128,ramp,ok,12,1536,0.11752840165785292,0.11864040340948824,16.583333333333332,0.0,0.0,0.0,1.0,1.0,16.0,48.0,384.0,231.08333333333334,147,0.0022496,1.4644094524426818
1488991049205644303,16,vectorchain_relational,validation,128,ramp,ok,12,1536,0.17210970231823997,0.2559139922980065,16.416666666666668,0.0,0.0,0.0,1.0,1.0,16.0,112.0,896.0,231.08333333333334,339,0.0023793499999999997,1.0
1488991049205644303,16,fixed_relational,validation,128,regime_change,ok,21,2688,7.22561628470002e+51,3.5862870170567337e+52,65.28571428571429,0.6190476190476191,0.6190476190476191,0.6666666666666666,1.0,1.0,16.0,112.0,896.0,145.0,339,0.0091693,2.1110429188749512e-52
1488991049205644303,16,persistence,validation,128,regime_change,ok,21,2688,1.1014964159896345,1.5875496535648275,0.0,0.0,0.0,0.0,1.0,1.0,1.0,1.0,8.0,1.0,0,7.5e-06,1.3848057851934992
1488991049205644303,16,raw_ar,validation,128,regime_change,ok,21,2688,0.7741947970238439,1.1788021537221856,0.0,0.0,0.0,0.0,1.0,1.0,112.0,112.0,896.0,112.0,113,0.0083175,1.970251692592262
1488991049205644303,16,raw_matched,validation,128,regime_change,ok,21,2688,653.3692602744433,1104.052018872945,47.23809523809524,0.8095238095238095,0.7619047619047619,0.8095238095238095,1.0,1.0,112.0,112.0,896.0,112.0,339,0.0026933,0.002334604184763199
1488991049205644303,16,vectorchain_absolute,validation,128,regime_change,ok,21,2688,1.5253116172102803,1.9410853165003719,12.333333333333334,0.0,0.0,0.2857142857142857,1.0,1.0,16.0,80.0,640.0,170.9047619047619,243,0.001854,1.0000308081453917
1488991049205644303,16,vectorchain_cartesian,validation,128,regime_change,ok,21,2688,1.4503958438084983,1.8744338079667187,13.380952380952381,0.09523809523809523,0.0,0.19047619047619047,1.0,1.0,16.0,48.0,384.0,170.9047619047619,147,0.0019633,1.0516843493063335
1488991049205644303,16,vectorchain_relational,validation,128,regime_change,ok,21,2688,1.525358609232351,1.9421353011243092,12.285714285714286,0.0,0.0,0.2857142857142857,1.0,1.0,16.0,112.0,896.0,170.9047619047619,339,0.0018642,1.0
1488991049205644303,16,fixed_relational,validation,128,second_order_response,ok,17,2176,3.7111356016140763e+34,9.521065245922913e+34,49.94117647058823,0.6470588235294118,0.6470588235294118,0.6470588235294118,1.0,1.0,16.0,112.0,896.0,145.0,339,0.0084647,3.977774128813749e-36
1488991049205644303,16,persistence,validation,128,second_order_response,ok,17,2176,0.06675253226397725,0.09757381062536953,0.0,0.0,0.0,0.0,1.0,1.0,1.0,1.0,8.0,1.0,0,5.8e-06,2.2114605519746564
1488991049205644303,16,raw_ar,validation,128,second_order_response,ok,17,2176,0.04809749568674489,0.06807831997525277,0.0,0.0,0.0,0.0,1.0,1.0,112.0,112.0,896.0,112.0,113,0.0079752,3.069194970308687
1488991049205644303,16,raw_matched,validation,128,second_order_response,ok,17,2176,96.41370347834417,165.39357846205493,36.94117647058823,0.6470588235294118,0.6470588235294118,0.7058823529411765,1.0,1.0,112.0,112.0,896.0,112.0,339,0.0023353,0.0015311162886649072
1488991049205644303,16,vectorchain_absolute,validation,128,second_order_response,ok,17,2176,0.1476356580833406,0.19885473996280037,16.294117647058822,0.0,0.0,0.0,1.0,1.0,16.0,80.0,640.0,213.1764705882353,243,0.0022386,0.9998979498765068
1488991049205644303,16,vectorchain_cartesian,validation,128,second_order_response,ok,17,2176,0.12691049537360644,0.1698522860667173,16.235294117647058,0.0,0.0,0.0,1.0,1.0,16.0,48.0,384.0,213.1764705882353,147,0.002194,1.1631866333168677
1488991049205644303,16,vectorchain_relational,validation,128,second_order_response,ok,17,2176,0.1476205918462012,0.19904165151670086,16.294117647058822,0.0,0.0,0.0,1.0,1.0,16.0,112.0,896.0,213.1764705882353,339,0.0021967,1.0
1488991049205644303,16,fixed_relational,validation,128,sine,ok,12,1536,9.422514590761506e+36,2.877129785639509e+37,29.25,0.4166666666666667,0.3333333333333333,0.4166666666666667,1.0,1.0,16.0,112.0,896.0,145.0,339,0.0022971,5.019663823840688e-38
1488991049205644303,16,persistence,validation,128,sine,ok,12,1536,0.47912594260084757,0.7693231030115572,0.0,0.0,0.0,0.0,1.0,1.0,1.0,1.0,8.0,1.0,0,5.2500000000000006e-06,0.9871695814279814
1488991049205644303,16,raw_ar,validation,128,sine,ok,12,1536,0.258802320381062,0.49227013099492645,0.0,0.0,0.0,0.0,1.0,1.0,112.0,112.0,896.0,112.0,113,0.007879,1.8275669070978553
1488991049205644303,16,raw_matched,validation,128,sine,ok,12,1536,92.00695907983174,104.91213905161608,22.833333333333332,0.5833333333333334,0.5,0.5833333333333334,1.0,1.0,112.0,112.0,896.0,112.0,339,0.00182855,0.00514068241075304
1488991049205644303,16,vectorchain_absolute,validation,128,sine,ok,12,1536,0.47306289295520854,0.33992763351025684,16.0,0.0,0.0,0.16666666666666666,1.0,1.0,16.0,80.0,640.0,303.5,243,0.00219705,0.9998217219149953
1488991049205644303,16,vectorchain_cartesian,validation,128,sine,ok,12,1536,0.3466708880278541,0.2764417249948344,16.25,0.0,0.0,0.0,1.0,1.0,16.0,48.0,384.0,303.5,147,0.0021826,1.364344606203458
1488991049205644303,16,vectorchain_relational,validation,128,sine,ok,12,1536,0.4729785562085657,0.3398565790451252,16.0,0.0,0.0,0.16666666666666666,1.0,1.0,16.0,112.0,896.0,303.5,339,0.00217115,1.0
2506524397075762905,4,fixed_relational,test,16,chirp,ok,12,192,3.1633865881827163,3.7527617714474766,92.83333333333333,1.0,1.0,1.0,1.0,1.0,4.0,28.0,224.0,37.0,87,0.01630185,0.03014364499591528
2506524397075762905,4,persistence,test,16,chirp,ok,12,192,0.13175705796776954,0.18246298481494364,0.0,0.0,0.0,0.0,1.0,1.0,1.0,1.0,8.0,1.0,0,6.55e-06,0.7237259526722696
2506524397075762905,4,raw_ar,test,16,chirp,ok,12,192,0.05186147677292375,0.08220577044380988,0.0,0.0,0.0,0.0,1.0,1.0,28.0,28.0,224.0,28.0,29,0.009526,1.838667315945073
2506524397075762905,4,raw_matched,test,16,chirp,ok,12,192,0.29040463722352594,0.441431110925385,20.25,0.5,0.5,0.5,1.0,1.0,28.0,28.0,224.0,28.0,87,0.00229245,0.3283556461449459
2506524397075762905,4,vectorchain_absolute,test,16,chirp,ok,12,192,0.0954028076833715,0.13561342825849307,19.666666666666668,0.0,0.0,0.0,1.0,1.0,4.0,20.0,160.0,47.916666666666664,63,0.00302385,0.9995093919614254
2506524397075762905,4,vectorchain_cartesian,test,16,chirp,ok,12,192,0.0959194206294038,0.13522936140336822,19.583333333333332,0.0,0.0,0.0,1.0,1.0,4.0,12.0,96.0,47.916666666666664,39,0.00282715,0.9941261287162985
2506524397075762905,4,vectorchain_relational,test,16,chirp,ok,12,192,0.09535600229901946,0.1355340338003435,19.666666666666668,0.0,0.0,0.0,1.0,1.0,4.0,28.0,224.0,47.916666666666664,87,0.0030223999999999997,1.0
2506524397075762905,4,fixed_relational,test,16,first_order_response,ok,12,192,0.031039618357911886,0.038967237876158724,47.916666666666664,0.6666666666666666,0.6666666666666666,0.6666666666666666,1.0,1.0,4.0,28.0,224.0,37.0,87,0.00716565,0.5801850193832102
2506524397075762905,4,persistence,test,16,first_order_response,ok,12,192,0.024079705203628617,0.021338176283581867,0.0,0.0,0.0,0.0,1.0,1.0,1.0,1.0,8.0,1.0,0,5.75e-06,0.74787965327411
2506524397075762905,4,raw_ar,test,16,first_order_response,ok,12,192,0.017669727527984732,0.019541101641084902,0.0,0.0,0.0,0.0,1.0,1.0,28.0,28.0,224.0,28.0,29,0.0093196,1.0191850185641478
2506524397075762905,4,raw_matched,test,16,first_order_response,ok,12,192,0.03668330452104991,0.04315259919040907,19.666666666666668,0.3333333333333333,0.3333333333333333,0.3333333333333333,1.0,1.0,28.0,28.0,224.0,28.0,87,0.00228785,0.4909241905482818
2506524397075762905,4,vectorchain_absolute,test,16,first_order_response,ok,12,192,0.018008175431759893,0.01688676057326476,18.75,0.0,0.0,0.0,1.0,1.0,4.0,20.0,160.0,44.333333333333336,63,0.00272435,1.0000303277183593
2506524397075762905,4,vectorchain_cartesian,test,16,first_order_response,ok,12,192,0.020800707958311786,0.02239712687034463,18.916666666666668,0.0,0.0,0.0,1.0,1.0,4.0,12.0,96.0,44.333333333333336,39,0.0027403,0.865774454154404
2506524397075762905,4,vectorchain_relational,test,16,first_order_response,ok,12,192,0.018008721578632553,0.016906253940698973,18.75,0.0,0.0,0.0,1.0,1.0,4.0,28.0,224.0,44.333333333333336,87,0.0027160500000000002,1.0
2506524397075762905,4,fixed_relational,test,16,piecewise_linear,ok,10,160,0.02689671428739418,0.031047164108581708,50.0,1.0,1.0,1.0,1.0,1.0,4.0,28.0,224.0,37.0,87,0.00705555,0.8230550760630536
2506524397075762905,4,persistence,test,16,piecewise_linear,ok,10,160,0.030036743064752243,0.032383246370391666,0.0,0.0,0.0,0.0,1.0,1.0,1.0,1.0,8.0,1.0,0,8.45e-06,0.7370132366193691
2506524397075762905,4,raw_ar,test,16,piecewise_linear,ok,10,160,0.019306425570955518,0.021464728160332947,0.0,0.0,0.0,0.0,1.0,1.0,28.0,28.0,224.0,28.0,29,0.00963615,1.1466377938421155
2506524397075762905,4,raw_matched,test,16,piecewise_linear,ok,10,160,0.036678374556241004,0.048824009007846496,18.6,0.3,0.3,0.3,1.0,1.0,28.0,28.0,224.0,28.0,87,0.0020802,0.6035566595164354
2506524397075762905,4,vectorchain_absolute,test,16,piecewise_linear,ok,10,160,0.022139101442996766,0.025570513499159415,18.9,0.0,0.0,0.0,1.0,1.0,4.0,20.0,160.0,65.8,63,0.00271325,0.9999266357153876
2506524397075762905,4,vectorchain_cartesian,test,16,piecewise_linear,ok,10,160,0.022123199062677738,0.026351569893705663,18.9,0.0,0.0,0.0,1.0,1.0,4.0,12.0,96.0,65.8,39,0.0027203,1.000645393143155
2506524397075762905,4,vectorchain_relational,test,16,piecewise_linear,ok,10,160,0.02213747722365744,0.025569683818534316,18.9,0.0,0.0,0.0,1.0,1.0,4.0,28.0,224.0,65.8,87,0.0027291499999999996,1.0
2506524397075762905,4,fixed_relational,test,16,ramp,ok,13,208,0.023573764991946043,0.028966937045527132,49.15384615384615,1.0,0.9230769230769231,1.0,1.0,1.0,4.0,28.0,224.0,37.0,87,0.0055855,1.1103848933892126
2506524397075762905,4,persistence,test,16,ramp,ok,13,208,0.01970473464097742,0.018104724326434753,0.0,0.0,0.0,0.0,1.0,1.0,1.0,1.0,8.0,1.0,0,8.6e-06,1.3284092886452568
2506524397075762905,4,raw_ar,test,16,ramp,ok,13,208,0.01595655277602293,0.01607034228442303,0.0,0.0,0.0,0.0,1.0,1.0,28.0,28.0,224.0,28.0,29,0.0095368,1.6404515997150453
2506524397075762905,4,raw_matched,test,16,ramp,ok,13,208,0.03337062981391347,0.04548305255277006,17.307692307692307,0.23076923076923078,0.23076923076923078,0.23076923076923078,1.0,1.0,28.0,28.0,224.0,28.0,87,0.0019497,0.7844009140172302
2506524397075762905,4,vectorchain_absolute,test,16,ramp,ok,13,208,0.02618781016772581,0.02925881441929021,18.846153846153847,0.0,0.0,0.0,1.0,1.0,4.0,20.0,160.0,50.69230769230769,63,0.0027314,0.9995472076402911
2506524397075762905,4,vectorchain_cartesian,test,16,ramp,ok,13,208,0.026519599793843534,0.03008830505234689,18.76923076923077,0.0,0.0,0.0,1.0,1.0,4.0,12.0,96.0,50.69230769230769,39,0.0027544,0.9870417627282991
2506524397075762905,4,vectorchain_relational,test,16,ramp,ok,13,208,0.02617595252736436,0.02924367936267184,18.846153846153847,0.0,0.0,0.0,1.0,1.0,4.0,28.0,224.0,50.69230769230769,87,0.0027684,1.0
2506524397075762905,4,fixed_relational,test,16,regime_change,ok,15,240,636.700633414343,775.8979476254614,80.0,1.0,1.0,1.0,1.0,1.0,4.0,28.0,224.0,37.0,87,0.0144512,0.0002286604124447599
2506524397075762905,4,persistence,test,16,regime_change,ok,15,240,0.17135865489009988,0.25754360851744684,0.0,0.0,0.0,0.0,1.0,1.0,1.0,1.0,8.0,1.0,0,5e-06,0.8496111826609278
2506524397075762905,4,raw_ar,test,16,regime_change,ok,15,240,0.06354121861158686,0.09846843261361937,0.0,0.0,0.0,0.0,1.0,1.0,28.0,28.0,224.0,28.0,29,0.0095811,2.2912407508315438
2506524397075762905,4,raw_matched,test,16,regime_change,ok,15,240,0.4588209730040706,0.6010230022582588,18.066666666666666,0.4666666666666667,0.4666666666666667,0.4666666666666667,1.0,1.0,28.0,28.0,224.0,28.0,87,0.0017885,0.31730944748916673
2506524397075762905,4,vectorchain_absolute,test,16,regime_change,ok,15,240,0.14563458999359732,0.16165706303035962,19.866666666666667,0.0,0.0,0.0,1.0,1.0,4.0,20.0,160.0,43.333333333333336,63,0.0027445,0.9996816652332675
2506524397075762905,4,vectorchain_cartesian,test,16,regime_change,ok,15,240,0.14597688463521616,0.15812555378520354,19.733333333333334,0.0,0.0,0.0,1.0,1.0,4.0,12.0,96.0,43.333333333333336,39,0.0027538,0.9973375565876486
2506524397075762905,4,vectorchain_relational,test,16,regime_change,ok,15,240,0.14558822944036354,0.1616223991789603,19.866666666666667,0.0,0.0,0.0,1.0,1.0,4.0,28.0,224.0,43.333333333333336,87,0.0027566,1.0
2506524397075762905,4,fixed_relational,test,16,second_order_response,ok,8,128,0.02592069238843643,0.03083564133236663,46.25,1.0,1.0,1.0,1.0,1.0,4.0,28.0,224.0,37.0,87,0.00585715,0.853371533174002
2506524397075762905,4,persistence,test,16,second_order_response,ok,8,128,0.02011174517314812,0.02109075580101699,0.0,0.0,0.0,0.0,1.0,1.0,1.0,1.0,8.0,1.0,0,5.050000000000001e-06,1.0998538820979507
2506524397075762905,4,raw_ar,test,16,second_order_response,ok,8,128,0.01576110247123182,0.018830145701893453,0.0,0.0,0.0,0.0,1.0,1.0,28.0,28.0,224.0,28.0,29,0.00932235,1.4034539173148894
2506524397075762905,4,raw_matched,test,16,second_order_response,ok,8,128,0.021741644361627586,0.030138768065745253,20.375,0.375,0.375,0.375,1.0,1.0,28.0,28.0,224.0,28.0,87,0.0021519,1.0174014732524939
2506524397075762905,4,vectorchain_absolute,test,16,second_order_response,ok,8,128,0.022120844649672164,0.026446778517378436,18.875,0.0,0.0,0.0,1.0,1.0,4.0,20.0,160.0,73.5,63,0.0027597000000000003,0.9999609578551742
2506524397075762905,4,vectorchain_cartesian,test,16,second_order_response,ok,8,128,0.022325232309455517,0.026213585382465085,18.75,0.0,0.0,0.0,1.0,1.0,4.0,12.0,96.0,73.5,39,0.00267075,0.9908063082095274
2506524397075762905,4,vectorchain_relational,test,16,second_order_response,ok,8,128,0.022119981004451682,0.026439106615998048,18.875,0.0,0.0,0.0,1.0,1.0,4.0,28.0,224.0,73.5,87,0.00268345,1.0
2506524397075762905,4,fixed_relational,test,16,sine,ok,10,160,0.05598929420482836,0.09364361016432841,89.0,1.0,1.0,1.0,1.0,1.0,4.0,28.0,224.0,37.0,87,0.013614049999999999,1.3401290919230116
2506524397075762905,4,persistence,test,16,sine,ok,10,160,0.04801306977225164,0.07106306706289012,0.0,0.0,0.0,0.0,1.0,1.0,1.0,1.0,8.0,1.0,0,6.8e-06,1.5627595226891944
2506524397075762905,4,raw_ar,test,16,sine,ok,10,160,0.014435156301234493,0.015179705807694104,0.0,0.0,0.0,0.0,1.0,1.0,28.0,28.0,224.0,28.0,29,0.0095114,5.197926536736575
2506524397075762905,4,raw_matched,test,16,sine,ok,10,160,0.08203578108862404,0.12117835548980753,25.6,1.0,1.0,1.0,1.0,1.0,28.0,28.0,224.0,28.0,87,0.00313405,0.9146360405719575
2506524397075762905,4,vectorchain_absolute,test,16,sine,ok,10,160,0.0750518743506156,0.09305667651988156,20.3,0.0,0.0,0.0,1.0,1.0,4.0,20.0,160.0,54.9,63,0.0029912,0.9997469436885759
2506524397075762905,4,vectorchain_cartesian,test,16,sine,ok,10,160,0.07823970241178149,0.08847759505600203,19.8,0.0,0.0,0.0,1.0,1.0,4.0,12.0,96.0,54.9,39,0.00286595,0.9590128756526093
2506524397075762905,4,vectorchain_relational,test,16,sine,ok,10,160,0.07503288200012696,0.09302877345501659,20.3,0.0,0.0,0.0,1.0,1.0,4.0,28.0,224.0,54.9,87,0.00303945,1.0
2506524397075762905,4,fixed_relational,test,64,chirp,ok,12,768,8.852566969808501e+25,1.9577607882578923e+26,92.83333333333333,1.0,1.0,1.0,1.0,1.0,4.0,28.0,224.0,37.0,87,0.01630185,5.073194031149086e-27
2506524397075762905,4,persistence,test,64,chirp,ok,12,768,0.5130636382363502,0.7889083831660441,0.0,0.0,0.0,0.0,1.0,1.0,1.0,1.0,8.0,1.0,0,6.55e-06,0.8753454067795627
2506524397075762905,4,raw_ar,test,64,chirp,ok,12,768,0.38127267959791195,0.6657654777726553,0.0,0.0,0.0,0.0,1.0,1.0,28.0,28.0,224.0,28.0,29,0.009526,1.1779178607536922
2506524397075762905,4,raw_matched,test,64,chirp,ok,12,768,4.630994811051694,5.989384761299039,20.25,0.5,0.5,0.5,1.0,1.0,28.0,28.0,224.0,28.0,87,0.00229245,0.0969787092060698
2506524397075762905,4,vectorchain_absolute,test,64,chirp,ok,12,768,0.44919599720035025,0.7936633597365788,19.666666666666668,0.0,0.0,0.0,1.0,1.0,4.0,20.0,160.0,47.916666666666664,63,0.00302385,0.9998038760694686
2506524397075762905,4,vectorchain_cartesian,test,64,chirp,ok,12,768,0.4508348199104487,0.7863185403949235,19.583333333333332,0.0,0.0,0.0,1.0,1.0,4.0,12.0,96.0,47.916666666666664,39,0.00282715,0.996169504398548
2506524397075762905,4,vectorchain_relational,test,64,chirp,ok,12,768,0.44910789911580035,0.7935404070292429,19.666666666666668,0.0,0.0,0.0,1.0,1.0,4.0,28.0,224.0,47.916666666666664,87,0.0030223999999999997,1.0
2506524397075762905,4,fixed_relational,test,64,first_order_response,ok,12,768,0.24812988919297363,0.44652627453833643,47.916666666666664,0.6666666666666666,0.6666666666666666,0.6666666666666666,1.0,1.0,4.0,28.0,224.0,37.0,87,0.00716565,0.1904493990998781
2506524397075762905,4,persistence,test,64,first_order_response,ok,12,768,0.02339047272232709,0.01909967105233411,0.0,0.0,0.0,0.0,1.0,1.0,1.0,1.0,8.0,1.0,0,5.75e-06,2.0203177959038574
2506524397075762905,4,raw_ar,test,64,first_order_response,ok,12,768,0.03278733042758912,0.0398428137944894,0.0,0.0,0.0,0.0,1.0,1.0,28.0,28.0,224.0,28.0,29,0.0093196,1.4412941730613458
2506524397075762905,4,raw_matched,test,64,first_order_response,ok,12,768,0.861380997613869,1.2375193417538382,19.666666666666668,0.3333333333333333,0.3333333333333333,0.3333333333333333,1.0,1.0,28.0,28.0,224.0,28.0,87,0.00228785,0.05486095981502564
2506524397075762905,4,vectorchain_absolute,test,64,first_order_response,ok,12,768,0.04744375406705048,0.08153575826775154,18.75,0.0,0.0,0.0,1.0,1.0,4.0,20.0,160.0,44.333333333333336,63,0.00272435,0.9960465655549887
2506524397075762905,4,vectorchain_cartesian,test,64,first_order_response,ok,12,768,0.04773259130355244,0.07276636603966545,18.916666666666668,0.0,0.0,0.0,1.0,1.0,4.0,12.0,96.0,44.333333333333336,39,0.0027403,0.9900193349026115
2506524397075762905,4,vectorchain_relational,test,64,first_order_response,ok,12,768,0.04725618829552116,0.08117830036444934,18.75,0.0,0.0,0.0,1.0,1.0,4.0,28.0,224.0,44.333333333333336,87,0.0027160500000000002,1.0
2506524397075762905,4,fixed_relational,test,64,piecewise_linear,ok,10,640,0.1477179660370212,0.3072877031704973,50.0,1.0,1.0,1.0,1.0,1.0,4.0,28.0,224.0,37.0,87,0.00705555,0.24716357855378057
2506524397075762905,4,persistence,test,64,piecewise_linear,ok,10,640,0.06137816950317835,0.0957699821034231,0.0,0.0,0.0,0.0,1.0,1.0,1.0,1.0,8.0,1.0,0,8.45e-06,0.594845062958506
2506524397075762905,4,raw_ar,test,64,piecewise_linear,ok,10,640,0.044293137605864355,0.061559617983608025,0.0,0.0,0.0,0.0,1.0,1.0,28.0,28.0,224.0,28.0,29,0.00963615,0.8242924993771956
2506524397075762905,4,raw_matched,test,64,piecewise_linear,ok,10,640,0.337990067789645,0.6680474357985896,18.6,0.3,0.3,0.3,1.0,1.0,28.0,28.0,224.0,28.0,87,0.0020802,0.10802240829490597
2506524397075762905,4,vectorchain_absolute,test,64,piecewise_linear,ok,10,640,0.03651357871043981,0.04445145729925192,18.9,0.0,0.0,0.0,1.0,1.0,4.0,20.0,160.0,65.8,63,0.00271325,0.9999157133276847
2506524397075762905,4,vectorchain_cartesian,test,64,piecewise_linear,ok,10,640,0.033243422155793984,0.03639480461683751,18.9,0.0,0.0,0.0,1.0,1.0,4.0,12.0,96.0,65.8,39,0.0027203,1.0982774556509545
2506524397075762905,4,vectorchain_relational,test,64,piecewise_linear,ok,10,640,0.03651050110239598,0.04444386341669541,18.9,0.0,0.0,0.0,1.0,1.0,4.0,28.0,224.0,65.8,87,0.0027291499999999996,1.0
2506524397075762905,4,fixed_relational,test,64,ramp,ok,13,832,0.26788713242675516,0.521847398683274,49.15384615384615,1.0,0.9230769230769231,1.0,1.0,1.0,4.0,28.0,224.0,37.0,87,0.0055855,0.27327457451706694
2506524397075762905,4,persistence,test,64,ramp,ok,13,832,0.026192854033606792,0.02605197816845597,0.0,0.0,0.0,0.0,1.0,1.0,1.0,1.0,8.0,1.0,0,8.6e-06,2.7949127666114824
2506524397075762905,4,raw_ar,test,64,ramp,ok,13,832,0.031244887045896088,0.0343042338297906,0.0,0.0,0.0,0.0,1.0,1.0,28.0,28.0,224.0,28.0,29,0.0095368,2.3429990969397387
2506524397075762905,4,raw_matched,test,64,ramp,ok,13,832,0.7422709095734967,1.5751815616662306,17.307692307692307,0.23076923076923078,0.23076923076923078,0.23076923076923078,1.0,1.0,28.0,28.0,224.0,28.0,87,0.0019497,0.09862536870073856
2506524397075762905,4,vectorchain_absolute,test,64,ramp,ok,13,832,0.07322440454109663,0.10943202196627509,18.846153846153847,0.0,0.0,0.0,1.0,1.0,4.0,20.0,160.0,50.69230769230769,63,0.0027314,0.9997587906833979
2506524397075762905,4,vectorchain_cartesian,test,64,ramp,ok,13,832,0.06900666403505488,0.09745063823791368,18.76923076923077,0.0,0.0,0.0,1.0,1.0,4.0,12.0,96.0,50.69230769230769,39,0.0027544,1.06086481872722
2506524397075762905,4,vectorchain_relational,test,64,ramp,ok,13,832,0.07320674213251868,0.10940740301399855,18.846153846153847,0.0,0.0,0.0,1.0,1.0,4.0,28.0,224.0,50.69230769230769,87,0.0027684,1.0
2506524397075762905,4,fixed_relational,test,64,regime_change,ok,15,960,2.2215048297594747e+28,5.410700633765247e+28,80.0,1.0,1.0,1.0,1.0,1.0,4.0,28.0,224.0,37.0,87,0.0144512,2.461452969908135e-29
2506524397075762905,4,persistence,test,64,regime_change,ok,15,960,0.6155921458724042,0.8990921523432416,0.0,0.0,0.0,0.0,1.0,1.0,1.0,1.0,8.0,1.0,0,5e-06,0.8882715118347404
2506524397075762905,4,raw_ar,test,64,regime_change,ok,15,960,0.4370791444531359,0.785072955537639,0.0,0.0,0.0,0.0,1.0,1.0,28.0,28.0,224.0,28.0,29,0.0095811,1.2510616739030942
2506524397075762905,4,raw_matched,test,64,regime_change,ok,15,960,3.4825262198769678,3.994802453526602,18.066666666666666,0.4666666666666667,0.4666666666666667,0.4666666666666667,1.0,1.0,28.0,28.0,224.0,28.0,87,0.0017885,0.15701618065835857
2506524397075762905,4,vectorchain_absolute,test,64,regime_change,ok,15,960,0.5468796555821142,0.8310290763433937,19.866666666666667,0.0,0.0,0.0,1.0,1.0,4.0,20.0,160.0,43.333333333333336,63,0.0027445,0.9998780545340077
2506524397075762905,4,vectorchain_cartesian,test,64,regime_change,ok,15,960,0.5418726732684566,0.840915963590931,19.733333333333334,0.0,0.0,0.0,1.0,1.0,4.0,12.0,96.0,43.333333333333336,39,0.0027538,1.00911707318514
2506524397075762905,4,vectorchain_relational,test,64,regime_change,ok,15,960,0.5468129660876725,0.830956740675245,19.866666666666667,0.0,0.0,0.0,1.0,1.0,4.0,28.0,224.0,43.333333333333336,87,0.0027566,1.0
2506524397075762905,4,fixed_relational,test,64,second_order_response,ok,8,512,0.2609045606161701,0.5961142524805486,46.25,1.0,1.0,1.0,1.0,1.0,4.0,28.0,224.0,37.0,87,0.00585715,0.18757333017175337
2506524397075762905,4,persistence,test,64,second_order_response,ok,8,512,0.029308706664628818,0.034835056806287915,0.0,0.0,0.0,0.0,1.0,1.0,1.0,1.0,8.0,1.0,0,5.050000000000001e-06,1.6697678901960824
2506524397075762905,4,raw_ar,test,64,second_order_response,ok,8,512,0.03168301169152377,0.038438035126139955,0.0,0.0,0.0,0.0,1.0,1.0,28.0,28.0,224.0,28.0,29,0.00932235,1.5446365316610924
2506524397075762905,4,raw_matched,test,64,second_order_response,ok,8,512,0.6080993333327778,1.1708272446305672,20.375,0.375,0.375,0.375,1.0,1.0,28.0,28.0,224.0,28.0,87,0.0021519,0.08047819592821649
2506524397075762905,4,vectorchain_absolute,test,64,second_order_response,ok,8,512,0.0489321654525756,0.057573776968235194,18.875,0.0,0.0,0.0,1.0,1.0,4.0,20.0,160.0,73.5,63,0.0027597000000000003,1.0001343050963867
2506524397075762905,4,vectorchain_cartesian,test,64,second_order_response,ok,8,512,0.045144428100267434,0.05463330822215201,18.75,0.0,0.0,0.0,1.0,1.0,4.0,12.0,96.0,73.5,39,0.00267075,1.0840482281241528
2506524397075762905,4,vectorchain_relational,test,64,second_order_response,ok,8,512,0.04893873729177312,0.0575791621902476,18.875,0.0,0.0,0.0,1.0,1.0,4.0,28.0,224.0,73.5,87,0.00268345,1.0
2506524397075762905,4,fixed_relational,test,64,sine,ok,10,640,8.431730712459098e+17,2.0444272055444746e+18,89.0,1.0,1.0,1.0,1.0,1.0,4.0,28.0,224.0,37.0,87,0.013614049999999999,2.2105645303799657e-19
2506524397075762905,4,persistence,test,64,sine,ok,10,640,0.19813133791995535,0.2895038712464733,0.0,0.0,0.0,0.0,1.0,1.0,1.0,1.0,8.0,1.0,0,6.8e-06,0.9407338101258645
2506524397075762905,4,raw_ar,test,64,sine,ok,10,640,0.06526445947546712,0.11911504923009104,0.0,0.0,0.0,0.0,1.0,1.0,28.0,28.0,224.0,28.0,29,0.0095114,2.8559012044961203
2506524397075762905,4,raw_matched,test,64,sine,ok,10,640,3.2971188141179137,6.792021335877507,25.6,1.0,1.0,1.0,1.0,1.0,28.0,28.0,224.0,28.0,87,0.00313405,0.056530825528239216
2506524397075762905,4,vectorchain_absolute,test,64,sine,ok,10,640,0.18641099592522423,0.2381068422144946,20.3,0.0,0.0,0.0,1.0,1.0,4.0,20.0,160.0,54.9,63,0.0029912,0.9998811899569576
2506524397075762905,4,vectorchain_cartesian,test,64,sine,ok,10,640,0.18572606294166613,0.22607808498210707,19.8,0.0,0.0,0.0,1.0,1.0,4.0,12.0,96.0,54.9,39,0.00286595,1.0035686186128698
2506524397075762905,4,vectorchain_relational,test,64,sine,ok,10,640,0.18638884842677478,0.23806524832175793,20.3,0.0,0.0,0.0,1.0,1.0,4.0,28.0,224.0,54.9,87,0.00303945,1.0
2506524397075762905,4,fixed_relational,test,128,chirp,ok,12,1536,1.7964743546973662e+60,5.618578127229062e+60,92.83333333333333,1.0,1.0,1.0,1.0,1.0,4.0,28.0,224.0,37.0,87,0.01630185,6.0296475089680625e-61
2506524397075762905,4,persistence,test,128,chirp,ok,12,1536,0.9503285626503433,1.3415624567727766,0.0,0.0,0.0,0.0,1.0,1.0,1.0,1.0,8.0,1.0,0,6.55e-06,1.1398275863156884
2506524397075762905,4,raw_ar,test,128,chirp,ok,12,1536,1.0486586718680273,1.8324418059844614,0.0,0.0,0.0,0.0,1.0,1.0,28.0,28.0,224.0,28.0,29,0.009526,1.0329487952862886
2506524397075762905,4,raw_matched,test,128,chirp,ok,12,1536,8.939785400635502,12.537293594212917,20.25,0.5,0.5,0.5,1.0,1.0,28.0,28.0,224.0,28.0,87,0.00229245,0.12116741769837071
2506524397075762905,4,vectorchain_absolute,test,128,chirp,ok,12,1536,1.0833351564209301,1.7109460251832143,19.666666666666668,0.0,0.0,0.0,1.0,1.0,4.0,20.0,160.0,47.916666666666664,63,0.00302385,0.9998851282102363
2506524397075762905,4,vectorchain_cartesian,test,128,chirp,ok,12,1536,1.0702486626490775,1.700901552598344,19.583333333333332,0.0,0.0,0.0,1.0,1.0,4.0,12.0,96.0,47.916666666666664,39,0.00282715,1.0121112500074863
2506524397075762905,4,vectorchain_relational,test,128,chirp,ok,12,1536,1.0832107117725982,1.710778039871226,19.666666666666668,0.0,0.0,0.0,1.0,1.0,4.0,28.0,224.0,47.916666666666664,87,0.0030223999999999997,1.0
2506524397075762905,4,fixed_relational,test,128,first_order_response,ok,12,1536,8.755719356758173e+25,3.2171987564653544e+26,47.916666666666664,0.6666666666666666,0.6666666666666666,0.6666666666666666,1.0,1.0,4.0,28.0,224.0,37.0,87,0.00716565,1.5402072225906724e-27
2506524397075762905,4,persistence,test,128,first_order_response,ok,12,1536,0.02330982365354287,0.020295456746703577,0.0,0.0,0.0,0.0,1.0,1.0,1.0,1.0,8.0,1.0,0,5.75e-06,5.78538147379172
2506524397075762905,4,raw_ar,test,128,first_order_response,ok,12,1536,0.05044301128569936,0.06129795022971127,0.0,0.0,0.0,0.0,1.0,1.0,28.0,28.0,224.0,28.0,29,0.0093196,2.6734371815901246
2506524397075762905,4,raw_matched,test,128,first_order_response,ok,12,1536,3.259528637529421,4.725849847556461,19.666666666666668,0.3333333333333333,0.3333333333333333,0.3333333333333333,1.0,1.0,28.0,28.0,224.0,28.0,87,0.00228785,0.0413729213389498
2506524397075762905,4,vectorchain_absolute,test,128,first_order_response,ok,12,1536,0.13526739351117797,0.2644410316987179,18.75,0.0,0.0,0.0,1.0,1.0,4.0,20.0,160.0,44.333333333333336,63,0.00272435,0.9969603052299144
2506524397075762905,4,vectorchain_cartesian,test,128,first_order_response,ok,12,1536,0.11830825205212103,0.2220327389114446,18.916666666666668,0.0,0.0,0.0,1.0,1.0,4.0,12.0,96.0,44.333333333333336,39,0.0027403,1.1398716453282367
2506524397075762905,4,vectorchain_relational,test,128,first_order_response,ok,12,1536,0.13485622192255894,0.2640134440156809,18.75,0.0,0.0,0.0,1.0,1.0,4.0,28.0,224.0,44.333333333333336,87,0.0027160500000000002,1.0
2506524397075762905,4,fixed_relational,test,128,piecewise_linear,ok,10,1280,2.974174461461667e+17,1.0241011600382204e+18,50.0,1.0,1.0,1.0,1.0,1.0,4.0,28.0,224.0,37.0,87,0.00705555,2.568026534580961e-19
2506524397075762905,4,persistence,test,128,piecewise_linear,ok,10,1280,0.10829964529179091,0.17344414017599866,0.0,0.0,0.0,0.0,1.0,1.0,1.0,1.0,8.0,1.0,0,8.45e-06,0.705243208777669
2506524397075762905,4,raw_ar,test,128,piecewise_linear,ok,10,1280,0.07921345606400011,0.11142277380276251,0.0,0.0,0.0,0.0,1.0,1.0,28.0,28.0,224.0,28.0,29,0.00963615,0.9641996846262725
2506524397075762905,4,raw_matched,test,128,piecewise_linear,ok,10,1280,2.461652567414876,4.457755736667109,18.6,0.3,0.3,0.3,1.0,1.0,28.0,28.0,224.0,28.0,87,0.0020802,0.03102695740499015
2506524397075762905,4,vectorchain_absolute,test,128,piecewise_linear,ok,10,1280,0.07640250855799574,0.1399819950042638,18.9,0.0,0.0,0.0,1.0,1.0,4.0,20.0,160.0,65.8,63,0.00271325,0.9996738431315927
2506524397075762905,4,vectorchain_cartesian,test,128,piecewise_linear,ok,10,1280,0.05878020739089044,0.09831735908388355,18.9,0.0,0.0,0.0,1.0,1.0,4.0,12.0,96.0,65.8,39,0.0027203,1.2993759761198587
2506524397075762905,4,vectorchain_relational,test,128,piecewise_linear,ok,10,1280,0.076377589355066,0.13992383095677388,18.9,0.0,0.0,0.0,1.0,1.0,4.0,28.0,224.0,65.8,87,0.0027291499999999996,1.0
2506524397075762905,4,fixed_relational,test,128,ramp,ok,13,1664,1.3013925208950095e+30,3.909029463449902e+30,49.15384615384615,1.0,0.9230769230769231,1.0,1.0,1.0,4.0,28.0,224.0,37.0,87,0.0055855,1.327553547794199e-31
2506524397075762905,4,persistence,test,128,ramp,ok,13,1664,0.040240444279454356,0.06141601598183583,0.0,0.0,0.0,0.0,1.0,1.0,1.0,1.0,8.0,1.0,0,8.6e-06,4.293362782450951
2506524397075762905,4,raw_ar,test,128,ramp,ok,13,1664,0.048045636244788144,0.05901484616579412,0.0,0.0,0.0,0.0,1.0,1.0,28.0,28.0,224.0,28.0,29,0.0095368,3.5958900604098436
2506524397075762905,4,raw_matched,test,128,ramp,ok,13,1664,2.9662351928988233,4.575010487762033,17.307692307692307,0.23076923076923078,0.23076923076923078,0.23076923076923078,1.0,1.0,28.0,28.0,224.0,28.0,87,0.0019497,0.058244479814785075
2506524397075762905,4,vectorchain_absolute,test,128,ramp,ok,13,1664,0.1727988048416481,0.3149222308336398,18.846153846153847,0.0,0.0,0.0,1.0,1.0,4.0,20.0,160.0,50.69230769230769,63,0.0027314,0.9998149349298058
2506524397075762905,4,vectorchain_cartesian,test,128,ramp,ok,13,1664,0.15118973741213856,0.2660382797502592,18.76923076923077,0.0,0.0,0.0,1.0,1.0,4.0,12.0,96.0,50.69230769230769,39,0.0027544,1.1427152978495068
2506524397075762905,4,vectorchain_relational,test,128,ramp,ok,13,1664,0.17276682581870062,0.31487243465490405,18.846153846153847,0.0,0.0,0.0,1.0,1.0,4.0,28.0,224.0,50.69230769230769,87,0.0027684,1.0
2506524397075762905,4,fixed_relational,test,128,regime_change,ok,15,1920,4.508157359057869e+62,1.5528171147611174e+63,80.0,1.0,1.0,1.0,1.0,1.0,4.0,28.0,224.0,37.0,87,0.0144512,2.553973782156338e-63
2506524397075762905,4,persistence,test,128,regime_change,ok,15,1920,1.0042008370750988,1.2913160710731117,0.0,0.0,0.0,0.0,1.0,1.0,1.0,1.0,8.0,1.0,0,5e-06,1.1465550790023793
2506524397075762905,4,raw_ar,test,128,regime_change,ok,15,1920,1.1441251239666832,1.8378119635466559,0.0,0.0,0.0,0.0,1.0,1.0,28.0,28.0,224.0,28.0,29,0.0095811,1.0063336133159009
2506524397075762905,4,raw_matched,test,128,regime_change,ok,15,1920,5.800501155208561,8.701675072315567,18.066666666666666,0.4666666666666667,0.4666666666666667,0.4666666666666667,1.0,1.0,28.0,28.0,224.0,28.0,87,0.0017885,0.19849518848091618
2506524397075762905,4,vectorchain_absolute,test,128,regime_change,ok,15,1920,1.1514656802472225,1.6983159416413547,19.866666666666667,0.0,0.0,0.0,1.0,1.0,4.0,20.0,160.0,43.333333333333336,63,0.0027445,0.9999182692441976
2506524397075762905,4,vectorchain_cartesian,test,128,regime_change,ok,15,1920,1.1222690009066592,1.6469495074226874,19.733333333333334,0.0,0.0,0.0,1.0,1.0,4.0,12.0,96.0,43.333333333333336,39,0.0027538,1.0259319014930688
2506524397075762905,4,vectorchain_relational,test,128,regime_change,ok,15,1920,1.1513715700868954,1.6982251440637464,19.866666666666667,0.0,0.0,0.0,1.0,1.0,4.0,28.0,224.0,43.333333333333336,87,0.0027566,1.0
2506524397075762905,4,fixed_relational,test,128,second_order_response,ok,8,1024,3.789101491621833e+23,1.4507535940108573e+24,46.25,1.0,1.0,1.0,1.0,1.0,4.0,28.0,224.0,37.0,87,0.00585715,3.0455139367179647e-25
2506524397075762905,4,persistence,test,128,second_order_response,ok,8,1024,0.045269278376011184,0.06784829207947324,0.0,0.0,0.0,0.0,1.0,1.0,1.0,1.0,8.0,1.0,0,5.050000000000001e-06,2.549137475645779
2506524397075762905,4,raw_ar,test,128,second_order_response,ok,8,1024,0.053473808076935886,0.07140208390976717,0.0,0.0,0.0,0.0,1.0,1.0,28.0,28.0,224.0,28.0,29,0.00932235,2.1580212472936644
2506524397075762905,4,raw_matched,test,128,second_order_response,ok,8,1024,4.28845540332298,6.084672492975117,20.375,0.375,0.375,0.375,1.0,1.0,28.0,28.0,224.0,28.0,87,0.0021519,0.026908899160829204
2506524397075762905,4,vectorchain_absolute,test,128,second_order_response,ok,8,1024,0.11539989585252816,0.19770467328257918,18.875,0.0,0.0,0.0,1.0,1.0,4.0,20.0,160.0,73.5,63,0.0027597000000000003,0.9999802265956993
2506524397075762905,4,vectorchain_cartesian,test,128,second_order_response,ok,8,1024,0.09568010313756889,0.15276128881872192,18.75,0.0,0.0,0.0,1.0,1.0,4.0,12.0,96.0,73.5,39,0.00267075,1.2060774415952757
2506524397075762905,4,vectorchain_relational,test,128,second_order_response,ok,8,1024,0.1153976140037312,0.19768337544390047,18.875,0.0,0.0,0.0,1.0,1.0,4.0,28.0,224.0,73.5,87,0.00268345,1.0
2506524397075762905,4,fixed_relational,test,128,sine,ok,10,1280,1.7110727852821613e+52,5.867301359342353e+52,89.0,1.0,1.0,1.0,1.0,1.0,4.0,28.0,224.0,37.0,87,0.013614049999999999,2.063342020785549e-53
2506524397075762905,4,persistence,test,128,sine,ok,10,1280,0.360577974104109,0.4420783570002941,0.0,0.0,0.0,0.0,1.0,1.0,1.0,1.0,8.0,1.0,0,6.8e-06,0.9791303496191616
2506524397075762905,4,raw_ar,test,128,sine,ok,10,1280,0.21796427772757204,0.4238309471443461,0.0,0.0,0.0,0.0,1.0,1.0,28.0,28.0,224.0,28.0,29,0.0095114,1.6197738525337484
2506524397075762905,4,raw_matched,test,128,sine,ok,10,1280,8.306458129163987,12.810156287425883,25.6,1.0,1.0,1.0,1.0,1.0,28.0,28.0,224.0,28.0,87,0.00313405,0.042503415096978116
2506524397075762905,4,vectorchain_absolute,test,128,sine,ok,10,1280,0.35309665575807875,0.5966995527502605,20.3,0.0,0.0,0.0,1.0,1.0,4.0,20.0,160.0,54.9,63,0.0029912,0.9998759039264775
2506524397075762905,4,vectorchain_cartesian,test,128,sine,ok,10,1280,0.3257856117348631,0.5367557292382469,19.8,0.0,0.0,0.0,1.0,1.0,4.0,12.0,96.0,54.9,39,0.00286595,1.0836968396776627
2506524397075762905,4,vectorchain_relational,test,128,sine,ok,10,1280,0.35305283784952524,0.5966510222630343,20.3,0.0,0.0,0.0,1.0,1.0,4.0,28.0,224.0,54.9,87,0.00303945,1.0
2506524397075762905,4,fixed_relational,validation,16,chirp,ok,18,288,0.9005182468113714,1.1027085945297403,90.16666666666667,1.0,1.0,1.0,1.0,1.0,4.0,28.0,224.0,37.0,87,0.013701149999999999,0.1004878540687291
2506524397075762905,4,persistence,validation,16,chirp,ok,18,288,0.13189967090690963,0.19380581478312975,0.0,0.0,0.0,0.0,1.0,1.0,1.0,1.0,8.0,1.0,0,7.65e-06,0.6860604393446476
2506524397075762905,4,raw_ar,validation,16,chirp,ok,18,288,0.04099064559279492,0.061294274775781185,0.0,0.0,0.0,0.0,1.0,1.0,28.0,28.0,224.0,28.0,29,0.00849505,2.2076048050269015
2506524397075762905,4,raw_matched,validation,16,chirp,ok,18,288,0.21166230989188625,0.29380213637713226,18.88888888888889,0.3888888888888889,0.3888888888888889,0.3888888888888889,1.0,1.0,28.0,28.0,224.0,28.0,87,0.00169685,0.42752602585708477
2506524397075762905,4,vectorchain_absolute,validation,16,chirp,ok,18,288,0.09050155786039313,0.10815727048209597,19.22222222222222,0.0,0.0,0.0,1.0,1.0,4.0,20.0,160.0,47.05555555555556,63,0.002659,0.999884955697665
2506524397075762905,4,vectorchain_cartesian,validation,16,chirp,ok,18,288,0.0834410601044689,0.10979407883102152,19.055555555555557,0.0,0.0,0.0,1.0,1.0,4.0,12.0,96.0,47.05555555555556,39,0.00260815,1.0844918084515367
2506524397075762905,4,vectorchain_relational,validation,16,chirp,ok,18,288,0.09049114617180885,0.10815796991580177,19.22222222222222,0.0,0.0,0.0,1.0,1.0,4.0,28.0,224.0,47.05555555555556,87,0.00267155,1.0
2506524397075762905,4,fixed_relational,validation,16,first_order_response,ok,12,192,0.021684489705915237,0.028559553367584267,52.916666666666664,0.9166666666666666,0.9166666666666666,0.9166666666666666,1.0,1.0,4.0,28.0,224.0,37.0,87,0.00756245,1.0622586323366363
2506524397075762905,4,persistence,validation,16,first_order_response,ok,12,192,0.018386125470722256,0.013136640203145885,0.0,0.0,0.0,0.0,1.0,1.0,1.0,1.0,8.0,1.0,0,8.85e-06,1.2528216678714164
2506524397075762905,4,raw_ar,validation,16,first_order_response,ok,12,192,0.015374413860153731,0.014648901214849658,0.0,0.0,0.0,0.0,1.0,1.0,28.0,28.0,224.0,28.0,29,0.008281650000000002,1.498238345048236
2506524397075762905,4,raw_matched,validation,16,first_order_response,ok,12,192,0.03305363275777209,0.03485336121642449,15.583333333333334,0.0,0.0,0.0,1.0,1.0,28.0,28.0,224.0,28.0,87,0.0018118499999999998,0.696883654112335
2506524397075762905,4,vectorchain_absolute,validation,16,first_order_response,ok,12,192,0.02302897575579377,0.0236322386099596,18.666666666666668,0.0,0.0,0.0,1.0,1.0,4.0,20.0,160.0,65.16666666666667,63,0.0024783,1.0002414619820084
2506524397075762905,4,vectorchain_cartesian,validation,16,first_order_response,ok,12,192,0.024703498554122526,0.02391312266690404,18.666666666666668,0.0,0.0,0.0,1.0,1.0,4.0,12.0,96.0,65.16666666666667,39,0.00249995,0.9324402504146272
2506524397075762905,4,vectorchain_relational,validation,16,first_order_response,ok,12,192,0.02303453637792339,0.023653353561585266,18.666666666666668,0.0,0.0,0.0,1.0,1.0,4.0,28.0,224.0,65.16666666666667,87,0.0025121500000000003,1.0
2506524397075762905,4,fixed_relational,validation,16,piecewise_linear,ok,16,256,0.028559690622158424,0.04209960588057986,63.8125,0.9375,0.9375,0.9375,1.0,1.0,4.0,28.0,224.0,37.0,87,0.0093606,1.1876855734973983
2506524397075762905,4,persistence,validation,16,piecewise_linear,ok,16,256,0.028266628041137897,0.03637109252269728,0.0,0.0,0.0,0.0,1.0,1.0,1.0,1.0,8.0,1.0,0,6.650000000000001e-06,1.1999992530457135
2506524397075762905,4,raw_ar,validation,16,piecewise_linear,ok,16,256,0.015248640723627313,0.01700453877054717,0.0,0.0,0.0,0.0,1.0,1.0,28.0,28.0,224.0,28.0,29,0.00823095,2.224456143355032
2506524397075762905,4,raw_matched,validation,16,piecewise_linear,ok,16,256,0.04045094064439062,0.05893124835095232,16.875,0.25,0.25,0.25,1.0,1.0,28.0,28.0,224.0,28.0,87,0.0018365,0.8385449632353658
2506524397075762905,4,vectorchain_absolute,validation,16,piecewise_linear,ok,16,256,0.0339312700271328,0.04077124874062328,18.875,0.0,0.0,0.0,1.0,1.0,4.0,20.0,160.0,49.375,63,0.002506,0.9996658689274748
2506524397075762905,4,vectorchain_cartesian,validation,16,piecewise_linear,ok,16,256,0.031938948578469836,0.03981660257738025,18.75,0.0,0.0,0.0,1.0,1.0,4.0,12.0,96.0,49.375,39,0.00251165,1.0620240817304816
2506524397075762905,4,vectorchain_relational,validation,16,piecewise_linear,ok,16,256,0.033919932535486495,0.04077105106165971,18.875,0.0,0.0,0.0,1.0,1.0,4.0,28.0,224.0,49.375,87,0.002504,1.0
2506524397075762905,4,fixed_relational,validation,16,ramp,ok,18,288,0.019254733666336628,0.020210991129538076,50.94444444444444,0.9444444444444444,0.9444444444444444,0.9444444444444444,1.0,1.0,4.0,28.0,224.0,37.0,87,0.006566799999999999,1.0208590549071037
2506524397075762905,4,persistence,validation,16,ramp,ok,18,288,0.01952422948302817,0.01871933342350978,0.0,0.0,0.0,0.0,1.0,1.0,1.0,1.0,8.0,1.0,0,7.9e-06,1.0067679869359811
2506524397075762905,4,raw_ar,validation,16,ramp,ok,18,288,0.015416323167164387,0.015926265355485168,0.0,0.0,0.0,0.0,1.0,1.0,28.0,28.0,224.0,28.0,29,0.00852355,1.2750361418844018
2506524397075762905,4,raw_matched,validation,16,ramp,ok,18,288,0.03577147398819186,0.039561600093348664,15.944444444444445,0.1111111111111111,0.1111111111111111,0.1111111111111111,1.0,1.0,28.0,28.0,224.0,28.0,87,0.00178245,0.5494984416798971
2506524397075762905,4,vectorchain_absolute,validation,16,ramp,ok,18,288,0.019659963360325054,0.01808479079073746,18.833333333333332,0.0,0.0,0.0,1.0,1.0,4.0,20.0,160.0,43.44444444444444,63,0.0026030000000000003,0.9998171844395242
2506524397075762905,4,vectorchain_cartesian,validation,16,ramp,ok,18,288,0.02084457723379987,0.024776701765395228,18.944444444444443,0.0,0.0,0.0,1.0,1.0,4.0,12.0,96.0,43.44444444444444,39,0.0025640000000000003,0.9429967800561209
2506524397075762905,4,vectorchain_relational,validation,16,ramp,ok,18,288,0.019656369213104402,0.018091895296846763,18.833333333333332,0.0,0.0,0.0,1.0,1.0,4.0,28.0,224.0,43.44444444444444,87,0.00256245,1.0
2506524397075762905,4,fixed_relational,validation,16,regime_change,ok,20,320,8.527809593904765,11.205888344134902,92.6,1.0,1.0,1.0,1.0,1.0,4.0,28.0,224.0,37.0,87,0.01408535,0.013615270570153768
2506524397075762905,4,persistence,validation,16,regime_change,ok,20,320,0.16497933790215222,0.2367769442257564,0.0,0.0,0.0,0.0,1.0,1.0,1.0,1.0,8.0,1.0,0,5.1e-06,0.7037756149841587
2506524397075762905,4,raw_ar,validation,16,regime_change,ok,20,320,0.06620655032858616,0.0987711067560941,0.0,0.0,0.0,0.0,1.0,1.0,28.0,28.0,224.0,28.0,29,0.00796305,1.7537303244998415
2506524397075762905,4,raw_matched,validation,16,regime_change,ok,20,320,0.1863494638185342,0.2772722193918907,17.25,0.35,0.35,0.35,1.0,1.0,28.0,28.0,224.0,28.0,87,0.0016286500000000001,0.6230682536593294
2506524397075762905,4,vectorchain_absolute,validation,16,regime_change,ok,20,320,0.11614789784749786,0.16322478762456866,19.4,0.0,0.0,0.0,1.0,1.0,4.0,20.0,160.0,43.1,63,0.0024994,0.9996602361604239
2506524397075762905,4,vectorchain_cartesian,validation,16,regime_change,ok,20,320,0.11690812367371212,0.16550783816349118,19.3,0.0,0.0,0.0,1.0,1.0,4.0,12.0,96.0,43.1,39,0.00241555,0.9931596825197748
2506524397075762905,4,vectorchain_relational,validation,16,regime_change,ok,20,320,0.1161084349917665,0.16319178050789063,19.4,0.0,0.0,0.0,1.0,1.0,4.0,28.0,224.0,43.1,87,0.00257095,1.0
2506524397075762905,4,fixed_relational,validation,16,second_order_response,ok,17,272,0.028088054616513168,0.030534972605434474,46.588235294117645,0.8235294117647058,0.8235294117647058,0.8235294117647058,1.0,1.0,4.0,28.0,224.0,37.0,87,0.0063369,1.0429087716963366
2506524397075762905,4,persistence,validation,16,second_order_response,ok,17,272,0.01946188084070378,0.017774793694476505,0.0,0.0,0.0,0.0,1.0,1.0,1.0,1.0,8.0,1.0,0,5.3e-06,1.505161745630545
2506524397075762905,4,raw_ar,validation,16,second_order_response,ok,17,272,0.017089333654581578,0.017884655793499103,0.0,0.0,0.0,0.0,1.0,1.0,28.0,28.0,224.0,28.0,29,0.0078147,1.7141264329866925
2506524397075762905,4,raw_matched,validation,16,second_order_response,ok,17,272,0.03540445087964488,0.046747694623938185,22.176470588235293,0.47058823529411764,0.47058823529411764,0.47058823529411764,1.0,1.0,28.0,28.0,224.0,28.0,87,0.0018299,0.8273897154634017
2506524397075762905,4,vectorchain_absolute,validation,16,second_order_response,ok,17,272,0.02931207056958038,0.03050735878226194,18.823529411764707,0.0,0.0,0.0,1.0,1.0,4.0,20.0,160.0,46.94117647058823,63,0.0024441,0.9993588978953769
2506524397075762905,4,vectorchain_cartesian,validation,16,second_order_response,ok,17,272,0.024520051756893816,0.026061031824110983,18.823529411764707,0.0,0.0,0.0,1.0,1.0,4.0,12.0,96.0,46.94117647058823,39,0.0024468,1.1946662604907248
2506524397075762905,4,vectorchain_relational,validation,16,second_order_response,ok,17,272,0.02929327853944736,0.03052728231018334,18.823529411764707,0.0,0.0,0.0,1.0,1.0,4.0,28.0,224.0,46.94117647058823,87,0.0024741,1.0
2506524397075762905,4,fixed_relational,validation,16,sine,ok,18,288,0.04647740632780046,0.07072751908588423,58.666666666666664,0.8888888888888888,0.8888888888888888,0.8888888888888888,1.0,1.0,4.0,28.0,224.0,37.0,87,0.00619075,1.0348609451082837
2506524397075762905,4,persistence,validation,16,sine,ok,18,288,0.05308263602139993,0.07554773391799226,0.0,0.0,0.0,0.0,1.0,1.0,1.0,1.0,8.0,1.0,0,6.7e-06,0.906090131228205
2506524397075762905,4,raw_ar,validation,16,sine,ok,18,288,0.01832193502579432,0.022192940518745846,0.0,0.0,0.0,0.0,1.0,1.0,28.0,28.0,224.0,28.0,29,0.0081861,2.6251404434551042
2506524397075762905,4,raw_matched,validation,16,sine,ok,18,288,0.06444879049830424,0.09372370289067372,16.833333333333332,0.2777777777777778,0.2777777777777778,0.2777777777777778,1.0,1.0,28.0,28.0,224.0,28.0,87,0.0016229,0.7462925567212133
2506524397075762905,4,vectorchain_absolute,validation,16,sine,ok,18,288,0.04809123028974581,0.04629345300119963,18.833333333333332,0.0,0.0,0.0,1.0,1.0,4.0,20.0,160.0,50.111111111111114,63,0.00250115,1.0001335451138347
2506524397075762905,4,vectorchain_cartesian,validation,16,sine,ok,18,288,0.046420092745069745,0.04751915167338366,18.666666666666668,0.0,0.0,0.0,1.0,1.0,4.0,12.0,96.0,50.111111111111114,39,0.0025263,1.036138658806918
2506524397075762905,4,vectorchain_relational,validation,16,sine,ok,18,288,0.048097652638569306,0.046294935391072524,18.833333333333332,0.0,0.0,0.0,1.0,1.0,4.0,28.0,224.0,50.111111111111114,87,0.0025472999999999997,1.0
2506524397075762905,4,fixed_relational,validation,64,chirp,ok,18,1152,1.6203158603864695e+25,3.028382068249207e+25,90.16666666666667,1.0,1.0,1.0,1.0,1.0,4.0,28.0,224.0,37.0,87,0.013701149999999999,2.329660588315789e-26
2506524397075762905,4,persistence,validation,64,chirp,ok,18,1152,0.49825672904289997,0.7761024067064651,0.0,0.0,0.0,0.0,1.0,1.0,1.0,1.0,8.0,1.0,0,7.65e-06,0.7575985993839607
2506524397075762905,4,raw_ar,validation,64,chirp,ok,18,1152,0.2731167956030315,0.4858628944927832,0.0,0.0,0.0,0.0,1.0,1.0,28.0,28.0,224.0,28.0,29,0.00849505,1.382114194856
2506524397075762905,4,raw_matched,validation,64,chirp,ok,18,1152,4.592555805459423,5.517468891111603,18.88888888888889,0.3888888888888889,0.3888888888888889,0.3888888888888889,1.0,1.0,28.0,28.0,224.0,28.0,87,0.00169685,0.08219357935897156
2506524397075762905,4,vectorchain_absolute,validation,64,chirp,ok,18,1152,0.3775157338642885,0.6267371983200294,19.22222222222222,0.0,0.0,0.0,1.0,1.0,4.0,20.0,160.0,47.05555555555556,63,0.002659,0.9999016363970482
2506524397075762905,4,vectorchain_cartesian,validation,64,chirp,ok,18,1152,0.38464704002034733,0.6486581477758933,19.055555555555557,0.0,0.0,0.0,1.0,1.0,4.0,12.0,96.0,47.05555555555556,39,0.00260815,0.9813635899461659
2506524397075762905,4,vectorchain_relational,validation,64,chirp,ok,18,1152,0.3774786000565346,0.6266719797404766,19.22222222222222,0.0,0.0,0.0,1.0,1.0,4.0,28.0,224.0,47.05555555555556,87,0.00267155,1.0
2506524397075762905,4,fixed_relational,validation,64,first_order_response,ok,12,768,0.28804202319843664,0.5904538854983481,52.916666666666664,0.9166666666666666,0.9166666666666666,0.9166666666666666,1.0,1.0,4.0,28.0,224.0,37.0,87,0.00756245,0.2220803825164911
2506524397075762905,4,persistence,validation,64,first_order_response,ok,12,768,0.019152698387284003,0.01574937705551588,0.0,0.0,0.0,0.0,1.0,1.0,1.0,1.0,8.0,1.0,0,8.85e-06,3.339920119830385
2506524397075762905,4,raw_ar,validation,64,first_order_response,ok,12,768,0.030617688325144096,0.03824590564973568,0.0,0.0,0.0,0.0,1.0,1.0,28.0,28.0,224.0,28.0,29,0.008281650000000002,2.0892655909688687
2506524397075762905,4,raw_matched,validation,64,first_order_response,ok,12,768,0.24981733159667827,0.48090056197746134,15.583333333333334,0.0,0.0,0.0,1.0,1.0,28.0,28.0,224.0,28.0,87,0.0018118499999999998,0.2560610278073412
2506524397075762905,4,vectorchain_absolute,validation,64,first_order_response,ok,12,768,0.06395205332283405,0.09796017072465509,18.666666666666668,0.0,0.0,0.0,1.0,1.0,4.0,20.0,160.0,65.16666666666667,63,0.0024783,1.000256901366651
2506524397075762905,4,vectorchain_cartesian,validation,64,first_order_response,ok,12,768,0.056994613897995816,0.08705876598057698,18.666666666666668,0.0,0.0,0.0,1.0,1.0,4.0,12.0,96.0,65.16666666666667,39,0.00249995,1.1223601375248937
2506524397075762905,4,vectorchain_relational,validation,64,first_order_response,ok,12,768,0.06396848269273281,0.09797001107943598,18.666666666666668,0.0,0.0,0.0,1.0,1.0,4.0,28.0,224.0,65.16666666666667,87,0.0025121500000000003,1.0
2506524397075762905,4,fixed_relational,validation,64,piecewise_linear,ok,16,1024,1.3069344749688905,3.412032182572116,63.8125,0.9375,0.9375,0.9375,1.0,1.0,4.0,28.0,224.0,37.0,87,0.0093606,0.07853908858255174
2506524397075762905,4,persistence,validation,64,piecewise_linear,ok,16,1024,0.07830077186564827,0.11279462188281025,0.0,0.0,0.0,0.0,1.0,1.0,1.0,1.0,8.0,1.0,0,6.650000000000001e-06,1.3109122688764265
2506524397075762905,4,raw_ar,validation,64,piecewise_linear,ok,16,1024,0.03801220395509358,0.05701390737839269,0.0,0.0,0.0,0.0,1.0,1.0,28.0,28.0,224.0,28.0,29,0.00823095,2.7003286266282935
2506524397075762905,4,raw_matched,validation,64,piecewise_linear,ok,16,1024,1.6890730224645925,2.112152690428216,16.875,0.25,0.25,0.25,1.0,1.0,28.0,28.0,224.0,28.0,87,0.0018365,0.060770281175528136
2506524397075762905,4,vectorchain_absolute,validation,64,piecewise_linear,ok,16,1024,0.10264456299805441,0.14137676804227348,18.875,0.0,0.0,0.0,1.0,1.0,4.0,20.0,160.0,49.375,63,0.002506,1.000008568433557
2506524397075762905,4,vectorchain_cartesian,validation,64,piecewise_linear,ok,16,1024,0.09018293716511429,0.1207586409051852,18.75,0.0,0.0,0.0,1.0,1.0,4.0,12.0,96.0,49.375,39,0.00251165,1.1381913888349053
2506524397075762905,4,vectorchain_relational,validation,64,piecewise_linear,ok,16,1024,0.10264544250117244,0.1413792704942386,18.875,0.0,0.0,0.0,1.0,1.0,4.0,28.0,224.0,49.375,87,0.002504,1.0
2506524397075762905,4,fixed_relational,validation,64,ramp,ok,18,1152,0.23881280236542748,0.44795721091182056,50.94444444444444,0.9444444444444444,0.9444444444444444,0.9444444444444444,1.0,1.0,4.0,28.0,224.0,37.0,87,0.006566799999999999,0.27788317523595163
2506524397075762905,4,persistence,validation,64,ramp,ok,18,1152,0.027734623075624368,0.03505222153444998,0.0,0.0,0.0,0.0,1.0,1.0,1.0,1.0,8.0,1.0,0,7.9e-06,2.3927514582531177
2506524397075762905,4,raw_ar,validation,64,ramp,ok,18,1152,0.026812182115482894,0.029085037149503872,0.0,0.0,0.0,0.0,1.0,1.0,28.0,28.0,224.0,28.0,29,0.00852355,2.475071201682593
2506524397075762905,4,raw_matched,validation,64,ramp,ok,18,1152,0.7430054606426049,0.8676653517940643,15.944444444444445,0.1111111111111111,0.1111111111111111,0.1111111111111111,1.0,1.0,28.0,28.0,224.0,28.0,87,0.00178245,0.08931570940394713
2506524397075762905,4,vectorchain_absolute,validation,64,ramp,ok,18,1152,0.06636670941185657,0.1172080637856631,18.833333333333332,0.0,0.0,0.0,1.0,1.0,4.0,20.0,160.0,43.44444444444444,63,0.0026030000000000003,0.9999299407248453
2506524397075762905,4,vectorchain_cartesian,validation,64,ramp,ok,18,1152,0.06102252752391862,0.10316184921239523,18.944444444444443,0.0,0.0,0.0,1.0,1.0,4.0,12.0,96.0,43.44444444444444,39,0.0025640000000000003,1.0875010016962876
2506524397075762905,4,vectorchain_relational,validation,64,ramp,ok,18,1152,0.06636205980830077,0.11719215147007327,18.833333333333332,0.0,0.0,0.0,1.0,1.0,4.0,28.0,224.0,43.44444444444444,87,0.00256245,1.0
2506524397075762905,4,fixed_relational,validation,64,regime_change,ok,20,1280,2.732005923741399e+26,6.860767780288342e+26,92.6,1.0,1.0,1.0,1.0,1.0,4.0,28.0,224.0,37.0,87,0.01408535,2.0519134966878302e-27
2506524397075762905,4,persistence,validation,64,regime_change,ok,20,1280,0.6082618166154737,0.9253292485036152,0.0,0.0,0.0,0.0,1.0,1.0,1.0,1.0,8.0,1.0,0,5.1e-06,0.9216162637247927
2506524397075762905,4,raw_ar,validation,64,regime_change,ok,20,1280,0.4550257649623428,0.8187884513059978,0.0,0.0,0.0,0.0,1.0,1.0,28.0,28.0,224.0,28.0,29,0.00796305,1.2319829468162116
2506524397075762905,4,raw_matched,validation,64,regime_change,ok,20,1280,3.4651412162162756,4.623513429144159,17.25,0.35,0.35,0.35,1.0,1.0,28.0,28.0,224.0,28.0,87,0.0016286500000000001,0.16177810594620778
2506524397075762905,4,vectorchain_absolute,validation,64,regime_change,ok,20,1280,0.5606610930613088,0.9685222243621239,19.4,0.0,0.0,0.0,1.0,1.0,4.0,20.0,160.0,43.1,63,0.0024994,0.9998624654596954
2506524397075762905,4,vectorchain_cartesian,validation,64,regime_change,ok,20,1280,0.5642492206412739,0.9790697065418925,19.3,0.0,0.0,0.0,1.0,1.0,4.0,12.0,96.0,43.1,39,0.00241555,0.993504221695689
2506524397075762905,4,vectorchain_relational,validation,64,regime_change,ok,20,1280,0.560583982795608,0.9684013872516729,19.4,0.0,0.0,0.0,1.0,1.0,4.0,28.0,224.0,43.1,87,0.00257095,1.0
2506524397075762905,4,fixed_relational,validation,64,second_order_response,ok,17,1088,1.8122562636275237,1.5088340349539895,46.588235294117645,0.8235294117647058,0.8235294117647058,0.8235294117647058,1.0,1.0,4.0,28.0,224.0,37.0,87,0.0063369,0.04766722080740082
2506524397075762905,4,persistence,validation,64,second_order_response,ok,17,1088,0.033497626125842624,0.04681637485692317,0.0,0.0,0.0,0.0,1.0,1.0,1.0,1.0,8.0,1.0,0,5.3e-06,2.5788460099649932
2506524397075762905,4,raw_ar,validation,64,second_order_response,ok,17,1088,0.03288845762524393,0.040190333826426644,0.0,0.0,0.0,0.0,1.0,1.0,28.0,28.0,224.0,28.0,29,0.0078147,2.6266120613580357
2506524397075762905,4,raw_matched,validation,64,second_order_response,ok,17,1088,1.3621659944042828,2.2353441298996493,22.176470588235293,0.47058823529411764,0.47058823529411764,0.47058823529411764,1.0,1.0,28.0,28.0,224.0,28.0,87,0.0018299,0.06341754223258765
2506524397075762905,4,vectorchain_absolute,validation,64,second_order_response,ok,17,1088,0.08637956235363792,0.13037118986739002,18.823529411764707,0.0,0.0,0.0,1.0,1.0,4.0,20.0,160.0,46.94117647058823,63,0.0024441,1.000065491467383
2506524397075762905,4,vectorchain_cartesian,validation,64,second_order_response,ok,17,1088,0.06677688727639554,0.10066221251753127,18.823529411764707,0.0,0.0,0.0,1.0,1.0,4.0,12.0,96.0,46.94117647058823,39,0.0024468,1.2936395061418806
2506524397075762905,4,vectorchain_relational,validation,64,second_order_response,ok,17,1088,0.08638521947792836,0.13039200573006388,18.823529411764707,0.0,0.0,0.0,1.0,1.0,4.0,28.0,224.0,46.94117647058823,87,0.0024741,1.0
2506524397075762905,4,fixed_relational,validation,64,sine,ok,18,1152,3099373503.1326427,5845552584.36351,58.666666666666664,0.8888888888888888,0.8888888888888888,0.8888888888888888,1.0,1.0,4.0,28.0,224.0,37.0,87,0.00619075,4.0118540667236145e-11
2506524397075762905,4,persistence,validation,64,sine,ok,18,1152,0.20957895936529206,0.3242407799285506,0.0,0.0,0.0,0.0,1.0,1.0,1.0,1.0,8.0,1.0,0,6.7e-06,0.5932959219997596
2506524397075762905,4,raw_ar,validation,64,sine,ok,18,1152,0.0922775711569165,0.1635905326704032,0.0,0.0,0.0,0.0,1.0,1.0,28.0,28.0,224.0,28.0,29,0.0081861,1.3474817376471577
2506524397075762905,4,raw_matched,validation,64,sine,ok,18,1152,1.1636023666352953,1.7628802401890564,16.833333333333332,0.2777777777777778,0.2777777777777778,0.2777777777777778,1.0,1.0,28.0,28.0,224.0,28.0,87,0.0016229,0.10685982212973048
2506524397075762905,4,vectorchain_absolute,validation,64,sine,ok,18,1152,0.12433400149339062,0.17129600143897117,18.833333333333332,0.0,0.0,0.0,1.0,1.0,4.0,20.0,160.0,50.111111111111114,63,0.00250115,1.0000670808860834
2506524397075762905,4,vectorchain_cartesian,validation,64,sine,ok,18,1152,0.1223136743269975,0.1802506187836483,18.666666666666668,0.0,0.0,0.0,1.0,1.0,4.0,12.0,96.0,50.111111111111114,39,0.0025263,1.0165857792478712
2506524397075762905,4,vectorchain_relational,validation,64,sine,ok,18,1152,0.12434234192838109,0.17128757656469373,18.833333333333332,0.0,0.0,0.0,1.0,1.0,4.0,28.0,224.0,50.111111111111114,87,0.0025472999999999997,1.0
2506524397075762905,4,fixed_relational,validation,128,chirp,ok,18,2304,3.2881489723140112e+59,8.691154402741915e+59,90.16666666666667,1.0,1.0,1.0,1.0,1.0,4.0,28.0,224.0,37.0,87,0.013701149999999999,2.6712900252872915e-60
2506524397075762905,4,persistence,validation,128,chirp,ok,18,2304,0.8966707514859144,1.2304388452214146,0.0,0.0,0.0,0.0,1.0,1.0,1.0,1.0,8.0,1.0,0,7.65e-06,0.9795791305610638
2506524397075762905,4,raw_ar,validation,128,chirp,ok,18,2304,0.7412435022595347,1.2806114038857812,0.0,0.0,0.0,0.0,1.0,1.0,28.0,28.0,224.0,28.0,29,0.00849505,1.1849816591479054
2506524397075762905,4,raw_matched,validation,128,chirp,ok,18,2304,9.363244432126333,11.067560187724702,18.88888888888889,0.3888888888888889,0.3888888888888889,0.3888888888888889,1.0,1.0,28.0,28.0,224.0,28.0,87,0.00169685,0.09380935865845358
2506524397075762905,4,vectorchain_absolute,validation,128,chirp,ok,18,2304,0.8784257387159516,1.3662120207132953,19.22222222222222,0.0,0.0,0.0,1.0,1.0,4.0,20.0,160.0,47.05555555555556,63,0.002659,0.9999251119668464
2506524397075762905,4,vectorchain_cartesian,validation,128,chirp,ok,18,2304,0.8853171903466417,1.3810035055044279,19.055555555555557,0.0,0.0,0.0,1.0,1.0,4.0,12.0,96.0,47.05555555555556,39,0.00260815,0.9921415338113903
2506524397075762905,4,vectorchain_relational,validation,128,chirp,ok,18,2304,0.8783599551401077,1.3661193481551455,19.22222222222222,0.0,0.0,0.0,1.0,1.0,4.0,28.0,224.0,47.05555555555556,87,0.00267155,1.0
2506524397075762905,4,fixed_relational,validation,128,first_order_response,ok,12,1536,5.259394247933513e+24,1.6442260445626838e+25,52.916666666666664,0.9166666666666666,0.9166666666666666,0.9166666666666666,1.0,1.0,4.0,28.0,224.0,37.0,87,0.00756245,2.840158766747318e-26
2506524397075762905,4,persistence,validation,128,first_order_response,ok,12,1536,0.01887597003013475,0.016752448449406116,0.0,0.0,0.0,0.0,1.0,1.0,1.0,1.0,8.0,1.0,0,8.85e-06,7.913508369213144
2506524397075762905,4,raw_ar,validation,128,first_order_response,ok,12,1536,0.04705836403287326,0.05596391641403317,0.0,0.0,0.0,0.0,1.0,1.0,28.0,28.0,224.0,28.0,29,0.008281650000000002,3.1742528640846883
2506524397075762905,4,raw_matched,validation,128,first_order_response,ok,12,1536,1.1870280656330239,2.6401310107345206,15.583333333333334,0.0,0.0,0.0,1.0,1.0,28.0,28.0,224.0,28.0,87,0.0018118499999999998,0.1258396082916779
2506524397075762905,4,vectorchain_absolute,validation,128,first_order_response,ok,12,1536,0.14937182109246372,0.265747210756446,18.666666666666668,0.0,0.0,0.0,1.0,1.0,4.0,20.0,160.0,65.16666666666667,63,0.0024783,1.0000222646949055
2506524397075762905,4,vectorchain_cartesian,validation,128,first_order_response,ok,12,1536,0.12261961773218626,0.21099568757233214,18.666666666666668,0.0,0.0,0.0,1.0,1.0,4.0,12.0,96.0,65.16666666666667,39,0.00249995,1.2181994168073365
2506524397075762905,4,vectorchain_relational,validation,128,first_order_response,ok,12,1536,0.14937514681048783,0.2657221535258617,18.666666666666668,0.0,0.0,0.0,1.0,1.0,4.0,28.0,224.0,65.16666666666667,87,0.0025121500000000003,1.0
2506524397075762905,4,fixed_relational,validation,128,piecewise_linear,ok,16,2048,1.4590890714541119e+34,4.201760348850432e+34,63.8125,0.9375,0.9375,0.9375,1.0,1.0,4.0,28.0,224.0,37.0,87,0.0093606,1.4586017654709895e-35
2506524397075762905,4,persistence,validation,128,piecewise_linear,ok,16,2048,0.14406698871765414,0.21047234334371454,0.0,0.0,0.0,0.0,1.0,1.0,1.0,1.0,8.0,1.0,0,6.650000000000001e-06,1.4772502115480108
2506524397075762905,4,raw_ar,validation,128,piecewise_linear,ok,16,2048,0.0831442736571957,0.12288867768038059,0.0,0.0,0.0,0.0,1.0,1.0,28.0,28.0,224.0,28.0,29,0.00823095,2.559683068947235
2506524397075762905,4,raw_matched,validation,128,piecewise_linear,ok,16,2048,3.302914556334535,4.557238919108284,16.875,0.25,0.25,0.25,1.0,1.0,28.0,28.0,224.0,28.0,87,0.0018365,0.06443490618068648
2506524397075762905,4,vectorchain_absolute,validation,128,piecewise_linear,ok,16,2048,0.21282939842678505,0.3003256454278469,18.875,0.0,0.0,0.0,1.0,1.0,4.0,20.0,160.0,49.375,63,0.002506,0.9999698873060161
2506524397075762905,4,vectorchain_cartesian,validation,128,piecewise_linear,ok,16,2048,0.18431480266678707,0.2465918240623838,18.75,0.0,0.0,0.0,1.0,1.0,4.0,12.0,96.0,49.375,39,0.00251165,1.154671173888246
2506524397075762905,4,vectorchain_relational,validation,128,piecewise_linear,ok,16,2048,0.21282298956023946,0.3003023538917341,18.875,0.0,0.0,0.0,1.0,1.0,4.0,28.0,224.0,49.375,87,0.002504,1.0
2506524397075762905,4,fixed_relational,validation,128,ramp,ok,18,2304,4.57650933271724e+30,1.1681557379568182e+31,50.94444444444444,0.9444444444444444,0.9444444444444444,0.9444444444444444,1.0,1.0,4.0,28.0,224.0,37.0,87,0.006566799999999999,3.7576668729198175e-32
2506524397075762905,4,persistence,validation,128,ramp,ok,18,2304,0.04276551051707794,0.060263258181864954,0.0,0.0,0.0,0.0,1.0,1.0,1.0,1.0,8.0,1.0,0,7.9e-06,4.021230497480562
2506524397075762905,4,raw_ar,validation,128,ramp,ok,18,2304,0.04181922065013634,0.05202121057985802,0.0,0.0,0.0,0.0,1.0,1.0,28.0,28.0,224.0,28.0,29,0.00852355,4.112223337931547
2506524397075762905,4,raw_matched,validation,128,ramp,ok,18,2304,2.1696011387479985,3.637848992501426,15.944444444444445,0.1111111111111111,0.1111111111111111,0.1111111111111111,1.0,1.0,28.0,28.0,224.0,28.0,87,0.00178245,0.07926340563723959
2506524397075762905,4,vectorchain_absolute,validation,128,ramp,ok,18,2304,0.17199111958394814,0.3217438882884898,18.833333333333332,0.0,0.0,0.0,1.0,1.0,4.0,20.0,160.0,43.44444444444444,63,0.0026030000000000003,0.9998770607901166
2506524397075762905,4,vectorchain_cartesian,validation,128,ramp,ok,18,2304,0.14911393000660098,0.2722048464280491,18.944444444444443,0.0,0.0,0.0,1.0,1.0,4.0,12.0,96.0,43.44444444444444,39,0.0025640000000000003,1.153279074087758
2506524397075762905,4,vectorchain_relational,validation,128,ramp,ok,18,2304,0.17196997513159953,0.3216975161481747,18.833333333333332,0.0,0.0,0.0,1.0,1.0,4.0,28.0,224.0,43.44444444444444,87,0.00256245,1.0
2506524397075762905,4,fixed_relational,validation,128,regime_change,ok,20,2560,5.544130536906749e+60,1.96897195026807e+61,92.6,1.0,1.0,1.0,1.0,1.0,4.0,28.0,224.0,37.0,87,0.01408535,2.1893485153098435e-61
2506524397075762905,4,persistence,validation,128,regime_change,ok,20,2560,1.0183174873767376,1.3278479027882706,0.0,0.0,0.0,0.0,1.0,1.0,1.0,1.0,8.0,1.0,0,5.1e-06,1.1919695095219514
2506524397075762905,4,raw_ar,validation,128,regime_change,ok,20,2560,1.1744536270287553,1.8754372496512535,0.0,0.0,0.0,0.0,1.0,1.0,28.0,28.0,224.0,28.0,29,0.00796305,1.0335047447014756
2506524397075762905,4,raw_matched,validation,128,regime_change,ok,20,2560,6.830338910593618,9.79692015037036,17.25,0.35,0.35,0.35,1.0,1.0,28.0,28.0,224.0,28.0,87,0.0016286500000000001,0.17770763820862664
2506524397075762905,4,vectorchain_absolute,validation,128,regime_change,ok,20,2560,1.2139142606253956,1.8343887435392294,19.4,0.0,0.0,0.0,1.0,1.0,4.0,20.0,160.0,43.1,63,0.0024994,0.9999086717547392
2506524397075762905,4,vectorchain_cartesian,validation,128,regime_change,ok,20,2560,1.2047226097036576,1.7997967009987015,19.3,0.0,0.0,0.0,1.0,1.0,4.0,12.0,96.0,43.1,39,0.00241555,1.0075376573738013
2506524397075762905,4,vectorchain_relational,validation,128,regime_change,ok,20,2560,1.2138033959660757,1.8342337918386717,19.4,0.0,0.0,0.0,1.0,1.0,4.0,28.0,224.0,43.1,87,0.00257095,1.0
2506524397075762905,4,fixed_relational,validation,128,second_order_response,ok,17,2176,3.568671797697483e+28,1.0927009278404427e+29,46.588235294117645,0.8235294117647058,0.8235294117647058,0.8235294117647058,1.0,1.0,4.0,28.0,224.0,37.0,87,0.0063369,5.5309612260262154e-30
2506524397075762905,4,persistence,validation,128,second_order_response,ok,17,2176,0.05798309102099038,0.08669067403523248,0.0,0.0,0.0,0.0,1.0,1.0,1.0,1.0,8.0,1.0,0,5.3e-06,3.404127823115304
2506524397075762905,4,raw_ar,validation,128,second_order_response,ok,17,2176,0.062044168325396436,0.09374860085011855,0.0,0.0,0.0,0.0,1.0,1.0,28.0,28.0,224.0,28.0,29,0.0078147,3.181311938611102
2506524397075762905,4,raw_matched,validation,128,second_order_response,ok,17,2176,6.176029076252472,8.653481268784509,22.176470588235293,0.47058823529411764,0.47058823529411764,0.47058823529411764,1.0,1.0,28.0,28.0,224.0,28.0,87,0.0018299,0.031959346527971506
2506524397075762905,4,vectorchain_absolute,validation,128,second_order_response,ok,17,2176,0.1973858020337322,0.3525460589285194,18.823529411764707,0.0,0.0,0.0,1.0,1.0,4.0,20.0,160.0,46.94117647058823,63,0.0024441,0.9999799954256535
2506524397075762905,4,vectorchain_cartesian,validation,128,second_order_response,ok,17,2176,0.15589992466017327,0.2831718316833804,18.823529411764707,0.0,0.0,0.0,1.0,1.0,4.0,12.0,96.0,46.94117647058823,39,0.0024468,1.2660804926303106
2506524397075762905,4,vectorchain_relational,validation,128,second_order_response,ok,17,2176,0.19738185341478048,0.35252973209825794,18.823529411764707,0.0,0.0,0.0,1.0,1.0,4.0,28.0,224.0,46.94117647058823,87,0.0024741,1.0
2506524397075762905,4,fixed_relational,validation,128,sine,ok,18,2304,6.287652609972113e+43,1.6770527586409924e+44,58.666666666666664,0.8888888888888888,0.8888888888888888,0.8888888888888888,1.0,1.0,4.0,28.0,224.0,37.0,87,0.00619075,4.961340219245103e-45
2506524397075762905,4,persistence,validation,128,sine,ok,18,2304,0.4350131027546433,0.6979762230249312,0.0,0.0,0.0,0.0,1.0,1.0,1.0,1.0,8.0,1.0,0,6.7e-06,0.7171090613353511
2506524397075762905,4,raw_ar,validation,128,sine,ok,18,2304,0.2762548738949865,0.5235605521621113,0.0,0.0,0.0,0.0,1.0,1.0,28.0,28.0,224.0,28.0,29,0.0081861,1.129217498995308
2506524397075762905,4,raw_matched,validation,128,sine,ok,18,2304,3.229505386737896,5.339901560353322,16.833333333333332,0.2777777777777778,0.2777777777777778,0.2777777777777778,1.0,1.0,28.0,28.0,224.0,28.0,87,0.0016229,0.09659430792901125
2506524397075762905,4,vectorchain_absolute,validation,128,sine,ok,18,2304,0.3119479050965243,0.5001922655990797,18.833333333333332,0.0,0.0,0.0,1.0,1.0,4.0,20.0,160.0,50.111111111111114,63,0.00250115,1.0000126068756108
2506524397075762905,4,vectorchain_cartesian,validation,128,sine,ok,18,2304,0.3129090661627259,0.5200586716660007,18.666666666666668,0.0,0.0,0.0,1.0,1.0,4.0,12.0,96.0,50.111111111111114,39,0.0025263,0.9969408736234341
2506524397075762905,4,vectorchain_relational,validation,128,sine,ok,18,2304,0.3119518377849609,0.5002176107277219,18.833333333333332,0.0,0.0,0.0,1.0,1.0,4.0,28.0,224.0,50.111111111111114,87,0.0025472999999999997,1.0
2506524397075762905,8,fixed_relational,test,16,chirp,ok,12,192,2.18965790413105,3.250140546022928,94.66666666666667,1.0,1.0,1.0,1.0,1.0,8.0,56.0,448.0,73.0,171,0.0157273,0.048611741562551235
2506524397075762905,8,persistence,test,16,chirp,ok,12,192,0.13175705796776954,0.18246298481494364,0.0,0.0,0.0,0.0,1.0,1.0,1.0,1.0,8.0,1.0,0,5e-06,0.8078738686777169
2506524397075762905,8,raw_ar,test,16,chirp,ok,12,192,0.03893574281208364,0.060074624732840254,0.0,0.0,0.0,0.0,1.0,1.0,56.0,56.0,448.0,56.0,57,0.00921085,2.7338141373016716
2506524397075762905,8,raw_matched,test,16,chirp,ok,12,192,0.25364416301128445,0.3695638456250045,14.666666666666666,0.5,0.5,0.5833333333333334,1.0,1.0,56.0,56.0,448.0,56.0,171,0.0018037,0.4196551692036399
2506524397075762905,8,vectorchain_absolute,test,16,chirp,ok,12,192,0.10647214280778988,0.15628206123952706,19.666666666666668,0.0,0.0,0.0,1.0,1.0,8.0,40.0,320.0,91.33333333333333,123,0.0028908500000000004,0.9997270773273893
2506524397075762905,8,vectorchain_cartesian,test,16,chirp,ok,12,192,0.09635189107396247,0.13704420857236027,19.916666666666668,0.0,0.0,0.0,1.0,1.0,8.0,24.0,192.0,91.33333333333333,75,0.0028243499999999998,1.1047326934590982
2506524397075762905,8,vectorchain_relational,test,16,chirp,ok,12,192,0.10644308414601619,0.1562284831518095,19.666666666666668,0.0,0.0,0.0,1.0,1.0,8.0,56.0,448.0,91.33333333333333,171,0.0028875000000000003,1.0
2506524397075762905,8,fixed_relational,test,16,first_order_response,ok,12,192,0.02343457819222712,0.02492742199058835,35.416666666666664,0.8333333333333334,0.8333333333333334,0.8333333333333334,1.0,1.0,8.0,56.0,448.0,73.0,171,0.00466715,1.3226644138925099
2506524397075762905,8,persistence,test,16,first_order_response,ok,12,192,0.024079705203628617,0.021338176283581867,0.0,0.0,0.0,0.0,1.0,1.0,1.0,1.0,8.0,1.0,0,5.050000000000001e-06,1.2872284925136632
2506524397075762905,8,raw_ar,test,16,first_order_response,ok,12,192,0.017496361221205986,0.019662986449601072,0.0,0.0,0.0,0.0,1.0,1.0,56.0,56.0,448.0,56.0,57,0.009243600000000001,1.7715730852579978
2506524397075762905,8,raw_matched,test,16,first_order_response,ok,12,192,0.03473537955980555,0.045686943364891854,20.166666666666668,0.4166666666666667,0.4166666666666667,0.5,1.0,1.0,56.0,56.0,448.0,56.0,171,0.00203345,0.8923490407258355
2506524397075762905,8,vectorchain_absolute,test,16,first_order_response,ok,12,192,0.030981507680939727,0.03810457690837298,20.25,0.0,0.0,0.0,1.0,1.0,8.0,40.0,320.0,90.41666666666667,123,0.0028617499999999997,1.0004704402590943
2506524397075762905,8,vectorchain_cartesian,test,16,first_order_response,ok,12,192,0.024518497757260397,0.029327442497805167,20.75,0.0,0.0,0.0,1.0,1.0,8.0,24.0,192.0,90.41666666666667,75,0.00293075,1.2641917517259695
2506524397075762905,8,vectorchain_relational,test,16,first_order_response,ok,12,192,0.03099608262944028,0.03810860226626985,20.25,0.0,0.0,0.0,1.0,1.0,8.0,56.0,448.0,90.41666666666667,171,0.00296225,1.0
2506524397075762905,8,fixed_relational,test,16,piecewise_linear,ok,10,160,0.021672471924003074,0.022490377580416627,38.7,0.8,0.8,0.8,1.0,1.0,8.0,56.0,448.0,73.0,171,0.0052364,1.2528871151055103
2506524397075762905,8,persistence,test,16,piecewise_linear,ok,10,160,0.030036743064752243,0.032383246370391666,0.0,0.0,0.0,0.0,1.0,1.0,1.0,1.0,8.0,1.0,0,4.9e-06,0.9039981720898792
2506524397075762905,8,raw_ar,test,16,piecewise_linear,ok,10,160,0.019084348401243605,0.021155839448347973,0.0,0.0,0.0,0.0,1.0,1.0,56.0,56.0,448.0,56.0,57,0.0093922,1.4227973759009758
2506524397075762905,8,raw_matched,test,16,piecewise_linear,ok,10,160,0.04970814389293081,0.06968005154276642,16.2,0.2,0.2,0.2,1.0,1.0,56.0,56.0,448.0,56.0,171,0.0018460999999999998,0.5462517547337136
2506524397075762905,8,vectorchain_absolute,test,16,piecewise_linear,ok,10,160,0.02715129034065903,0.028105189797963205,19.7,0.0,0.0,0.0,1.0,1.0,8.0,40.0,320.0,122.4,123,0.0028128,1.0000688912161038
2506524397075762905,8,vectorchain_cartesian,test,16,piecewise_linear,ok,10,160,0.02503133907415699,0.026694907633100645,20.6,0.0,0.0,0.0,1.0,1.0,8.0,24.0,192.0,122.4,75,0.0029632,1.0847666097936812
2506524397075762905,8,vectorchain_relational,test,16,piecewise_linear,ok,10,160,0.027153160826069382,0.02810295562093943,19.7,0.0,0.0,0.0,1.0,1.0,8.0,56.0,448.0,122.4,171,0.0028164,1.0
2506524397075762905,8,fixed_relational,test,16,ramp,ok,13,208,0.02468107680104475,0.02807349227943665,51.30769230769231,1.0,1.0,1.0,1.0,1.0,8.0,56.0,448.0,73.0,171,0.0075136,1.221640441212142
2506524397075762905,8,persistence,test,16,ramp,ok,13,208,0.01970473464097742,0.018104724326434753,0.0,0.0,0.0,0.0,1.0,1.0,1.0,1.0,8.0,1.0,0,5e-06,1.5301602433212704
2506524397075762905,8,raw_ar,test,16,ramp,ok,13,208,0.015890325426299347,0.015586813148532932,0.0,0.0,0.0,0.0,1.0,1.0,56.0,56.0,448.0,56.0,57,0.009303,1.897469104246089
2506524397075762905,8,raw_matched,test,16,ramp,ok,13,208,0.044729397445228095,0.061510606574557855,15.538461538461538,0.07692307692307693,0.07692307692307693,0.07692307692307693,1.0,1.0,56.0,56.0,448.0,56.0,171,0.0019853,0.6740846797621178
2506524397075762905,8,vectorchain_absolute,test,16,ramp,ok,13,208,0.03017656165498596,0.03260794600354408,20.0,0.0,0.0,0.0,1.0,1.0,8.0,40.0,320.0,103.53846153846153,123,0.0029167,0.9991662369472525
2506524397075762905,8,vectorchain_cartesian,test,16,ramp,ok,13,208,0.03240421089354304,0.0363878772618441,20.53846153846154,0.0,0.0,0.0,1.0,1.0,8.0,24.0,192.0,103.53846153846153,75,0.003021,0.9304778830095545
2506524397075762905,8,vectorchain_relational,test,16,ramp,ok,13,208,0.030151401552819073,0.03258907352250308,20.0,0.0,0.0,0.0,1.0,1.0,8.0,56.0,448.0,103.53846153846153,171,0.0029174,1.0
2506524397075762905,8,fixed_relational,test,16,regime_change,ok,15,240,368.82840657720385,392.58382855638143,83.86666666666666,1.0,1.0,1.0,1.0,1.0,8.0,56.0,448.0,73.0,171,0.0155601,0.0003767582417722262
2506524397075762905,8,persistence,test,16,regime_change,ok,15,240,0.17135865489009988,0.25754360851744684,0.0,0.0,0.0,0.0,1.0,1.0,1.0,1.0,8.0,1.0,0,5.4e-06,0.8109257280690021
2506524397075762905,8,raw_ar,test,16,regime_change,ok,15,240,0.04735459548342311,0.07280075931499988,0.0,0.0,0.0,0.0,1.0,1.0,56.0,56.0,448.0,56.0,57,0.0094993,2.9344383699006142
2506524397075762905,8,raw_matched,test,16,regime_change,ok,15,240,0.3331582883562269,0.4358741486785339,16.133333333333333,0.6,0.6,0.6,1.0,1.0,56.0,56.0,448.0,56.0,171,0.0019066,0.4170964578527854
2506524397075762905,8,vectorchain_absolute,test,16,regime_change,ok,15,240,0.13897941683689274,0.17946884855130316,19.733333333333334,0.0,0.0,0.0,1.0,1.0,8.0,40.0,320.0,84.0,123,0.0027986,0.9998541161009661
2506524397075762905,8,vectorchain_cartesian,test,16,regime_change,ok,15,240,0.1296587104379855,0.16470792195293577,19.866666666666667,0.0,0.0,0.0,1.0,1.0,8.0,24.0,192.0,84.0,75,0.0028879,1.0717300944015014
2506524397075762905,8,vectorchain_relational,test,16,regime_change,ok,15,240,0.1389591419776791,0.17944630747808762,19.733333333333334,0.0,0.0,0.0,1.0,1.0,8.0,56.0,448.0,84.0,171,0.0028765,1.0
2506524397075762905,8,fixed_relational,test,16,second_order_response,ok,8,128,0.01781044487409621,0.02207007133356284,39.75,0.875,0.875,0.875,1.0,1.0,8.0,56.0,448.0,73.0,171,0.0055692,1.64737399003885
2506524397075762905,8,persistence,test,16,second_order_response,ok,8,128,0.02011174517314812,0.02109075580101699,0.0,0.0,0.0,0.0,1.0,1.0,1.0,1.0,8.0,1.0,0,4.9e-06,1.4588720861370257
2506524397075762905,8,raw_ar,test,16,second_order_response,ok,8,128,0.01526610585328666,0.018665479544867747,0.0,0.0,0.0,0.0,1.0,1.0,56.0,56.0,448.0,56.0,57,0.009316999999999999,1.9219350316695276
2506524397075762905,8,raw_matched,test,16,second_order_response,ok,8,128,0.0346882364319306,0.051308996360538456,15.875,0.375,0.25,0.375,1.0,1.0,56.0,56.0,448.0,56.0,171,0.00189425,0.8458332465007905
2506524397075762905,8,vectorchain_absolute,test,16,second_order_response,ok,8,128,0.029341957323444374,0.03321867117882574,19.625,0.0,0.0,0.0,1.0,1.0,8.0,40.0,320.0,149.5,123,0.0026944,0.9999490938242105
2506524397075762905,8,vectorchain_cartesian,test,16,second_order_response,ok,8,128,0.032506904544577865,0.038892131200714386,20.5,0.0,0.0,0.0,1.0,1.0,8.0,24.0,192.0,149.5,75,0.00281875,0.9025917431286404
2506524397075762905,8,vectorchain_relational,test,16,second_order_response,ok,8,128,0.029340463636606858,0.033200044836404485,19.625,0.0,0.0,0.0,1.0,1.0,8.0,56.0,448.0,149.5,171,0.0027098499999999998,1.0
2506524397075762905,8,fixed_relational,test,16,sine,ok,10,160,0.051884335482394385,0.07125962079462993,73.7,1.0,1.0,1.0,1.0,1.0,8.0,56.0,448.0,73.0,171,0.0106783,1.6379918068254327
2506524397075762905,8,persistence,test,16,sine,ok,10,160,0.04801306977225164,0.07106306706289012,0.0,0.0,0.0,0.0,1.0,1.0,1.0,1.0,8.0,1.0,0,5.2e-06,1.7700621273722517
2506524397075762905,8,raw_ar,test,16,sine,ok,10,160,0.012627892960114928,0.010447921419510408,0.0,0.0,0.0,0.0,1.0,1.0,56.0,56.0,448.0,56.0,57,0.00942585,6.730031422595351
2506524397075762905,8,raw_matched,test,16,sine,ok,10,160,0.07116701217628268,0.10642675861154713,21.0,0.8,0.8,0.8,1.0,1.0,56.0,56.0,448.0,56.0,171,0.0022283,1.1941785080457095
2506524397075762905,8,vectorchain_absolute,test,16,sine,ok,10,160,0.08500778298020815,0.1160130575809577,20.7,0.0,0.0,0.0,1.0,1.0,8.0,40.0,320.0,105.5,123,0.0029583,0.9997451226616614
2506524397075762905,8,vectorchain_cartesian,test,16,sine,ok,10,160,0.07487412609137255,0.08932139411008891,20.9,0.0,0.0,0.0,1.0,1.0,8.0,24.0,192.0,105.5,75,0.00297765,1.1350532000738331
2506524397075762905,8,vectorchain_relational,test,16,sine,ok,10,160,0.08498611642274409,0.1159828883301045,20.7,0.0,0.0,0.0,1.0,1.0,8.0,56.0,448.0,105.5,171,0.00299105,1.0
2506524397075762905,8,fixed_relational,test,64,chirp,ok,12,768,1.5580468575357195e+27,4.633763538890757e+27,94.66666666666667,1.0,1.0,1.0,1.0,1.0,8.0,56.0,448.0,73.0,171,0.0157273,3.449481992703984e-28
2506524397075762905,8,persistence,test,64,chirp,ok,12,768,0.5130636382363502,0.7889083831660441,0.0,0.0,0.0,0.0,1.0,1.0,1.0,1.0,8.0,1.0,0,5e-06,1.0475220183860845
2506524397075762905,8,raw_ar,test,64,chirp,ok,12,768,0.2998676882625078,0.5355109085515158,0.0,0.0,0.0,0.0,1.0,1.0,56.0,56.0,448.0,56.0,57,0.00921085,1.7922753231597368
2506524397075762905,8,raw_matched,test,64,chirp,ok,12,768,4.441388956116815,4.486022793936009,14.666666666666666,0.5,0.5,0.5833333333333334,1.0,1.0,56.0,56.0,448.0,56.0,171,0.0018037,0.12100841948230255
2506524397075762905,8,vectorchain_absolute,test,64,chirp,ok,12,768,0.5375261149465692,0.9192923775827851,19.666666666666668,0.0,0.0,0.0,1.0,1.0,8.0,40.0,320.0,91.33333333333333,123,0.0028908500000000004,0.9998499476425851
2506524397075762905,8,vectorchain_cartesian,test,64,chirp,ok,12,768,0.47393527355606413,0.8225213188824418,19.916666666666668,0.0,0.0,0.0,1.0,1.0,8.0,24.0,192.0,91.33333333333333,75,0.0028243499999999998,1.1340060296699406
2506524397075762905,8,vectorchain_relational,test,64,chirp,ok,12,768,0.5374454578858494,0.919181064258991,19.666666666666668,0.0,0.0,0.0,1.0,1.0,8.0,56.0,448.0,91.33333333333333,171,0.0028875000000000003,1.0
2506524397075762905,8,fixed_relational,test,64,first_order_response,ok,12,768,0.16353397843823203,0.25553281997883437,35.416666666666664,0.8333333333333334,0.8333333333333334,0.8333333333333334,1.0,1.0,8.0,56.0,448.0,73.0,171,0.00466715,0.6389477903852553
2506524397075762905,8,persistence,test,64,first_order_response,ok,12,768,0.02339047272232709,0.01909967105233411,0.0,0.0,0.0,0.0,1.0,1.0,1.0,1.0,8.0,1.0,0,5.050000000000001e-06,4.467189501316875
2506524397075762905,8,raw_ar,test,64,first_order_response,ok,12,768,0.03515961575747865,0.04602180175166554,0.0,0.0,0.0,0.0,1.0,1.0,56.0,56.0,448.0,56.0,57,0.009243600000000001,2.9718662142601144
2506524397075762905,8,raw_matched,test,64,first_order_response,ok,12,768,1.7862521234076574,3.02926477173791,20.166666666666668,0.4166666666666667,0.4166666666666667,0.5,1.0,1.0,56.0,56.0,448.0,56.0,171,0.00203345,0.058496599000079544
2506524397075762905,8,vectorchain_absolute,test,64,first_order_response,ok,12,768,0.10449278620982544,0.13606632358177004,20.25,0.0,0.0,0.0,1.0,1.0,8.0,40.0,320.0,90.41666666666667,123,0.0028617499999999997,0.9999702177162655
2506524397075762905,8,vectorchain_cartesian,test,64,first_order_response,ok,12,768,0.07811215225461707,0.12882672311879312,20.75,0.0,0.0,0.0,1.0,1.0,8.0,24.0,192.0,90.41666666666667,75,0.00293075,1.3376878137401742
2506524397075762905,8,vectorchain_relational,test,64,first_order_response,ok,12,768,0.10448967417601833,0.13605034717729525,20.25,0.0,0.0,0.0,1.0,1.0,8.0,56.0,448.0,90.41666666666667,171,0.00296225,1.0
2506524397075762905,8,fixed_relational,test,64,piecewise_linear,ok,10,640,0.12197015822466845,0.2183833592686582,38.7,0.8,0.8,0.8,1.0,1.0,8.0,56.0,448.0,73.0,171,0.0052364,0.4156276578275259
2506524397075762905,8,persistence,test,64,piecewise_linear,ok,10,640,0.06137816950317835,0.0957699821034231,0.0,0.0,0.0,0.0,1.0,1.0,1.0,1.0,8.0,1.0,0,4.9e-06,0.8259316235416012
2506524397075762905,8,raw_ar,test,64,piecewise_linear,ok,10,640,0.049141956202550574,0.07315110201986172,0.0,0.0,0.0,0.0,1.0,1.0,56.0,56.0,448.0,56.0,57,0.0093922,1.0315863491234105
2506524397075762905,8,raw_matched,test,64,piecewise_linear,ok,10,640,0.848849637669178,0.9705693086000104,16.2,0.2,0.2,0.2,1.0,1.0,56.0,56.0,448.0,56.0,171,0.0018460999999999998,0.0597210258897804
2506524397075762905,8,vectorchain_absolute,test,64,piecewise_linear,ok,10,640,0.05068646828761102,0.07231849655356946,19.7,0.0,0.0,0.0,1.0,1.0,8.0,40.0,320.0,122.4,123,0.0028128,1.0001519715304874
2506524397075762905,8,vectorchain_cartesian,test,64,piecewise_linear,ok,10,640,0.049799309497703864,0.07135522995732539,20.6,0.0,0.0,0.0,1.0,1.0,8.0,24.0,192.0,122.4,75,0.0029632,1.0179693593966215
2506524397075762905,8,vectorchain_relational,test,64,piecewise_linear,ok,10,640,0.05069417118777169,0.07232761258738345,19.7,0.0,0.0,0.0,1.0,1.0,8.0,56.0,448.0,122.4,171,0.0028164,1.0
2506524397075762905,8,fixed_relational,test,64,ramp,ok,13,832,0.5324295342787126,1.289548663210867,51.30769230769231,1.0,1.0,1.0,1.0,1.0,8.0,56.0,448.0,73.0,171,0.0075136,0.14903359373683486
2506524397075762905,8,persistence,test,64,ramp,ok,13,832,0.026192854033606792,0.02605197816845597,0.0,0.0,0.0,0.0,1.0,1.0,1.0,1.0,8.0,1.0,0,5e-06,3.029447909852658
2506524397075762905,8,raw_ar,test,64,ramp,ok,13,832,0.032182176826858575,0.036277143193464645,0.0,0.0,0.0,0.0,1.0,1.0,56.0,56.0,448.0,56.0,57,0.009303,2.4656469738542386
2506524397075762905,8,raw_matched,test,64,ramp,ok,13,832,0.7927841892333612,1.5055760039463637,15.538461538461538,0.07692307692307693,0.07692307692307693,0.07692307692307693,1.0,1.0,56.0,56.0,448.0,56.0,171,0.0019853,0.1000901480917762
2506524397075762905,8,vectorchain_absolute,test,64,ramp,ok,13,832,0.07937679523689357,0.12393626874965338,20.0,0.0,0.0,0.0,1.0,1.0,8.0,40.0,320.0,103.53846153846153,123,0.0029167,0.9996610050629102
2506524397075762905,8,vectorchain_cartesian,test,64,ramp,ok,13,832,0.08715861547962774,0.13366222127440322,20.53846153846154,0.0,0.0,0.0,1.0,1.0,8.0,24.0,192.0,103.53846153846153,75,0.003021,0.9104078405620488
2506524397075762905,8,vectorchain_relational,test,64,ramp,ok,13,832,0.07934988690518585,0.12391272897347957,20.0,0.0,0.0,0.0,1.0,1.0,8.0,56.0,448.0,103.53846153846153,171,0.0029174,1.0
2506524397075762905,8,fixed_relational,test,64,regime_change,ok,15,960,4.0252968942206904e+29,8.549963264368914e+29,83.86666666666666,1.0,1.0,1.0,1.0,1.0,8.0,56.0,448.0,73.0,171,0.0155601,1.5490310176733034e-30
2506524397075762905,8,persistence,test,64,regime_change,ok,15,960,0.6155921458724042,0.8990921523432416,0.0,0.0,0.0,0.0,1.0,1.0,1.0,1.0,8.0,1.0,0,5.4e-06,1.012896247344955
2506524397075762905,8,raw_ar,test,64,regime_change,ok,15,960,0.3421202512155755,0.628378990866479,0.0,0.0,0.0,0.0,1.0,1.0,56.0,56.0,448.0,56.0,57,0.0094993,1.822549154087606
2506524397075762905,8,raw_matched,test,64,regime_change,ok,15,960,3.823112124177074,5.36225653600398,16.133333333333333,0.6,0.6,0.6,1.0,1.0,56.0,56.0,448.0,56.0,171,0.0019066,0.16309513145220703
2506524397075762905,8,vectorchain_absolute,test,64,regime_change,ok,15,960,0.6235988850881848,0.9556110970066116,19.733333333333334,0.0,0.0,0.0,1.0,1.0,8.0,40.0,320.0,84.0,123,0.0027986,0.9998910988447504
2506524397075762905,8,vectorchain_cartesian,test,64,regime_change,ok,15,960,0.5527044320833535,0.8607188406918314,19.866666666666667,0.0,0.0,0.0,1.0,1.0,8.0,24.0,192.0,84.0,75,0.0028879,1.1281454214124187
2506524397075762905,8,vectorchain_relational,test,64,regime_change,ok,15,960,0.6235309744491864,0.9555294647143523,19.733333333333334,0.0,0.0,0.0,1.0,1.0,8.0,56.0,448.0,84.0,171,0.0028765,1.0
2506524397075762905,8,fixed_relational,test,64,second_order_response,ok,8,512,0.1199037695506148,0.24665718997411568,39.75,0.875,0.875,0.875,1.0,1.0,8.0,56.0,448.0,73.0,171,0.0055692,0.43519493791245517
2506524397075762905,8,persistence,test,64,second_order_response,ok,8,512,0.029308706664628818,0.034835056806287915,0.0,0.0,0.0,0.0,1.0,1.0,1.0,1.0,8.0,1.0,0,4.9e-06,1.780409969711299
2506524397075762905,8,raw_ar,test,64,second_order_response,ok,8,512,0.03360439606996395,0.040775729595892915,0.0,0.0,0.0,0.0,1.0,1.0,56.0,56.0,448.0,56.0,57,0.009316999999999999,1.5528180728618912
2506524397075762905,8,raw_matched,test,64,second_order_response,ok,8,512,0.3400661879426313,0.7800756025849593,15.875,0.375,0.25,0.375,1.0,1.0,56.0,56.0,448.0,56.0,171,0.00189425,0.153445168603037
2506524397075762905,8,vectorchain_absolute,test,64,second_order_response,ok,8,512,0.052178703328630484,0.06347046269941718,19.625,0.0,0.0,0.0,1.0,1.0,8.0,40.0,320.0,149.5,123,0.0026944,1.0000538575364926
2506524397075762905,8,vectorchain_cartesian,test,64,second_order_response,ok,8,512,0.0638657430724874,0.08007542879722487,20.5,0.0,0.0,0.0,1.0,1.0,8.0,24.0,192.0,149.5,75,0.00281875,0.8170501278881748
2506524397075762905,8,vectorchain_relational,test,64,second_order_response,ok,8,512,0.05218151354504914,0.06345550790072296,19.625,0.0,0.0,0.0,1.0,1.0,8.0,56.0,448.0,149.5,171,0.0027098499999999998,1.0
2506524397075762905,8,fixed_relational,test,64,sine,ok,10,640,9269969892424.793,22628564034967.586,73.7,1.0,1.0,1.0,1.0,1.0,8.0,56.0,448.0,73.0,171,0.0106783,2.947261314421925e-14
2506524397075762905,8,persistence,test,64,sine,ok,10,640,0.19813133791995535,0.2895038712464733,0.0,0.0,0.0,0.0,1.0,1.0,1.0,1.0,8.0,1.0,0,5.2e-06,1.378935000218754
2506524397075762905,8,raw_ar,test,64,sine,ok,10,640,0.05027724060747726,0.08869193781131271,0.0,0.0,0.0,0.0,1.0,1.0,56.0,56.0,448.0,56.0,57,0.00942585,5.434073811468557
2506524397075762905,8,raw_matched,test,64,sine,ok,10,640,3.7550094003578223,6.516827870364111,21.0,0.8,0.8,0.8,1.0,1.0,56.0,56.0,448.0,56.0,171,0.0022283,0.07275886885182255
2506524397075762905,8,vectorchain_absolute,test,64,sine,ok,10,640,0.27326317404821276,0.3405194540547737,20.7,0.0,0.0,0.0,1.0,1.0,8.0,40.0,320.0,105.5,123,0.0029583,0.9998062763107342
2506524397075762905,8,vectorchain_cartesian,test,64,sine,ok,10,640,0.20893941010024264,0.26523164385014364,20.9,0.0,0.0,0.0,1.0,1.0,8.0,24.0,192.0,105.5,75,0.00297765,1.3076050916718769
2506524397075762905,8,vectorchain_relational,test,64,sine,ok,10,640,0.27321023649799564,0.3404355390984047,20.7,0.0,0.0,0.0,1.0,1.0,8.0,56.0,448.0,105.5,171,0.00299105,1.0
2506524397075762905,8,fixed_relational,test,128,chirp,ok,12,1536,3.0996599061770488e+63,1.3037143757133958e+64,94.66666666666667,1.0,1.0,1.0,1.0,1.0,8.0,56.0,448.0,73.0,171,0.0157273,3.966810485149186e-64
2506524397075762905,8,persistence,test,128,chirp,ok,12,1536,0.9503285626503433,1.3415624567727766,0.0,0.0,0.0,0.0,1.0,1.0,1.0,1.0,8.0,1.0,0,5e-06,1.2938434031624144
2506524397075762905,8,raw_ar,test,128,chirp,ok,12,1536,0.8659503593494733,1.525754835383034,0.0,0.0,0.0,0.0,1.0,1.0,56.0,56.0,448.0,56.0,57,0.00921085,1.4199155047936682
2506524397075762905,8,raw_matched,test,128,chirp,ok,12,1536,6.96199256131076,7.8227028336345095,14.666666666666666,0.5,0.5,0.5833333333333334,1.0,1.0,56.0,56.0,448.0,56.0,171,0.0018037,0.1766127054566213
2506524397075762905,8,vectorchain_absolute,test,128,chirp,ok,12,1536,1.2296958801506792,1.912024040700615,19.666666666666668,0.0,0.0,0.0,1.0,1.0,8.0,40.0,320.0,91.33333333333333,123,0.0028908500000000004,0.9999027901689816
2506524397075762905,8,vectorchain_cartesian,test,128,chirp,ok,12,1536,1.1293448246153106,1.777497734099591,19.916666666666668,0.0,0.0,0.0,1.0,1.0,8.0,24.0,192.0,91.33333333333333,75,0.0028243499999999998,1.0887519159976646
2506524397075762905,8,vectorchain_relational,test,128,chirp,ok,12,1536,1.2295763416219658,1.9118567077950503,19.666666666666668,0.0,0.0,0.0,1.0,1.0,8.0,56.0,448.0,91.33333333333333,171,0.0028875000000000003,1.0
2506524397075762905,8,fixed_relational,test,128,first_order_response,ok,12,1536,1284434628633074.0,4039840015138801.5,35.416666666666664,0.8333333333333334,0.8333333333333334,0.8333333333333334,1.0,1.0,8.0,56.0,448.0,73.0,171,0.00466715,1.8061790025115625e-16
2506524397075762905,8,persistence,test,128,first_order_response,ok,12,1536,0.02330982365354287,0.020295456746703577,0.0,0.0,0.0,0.0,1.0,1.0,1.0,1.0,8.0,1.0,0,5.050000000000001e-06,9.952537139778787
2506524397075762905,8,raw_ar,test,128,first_order_response,ok,12,1536,0.05522204802477555,0.0684458577939243,0.0,0.0,0.0,0.0,1.0,1.0,56.0,56.0,448.0,56.0,57,0.009243600000000001,4.201073555430171
2506524397075762905,8,raw_matched,test,128,first_order_response,ok,12,1536,12.96039259844858,13.738656739290326,20.166666666666668,0.4166666666666667,0.4166666666666667,0.5,1.0,1.0,56.0,56.0,448.0,56.0,171,0.00203345,0.017900066211061383
2506524397075762905,8,vectorchain_absolute,test,128,first_order_response,ok,12,1536,0.23201918289464882,0.39649211248843846,20.25,0.0,0.0,0.0,1.0,1.0,8.0,40.0,320.0,90.41666666666667,123,0.0028617499999999997,0.9998823491198927
2506524397075762905,8,vectorchain_cartesian,test,128,first_order_response,ok,12,1536,0.2196897962558181,0.4312332418083293,20.75,0.0,0.0,0.0,1.0,1.0,8.0,24.0,192.0,90.41666666666667,75,0.00293075,1.0559975455730142
2506524397075762905,8,vectorchain_relational,test,128,first_order_response,ok,12,1536,0.23199188563357948,0.3964321472197076,20.25,0.0,0.0,0.0,1.0,1.0,8.0,56.0,448.0,90.41666666666667,171,0.00296225,1.0
2506524397075762905,8,fixed_relational,test,128,piecewise_linear,ok,10,1280,1.7484483205566155e+26,6.0240761634359596e+26,38.7,0.8,0.8,0.8,1.0,1.0,8.0,56.0,448.0,73.0,171,0.0052364,7.355387250967279e-28
2506524397075762905,8,persistence,test,128,piecewise_linear,ok,10,1280,0.10829964529179091,0.17344414017599866,0.0,0.0,0.0,0.0,1.0,1.0,1.0,1.0,8.0,1.0,0,4.9e-06,1.1874936848913302
2506524397075762905,8,raw_ar,test,128,piecewise_linear,ok,10,1280,0.09494285166566785,0.1400224206548621,0.0,0.0,0.0,0.0,1.0,1.0,56.0,56.0,448.0,56.0,57,0.0093922,1.3545532138938008
2506524397075762905,8,raw_matched,test,128,piecewise_linear,ok,10,1280,2.6127062436850643,5.152997368354453,16.2,0.2,0.2,0.2,1.0,1.0,56.0,56.0,448.0,56.0,171,0.0018460999999999998,0.04922296380269027
2506524397075762905,8,vectorchain_absolute,test,128,piecewise_linear,ok,10,1280,0.12862182969907937,0.25251141408866806,19.7,0.0,0.0,0.0,1.0,1.0,8.0,40.0,320.0,122.4,123,0.0028128,0.9998702798805956
2506524397075762905,8,vectorchain_cartesian,test,128,piecewise_linear,ok,10,1280,0.14114090258214176,0.2856601183897598,20.6,0.0,0.0,0.0,1.0,1.0,8.0,24.0,192.0,122.4,75,0.0029632,0.9111826728267282
2506524397075762905,8,vectorchain_relational,test,128,piecewise_linear,ok,10,1280,0.1286051448599728,0.2524531803383595,19.7,0.0,0.0,0.0,1.0,1.0,8.0,56.0,448.0,122.4,171,0.0028164,1.0
2506524397075762905,8,fixed_relational,test,128,ramp,ok,13,1664,5.3625419468750554e+35,1.6204536158358744e+36,51.30769230769231,1.0,1.0,1.0,1.0,1.0,8.0,56.0,448.0,73.0,171,0.0075136,3.868546484987557e-37
2506524397075762905,8,persistence,test,128,ramp,ok,13,1664,0.040240444279454356,0.06141601598183583,0.0,0.0,0.0,0.0,1.0,1.0,1.0,1.0,8.0,1.0,0,5e-06,5.155321510645887
2506524397075762905,8,raw_ar,test,128,ramp,ok,13,1664,0.050117421253464134,0.06145166677789397,0.0,0.0,0.0,0.0,1.0,1.0,56.0,56.0,448.0,56.0,57,0.009303,4.139327658992014
2506524397075762905,8,raw_matched,test,128,ramp,ok,13,1664,2.9759087268996747,3.749312412196711,15.538461538461538,0.07692307692307693,0.07692307692307693,0.07692307692307693,1.0,1.0,56.0,56.0,448.0,56.0,171,0.0019853,0.06971061515315487
2506524397075762905,8,vectorchain_absolute,test,128,ramp,ok,13,1664,0.20749039509522366,0.395618905334092,20.0,0.0,0.0,0.0,1.0,1.0,8.0,40.0,320.0,103.53846153846153,123,0.0029167,0.9998170175376649
2506524397075762905,8,vectorchain_cartesian,test,128,ramp,ok,13,1664,0.229718758271516,0.4368312439333365,20.53846153846154,0.0,0.0,0.0,1.0,1.0,8.0,24.0,192.0,103.53846153846153,75,0.003021,0.903071344947024
2506524397075762905,8,vectorchain_relational,test,128,ramp,ok,13,1664,0.20745242799181826,0.39556634019704906,20.0,0.0,0.0,0.0,1.0,1.0,8.0,56.0,448.0,103.53846153846153,171,0.0029174,1.0
2506524397075762905,8,fixed_relational,test,128,regime_change,ok,15,1920,8.008135684656988e+65,2.4055409431332635e+66,83.86666666666666,1.0,1.0,1.0,1.0,1.0,8.0,56.0,448.0,73.0,171,0.0155601,1.6110606496966432e-66
2506524397075762905,8,persistence,test,128,regime_change,ok,15,1920,1.0042008370750988,1.2913160710731117,0.0,0.0,0.0,0.0,1.0,1.0,1.0,1.0,8.0,1.0,0,5.4e-06,1.2847621514198677
2506524397075762905,8,raw_ar,test,128,regime_change,ok,15,1920,0.9426400090081157,1.5293788948903821,0.0,0.0,0.0,0.0,1.0,1.0,56.0,56.0,448.0,56.0,57,0.0094993,1.3686658910815743
2506524397075762905,8,raw_matched,test,128,regime_change,ok,15,1920,7.504098029998033,9.190675663791124,16.133333333333333,0.6,0.6,0.6,1.0,1.0,56.0,56.0,448.0,56.0,171,0.0019066,0.1719272886282609
2506524397075762905,8,vectorchain_absolute,test,128,regime_change,ok,15,1920,1.2902548856467255,1.876903150438736,19.733333333333334,0.0,0.0,0.0,1.0,1.0,8.0,40.0,320.0,84.0,123,0.0027986,0.9999258613553386
2506524397075762905,8,vectorchain_cartesian,test,128,regime_change,ok,15,1920,1.181762586988554,1.7515120794796075,19.866666666666667,0.0,0.0,0.0,1.0,1.0,8.0,24.0,192.0,84.0,75,0.0028879,1.0917245495018635
2506524397075762905,8,vectorchain_relational,test,128,regime_change,ok,15,1920,1.290159227898236,1.876788472246229,19.733333333333334,0.0,0.0,0.0,1.0,1.0,8.0,56.0,448.0,84.0,171,0.0028765,1.0
2506524397075762905,8,fixed_relational,test,128,second_order_response,ok,8,1024,3.0988938063065056e+17,1.1937080187105303e+18,39.75,0.875,0.875,0.875,1.0,1.0,8.0,56.0,448.0,73.0,171,0.0055692,3.6852430947039937e-19
2506524397075762905,8,persistence,test,128,second_order_response,ok,8,1024,0.045269278376011184,0.06784829207947324,0.0,0.0,0.0,0.0,1.0,1.0,1.0,1.0,8.0,1.0,0,4.9e-06,2.522721238464392
2506524397075762905,8,raw_ar,test,128,second_order_response,ok,8,1024,0.058542829981163454,0.0805135474438176,0.0,0.0,0.0,0.0,1.0,1.0,56.0,56.0,448.0,56.0,57,0.009316999999999999,1.950738801760445
2506524397075762905,8,raw_matched,test,128,second_order_response,ok,8,1024,7.618184132947328,8.171177163647204,15.875,0.375,0.25,0.375,1.0,1.0,56.0,56.0,448.0,56.0,171,0.00189425,0.014990681245838803
2506524397075762905,8,vectorchain_absolute,test,128,second_order_response,ok,8,1024,0.1142233065820375,0.2073983566215834,19.625,0.0,0.0,0.0,1.0,1.0,8.0,40.0,320.0,149.5,123,0.0026944,0.9998114520270714
2506524397075762905,8,vectorchain_cartesian,test,128,second_order_response,ok,8,1024,0.14443800015568675,0.258182148363272,20.5,0.0,0.0,0.0,1.0,1.0,8.0,24.0,192.0,149.5,75,0.00281875,0.79066291340246
2506524397075762905,8,vectorchain_relational,test,128,second_order_response,ok,8,1024,0.11420177000912025,0.20733702708255908,19.625,0.0,0.0,0.0,1.0,1.0,8.0,56.0,448.0,149.5,171,0.0027098499999999998,1.0
2506524397075762905,8,fixed_relational,test,128,sine,ok,10,1280,1.8442575732435828e+49,6.366737661395365e+49,73.7,1.0,1.0,1.0,1.0,1.0,8.0,56.0,448.0,73.0,171,0.0106783,2.5887225322809823e-50
2506524397075762905,8,persistence,test,128,sine,ok,10,1280,0.360577974104109,0.4420783570002941,0.0,0.0,0.0,0.0,1.0,1.0,1.0,1.0,8.0,1.0,0,5.2e-06,1.3240606687215564
2506524397075762905,8,raw_ar,test,128,sine,ok,10,1280,0.18023906305401094,0.34624203324937197,0.0,0.0,0.0,0.0,1.0,1.0,56.0,56.0,448.0,56.0,57,0.00942585,2.6488548344011504
2506524397075762905,8,raw_matched,test,128,sine,ok,10,1280,10.600942397669519,13.250064326211453,21.0,0.8,0.8,0.8,1.0,1.0,56.0,56.0,448.0,56.0,171,0.0022283,0.0450362897569849
2506524397075762905,8,vectorchain_absolute,test,128,sine,ok,10,1280,0.4775269149627298,0.7401799571111487,20.7,0.0,0.0,0.0,1.0,1.0,8.0,40.0,320.0,105.5,123,0.0029583,0.999791003520321
2506524397075762905,8,vectorchain_cartesian,test,128,sine,ok,10,1280,0.3985574395392641,0.6797380119814294,20.9,0.0,0.0,0.0,1.0,1.0,8.0,24.0,192.0,105.5,75,0.00297765,1.1978878479108572
2506524397075762905,8,vectorchain_relational,test,128,sine,ok,10,1280,0.47742711351855066,0.740038257806586,20.7,0.0,0.0,0.0,1.0,1.0,8.0,56.0,448.0,105.5,171,0.00299105,1.0
2506524397075762905,8,fixed_relational,validation,16,chirp,ok,18,288,1.8160553619695938,2.2077920232287043,100.5,1.0,1.0,1.0,1.0,1.0,8.0,56.0,448.0,73.0,171,0.0141749,0.05337156492939234
2506524397075762905,8,persistence,validation,16,chirp,ok,18,288,0.13189967090690963,0.19380581478312975,0.0,0.0,0.0,0.0,1.0,1.0,1.0,1.0,8.0,1.0,0,5.45e-06,0.7348442645860596
2506524397075762905,8,raw_ar,validation,16,chirp,ok,18,288,0.03245835171560709,0.04664340095745581,0.0,0.0,0.0,0.0,1.0,1.0,56.0,56.0,448.0,56.0,57,0.0082764,2.9861564603148367
2506524397075762905,8,raw_matched,validation,16,chirp,ok,18,288,0.11144248805128228,0.1683037768687471,16.555555555555557,0.4444444444444444,0.5555555555555556,0.5,1.0,1.0,56.0,56.0,448.0,56.0,171,0.00173705,0.8697375512841131
2506524397075762905,8,vectorchain_absolute,validation,16,chirp,ok,18,288,0.09694781292074972,0.12287666001102014,19.11111111111111,0.0,0.0,0.0,1.0,1.0,8.0,40.0,320.0,93.05555555555556,123,0.0027010999999999997,0.9997720809438321
2506524397075762905,8,vectorchain_cartesian,validation,16,chirp,ok,18,288,0.08423739077902169,0.1130157562980682,19.555555555555557,0.0,0.0,0.0,1.0,1.0,8.0,24.0,192.0,93.05555555555556,75,0.0026786500000000003,1.1506258179457935
2506524397075762905,8,vectorchain_relational,validation,16,chirp,ok,18,288,0.09692571666673128,0.12284023077155656,19.11111111111111,0.0,0.0,0.0,1.0,1.0,8.0,56.0,448.0,93.05555555555556,171,0.0026404999999999996,1.0
2506524397075762905,8,fixed_relational,validation,16,first_order_response,ok,12,192,0.024695342303327907,0.028445000649418312,40.75,0.75,0.75,0.75,1.0,1.0,8.0,56.0,448.0,73.0,171,0.00530965,1.0429412018826447
2506524397075762905,8,persistence,validation,16,first_order_response,ok,12,192,0.018386125470722256,0.013136640203145885,0.0,0.0,0.0,0.0,1.0,1.0,1.0,1.0,8.0,1.0,0,4.9e-06,1.400827489388626
2506524397075762905,8,raw_ar,validation,16,first_order_response,ok,12,192,0.015447828537523762,0.014657545191446361,0.0,0.0,0.0,0.0,1.0,1.0,56.0,56.0,448.0,56.0,57,0.0081685,1.6672757546585701
2506524397075762905,8,raw_matched,validation,16,first_order_response,ok,12,192,0.046989203122274406,0.06098368135172636,16.5,0.16666666666666666,0.16666666666666666,0.16666666666666666,1.0,1.0,56.0,56.0,448.0,56.0,171,0.0017306499999999998,0.5481214464462166
2506524397075762905,8,vectorchain_absolute,validation,16,first_order_response,ok,12,192,0.025745392673054448,0.02521740140124625,19.583333333333332,0.0,0.0,0.0,1.0,1.0,8.0,40.0,320.0,127.08333333333333,123,0.00260155,1.0004038512759823
2506524397075762905,8,vectorchain_cartesian,validation,16,first_order_response,ok,12,192,0.024639759477586645,0.025158783460342966,20.333333333333332,0.0,0.0,0.0,1.0,1.0,8.0,24.0,192.0,127.08333333333333,75,0.00265365,1.045293887960419
2506524397075762905,8,vectorchain_relational,validation,16,first_order_response,ok,12,192,0.025755789982736126,0.02523731748959403,19.583333333333332,0.0,0.0,0.0,1.0,1.0,8.0,56.0,448.0,127.08333333333333,171,0.0026853,1.0
2506524397075762905,8,fixed_relational,validation,16,piecewise_linear,ok,16,256,0.025924188999755356,0.03328030590358039,61.1875,0.9375,0.9375,0.9375,1.0,1.0,8.0,56.0,448.0,73.0,171,0.00870725,1.630552504340156
2506524397075762905,8,persistence,validation,16,piecewise_linear,ok,16,256,0.028266628041137897,0.03637109252269728,0.0,0.0,0.0,0.0,1.0,1.0,1.0,1.0,8.0,1.0,0,5e-06,1.4954295657416157
2506524397075762905,8,raw_ar,validation,16,piecewise_linear,ok,16,256,0.015585905175961019,0.01776020994696798,0.0,0.0,0.0,0.0,1.0,1.0,56.0,56.0,448.0,56.0,57,0.0080243,2.7121139785795103
2506524397075762905,8,raw_matched,validation,16,piecewise_linear,ok,16,256,0.05872161023173059,0.08792653211083773,15.5625,0.125,0.25,0.125,1.0,1.0,56.0,56.0,448.0,56.0,171,0.00170775,0.7198500029159173
2506524397075762905,8,vectorchain_absolute,validation,16,piecewise_linear,ok,16,256,0.04227425139175711,0.04737376594716243,19.75,0.0,0.0,0.0,1.0,1.0,8.0,40.0,320.0,104.375,123,0.0025756499999999996,0.9999172050337201
2506524397075762905,8,vectorchain_cartesian,validation,16,piecewise_linear,ok,16,256,0.036305798288729894,0.04016193897104614,20.25,0.0,0.0,0.0,1.0,1.0,8.0,24.0,192.0,104.375,75,0.0026029,1.1642975306690992
2506524397075762905,8,vectorchain_relational,validation,16,piecewise_linear,ok,16,256,0.04227075129653862,0.04736481060894965,19.75,0.0,0.0,0.0,1.0,1.0,8.0,56.0,448.0,104.375,171,0.00255905,1.0
2506524397075762905,8,fixed_relational,validation,16,ramp,ok,18,288,0.019596231612424034,0.020290037135989505,37.5,0.8333333333333334,0.8333333333333334,0.8333333333333334,1.0,1.0,8.0,56.0,448.0,73.0,171,0.00501305,1.21607781520895
2506524397075762905,8,persistence,validation,16,ramp,ok,18,288,0.01952422948302817,0.01871933342350978,0.0,0.0,0.0,0.0,1.0,1.0,1.0,1.0,8.0,1.0,0,4.9e-06,1.2205625090752164
2506524397075762905,8,raw_ar,validation,16,ramp,ok,18,288,0.01503392391214974,0.015044824299553165,0.0,0.0,0.0,0.0,1.0,1.0,56.0,56.0,448.0,56.0,57,0.0079959,1.5851179415845258
2506524397075762905,8,raw_matched,validation,16,ramp,ok,18,288,0.0313920683299192,0.03991192365284392,17.77777777777778,0.3333333333333333,0.4444444444444444,0.3333333333333333,1.0,1.0,56.0,56.0,448.0,56.0,171,0.001795,0.7591262313497429
2506524397075762905,8,vectorchain_absolute,validation,16,ramp,ok,18,288,0.023820906061680018,0.024577378472586817,20.22222222222222,0.0,0.0,0.0,1.0,1.0,8.0,40.0,320.0,81.72222222222223,123,0.0026140499999999997,1.000404538091885
2506524397075762905,8,vectorchain_cartesian,validation,16,ramp,ok,18,288,0.023169305838057763,0.025480630107946656,20.72222222222222,0.0,0.0,0.0,1.0,1.0,8.0,24.0,192.0,81.72222222222223,75,0.00269185,1.028539339595633
2506524397075762905,8,vectorchain_relational,validation,16,ramp,ok,18,288,0.023830542525565178,0.024582335710428768,20.22222222222222,0.0,0.0,0.0,1.0,1.0,8.0,56.0,448.0,81.72222222222223,171,0.0026352,1.0
2506524397075762905,8,fixed_relational,validation,16,regime_change,ok,20,320,63.8902395306193,60.09656474966014,101.25,1.0,1.0,1.0,1.0,1.0,8.0,56.0,448.0,73.0,171,0.01488305,0.0022919733720035414
2506524397075762905,8,persistence,validation,16,regime_change,ok,20,320,0.16497933790215222,0.2367769442257564,0.0,0.0,0.0,0.0,1.0,1.0,1.0,1.0,8.0,1.0,0,5.1e-06,0.8875943472506636
2506524397075762905,8,raw_ar,validation,16,regime_change,ok,20,320,0.04985367570765626,0.07179784022262328,0.0,0.0,0.0,0.0,1.0,1.0,56.0,56.0,448.0,56.0,57,0.0079333,2.937290493760299
2506524397075762905,8,raw_matched,validation,16,regime_change,ok,20,320,0.2918195219283403,0.39790936160375046,16.4,0.6,0.6,0.65,1.0,1.0,56.0,56.0,448.0,56.0,171,0.001606,0.5017989432902512
2506524397075762905,8,vectorchain_absolute,validation,16,regime_change,ok,20,320,0.14646013562597626,0.20948513238356808,19.3,0.0,0.0,0.0,1.0,1.0,8.0,40.0,320.0,84.3,123,0.0025593,0.9998265200918993
2506524397075762905,8,vectorchain_cartesian,validation,16,regime_change,ok,20,320,0.1371593619403264,0.19924624522424317,19.5,0.0,0.0,0.0,1.0,1.0,8.0,24.0,192.0,84.3,75,0.0025660500000000003,1.0676247371201426
2506524397075762905,8,vectorchain_relational,validation,16,regime_change,ok,20,320,0.14643472773510746,0.20946277136934896,19.3,0.0,0.0,0.0,1.0,1.0,8.0,56.0,448.0,84.3,171,0.00256865,1.0
2506524397075762905,8,fixed_relational,validation,16,second_order_response,ok,17,272,0.021308432711891055,0.021103097077891604,39.0,0.7058823529411765,0.6470588235294118,0.7058823529411765,1.0,1.0,8.0,56.0,448.0,73.0,171,0.0041416,1.394072444054368
2506524397075762905,8,persistence,validation,16,second_order_response,ok,17,272,0.01946188084070378,0.017774793694476505,0.0,0.0,0.0,0.0,1.0,1.0,1.0,1.0,8.0,1.0,0,5.2e-06,1.5263426547914163
2506524397075762905,8,raw_ar,validation,16,second_order_response,ok,17,272,0.016947515402104995,0.01739515207516161,0.0,0.0,0.0,0.0,1.0,1.0,56.0,56.0,448.0,56.0,57,0.0077749,1.7527937378917728
2506524397075762905,8,raw_matched,validation,16,second_order_response,ok,17,272,0.03718462065545445,0.05197975637042618,17.294117647058822,0.23529411764705882,0.23529411764705882,0.23529411764705882,1.0,1.0,56.0,56.0,448.0,56.0,171,0.001853,0.7988651852839767
2506524397075762905,8,vectorchain_absolute,validation,16,second_order_response,ok,17,272,0.029713040998360477,0.029811654297174073,19.88235294117647,0.0,0.0,0.0,1.0,1.0,8.0,40.0,320.0,86.6470588235294,123,0.0026118,0.9997461677272653
2506524397075762905,8,vectorchain_cartesian,validation,16,second_order_response,ok,17,272,0.029410471353605985,0.034856094264421426,20.58823529411765,0.0,0.0,0.0,1.0,1.0,8.0,24.0,192.0,86.6470588235294,75,0.0026421,1.0100313766644833
2506524397075762905,8,vectorchain_relational,validation,16,second_order_response,ok,17,272,0.029705498869634004,0.02982537690182634,19.88235294117647,0.0,0.0,0.0,1.0,1.0,8.0,56.0,448.0,86.6470588235294,171,0.0026225,1.0
2506524397075762905,8,fixed_relational,validation,16,sine,ok,18,288,0.046952835278562394,0.06328411155552421,69.66666666666667,0.9444444444444444,0.9444444444444444,0.9444444444444444,1.0,1.0,8.0,56.0,448.0,73.0,171,0.0100996,1.4123023252896179
2506524397075762905,8,persistence,validation,16,sine,ok,18,288,0.05308263602139993,0.07554773391799226,0.0,0.0,0.0,0.0,1.0,1.0,1.0,1.0,8.0,1.0,0,5.050000000000001e-06,1.2492144967352594
2506524397075762905,8,raw_ar,validation,16,sine,ok,18,288,0.017535472769725006,0.020810696430180815,0.0,0.0,0.0,0.0,1.0,1.0,56.0,56.0,448.0,56.0,57,0.007989900000000001,3.781568898292896
2506524397075762905,8,raw_matched,validation,16,sine,ok,18,288,0.06602490606703254,0.09704255263969198,14.944444444444445,0.2777777777777778,0.2222222222222222,0.2777777777777778,1.0,1.0,56.0,56.0,448.0,56.0,171,0.00157235,1.0043421852888432
2506524397075762905,8,vectorchain_absolute,validation,16,sine,ok,18,288,0.06629267619038333,0.05951844023684421,19.0,0.0,0.0,0.0,1.0,1.0,8.0,40.0,320.0,99.22222222222223,123,0.0026017,1.0002854350368418
2506524397075762905,8,vectorchain_cartesian,validation,16,sine,ok,18,288,0.06902024141802056,0.0634111841588673,19.444444444444443,0.0,0.0,0.0,1.0,1.0,8.0,24.0,192.0,99.22222222222223,75,0.0025563,0.960755817141212
2506524397075762905,8,vectorchain_relational,validation,16,sine,ok,18,288,0.06631159844285407,0.05951991594231899,19.0,0.0,0.0,0.0,1.0,1.0,8.0,56.0,448.0,99.22222222222223,171,0.002545,1.0
2506524397075762905,8,fixed_relational,validation,64,chirp,ok,18,1152,1.3358317169075262e+27,2.8362709240914853e+27,100.5,1.0,1.0,1.0,1.0,1.0,8.0,56.0,448.0,73.0,171,0.0141749,3.3059619269227624e-28
2506524397075762905,8,persistence,validation,64,chirp,ok,18,1152,0.49825672904289997,0.7761024067064651,0.0,0.0,0.0,0.0,1.0,1.0,1.0,1.0,8.0,1.0,0,5.45e-06,0.8863319930179832
2506524397075762905,8,raw_ar,validation,64,chirp,ok,18,1152,0.21932242883511724,0.39930535215148655,0.0,0.0,0.0,0.0,1.0,1.0,56.0,56.0,448.0,56.0,57,0.0082764,2.0135691640512405
2506524397075762905,8,raw_matched,validation,64,chirp,ok,18,1152,2.7254378980239142,3.6743987856447466,16.555555555555557,0.4444444444444444,0.5555555555555556,0.5,1.0,1.0,56.0,56.0,448.0,56.0,171,0.00173705,0.16203666941279898
2506524397075762905,8,vectorchain_absolute,validation,64,chirp,ok,18,1152,0.441677383341534,0.7426924272113544,19.11111111111111,0.0,0.0,0.0,1.0,1.0,8.0,40.0,320.0,93.05555555555556,123,0.0027010999999999997,0.9998720703018756
2506524397075762905,8,vectorchain_cartesian,validation,64,chirp,ok,18,1152,0.39752339181941937,0.6764910092694214,19.555555555555557,0.0,0.0,0.0,1.0,1.0,8.0,24.0,192.0,93.05555555555556,75,0.0026786500000000003,1.110930548428776
2506524397075762905,8,vectorchain_relational,validation,64,chirp,ok,18,1152,0.44162087968721475,0.742625257330026,19.11111111111111,0.0,0.0,0.0,1.0,1.0,8.0,56.0,448.0,93.05555555555556,171,0.0026404999999999996,1.0
2506524397075762905,8,fixed_relational,validation,64,first_order_response,ok,12,768,0.2020113989847429,0.20575631742444345,40.75,0.75,0.75,0.75,1.0,1.0,8.0,56.0,448.0,73.0,171,0.00530965,0.3538201369694619
2506524397075762905,8,persistence,validation,64,first_order_response,ok,12,768,0.019152698387284003,0.01574937705551588,0.0,0.0,0.0,0.0,1.0,1.0,1.0,1.0,8.0,1.0,0,4.9e-06,3.731886724934227
2506524397075762905,8,raw_ar,validation,64,first_order_response,ok,12,768,0.033578500960043445,0.04357244482488701,0.0,0.0,0.0,0.0,1.0,1.0,56.0,56.0,448.0,56.0,57,0.0081685,2.1286150011052154
2506524397075762905,8,raw_matched,validation,64,first_order_response,ok,12,768,0.4862973461560713,0.8747887825628834,16.5,0.16666666666666666,0.16666666666666666,0.16666666666666666,1.0,1.0,56.0,56.0,448.0,56.0,171,0.0017306499999999998,0.14697941788733326
2506524397075762905,8,vectorchain_absolute,validation,64,first_order_response,ok,12,768,0.07145365741084793,0.10477215494977303,19.583333333333332,0.0,0.0,0.0,1.0,1.0,8.0,40.0,320.0,127.08333333333333,123,0.00260155,1.000308499916242
2506524397075762905,8,vectorchain_cartesian,validation,64,first_order_response,ok,12,768,0.07365448675732539,0.1156317095014523,20.333333333333332,0.0,0.0,0.0,1.0,1.0,8.0,24.0,192.0,127.08333333333333,75,0.00265365,0.9704188299304883
2506524397075762905,8,vectorchain_relational,validation,64,first_order_response,ok,12,768,0.07147570085817435,0.10479704321731638,19.583333333333332,0.0,0.0,0.0,1.0,1.0,8.0,56.0,448.0,127.08333333333333,171,0.0026853,1.0
2506524397075762905,8,fixed_relational,validation,64,piecewise_linear,ok,16,1024,0.3233725691676589,0.6148151224675604,61.1875,0.9375,0.9375,0.9375,1.0,1.0,8.0,56.0,448.0,73.0,171,0.00870725,0.3502273515364068
2506524397075762905,8,persistence,validation,64,piecewise_linear,ok,16,1024,0.07830077186564827,0.11279462188281025,0.0,0.0,0.0,0.0,1.0,1.0,1.0,1.0,8.0,1.0,0,5e-06,1.446395939154195
2506524397075762905,8,raw_ar,validation,64,piecewise_linear,ok,16,1024,0.043641634198313205,0.06735772195101225,0.0,0.0,0.0,0.0,1.0,1.0,56.0,56.0,448.0,56.0,57,0.0080243,2.5950888535583316
2506524397075762905,8,raw_matched,validation,64,piecewise_linear,ok,16,1024,0.6161209301616274,1.2263133609639887,15.5625,0.125,0.25,0.125,1.0,1.0,56.0,56.0,448.0,56.0,171,0.00170775,0.18381767752866748
2506524397075762905,8,vectorchain_absolute,validation,64,piecewise_linear,ok,16,1024,0.11321898188749092,0.14678897365878996,19.75,0.0,0.0,0.0,1.0,1.0,8.0,40.0,320.0,104.375,123,0.0025756499999999996,1.0003085752145031
2506524397075762905,8,vectorchain_cartesian,validation,64,piecewise_linear,ok,16,1024,0.10473481145669411,0.15168014440602967,20.25,0.0,0.0,0.0,1.0,1.0,8.0,24.0,192.0,104.375,75,0.0026029,1.0813397845848136
2506524397075762905,8,vectorchain_relational,validation,64,piecewise_linear,ok,16,1024,0.11325391845911269,0.1471289807691611,19.75,0.0,0.0,0.0,1.0,1.0,8.0,56.0,448.0,104.375,171,0.00255905,1.0
2506524397075762905,8,fixed_relational,validation,64,ramp,ok,18,1152,0.11774588942309473,0.21738542616741044,37.5,0.8333333333333334,0.8333333333333334,0.8333333333333334,1.0,1.0,8.0,56.0,448.0,73.0,171,0.00501305,0.7287800646188264
2506524397075762905,8,persistence,validation,64,ramp,ok,18,1152,0.027734623075624368,0.03505222153444998,0.0,0.0,0.0,0.0,1.0,1.0,1.0,1.0,8.0,1.0,0,4.9e-06,3.0939975880826847
2506524397075762905,8,raw_ar,validation,64,ramp,ok,18,1152,0.0275283922826709,0.030676539214155234,0.0,0.0,0.0,0.0,1.0,1.0,56.0,56.0,448.0,56.0,57,0.0079959,3.1171764780605087
2506524397075762905,8,raw_matched,validation,64,ramp,ok,18,1152,0.3368489263694765,0.686710671130838,17.77777777777778,0.3333333333333333,0.4444444444444444,0.3333333333333333,1.0,1.0,56.0,56.0,448.0,56.0,171,0.001795,0.25474582278537994
2506524397075762905,8,vectorchain_absolute,validation,64,ramp,ok,18,1152,0.08580584649152767,0.14298754321356483,20.22222222222222,0.0,0.0,0.0,1.0,1.0,8.0,40.0,320.0,81.72222222222223,123,0.0026140499999999997,1.0000583924177822
2506524397075762905,8,vectorchain_cartesian,validation,64,ramp,ok,18,1152,0.09267445756112389,0.16106889741233374,20.72222222222222,0.0,0.0,0.0,1.0,1.0,8.0,24.0,192.0,81.72222222222223,75,0.00269185,0.9259385936601484
2506524397075762905,8,vectorchain_relational,validation,64,ramp,ok,18,1152,0.08581085690236416,0.14298801147324472,20.22222222222222,0.0,0.0,0.0,1.0,1.0,8.0,56.0,448.0,81.72222222222223,171,0.0026352,1.0
2506524397075762905,8,fixed_relational,validation,64,regime_change,ok,20,1280,6.841328734189504e+28,1.2667978522338579e+29,101.25,1.0,1.0,1.0,1.0,1.0,8.0,56.0,448.0,73.0,171,0.01488305,9.436455670955018e-30
2506524397075762905,8,persistence,validation,64,regime_change,ok,20,1280,0.6082618166154737,0.9253292485036152,0.0,0.0,0.0,0.0,1.0,1.0,1.0,1.0,8.0,1.0,0,5.1e-06,1.0613504508605671
2506524397075762905,8,raw_ar,validation,64,regime_change,ok,20,1280,0.3574825902280505,0.6522554310262445,0.0,0.0,0.0,0.0,1.0,1.0,56.0,56.0,448.0,56.0,57,0.0079333,1.8059031990740122
2506524397075762905,8,raw_matched,validation,64,regime_change,ok,20,1280,3.618899447888238,4.436874448571162,16.4,0.6,0.6,0.65,1.0,1.0,56.0,56.0,448.0,56.0,171,0.001606,0.1783909618386385
2506524397075762905,8,vectorchain_absolute,validation,64,regime_change,ok,20,1280,0.6456504245349192,1.101966739546573,19.3,0.0,0.0,0.0,1.0,1.0,8.0,40.0,320.0,84.3,123,0.0025593,0.9998893035207558
2506524397075762905,8,vectorchain_cartesian,validation,64,regime_change,ok,20,1280,0.6003989852740876,1.034751712480276,19.5,0.0,0.0,0.0,1.0,1.0,8.0,24.0,192.0,84.3,75,0.0025660500000000003,1.0752499073784876
2506524397075762905,8,vectorchain_relational,validation,64,regime_change,ok,20,1280,0.6455789533061006,1.1018422898801847,19.3,0.0,0.0,0.0,1.0,1.0,8.0,56.0,448.0,84.3,171,0.00256865,1.0
2506524397075762905,8,fixed_relational,validation,64,second_order_response,ok,17,1088,0.17951334333733734,0.3059927619399954,39.0,0.7058823529411765,0.6470588235294118,0.7058823529411765,1.0,1.0,8.0,56.0,448.0,73.0,171,0.0041416,0.3896243513241519
2506524397075762905,8,persistence,validation,64,second_order_response,ok,17,1088,0.033497626125842624,0.04681637485692317,0.0,0.0,0.0,0.0,1.0,1.0,1.0,1.0,8.0,1.0,0,5.2e-06,2.0879918382598652
2506524397075762905,8,raw_ar,validation,64,second_order_response,ok,17,1088,0.03350829269681979,0.04143852807960779,0.0,0.0,0.0,0.0,1.0,1.0,56.0,56.0,448.0,56.0,57,0.0077749,2.0873271755346092
2506524397075762905,8,raw_matched,validation,64,second_order_response,ok,17,1088,1.1144560844472753,1.3578888668855744,17.294117647058822,0.23529411764705882,0.23529411764705882,0.23529411764705882,1.0,1.0,56.0,56.0,448.0,56.0,171,0.001853,0.06275955681692795
2506524397075762905,8,vectorchain_absolute,validation,64,second_order_response,ok,17,1088,0.0699502210064592,0.09234692013493487,19.88235294117647,0.0,0.0,0.0,1.0,1.0,8.0,40.0,320.0,86.6470588235294,123,0.0026118,0.9998934806136112
2506524397075762905,8,vectorchain_cartesian,validation,64,second_order_response,ok,17,1088,0.08999319352981583,0.14293663204577214,20.58823529411765,0.0,0.0,0.0,1.0,1.0,8.0,24.0,192.0,86.6470588235294,75,0.0026421,0.7772006660555606
2506524397075762905,8,vectorchain_relational,validation,64,second_order_response,ok,17,1088,0.06994276995183983,0.09231891331729297,19.88235294117647,0.0,0.0,0.0,1.0,1.0,8.0,56.0,448.0,86.6470588235294,171,0.0026225,1.0
2506524397075762905,8,fixed_relational,validation,64,sine,ok,18,1152,2768491.0223696595,6700825.874789861,69.66666666666667,0.9444444444444444,0.9444444444444444,0.9444444444444444,1.0,1.0,8.0,56.0,448.0,73.0,171,0.0100996,4.8730567020550335e-08
2506524397075762905,8,persistence,validation,64,sine,ok,18,1152,0.20957895936529206,0.3242407799285506,0.0,0.0,0.0,0.0,1.0,1.0,1.0,1.0,8.0,1.0,0,5.050000000000001e-06,0.6437198548935957
2506524397075762905,8,raw_ar,validation,64,sine,ok,18,1152,0.08413986118086388,0.1469820271969956,0.0,0.0,0.0,0.0,1.0,1.0,56.0,56.0,448.0,56.0,57,0.007989900000000001,1.603403374072354
2506524397075762905,8,raw_matched,validation,64,sine,ok,18,1152,0.6513854357004162,1.2109187268658406,14.944444444444445,0.2777777777777778,0.2222222222222222,0.2777777777777778,1.0,1.0,56.0,56.0,448.0,56.0,171,0.00157235,0.20711260939740167
2506524397075762905,8,vectorchain_absolute,validation,64,sine,ok,18,1152,0.13489848171511024,0.1951460294204788,19.0,0.0,0.0,0.0,1.0,1.0,8.0,40.0,320.0,99.22222222222223,123,0.0026017,1.0000864027238718
2506524397075762905,8,vectorchain_cartesian,validation,64,sine,ok,18,1152,0.13498714600422287,0.1841614140375123,19.444444444444443,0.0,0.0,0.0,1.0,1.0,8.0,24.0,192.0,99.22222222222223,75,0.0025563,0.9994295109191814
2506524397075762905,8,vectorchain_relational,validation,64,sine,ok,18,1152,0.1349101373113766,0.19516167833332443,19.0,0.0,0.0,0.0,1.0,1.0,8.0,56.0,448.0,99.22222222222223,171,0.002545,1.0
2506524397075762905,8,fixed_relational,validation,128,chirp,ok,18,2304,2.6575733076959947e+63,7.979877272064353e+63,100.5,1.0,1.0,1.0,1.0,1.0,8.0,56.0,448.0,73.0,171,0.0141749,3.8396922735022465e-64
2506524397075762905,8,persistence,validation,128,chirp,ok,18,2304,0.8966707514859144,1.2304388452214146,0.0,0.0,0.0,0.0,1.0,1.0,1.0,1.0,8.0,1.0,0,5.45e-06,1.138016789207874
2506524397075762905,8,raw_ar,validation,128,chirp,ok,18,2304,0.6225238470181964,1.0854136540132056,0.0,0.0,0.0,0.0,1.0,1.0,56.0,56.0,448.0,56.0,57,0.0082764,1.639176353597238
2506524397075762905,8,raw_matched,validation,128,chirp,ok,18,2304,7.723078344421448,10.153915125868942,16.555555555555557,0.4444444444444444,0.5555555555555556,0.5,1.0,1.0,56.0,56.0,448.0,56.0,171,0.00173705,0.13212689604782898
2506524397075762905,8,vectorchain_absolute,validation,128,chirp,ok,18,2304,1.0205077686365027,1.5955667832579066,19.11111111111111,0.0,0.0,0.0,1.0,1.0,8.0,40.0,320.0,93.05555555555556,123,0.0027010999999999997,0.9999202367131418
2506524397075762905,8,vectorchain_cartesian,validation,128,chirp,ok,18,2304,0.9331533823083088,1.4702077038706403,19.555555555555557,0.0,0.0,0.0,1.0,1.0,8.0,24.0,192.0,93.05555555555556,75,0.0026786500000000003,1.0935248040985706
2506524397075762905,8,vectorchain_relational,validation,128,chirp,ok,18,2304,1.020426369582612,1.595468927811499,19.11111111111111,0.0,0.0,0.0,1.0,1.0,8.0,56.0,448.0,93.05555555555556,171,0.0026404999999999996,1.0
2506524397075762905,8,fixed_relational,validation,128,first_order_response,ok,12,1536,7.607136392258384e+32,2.39258930743119e+33,40.75,0.75,0.75,0.75,1.0,1.0,8.0,56.0,448.0,73.0,171,0.00530965,2.284418214154346e-34
2506524397075762905,8,persistence,validation,128,first_order_response,ok,12,1536,0.01887597003013475,0.016752448449406116,0.0,0.0,0.0,0.0,1.0,1.0,1.0,1.0,8.0,1.0,0,4.9e-06,9.206351199058021
2506524397075762905,8,raw_ar,validation,128,first_order_response,ok,12,1536,0.052470530686209584,0.059688246224303944,0.0,0.0,0.0,0.0,1.0,1.0,56.0,56.0,448.0,56.0,57,0.0081685,3.311931612805038
2506524397075762905,8,raw_matched,validation,128,first_order_response,ok,12,1536,5.795946968269253,7.431940627153417,16.5,0.16666666666666666,0.16666666666666666,0.16666666666666666,1.0,1.0,56.0,56.0,448.0,56.0,171,0.0017306499999999998,0.029982815624727325
2506524397075762905,8,vectorchain_absolute,validation,128,first_order_response,ok,12,1536,0.17377194502666712,0.30151870549580034,19.583333333333332,0.0,0.0,0.0,1.0,1.0,8.0,40.0,320.0,127.08333333333333,123,0.00260155,1.0000395017368664
2506524397075762905,8,vectorchain_cartesian,validation,128,first_order_response,ok,12,1536,0.19778595038936173,0.3715251384850027,20.333333333333332,0.0,0.0,0.0,1.0,1.0,8.0,24.0,192.0,127.08333333333333,75,0.00265365,0.8786205945276351
2506524397075762905,8,vectorchain_relational,validation,128,first_order_response,ok,12,1536,0.17377880932031434,0.3014986701505398,19.583333333333332,0.0,0.0,0.0,1.0,1.0,8.0,56.0,448.0,127.08333333333333,171,0.0026853,1.0
2506524397075762905,8,fixed_relational,validation,128,piecewise_linear,ok,16,2048,9.791511673679756e+30,3.7648520395476325e+31,61.1875,0.9375,0.9375,0.9375,1.0,1.0,8.0,56.0,448.0,73.0,171,0.00870725,2.4034689957532846e-32
2506524397075762905,8,persistence,validation,128,piecewise_linear,ok,16,2048,0.14406698871765414,0.21047234334371454,0.0,0.0,0.0,0.0,1.0,1.0,1.0,1.0,8.0,1.0,0,5e-06,1.6335175003461297
2506524397075762905,8,raw_ar,validation,128,piecewise_linear,ok,16,2048,0.09334755165994806,0.14128292065131065,0.0,0.0,0.0,0.0,1.0,1.0,56.0,56.0,448.0,56.0,57,0.0080243,2.521072519928022
2506524397075762905,8,raw_matched,validation,128,piecewise_linear,ok,16,2048,3.156437207745419,4.044866271137703,15.5625,0.125,0.25,0.125,1.0,1.0,56.0,56.0,448.0,56.0,171,0.00170775,0.07455746203820487
2506524397075762905,8,vectorchain_absolute,validation,128,piecewise_linear,ok,16,2048,0.23522808630839076,0.35554152832545616,19.75,0.0,0.0,0.0,1.0,1.0,8.0,40.0,320.0,104.375,123,0.0025756499999999996,1.0004585378632223
2506524397075762905,8,vectorchain_cartesian,validation,128,piecewise_linear,ok,16,2048,0.24466593884421187,0.4064141073203811,20.25,0.0,0.0,0.0,1.0,1.0,8.0,24.0,192.0,104.375,75,0.0026029,0.9618664061052807
2506524397075762905,8,vectorchain_relational,validation,128,piecewise_linear,ok,16,2048,0.23533594729245647,0.3560048279465899,19.75,0.0,0.0,0.0,1.0,1.0,8.0,56.0,448.0,104.375,171,0.00255905,1.0
2506524397075762905,8,fixed_relational,validation,128,ramp,ok,18,2304,449581089262499.75,1665883462299456.0,37.5,0.8333333333333334,0.8333333333333334,0.8333333333333334,1.0,1.0,8.0,56.0,448.0,73.0,171,0.00501305,4.936970056227799e-16
2506524397075762905,8,persistence,validation,128,ramp,ok,18,2304,0.04276551051707794,0.060263258181864954,0.0,0.0,0.0,0.0,1.0,1.0,1.0,1.0,8.0,1.0,0,4.9e-06,5.19008974451241
2506524397075762905,8,raw_ar,validation,128,ramp,ok,18,2304,0.044166530933211864,0.05409507564207374,0.0,0.0,0.0,0.0,1.0,1.0,56.0,56.0,448.0,56.0,57,0.0079959,5.025453275675296
2506524397075762905,8,raw_matched,validation,128,ramp,ok,18,2304,5.183202222671528,7.953200850307277,17.77777777777778,0.3333333333333333,0.4444444444444444,0.3333333333333333,1.0,1.0,56.0,56.0,448.0,56.0,171,0.001795,0.04282233801001937
2506524397075762905,8,vectorchain_absolute,validation,128,ramp,ok,18,2304,0.22197934186482007,0.4158339123237542,20.22222222222222,0.0,0.0,0.0,1.0,1.0,8.0,40.0,320.0,81.72222222222223,123,0.0026140499999999997,0.9998986197944946
2506524397075762905,8,vectorchain_cartesian,validation,128,ramp,ok,18,2304,0.253294412180518,0.48735058600159614,20.72222222222222,0.0,0.0,0.0,1.0,1.0,8.0,24.0,192.0,81.72222222222223,75,0.00269185,0.8762800396691717
2506524397075762905,8,vectorchain_relational,validation,128,ramp,ok,18,2304,0.22195683755352386,0.4157703964436383,20.22222222222222,0.0,0.0,0.0,1.0,1.0,8.0,56.0,448.0,81.72222222222223,171,0.0026352,1.0
2506524397075762905,8,fixed_relational,validation,128,regime_change,ok,20,2560,1.3610495548434582e+65,3.5641485454544495e+65,101.25,1.0,1.0,1.0,1.0,1.0,8.0,56.0,448.0,73.0,171,0.01488305,1.0094344597564542e-65
2506524397075762905,8,persistence,validation,128,regime_change,ok,20,2560,1.0183174873767376,1.3278479027882706,0.0,0.0,0.0,0.0,1.0,1.0,1.0,1.0,8.0,1.0,0,5.1e-06,1.3491767932164394
2506524397075762905,8,raw_ar,validation,128,regime_change,ok,20,2560,0.9675500253024961,1.5544823733063144,0.0,0.0,0.0,0.0,1.0,1.0,56.0,56.0,448.0,56.0,57,0.0079333,1.419968256076097
2506524397075762905,8,raw_matched,validation,128,regime_change,ok,20,2560,10.47515559813913,10.912839084449761,16.4,0.6,0.6,0.65,1.0,1.0,56.0,56.0,448.0,56.0,171,0.001606,0.13115703239188495
2506524397075762905,8,vectorchain_absolute,validation,128,regime_change,ok,20,2560,1.3740557186227687,2.070387247741066,19.3,0.0,0.0,0.0,1.0,1.0,8.0,40.0,320.0,84.3,123,0.0025593,0.9998796289514623
2506524397075762905,8,vectorchain_cartesian,validation,128,regime_change,ok,20,2560,1.2779420293232546,1.927690224524738,19.5,0.0,0.0,0.0,1.0,1.0,8.0,24.0,192.0,84.3,75,0.0025660500000000003,1.0750803170803642
2506524397075762905,8,vectorchain_relational,validation,128,regime_change,ok,20,2560,1.3738903220951688,2.069779749945697,19.3,0.0,0.0,0.0,1.0,1.0,8.0,56.0,448.0,84.3,171,0.00256865,1.0
2506524397075762905,8,fixed_relational,validation,128,second_order_response,ok,17,2176,1.066246944376021e+25,2.929204566160674e+25,39.0,0.7058823529411765,0.6470588235294118,0.7058823529411765,1.0,1.0,8.0,56.0,448.0,73.0,171,0.0041416,1.6679246268727532e-26
2506524397075762905,8,persistence,validation,128,second_order_response,ok,17,2176,0.05798309102099038,0.08669067403523248,0.0,0.0,0.0,0.0,1.0,1.0,1.0,1.0,8.0,1.0,0,5.2e-06,3.0671347552147314
2506524397075762905,8,raw_ar,validation,128,second_order_response,ok,17,2176,0.05972969660884441,0.0828498693232105,0.0,0.0,0.0,0.0,1.0,1.0,56.0,56.0,448.0,56.0,57,0.0077749,2.9774461244948807
2506524397075762905,8,raw_matched,validation,128,second_order_response,ok,17,2176,6.593257086016136,6.694862447634127,17.294117647058822,0.23529411764705882,0.23529411764705882,0.23529411764705882,1.0,1.0,56.0,56.0,448.0,56.0,171,0.001853,0.02697330793644463
2506524397075762905,8,vectorchain_absolute,validation,128,second_order_response,ok,17,2176,0.17786940984020094,0.35361967768121283,19.88235294117647,0.0,0.0,0.0,1.0,1.0,8.0,40.0,320.0,86.6470588235294,123,0.0026118,0.9998456386909543
2506524397075762905,8,vectorchain_cartesian,validation,128,second_order_response,ok,17,2176,0.23949863726027243,0.4701458949390418,20.58823529411765,0.0,0.0,0.0,1.0,1.0,8.0,24.0,192.0,86.6470588235294,75,0.0026421,0.7425593553252292
2506524397075762905,8,vectorchain_relational,validation,128,second_order_response,ok,17,2176,0.17784195368525882,0.3535669954997478,19.88235294117647,0.0,0.0,0.0,1.0,1.0,8.0,56.0,448.0,86.6470588235294,171,0.0026225,1.0
2506524397075762905,8,fixed_relational,validation,128,sine,ok,18,2304,5.4409218458846243e+42,1.864422391613496e+43,69.66666666666667,0.9444444444444444,0.9444444444444444,0.9444444444444444,1.0,1.0,8.0,56.0,448.0,73.0,171,0.0100996,6.217743357821215e-44
2506524397075762905,8,persistence,validation,128,sine,ok,18,2304,0.4350131027546433,0.6979762230249312,0.0,0.0,0.0,0.0,1.0,1.0,1.0,1.0,8.0,1.0,0,5.050000000000001e-06,0.7776836020213961
2506524397075762905,8,raw_ar,validation,128,sine,ok,18,2304,0.262491908304487,0.4799078660388433,0.0,0.0,0.0,0.0,1.0,1.0,56.0,56.0,448.0,56.0,57,0.007989900000000001,1.2888113727464254
2506524397075762905,8,raw_matched,validation,128,sine,ok,18,2304,3.1114805964921737,4.266347314158156,14.944444444444445,0.2777777777777778,0.2222222222222222,0.2777777777777778,1.0,1.0,56.0,56.0,448.0,56.0,171,0.00157235,0.10872719471820934
2506524397075762905,8,vectorchain_absolute,validation,128,sine,ok,18,2304,0.3382950656459325,0.5196501481542515,19.0,0.0,0.0,0.0,1.0,1.0,8.0,40.0,320.0,99.22222222222223,123,0.0026017,1.0000221434823116
2506524397075762905,8,vectorchain_cartesian,validation,128,sine,ok,18,2304,0.33670262062016204,0.49926297028959155,19.444444444444443,0.0,0.0,0.0,1.0,1.0,8.0,24.0,192.0,99.22222222222223,75,0.0025563,1.0047517778555621
2506524397075762905,8,vectorchain_relational,validation,128,sine,ok,18,2304,0.3383025566767347,0.5196677395778221,19.0,0.0,0.0,0.0,1.0,1.0,8.0,56.0,448.0,99.22222222222223,171,0.002545,1.0
2506524397075762905,16,fixed_relational,test,16,chirp,ok,12,192,1.7727523336517081,3.2694898283459968,109.0,1.0,1.0,1.0,1.0,1.0,16.0,112.0,896.0,145.0,339,0.01656935,0.10080093567655113
2506524397075762905,16,persistence,test,16,chirp,ok,12,192,0.13175705796776954,0.18246298481494364,0.0,0.0,0.0,0.0,1.0,1.0,1.0,1.0,8.0,1.0,0,5.050000000000001e-06,1.3562468433273167
2506524397075762905,16,raw_ar,test,16,chirp,ok,12,192,0.0288984342079709,0.042239033436444286,0.0,0.0,0.0,0.0,1.0,1.0,112.0,112.0,896.0,112.0,113,0.00925545,6.183556267058691
2506524397075762905,16,raw_matched,test,16,chirp,ok,12,192,0.26506308809983586,0.2665898373392102,17.583333333333332,0.9166666666666666,0.5833333333333334,0.9166666666666666,1.0,1.0,112.0,112.0,896.0,112.0,339,0.0020531,0.6741606129917883
2506524397075762905,16,vectorchain_absolute,test,16,chirp,ok,12,192,0.1787112750006345,0.23695204096348288,14.0,0.08333333333333333,0.0,0.16666666666666666,1.0,1.0,16.0,80.0,640.0,174.25,243,0.0020288,0.9999094570515894
2506524397075762905,16,vectorchain_cartesian,test,16,chirp,ok,12,192,0.17348485013770182,0.23621182455634973,17.0,0.0,0.0,0.0,1.0,1.0,16.0,48.0,384.0,174.25,147,0.00249495,1.0300328461709731
2506524397075762905,16,vectorchain_relational,test,16,chirp,ok,12,192,0.17869509395488173,0.23693231163267073,14.0,0.08333333333333333,0.0,0.16666666666666666,1.0,1.0,16.0,112.0,896.0,174.25,339,0.0020229999999999996,1.0
2506524397075762905,16,fixed_relational,test,16,first_order_response,ok,12,192,0.02899808180749046,0.03045107585621465,28.416666666666668,0.4166666666666667,0.4166666666666667,0.4166666666666667,1.0,1.0,16.0,112.0,896.0,145.0,339,0.0029858000000000003,1.0718837775728802
2506524397075762905,16,persistence,test,16,first_order_response,ok,12,192,0.024079705203628617,0.021338176283581867,0.0,0.0,0.0,0.0,1.0,1.0,1.0,1.0,8.0,1.0,0,5.1e-06,1.2908203488096024
2506524397075762905,16,raw_ar,test,16,first_order_response,ok,12,192,0.017511825997092202,0.019418115417361364,0.0,0.0,0.0,0.0,1.0,1.0,112.0,112.0,896.0,112.0,113,0.009355800000000001,1.7749475968606288
2506524397075762905,16,raw_matched,test,16,first_order_response,ok,12,192,0.047235193337124,0.052869432579177665,22.0,0.5,0.5,0.5,1.0,1.0,112.0,112.0,896.0,112.0,339,0.0022737,0.6580384512949854
2506524397075762905,16,vectorchain_absolute,test,16,first_order_response,ok,12,192,0.03106067991164735,0.04222159576909834,19.75,0.0,0.0,0.0,1.0,1.0,16.0,80.0,640.0,177.91666666666666,243,0.00286315,1.0007048641109988
2506524397075762905,16,vectorchain_cartesian,test,16,first_order_response,ok,12,192,0.02831256918067863,0.0371522103895893,20.083333333333332,0.0,0.0,0.0,1.0,1.0,16.0,48.0,384.0,177.91666666666666,147,0.0028644,1.097836557036724
2506524397075762905,16,vectorchain_relational,test,16,first_order_response,ok,12,192,0.03108257347018029,0.04222054955204325,19.75,0.0,0.0,0.0,1.0,1.0,16.0,112.0,896.0,177.91666666666666,339,0.0029093,1.0
2506524397075762905,16,fixed_relational,test,16,piecewise_linear,ok,10,160,0.027733546832648462,0.030877718857989754,47.2,0.6,0.6,0.6,1.0,1.0,16.0,112.0,896.0,145.0,339,0.0063032,1.123560778205838
2506524397075762905,16,persistence,test,16,piecewise_linear,ok,10,160,0.030036743064752243,0.032383246370391666,0.0,0.0,0.0,0.0,1.0,1.0,1.0,1.0,8.0,1.0,0,4.8e-06,1.0374069317210637
2506524397075762905,16,raw_ar,test,16,piecewise_linear,ok,10,160,0.01957216561730564,0.021551432936536007,0.0,0.0,0.0,0.0,1.0,1.0,112.0,112.0,896.0,112.0,113,0.009298299999999999,1.59207346141332
2506524397075762905,16,raw_matched,test,16,piecewise_linear,ok,10,160,0.04446190500402144,0.05405908626052882,17.0,0.2,0.2,0.6,1.0,1.0,112.0,112.0,896.0,112.0,339,0.0020215,0.7008319922162626
2506524397075762905,16,vectorchain_absolute,test,16,piecewise_linear,ok,10,160,0.031150659613244168,0.025367805200544418,19.5,0.0,0.0,0.0,1.0,1.0,16.0,80.0,640.0,232.8,243,0.00278905,1.0003102935403103
2506524397075762905,16,vectorchain_cartesian,test,16,piecewise_linear,ok,10,160,0.02380302016020251,0.022512341805443037,19.8,0.0,0.0,0.0,1.0,1.0,16.0,48.0,384.0,232.8,147,0.00284825,1.3090912519494946
2506524397075762905,16,vectorchain_relational,test,16,piecewise_linear,ok,10,160,0.03116032546169856,0.025376524249775573,19.5,0.0,0.0,0.0,1.0,1.0,16.0,112.0,896.0,232.8,339,0.0028405,1.0
2506524397075762905,16,fixed_relational,test,16,ramp,ok,13,208,0.032876573605899316,0.04539448408910967,43.07692307692308,0.7692307692307693,0.6923076923076923,0.7692307692307693,1.0,1.0,16.0,112.0,896.0,145.0,339,0.0036433,0.833258956870876
2506524397075762905,16,persistence,test,16,ramp,ok,13,208,0.01970473464097742,0.018104724326434753,0.0,0.0,0.0,0.0,1.0,1.0,1.0,1.0,8.0,1.0,0,5e-06,1.390259748607372
2506524397075762905,16,raw_ar,test,16,ramp,ok,13,208,0.01599939812411206,0.015639689285587507,0.0,0.0,0.0,0.0,1.0,1.0,112.0,112.0,896.0,112.0,113,0.0094162,1.7122331237607478
2506524397075762905,16,raw_matched,test,16,ramp,ok,13,208,0.054600645142107385,0.0678557405756019,16.0,0.46153846153846156,0.46153846153846156,0.6923076923076923,1.0,1.0,112.0,112.0,896.0,112.0,339,0.0016785,0.5017284934462023
2506524397075762905,16,vectorchain_absolute,test,16,ramp,ok,13,208,0.027410977365158632,0.029851869412649716,20.153846153846153,0.0,0.0,0.0,1.0,1.0,16.0,80.0,640.0,201.76923076923077,243,0.0029114,0.9994061526299649
2506524397075762905,16,vectorchain_cartesian,test,16,ramp,ok,13,208,0.034942729705136684,0.03784335757013643,20.76923076923077,0.0,0.0,0.0,1.0,1.0,16.0,48.0,384.0,201.76923076923077,147,0.0030093,0.7839885337954332
2506524397075762905,16,vectorchain_relational,test,16,ramp,ok,13,208,0.02739469942834024,0.029829915229958363,20.153846153846153,0.0,0.0,0.0,1.0,1.0,16.0,112.0,896.0,201.76923076923077,339,0.0030575,1.0
2506524397075762905,16,fixed_relational,test,16,regime_change,ok,15,240,38233.17872338816,46619.54590377614,108.06666666666666,1.0,1.0,1.0,1.0,1.0,16.0,112.0,896.0,145.0,339,0.0180264,5.845840775348367e-06
2506524397075762905,16,persistence,test,16,regime_change,ok,15,240,0.17135865489009988,0.25754360851744684,0.0,0.0,0.0,0.0,1.0,1.0,1.0,1.0,8.0,1.0,0,5.2e-06,1.3043115639283476
2506524397075762905,16,raw_ar,test,16,regime_change,ok,15,240,0.03728416813893241,0.057021590703040075,0.0,0.0,0.0,0.0,1.0,1.0,112.0,112.0,896.0,112.0,113,0.0093359,5.994637571623288
2506524397075762905,16,raw_matched,test,16,regime_change,ok,15,240,0.25976640964164766,0.31019327897571825,14.733333333333333,0.7333333333333333,0.7333333333333333,0.8,1.0,1.0,112.0,112.0,896.0,112.0,339,0.0015216,0.8604079159453039
2506524397075762905,16,vectorchain_absolute,test,16,regime_change,ok,15,240,0.22276693711401427,0.2513586283813941,14.2,0.13333333333333333,0.0,0.4,1.0,1.0,16.0,80.0,640.0,178.86666666666667,243,0.0023689,1.0033134990672878
2506524397075762905,16,vectorchain_cartesian,test,16,regime_change,ok,15,240,0.2301520318800641,0.2517432923471269,14.8,0.06666666666666667,0.0,0.26666666666666666,1.0,1.0,16.0,48.0,384.0,178.86666666666667,147,0.0026443,0.971119278533401
2506524397075762905,16,vectorchain_relational,test,16,regime_change,ok,15,240,0.22350507515236415,0.25600449682148957,14.2,0.13333333333333333,0.0,0.4,1.0,1.0,16.0,112.0,896.0,178.86666666666667,339,0.0024179,1.0
2506524397075762905,16,fixed_relational,test,16,second_order_response,ok,8,128,0.01779567655127514,0.018185734341872317,23.75,0.25,0.25,0.25,1.0,1.0,16.0,112.0,896.0,145.0,339,0.00282975,1.822303314248312
2506524397075762905,16,persistence,test,16,second_order_response,ok,8,128,0.02011174517314812,0.02109075580101699,0.0,0.0,0.0,0.0,1.0,1.0,1.0,1.0,8.0,1.0,0,5.2500000000000006e-06,1.6124468602544193
2506524397075762905,16,raw_ar,test,16,second_order_response,ok,8,128,0.015419662646704663,0.01842842048597504,0.0,0.0,0.0,0.0,1.0,1.0,112.0,112.0,896.0,112.0,113,0.0093376,2.1031018059017064
2506524397075762905,16,raw_matched,test,16,second_order_response,ok,8,128,0.055191676287458864,0.06767603647118925,16.25,0.375,0.5,0.375,1.0,1.0,112.0,112.0,896.0,112.0,339,0.00177965,0.5875726656638709
2506524397075762905,16,vectorchain_absolute,test,16,second_order_response,ok,8,128,0.032437653323086804,0.04047910175271552,19.875,0.0,0.0,0.0,1.0,1.0,16.0,80.0,640.0,274.0,243,0.00287385,0.999736942610424
2506524397075762905,16,vectorchain_cartesian,test,16,second_order_response,ok,8,128,0.04412459968184007,0.047893885886403254,20.375,0.0,0.0,0.0,1.0,1.0,16.0,48.0,384.0,274.0,147,0.0029203500000000004,0.7349442395513947
2506524397075762905,16,vectorchain_relational,test,16,second_order_response,ok,8,128,0.03242912035867966,0.04046829010917166,19.875,0.0,0.0,0.0,1.0,1.0,16.0,112.0,896.0,274.0,339,0.0029391,1.0
2506524397075762905,16,fixed_relational,test,16,sine,ok,10,160,0.0363490066083094,0.053260573122518674,78.0,0.8,0.8,0.8,1.0,1.0,16.0,112.0,896.0,145.0,339,0.014655600000000001,2.6319443899556925
2506524397075762905,16,persistence,test,16,sine,ok,10,160,0.04801306977225164,0.07106306706289012,0.0,0.0,0.0,0.0,1.0,1.0,1.0,1.0,8.0,1.0,0,5.2500000000000006e-06,1.9925525378194495
2506524397075762905,16,raw_ar,test,16,sine,ok,10,160,0.011684464239682533,0.009341734477999507,0.0,0.0,0.0,0.0,1.0,1.0,112.0,112.0,896.0,112.0,113,0.009369849999999999,8.187672285246485
2506524397075762905,16,raw_matched,test,16,sine,ok,10,160,0.0782660435086619,0.10875221433366926,27.0,0.9,0.9,0.9,1.0,1.0,112.0,112.0,896.0,112.0,339,0.0032256999999999997,1.2223508399605563
2506524397075762905,16,vectorchain_absolute,test,16,sine,ok,10,160,0.09559834033234249,0.12736940034109775,19.0,0.0,0.0,0.0,1.0,1.0,16.0,80.0,640.0,214.0,243,0.0027263499999999998,1.0007345701883077
2506524397075762905,16,vectorchain_cartesian,test,16,sine,ok,10,160,0.08573874380602159,0.12257174575412244,19.8,0.0,0.0,0.0,1.0,1.0,16.0,48.0,384.0,214.0,147,0.0028964999999999998,1.115814855412931
2506524397075762905,16,vectorchain_relational,test,16,sine,ok,10,160,0.09566856402320231,0.12757027667097434,19.0,0.0,0.0,0.0,1.0,1.0,16.0,112.0,896.0,214.0,339,0.00273245,1.0
2506524397075762905,16,fixed_relational,test,64,chirp,ok,12,768,1.3105242312019275e+29,4.5147466898934175e+29,109.0,1.0,1.0,1.0,1.0,1.0,16.0,112.0,896.0,145.0,339,0.01656935,4.7043378626603736e-30
2506524397075762905,16,persistence,test,64,chirp,ok,12,768,0.5130636382363502,0.7889083831660441,0.0,0.0,0.0,0.0,1.0,1.0,1.0,1.0,8.0,1.0,0,5.050000000000001e-06,1.2016343200562267
2506524397075762905,16,raw_ar,test,64,chirp,ok,12,768,0.20952032256898837,0.3986513885602736,0.0,0.0,0.0,0.0,1.0,1.0,112.0,112.0,896.0,112.0,113,0.00925545,2.942506333125331
2506524397075762905,16,raw_matched,test,64,chirp,ok,12,768,0.8980228848343126,1.2415692569011203,17.583333333333332,0.9166666666666666,0.5833333333333334,0.9166666666666666,1.0,1.0,112.0,112.0,896.0,112.0,339,0.0020531,0.6865246827105737
2506524397075762905,16,vectorchain_absolute,test,64,chirp,ok,12,768,0.6164003717623554,0.9092445494373814,14.0,0.08333333333333333,0.0,0.16666666666666666,1.0,1.0,16.0,80.0,640.0,174.25,243,0.0020288,1.0001857628914592
2506524397075762905,16,vectorchain_cartesian,test,64,chirp,ok,12,768,0.5985249044997667,0.8985692584021409,17.0,0.0,0.0,0.0,1.0,1.0,16.0,48.0,384.0,174.25,147,0.00249495,1.030057181318093
2506524397075762905,16,vectorchain_relational,test,64,chirp,ok,12,768,0.6165148760777105,0.910529379012606,14.0,0.08333333333333333,0.0,0.16666666666666666,1.0,1.0,16.0,112.0,896.0,174.25,339,0.0020229999999999996,1.0
2506524397075762905,16,fixed_relational,test,64,first_order_response,ok,12,768,0.15187588082670117,0.3437482017926639,28.416666666666668,0.4166666666666667,0.4166666666666667,0.4166666666666667,1.0,1.0,16.0,112.0,896.0,145.0,339,0.0029858000000000003,0.752941024889342
2506524397075762905,16,persistence,test,64,first_order_response,ok,12,768,0.02339047272232709,0.01909967105233411,0.0,0.0,0.0,0.0,1.0,1.0,1.0,1.0,8.0,1.0,0,5.1e-06,4.8888956936929775
2506524397075762905,16,raw_ar,test,64,first_order_response,ok,12,768,0.03426001159360213,0.04541821312670096,0.0,0.0,0.0,0.0,1.0,1.0,112.0,112.0,896.0,112.0,113,0.009355800000000001,3.337815022426404
2506524397075762905,16,raw_matched,test,64,first_order_response,ok,12,768,0.4789393542741626,0.6270806994775571,22.0,0.5,0.5,0.5,1.0,1.0,112.0,112.0,896.0,112.0,339,0.0022737,0.23876422003143163
2506524397075762905,16,vectorchain_absolute,test,64,first_order_response,ok,12,768,0.11438059045598324,0.15209730606671415,19.75,0.0,0.0,0.0,1.0,1.0,16.0,80.0,640.0,177.91666666666666,243,0.00286315,0.9997638664895188
2506524397075762905,16,vectorchain_cartesian,test,64,first_order_response,ok,12,768,0.09778787014533433,0.15577772908903953,20.083333333333332,0.0,0.0,0.0,1.0,1.0,16.0,48.0,384.0,177.91666666666666,147,0.0028644,1.169404561073611
2506524397075762905,16,vectorchain_relational,test,64,first_order_response,ok,12,768,0.11435358136562795,0.15203724631133753,19.75,0.0,0.0,0.0,1.0,1.0,16.0,112.0,896.0,177.91666666666666,339,0.0029093,1.0
2506524397075762905,16,fixed_relational,test,64,piecewise_linear,ok,10,640,3523824617.5030236,8646801358.441893,47.2,0.6,0.6,0.6,1.0,1.0,16.0,112.0,896.0,145.0,339,0.0063032,1.2837450067825161e-11
2506524397075762905,16,persistence,test,64,piecewise_linear,ok,10,640,0.06137816950317835,0.0957699821034231,0.0,0.0,0.0,0.0,1.0,1.0,1.0,1.0,8.0,1.0,0,4.8e-06,0.7370197407504252
2506524397075762905,16,raw_ar,test,64,piecewise_linear,ok,10,640,0.05231344396784535,0.08156053558523137,0.0,0.0,0.0,0.0,1.0,1.0,112.0,112.0,896.0,112.0,113,0.009298299999999999,0.864728435825659
2506524397075762905,16,raw_matched,test,64,piecewise_linear,ok,10,640,0.27591581625741746,0.35809739055929024,17.0,0.2,0.2,0.6,1.0,1.0,112.0,112.0,896.0,112.0,339,0.0020215,0.16395190094055384
2506524397075762905,16,vectorchain_absolute,test,64,piecewise_linear,ok,10,640,0.04520753630920535,0.051210416077849194,19.5,0.0,0.0,0.0,1.0,1.0,16.0,80.0,640.0,232.8,243,0.00278905,1.0006500302419008
2506524397075762905,16,vectorchain_cartesian,test,64,piecewise_linear,ok,10,640,0.04450994883466176,0.06488518554693343,19.8,0.0,0.0,0.0,1.0,1.0,16.0,48.0,384.0,232.8,147,0.00284825,1.0163328370249727
2506524397075762905,16,vectorchain_relational,test,64,piecewise_linear,ok,10,640,0.04523692257496816,0.0512591489288121,19.5,0.0,0.0,0.0,1.0,1.0,16.0,112.0,896.0,232.8,339,0.0028405,1.0
2506524397075762905,16,fixed_relational,test,64,ramp,ok,13,832,243733.6575496247,524746.2598331186,43.07692307692308,0.7692307692307693,0.6923076923076923,0.7692307692307693,1.0,1.0,16.0,112.0,896.0,145.0,339,0.0036433,3.863342883623212e-07
2506524397075762905,16,persistence,test,64,ramp,ok,13,832,0.026192854033606792,0.02605197816845597,0.0,0.0,0.0,0.0,1.0,1.0,1.0,1.0,8.0,1.0,0,5e-06,3.5949755234219363
2506524397075762905,16,raw_ar,test,64,ramp,ok,13,832,0.033624649229133455,0.038993393036221305,0.0,0.0,0.0,0.0,1.0,1.0,112.0,112.0,896.0,112.0,113,0.0094162,2.8004059907870937
2506524397075762905,16,raw_matched,test,64,ramp,ok,13,832,0.3574714937615698,0.6759180784295088,16.0,0.46153846153846156,0.46153846153846156,0.6923076923076923,1.0,1.0,112.0,112.0,896.0,112.0,339,0.0016785,0.2634130854702098
2506524397075762905,16,vectorchain_absolute,test,64,ramp,ok,13,832,0.09418991696395751,0.13918630043777436,20.153846153846153,0.0,0.0,0.0,1.0,1.0,16.0,80.0,640.0,201.76923076923077,243,0.0029114,0.9997107139972532
2506524397075762905,16,vectorchain_cartesian,test,64,ramp,ok,13,832,0.09795238304736771,0.12949673364488862,20.76923076923077,0.0,0.0,0.0,1.0,1.0,16.0,48.0,384.0,201.76923076923077,147,0.0030093,0.9613106512563852
2506524397075762905,16,vectorchain_relational,test,64,ramp,ok,13,832,0.09416266913937996,0.13914485609348676,20.153846153846153,0.0,0.0,0.0,1.0,1.0,16.0,112.0,896.0,201.76923076923077,339,0.0030575,1.0
2506524397075762905,16,fixed_relational,test,64,regime_change,ok,15,960,5.576888881444806e+33,1.3612582457553805e+34,108.06666666666666,1.0,1.0,1.0,1.0,1.0,16.0,112.0,896.0,145.0,339,0.0180264,1.153620500419544e-34
2506524397075762905,16,persistence,test,64,regime_change,ok,15,960,0.6155921458724042,0.8990921523432416,0.0,0.0,0.0,0.0,1.0,1.0,1.0,1.0,8.0,1.0,0,5.2e-06,1.0451097183962552
2506524397075762905,16,raw_ar,test,64,regime_change,ok,15,960,0.2626162096821978,0.4695969477241449,0.0,0.0,0.0,0.0,1.0,1.0,112.0,112.0,896.0,112.0,113,0.0093359,2.4498157786916948
2506524397075762905,16,raw_matched,test,64,regime_change,ok,15,960,0.7591334047879931,1.0231932249833064,14.733333333333333,0.7333333333333333,0.7333333333333333,0.8,1.0,1.0,112.0,112.0,896.0,112.0,339,0.0015216,0.8474944326805504
2506524397075762905,16,vectorchain_absolute,test,64,regime_change,ok,15,960,0.6423932384890818,0.8128115800221922,14.2,0.13333333333333333,0.0,0.4,1.0,1.0,16.0,80.0,640.0,178.86666666666667,243,0.0023689,1.001507014197176
2506524397075762905,16,vectorchain_cartesian,test,64,regime_change,ok,15,960,0.6622348849209349,0.8167441547773752,14.8,0.06666666666666667,0.0,0.26666666666666666,1.0,1.0,16.0,48.0,384.0,178.86666666666667,147,0.0026443,0.9715002167191277
2506524397075762905,16,vectorchain_relational,test,64,regime_change,ok,15,960,0.6433613342196548,0.8137212256969888,14.2,0.13333333333333333,0.0,0.4,1.0,1.0,16.0,112.0,896.0,178.86666666666667,339,0.0024179,1.0
2506524397075762905,16,fixed_relational,test,64,second_order_response,ok,8,512,0.037805395425641534,0.06503206541436769,23.75,0.25,0.25,0.25,1.0,1.0,16.0,112.0,896.0,145.0,339,0.00282975,1.3693311959635248
2506524397075762905,16,persistence,test,64,second_order_response,ok,8,512,0.029308706664628818,0.034835056806287915,0.0,0.0,0.0,0.0,1.0,1.0,1.0,1.0,8.0,1.0,0,5.2500000000000006e-06,1.7663047340995084
2506524397075762905,16,raw_ar,test,64,second_order_response,ok,8,512,0.03197942288593951,0.04072969573951052,0.0,0.0,0.0,0.0,1.0,1.0,112.0,112.0,896.0,112.0,113,0.0093376,1.618794295216276
2506524397075762905,16,raw_matched,test,64,second_order_response,ok,8,512,0.3716638484666219,0.5320348925996332,16.25,0.375,0.5,0.375,1.0,1.0,112.0,112.0,896.0,112.0,339,0.00177965,0.13928744360165243
2506524397075762905,16,vectorchain_absolute,test,64,second_order_response,ok,8,512,0.051771501720483025,0.054133893515559195,19.875,0.0,0.0,0.0,1.0,1.0,16.0,80.0,640.0,274.0,243,0.00287385,0.9999344351949909
2506524397075762905,16,vectorchain_cartesian,test,64,second_order_response,ok,8,512,0.07814105887589569,0.09259090624644133,20.375,0.0,0.0,0.0,1.0,1.0,16.0,48.0,384.0,274.0,147,0.0029203500000000004,0.6624955954882343
2506524397075762905,16,vectorchain_relational,test,64,second_order_response,ok,8,512,0.051768107332067693,0.05414088746648314,19.875,0.0,0.0,0.0,1.0,1.0,16.0,112.0,896.0,274.0,339,0.0029391,1.0
2506524397075762905,16,fixed_relational,test,64,sine,ok,10,640,2.071387715483361e+18,6.337169883715571e+18,78.0,0.8,0.8,0.8,1.0,1.0,16.0,112.0,896.0,145.0,339,0.014655600000000001,1.5798175376436756e-19
2506524397075762905,16,persistence,test,64,sine,ok,10,640,0.19813133791995535,0.2895038712464733,0.0,0.0,0.0,0.0,1.0,1.0,1.0,1.0,8.0,1.0,0,5.2500000000000006e-06,1.6516390968410715
2506524397075762905,16,raw_ar,test,64,sine,ok,10,640,0.0425848834580614,0.07733190292721509,0.0,0.0,0.0,0.0,1.0,1.0,112.0,112.0,896.0,112.0,113,0.009369849999999999,7.684451322739989
2506524397075762905,16,raw_matched,test,64,sine,ok,10,640,0.8819979196598209,1.4985372621877064,27.0,0.9,0.9,0.9,1.0,1.0,112.0,112.0,896.0,112.0,339,0.0032256999999999997,0.3710229431654923
2506524397075762905,16,vectorchain_absolute,test,64,sine,ok,10,640,0.32555811006463226,0.40247115361640146,19.0,0.0,0.0,0.0,1.0,1.0,16.0,80.0,640.0,214.0,243,0.0027263499999999998,1.005170671229974
2506524397075762905,16,vectorchain_cartesian,test,64,sine,ok,10,640,0.28004289984161684,0.35263268846326373,19.8,0.0,0.0,0.0,1.0,1.0,16.0,48.0,384.0,214.0,147,0.0028964999999999998,1.1685404779164381
2506524397075762905,16,vectorchain_relational,test,64,sine,ok,10,640,0.32724146401802817,0.4063835863685057,19.0,0.0,0.0,0.0,1.0,1.0,16.0,112.0,896.0,214.0,339,0.00273245,1.0
2506524397075762905,16,fixed_relational,test,128,chirp,ok,12,1536,1.7821770372791963e+68,8.682687071653589e+68,109.0,1.0,1.0,1.0,1.0,1.0,16.0,112.0,896.0,145.0,339,0.01656935,6.302949355533415e-69
2506524397075762905,16,persistence,test,128,chirp,ok,12,1536,0.9503285626503433,1.3415624567727766,0.0,0.0,0.0,0.0,1.0,1.0,1.0,1.0,8.0,1.0,0,5.050000000000001e-06,1.182009259748866
2506524397075762905,16,raw_ar,test,128,chirp,ok,12,1536,0.6225131369434778,1.072665659502696,0.0,0.0,0.0,0.0,1.0,1.0,112.0,112.0,896.0,112.0,113,0.00925545,1.8044553507286514
2506524397075762905,16,raw_matched,test,128,chirp,ok,12,1536,1.5672691354530468,1.8358181852312991,17.583333333333332,0.9166666666666666,0.5833333333333334,0.9166666666666666,1.0,1.0,112.0,112.0,896.0,112.0,339,0.0020531,0.7167225688597685
2506524397075762905,16,vectorchain_absolute,test,128,chirp,ok,12,1536,1.123172057777509,1.4986022388997053,14.0,0.08333333333333333,0.0,0.16666666666666666,1.0,1.0,16.0,80.0,640.0,174.25,243,0.0020288,1.0001113837173572
2506524397075762905,16,vectorchain_cartesian,test,128,chirp,ok,12,1536,1.0920918550757726,1.4716966837077436,17.0,0.0,0.0,0.0,1.0,1.0,16.0,48.0,384.0,174.25,147,0.00249495,1.0285738838136453
2506524397075762905,16,vectorchain_relational,test,128,chirp,ok,12,1536,1.123297160856536,1.501105607700229,14.0,0.08333333333333333,0.0,0.16666666666666666,1.0,1.0,16.0,112.0,896.0,174.25,339,0.0020229999999999996,1.0
2506524397075762905,16,fixed_relational,test,128,first_order_response,ok,12,1536,4.3437896027259413e+36,1.3760370945366864e+37,28.416666666666668,0.4166666666666667,0.4166666666666667,0.4166666666666667,1.0,1.0,16.0,112.0,896.0,145.0,339,0.0029858000000000003,6.109117440364644e-38
2506524397075762905,16,persistence,test,128,first_order_response,ok,12,1536,0.02330982365354287,0.020295456746703577,0.0,0.0,0.0,0.0,1.0,1.0,1.0,1.0,8.0,1.0,0,5.1e-06,11.384350741432714
2506524397075762905,16,raw_ar,test,128,first_order_response,ok,12,1536,0.05659884648006226,0.07057361488724172,0.0,0.0,0.0,0.0,1.0,1.0,112.0,112.0,896.0,112.0,113,0.009355800000000001,4.688562129730964
2506524397075762905,16,raw_matched,test,128,first_order_response,ok,12,1536,1.2397236383045145,1.784459134810229,22.0,0.5,0.5,0.5,1.0,1.0,112.0,112.0,896.0,112.0,339,0.0022737,0.21405351966652925
2506524397075762905,16,vectorchain_absolute,test,128,first_order_response,ok,12,1536,0.2654681126725374,0.43554093522600984,19.75,0.0,0.0,0.0,1.0,1.0,16.0,80.0,640.0,177.91666666666666,243,0.00286315,0.9996198998115254
2506524397075762905,16,vectorchain_cartesian,test,128,first_order_response,ok,12,1536,0.26238274450855575,0.49180889955321083,20.083333333333332,0.0,0.0,0.0,1.0,1.0,16.0,48.0,384.0,177.91666666666666,147,0.0028644,1.0113744662969768
2506524397075762905,16,vectorchain_relational,test,128,first_order_response,ok,12,1536,0.26536720819287657,0.4353245061046569,19.75,0.0,0.0,0.0,1.0,1.0,16.0,112.0,896.0,177.91666666666666,339,0.0029093,1.0
2506524397075762905,16,fixed_relational,test,128,piecewise_linear,ok,10,1280,4.791709348730278e+48,1.662809319874836e+49,47.2,0.6,0.6,0.6,1.0,1.0,16.0,112.0,896.0,145.0,339,0.0063032,1.3483465845544133e-50
2506524397075762905,16,persistence,test,128,piecewise_linear,ok,10,1280,0.10829964529179091,0.17344414017599866,0.0,0.0,0.0,0.0,1.0,1.0,1.0,1.0,8.0,1.0,0,4.8e-06,0.5965748934015812
2506524397075762905,16,raw_ar,test,128,piecewise_linear,ok,10,1280,0.11311482147678509,0.18346875105198196,0.0,0.0,0.0,0.0,1.0,1.0,112.0,112.0,896.0,112.0,113,0.009298299999999999,0.5711793423874085
2506524397075762905,16,raw_matched,test,128,piecewise_linear,ok,10,1280,0.6345540497347175,1.0174760502809368,17.0,0.2,0.2,0.6,1.0,1.0,112.0,112.0,896.0,112.0,339,0.0020215,0.10181772438831599
2506524397075762905,16,vectorchain_absolute,test,128,piecewise_linear,ok,10,1280,0.0645964685919257,0.079962011963208,19.5,0.0,0.0,0.0,1.0,1.0,16.0,80.0,640.0,232.8,243,0.00278905,1.0001916630076444
2506524397075762905,16,vectorchain_cartesian,test,128,piecewise_linear,ok,10,1280,0.10640248362428212,0.19631189787915942,19.8,0.0,0.0,0.0,1.0,1.0,16.0,48.0,384.0,232.8,147,0.00284825,0.6072118539405488
2506524397075762905,16,vectorchain_relational,test,128,piecewise_linear,ok,10,1280,0.06460884934537922,0.0798986096000647,19.5,0.0,0.0,0.0,1.0,1.0,16.0,112.0,896.0,232.8,339,0.0028405,1.0
2506524397075762905,16,fixed_relational,test,128,ramp,ok,13,1664,3.3137048253967796e+44,1.0088959813305756e+45,43.07692307692308,0.7692307692307693,0.6923076923076923,0.7692307692307693,1.0,1.0,16.0,112.0,896.0,145.0,339,0.0036433,7.769297271356647e-46
2506524397075762905,16,persistence,test,128,ramp,ok,13,1664,0.040240444279454356,0.06141601598183583,0.0,0.0,0.0,0.0,1.0,1.0,1.0,1.0,8.0,1.0,0,5e-06,6.397831415390538
2506524397075762905,16,raw_ar,test,128,ramp,ok,13,1664,0.05611238273917882,0.07105164037408067,0.0,0.0,0.0,0.0,1.0,1.0,112.0,112.0,896.0,112.0,113,0.0094162,4.588141975311406
2506524397075762905,16,raw_matched,test,128,ramp,ok,13,1664,0.8678170560147307,1.3923914840691638,16.0,0.46153846153846156,0.46153846153846156,0.6923076923076923,1.0,1.0,112.0,112.0,896.0,112.0,339,0.0016785,0.29666572786971757
2506524397075762905,16,vectorchain_absolute,test,128,ramp,ok,13,1664,0.2575217905939475,0.47278233718779905,20.153846153846153,0.0,0.0,0.0,1.0,1.0,16.0,80.0,640.0,201.76923076923077,243,0.0029114,0.999727355058304
2506524397075762905,16,vectorchain_cartesian,test,128,ramp,ok,13,1664,0.2594093297674046,0.47282584872308375,20.76923076923077,0.0,0.0,0.0,1.0,1.0,16.0,48.0,384.0,201.76923076923077,147,0.0030093,0.9924530424993023
2506524397075762905,16,vectorchain_relational,test,128,ramp,ok,13,1664,0.25745157858036555,0.4726700722590078,20.153846153846153,0.0,0.0,0.0,1.0,1.0,16.0,112.0,896.0,201.76923076923077,339,0.0030575,1.0
2506524397075762905,16,fixed_relational,test,128,regime_change,ok,15,1920,7.583993126001631e+72,2.6179507306480435e+73,108.06666666666666,1.0,1.0,1.0,1.0,1.0,16.0,112.0,896.0,145.0,339,0.0180264,1.501770568981451e-73
2506524397075762905,16,persistence,test,128,regime_change,ok,15,1920,1.0042008370750988,1.2913160710731117,0.0,0.0,0.0,0.0,1.0,1.0,1.0,1.0,8.0,1.0,0,5.2e-06,1.134177273259446
2506524397075762905,16,raw_ar,test,128,regime_change,ok,15,1920,0.7643491536101266,1.2789506371403037,0.0,0.0,0.0,0.0,1.0,1.0,112.0,112.0,896.0,112.0,113,0.0093359,1.4900804976617157
2506524397075762905,16,raw_matched,test,128,regime_change,ok,15,1920,1.5527562759359925,1.8625947109702936,14.733333333333333,0.7333333333333333,0.7333333333333333,0.8,1.0,1.0,112.0,112.0,896.0,112.0,339,0.0015216,0.7334968049072228
2506524397075762905,16,vectorchain_absolute,test,128,regime_change,ok,15,1920,1.1383859356189485,1.5019369652351326,14.2,0.13333333333333333,0.0,0.4,1.0,1.0,16.0,80.0,640.0,178.86666666666667,243,0.0023689,1.0004882628661762
2506524397075762905,16,vectorchain_cartesian,test,128,regime_change,ok,15,1920,1.1478462996892747,1.5403304499046047,14.8,0.06666666666666667,0.0,0.26666666666666666,1.0,1.0,16.0,48.0,384.0,178.86666666666667,147,0.0026443,0.9922423999685354
2506524397075762905,16,vectorchain_relational,test,128,regime_change,ok,15,1920,1.1389417671986886,1.501437762418405,14.2,0.13333333333333333,0.0,0.4,1.0,1.0,16.0,112.0,896.0,178.86666666666667,339,0.0024179,1.0
2506524397075762905,16,fixed_relational,test,128,second_order_response,ok,8,1024,951333025986901.4,3690955027081920.5,23.75,0.25,0.25,0.25,1.0,1.0,16.0,112.0,896.0,145.0,339,0.00282975,1.1963156177454381e-16
2506524397075762905,16,persistence,test,128,second_order_response,ok,8,1024,0.045269278376011184,0.06784829207947324,0.0,0.0,0.0,0.0,1.0,1.0,1.0,1.0,8.0,1.0,0,5.2500000000000006e-06,2.5140550004177866
2506524397075762905,16,raw_ar,test,128,second_order_response,ok,8,1024,0.05899920041571577,0.08780351049935385,0.0,0.0,0.0,0.0,1.0,1.0,112.0,112.0,896.0,112.0,113,0.0093376,1.9289999671961653
2506524397075762905,16,raw_matched,test,128,second_order_response,ok,8,1024,1.1130560902504378,1.6687429605897348,16.25,0.375,0.5,0.375,1.0,1.0,112.0,112.0,896.0,112.0,339,0.00177965,0.1022495242273986
2506524397075762905,16,vectorchain_absolute,test,128,second_order_response,ok,8,1024,0.11384423086819306,0.20623765665043142,19.875,0.0,0.0,0.0,1.0,1.0,16.0,80.0,640.0,274.0,243,0.00287385,0.9996945369878458
2506524397075762905,16,vectorchain_cartesian,test,128,second_order_response,ok,8,1024,0.1403226561693834,0.22674296171198288,20.375,0.0,0.0,0.0,1.0,1.0,16.0,48.0,384.0,274.0,147,0.0029203500000000004,0.811055454431652
2506524397075762905,16,vectorchain_relational,test,128,second_order_response,ok,8,1024,0.1138094556665157,0.2061415617108534,19.875,0.0,0.0,0.0,1.0,1.0,16.0,112.0,896.0,274.0,339,0.0029391,1.0
2506524397075762905,16,fixed_relational,test,128,sine,ok,10,1280,2.8168650954939383e+57,1.2187517643666339e+58,78.0,0.8,0.8,0.8,1.0,1.0,16.0,112.0,896.0,145.0,339,0.014655600000000001,1.6561301860333555e-58
2506524397075762905,16,persistence,test,128,sine,ok,10,1280,0.360577974104109,0.4420783570002941,0.0,0.0,0.0,0.0,1.0,1.0,1.0,1.0,8.0,1.0,0,5.2500000000000006e-06,1.2937826627436475
2506524397075762905,16,raw_ar,test,128,sine,ok,10,1280,0.15626045545602962,0.2523864072433188,0.0,0.0,0.0,0.0,1.0,1.0,112.0,112.0,896.0,112.0,113,0.009369849999999999,2.9854612294688723
2506524397075762905,16,raw_matched,test,128,sine,ok,10,1280,1.8680214955805121,2.4159813762594062,27.0,0.9,0.9,0.9,1.0,1.0,112.0,112.0,896.0,112.0,339,0.0032256999999999997,0.2497345627803658
2506524397075762905,16,vectorchain_absolute,test,128,sine,ok,10,1280,0.46641952821305643,0.5152877873904147,19.0,0.0,0.0,0.0,1.0,1.0,16.0,80.0,640.0,214.0,243,0.0027263499999999998,1.0001929662988438
2506524397075762905,16,vectorchain_cartesian,test,128,sine,ok,10,1280,0.42482717402378806,0.483703021165501,19.8,0.0,0.0,0.0,1.0,1.0,16.0,48.0,384.0,214.0,147,0.0028964999999999998,1.0981160339733873
2506524397075762905,16,vectorchain_relational,test,128,sine,ok,10,1280,0.4665095314631242,0.5138677212710221,19.0,0.0,0.0,0.0,1.0,1.0,16.0,112.0,896.0,214.0,339,0.00273245,1.0
2506524397075762905,16,fixed_relational,validation,16,chirp,ok,18,288,421.88976356958375,391.14540656779286,106.83333333333333,1.0,1.0,1.0,1.0,1.0,16.0,112.0,896.0,145.0,339,0.0147054,0.00033521593277630117
2506524397075762905,16,persistence,validation,16,chirp,ok,18,288,0.13189967090690963,0.19380581478312975,0.0,0.0,0.0,0.0,1.0,1.0,1.0,1.0,8.0,1.0,0,4.8e-06,1.0722101856005661
2506524397075762905,16,raw_ar,validation,16,chirp,ok,18,288,0.023613841096666126,0.030472547068736304,0.0,0.0,0.0,0.0,1.0,1.0,112.0,112.0,896.0,112.0,113,0.0078458,5.989037109414523
2506524397075762905,16,raw_matched,validation,16,chirp,ok,18,288,0.19174701661642418,0.23977739753498264,18.944444444444443,0.6666666666666666,0.6666666666666666,0.7222222222222222,1.0,1.0,112.0,112.0,896.0,112.0,339,0.00183795,0.7375560419104712
2506524397075762905,16,vectorchain_absolute,validation,16,chirp,ok,18,288,0.14145233794528259,0.16155329146542352,17.27777777777778,0.05555555555555555,0.0,0.05555555555555555,1.0,1.0,16.0,80.0,640.0,194.27777777777777,243,0.0021511,0.9998008705834024
2506524397075762905,16,vectorchain_cartesian,validation,16,chirp,ok,18,288,0.1319796746522162,0.1502741052338736,18.22222222222222,0.0,0.0,0.05555555555555555,1.0,1.0,16.0,48.0,384.0,194.27777777777777,147,0.0024161,1.0715602307432752
2506524397075762905,16,vectorchain_relational,validation,16,chirp,ok,18,288,0.14142417062375118,0.1615352431123197,17.27777777777778,0.05555555555555555,0.0,0.05555555555555555,1.0,1.0,16.0,112.0,896.0,194.27777777777777,339,0.00217915,1.0
2506524397075762905,16,fixed_relational,validation,16,first_order_response,ok,12,192,0.027701302043644873,0.02190072565923812,30.5,0.5833333333333334,0.5833333333333334,0.5833333333333334,1.0,1.0,16.0,112.0,896.0,145.0,339,0.00376885,1.0260173847064586
2506524397075762905,16,persistence,validation,16,first_order_response,ok,12,192,0.018386125470722256,0.013136640203145885,0.0,0.0,0.0,0.0,1.0,1.0,1.0,1.0,8.0,1.0,0,4.9e-06,1.5458405046263235
2506524397075762905,16,raw_ar,validation,16,first_order_response,ok,12,192,0.015303410195559714,0.014714014058164646,0.0,0.0,0.0,0.0,1.0,1.0,112.0,112.0,896.0,112.0,113,0.00820455,1.8572342446934371
2506524397075762905,16,raw_matched,validation,16,first_order_response,ok,12,192,0.034687774305277204,0.041931424374119286,17.75,0.25,0.08333333333333333,0.3333333333333333,1.0,1.0,112.0,112.0,896.0,112.0,339,0.0017125999999999999,0.8193669973071817
2506524397075762905,16,vectorchain_absolute,validation,16,first_order_response,ok,12,192,0.028418862776173334,0.035781046948213456,20.083333333333332,0.0,0.0,0.0,1.0,1.0,16.0,80.0,640.0,260.3333333333333,243,0.0027346000000000002,1.0001110072431716
2506524397075762905,16,vectorchain_cartesian,validation,16,first_order_response,ok,12,192,0.026103084784351523,0.02789041493305867,20.0,0.0,0.0,0.0,1.0,1.0,16.0,48.0,384.0,260.3333333333333,147,0.0026976500000000002,1.088837496050384
2506524397075762905,16,vectorchain_relational,validation,16,first_order_response,ok,12,192,0.02842201747578419,0.03578667385321572,20.083333333333332,0.0,0.0,0.0,1.0,1.0,16.0,112.0,896.0,260.3333333333333,339,0.00275665,1.0
2506524397075762905,16,fixed_relational,validation,16,piecewise_linear,ok,16,256,0.04118128974653711,0.048025012394535535,49.25,0.6875,0.6875,0.6875,1.0,1.0,16.0,112.0,896.0,145.0,339,0.0054798,1.0613736350995768
2506524397075762905,16,persistence,validation,16,piecewise_linear,ok,16,256,0.028266628041137897,0.03637109252269728,0.0,0.0,0.0,0.0,1.0,1.0,1.0,1.0,8.0,1.0,0,4.8e-06,1.546301707184862
2506524397075762905,16,raw_ar,validation,16,piecewise_linear,ok,16,256,0.01582526194895535,0.017377748877551953,0.0,0.0,0.0,0.0,1.0,1.0,112.0,112.0,896.0,112.0,113,0.00790855,2.761959665334722
2506524397075762905,16,raw_matched,validation,16,piecewise_linear,ok,16,256,0.06807962201125657,0.08146653218603353,18.4375,0.5,0.5,0.5625,1.0,1.0,112.0,112.0,896.0,112.0,339,0.0017791,0.6420237643085627
2506524397075762905,16,vectorchain_absolute,validation,16,piecewise_linear,ok,16,256,0.04372556569672135,0.05956479062214576,20.5,0.0,0.0,0.0,1.0,1.0,16.0,80.0,640.0,220.625,243,0.0027127,0.9996150878763453
2506524397075762905,16,vectorchain_cartesian,validation,16,piecewise_linear,ok,16,256,0.0386588438635297,0.04758115620934271,20.8125,0.0,0.0,0.0,1.0,1.0,16.0,48.0,384.0,220.625,147,0.0027431,1.1306270655860284
2506524397075762905,16,vectorchain_relational,validation,16,piecewise_linear,ok,16,256,0.04370873519637102,0.05954287587197465,20.5,0.0,0.0,0.0,1.0,1.0,16.0,112.0,896.0,220.625,339,0.0027451999999999997,1.0
2506524397075762905,16,fixed_relational,validation,16,ramp,ok,18,288,0.026731325713794624,0.0331517283179992,38.44444444444444,0.7777777777777778,0.7777777777777778,0.7777777777777778,1.0,1.0,16.0,112.0,896.0,145.0,339,0.0044118000000000004,0.9921566472797081
2506524397075762905,16,persistence,validation,16,ramp,ok,18,288,0.01952422948302817,0.01871933342350978,0.0,0.0,0.0,0.0,1.0,1.0,1.0,1.0,8.0,1.0,0,5e-06,1.3583973964552514
2506524397075762905,16,raw_ar,validation,16,ramp,ok,18,288,0.015075651693221006,0.015070081432262053,0.0,0.0,0.0,0.0,1.0,1.0,112.0,112.0,896.0,112.0,113,0.008067399999999999,1.759238209878926
2506524397075762905,16,raw_matched,validation,16,ramp,ok,18,288,0.033341864692038585,0.04166455774973927,18.38888888888889,0.2777777777777778,0.2777777777777778,0.5,1.0,1.0,112.0,112.0,896.0,112.0,339,0.00176795,0.7954462877978508
2506524397075762905,16,vectorchain_absolute,validation,16,ramp,ok,18,288,0.026530478868174046,0.029708440134283223,20.22222222222222,0.0,0.0,0.0,1.0,1.0,16.0,80.0,640.0,161.33333333333334,243,0.0026661000000000002,0.9996676889747249
2506524397075762905,16,vectorchain_cartesian,validation,16,ramp,ok,18,288,0.024941357860335547,0.02795330834008182,20.333333333333332,0.0,0.0,0.0,1.0,1.0,16.0,48.0,384.0,161.33333333333334,147,0.0026936499999999997,1.0633608100270253
2506524397075762905,16,vectorchain_relational,validation,16,ramp,ok,18,288,0.026521662497540323,0.029692700948248947,20.22222222222222,0.0,0.0,0.0,1.0,1.0,16.0,112.0,896.0,161.33333333333334,339,0.0027380499999999997,1.0
2506524397075762905,16,fixed_relational,validation,16,regime_change,ok,20,320,8412.737283337676,7620.043641770241,106.15,1.0,1.0,1.0,1.0,1.0,16.0,112.0,896.0,145.0,339,0.016424300000000003,2.0038236553185186e-05
2506524397075762905,16,persistence,validation,16,regime_change,ok,20,320,0.16497933790215222,0.2367769442257564,0.0,0.0,0.0,0.0,1.0,1.0,1.0,1.0,8.0,1.0,0,5.45e-06,1.0218032263125096
2506524397075762905,16,raw_ar,validation,16,regime_change,ok,20,320,0.03976116329319941,0.05613064471850985,0.0,0.0,0.0,0.0,1.0,1.0,112.0,112.0,896.0,112.0,113,0.0079568,4.239725545760214
2506524397075762905,16,raw_matched,validation,16,regime_change,ok,20,320,0.31255358793002247,0.31736979300314416,15.8,0.65,0.6,0.7,1.0,1.0,112.0,112.0,896.0,112.0,339,0.0013927499999999999,0.5393520543461603
2506524397075762905,16,vectorchain_absolute,validation,16,regime_change,ok,20,320,0.16861376126482477,0.2411953654411413,14.95,0.0,0.0,0.15,1.0,1.0,16.0,80.0,640.0,162.85,243,0.00206245,0.9997785381144231
2506524397075762905,16,vectorchain_cartesian,validation,16,regime_change,ok,20,320,0.18263481080242241,0.25398230367368324,16.85,0.0,0.0,0.0,1.0,1.0,16.0,48.0,384.0,162.85,147,0.0022737,0.9230245811445542
2506524397075762905,16,vectorchain_relational,validation,16,regime_change,ok,20,320,0.16857641974332085,0.24115034072401045,14.95,0.0,0.0,0.15,1.0,1.0,16.0,112.0,896.0,162.85,339,0.0021498000000000003,1.0
2506524397075762905,16,fixed_relational,validation,16,second_order_response,ok,17,272,0.03109618288195468,0.03597457737744862,49.411764705882355,0.7058823529411765,0.7058823529411765,0.7647058823529411,1.0,1.0,16.0,112.0,896.0,145.0,339,0.0061153,1.2414460875147777
2506524397075762905,16,persistence,validation,16,second_order_response,ok,17,272,0.01946188084070378,0.017774793694476505,0.0,0.0,0.0,0.0,1.0,1.0,1.0,1.0,8.0,1.0,0,5.2e-06,1.9835818999933124
2506524397075762905,16,raw_ar,validation,16,second_order_response,ok,17,272,0.016545285447045276,0.016470716381024153,0.0,0.0,0.0,0.0,1.0,1.0,112.0,112.0,896.0,112.0,113,0.0078069,2.333246815173004
2506524397075762905,16,raw_matched,validation,16,second_order_response,ok,17,272,0.025284929892125215,0.029299907431221815,16.0,0.29411764705882354,0.17647058823529413,0.4117647058823529,1.0,1.0,112.0,112.0,896.0,112.0,339,0.001648,1.5267685036164413
2506524397075762905,16,vectorchain_absolute,validation,16,second_order_response,ok,17,272,0.03863961095612019,0.03656008903108164,20.941176470588236,0.0,0.0,0.0,1.0,1.0,16.0,80.0,640.0,171.88235294117646,243,0.0027356,0.9990844529797746
2506524397075762905,16,vectorchain_cartesian,validation,16,second_order_response,ok,17,272,0.028773767561296144,0.028858447754279058,20.823529411764707,0.0,0.0,0.0,1.0,1.0,16.0,48.0,384.0,171.88235294117646,147,0.0026939,1.341646848755863
2506524397075762905,16,vectorchain_relational,validation,16,second_order_response,ok,17,272,0.03860423457544664,0.036514914192093635,20.941176470588236,0.0,0.0,0.0,1.0,1.0,16.0,112.0,896.0,171.88235294117646,339,0.0027804,1.0
2506524397075762905,16,fixed_relational,validation,16,sine,ok,18,288,0.06210979356784878,0.0838242156338529,65.22222222222223,0.8333333333333334,0.8333333333333334,0.8333333333333334,1.0,1.0,16.0,112.0,896.0,145.0,339,0.0101265,1.026530506207015
2506524397075762905,16,persistence,validation,16,sine,ok,18,288,0.05308263602139993,0.07554773391799226,0.0,0.0,0.0,0.0,1.0,1.0,1.0,1.0,8.0,1.0,0,4.8e-06,1.2011008233636613
2506524397075762905,16,raw_ar,validation,16,sine,ok,18,288,0.016851863097125542,0.020406274374744352,0.0,0.0,0.0,0.0,1.0,1.0,112.0,112.0,896.0,112.0,113,0.0080667,3.7834153686242726
2506524397075762905,16,raw_matched,validation,16,sine,ok,18,288,0.08398586268355343,0.09709260797872434,14.666666666666666,0.2222222222222222,0.2777777777777778,0.4444444444444444,1.0,1.0,112.0,112.0,896.0,112.0,339,0.00165335,0.759146787261642
2506524397075762905,16,vectorchain_absolute,validation,16,sine,ok,18,288,0.06372649946182878,0.057456504285084725,19.5,0.0,0.0,0.05555555555555555,1.0,1.0,16.0,80.0,640.0,196.22222222222223,243,0.0025469,1.0004879974586847
2506524397075762905,16,vectorchain_cartesian,validation,16,sine,ok,18,288,0.06420644735317055,0.059816535666402056,19.77777777777778,0.0,0.0,0.0,1.0,1.0,16.0,48.0,384.0,196.22222222222223,147,0.0026166999999999996,0.9930092764814626
2506524397075762905,16,vectorchain_relational,validation,16,sine,ok,18,288,0.06375759783161701,0.057480777016227336,19.444444444444443,0.0,0.0,0.05555555555555555,1.0,1.0,16.0,112.0,896.0,196.22222222222223,339,0.00256195,1.0
2506524397075762905,16,fixed_relational,validation,64,chirp,ok,18,1152,6.165888585090975e+31,1.1411962654156559e+32,106.83333333333333,1.0,1.0,1.0,1.0,1.0,16.0,112.0,896.0,145.0,339,0.0147054,7.13726513328667e-33
2506524397075762905,16,persistence,validation,64,chirp,ok,18,1152,0.49825672904289997,0.7761024067064651,0.0,0.0,0.0,0.0,1.0,1.0,1.0,1.0,8.0,1.0,0,4.8e-06,0.8832310543729964
2506524397075762905,16,raw_ar,validation,64,chirp,ok,18,1152,0.14126794717364985,0.2504164242514315,0.0,0.0,0.0,0.0,1.0,1.0,112.0,112.0,896.0,112.0,113,0.0078458,3.115185184931225
2506524397075762905,16,raw_matched,validation,64,chirp,ok,18,1152,0.7528889168739519,0.9951060361756279,18.944444444444443,0.6666666666666666,0.6666666666666666,0.7222222222222222,1.0,1.0,112.0,112.0,896.0,112.0,339,0.00183795,0.5845162629943165
2506524397075762905,16,vectorchain_absolute,validation,64,chirp,ok,18,1152,0.4401533581591591,0.5655090111004178,17.27777777777778,0.05555555555555555,0.0,0.05555555555555555,1.0,1.0,16.0,80.0,640.0,194.27777777777777,243,0.0021511,0.9998238295432245
2506524397075762905,16,vectorchain_cartesian,validation,64,chirp,ok,18,1152,0.42038891908780107,0.5118389803784775,18.22222222222222,0.0,0.0,0.05555555555555555,1.0,1.0,16.0,48.0,384.0,194.27777777777777,147,0.0024161,1.0468301997491236
2506524397075762905,16,vectorchain_relational,validation,64,chirp,ok,18,1152,0.44007581614100094,0.5654646004556261,17.27777777777778,0.05555555555555555,0.0,0.05555555555555555,1.0,1.0,16.0,112.0,896.0,194.27777777777777,339,0.00217915,1.0
2506524397075762905,16,fixed_relational,validation,64,first_order_response,ok,12,768,0.11577574647604981,0.1965076399751049,30.5,0.5833333333333334,0.5833333333333334,0.5833333333333334,1.0,1.0,16.0,112.0,896.0,145.0,339,0.00376885,0.7501883380748584
2506524397075762905,16,persistence,validation,64,first_order_response,ok,12,768,0.019152698387284003,0.01574937705551588,0.0,0.0,0.0,0.0,1.0,1.0,1.0,1.0,8.0,1.0,0,4.9e-06,4.534797817100719
2506524397075762905,16,raw_ar,validation,64,first_order_response,ok,12,768,0.0328341052327912,0.0431292303679541,0.0,0.0,0.0,0.0,1.0,1.0,112.0,112.0,896.0,112.0,113,0.00820455,2.645225573301259
2506524397075762905,16,raw_matched,validation,64,first_order_response,ok,12,768,0.15327146213457502,0.2642170794840322,17.75,0.25,0.08333333333333333,0.3333333333333333,1.0,1.0,112.0,112.0,896.0,112.0,339,0.0017125999999999999,0.566665272377874
2506524397075762905,16,vectorchain_absolute,validation,64,first_order_response,ok,12,768,0.08685530308341953,0.11919609998812897,20.083333333333332,0.0,0.0,0.0,1.0,1.0,16.0,80.0,640.0,260.3333333333333,243,0.0027346000000000002,0.9999805625550123
2506524397075762905,16,vectorchain_cartesian,validation,64,first_order_response,ok,12,768,0.08069390666055405,0.1138982363193884,20.0,0.0,0.0,0.0,1.0,1.0,16.0,48.0,384.0,260.3333333333333,147,0.0026976500000000002,1.0763342417365074
2506524397075762905,16,vectorchain_relational,validation,64,first_order_response,ok,12,768,0.08685361483824396,0.11919517958104842,20.083333333333332,0.0,0.0,0.0,1.0,1.0,16.0,112.0,896.0,260.3333333333333,339,0.00275665,1.0
2506524397075762905,16,fixed_relational,validation,64,piecewise_linear,ok,16,1024,1.8564360649615498e+20,3.601282796060727e+20,49.25,0.6875,0.6875,0.6875,1.0,1.0,16.0,112.0,896.0,145.0,339,0.0054798,8.771673136405897e-22
2506524397075762905,16,persistence,validation,64,piecewise_linear,ok,16,1024,0.07830077186564827,0.11279462188281025,0.0,0.0,0.0,0.0,1.0,1.0,1.0,1.0,8.0,1.0,0,4.8e-06,2.0796794172628528
2506524397075762905,16,raw_ar,validation,64,piecewise_linear,ok,16,1024,0.04746308666700576,0.07411893243469797,0.0,0.0,0.0,0.0,1.0,1.0,112.0,112.0,896.0,112.0,113,0.00790855,3.430887349304707
2506524397075762905,16,raw_matched,validation,64,piecewise_linear,ok,16,1024,0.5352395969509094,0.6975165507113117,18.4375,0.5,0.5,0.5625,1.0,1.0,112.0,112.0,896.0,112.0,339,0.0017791,0.3042385214629743
2506524397075762905,16,vectorchain_absolute,validation,64,piecewise_linear,ok,16,1024,0.16286010606918447,0.22720991027246243,20.5,0.0,0.0,0.0,1.0,1.0,16.0,80.0,640.0,220.625,243,0.0027127,0.9998796361805563
2506524397075762905,16,vectorchain_cartesian,validation,64,piecewise_linear,ok,16,1024,0.13786296260435196,0.21086404381640161,20.8125,0.0,0.0,0.0,1.0,1.0,16.0,48.0,384.0,220.625,147,0.0027431,1.1811765867248418
2506524397075762905,16,vectorchain_relational,validation,64,piecewise_linear,ok,16,1024,0.16284050360478297,0.22721220603339665,20.5,0.0,0.0,0.0,1.0,1.0,16.0,112.0,896.0,220.625,339,0.0027451999999999997,1.0
2506524397075762905,16,fixed_relational,validation,64,ramp,ok,18,1152,5.055518050633015,10.25130770302055,38.44444444444444,0.7777777777777778,0.7777777777777778,0.7777777777777778,1.0,1.0,16.0,112.0,896.0,145.0,339,0.0044118000000000004,0.01838963650503649
2506524397075762905,16,persistence,validation,64,ramp,ok,18,1152,0.027734623075624368,0.03505222153444998,0.0,0.0,0.0,0.0,1.0,1.0,1.0,1.0,8.0,1.0,0,5e-06,3.352096729142185
2506524397075762905,16,raw_ar,validation,64,ramp,ok,18,1152,0.027648450443132595,0.03225852103735582,0.0,0.0,0.0,0.0,1.0,1.0,112.0,112.0,896.0,112.0,113,0.008067399999999999,3.36254429473402
2506524397075762905,16,raw_matched,validation,64,ramp,ok,18,1152,0.20513933661522696,0.3280454600555343,18.38888888888889,0.2777777777777778,0.2777777777777778,0.5,1.0,1.0,112.0,112.0,896.0,112.0,339,0.00176795,0.453199960718265
2506524397075762905,16,vectorchain_absolute,validation,64,ramp,ok,18,1152,0.09297479984562147,0.15229888919220316,20.22222222222222,0.0,0.0,0.0,1.0,1.0,16.0,80.0,640.0,161.33333333333334,243,0.0026661000000000002,0.9999391173754708
2506524397075762905,16,vectorchain_cartesian,validation,64,ramp,ok,18,1152,0.0998710429329972,0.17160550819227496,20.333333333333332,0.0,0.0,0.0,1.0,1.0,16.0,48.0,384.0,161.33333333333334,147,0.0026936499999999997,0.9308918437766206
2506524397075762905,16,vectorchain_relational,validation,64,ramp,ok,18,1152,0.0929691392957918,0.15227230041775383,20.22222222222222,0.0,0.0,0.0,1.0,1.0,16.0,112.0,896.0,161.33333333333334,339,0.0027380499999999997,1.0
2506524397075762905,16,fixed_relational,validation,64,regime_change,ok,20,1280,1.2274192208302271e+33,2.223640812971103e+33,106.15,1.0,1.0,1.0,1.0,1.0,16.0,112.0,896.0,145.0,339,0.016424300000000003,5.239622724223668e-34
2506524397075762905,16,persistence,validation,64,regime_change,ok,20,1280,0.6082618166154737,0.9253292485036152,0.0,0.0,0.0,0.0,1.0,1.0,1.0,1.0,8.0,1.0,0,5.45e-06,1.0573101033031966
2506524397075762905,16,raw_ar,validation,64,regime_change,ok,20,1280,0.27360085116647903,0.4811871991904946,0.0,0.0,0.0,0.0,1.0,1.0,112.0,112.0,896.0,112.0,113,0.0079568,2.3505824686553107
2506524397075762905,16,raw_matched,validation,64,regime_change,ok,20,1280,0.733117932672334,1.0434075680930506,15.8,0.65,0.6,0.7,1.0,1.0,112.0,112.0,896.0,112.0,339,0.0013927499999999999,0.8772413489011442
2506524397075762905,16,vectorchain_absolute,validation,64,regime_change,ok,20,1280,0.6432045933524692,1.0007125637196974,14.95,0.0,0.0,0.15,1.0,1.0,16.0,80.0,640.0,162.85,243,0.00206245,0.9998706023056539
2506524397075762905,16,vectorchain_cartesian,validation,64,regime_change,ok,20,1280,0.6127591153223682,1.0087916814754048,16.85,0.0,0.0,0.0,1.0,1.0,16.0,48.0,384.0,162.85,147,0.0022737,1.0495500565874978
2506524397075762905,16,vectorchain_relational,validation,64,regime_change,ok,20,1280,0.6431213641610966,1.0006346420632646,14.95,0.0,0.0,0.15,1.0,1.0,16.0,112.0,896.0,162.85,339,0.0021498000000000003,1.0
2506524397075762905,16,fixed_relational,validation,64,second_order_response,ok,17,1088,1066669456838375.0,2007437554009436.5,49.411764705882355,0.7058823529411765,0.7058823529411765,0.7647058823529411,1.0,1.0,16.0,112.0,896.0,145.0,339,0.0061153,6.94676004757702e-17
2506524397075762905,16,persistence,validation,64,second_order_response,ok,17,1088,0.033497626125842624,0.04681637485692317,0.0,0.0,0.0,0.0,1.0,1.0,1.0,1.0,8.0,1.0,0,5.2e-06,2.212066233857373
2506524397075762905,16,raw_ar,validation,64,second_order_response,ok,17,1088,0.029997572236312057,0.04045565489987449,0.0,0.0,0.0,0.0,1.0,1.0,112.0,112.0,896.0,112.0,113,0.0078069,2.470165488181015
2506524397075762905,16,raw_matched,validation,64,second_order_response,ok,17,1088,0.19540352249862683,0.2720209432253171,16.0,0.29411764705882354,0.17647058823529413,0.4117647058823529,1.0,1.0,112.0,112.0,896.0,112.0,339,0.001648,0.3792099892563388
2506524397075762905,16,vectorchain_absolute,validation,64,second_order_response,ok,17,1088,0.07414397728196145,0.08158428802946435,20.941176470588236,0.0,0.0,0.0,1.0,1.0,16.0,80.0,640.0,171.88235294117646,243,0.0027356,0.9993929430783669
2506524397075762905,16,vectorchain_cartesian,validation,64,second_order_response,ok,17,1088,0.060118854477868584,0.07408753190350961,20.823529411764707,0.0,0.0,0.0,1.0,1.0,16.0,48.0,384.0,171.88235294117646,147,0.0026939,1.2325412436897465
2506524397075762905,16,vectorchain_relational,validation,64,second_order_response,ok,17,1088,0.07409896766735503,0.0815099303090516,20.941176470588236,0.0,0.0,0.0,1.0,1.0,16.0,112.0,896.0,171.88235294117646,339,0.0027804,1.0
2506524397075762905,16,fixed_relational,validation,64,sine,ok,18,1152,1.642611176967506e+19,3.0397494072255103e+19,65.22222222222223,0.8333333333333334,0.8333333333333334,0.8333333333333334,1.0,1.0,16.0,112.0,896.0,145.0,339,0.0101265,7.757055728785483e-21
2506524397075762905,16,persistence,validation,64,sine,ok,18,1152,0.20957895936529206,0.3242407799285506,0.0,0.0,0.0,0.0,1.0,1.0,1.0,1.0,8.0,1.0,0,4.8e-06,0.6079725979674373
2506524397075762905,16,raw_ar,validation,64,sine,ok,18,1152,0.07315275791184232,0.12725788827153386,0.0,0.0,0.0,0.0,1.0,1.0,112.0,112.0,896.0,112.0,113,0.0080667,1.741810808530043
2506524397075762905,16,raw_matched,validation,64,sine,ok,18,1152,0.38033980255339206,0.5225190541274259,14.666666666666666,0.2222222222222222,0.2777777777777778,0.4444444444444444,1.0,1.0,112.0,112.0,896.0,112.0,339,0.00165335,0.33501164892344293
2506524397075762905,16,vectorchain_absolute,validation,64,sine,ok,18,1152,0.12739594815140523,0.18225507600116272,19.5,0.0,0.0,0.05555555555555555,1.0,1.0,16.0,80.0,640.0,196.22222222222223,243,0.0025469,1.0001751723939982
2506524397075762905,16,vectorchain_cartesian,validation,64,sine,ok,18,1152,0.14214950885169428,0.22747016659498756,19.77777777777778,0.0,0.0,0.0,1.0,1.0,16.0,48.0,384.0,196.22222222222223,147,0.0026166999999999996,0.8963679539516741
2506524397075762905,16,vectorchain_relational,validation,64,sine,ok,18,1152,0.12741826440462858,0.18224885992184992,19.444444444444443,0.0,0.0,0.05555555555555555,1.0,1.0,16.0,112.0,896.0,196.22222222222223,339,0.00256195,1.0
2506524397075762905,16,fixed_relational,validation,128,chirp,ok,18,2304,8.384972519910733e+70,2.1947311154426842e+71,106.83333333333333,1.0,1.0,1.0,1.0,1.0,16.0,112.0,896.0,145.0,339,0.0147054,9.622925809008543e-72
2506524397075762905,16,persistence,validation,128,chirp,ok,18,2304,0.8966707514859144,1.2304388452214146,0.0,0.0,0.0,0.0,1.0,1.0,1.0,1.0,8.0,1.0,0,4.8e-06,0.8998617199899143
2506524397075762905,16,raw_ar,validation,128,chirp,ok,18,2304,0.4186005271797869,0.7499942147700213,0.0,0.0,0.0,0.0,1.0,1.0,112.0,112.0,896.0,112.0,113,0.0078458,1.9275649033050857
2506524397075762905,16,raw_matched,validation,128,chirp,ok,18,2304,1.5076217590238856,2.0071830282017036,18.944444444444443,0.6666666666666666,0.6666666666666666,0.7222222222222222,1.0,1.0,112.0,112.0,896.0,112.0,339,0.00183795,0.5352003444280219
2506524397075762905,16,vectorchain_absolute,validation,128,chirp,ok,18,2304,0.8069949680164095,0.9957570304823169,17.27777777777778,0.05555555555555555,0.0,0.05555555555555555,1.0,1.0,16.0,80.0,640.0,194.27777777777777,243,0.0021511,0.9998571449337176
2506524397075762905,16,vectorchain_cartesian,validation,128,chirp,ok,18,2304,0.7047011538139569,0.8033391912444025,18.22222222222222,0.0,0.0,0.05555555555555555,1.0,1.0,16.0,48.0,384.0,194.27777777777777,147,0.0024161,1.1449955492903625
2506524397075762905,16,vectorchain_relational,validation,128,chirp,ok,18,2304,0.8068796846967639,0.9951897270662133,17.27777777777778,0.05555555555555555,0.0,0.05555555555555555,1.0,1.0,16.0,112.0,896.0,194.27777777777777,339,0.00217915,1.0
2506524397075762905,16,fixed_relational,validation,128,first_order_response,ok,12,1536,4.260166316027675e+31,1.34954669265545e+32,30.5,0.5833333333333334,0.5833333333333334,0.5833333333333334,1.0,1.0,16.0,112.0,896.0,145.0,339,0.00376885,4.537830872470676e-33
2506524397075762905,16,persistence,validation,128,first_order_response,ok,12,1536,0.01887597003013475,0.016752448449406116,0.0,0.0,0.0,0.0,1.0,1.0,1.0,1.0,8.0,1.0,0,4.9e-06,10.241547427691081
2506524397075762905,16,raw_ar,validation,128,first_order_response,ok,12,1536,0.05453987074329262,0.06323398185552077,0.0,0.0,0.0,0.0,1.0,1.0,112.0,112.0,896.0,112.0,113,0.00820455,3.5445471298825026
2506524397075762905,16,raw_matched,validation,128,first_order_response,ok,12,1536,0.8341433534597286,0.9377099713197409,17.75,0.25,0.08333333333333333,0.3333333333333333,1.0,1.0,112.0,112.0,896.0,112.0,339,0.0017125999999999999,0.2317576966902413
2506524397075762905,16,vectorchain_absolute,validation,128,first_order_response,ok,12,1536,0.19335732140666503,0.2934392617341181,20.083333333333332,0.0,0.0,0.0,1.0,1.0,16.0,80.0,640.0,260.3333333333333,243,0.0027346000000000002,0.9998025463991393
2506524397075762905,16,vectorchain_cartesian,validation,128,first_order_response,ok,12,1536,0.21142679494467131,0.34612499461572566,20.0,0.0,0.0,0.0,1.0,1.0,16.0,48.0,384.0,260.3333333333333,147,0.0026976500000000002,0.9143549773712011
2506524397075762905,16,vectorchain_relational,validation,128,first_order_response,ok,12,1536,0.19331914230730052,0.2933516344220354,20.083333333333332,0.0,0.0,0.0,1.0,1.0,16.0,112.0,896.0,260.3333333333333,339,0.00275665,1.0
2506524397075762905,16,fixed_relational,validation,128,piecewise_linear,ok,16,2048,2.52455149673863e+59,6.925900144449987e+59,49.25,0.6875,0.6875,0.6875,1.0,1.0,16.0,112.0,896.0,145.0,339,0.0054798,1.495349544327481e-60
2506524397075762905,16,persistence,validation,128,piecewise_linear,ok,16,2048,0.14406698871765414,0.21047234334371454,0.0,0.0,0.0,0.0,1.0,1.0,1.0,1.0,8.0,1.0,0,4.8e-06,2.6203691517963734
2506524397075762905,16,raw_ar,validation,128,piecewise_linear,ok,16,2048,0.11106898955888765,0.1695945870740398,0.0,0.0,0.0,0.0,1.0,1.0,112.0,112.0,896.0,112.0,113,0.00790855,3.3988667271325608
2506524397075762905,16,raw_matched,validation,128,piecewise_linear,ok,16,2048,1.4530556934638814,1.8831431954624747,18.4375,0.5,0.5,0.5625,1.0,1.0,112.0,112.0,896.0,112.0,339,0.0017791,0.2598033198080723
2506524397075762905,16,vectorchain_absolute,validation,128,piecewise_linear,ok,16,2048,0.37755350949954497,0.5490753519737125,20.5,0.0,0.0,0.0,1.0,1.0,16.0,80.0,640.0,220.625,243,0.0027127,0.9998812976956105
2506524397075762905,16,vectorchain_cartesian,validation,128,piecewise_linear,ok,16,2048,0.3400427819962514,0.5509687276263109,20.8125,0.0,0.0,0.0,1.0,1.0,16.0,48.0,384.0,220.625,147,0.0027431,1.1101799920931676
2506524397075762905,16,vectorchain_relational,validation,128,piecewise_linear,ok,16,2048,0.37750869302793705,0.5489875067796139,20.5,0.0,0.0,0.0,1.0,1.0,16.0,112.0,896.0,220.625,339,0.0027451999999999997,1.0
2506524397075762905,16,fixed_relational,validation,128,ramp,ok,18,2304,6.361552112034303e+39,1.7472621670775075e+40,38.44444444444444,0.7777777777777778,0.7777777777777778,0.7777777777777778,1.0,1.0,16.0,112.0,896.0,145.0,339,0.0044118000000000004,4.1822350659506375e-41
2506524397075762905,16,persistence,validation,128,ramp,ok,18,2304,0.04276551051707794,0.060263258181864954,0.0,0.0,0.0,0.0,1.0,1.0,1.0,1.0,8.0,1.0,0,5e-06,6.221253060032472
2506524397075762905,16,raw_ar,validation,128,ramp,ok,18,2304,0.04782141416233181,0.06120736373760346,0.0,0.0,0.0,0.0,1.0,1.0,112.0,112.0,896.0,112.0,113,0.008067399999999999,5.563513079414316
2506524397075762905,16,raw_matched,validation,128,ramp,ok,18,2304,1.0005812936349687,1.3611775000104367,18.38888888888889,0.2777777777777778,0.2777777777777778,0.5,1.0,1.0,112.0,112.0,896.0,112.0,339,0.00176795,0.265900496901838
2506524397075762905,16,vectorchain_absolute,validation,128,ramp,ok,18,2304,0.26603125291300134,0.49269897589439776,20.22222222222222,0.0,0.0,0.0,1.0,1.0,16.0,80.0,640.0,161.33333333333334,243,0.0026661000000000002,1.0000895017219216
2506524397075762905,16,vectorchain_cartesian,validation,128,ramp,ok,18,2304,0.28173920586543516,0.5315621312293621,20.333333333333332,0.0,0.0,0.0,1.0,1.0,16.0,48.0,384.0,161.33333333333334,147,0.0026936499999999997,0.9443309898988491
2506524397075762905,16,vectorchain_relational,validation,128,ramp,ok,18,2304,0.26605506316822203,0.4925642567118343,20.22222222222222,0.0,0.0,0.0,1.0,1.0,16.0,112.0,896.0,161.33333333333334,339,0.0027380499999999997,1.0
2506524397075762905,16,fixed_relational,validation,128,regime_change,ok,20,2560,1.6691634329351595e+72,4.276471475476542e+72,106.15,1.0,1.0,1.0,1.0,1.0,16.0,112.0,896.0,145.0,339,0.016424300000000003,7.484846717640385e-73
2506524397075762905,16,persistence,validation,128,regime_change,ok,20,2560,1.0183174873767376,1.3278479027882706,0.0,0.0,0.0,0.0,1.0,1.0,1.0,1.0,8.0,1.0,0,5.45e-06,1.226870067251237
2506524397075762905,16,raw_ar,validation,128,regime_change,ok,20,2560,0.7732259737880933,1.3272275038305101,0.0,0.0,0.0,0.0,1.0,1.0,112.0,112.0,896.0,112.0,113,0.0079568,1.6157543675109365
2506524397075762905,16,raw_matched,validation,128,regime_change,ok,20,2560,1.6181510610571233,2.3654176390652113,15.8,0.65,0.6,0.7,1.0,1.0,112.0,112.0,896.0,112.0,339,0.0013927499999999999,0.7720807249014342
2506524397075762905,16,vectorchain_absolute,validation,128,regime_change,ok,20,2560,1.2493941679828642,1.6100168632648042,14.95,0.0,0.0,0.15,1.0,1.0,16.0,80.0,640.0,162.85,243,0.00206245,0.9999592412361442
2506524397075762905,16,vectorchain_cartesian,validation,128,regime_change,ok,20,2560,1.2143635522070106,1.5307406585867938,16.85,0.0,0.0,0.0,1.0,1.0,16.0,48.0,384.0,162.85,147,0.0022737,1.0288049587377892
2506524397075762905,16,vectorchain_relational,validation,128,regime_change,ok,20,2560,1.2493432442210086,1.6102050712018248,14.95,0.0,0.0,0.15,1.0,1.0,16.0,112.0,896.0,162.85,339,0.0021498000000000003,1.0
2506524397075762905,16,fixed_relational,validation,128,second_order_response,ok,17,2176,1.4505694596101521e+54,3.860700438786401e+54,49.411764705882355,0.7058823529411765,0.7058823529411765,0.7647058823529411,1.0,1.0,16.0,112.0,896.0,145.0,339,0.0061153,1.085010155850522e-55
2506524397075762905,16,persistence,validation,128,second_order_response,ok,17,2176,0.05798309102099038,0.08669067403523248,0.0,0.0,0.0,0.0,1.0,1.0,1.0,1.0,8.0,1.0,0,5.2e-06,2.714382016774269
2506524397075762905,16,raw_ar,validation,128,second_order_response,ok,17,2176,0.052918347473513615,0.07234357083888181,0.0,0.0,0.0,0.0,1.0,1.0,112.0,112.0,896.0,112.0,113,0.0078069,2.974171852647835
2506524397075762905,16,raw_matched,validation,128,second_order_response,ok,17,2176,0.7390315810698208,1.0080353670272544,16.0,0.29411764705882354,0.17647058823529413,0.4117647058823529,1.0,1.0,112.0,112.0,896.0,112.0,339,0.001648,0.21296553973583496
2506524397075762905,16,vectorchain_absolute,validation,128,second_order_response,ok,17,2176,0.15743009808943847,0.31445117580611137,20.941176470588236,0.0,0.0,0.0,1.0,1.0,16.0,80.0,640.0,171.88235294117646,243,0.0027356,0.9997342404941345
2506524397075762905,16,vectorchain_cartesian,validation,128,second_order_response,ok,17,2176,0.17091551200543234,0.3627365190080884,20.823529411764707,0.0,0.0,0.0,1.0,1.0,16.0,48.0,384.0,171.88235294117646,147,0.0026939,0.9208541559373468
2506524397075762905,16,vectorchain_relational,validation,128,second_order_response,ok,17,2176,0.15738825954436186,0.3143933822329396,20.941176470588236,0.0,0.0,0.0,1.0,1.0,16.0,112.0,896.0,171.88235294117646,339,0.0027804,1.0
2506524397075762905,16,fixed_relational,validation,128,sine,ok,18,2304,2.233780287834054e+58,5.845993965160527e+58,65.22222222222223,0.8333333333333334,0.8333333333333334,0.8333333333333334,1.0,1.0,16.0,112.0,896.0,145.0,339,0.0101265,1.5030573243698076e-59
2506524397075762905,16,persistence,validation,128,sine,ok,18,2304,0.4350131027546433,0.6979762230249312,0.0,0.0,0.0,0.0,1.0,1.0,1.0,1.0,8.0,1.0,0,4.8e-06,0.7718157916166433
2506524397075762905,16,raw_ar,validation,128,sine,ok,18,2304,0.23812562455620334,0.4525831789643015,0.0,0.0,0.0,0.0,1.0,1.0,112.0,112.0,896.0,112.0,113,0.0080667,1.4099699807273036
2506524397075762905,16,raw_matched,validation,128,sine,ok,18,2304,0.9537222757097458,1.3414586695951554,14.666666666666666,0.2222222222222222,0.2777777777777778,0.4444444444444444,1.0,1.0,112.0,112.0,896.0,112.0,339,0.00165335,0.3520416695901615
2506524397075762905,16,vectorchain_absolute,validation,128,sine,ok,18,2304,0.335828156352792,0.6206668182121364,19.5,0.0,0.0,0.05555555555555555,1.0,1.0,16.0,80.0,640.0,196.22222222222223,243,0.0025469,0.9997672199750794
2506524397075762905,16,vectorchain_cartesian,validation,128,sine,ok,18,2304,0.3868777326790329,0.6844351160429946,19.77777777777778,0.0,0.0,0.0,1.0,1.0,16.0,48.0,384.0,196.22222222222223,147,0.0026166999999999996,0.8678451973474962
2506524397075762905,16,vectorchain_relational,validation,128,sine,ok,18,2304,0.3357499822661872,0.6200477161061706,19.444444444444443,0.0,0.0,0.05555555555555555,1.0,1.0,16.0,112.0,896.0,196.22222222222223,339,0.00256195,1.0
5334086151564077557,4,fixed_relational,test,16,chirp,ok,10,160,0.3024469412882895,0.3885442951446646,13.3,0.4,0.4,0.4,1.0,1.0,4.0,28.0,224.0,33.0,87,0.0016169,0.6308462494411132
5334086151564077557,4,persistence,test,16,chirp,ok,10,160,0.16299533448828651,0.24360946322441154,0.0,0.0,0.0,0.0,1.0,1.0,1.0,1.0,8.0,1.0,0,8.599999999999999e-06,1.170570428691414
5334086151564077557,4,raw_ar,test,16,chirp,ok,10,160,0.05140855626100028,0.08074594306448778,0.0,0.0,0.0,0.0,1.0,1.0,28.0,28.0,224.0,28.0,29,0.009701600000000001,3.711396165221574
5334086151564077557,4,raw_matched,test,16,chirp,ok,10,160,0.4148683193531577,0.4335489347092132,37.4,0.4,0.4,0.4,1.0,1.0,28.0,28.0,224.0,28.0,87,0.00169945,0.45989898400566254
5334086151564077557,4,vectorchain_absolute,test,16,chirp,ok,10,160,0.19080187538226612,0.21093048660515432,17.2,0.0,0.0,0.0,1.0,1.0,4.0,20.0,160.0,60.8,63,0.0026325000000000003,0.9999771657610628
5334086151564077557,4,vectorchain_cartesian,test,16,chirp,ok,10,160,0.20114270269717194,0.2270490724322483,17.5,0.0,0.0,0.0,1.0,1.0,4.0,12.0,96.0,60.8,39,0.0025938000000000003,0.9485679371322109
5334086151564077557,4,vectorchain_relational,test,16,chirp,ok,10,160,0.19079751856665397,0.21092139855169284,17.2,0.0,0.0,0.0,1.0,1.0,4.0,28.0,224.0,60.8,87,0.0025953,1.0
5334086151564077557,4,fixed_relational,test,16,first_order_response,ok,14,224,0.031371512132752015,0.03786154813809805,18.214285714285715,0.2857142857142857,0.35714285714285715,0.2857142857142857,1.0,1.0,4.0,28.0,224.0,33.0,87,0.0031332,0.7254522202366666
5334086151564077557,4,persistence,test,16,first_order_response,ok,14,224,0.02127879077694041,0.016639634686337747,0.0,0.0,0.0,0.0,1.0,1.0,1.0,1.0,8.0,1.0,0,9.2e-06,1.0695407162680335
5334086151564077557,4,raw_ar,test,16,first_order_response,ok,14,224,0.016580370781937158,0.015004342334502254,0.0,0.0,0.0,0.0,1.0,1.0,28.0,28.0,224.0,28.0,29,0.010080800000000001,1.3726190703575745
5334086151564077557,4,raw_matched,test,16,first_order_response,ok,14,224,0.03219052694818836,0.03901620277390139,17.214285714285715,0.07142857142857142,0.07142857142857142,0.07142857142857142,1.0,1.0,28.0,28.0,224.0,28.0,87,0.00206395,0.7069947368527713
5334086151564077557,4,vectorchain_absolute,test,16,first_order_response,ok,14,224,0.022761966801684744,0.02172787323217367,17.142857142857142,0.0,0.0,0.0,1.0,1.0,4.0,20.0,160.0,46.0,63,0.0026520500000000004,0.9998491486773446
5334086151564077557,4,vectorchain_cartesian,test,16,first_order_response,ok,14,224,0.01968718464526475,0.015013970405044359,17.0,0.0,0.0,0.0,1.0,1.0,4.0,12.0,96.0,46.0,39,0.00267585,1.1560075012737006
5334086151564077557,4,vectorchain_relational,test,16,first_order_response,ok,14,224,0.022758533128886472,0.021719591109759778,17.142857142857142,0.0,0.0,0.0,1.0,1.0,4.0,28.0,224.0,46.0,87,0.00262025,1.0
5334086151564077557,4,fixed_relational,test,16,piecewise_linear,ok,15,240,0.030649105755143947,0.03955135589639485,12.6,0.0,0.06666666666666667,0.0,1.0,1.0,4.0,28.0,224.0,33.0,87,0.0019878,0.64816444223189
5334086151564077557,4,persistence,test,16,piecewise_linear,ok,15,240,0.021398784486910308,0.020817359916123837,0.0,0.0,0.0,0.0,1.0,1.0,1.0,1.0,8.0,1.0,0,8.6e-06,0.9283546244807018
5334086151564077557,4,raw_ar,test,16,piecewise_linear,ok,15,240,0.01633275903727116,0.015897994476714698,0.0,0.0,0.0,0.0,1.0,1.0,28.0,28.0,224.0,28.0,29,0.0094417,1.2163076973924545
5334086151564077557,4,raw_matched,test,16,piecewise_linear,ok,15,240,0.036918960565373846,0.049067229343967594,13.8,0.0,0.0,0.0,1.0,1.0,28.0,28.0,224.0,28.0,87,0.0017706,0.538088294807547
5334086151564077557,4,vectorchain_absolute,test,16,piecewise_linear,ok,15,240,0.01987163749505038,0.015876671988309773,16.933333333333334,0.0,0.0,0.0,1.0,1.0,4.0,20.0,160.0,36.93333333333333,63,0.002449,0.9996992216488055
5334086151564077557,4,vectorchain_cartesian,test,16,piecewise_linear,ok,15,240,0.018790704181304067,0.015781493043332692,17.0,0.0,0.0,0.0,1.0,1.0,4.0,12.0,96.0,36.93333333333333,39,0.0024811,1.0572068159347936
5334086151564077557,4,vectorchain_relational,test,16,piecewise_linear,ok,15,240,0.019865660536689086,0.01586791380347863,16.933333333333334,0.0,0.0,0.0,1.0,1.0,4.0,28.0,224.0,36.93333333333333,87,0.0024866,1.0
5334086151564077557,4,fixed_relational,test,16,ramp,ok,11,176,0.03748180977948156,0.055791024100561644,22.181818181818183,0.5454545454545454,0.6363636363636364,0.5454545454545454,1.0,1.0,4.0,28.0,224.0,33.0,87,0.0042051,0.5843363469004829
5334086151564077557,4,persistence,test,16,ramp,ok,11,176,0.02324866386265801,0.020767391501415933,0.0,0.0,0.0,0.0,1.0,1.0,1.0,1.0,8.0,1.0,0,8.7e-06,0.9420749480979852
5334086151564077557,4,raw_ar,test,16,ramp,ok,11,176,0.016854152476072432,0.018551435284808213,0.0,0.0,0.0,0.0,1.0,1.0,28.0,28.0,224.0,28.0,29,0.0097367,1.2995007510970926
5334086151564077557,4,raw_matched,test,16,ramp,ok,11,176,0.03282573560207393,0.0467151617043245,21.09090909090909,0.09090909090909091,0.09090909090909091,0.09090909090909091,1.0,1.0,28.0,28.0,224.0,28.0,87,0.0019467,0.6672198931736136
5334086151564077557,4,vectorchain_absolute,test,16,ramp,ok,11,176,0.021901677147798004,0.02145502379021399,17.09090909090909,0.0,0.0,0.0,1.0,1.0,4.0,20.0,160.0,54.81818181818182,63,0.0025546,1.0000140013918102
5334086151564077557,4,vectorchain_cartesian,test,16,ramp,ok,11,176,0.023047198784677113,0.02530152184469406,17.0,0.0,0.0,0.0,1.0,1.0,4.0,12.0,96.0,54.81818181818182,39,0.0025521,0.9503100140882432
5334086151564077557,4,vectorchain_relational,test,16,ramp,ok,11,176,0.02190198380176105,0.021450933196297598,17.09090909090909,0.0,0.0,0.0,1.0,1.0,4.0,28.0,224.0,54.81818181818182,87,0.0025778,1.0
5334086151564077557,4,fixed_relational,test,16,regime_change,ok,13,208,0.3371618007887759,0.42793784289955134,12.692307692307692,0.3076923076923077,0.46153846153846156,0.3076923076923077,1.0,1.0,4.0,28.0,224.0,33.0,87,0.0014986,0.33919427621499315
5334086151564077557,4,persistence,test,16,regime_change,ok,13,208,0.17408945392011216,0.2587101546623112,0.0,0.0,0.0,0.0,1.0,1.0,1.0,1.0,8.0,1.0,0,9e-06,0.6569229233056971
5334086151564077557,4,raw_ar,test,16,regime_change,ok,13,208,0.0650471400170347,0.11095580499919731,0.0,0.0,0.0,0.0,1.0,1.0,28.0,28.0,224.0,28.0,29,0.009751,1.7581611267757935
5334086151564077557,4,raw_matched,test,16,regime_change,ok,13,208,0.3486177412332541,0.41483843351818767,26.46153846153846,0.38461538461538464,0.38461538461538464,0.38461538461538464,1.0,1.0,28.0,28.0,224.0,28.0,87,0.0016458,0.3280480006018225
5334086151564077557,4,vectorchain_absolute,test,16,regime_change,ok,13,208,0.11436912804626807,0.16268573571199496,17.076923076923077,0.0,0.0,0.0,1.0,1.0,4.0,20.0,160.0,43.30769230769231,63,0.0025058,0.9999495050764643
5334086151564077557,4,vectorchain_cartesian,test,16,regime_change,ok,13,208,0.11574088146810814,0.17238151280961728,17.153846153846153,0.0,0.0,0.0,1.0,1.0,4.0,12.0,96.0,43.30769230769231,39,0.0024975,0.9880981683849093
5334086151564077557,4,vectorchain_relational,test,16,regime_change,ok,13,208,0.11436335298589254,0.16267539878203624,17.076923076923077,0.0,0.0,0.0,1.0,1.0,4.0,28.0,224.0,43.30769230769231,87,0.002647,1.0
5334086151564077557,4,fixed_relational,test,16,second_order_response,ok,14,224,0.02497821873725515,0.02940802928894635,14.785714285714286,0.07142857142857142,0.14285714285714285,0.07142857142857142,1.0,1.0,4.0,28.0,224.0,33.0,87,0.00227855,0.7643643095938806
5334086151564077557,4,persistence,test,16,second_order_response,ok,14,224,0.019995397635148036,0.020290451265427563,0.0,0.0,0.0,0.0,1.0,1.0,1.0,1.0,8.0,1.0,0,8.8e-06,0.9548426727171516
5334086151564077557,4,raw_ar,test,16,second_order_response,ok,14,224,0.013143856272537717,0.011921813438563736,0.0,0.0,0.0,0.0,1.0,1.0,28.0,28.0,224.0,28.0,29,0.0099256,1.4525766657900876
5334086151564077557,4,raw_matched,test,16,second_order_response,ok,14,224,0.0290475549041096,0.03645423134134069,14.071428571428571,0.0,0.0,0.0,1.0,1.0,28.0,28.0,224.0,28.0,87,0.00184605,0.6572828240798263
5334086151564077557,4,vectorchain_absolute,test,16,second_order_response,ok,14,224,0.019094872878582095,0.01640184684488531,17.0,0.0,0.0,0.0,1.0,1.0,4.0,20.0,160.0,43.857142857142854,63,0.00254965,0.9998735807978152
5334086151564077557,4,vectorchain_cartesian,test,16,second_order_response,ok,14,224,0.0178898107733513,0.01598349543065076,16.785714285714285,0.0,0.0,0.0,1.0,1.0,4.0,12.0,96.0,43.857142857142854,39,0.00255775,1.0672253139998067
5334086151564077557,4,vectorchain_relational,test,16,second_order_response,ok,14,224,0.019092458919986965,0.016398439769898947,17.0,0.0,0.0,0.0,1.0,1.0,4.0,28.0,224.0,43.857142857142854,87,0.00257135,1.0
5334086151564077557,4,fixed_relational,test,16,sine,ok,11,176,0.051874291223433865,0.08069600746872331,11.454545454545455,0.09090909090909091,0.5454545454545454,0.09090909090909091,1.0,1.0,4.0,28.0,224.0,33.0,87,0.0015555,0.9140520520226231
5334086151564077557,4,persistence,test,16,sine,ok,11,176,0.06383742459707119,0.09149018918868097,0.0,0.0,0.0,0.0,1.0,1.0,1.0,1.0,8.0,1.0,0,9.8e-06,0.7427586974142166
5334086151564077557,4,raw_ar,test,16,sine,ok,11,176,0.01951230490247504,0.024585297214486167,0.0,0.0,0.0,0.0,1.0,1.0,28.0,28.0,224.0,28.0,29,0.0097336,2.4300461978730357
5334086151564077557,4,raw_matched,test,16,sine,ok,11,176,0.05500060885062659,0.07442144660275388,17.90909090909091,0.09090909090909091,0.09090909090909091,0.09090909090909091,1.0,1.0,28.0,28.0,224.0,28.0,87,0.0016946,0.8620959536788598
5334086151564077557,4,vectorchain_absolute,test,16,sine,ok,11,176,0.047422084954201596,0.044863287089323106,16.818181818181817,0.0,0.0,0.0,1.0,1.0,4.0,20.0,160.0,59.36363636363637,63,0.0024749,0.9998675171239562
5334086151564077557,4,vectorchain_cartesian,test,16,sine,ok,11,176,0.046674289860363725,0.04720096610714861,16.727272727272727,0.0,0.0,0.0,1.0,1.0,4.0,12.0,96.0,59.36363636363637,39,0.0026205,1.0158869579345189
5334086151564077557,4,vectorchain_relational,test,16,sine,ok,11,176,0.04741580233999887,0.044858672806475756,16.818181818181817,0.0,0.0,0.0,1.0,1.0,4.0,28.0,224.0,59.36363636363637,87,0.0025181,1.0
5334086151564077557,4,fixed_relational,test,64,chirp,ok,10,640,2.098485449777832,1.5420378365026381,13.3,0.4,0.4,0.4,1.0,1.0,4.0,28.0,224.0,33.0,87,0.0016169,0.2599937801107354
5334086151564077557,4,persistence,test,64,chirp,ok,10,640,0.6036768475580888,0.894522792208444,0.0,0.0,0.0,0.0,1.0,1.0,1.0,1.0,8.0,1.0,0,8.599999999999999e-06,0.9037834841638772
5334086151564077557,4,raw_ar,test,64,chirp,ok,10,640,0.3363790413836212,0.5399227555119472,0.0,0.0,0.0,0.0,1.0,1.0,28.0,28.0,224.0,28.0,29,0.009701600000000001,1.6219594489327809
5334086151564077557,4,raw_matched,test,64,chirp,ok,10,640,13.819740311684491,16.864387003960893,37.4,0.4,0.4,0.4,1.0,1.0,28.0,28.0,224.0,28.0,87,0.00169945,0.03947926316197275
5334086151564077557,4,vectorchain_absolute,test,64,chirp,ok,10,640,0.5455797929479183,0.8357294150163748,17.2,0.0,0.0,0.0,1.0,1.0,4.0,20.0,160.0,60.8,63,0.0026325000000000003,1.0000245090587478
5334086151564077557,4,vectorchain_cartesian,test,64,chirp,ok,10,640,0.5945333282905182,0.8894270604073897,17.5,0.0,0.0,0.0,1.0,1.0,4.0,12.0,96.0,60.8,39,0.0025938000000000003,0.9176830610386095
5334086151564077557,4,vectorchain_relational,test,64,chirp,ok,10,640,0.5455931645951153,0.8357570447315487,17.2,0.0,0.0,0.0,1.0,1.0,4.0,28.0,224.0,60.8,87,0.0025953,1.0
5334086151564077557,4,fixed_relational,test,64,first_order_response,ok,14,896,0.23077434443877332,0.5123879074059193,18.214285714285715,0.2857142857142857,0.35714285714285715,0.2857142857142857,1.0,1.0,4.0,28.0,224.0,33.0,87,0.0031332,0.20357494094909404
5334086151564077557,4,persistence,test,64,first_order_response,ok,14,896,0.020806686325614658,0.01628963599896583,0.0,0.0,0.0,0.0,1.0,1.0,1.0,1.0,8.0,1.0,0,9.2e-06,2.2579219394418066
5334086151564077557,4,raw_ar,test,64,first_order_response,ok,14,896,0.03017422855996916,0.03625695897036864,0.0,0.0,0.0,0.0,1.0,1.0,28.0,28.0,224.0,28.0,29,0.010080800000000001,1.5569535919806523
5334086151564077557,4,raw_matched,test,64,first_order_response,ok,14,896,0.2229151141466459,0.4065567734981479,17.214285714285715,0.07142857142857142,0.07142857142857142,0.07142857142857142,1.0,1.0,28.0,28.0,224.0,28.0,87,0.00206395,0.2107523023799239
5334086151564077557,4,vectorchain_absolute,test,64,first_order_response,ok,14,896,0.04698338515096926,0.05303224294345872,17.142857142857142,0.0,0.0,0.0,1.0,1.0,4.0,20.0,160.0,46.0,63,0.0026520500000000004,0.9999252584872543
5334086151564077557,4,vectorchain_cartesian,test,64,first_order_response,ok,14,896,0.03495613839731786,0.03668730453476512,17.0,0.0,0.0,0.0,1.0,1.0,4.0,12.0,96.0,46.0,39,0.00267585,1.3439663445574948
5334086151564077557,4,vectorchain_relational,test,64,first_order_response,ok,14,896,0.046979873541689164,0.05300959937322618,17.142857142857142,0.0,0.0,0.0,1.0,1.0,4.0,28.0,224.0,46.0,87,0.00262025,1.0
5334086151564077557,4,fixed_relational,test,64,piecewise_linear,ok,15,960,0.28346704099370573,0.5554264620367806,12.6,0.0,0.06666666666666667,0.0,1.0,1.0,4.0,28.0,224.0,33.0,87,0.0019878,0.14264404252804788
5334086151564077557,4,persistence,test,64,piecewise_linear,ok,15,960,0.05024949163574245,0.0750689571083762,0.0,0.0,0.0,0.0,1.0,1.0,1.0,1.0,8.0,1.0,0,8.6e-06,0.8046824621414623
5334086151564077557,4,raw_ar,test,64,piecewise_linear,ok,15,960,0.03252767013048075,0.03707466962745085,0.0,0.0,0.0,0.0,1.0,1.0,28.0,28.0,224.0,28.0,29,0.0094417,1.2430919426016829
5334086151564077557,4,raw_matched,test,64,piecewise_linear,ok,15,960,0.3109944615783543,0.5928711272475996,13.8,0.0,0.0,0.0,1.0,1.0,28.0,28.0,224.0,28.0,87,0.0017706,0.13001802168949103
5334086151564077557,4,vectorchain_absolute,test,64,piecewise_linear,ok,15,960,0.040448381499797015,0.04805010559582986,16.933333333333334,0.0,0.0,0.0,1.0,1.0,4.0,20.0,160.0,36.93333333333333,63,0.002449,0.9996663191828571
5334086151564077557,4,vectorchain_cartesian,test,64,piecewise_linear,ok,15,960,0.03339563100813178,0.03956592057550758,17.0,0.0,0.0,0.0,1.0,1.0,4.0,12.0,96.0,36.93333333333333,39,0.0024811,1.2107836693057312
5334086151564077557,4,vectorchain_relational,test,64,piecewise_linear,ok,15,960,0.04043488465080605,0.04804231865185417,16.933333333333334,0.0,0.0,0.0,1.0,1.0,4.0,28.0,224.0,36.93333333333333,87,0.0024866,1.0
5334086151564077557,4,fixed_relational,test,64,ramp,ok,11,704,1.2618147302065368,2.061869121071085,22.181818181818183,0.5454545454545454,0.6363636363636364,0.5454545454545454,1.0,1.0,4.0,28.0,224.0,33.0,87,0.0042051,0.04460322706655042
5334086151564077557,4,persistence,test,64,ramp,ok,11,704,0.030775941698395166,0.03657166676456967,0.0,0.0,0.0,0.0,1.0,1.0,1.0,1.0,8.0,1.0,0,8.7e-06,1.828733933761482
5334086151564077557,4,raw_ar,test,64,ramp,ok,11,704,0.03442984181064386,0.05213841366442019,0.0,0.0,0.0,0.0,1.0,1.0,28.0,28.0,224.0,28.0,29,0.0097367,1.6346577842806456
5334086151564077557,4,raw_matched,test,64,ramp,ok,11,704,1.3559199180703756,1.9289058492233557,21.09090909090909,0.09090909090909091,0.09090909090909091,0.09090909090909091,1.0,1.0,28.0,28.0,224.0,28.0,87,0.0019467,0.04150762016049911
5334086151564077557,4,vectorchain_absolute,test,64,ramp,ok,11,704,0.05629303899454815,0.07391488110671317,17.09090909090909,0.0,0.0,0.0,1.0,1.0,4.0,20.0,160.0,54.81818181818182,63,0.0025546,0.9997862956514199
5334086151564077557,4,vectorchain_cartesian,test,64,ramp,ok,11,704,0.04672763206500492,0.06417761944927149,17.0,0.0,0.0,0.0,1.0,1.0,4.0,12.0,96.0,54.81818181818182,39,0.0025521,1.2044481271600744
5334086151564077557,4,vectorchain_relational,test,64,ramp,ok,11,704,0.05628100892732022,0.07390349840945555,17.09090909090909,0.0,0.0,0.0,1.0,1.0,4.0,28.0,224.0,54.81818181818182,87,0.0025778,1.0
5334086151564077557,4,fixed_relational,test,64,regime_change,ok,13,832,1.821519371780609,1.632305289618326,12.692307692307692,0.3076923076923077,0.46153846153846156,0.3076923076923077,1.0,1.0,4.0,28.0,224.0,33.0,87,0.0014986,0.2747648054300207
5334086151564077557,4,persistence,test,64,regime_change,ok,13,832,0.6426516887592519,0.96513648621009,0.0,0.0,0.0,0.0,1.0,1.0,1.0,1.0,8.0,1.0,0,9e-06,0.7787879881566829
5334086151564077557,4,raw_ar,test,64,regime_change,ok,13,832,0.4365730788106943,0.7388226682479496,0.0,0.0,0.0,0.0,1.0,1.0,28.0,28.0,224.0,28.0,29,0.009751,1.1464046686931275
5334086151564077557,4,raw_matched,test,64,regime_change,ok,13,832,6.658190375608271,7.876339718231252,26.46153846153846,0.38461538461538464,0.38461538461538464,0.38461538461538464,1.0,1.0,28.0,28.0,224.0,28.0,87,0.0016458,0.07516898549609127
5334086151564077557,4,vectorchain_absolute,test,64,regime_change,ok,13,832,0.5004916573259951,0.8466295494647793,17.076923076923077,0.0,0.0,0.0,1.0,1.0,4.0,20.0,160.0,43.30769230769231,63,0.0025058,0.9999955213006058
5334086151564077557,4,vectorchain_cartesian,test,64,regime_change,ok,13,832,0.5212654244769198,0.8758916114924188,17.153846153846153,0.0,0.0,0.0,1.0,1.0,4.0,12.0,96.0,43.30769230769231,39,0.0024975,0.9601431291487335
5334086151564077557,4,vectorchain_relational,test,64,regime_change,ok,13,832,0.5004894157743126,0.84663474757377,17.076923076923077,0.0,0.0,0.0,1.0,1.0,4.0,28.0,224.0,43.30769230769231,87,0.002647,1.0
5334086151564077557,4,fixed_relational,test,64,second_order_response,ok,14,896,0.9556249985381906,1.3295473595142915,14.785714285714286,0.07142857142857142,0.14285714285714285,0.07142857142857142,1.0,1.0,4.0,28.0,224.0,33.0,87,0.00227855,0.05019535876662322
5334086151564077557,4,persistence,test,64,second_order_response,ok,14,896,0.02922683650244953,0.03139248025528968,0.0,0.0,0.0,0.0,1.0,1.0,1.0,1.0,8.0,1.0,0,8.8e-06,1.64122927378603
5334086151564077557,4,raw_ar,test,64,second_order_response,ok,14,896,0.022409403260072944,0.022794364752649034,0.0,0.0,0.0,0.0,1.0,1.0,28.0,28.0,224.0,28.0,29,0.0099256,2.1405273086161656
5334086151564077557,4,raw_matched,test,64,second_order_response,ok,14,896,0.27133556878194476,0.5226430244489093,14.071428571428571,0.0,0.0,0.0,1.0,1.0,28.0,28.0,224.0,28.0,87,0.00184605,0.176784561874109
5334086151564077557,4,vectorchain_absolute,test,64,second_order_response,ok,14,896,0.04798323668586742,0.0567709007140963,17.0,0.0,0.0,0.0,1.0,1.0,4.0,20.0,160.0,43.857142857142854,63,0.00254965,0.9996812003744289
5334086151564077557,4,vectorchain_cartesian,test,64,second_order_response,ok,14,896,0.033710856548370347,0.03759809407900001,16.785714285714285,0.0,0.0,0.0,1.0,1.0,4.0,12.0,96.0,43.857142857142854,39,0.00255775,1.4229225999983421
5334086151564077557,4,vectorchain_relational,test,64,second_order_response,ok,14,896,0.04796793964797827,0.05674571318389835,17.0,0.0,0.0,0.0,1.0,1.0,4.0,28.0,224.0,43.857142857142854,87,0.00257135,1.0
5334086151564077557,4,fixed_relational,test,64,sine,ok,11,704,0.4685408821477685,0.986033739405002,11.454545454545455,0.09090909090909091,0.5454545454545454,0.09090909090909091,1.0,1.0,4.0,28.0,224.0,33.0,87,0.0015555,0.3156790342503385
5334086151564077557,4,persistence,test,64,sine,ok,11,704,0.24071134549424253,0.36397435611175016,0.0,0.0,0.0,0.0,1.0,1.0,1.0,1.0,8.0,1.0,0,9.8e-06,0.6144643198247047
5334086151564077557,4,raw_ar,test,64,sine,ok,11,704,0.09018977728912869,0.1573743724324085,0.0,0.0,0.0,0.0,1.0,1.0,28.0,28.0,224.0,28.0,29,0.0097336,1.6399700457075843
5334086151564077557,4,raw_matched,test,64,sine,ok,11,704,0.345162011136323,0.7133817113174771,17.90909090909091,0.09090909090909091,0.09090909090909091,0.09090909090909091,1.0,1.0,28.0,28.0,224.0,28.0,87,0.0016946,0.4285191545160867
5334086151564077557,4,vectorchain_absolute,test,64,sine,ok,11,704,0.14790322669849232,0.20722169201759472,16.818181818181817,0.0,0.0,0.0,1.0,1.0,4.0,20.0,160.0,59.36363636363637,63,0.0024749,1.000035878086201
5334086151564077557,4,vectorchain_cartesian,test,64,sine,ok,11,704,0.15405737166636554,0.2264672388013346,16.727272727272727,0.0,0.0,0.0,1.0,1.0,4.0,12.0,96.0,59.36363636363637,39,0.0026205,0.9600873465732458
5334086151564077557,4,vectorchain_relational,test,64,sine,ok,11,704,0.14790853318320923,0.20724236701742005,16.818181818181817,0.0,0.0,0.0,1.0,1.0,4.0,28.0,224.0,59.36363636363637,87,0.0025181,1.0
5334086151564077557,4,fixed_relational,test,128,chirp,ok,10,1280,2.2098788435672843,2.3833143060307798,13.3,0.4,0.4,0.4,1.0,1.0,4.0,28.0,224.0,33.0,87,0.0016169,0.5002550953382316
5334086151564077557,4,persistence,test,128,chirp,ok,10,1280,0.9639798189837495,1.1740961351958186,0.0,0.0,0.0,0.0,1.0,1.0,1.0,1.0,8.0,1.0,0,8.599999999999999e-06,1.1468115097473106
5334086151564077557,4,raw_ar,test,128,chirp,ok,10,1280,0.8816596488533284,1.4644359672249063,0.0,0.0,0.0,0.0,1.0,1.0,28.0,28.0,224.0,28.0,29,0.009701600000000001,1.2538887914542665
5334086151564077557,4,raw_matched,test,128,chirp,ok,10,1280,33.31965788604117,29.424634088453445,37.4,0.4,0.4,0.4,1.0,1.0,28.0,28.0,224.0,28.0,87,0.00169945,0.033178706556822986
5334086151564077557,4,vectorchain_absolute,test,128,chirp,ok,10,1280,1.105491880729731,1.412472640714576,17.2,0.0,0.0,0.0,1.0,1.0,4.0,20.0,160.0,60.8,63,0.0026325000000000003,1.0000101953213392
5334086151564077557,4,vectorchain_cartesian,test,128,chirp,ok,10,1280,1.1670603764806067,1.4814856165744235,17.5,0.0,0.0,0.0,1.0,1.0,4.0,12.0,96.0,60.8,39,0.0025938000000000003,0.9472544641678727
5334086151564077557,4,vectorchain_relational,test,128,chirp,ok,10,1280,1.105503151574693,1.412449298373195,17.2,0.0,0.0,0.0,1.0,1.0,4.0,28.0,224.0,60.8,87,0.0025953,1.0
5334086151564077557,4,fixed_relational,test,128,first_order_response,ok,14,1792,2.9512010913339846,3.3848799957206457,18.214285714285715,0.2857142857142857,0.35714285714285715,0.2857142857142857,1.0,1.0,4.0,28.0,224.0,33.0,87,0.0031332,0.02360269994487644
5334086151564077557,4,persistence,test,128,first_order_response,ok,14,1792,0.020848548878093003,0.016608057361306335,0.0,0.0,0.0,0.0,1.0,1.0,1.0,1.0,8.0,1.0,0,9.2e-06,3.3410629316719778
5334086151564077557,4,raw_ar,test,128,first_order_response,ok,14,1792,0.04618894709917131,0.05516741112735907,0.0,0.0,0.0,0.0,1.0,1.0,28.0,28.0,224.0,28.0,29,0.010080800000000001,1.5080732125413105
5334086151564077557,4,raw_matched,test,128,first_order_response,ok,14,1792,1.5341886139728753,2.856696797731016,17.214285714285715,0.07142857142857142,0.07142857142857142,0.07142857142857142,1.0,1.0,28.0,28.0,224.0,28.0,87,0.00206395,0.04540270550918028
5334086151564077557,4,vectorchain_absolute,test,128,first_order_response,ok,14,1792,0.06966280683348454,0.07901612762840239,17.142857142857142,0.0,0.0,0.0,1.0,1.0,4.0,20.0,160.0,46.0,63,0.0026520500000000004,0.9999067939115326
5334086151564077557,4,vectorchain_cartesian,test,128,first_order_response,ok,14,1792,0.0521442476346069,0.059639073920069334,17.0,0.0,0.0,0.0,1.0,1.0,4.0,12.0,96.0,46.0,39,0.00267585,1.3358388891494655
5334086151564077557,4,vectorchain_relational,test,128,first_order_response,ok,14,1792,0.06965631383574793,0.07899628351209885,17.142857142857142,0.0,0.0,0.0,1.0,1.0,4.0,28.0,224.0,46.0,87,0.00262025,1.0
5334086151564077557,4,fixed_relational,test,128,piecewise_linear,ok,15,1920,1.0769726625216527,2.0944028569246664,12.6,0.0,0.06666666666666667,0.0,1.0,1.0,4.0,28.0,224.0,33.0,87,0.0019878,0.05998431849753221
5334086151564077557,4,persistence,test,128,piecewise_linear,ok,15,1920,0.09642347511276105,0.16270255203903616,0.0,0.0,0.0,0.0,1.0,1.0,1.0,1.0,8.0,1.0,0,8.6e-06,0.6699765915539428
5334086151564077557,4,raw_ar,test,128,piecewise_linear,ok,15,1920,0.05422947578501401,0.07574309919374171,0.0,0.0,0.0,0.0,1.0,1.0,28.0,28.0,224.0,28.0,29,0.0094417,1.1912612148038928
5334086151564077557,4,raw_matched,test,128,piecewise_linear,ok,15,1920,1.0387722275607996,2.0954863000098407,13.8,0.0,0.0,0.0,1.0,1.0,28.0,28.0,224.0,28.0,87,0.0017706,0.06219021792056233
5334086151564077557,4,vectorchain_absolute,test,128,piecewise_linear,ok,15,1920,0.06461933222682081,0.09336801630924967,16.933333333333334,0.0,0.0,0.0,1.0,1.0,4.0,20.0,160.0,36.93333333333333,63,0.002449,0.9997235962618116
5334086151564077557,4,vectorchain_cartesian,test,128,piecewise_linear,ok,15,1920,0.055806647954195425,0.08563217262943415,17.0,0.0,0.0,0.0,1.0,1.0,4.0,12.0,96.0,36.93333333333333,39,0.0024811,1.1575945441994153
5334086151564077557,4,vectorchain_relational,test,128,piecewise_linear,ok,15,1920,0.06460147120183408,0.09335648375344885,16.933333333333334,0.0,0.0,0.0,1.0,1.0,4.0,28.0,224.0,36.93333333333333,87,0.0024866,1.0
5334086151564077557,4,fixed_relational,test,128,ramp,ok,11,1408,3.4393832457043283,3.4734819019712315,22.181818181818183,0.5454545454545454,0.6363636363636364,0.5454545454545454,1.0,1.0,4.0,28.0,224.0,33.0,87,0.0042051,0.027639000973828484
5334086151564077557,4,persistence,test,128,ramp,ok,11,1408,0.04511427071001991,0.06163107958350467,0.0,0.0,0.0,0.0,1.0,1.0,1.0,1.0,8.0,1.0,0,8.7e-06,2.1071185543131956
5334086151564077557,4,raw_ar,test,128,ramp,ok,11,1408,0.056749854103464316,0.07829208172223062,0.0,0.0,0.0,0.0,1.0,1.0,28.0,28.0,224.0,28.0,29,0.0097367,1.675090066382889
5334086151564077557,4,raw_matched,test,128,ramp,ok,11,1408,57.59295266526639,42.503719815372136,21.09090909090909,0.09090909090909091,0.09090909090909091,0.09090909090909091,1.0,1.0,28.0,28.0,224.0,28.0,87,0.0019467,0.0016505685587938524
5334086151564077557,4,vectorchain_absolute,test,128,ramp,ok,11,1408,0.09508199553300854,0.12459693238882942,17.09090909090909,0.0,0.0,0.0,1.0,1.0,4.0,20.0,160.0,54.81818181818182,63,0.0025546,0.999780414204601
5334086151564077557,4,vectorchain_cartesian,test,128,ramp,ok,11,1408,0.07733377997111142,0.10575600650246247,17.0,0.0,0.0,0.0,1.0,1.0,4.0,12.0,96.0,54.81818181818182,39,0.0025521,1.2292314808988007
5334086151564077557,4,vectorchain_relational,test,128,ramp,ok,11,1408,0.0950611168773913,0.12458779068429883,17.09090909090909,0.0,0.0,0.0,1.0,1.0,4.0,28.0,224.0,54.81818181818182,87,0.0025778,1.0
5334086151564077557,4,fixed_relational,test,128,regime_change,ok,13,1664,2.1381909337722393,2.150033423430894,12.692307692307692,0.3076923076923077,0.46153846153846156,0.3076923076923077,1.0,1.0,4.0,28.0,224.0,33.0,87,0.0014986,0.4908471311341709
5334086151564077557,4,persistence,test,128,regime_change,ok,13,1664,1.0277671189970292,1.2158964852706493,0.0,0.0,0.0,0.0,1.0,1.0,1.0,1.0,8.0,1.0,0,9e-06,1.0211699384617414
5334086151564077557,4,raw_ar,test,128,regime_change,ok,13,1664,1.1099546145534458,1.7591944482126154,0.0,0.0,0.0,0.0,1.0,1.0,28.0,28.0,224.0,28.0,29,0.009751,0.945556576726734
5334086151564077557,4,raw_matched,test,128,regime_change,ok,13,1664,14.958461465291082,12.996309450734806,26.46153846153846,0.38461538461538464,0.38461538461538464,0.38461538461538464,1.0,1.0,28.0,28.0,224.0,28.0,87,0.0016458,0.0701626225460731
5334086151564077557,4,vectorchain_absolute,test,128,regime_change,ok,13,1664,1.0495392085370039,1.4213791565641214,17.076923076923077,0.0,0.0,0.0,1.0,1.0,4.0,20.0,160.0,43.30769230769231,63,0.0025058,0.9999863531750984
5334086151564077557,4,vectorchain_cartesian,test,128,regime_change,ok,13,1664,1.0804806052756466,1.4540617283691675,17.153846153846153,0.0,0.0,0.0,1.0,1.0,4.0,12.0,96.0,43.30769230769231,39,0.0024975,0.9713500460209078
5334086151564077557,4,vectorchain_relational,test,128,regime_change,ok,13,1664,1.0495248856591977,1.4213294088568693,17.076923076923077,0.0,0.0,0.0,1.0,1.0,4.0,28.0,224.0,43.30769230769231,87,0.002647,1.0
5334086151564077557,4,fixed_relational,test,128,second_order_response,ok,14,1792,2.4189033677730865,2.471679322710755,14.785714285714286,0.07142857142857142,0.14285714285714285,0.07142857142857142,1.0,1.0,4.0,28.0,224.0,33.0,87,0.00227855,0.028226339006575483
5334086151564077557,4,persistence,test,128,second_order_response,ok,14,1792,0.0439459226217584,0.062011632970223926,0.0,0.0,0.0,0.0,1.0,1.0,1.0,1.0,8.0,1.0,0,8.8e-06,1.5536546375545939
5334086151564077557,4,raw_ar,test,128,second_order_response,ok,14,1792,0.033877380251566364,0.0444720870936135,0.0,0.0,0.0,0.0,1.0,1.0,28.0,28.0,224.0,28.0,29,0.0099256,2.015409278282473
5334086151564077557,4,raw_matched,test,128,second_order_response,ok,14,1792,0.9719746905163702,2.0063176687655706,14.071428571428571,0.0,0.0,0.0,1.0,1.0,28.0,28.0,224.0,28.0,87,0.00184605,0.07024543658296042
5334086151564077557,4,vectorchain_absolute,test,128,second_order_response,ok,14,1792,0.06830942920209891,0.0736017030296432,17.0,0.0,0.0,0.0,1.0,1.0,4.0,20.0,160.0,43.857142857142854,63,0.00254965,0.9995221345051492
5334086151564077557,4,vectorchain_cartesian,test,128,second_order_response,ok,14,1792,0.04647383974758612,0.05044404499398832,16.785714285714285,0.0,0.0,0.0,1.0,1.0,4.0,12.0,96.0,43.857142857142854,39,0.00255775,1.4691445091204587
5334086151564077557,4,vectorchain_relational,test,128,second_order_response,ok,14,1792,0.06827678648291027,0.07352381617501287,17.0,0.0,0.0,0.0,1.0,1.0,4.0,28.0,224.0,43.857142857142854,87,0.00257135,1.0
5334086151564077557,4,fixed_relational,test,128,sine,ok,11,1408,1.399510293014767,2.2749456016716634,11.454545454545455,0.09090909090909091,0.5454545454545454,0.09090909090909091,1.0,1.0,4.0,28.0,224.0,33.0,87,0.0015555,0.2275086796984265
5334086151564077557,4,persistence,test,128,sine,ok,11,1408,0.4683519264745711,0.7040157009195671,0.0,0.0,0.0,0.0,1.0,1.0,1.0,1.0,8.0,1.0,0,9.8e-06,0.6798322393693303
5334086151564077557,4,raw_ar,test,128,sine,ok,11,1408,0.2571700833315394,0.47583721827810044,0.0,0.0,0.0,0.0,1.0,1.0,28.0,28.0,224.0,28.0,29,0.0097336,1.2380940071387334
5334086151564077557,4,raw_matched,test,128,sine,ok,11,1408,5.302484098822455,6.095180838082684,17.90909090909091,0.09090909090909091,0.09090909090909091,0.09090909090909091,1.0,1.0,28.0,28.0,224.0,28.0,87,0.0016946,0.060047467008690555
5334086151564077557,4,vectorchain_absolute,test,128,sine,ok,11,1408,0.3183857263996249,0.569410585884787,16.818181818181817,0.0,0.0,0.0,1.0,1.0,4.0,20.0,160.0,59.36363636363637,63,0.0024749,1.0000471522033745
5334086151564077557,4,vectorchain_cartesian,test,128,sine,ok,11,1408,0.33004103641947924,0.593570742110267,16.727272727272727,0.0,0.0,0.0,1.0,1.0,4.0,12.0,96.0,59.36363636363637,39,0.0026205,0.9647307572488141
5334086151564077557,4,vectorchain_relational,test,128,sine,ok,11,1408,0.31840073898814764,0.5694448217248799,16.818181818181817,0.0,0.0,0.0,1.0,1.0,4.0,28.0,224.0,59.36363636363637,87,0.0025181,1.0
5334086151564077557,4,fixed_relational,validation,16,chirp,ok,17,272,0.23166531935382362,0.32942672276178325,20.235294117647058,0.6470588235294118,0.6470588235294118,0.6470588235294118,1.0,1.0,4.0,28.0,224.0,33.0,87,0.0034026,0.2673622768001999
5334086151564077557,4,persistence,validation,16,chirp,ok,17,272,0.11972320224545538,0.17970788316047348,0.0,0.0,0.0,0.0,1.0,1.0,1.0,1.0,8.0,1.0,0,9.2e-06,0.5173480668442014
5334086151564077557,4,raw_ar,validation,16,chirp,ok,17,272,0.03469341651331328,0.05820640567061572,0.0,0.0,0.0,0.0,1.0,1.0,28.0,28.0,224.0,28.0,29,0.0085049,1.7853118390434493
5334086151564077557,4,raw_matched,validation,16,chirp,ok,17,272,0.1946177669359125,0.28153160790703713,34.05882352941177,0.5882352941176471,0.5882352941176471,0.5882352941176471,1.0,1.0,28.0,28.0,224.0,28.0,87,0.0021018,0.31825751684058745
5334086151564077557,4,vectorchain_absolute,validation,16,chirp,ok,17,272,0.06193572736052022,0.07418629713052598,17.352941176470587,0.0,0.0,0.0,1.0,1.0,4.0,20.0,160.0,50.1764705882353,63,0.0023536,1.000045852009567
5334086151564077557,4,vectorchain_cartesian,validation,16,chirp,ok,17,272,0.06423043186884062,0.08442446393322363,17.58823529411765,0.0,0.0,0.0,1.0,1.0,4.0,12.0,96.0,50.1764705882353,39,0.0025333,0.9643180877961878
5334086151564077557,4,vectorchain_relational,validation,16,chirp,ok,17,272,0.0619385672380837,0.07418708928622829,17.352941176470587,0.0,0.0,0.0,1.0,1.0,4.0,28.0,224.0,50.1764705882353,87,0.0024054,1.0
5334086151564077557,4,fixed_relational,validation,16,first_order_response,ok,20,320,0.036160498996290064,0.048266635206168654,18.15,0.3,0.35,0.3,1.0,1.0,4.0,28.0,224.0,33.0,87,0.0034078,0.5647653270502299
5334086151564077557,4,persistence,validation,16,first_order_response,ok,20,320,0.019188617663512375,0.01396833868801784,0.0,0.0,0.0,0.0,1.0,1.0,1.0,1.0,8.0,1.0,0,1.15e-05,1.064286985131429
5334086151564077557,4,raw_ar,validation,16,first_order_response,ok,20,320,0.01604559395872993,0.017236518450799182,0.0,0.0,0.0,0.0,1.0,1.0,28.0,28.0,224.0,28.0,29,0.0141473,1.272760366145758
5334086151564077557,4,raw_matched,validation,16,first_order_response,ok,20,320,0.034545958342902056,0.050527837622014446,26.15,0.2,0.2,0.2,1.0,1.0,28.0,28.0,224.0,28.0,87,0.0030999499999999998,0.5911602115428154
5334086151564077557,4,vectorchain_absolute,validation,16,first_order_response,ok,20,320,0.02042416410341777,0.02472032636507988,17.15,0.0,0.0,0.0,1.0,1.0,4.0,20.0,160.0,42.65,63,0.0034695999999999998,0.9999036405373294
5334086151564077557,4,vectorchain_cartesian,validation,16,first_order_response,ok,20,320,0.019677158771106925,0.019424566492094474,16.9,0.0,0.0,0.0,1.0,1.0,4.0,12.0,96.0,42.65,39,0.0032046500000000003,1.0378630512412352
5334086151564077557,4,vectorchain_relational,validation,16,first_order_response,ok,20,320,0.020422196041939268,0.02471730488620725,17.15,0.0,0.0,0.0,1.0,1.0,4.0,28.0,224.0,42.65,87,0.0032310999999999998,1.0
5334086151564077557,4,fixed_relational,validation,16,piecewise_linear,ok,18,288,0.04103852407527113,0.05239034675593174,21.88888888888889,0.5555555555555556,0.6111111111111112,0.5555555555555556,1.0,1.0,4.0,28.0,224.0,33.0,87,0.0034853,0.7127784090163678
5334086151564077557,4,persistence,validation,16,piecewise_linear,ok,18,288,0.02662020140220115,0.03491984959984352,0.0,0.0,0.0,0.0,1.0,1.0,1.0,1.0,8.0,1.0,0,9.05e-06,1.0988411942042235
5334086151564077557,4,raw_ar,validation,16,piecewise_linear,ok,18,288,0.017192305635929994,0.021326584600080415,0.0,0.0,0.0,0.0,1.0,1.0,28.0,28.0,224.0,28.0,29,0.00819305,1.7014223989608215
5334086151564077557,4,raw_matched,validation,16,piecewise_linear,ok,18,288,0.03720261933909194,0.04745284244145115,33.05555555555556,0.5555555555555556,0.5555555555555556,0.5555555555555556,1.0,1.0,28.0,28.0,224.0,28.0,87,0.0023619,0.7862718920980589
5334086151564077557,4,vectorchain_absolute,validation,16,piecewise_linear,ok,18,288,0.029251219385624697,0.0308968407931345,17.555555555555557,0.0,0.0,0.0,1.0,1.0,4.0,20.0,160.0,49.888888888888886,63,0.0023679499999999997,1.0000052822798573
5334086151564077557,4,vectorchain_cartesian,validation,16,piecewise_linear,ok,18,288,0.029974853821697393,0.03321158248145741,17.22222222222222,0.0,0.0,0.0,1.0,1.0,4.0,12.0,96.0,49.888888888888886,39,0.00238505,0.9758637714382433
5334086151564077557,4,vectorchain_relational,validation,16,piecewise_linear,ok,18,288,0.02925137389875166,0.030898957013376985,17.555555555555557,0.0,0.0,0.0,1.0,1.0,4.0,28.0,224.0,49.888888888888886,87,0.0023921,1.0
5334086151564077557,4,fixed_relational,validation,16,ramp,ok,15,240,0.028340411236561044,0.03669563550706435,20.066666666666666,0.4,0.4666666666666667,0.4,1.0,1.0,4.0,28.0,224.0,33.0,87,0.0022949,0.880663888916005
5334086151564077557,4,persistence,validation,16,ramp,ok,15,240,0.02067334638589446,0.01745733173016817,0.0,0.0,0.0,0.0,1.0,1.0,1.0,1.0,8.0,1.0,0,8.6e-06,1.2072731867975635
5334086151564077557,4,raw_ar,validation,16,ramp,ok,15,240,0.014725786650710858,0.014527389225124946,0.0,0.0,0.0,0.0,1.0,1.0,28.0,28.0,224.0,28.0,29,0.0079952,1.694875619555705
5334086151564077557,4,raw_matched,validation,16,ramp,ok,15,240,0.032490103027037844,0.04667861424187978,19.733333333333334,0.26666666666666666,0.26666666666666666,0.26666666666666666,1.0,1.0,28.0,28.0,224.0,28.0,87,0.0017081,0.7681839836672312
5334086151564077557,4,vectorchain_absolute,validation,16,ramp,ok,15,240,0.024961244141930843,0.02906167366822466,17.2,0.0,0.0,0.0,1.0,1.0,4.0,20.0,160.0,63.0,63,0.0023448,0.9998851271657037
5334086151564077557,4,vectorchain_cartesian,validation,16,ramp,ok,15,240,0.0219105538929913,0.02122656601398199,17.2,0.0,0.0,0.0,1.0,1.0,4.0,12.0,96.0,63.0,39,0.0023688,1.1391029590106494
5334086151564077557,4,vectorchain_relational,validation,16,ramp,ok,15,240,0.024958376773068697,0.02905426811641872,17.2,0.0,0.0,0.0,1.0,1.0,4.0,28.0,224.0,63.0,87,0.0023654,1.0
5334086151564077557,4,fixed_relational,validation,16,regime_change,ok,19,304,0.3248604185144404,0.423507209705297,16.210526315789473,0.5263157894736842,0.5263157894736842,0.5263157894736842,1.0,1.0,4.0,28.0,224.0,33.0,87,0.0018082,0.5134837018825176
5334086151564077557,4,persistence,validation,16,regime_change,ok,19,304,0.14975608407955437,0.22457477059837241,0.0,0.0,0.0,0.0,1.0,1.0,1.0,1.0,8.0,1.0,0,8.6e-06,1.1138814914877493
5334086151564077557,4,raw_ar,validation,16,regime_change,ok,19,304,0.06976850499305264,0.11095010021730166,0.0,0.0,0.0,0.0,1.0,1.0,28.0,28.0,224.0,28.0,29,0.0083278,2.3909145008984978
5334086151564077557,4,raw_matched,validation,16,regime_change,ok,19,304,0.45665214154081196,0.6218297279251827,35.578947368421055,0.5263157894736842,0.5263157894736842,0.5263157894736842,1.0,1.0,28.0,28.0,224.0,28.0,87,0.0018481,0.3652901522175181
5334086151564077557,4,vectorchain_absolute,validation,16,regime_change,ok,19,304,0.16681719566526293,0.20878060296482334,17.42105263157895,0.0,0.0,0.0,1.0,1.0,4.0,20.0,160.0,48.526315789473685,63,0.002404,0.9999600438591625
5334086151564077557,4,vectorchain_cartesian,validation,16,regime_change,ok,19,304,0.16989500190922938,0.22073927863598541,17.473684210526315,0.0,0.0,0.0,1.0,1.0,4.0,12.0,96.0,48.526315789473685,39,0.0024369,0.98184483604186
5334086151564077557,4,vectorchain_relational,validation,16,regime_change,ok,19,304,0.1668105302938988,0.2087707950040446,17.42105263157895,0.0,0.0,0.0,1.0,1.0,4.0,28.0,224.0,48.526315789473685,87,0.0024059,1.0
5334086151564077557,4,fixed_relational,validation,16,second_order_response,ok,17,272,0.030366246324671466,0.03360115660401863,18.11764705882353,0.35294117647058826,0.35294117647058826,0.35294117647058826,1.0,1.0,4.0,28.0,224.0,33.0,87,0.0021781,0.7024887705600026
5334086151564077557,4,persistence,validation,16,second_order_response,ok,17,272,0.021956293764393536,0.023611996442679334,0.0,0.0,0.0,0.0,1.0,1.0,1.0,1.0,8.0,1.0,0,9.2e-06,0.9715641116869469
5334086151564077557,4,raw_ar,validation,16,second_order_response,ok,17,272,0.013932628345182784,0.01332682313399082,0.0,0.0,0.0,0.0,1.0,1.0,28.0,28.0,224.0,28.0,29,0.0084578,1.5310784525818628
5334086151564077557,4,raw_matched,validation,16,second_order_response,ok,17,272,0.03269546383404322,0.04423780264678484,18.764705882352942,0.11764705882352941,0.11764705882352941,0.11764705882352941,1.0,1.0,28.0,28.0,224.0,28.0,87,0.001789,0.6524436281258496
5334086151564077557,4,vectorchain_absolute,validation,16,second_order_response,ok,17,272,0.021333842508592167,0.023175366440935104,17.11764705882353,0.0,0.0,0.0,1.0,1.0,4.0,20.0,160.0,50.588235294117645,63,0.0023267,0.9999111523650394
5334086151564077557,4,vectorchain_cartesian,validation,16,second_order_response,ok,17,272,0.020736049302407532,0.020251709177886146,17.0,0.0,0.0,0.0,1.0,1.0,4.0,12.0,96.0,50.588235294117645,39,0.0023809,1.0287372843323601
5334086151564077557,4,vectorchain_relational,validation,16,second_order_response,ok,17,272,0.021331947047140656,0.023173013863778597,17.11764705882353,0.0,0.0,0.0,1.0,1.0,4.0,28.0,224.0,50.588235294117645,87,0.0023439,1.0
5334086151564077557,4,fixed_relational,validation,16,sine,ok,12,192,0.09421632876638615,0.16730575217077495,21.333333333333332,0.75,0.75,0.75,1.0,1.0,4.0,28.0,224.0,33.0,87,0.00318055,1.1263749462326353
5334086151564077557,4,persistence,validation,16,sine,ok,12,192,0.061096883123785244,0.09094875450901052,0.0,0.0,0.0,0.0,1.0,1.0,1.0,1.0,8.0,1.0,0,9e-06,1.7369611479764744
5334086151564077557,4,raw_ar,validation,16,sine,ok,12,192,0.022202477362090335,0.032194918218040686,0.0,0.0,0.0,0.0,1.0,1.0,28.0,28.0,224.0,28.0,29,0.008147850000000002,4.779777973320864
5334086151564077557,4,raw_matched,validation,16,sine,ok,12,192,0.09330364807010547,0.14406191870574478,54.5,0.75,0.75,0.75,1.0,1.0,28.0,28.0,224.0,28.0,87,0.0065795,1.1373929577623485
5334086151564077557,4,vectorchain_absolute,validation,16,sine,ok,12,192,0.10611866280813899,0.11030351948936444,18.166666666666668,0.0,0.0,0.0,1.0,1.0,4.0,20.0,160.0,66.25,63,0.0023884,1.0000400442318351
5334086151564077557,4,vectorchain_cartesian,validation,16,sine,ok,12,192,0.10590121355105125,0.1183805691825524,18.25,0.0,0.0,0.0,1.0,1.0,4.0,12.0,96.0,66.25,39,0.00243185,1.0020934481295285
5334086151564077557,4,vectorchain_relational,validation,16,sine,ok,12,192,0.1061229122484745,0.11031159525614354,18.166666666666668,0.0,0.0,0.0,1.0,1.0,4.0,28.0,224.0,66.25,87,0.0024438999999999997,1.0
5334086151564077557,4,fixed_relational,validation,64,chirp,ok,17,1088,4.1749169496018705,4.5097783689445805,20.235294117647058,0.6470588235294118,0.6470588235294118,0.6470588235294118,1.0,1.0,4.0,28.0,224.0,33.0,87,0.0034026,0.07082172019252406
5334086151564077557,4,persistence,validation,64,chirp,ok,17,1088,0.4706205603618941,0.7150526661160431,0.0,0.0,0.0,0.0,1.0,1.0,1.0,1.0,8.0,1.0,0,9.2e-06,0.6282657940068833
5334086151564077557,4,raw_ar,validation,64,chirp,ok,17,1088,0.2634466112140752,0.4782620839437578,0.0,0.0,0.0,0.0,1.0,1.0,28.0,28.0,224.0,28.0,29,0.0085049,1.1223329033124898
5334086151564077557,4,raw_matched,validation,64,chirp,ok,17,1088,9.777349223483483,13.295265259569701,34.05882352941177,0.5882352941176471,0.5882352941176471,0.5882352941176471,1.0,1.0,28.0,28.0,224.0,28.0,87,0.0021018,0.03024079362140104
5334086151564077557,4,vectorchain_absolute,validation,64,chirp,ok,17,1088,0.2956750279602319,0.5202326319780513,17.352941176470587,0.0,0.0,0.0,1.0,1.0,4.0,20.0,160.0,50.1764705882353,63,0.0023536,0.9999992291249494
5334086151564077557,4,vectorchain_cartesian,validation,64,chirp,ok,17,1088,0.3163545333617772,0.547873115522428,17.58823529411765,0.0,0.0,0.0,1.0,1.0,4.0,12.0,96.0,50.1764705882353,39,0.0025333,0.9346311459162859
5334086151564077557,4,vectorchain_relational,validation,64,chirp,ok,17,1088,0.29567480003172975,0.5202314357648846,17.352941176470587,0.0,0.0,0.0,1.0,1.0,4.0,28.0,224.0,50.1764705882353,87,0.0024054,1.0
5334086151564077557,4,fixed_relational,validation,64,first_order_response,ok,20,1280,1.4813667503135541,1.142490558693877,18.15,0.3,0.35,0.3,1.0,1.0,4.0,28.0,224.0,33.0,87,0.0034078,0.025359684264122877
5334086151564077557,4,persistence,validation,64,first_order_response,ok,20,1280,0.01858178792552958,0.01732376886505472,0.0,0.0,0.0,0.0,1.0,1.0,1.0,1.0,8.0,1.0,0,1.15e-05,2.021710355207965
5334086151564077557,4,raw_ar,validation,64,first_order_response,ok,20,1280,0.028518542242737893,0.04016949093220638,0.0,0.0,0.0,0.0,1.0,1.0,28.0,28.0,224.0,28.0,29,0.0141473,1.3172830766582304
5334086151564077557,4,raw_matched,validation,64,first_order_response,ok,20,1280,0.7623533004232058,1.15032366686734,26.15,0.2,0.2,0.2,1.0,1.0,28.0,28.0,224.0,28.0,87,0.0030999499999999998,0.049277668302172874
5334086151564077557,4,vectorchain_absolute,validation,64,first_order_response,ok,20,1280,0.03757114031690613,0.049285574532458146,17.15,0.0,0.0,0.0,1.0,1.0,4.0,20.0,160.0,42.65,63,0.0034695999999999998,0.9998896160843226
5334086151564077557,4,vectorchain_cartesian,validation,64,first_order_response,ok,20,1280,0.03118879723981532,0.03840356001402144,16.9,0.0,0.0,0.0,1.0,1.0,4.0,12.0,96.0,42.65,39,0.0032046500000000003,1.2045027827929131
5334086151564077557,4,vectorchain_relational,validation,64,first_order_response,ok,20,1280,0.03756699306732148,0.049281539130219335,17.15,0.0,0.0,0.0,1.0,1.0,4.0,28.0,224.0,42.65,87,0.0032310999999999998,1.0
5334086151564077557,4,fixed_relational,validation,64,piecewise_linear,ok,18,1152,2.3759017541678875,3.1977439901314892,21.88888888888889,0.5555555555555556,0.6111111111111112,0.5555555555555556,1.0,1.0,4.0,28.0,224.0,33.0,87,0.0034853,0.025415751568395935
5334086151564077557,4,persistence,validation,64,piecewise_linear,ok,18,1152,0.07737164472201574,0.11231550210218025,0.0,0.0,0.0,0.0,1.0,1.0,1.0,1.0,8.0,1.0,0,9.05e-06,0.7804581245726676
5334086151564077557,4,raw_ar,validation,64,piecewise_linear,ok,18,1152,0.05188760416359538,0.060243086570814834,0.0,0.0,0.0,0.0,1.0,1.0,28.0,28.0,224.0,28.0,29,0.00819305,1.1637717660745996
5334086151564077557,4,raw_matched,validation,64,piecewise_linear,ok,18,1152,1.9196523538190349,2.946760664392891,33.05555555555556,0.5555555555555556,0.5555555555555556,0.5555555555555556,1.0,1.0,28.0,28.0,224.0,28.0,87,0.0023619,0.031456387722867685
5334086151564077557,4,vectorchain_absolute,validation,64,piecewise_linear,ok,18,1152,0.060385794929508844,0.06301736626070945,17.555555555555557,0.0,0.0,0.0,1.0,1.0,4.0,20.0,160.0,49.888888888888886,63,0.0023679499999999997,0.9999922797296575
5334086151564077557,4,vectorchain_cartesian,validation,64,piecewise_linear,ok,18,1152,0.06420483117600011,0.06659473512501987,17.22222222222222,0.0,0.0,0.0,1.0,1.0,4.0,12.0,96.0,49.888888888888886,39,0.00238505,0.9405106691943035
5334086151564077557,4,vectorchain_relational,validation,64,piecewise_linear,ok,18,1152,0.060385328734847143,0.0630146139015434,17.555555555555557,0.0,0.0,0.0,1.0,1.0,4.0,28.0,224.0,49.888888888888886,87,0.0023921,1.0
5334086151564077557,4,fixed_relational,validation,64,ramp,ok,15,960,1.453329639426029,2.1492552597381502,20.066666666666666,0.4,0.4666666666666667,0.4,1.0,1.0,4.0,28.0,224.0,33.0,87,0.0022949,0.043893413818071575
5334086151564077557,4,persistence,validation,64,ramp,ok,15,960,0.027767365275344562,0.03612845159691334,0.0,0.0,0.0,0.0,1.0,1.0,1.0,1.0,8.0,1.0,0,8.6e-06,2.2973587391108308
5334086151564077557,4,raw_ar,validation,64,ramp,ok,15,960,0.03034262337985511,0.045125226567430676,0.0,0.0,0.0,0.0,1.0,1.0,28.0,28.0,224.0,28.0,29,0.0079952,2.1023758716837775
5334086151564077557,4,raw_matched,validation,64,ramp,ok,15,960,0.24349207435323833,0.4229274605145888,19.733333333333334,0.26666666666666666,0.26666666666666666,0.26666666666666666,1.0,1.0,28.0,28.0,224.0,28.0,87,0.0017081,0.2619863477973079
5334086151564077557,4,vectorchain_absolute,validation,64,ramp,ok,15,960,0.06380868598803405,0.08469985759676293,17.2,0.0,0.0,0.0,1.0,1.0,4.0,20.0,160.0,63.0,63,0.0023448,0.9997322196755186
5334086151564077557,4,vectorchain_cartesian,validation,64,ramp,ok,15,960,0.048032742462301756,0.06357453321473866,17.2,0.0,0.0,0.0,1.0,1.0,4.0,12.0,96.0,63.0,39,0.0023688,1.328085718350601
5334086151564077557,4,vectorchain_relational,validation,64,ramp,ok,15,960,0.06379159927739544,0.08466629395533391,17.2,0.0,0.0,0.0,1.0,1.0,4.0,28.0,224.0,63.0,87,0.0023654,1.0
5334086151564077557,4,fixed_relational,validation,64,regime_change,ok,19,1216,1.555851358807935,1.7758699394698703,16.210526315789473,0.5263157894736842,0.5263157894736842,0.5263157894736842,1.0,1.0,4.0,28.0,224.0,33.0,87,0.0018082,0.37547056471433626
5334086151564077557,4,persistence,validation,64,regime_change,ok,19,1216,0.6054308510945133,0.9338102114321557,0.0,0.0,0.0,0.0,1.0,1.0,1.0,1.0,8.0,1.0,0,8.6e-06,0.9648936575450257
5334086151564077557,4,raw_ar,validation,64,regime_change,ok,19,1216,0.48615105242037693,0.8897986918129004,0.0,0.0,0.0,0.0,1.0,1.0,28.0,28.0,224.0,28.0,29,0.0083278,1.201635552149423
5334086151564077557,4,raw_matched,validation,64,regime_change,ok,19,1216,6.717104887710227,8.876158463486536,35.578947368421055,0.5263157894736842,0.5263157894736842,0.5263157894736842,1.0,1.0,28.0,28.0,224.0,28.0,87,0.0018481,0.08696847794829073
5334086151564077557,4,vectorchain_absolute,validation,64,regime_change,ok,19,1216,0.5841739574500434,0.983337720052703,17.42105263157895,0.0,0.0,0.0,1.0,1.0,4.0,20.0,160.0,48.526315789473685,63,0.002404,1.0000041611802586
5334086151564077557,4,vectorchain_cartesian,validation,64,regime_change,ok,19,1216,0.6248677792125168,1.036716619356404,17.473684210526315,0.0,0.0,0.0,1.0,1.0,4.0,12.0,96.0,48.526315789473685,39,0.0024369,0.9348799981963946
5334086151564077557,4,vectorchain_relational,validation,64,regime_change,ok,19,1216,0.5841763883031827,0.9833418006093483,17.42105263157895,0.0,0.0,0.0,1.0,1.0,4.0,28.0,224.0,48.526315789473685,87,0.0024059,1.0
5334086151564077557,4,fixed_relational,validation,64,second_order_response,ok,17,1088,1.1253140733647475,1.5603919282834835,18.11764705882353,0.35294117647058826,0.35294117647058826,0.35294117647058826,1.0,1.0,4.0,28.0,224.0,33.0,87,0.0021781,0.0405316003580071
5334086151564077557,4,persistence,validation,64,second_order_response,ok,17,1088,0.04455071063265649,0.0611662579576695,0.0,0.0,0.0,0.0,1.0,1.0,1.0,1.0,8.0,1.0,0,9.2e-06,1.0237946746786006
5334086151564077557,4,raw_ar,validation,64,second_order_response,ok,17,1088,0.024604925725657516,0.028074303120833286,0.0,0.0,0.0,0.0,1.0,1.0,28.0,28.0,224.0,28.0,29,0.0084578,1.8537255835443969
5334086151564077557,4,raw_matched,validation,64,second_order_response,ok,17,1088,0.24680204265096273,0.47241872958016773,18.764705882352942,0.11764705882352941,0.11764705882352941,0.11764705882352941,1.0,1.0,28.0,28.0,224.0,28.0,87,0.001789,0.18480714263522366
5334086151564077557,4,vectorchain_absolute,validation,64,second_order_response,ok,17,1088,0.04562211373100435,0.05574238549793824,17.11764705882353,0.0,0.0,0.0,1.0,1.0,4.0,20.0,160.0,50.588235294117645,63,0.0023267,0.9997515802926152
5334086151564077557,4,vectorchain_cartesian,validation,64,second_order_response,ok,17,1088,0.03796798539971289,0.04518681678065859,17.0,0.0,0.0,0.0,1.0,1.0,4.0,12.0,96.0,50.588235294117645,39,0.0023809,1.2012957711263217
5334086151564077557,4,vectorchain_relational,validation,64,second_order_response,ok,17,1088,0.04561078029886102,0.05572849469920182,17.11764705882353,0.0,0.0,0.0,1.0,1.0,4.0,28.0,224.0,50.588235294117645,87,0.0023439,1.0
5334086151564077557,4,fixed_relational,validation,64,sine,ok,12,768,4.457313554751581,5.855936752344909,21.333333333333332,0.75,0.75,0.75,1.0,1.0,4.0,28.0,224.0,33.0,87,0.00318055,0.04702031235388743
5334086151564077557,4,persistence,validation,64,sine,ok,12,768,0.24143170672020656,0.3832976701606275,0.0,0.0,0.0,0.0,1.0,1.0,1.0,1.0,8.0,1.0,0,9e-06,0.8680892764698934
5334086151564077557,4,raw_ar,validation,64,sine,ok,12,768,0.10323972139312358,0.17384938939419317,0.0,0.0,0.0,0.0,1.0,1.0,28.0,28.0,224.0,28.0,29,0.008147850000000002,2.0300740139114253
5334086151564077557,4,raw_matched,validation,64,sine,ok,12,768,20.586848587533982,28.18405038716124,54.5,0.75,0.75,0.75,1.0,1.0,28.0,28.0,224.0,28.0,87,0.0065795,0.01018049337238269
5334086151564077557,4,vectorchain_absolute,validation,64,sine,ok,12,768,0.20956904004469076,0.26533405660419157,18.166666666666668,0.0,0.0,0.0,1.0,1.0,4.0,20.0,160.0,66.25,63,0.0023884,1.0000726994738423
5334086151564077557,4,vectorchain_cartesian,validation,64,sine,ok,12,768,0.2320209364888665,0.2777485546910125,18.25,0.0,0.0,0.0,1.0,1.0,4.0,12.0,96.0,66.25,39,0.00243185,0.9032989814421014
5334086151564077557,4,vectorchain_relational,validation,64,sine,ok,12,768,0.20958427560363563,0.26532974558758604,18.166666666666668,0.0,0.0,0.0,1.0,1.0,4.0,28.0,224.0,66.25,87,0.0024438999999999997,1.0
5334086151564077557,4,fixed_relational,validation,128,chirp,ok,17,2176,9.399157096170129,6.401638976391775,20.235294117647058,0.6470588235294118,0.6470588235294118,0.6470588235294118,1.0,1.0,4.0,28.0,224.0,33.0,87,0.0034026,0.08081541167608255
5334086151564077557,4,persistence,validation,128,chirp,ok,17,2176,0.8710951355074937,1.2520278126159528,0.0,0.0,0.0,0.0,1.0,1.0,1.0,1.0,8.0,1.0,0,9.2e-06,0.8720020571491609
5334086151564077557,4,raw_ar,validation,128,chirp,ok,17,2176,0.7432807258840652,1.2503395550547212,0.0,0.0,0.0,0.0,1.0,1.0,28.0,28.0,224.0,28.0,29,0.0085049,1.02195136195909
5334086151564077557,4,raw_matched,validation,128,chirp,ok,17,2176,59.418877633608524,40.564640340503104,34.05882352941177,0.5882352941176471,0.5882352941176471,0.5882352941176471,1.0,1.0,28.0,28.0,224.0,28.0,87,0.0021018,0.012783761329505797
5334086151564077557,4,vectorchain_absolute,validation,128,chirp,ok,17,2176,0.759601922751213,1.2204958419012015,17.352941176470587,0.0,0.0,0.0,1.0,1.0,4.0,20.0,160.0,50.1764705882353,63,0.0023536,0.9999931903594548
5334086151564077557,4,vectorchain_cartesian,validation,128,chirp,ok,17,2176,0.7914533703475366,1.2587410811891153,17.58823529411765,0.0,0.0,0.0,1.0,1.0,4.0,12.0,96.0,50.1764705882353,39,0.0025333,0.9597492140334353
5334086151564077557,4,vectorchain_relational,validation,128,chirp,ok,17,2176,0.7595967501351616,1.220485778590463,17.352941176470587,0.0,0.0,0.0,1.0,1.0,4.0,28.0,224.0,50.1764705882353,87,0.0024054,1.0
5334086151564077557,4,fixed_relational,validation,128,first_order_response,ok,20,2560,2.6369565961249974,2.8830273285977497,18.15,0.3,0.35,0.3,1.0,1.0,4.0,28.0,224.0,33.0,87,0.0034078,0.01992688980322379
5334086151564077557,4,persistence,validation,128,first_order_response,ok,20,2560,0.01837412100510757,0.017434417831665598,0.0,0.0,0.0,0.0,1.0,1.0,1.0,1.0,8.0,1.0,0,1.15e-05,2.8598017555376
5334086151564077557,4,raw_ar,validation,128,first_order_response,ok,20,2560,0.04277443407887202,0.06172605351674878,0.0,0.0,0.0,0.0,1.0,1.0,28.0,28.0,224.0,28.0,29,0.0141473,1.2284521031880031
5334086151564077557,4,raw_matched,validation,128,first_order_response,ok,20,2560,16.86495647159244,15.724886215124709,26.15,0.2,0.2,0.2,1.0,1.0,28.0,28.0,224.0,28.0,87,0.0030999499999999998,0.003115711777577173
5334086151564077557,4,vectorchain_absolute,validation,128,first_order_response,ok,20,2560,0.05255314314348738,0.06325771053867814,17.15,0.0,0.0,0.0,1.0,1.0,4.0,20.0,160.0,42.65,63,0.0034695999999999998,0.9998706140829315
5334086151564077557,4,vectorchain_cartesian,validation,128,first_order_response,ok,20,2560,0.04297291629108472,0.05102356305024278,16.9,0.0,0.0,0.0,1.0,1.0,4.0,12.0,96.0,42.65,39,0.0032046500000000003,1.2227781598748124
5334086151564077557,4,vectorchain_relational,validation,128,first_order_response,ok,20,2560,0.052546343506866926,0.06325137701447289,17.15,0.0,0.0,0.0,1.0,1.0,4.0,28.0,224.0,42.65,87,0.0032310999999999998,1.0
5334086151564077557,4,fixed_relational,validation,128,piecewise_linear,ok,18,2304,4.0392233080949245,3.520586826298899,21.88888888888889,0.5555555555555556,0.6111111111111112,0.5555555555555556,1.0,1.0,4.0,28.0,224.0,33.0,87,0.0034853,0.02213705449544494
5334086151564077557,4,persistence,validation,128,piecewise_linear,ok,18,2304,0.13178235224105428,0.18176010843341306,0.0,0.0,0.0,0.0,1.0,1.0,1.0,1.0,8.0,1.0,0,9.05e-06,0.6785165461837364
5334086151564077557,4,raw_ar,validation,128,piecewise_linear,ok,18,2304,0.10682763642343215,0.15220506470155348,0.0,0.0,0.0,0.0,1.0,1.0,28.0,28.0,224.0,28.0,29,0.00819305,0.8370166137173434
5334086151564077557,4,raw_matched,validation,128,piecewise_linear,ok,18,2304,15.408029406737276,20.611130850432673,33.05555555555556,0.5555555555555556,0.5555555555555556,0.5555555555555556,1.0,1.0,28.0,28.0,224.0,28.0,87,0.0023619,0.005803240903179395
5334086151564077557,4,vectorchain_absolute,validation,128,piecewise_linear,ok,18,2304,0.0894257813549843,0.12260252819832779,17.555555555555557,0.0,0.0,0.0,1.0,1.0,4.0,20.0,160.0,49.888888888888886,63,0.0023679499999999997,0.9998962842227929
5334086151564077557,4,vectorchain_cartesian,validation,128,piecewise_linear,ok,18,2304,0.09150669800960272,0.12049167416142414,17.22222222222222,0.0,0.0,0.0,1.0,1.0,4.0,12.0,96.0,49.888888888888886,39,0.00238505,0.9771580489243021
5334086151564077557,4,vectorchain_relational,validation,128,piecewise_linear,ok,18,2304,0.08941650649056872,0.12258966775643979,17.555555555555557,0.0,0.0,0.0,1.0,1.0,4.0,28.0,224.0,49.888888888888886,87,0.0023921,1.0
5334086151564077557,4,fixed_relational,validation,128,ramp,ok,15,1920,2.945097048742197,2.4122535051727767,20.066666666666666,0.4,0.4666666666666667,0.4,1.0,1.0,4.0,28.0,224.0,33.0,87,0.0022949,0.03155466998890552
5334086151564077557,4,persistence,validation,128,ramp,ok,15,1920,0.041992278470186266,0.06160466716772142,0.0,0.0,0.0,0.0,1.0,1.0,1.0,1.0,8.0,1.0,0,8.6e-06,2.213063183135902
5334086151564077557,4,raw_ar,validation,128,ramp,ok,15,1920,0.049340227584252,0.0677168076838761,0.0,0.0,0.0,0.0,1.0,1.0,28.0,28.0,224.0,28.0,29,0.0079952,1.8834847346350858
5334086151564077557,4,raw_matched,validation,128,ramp,ok,15,1920,2.2038128407082627,4.301574376718792,19.733333333333334,0.26666666666666666,0.26666666666666666,0.26666666666666666,1.0,1.0,28.0,28.0,224.0,28.0,87,0.0017081,0.042168537972804086
5334086151564077557,4,vectorchain_absolute,validation,128,ramp,ok,15,1920,0.09296435969769419,0.11705025808158058,17.2,0.0,0.0,0.0,1.0,1.0,4.0,20.0,160.0,63.0,63,0.0023448,0.9996472385821705
5334086151564077557,4,vectorchain_cartesian,validation,128,ramp,ok,15,1920,0.06984835887705408,0.08909056321312935,17.2,0.0,0.0,0.0,1.0,1.0,4.0,12.0,96.0,63.0,39,0.0023688,1.3304760047682183
5334086151564077557,4,vectorchain_relational,validation,128,ramp,ok,15,1920,0.09293156545835962,0.11701415560036192,17.2,0.0,0.0,0.0,1.0,1.0,4.0,28.0,224.0,63.0,87,0.0023654,1.0
5334086151564077557,4,fixed_relational,validation,128,regime_change,ok,19,2432,2.5640523758959746,2.9225625272692017,16.210526315789473,0.5263157894736842,0.5263157894736842,0.5263157894736842,1.0,1.0,4.0,28.0,224.0,33.0,87,0.0018082,0.49318611787559746
5334086151564077557,4,persistence,validation,128,regime_change,ok,19,2432,1.0748101401346881,1.4440797028253942,0.0,0.0,0.0,0.0,1.0,1.0,1.0,1.0,8.0,1.0,0,8.6e-06,1.1765380601446243
5334086151564077557,4,raw_ar,validation,128,regime_change,ok,19,2432,1.2022009188190073,1.9028163363104915,0.0,0.0,0.0,0.0,1.0,1.0,28.0,28.0,224.0,28.0,29,0.0083278,1.0518666368514213
5334086151564077557,4,raw_matched,validation,128,regime_change,ok,19,2432,14.571394293568693,15.527190820244646,35.578947368421055,0.5263157894736842,0.5263157894736842,0.5263157894736842,1.0,1.0,28.0,28.0,224.0,28.0,87,0.0018481,0.08678339298360545
5334086151564077557,4,vectorchain_absolute,validation,128,regime_change,ok,19,2432,1.2645494313212065,1.8512133259581676,17.42105263157895,0.0,0.0,0.0,1.0,1.0,4.0,20.0,160.0,48.526315789473685,63,0.002404,1.000004433181094
5334086151564077557,4,vectorchain_cartesian,validation,128,regime_change,ok,19,2432,1.3211151982536071,1.9159388298668738,17.473684210526315,0.0,0.0,0.0,1.0,1.0,4.0,12.0,96.0,48.526315789473685,39,0.0024369,0.9571875631810635
5334086151564077557,4,vectorchain_relational,validation,128,regime_change,ok,19,2432,1.2645550372978378,1.8512100995895395,17.42105263157895,0.0,0.0,0.0,1.0,1.0,4.0,28.0,224.0,48.526315789473685,87,0.0024059,1.0
5334086151564077557,4,fixed_relational,validation,128,second_order_response,ok,17,2176,2.9580380913525297,2.906471303327896,18.11764705882353,0.35294117647058826,0.35294117647058826,0.35294117647058826,1.0,1.0,4.0,28.0,224.0,33.0,87,0.0021781,0.023923854242473654
5334086151564077557,4,persistence,validation,128,second_order_response,ok,17,2176,0.0728155071347612,0.10048151972259452,0.0,0.0,0.0,0.0,1.0,1.0,1.0,1.0,8.0,1.0,0,9.2e-06,0.9718763890531127
5334086151564077557,4,raw_ar,validation,128,second_order_response,ok,17,2176,0.04399204080431057,0.05687919487531561,0.0,0.0,0.0,0.0,1.0,1.0,28.0,28.0,224.0,28.0,29,0.0084578,1.6086471745195485
5334086151564077557,4,raw_matched,validation,128,second_order_response,ok,17,2176,30.29490712394089,25.414835832940337,18.764705882352942,0.11764705882352941,0.11764705882352941,0.11764705882352941,1.0,1.0,28.0,28.0,224.0,28.0,87,0.001789,0.002335959369397701
5334086151564077557,4,vectorchain_absolute,validation,128,second_order_response,ok,17,2176,0.07078536686945686,0.09595988929569574,17.11764705882353,0.0,0.0,0.0,1.0,1.0,4.0,20.0,160.0,50.588235294117645,63,0.0023267,0.999750022793742
5334086151564077557,4,vectorchain_cartesian,validation,128,second_order_response,ok,17,2176,0.06171738739383275,0.0890665873544979,17.0,0.0,0.0,0.0,1.0,1.0,4.0,12.0,96.0,50.588235294117645,39,0.0023809,1.1466407625069772
5334086151564077557,4,vectorchain_relational,validation,128,second_order_response,ok,17,2176,0.07076767214120289,0.0959448683492126,17.11764705882353,0.0,0.0,0.0,1.0,1.0,4.0,28.0,224.0,50.588235294117645,87,0.0023439,1.0
5334086151564077557,4,fixed_relational,validation,128,sine,ok,12,1536,5.243517928853594,3.586352634266886,21.333333333333332,0.75,0.75,0.75,1.0,1.0,4.0,28.0,224.0,33.0,87,0.00318055,0.0725213017979875
5334086151564077557,4,persistence,validation,128,sine,ok,12,1536,0.48859079023688723,0.8048477212877478,0.0,0.0,0.0,0.0,1.0,1.0,1.0,1.0,8.0,1.0,0,9e-06,0.7782929064569192
5334086151564077557,4,raw_ar,validation,128,sine,ok,12,1536,0.28735191444566605,0.5039612832794587,0.0,0.0,0.0,0.0,1.0,1.0,28.0,28.0,224.0,28.0,29,0.008147850000000002,1.323348573943302
5334086151564077557,4,raw_matched,validation,128,sine,ok,12,1536,137.80602813374287,149.5243824680742,54.5,0.75,0.75,0.75,1.0,1.0,28.0,28.0,224.0,28.0,87,0.0065795,0.002759434774743636
5334086151564077557,4,vectorchain_absolute,validation,128,sine,ok,12,1536,0.38025725516741105,0.6146477607665072,18.166666666666668,0.0,0.0,0.0,1.0,1.0,4.0,20.0,160.0,66.25,63,0.0023884,1.0000249595083588
5334086151564077557,4,vectorchain_cartesian,validation,128,sine,ok,12,1536,0.39970645360933776,0.6300955606786097,18.25,0.0,0.0,0.0,1.0,1.0,4.0,12.0,96.0,66.25,39,0.00243185,0.9513650399380649
5334086151564077557,4,vectorchain_relational,validation,128,sine,ok,12,1536,0.3802667462015499,0.6146428025878116,18.166666666666668,0.0,0.0,0.0,1.0,1.0,4.0,28.0,224.0,66.25,87,0.0024438999999999997,1.0
5334086151564077557,8,fixed_relational,test,16,chirp,ok,10,160,0.5003103039257155,0.6065034860808836,14.0,0.4,0.6,0.5,1.0,1.0,8.0,56.0,448.0,65.0,171,0.0014827,0.45477925317220635
5334086151564077557,8,persistence,test,16,chirp,ok,10,160,0.16299533448828651,0.24360946322441154,0.0,0.0,0.0,0.0,1.0,1.0,1.0,1.0,8.0,1.0,0,9.6e-06,1.3959341050344465
5334086151564077557,8,raw_ar,test,16,chirp,ok,10,160,0.038421544052221014,0.05764005999403978,0.0,0.0,0.0,0.0,1.0,1.0,56.0,56.0,448.0,56.0,57,0.00962195,5.921957380589543
5334086151564077557,8,raw_matched,test,16,chirp,ok,10,160,0.5956152262980741,0.7065637693586388,61.4,0.6,0.6,0.6,1.0,1.0,56.0,56.0,448.0,56.0,171,0.0074337,0.38200962018360046
5334086151564077557,8,vectorchain_absolute,test,16,chirp,ok,10,160,0.2274997409107494,0.2631851880434391,16.1,0.0,0.0,0.1,1.0,1.0,8.0,40.0,320.0,114.9,123,0.00232435,1.00013628790443
5334086151564077557,8,vectorchain_cartesian,test,16,chirp,ok,10,160,0.2428023342458019,0.2855996970652923,16.5,0.0,0.0,0.1,1.0,1.0,8.0,24.0,192.0,114.9,75,0.0024644000000000003,0.9371027963156023
5334086151564077557,8,vectorchain_relational,test,16,chirp,ok,10,160,0.2275307463736965,0.26387170895856105,16.2,0.0,0.0,0.1,1.0,1.0,8.0,56.0,448.0,114.9,171,0.00240985,1.0
5334086151564077557,8,fixed_relational,test,16,first_order_response,ok,14,224,0.026154412953913717,0.030546459882308537,15.642857142857142,0.2857142857142857,0.5714285714285714,0.2857142857142857,1.0,1.0,8.0,56.0,448.0,65.0,171,0.0024935499999999998,1.052562626630492
5334086151564077557,8,persistence,test,16,first_order_response,ok,14,224,0.02127879077694041,0.016639634686337747,0.0,0.0,0.0,0.0,1.0,1.0,1.0,1.0,8.0,1.0,0,9.55e-06,1.29373693671461
5334086151564077557,8,raw_ar,test,16,first_order_response,ok,14,224,0.016685931730591515,0.015169937351483198,0.0,0.0,0.0,0.0,1.0,1.0,56.0,56.0,448.0,56.0,57,0.010095050000000001,1.649842396650755
5334086151564077557,8,raw_matched,test,16,first_order_response,ok,14,224,0.028031762547705813,0.03076800284984031,33.0,0.35714285714285715,0.35714285714285715,0.35714285714285715,1.0,1.0,56.0,56.0,448.0,56.0,171,0.0019964500000000003,0.9820701623702587
5334086151564077557,8,vectorchain_absolute,test,16,first_order_response,ok,14,224,0.027525884409057094,0.02825307096063239,17.642857142857142,0.0,0.0,0.0,1.0,1.0,8.0,40.0,320.0,91.5,123,0.00282875,1.0001189130799304
5334086151564077557,8,vectorchain_cartesian,test,16,first_order_response,ok,14,224,0.023075394140201065,0.017128806693654828,17.785714285714285,0.0,0.0,0.0,1.0,1.0,8.0,24.0,192.0,91.5,75,0.00272195,1.1930092040677105
5334086151564077557,8,vectorchain_relational,test,16,first_order_response,ok,14,224,0.027529157596749985,0.028246268853220673,17.642857142857142,0.0,0.0,0.0,1.0,1.0,8.0,56.0,448.0,91.5,171,0.00286625,1.0
5334086151564077557,8,fixed_relational,test,16,piecewise_linear,ok,15,240,0.026475217986228077,0.03400141013310403,13.8,0.06666666666666667,0.3333333333333333,0.13333333333333333,1.0,1.0,8.0,56.0,448.0,65.0,171,0.0021363,0.7847537056972107
5334086151564077557,8,persistence,test,16,piecewise_linear,ok,15,240,0.021398784486910308,0.020817359916123837,0.0,0.0,0.0,0.0,1.0,1.0,1.0,1.0,8.0,1.0,0,9e-06,0.9709208220000992
5334086151564077557,8,raw_ar,test,16,piecewise_linear,ok,15,240,0.016118788279669102,0.015763230272730182,0.0,0.0,0.0,0.0,1.0,1.0,56.0,56.0,448.0,56.0,57,0.0098676,1.2889632311902568
5334086151564077557,8,raw_matched,test,16,piecewise_linear,ok,15,240,0.03188658812351275,0.04654530786235506,30.8,0.26666666666666666,0.26666666666666666,0.26666666666666666,1.0,1.0,56.0,56.0,448.0,56.0,171,0.0017676,0.651575682646134
5334086151564077557,8,vectorchain_absolute,test,16,piecewise_linear,ok,15,240,0.020758701995424872,0.020158708899643624,17.933333333333334,0.0,0.0,0.0,1.0,1.0,8.0,40.0,320.0,78.2,123,0.0026067,1.000858600331224
5334086151564077557,8,vectorchain_cartesian,test,16,piecewise_linear,ok,15,240,0.02150661058449441,0.020590256479955035,18.0,0.0,0.0,0.0,1.0,1.0,8.0,24.0,192.0,78.2,75,0.0026978,0.9660529883222579
5334086151564077557,8,vectorchain_relational,test,16,piecewise_linear,ok,15,240,0.020776525423833927,0.020232062726490384,17.933333333333334,0.0,0.0,0.0,1.0,1.0,8.0,56.0,448.0,78.2,171,0.0026736,1.0
5334086151564077557,8,fixed_relational,test,16,ramp,ok,11,176,0.029559467987239716,0.0430600694001237,17.09090909090909,0.36363636363636365,0.45454545454545453,0.36363636363636365,1.0,1.0,8.0,56.0,448.0,65.0,171,0.0021875,0.8650077770761263
5334086151564077557,8,persistence,test,16,ramp,ok,11,176,0.02324866386265801,0.020767391501415933,0.0,0.0,0.0,0.0,1.0,1.0,1.0,1.0,8.0,1.0,0,8.9e-06,1.0998124385231587
5334086151564077557,8,raw_ar,test,16,ramp,ok,11,176,0.016644490206322797,0.017822304151688426,0.0,0.0,0.0,0.0,1.0,1.0,56.0,56.0,448.0,56.0,57,0.0096011,1.5361942227273564
5334086151564077557,8,raw_matched,test,16,ramp,ok,11,176,0.03218453333518244,0.04181923920955484,27.181818181818183,0.2727272727272727,0.2727272727272727,0.2727272727272727,1.0,1.0,56.0,56.0,448.0,56.0,171,0.0016875,0.7944551946398513
5334086151564077557,8,vectorchain_absolute,test,16,ramp,ok,11,176,0.025569867077286083,0.02667250834319929,17.636363636363637,0.0,0.0,0.0,1.0,1.0,8.0,40.0,320.0,112.72727272727273,123,0.0026183,0.999972726409221
5334086151564077557,8,vectorchain_cartesian,test,16,ramp,ok,11,176,0.024812063084968066,0.025149022951719977,17.90909090909091,0.0,0.0,0.0,1.0,1.0,8.0,24.0,192.0,112.72727272727273,75,0.0026633,1.0305136500594243
5334086151564077557,8,vectorchain_relational,test,16,ramp,ok,11,176,0.025569169695195144,0.026671939722565815,17.636363636363637,0.0,0.0,0.0,1.0,1.0,8.0,56.0,448.0,112.72727272727273,171,0.0026311,1.0
5334086151564077557,8,fixed_relational,test,16,regime_change,ok,13,208,0.4443339345237145,0.5256775062088209,12.846153846153847,0.46153846153846156,0.6923076923076923,0.46153846153846156,1.0,1.0,8.0,56.0,448.0,65.0,171,0.0016587,0.2665072202910537
5334086151564077557,8,persistence,test,16,regime_change,ok,13,208,0.17408945392011216,0.2587101546623112,0.0,0.0,0.0,0.0,1.0,1.0,1.0,1.0,8.0,1.0,0,5.2e-06,0.6802146775946757
5334086151564077557,8,raw_ar,test,16,regime_change,ok,13,208,0.04770183336214378,0.0812237730759536,0.0,0.0,0.0,0.0,1.0,1.0,56.0,56.0,448.0,56.0,57,0.0091689,2.482466467732853
5334086151564077557,8,raw_matched,test,16,regime_change,ok,13,208,0.4574082759921999,0.5086598267485073,43.0,0.46153846153846156,0.46153846153846156,0.46153846153846156,1.0,1.0,56.0,56.0,448.0,56.0,171,0.0018981,0.2588895041613143
5334086151564077557,8,vectorchain_absolute,test,16,regime_change,ok,13,208,0.11842096985000186,0.1625744091983063,16.923076923076923,0.0,0.0,0.0,1.0,1.0,8.0,40.0,320.0,88.15384615384616,123,0.0025543,0.9999766250934853
5334086151564077557,8,vectorchain_cartesian,test,16,regime_change,ok,13,208,0.1226884255421887,0.17748338395567675,16.76923076923077,0.0,0.0,0.0,1.0,1.0,8.0,24.0,192.0,88.15384615384616,75,0.0024987,0.9651945670309537
5334086151564077557,8,vectorchain_relational,test,16,regime_change,ok,13,208,0.11841820177090223,0.16256575384517588,16.923076923076923,0.0,0.0,0.0,1.0,1.0,8.0,56.0,448.0,88.15384615384616,171,0.0025035,1.0
5334086151564077557,8,fixed_relational,test,16,second_order_response,ok,14,224,0.019937140580757202,0.020714890033377294,14.5,0.21428571428571427,0.6428571428571429,0.35714285714285715,1.0,1.0,8.0,56.0,448.0,65.0,171,0.00216825,1.0291220724807293
5334086151564077557,8,persistence,test,16,second_order_response,ok,14,224,0.019995397635148036,0.020290451265427563,0.0,0.0,0.0,0.0,1.0,1.0,1.0,1.0,8.0,1.0,0,7.55e-06,1.0261237014732965
5334086151564077557,8,raw_ar,test,16,second_order_response,ok,14,224,0.01301711264116458,0.012060964176223583,0.0,0.0,0.0,0.0,1.0,1.0,56.0,56.0,448.0,56.0,57,0.00944145,1.5762137118583674
5334086151564077557,8,raw_matched,test,16,second_order_response,ok,14,224,0.025773772231528862,0.031129775130506576,20.857142857142858,0.14285714285714285,0.14285714285714285,0.14285714285714285,1.0,1.0,56.0,56.0,448.0,56.0,171,0.0017314000000000001,0.7960709534287452
5334086151564077557,8,vectorchain_absolute,test,16,second_order_response,ok,14,224,0.02051695023729963,0.02008907781062021,17.857142857142858,0.0,0.0,0.0,1.0,1.0,8.0,40.0,320.0,90.92857142857143,123,0.0026088,1.0000390504680083
5334086151564077557,8,vectorchain_cartesian,test,16,second_order_response,ok,14,224,0.019369076803572964,0.01849960949556062,17.928571428571427,0.0,0.0,0.0,1.0,1.0,8.0,24.0,192.0,90.92857142857143,75,0.0026314499999999996,1.0593045627256557
5334086151564077557,8,vectorchain_relational,test,16,second_order_response,ok,14,224,0.0205177514338085,0.02009316332837555,17.857142857142858,0.0,0.0,0.0,1.0,1.0,8.0,56.0,448.0,90.92857142857143,171,0.0026304,1.0
5334086151564077557,8,fixed_relational,test,16,sine,ok,11,176,0.04469303393188805,0.054976459922905334,13.363636363636363,0.36363636363636365,0.5454545454545454,0.45454545454545453,1.0,1.0,8.0,56.0,448.0,65.0,171,0.0022831,1.1005150632073293
5334086151564077557,8,persistence,test,16,sine,ok,11,176,0.06383742459707119,0.09149018918868097,0.0,0.0,0.0,0.0,1.0,1.0,1.0,1.0,8.0,1.0,0,9.2e-06,0.7704784046807502
5334086151564077557,8,raw_ar,test,16,sine,ok,11,176,0.01857187430692171,0.023046888179451844,0.0,0.0,0.0,0.0,1.0,1.0,56.0,56.0,448.0,56.0,57,0.0097284,2.6483787392502323
5334086151564077557,8,raw_matched,test,16,sine,ok,11,176,0.057685294451732164,0.07789173630604405,29.272727272727273,0.2727272727272727,0.2727272727272727,0.36363636363636365,1.0,1.0,56.0,56.0,448.0,56.0,171,0.0018541,0.8526498396161375
5334086151564077557,8,vectorchain_absolute,test,16,sine,ok,11,176,0.04918929400444354,0.04917912284791173,18.727272727272727,0.0,0.0,0.0,1.0,1.0,8.0,40.0,320.0,118.18181818181819,123,0.0027434,0.9999199634383026
5334086151564077557,8,vectorchain_cartesian,test,16,sine,ok,11,176,0.04489839564779819,0.04977483424506432,18.545454545454547,0.0,0.0,0.0,1.0,1.0,8.0,24.0,192.0,118.18181818181819,75,0.0028009,1.0954813942197317
5334086151564077557,8,vectorchain_relational,test,16,sine,ok,11,176,0.0491853570624791,0.04918016019961271,18.727272727272727,0.0,0.0,0.0,1.0,1.0,8.0,56.0,448.0,118.18181818181819,171,0.0027417,1.0
5334086151564077557,8,fixed_relational,test,64,chirp,ok,10,640,2.356058148678333,1.8306326280642466,14.0,0.4,0.6,0.5,1.0,1.0,8.0,56.0,448.0,65.0,171,0.0014827,0.2384113108111896
5334086151564077557,8,persistence,test,64,chirp,ok,10,640,0.6036768475580888,0.894522792208444,0.0,0.0,0.0,0.0,1.0,1.0,1.0,1.0,8.0,1.0,0,9.6e-06,0.9304827803914335
5334086151564077557,8,raw_ar,test,64,chirp,ok,10,640,0.25862178170340006,0.4218709014124517,0.0,0.0,0.0,0.0,1.0,1.0,56.0,56.0,448.0,56.0,57,0.00962195,2.1719396868821486
5334086151564077557,8,raw_matched,test,64,chirp,ok,10,640,41.37127931835722,66.69506824830033,61.4,0.6,0.6,0.6,1.0,1.0,56.0,56.0,448.0,56.0,171,0.0074337,0.013577315491052372
5334086151564077557,8,vectorchain_absolute,test,64,chirp,ok,10,640,0.561767320608403,0.8685337558381383,16.1,0.0,0.0,0.1,1.0,1.0,8.0,40.0,320.0,114.9,123,0.00232435,0.9998995864790501
5334086151564077557,8,vectorchain_cartesian,test,64,chirp,ok,10,640,0.5756404499698967,0.8794246994732612,16.5,0.0,0.0,0.1,1.0,1.0,8.0,24.0,192.0,114.9,75,0.0024644000000000003,0.975801668564398
5334086151564077557,8,vectorchain_relational,test,64,chirp,ok,10,640,0.561710911573786,0.8685576095108247,16.2,0.0,0.0,0.1,1.0,1.0,8.0,56.0,448.0,114.9,171,0.00240985,1.0
5334086151564077557,8,fixed_relational,test,64,first_order_response,ok,14,896,0.2534876339943355,0.5428184059463549,15.642857142857142,0.2857142857142857,0.5714285714285714,0.2857142857142857,1.0,1.0,8.0,56.0,448.0,65.0,171,0.0024935499999999998,0.25180565328211973
5334086151564077557,8,persistence,test,64,first_order_response,ok,14,896,0.020806686325614658,0.01628963599896583,0.0,0.0,0.0,0.0,1.0,1.0,1.0,1.0,8.0,1.0,0,9.55e-06,3.0677455447724635
5334086151564077557,8,raw_ar,test,64,first_order_response,ok,14,896,0.032958369915295306,0.041327572319952335,0.0,0.0,0.0,0.0,1.0,1.0,56.0,56.0,448.0,56.0,57,0.010095050000000001,1.9366740357890238
5334086151564077557,8,raw_matched,test,64,first_order_response,ok,14,896,0.7433476390322517,1.1637786292435977,33.0,0.35714285714285715,0.35714285714285715,0.35714285714285715,1.0,1.0,56.0,56.0,448.0,56.0,171,0.0019964500000000003,0.08586779041900358
5334086151564077557,8,vectorchain_absolute,test,64,first_order_response,ok,14,896,0.06382182050186919,0.07644029705186653,17.642857142857142,0.0,0.0,0.0,1.0,1.0,8.0,40.0,320.0,91.5,123,0.00282875,1.0001221960600934
5334086151564077557,8,vectorchain_cartesian,test,64,first_order_response,ok,14,896,0.04559493008284166,0.05046734421552417,17.785714285714285,0.0,0.0,0.0,1.0,1.0,8.0,24.0,192.0,91.5,75,0.00272195,1.399927999909423
5334086151564077557,8,vectorchain_relational,test,64,first_order_response,ok,14,896,0.06382961927688251,0.07644855194332181,17.642857142857142,0.0,0.0,0.0,1.0,1.0,8.0,56.0,448.0,91.5,171,0.00286625,1.0
5334086151564077557,8,fixed_relational,test,64,piecewise_linear,ok,15,960,0.2672882900448987,0.5655446202695639,13.8,0.06666666666666667,0.3333333333333333,0.13333333333333333,1.0,1.0,8.0,56.0,448.0,65.0,171,0.0021363,0.14437126065456676
5334086151564077557,8,persistence,test,64,piecewise_linear,ok,15,960,0.05024949163574245,0.0750689571083762,0.0,0.0,0.0,0.0,1.0,1.0,1.0,1.0,8.0,1.0,0,9e-06,0.7679430405329183
5334086151564077557,8,raw_ar,test,64,piecewise_linear,ok,15,960,0.03616005165397988,0.044217147981173856,0.0,0.0,0.0,0.0,1.0,1.0,56.0,56.0,448.0,56.0,57,0.0098676,1.0671651622969491
5334086151564077557,8,raw_matched,test,64,piecewise_linear,ok,15,960,0.6450423656889706,1.2424987253421593,30.8,0.26666666666666666,0.26666666666666666,0.26666666666666666,1.0,1.0,56.0,56.0,448.0,56.0,171,0.0017676,0.0598235859295363
5334086151564077557,8,vectorchain_absolute,test,64,piecewise_linear,ok,15,960,0.038494624833042675,0.04203624956746996,17.933333333333334,0.0,0.0,0.0,1.0,1.0,8.0,40.0,320.0,78.2,123,0.0026067,1.0024450831603389
5334086151564077557,8,vectorchain_cartesian,test,64,piecewise_linear,ok,15,960,0.03609092811518463,0.0378457012966293,18.0,0.0,0.0,0.0,1.0,1.0,8.0,24.0,192.0,78.2,75,0.0026978,1.0692090618680976
5334086151564077557,8,vectorchain_relational,test,64,piecewise_linear,ok,15,960,0.038588747391985506,0.042224139559030066,17.933333333333334,0.0,0.0,0.0,1.0,1.0,8.0,56.0,448.0,78.2,171,0.0026736,1.0
5334086151564077557,8,fixed_relational,test,64,ramp,ok,11,704,0.5136894768217706,1.0936964127647306,17.09090909090909,0.36363636363636365,0.45454545454545453,0.36363636363636365,1.0,1.0,8.0,56.0,448.0,65.0,171,0.0021875,0.1454809435345642
5334086151564077557,8,persistence,test,64,ramp,ok,11,704,0.030775941698395166,0.03657166676456967,0.0,0.0,0.0,0.0,1.0,1.0,1.0,1.0,8.0,1.0,0,8.9e-06,2.4282613511613453
5334086151564077557,8,raw_ar,test,64,ramp,ok,11,704,0.036929686525512324,0.05790966577711982,0.0,0.0,0.0,0.0,1.0,1.0,56.0,56.0,448.0,56.0,57,0.0096011,2.0236302228068013
5334086151564077557,8,raw_matched,test,64,ramp,ok,11,704,1.0798457268664206,1.4513948312207585,27.181818181818183,0.2727272727272727,0.2727272727272727,0.2727272727272727,1.0,1.0,56.0,56.0,448.0,56.0,171,0.0016875,0.0692062096579953
5334086151564077557,8,vectorchain_absolute,test,64,ramp,ok,11,704,0.07473652943475687,0.0999324620294345,17.636363636363637,0.0,0.0,0.0,1.0,1.0,8.0,40.0,320.0,112.72727272727273,123,0.0026183,0.999939792990348
5334086151564077557,8,vectorchain_cartesian,test,64,ramp,ok,11,704,0.06294908684059854,0.08555984992623214,17.90909090909091,0.0,0.0,0.0,1.0,1.0,8.0,24.0,192.0,112.72727272727273,75,0.0026633,1.1871821105371456
5334086151564077557,8,vectorchain_relational,test,64,ramp,ok,11,704,0.07473202977180783,0.09993065926527893,17.636363636363637,0.0,0.0,0.0,1.0,1.0,8.0,56.0,448.0,112.72727272727273,171,0.0026311,1.0
5334086151564077557,8,fixed_relational,test,64,regime_change,ok,13,832,2.0409399604481218,1.3437762410254683,12.846153846153847,0.46153846153846156,0.6923076923076923,0.46153846153846156,1.0,1.0,8.0,56.0,448.0,65.0,171,0.0016587,0.23303055007597104
5334086151564077557,8,persistence,test,64,regime_change,ok,13,832,0.6426516887592519,0.96513648621009,0.0,0.0,0.0,0.0,1.0,1.0,1.0,1.0,8.0,1.0,0,5.2e-06,0.7400608602981896
5334086151564077557,8,raw_ar,test,64,regime_change,ok,13,832,0.33323723145981143,0.5826834914378206,0.0,0.0,0.0,0.0,1.0,1.0,56.0,56.0,448.0,56.0,57,0.0091689,1.427215559233255
5334086151564077557,8,raw_matched,test,64,regime_change,ok,13,832,34.087617882600114,47.03289020556521,43.0,0.46153846153846156,0.46153846153846156,0.46153846153846156,1.0,1.0,56.0,56.0,448.0,56.0,171,0.0018981,0.013952320261663846
5334086151564077557,8,vectorchain_absolute,test,64,regime_change,ok,13,832,0.47559602474867224,0.8227778186669591,16.923076923076923,0.0,0.0,0.0,1.0,1.0,8.0,40.0,320.0,88.15384615384616,123,0.0025543,1.0000112215121792
5334086151564077557,8,vectorchain_cartesian,test,64,regime_change,ok,13,832,0.47798788050822427,0.8086471681767986,16.76923076923077,0.0,0.0,0.0,1.0,1.0,8.0,24.0,192.0,88.15384615384616,75,0.0024987,0.9950071561428914
5334086151564077557,8,vectorchain_relational,test,64,regime_change,ok,13,832,0.4756013616552564,0.8227957253847176,16.923076923076923,0.0,0.0,0.0,1.0,1.0,8.0,56.0,448.0,88.15384615384616,171,0.0025035,1.0
5334086151564077557,8,fixed_relational,test,64,second_order_response,ok,14,896,0.21565224852679485,0.47223984287761944,14.5,0.21428571428571427,0.6428571428571429,0.35714285714285715,1.0,1.0,8.0,56.0,448.0,65.0,171,0.00216825,0.23716389527139622
5334086151564077557,8,persistence,test,64,second_order_response,ok,14,896,0.02922683650244953,0.03139248025528968,0.0,0.0,0.0,0.0,1.0,1.0,1.0,1.0,8.0,1.0,0,7.55e-06,1.749930317650471
5334086151564077557,8,raw_ar,test,64,second_order_response,ok,14,896,0.02395489611849577,0.026335190831300457,0.0,0.0,0.0,0.0,1.0,1.0,56.0,56.0,448.0,56.0,57,0.00944145,2.1350510990177276
5334086151564077557,8,raw_matched,test,64,second_order_response,ok,14,896,0.23776468653886376,0.5131569088420483,20.857142857142858,0.14285714285714285,0.14285714285714285,0.14285714285714285,1.0,1.0,56.0,56.0,448.0,56.0,171,0.0017314000000000001,0.21510733166125579
5334086151564077557,8,vectorchain_absolute,test,64,second_order_response,ok,14,896,0.051139408903546325,0.06484766297179,17.857142857142858,0.0,0.0,0.0,1.0,1.0,8.0,40.0,320.0,90.92857142857143,123,0.0026088,1.0001079085820872
5334086151564077557,8,vectorchain_cartesian,test,64,second_order_response,ok,14,896,0.04774167607223574,0.052808256213313066,17.928571428571427,0.0,0.0,0.0,1.0,1.0,8.0,24.0,192.0,90.92857142857143,75,0.0026314499999999996,1.07128470326984
5334086151564077557,8,vectorchain_relational,test,64,second_order_response,ok,14,896,0.05114492728464989,0.06480921755480508,17.857142857142858,0.0,0.0,0.0,1.0,1.0,8.0,56.0,448.0,90.92857142857143,171,0.0026304,1.0
5334086151564077557,8,fixed_relational,test,64,sine,ok,11,704,0.709534213047216,1.5826970011068988,13.363636363636363,0.36363636363636365,0.5454545454545454,0.45454545454545453,1.0,1.0,8.0,56.0,448.0,65.0,171,0.0022831,0.2068550975894358
5334086151564077557,8,persistence,test,64,sine,ok,11,704,0.24071134549424253,0.36397435611175016,0.0,0.0,0.0,0.0,1.0,1.0,1.0,1.0,8.0,1.0,0,9.2e-06,0.6097376448192217
5334086151564077557,8,raw_ar,test,64,sine,ok,11,704,0.08675484440868741,0.14589112562092835,0.0,0.0,0.0,0.0,1.0,1.0,56.0,56.0,448.0,56.0,57,0.0097284,1.6917875870022094
5334086151564077557,8,raw_matched,test,64,sine,ok,11,704,0.7640083297185047,1.497776978347914,29.272727272727273,0.2727272727272727,0.2727272727272727,0.36363636363636365,1.0,1.0,56.0,56.0,448.0,56.0,171,0.0018541,0.19210624174346685
5334086151564077557,8,vectorchain_absolute,test,64,sine,ok,11,704,0.14676320325591757,0.19506352424446263,18.727272727272727,0.0,0.0,0.0,1.0,1.0,8.0,40.0,320.0,118.18181818181819,123,0.0027434,1.000051549890163
5334086151564077557,8,vectorchain_cartesian,test,64,sine,ok,11,704,0.14454812991631377,0.2119493743731984,18.545454545454547,0.0,0.0,0.0,1.0,1.0,8.0,24.0,192.0,118.18181818181819,75,0.0028009,1.0153764629670299
5334086151564077557,8,vectorchain_relational,test,64,sine,ok,11,704,0.1467707688829254,0.19509013117000426,18.727272727272727,0.0,0.0,0.0,1.0,1.0,8.0,56.0,448.0,118.18181818181819,171,0.0027417,1.0
5334086151564077557,8,fixed_relational,test,128,chirp,ok,10,1280,4.197493909190074,2.9593514406938866,14.0,0.4,0.6,0.5,1.0,1.0,8.0,56.0,448.0,65.0,171,0.0014827,0.2560264392878202
5334086151564077557,8,persistence,test,128,chirp,ok,10,1280,0.9639798189837495,1.1740961351958186,0.0,0.0,0.0,0.0,1.0,1.0,1.0,1.0,8.0,1.0,0,9.6e-06,1.1148256408886128
5334086151564077557,8,raw_ar,test,128,chirp,ok,10,1280,0.7128066572068062,1.1939260357436052,0.0,0.0,0.0,0.0,1.0,1.0,56.0,56.0,448.0,56.0,57,0.00962195,1.5076590666442866
5334086151564077557,8,raw_matched,test,128,chirp,ok,10,1280,7870.465685960311,17582.71697280577,61.4,0.6,0.6,0.6,1.0,1.0,56.0,56.0,448.0,56.0,171,0.0074337,0.00013654457847637794
5334086151564077557,8,vectorchain_absolute,test,128,chirp,ok,10,1280,1.074595113136555,1.2798816709741945,16.1,0.0,0.0,0.1,1.0,1.0,8.0,40.0,320.0,114.9,123,0.00232435,1.0000691482445658
5334086151564077557,8,vectorchain_cartesian,test,128,chirp,ok,10,1280,1.1015004330769882,1.369127302218176,16.5,0.0,0.0,0.1,1.0,1.0,8.0,24.0,192.0,114.9,75,0.0024644000000000003,0.9756413953467185
5334086151564077557,8,vectorchain_relational,test,128,chirp,ok,10,1280,1.0746694195022475,1.2790861049765694,16.2,0.0,0.0,0.1,1.0,1.0,8.0,56.0,448.0,114.9,171,0.00240985,1.0
5334086151564077557,8,fixed_relational,test,128,first_order_response,ok,14,1792,1.892118348494654,2.1503400265990065,15.642857142857142,0.2857142857142857,0.5714285714285714,0.2857142857142857,1.0,1.0,8.0,56.0,448.0,65.0,171,0.0024935499999999998,0.053459735846514034
5334086151564077557,8,persistence,test,128,first_order_response,ok,14,1792,0.020848548878093003,0.016608057361306335,0.0,0.0,0.0,0.0,1.0,1.0,1.0,1.0,8.0,1.0,0,9.55e-06,4.851759596906722
5334086151564077557,8,raw_ar,test,128,first_order_response,ok,14,1792,0.05152466410954386,0.060291310077653947,0.0,0.0,0.0,0.0,1.0,1.0,56.0,56.0,448.0,56.0,57,0.010095050000000001,1.96317916572561
5334086151564077557,8,raw_matched,test,128,first_order_response,ok,14,1792,161.65067336314578,296.41021902935523,33.0,0.35714285714285715,0.35714285714285715,0.35714285714285715,1.0,1.0,56.0,56.0,448.0,56.0,171,0.0019964500000000003,0.0006257452876402799
5334086151564077557,8,vectorchain_absolute,test,128,first_order_response,ok,14,1792,0.1011443921404346,0.12774897742520372,17.642857142857142,0.0,0.0,0.0,1.0,1.0,8.0,40.0,320.0,91.5,123,0.00282875,1.0000766721739869
5334086151564077557,8,vectorchain_cartesian,test,128,first_order_response,ok,14,1792,0.0739414779042094,0.09686548825952257,17.785714285714285,0.0,0.0,0.0,1.0,1.0,8.0,24.0,192.0,91.5,75,0.00272195,1.3680027768975407
5334086151564077557,8,vectorchain_relational,test,128,first_order_response,ok,14,1792,0.10115214710086659,0.12776252891536652,17.642857142857142,0.0,0.0,0.0,1.0,1.0,8.0,56.0,448.0,91.5,171,0.00286625,1.0
5334086151564077557,8,fixed_relational,test,128,piecewise_linear,ok,15,1920,2.081567425013803,2.6441511963193127,13.8,0.06666666666666667,0.3333333333333333,0.13333333333333333,1.0,1.0,8.0,56.0,448.0,65.0,171,0.0021363,0.025102251792055368
5334086151564077557,8,persistence,test,128,piecewise_linear,ok,15,1920,0.09642347511276105,0.16270255203903616,0.0,0.0,0.0,0.0,1.0,1.0,1.0,1.0,8.0,1.0,0,9e-06,0.5419015396793304
5334086151564077557,8,raw_ar,test,128,piecewise_linear,ok,15,1920,0.06706769783396664,0.09831620218546347,0.0,0.0,0.0,0.0,1.0,1.0,56.0,56.0,448.0,56.0,57,0.0098676,0.7790938307468429
5334086151564077557,8,raw_matched,test,128,piecewise_linear,ok,15,1920,153.66300108416183,301.0027314323474,30.8,0.26666666666666666,0.26666666666666666,0.26666666666666666,1.0,1.0,56.0,56.0,448.0,56.0,171,0.0017676,0.0003400430113701747
5334086151564077557,8,vectorchain_absolute,test,128,piecewise_linear,ok,15,1920,0.05217139183605426,0.055635087725629355,17.933333333333334,0.0,0.0,0.0,1.0,1.0,8.0,40.0,320.0,78.2,123,0.0026067,1.0015456323081422
5334086151564077557,8,vectorchain_cartesian,test,128,piecewise_linear,ok,15,1920,0.048920271901180076,0.06220090759436029,18.0,0.0,0.0,0.0,1.0,1.0,8.0,24.0,192.0,78.2,75,0.0026978,1.0681058709237543
5334086151564077557,8,vectorchain_relational,test,128,piecewise_linear,ok,15,1920,0.05225202962483681,0.0557659490392495,17.933333333333334,0.0,0.0,0.0,1.0,1.0,8.0,56.0,448.0,78.2,171,0.0026736,1.0
5334086151564077557,8,fixed_relational,test,128,ramp,ok,11,1408,1.7993685413957925,2.5550100683812325,17.09090909090909,0.36363636363636365,0.45454545454545453,0.36363636363636365,1.0,1.0,8.0,56.0,448.0,65.0,171,0.0021875,0.07230784871465754
5334086151564077557,8,persistence,test,128,ramp,ok,11,1408,0.04511427071001991,0.06163107958350467,0.0,0.0,0.0,0.0,1.0,1.0,1.0,1.0,8.0,1.0,0,8.9e-06,2.8839758733873047
5334086151564077557,8,raw_ar,test,128,ramp,ok,11,1408,0.0621922661277534,0.08507755461611906,0.0,0.0,0.0,0.0,1.0,1.0,56.0,56.0,448.0,56.0,57,0.0096011,2.0920361384789588
5334086151564077557,8,raw_matched,test,128,ramp,ok,11,1408,214.28447660220928,326.14534238522634,27.181818181818183,0.2727272727272727,0.2727272727272727,0.2727272727272727,1.0,1.0,56.0,56.0,448.0,56.0,171,0.0016875,0.00060717635890485
5334086151564077557,8,vectorchain_absolute,test,128,ramp,ok,11,1408,0.13010712861340043,0.17148738593478496,17.636363636363637,0.0,0.0,0.0,1.0,1.0,8.0,40.0,320.0,112.72727272727273,123,0.0026183,1.0000102965900086
5334086151564077557,8,vectorchain_cartesian,test,128,ramp,ok,11,1408,0.11278037299824199,0.1651897340754224,17.90909090909091,0.0,0.0,0.0,1.0,1.0,8.0,24.0,192.0,112.72727272727273,75,0.0026633,1.1536445998027431
5334086151564077557,8,vectorchain_relational,test,128,ramp,ok,11,1408,0.13010846827316097,0.17148990778922457,17.636363636363637,0.0,0.0,0.0,1.0,1.0,8.0,56.0,448.0,112.72727272727273,171,0.0026311,1.0
5334086151564077557,8,fixed_relational,test,128,regime_change,ok,13,1664,2.4716793364226257,1.808117035354053,12.846153846153847,0.46153846153846156,0.6923076923076923,0.46153846153846156,1.0,1.0,8.0,56.0,448.0,65.0,171,0.0016587,0.39429890317455385
5334086151564077557,8,persistence,test,128,regime_change,ok,13,1664,1.0277671189970292,1.2158964852706493,0.0,0.0,0.0,0.0,1.0,1.0,1.0,1.0,8.0,1.0,0,5.2e-06,0.948250273176396
5334086151564077557,8,raw_ar,test,128,regime_change,ok,13,1664,0.899213134056982,1.4685758681547698,0.0,0.0,0.0,0.0,1.0,1.0,56.0,56.0,448.0,56.0,57,0.0091689,1.0838147425111926
5334086151564077557,8,raw_matched,test,128,regime_change,ok,13,1664,6490.4710711246125,12285.581906384487,43.0,0.46153846153846156,0.46153846153846156,0.46153846153846156,1.0,1.0,56.0,56.0,448.0,56.0,171,0.0018981,0.00015015558049190773
5334086151564077557,8,vectorchain_absolute,test,128,regime_change,ok,13,1664,0.9745718394815922,1.292218367152817,16.923076923076923,0.0,0.0,0.0,1.0,1.0,8.0,40.0,320.0,88.15384615384616,123,0.0025543,1.0000088365666946
5334086151564077557,8,vectorchain_cartesian,test,128,regime_change,ok,13,1664,0.9877306506538749,1.3170150888485046,16.76923076923077,0.0,0.0,0.0,1.0,1.0,8.0,24.0,192.0,88.15384615384616,75,0.0024987,0.9866864521268839
5334086151564077557,8,vectorchain_relational,test,128,regime_change,ok,13,1664,0.9745804513506504,1.2922145908343945,16.923076923076923,0.0,0.0,0.0,1.0,1.0,8.0,56.0,448.0,88.15384615384616,171,0.0025035,1.0
5334086151564077557,8,fixed_relational,test,128,second_order_response,ok,14,1792,1.3775834398890328,3.0709956677692873,14.5,0.21428571428571427,0.6428571428571429,0.35714285714285715,1.0,1.0,8.0,56.0,448.0,65.0,171,0.00216825,0.055912753122594895
5334086151564077557,8,persistence,test,128,second_order_response,ok,14,1792,0.0439459226217584,0.062011632970223926,0.0,0.0,0.0,0.0,1.0,1.0,1.0,1.0,8.0,1.0,0,7.55e-06,1.7527105630080537
5334086151564077557,8,raw_ar,test,128,second_order_response,ok,14,1792,0.03865012207108608,0.05083994396856405,0.0,0.0,0.0,0.0,1.0,1.0,56.0,56.0,448.0,56.0,57,0.00944145,1.9928651878155925
5334086151564077557,8,raw_matched,test,128,second_order_response,ok,14,1792,31.567590348372004,45.310070270807394,20.857142857142858,0.14285714285714285,0.14285714285714285,0.14285714285714285,1.0,1.0,56.0,56.0,448.0,56.0,171,0.0017314000000000001,0.0024399861354720987
5334086151564077557,8,vectorchain_absolute,test,128,second_order_response,ok,14,1792,0.07702287486882015,0.08453903909646614,17.857142857142858,0.0,0.0,0.0,1.0,1.0,8.0,40.0,320.0,90.92857142857143,123,0.0026088,1.0000208757654545
5334086151564077557,8,vectorchain_cartesian,test,128,second_order_response,ok,14,1792,0.07039309424403102,0.0788047788250816,17.928571428571427,0.0,0.0,0.0,1.0,1.0,8.0,24.0,192.0,90.92857142857143,75,0.0026314499999999996,1.0942051007627331
5334086151564077557,8,vectorchain_relational,test,128,second_order_response,ok,14,1792,0.07702448278029053,0.08451645163517421,17.857142857142858,0.0,0.0,0.0,1.0,1.0,8.0,56.0,448.0,90.92857142857143,171,0.0026304,1.0
5334086151564077557,8,fixed_relational,test,128,sine,ok,11,1408,3.9958080637845055,3.5043812427757386,13.363636363636363,0.36363636363636365,0.5454545454545454,0.45454545454545453,1.0,1.0,8.0,56.0,448.0,65.0,171,0.0022831,0.07761339458028335
5334086151564077557,8,persistence,test,128,sine,ok,11,1408,0.4683519264745711,0.7040157009195671,0.0,0.0,0.0,0.0,1.0,1.0,1.0,1.0,8.0,1.0,0,9.2e-06,0.6621692159056873
5334086151564077557,8,raw_ar,test,128,sine,ok,11,1408,0.2553621064815169,0.47055907900691946,0.0,0.0,0.0,0.0,1.0,1.0,56.0,56.0,448.0,56.0,57,0.0097284,1.2144645585621838
5334086151564077557,8,raw_matched,test,128,sine,ok,11,1408,179.06492795532105,327.63315382755286,29.272727272727273,0.2727272727272727,0.2727272727272727,0.36363636363636365,1.0,1.0,56.0,56.0,448.0,56.0,171,0.0018541,0.0017319317158464762
5334086151564077557,8,vectorchain_absolute,test,128,sine,ok,11,1408,0.31011326214518165,0.5583485743898433,18.727272727272727,0.0,0.0,0.0,1.0,1.0,8.0,40.0,320.0,118.18181818181819,123,0.0027434,1.0000482590660575
5334086151564077557,8,vectorchain_cartesian,test,128,sine,ok,11,1408,0.32103582582061135,0.5816623959645372,18.545454545454547,0.0,0.0,0.0,1.0,1.0,8.0,24.0,192.0,118.18181818181819,75,0.0028009,0.9660237362258707
5334086151564077557,8,vectorchain_relational,test,128,sine,ok,11,1408,0.31012822792158484,0.5583750531085347,18.727272727272727,0.0,0.0,0.0,1.0,1.0,8.0,56.0,448.0,118.18181818181819,171,0.0027417,1.0
5334086151564077557,8,fixed_relational,validation,16,chirp,ok,17,272,0.4366901827223268,0.6467493667759135,17.764705882352942,0.7647058823529411,0.8235294117647058,0.7647058823529411,1.0,1.0,8.0,56.0,448.0,65.0,171,0.0025679,0.14066719795079435
5334086151564077557,8,persistence,validation,16,chirp,ok,17,272,0.11972320224545538,0.17970788316047348,0.0,0.0,0.0,0.0,1.0,1.0,1.0,1.0,8.0,1.0,0,9.5e-06,0.5130833725131326
5334086151564077557,8,raw_ar,validation,16,chirp,ok,17,272,0.02558496724408775,0.04177233119496126,0.0,0.0,0.0,0.0,1.0,1.0,56.0,56.0,448.0,56.0,57,0.0083196,2.400940512846076
5334086151564077557,8,raw_matched,validation,16,chirp,ok,17,272,0.2656354979651173,0.40248652822480163,70.76470588235294,0.7058823529411765,0.6470588235294118,0.7058823529411765,1.0,1.0,56.0,56.0,448.0,56.0,171,0.0104256,0.2312491547505322
5334086151564077557,8,vectorchain_absolute,validation,16,chirp,ok,17,272,0.061422343070047736,0.08170825259570413,17.176470588235293,0.0,0.0,0.0,1.0,1.0,8.0,40.0,320.0,100.52941176470588,123,0.0023379,1.0000918445282352
5334086151564077557,8,vectorchain_cartesian,validation,16,chirp,ok,17,272,0.05810635455471247,0.07478363075822536,17.176470588235293,0.0,0.0,0.0,1.0,1.0,8.0,24.0,192.0,100.52941176470588,75,0.0023791,1.0571646568935935
5334086151564077557,8,vectorchain_relational,validation,16,chirp,ok,17,272,0.0614279843761701,0.08171378727056416,17.176470588235293,0.0,0.0,0.0,1.0,1.0,8.0,56.0,448.0,100.52941176470588,171,0.002317,1.0
5334086151564077557,8,fixed_relational,validation,16,first_order_response,ok,20,320,0.02331988615814855,0.02825815181266217,15.2,0.2,0.4,0.2,1.0,1.0,8.0,56.0,448.0,65.0,171,0.0021759,0.9013067165080321
5334086151564077557,8,persistence,validation,16,first_order_response,ok,20,320,0.019188617663512375,0.01396833868801784,0.0,0.0,0.0,0.0,1.0,1.0,1.0,1.0,8.0,1.0,0,8.95e-06,1.0953561320109535
5334086151564077557,8,raw_ar,validation,16,first_order_response,ok,20,320,0.015563580631882188,0.01644852031372157,0.0,0.0,0.0,0.0,1.0,1.0,56.0,56.0,448.0,56.0,57,0.0084042,1.3504842182322483
5334086151564077557,8,raw_matched,validation,16,first_order_response,ok,20,320,0.02810349951602986,0.037646731708835764,35.4,0.35,0.35,0.35,1.0,1.0,56.0,56.0,448.0,56.0,171,0.00170295,0.7478915574394349
5334086151564077557,8,vectorchain_absolute,validation,16,first_order_response,ok,20,320,0.021016377991832227,0.02190044333938406,17.8,0.0,0.0,0.0,1.0,1.0,8.0,40.0,320.0,88.6,123,0.00239265,1.0000947846822381
5334086151564077557,8,vectorchain_cartesian,validation,16,first_order_response,ok,20,320,0.022921885714682833,0.023284279905798184,17.85,0.0,0.0,0.0,1.0,1.0,8.0,24.0,192.0,88.6,75,0.00246015,0.91695640944054
5334086151564077557,8,vectorchain_relational,validation,16,first_order_response,ok,20,320,0.021018370022541977,0.021896199999781884,17.8,0.0,0.0,0.0,1.0,1.0,8.0,56.0,448.0,88.6,171,0.0026021,1.0
5334086151564077557,8,fixed_relational,validation,16,piecewise_linear,ok,18,288,0.032886484587218004,0.04647678060337526,21.38888888888889,0.6111111111111112,0.6666666666666666,0.6111111111111112,1.0,1.0,8.0,56.0,448.0,65.0,171,0.003996700000000001,1.2801380641621445
5334086151564077557,8,persistence,validation,16,piecewise_linear,ok,18,288,0.02662020140220115,0.03491984959984352,0.0,0.0,0.0,0.0,1.0,1.0,1.0,1.0,8.0,1.0,0,9.6e-06,1.5814771676783177
5334086151564077557,8,raw_ar,validation,16,piecewise_linear,ok,18,288,0.0171038287356812,0.02191256355227767,0.0,0.0,0.0,0.0,1.0,1.0,56.0,56.0,448.0,56.0,57,0.0091844,2.461392789133465
5334086151564077557,8,raw_matched,validation,16,piecewise_linear,ok,18,288,0.03487464822266687,0.04771868923244974,46.888888888888886,0.6111111111111112,0.6111111111111112,0.6111111111111112,1.0,1.0,56.0,56.0,448.0,56.0,171,0.0054966,1.207158863590112
5334086151564077557,8,vectorchain_absolute,validation,16,piecewise_linear,ok,18,288,0.04210567229141095,0.04387301672970647,17.666666666666668,0.0,0.0,0.0,1.0,1.0,8.0,40.0,320.0,94.16666666666667,123,0.0028657,0.9998472515819965
5334086151564077557,8,vectorchain_cartesian,validation,16,piecewise_linear,ok,18,288,0.03262558460614268,0.03644702561296167,17.333333333333332,0.0,0.0,0.0,1.0,1.0,8.0,24.0,192.0,94.16666666666667,75,0.00261355,1.2903750607016893
5334086151564077557,8,vectorchain_relational,validation,16,piecewise_linear,ok,18,288,0.04209924071657946,0.04371532066146557,17.666666666666668,0.0,0.0,0.0,1.0,1.0,8.0,56.0,448.0,94.16666666666667,171,0.0027758,1.0
5334086151564077557,8,fixed_relational,validation,16,ramp,ok,15,240,0.0266664571897585,0.032406061882586074,18.2,0.4,0.5333333333333333,0.4,1.0,1.0,8.0,56.0,448.0,65.0,171,0.0021068,1.0993563350524358
5334086151564077557,8,persistence,validation,16,ramp,ok,15,240,0.02067334638589446,0.01745733173016817,0.0,0.0,0.0,0.0,1.0,1.0,1.0,1.0,8.0,1.0,0,9.1e-06,1.4180548275903706
5334086151564077557,8,raw_ar,validation,16,ramp,ok,15,240,0.0145710305291532,0.014241909222191292,0.0,0.0,0.0,0.0,1.0,1.0,56.0,56.0,448.0,56.0,57,0.007953,2.011933101527122
5334086151564077557,8,raw_matched,validation,16,ramp,ok,15,240,0.023817160264586634,0.028154000051152338,23.8,0.2,0.2,0.2,1.0,1.0,56.0,56.0,448.0,56.0,171,0.0015898,1.2308746432946918
5334086151564077557,8,vectorchain_absolute,validation,16,ramp,ok,15,240,0.029315788574253765,0.0341105724872179,17.666666666666668,0.0,0.0,0.0,1.0,1.0,8.0,40.0,320.0,120.2,123,0.0023428,1.0000051191088186
5334086151564077557,8,vectorchain_cartesian,validation,16,ramp,ok,15,240,0.02613227989831933,0.028466852430852393,17.8,0.0,0.0,0.0,1.0,1.0,8.0,24.0,192.0,120.2,75,0.0023928,1.12182858744181
5334086151564077557,8,vectorchain_relational,validation,16,ramp,ok,15,240,0.02931593864496558,0.034105156726387406,17.666666666666668,0.0,0.0,0.0,1.0,1.0,8.0,56.0,448.0,120.2,171,0.0024036,1.0
5334086151564077557,8,fixed_relational,validation,16,regime_change,ok,19,304,0.5180763349545507,0.6216049311545738,16.263157894736842,0.631578947368421,0.7894736842105263,0.631578947368421,1.0,1.0,8.0,56.0,448.0,65.0,171,0.0022269,0.35588551232391274
5334086151564077557,8,persistence,validation,16,regime_change,ok,19,304,0.14975608407955437,0.22457477059837241,0.0,0.0,0.0,0.0,1.0,1.0,1.0,1.0,8.0,1.0,0,6.7e-06,1.231174432888149
5334086151564077557,8,raw_ar,validation,16,regime_change,ok,19,304,0.051107959949852746,0.0805629173155248,0.0,0.0,0.0,0.0,1.0,1.0,56.0,56.0,448.0,56.0,57,0.0081708,3.6075762380088223
5334086151564077557,8,raw_matched,validation,16,regime_change,ok,19,304,0.6489322140941362,0.7670344699053213,75.0,0.7368421052631579,0.7368421052631579,0.7368421052631579,1.0,1.0,56.0,56.0,448.0,56.0,171,0.0101712,0.2841219127109772
5334086151564077557,8,vectorchain_absolute,validation,16,regime_change,ok,19,304,0.1843816542711225,0.20573728541632993,15.947368421052632,0.0,0.0,0.10526315789473684,1.0,1.0,8.0,40.0,320.0,95.78947368421052,123,0.0021806,0.9999685848196228
5334086151564077557,8,vectorchain_cartesian,validation,16,regime_change,ok,19,304,0.2026727589826353,0.22067514155030218,16.210526315789473,0.0,0.0,0.10526315789473684,1.0,1.0,8.0,24.0,192.0,95.78947368421052,75,0.0022459,0.909721971584708
5334086151564077557,8,vectorchain_relational,validation,16,regime_change,ok,19,304,0.18437586188819532,0.20573195340625097,15.947368421052632,0.0,0.0,0.10526315789473684,1.0,1.0,8.0,56.0,448.0,95.78947368421052,171,0.0021945,1.0
5334086151564077557,8,fixed_relational,validation,16,second_order_response,ok,17,272,0.025520456252548975,0.023886046052421426,18.235294117647058,0.4117647058823529,0.5882352941176471,0.47058823529411764,1.0,1.0,8.0,56.0,448.0,65.0,171,0.0023067,1.1654406607685337
5334086151564077557,8,persistence,validation,16,second_order_response,ok,17,272,0.021956293764393536,0.023611996442679334,0.0,0.0,0.0,0.0,1.0,1.0,1.0,1.0,8.0,1.0,0,9e-06,1.3546265010499448
5334086151564077557,8,raw_ar,validation,16,second_order_response,ok,17,272,0.013755899273050905,0.013333346034492733,0.0,0.0,0.0,0.0,1.0,1.0,56.0,56.0,448.0,56.0,57,0.0080642,2.162168885341697
5334086151564077557,8,raw_matched,validation,16,second_order_response,ok,17,272,0.03033274614511008,0.03324379414463353,29.294117647058822,0.29411764705882354,0.29411764705882354,0.35294117647058826,1.0,1.0,56.0,56.0,448.0,56.0,171,0.0016629,0.9805435108248488
5334086151564077557,8,vectorchain_absolute,validation,16,second_order_response,ok,17,272,0.029741110078584033,0.035468547943534316,17.823529411764707,0.0,0.0,0.0,1.0,1.0,8.0,40.0,320.0,102.0,123,0.0024586,1.0000493364066516
5334086151564077557,8,vectorchain_cartesian,validation,16,second_order_response,ok,17,272,0.023935243618198425,0.023757780225728897,17.823529411764707,0.0,0.0,0.0,1.0,1.0,8.0,24.0,192.0,102.0,75,0.0024231,1.2426268924821506
5334086151564077557,8,vectorchain_relational,validation,16,second_order_response,ok,17,272,0.029742577398085137,0.03547566655876506,17.823529411764707,0.0,0.0,0.0,1.0,1.0,8.0,56.0,448.0,102.0,171,0.0024371,1.0
5334086151564077557,8,fixed_relational,validation,16,sine,ok,12,192,0.12081271750977951,0.20076382250880442,21.333333333333332,0.75,0.9166666666666666,0.75,1.0,1.0,8.0,56.0,448.0,65.0,171,0.0030332,0.8711496769764091
5334086151564077557,8,persistence,validation,16,sine,ok,12,192,0.061096883123785244,0.09094875450901052,0.0,0.0,0.0,0.0,1.0,1.0,1.0,1.0,8.0,1.0,0,9.05e-06,1.7226076757476019
5334086151564077557,8,raw_ar,validation,16,sine,ok,12,192,0.019717422470882214,0.028746704243909932,0.0,0.0,0.0,0.0,1.0,1.0,56.0,56.0,448.0,56.0,57,0.00803115,5.337713891798433
5334086151564077557,8,raw_matched,validation,16,sine,ok,12,192,0.08593624024852736,0.12049539829207438,69.66666666666667,0.6666666666666666,0.6666666666666666,0.6666666666666666,1.0,1.0,56.0,56.0,448.0,56.0,171,0.00975455,1.2246982126389934
5334086151564077557,8,vectorchain_absolute,validation,16,sine,ok,12,192,0.10524411347065651,0.11625297110387663,17.0,0.0,0.0,0.0,1.0,1.0,8.0,40.0,320.0,128.66666666666666,123,0.002306,1.0000175436190128
5334086151564077557,8,vectorchain_cartesian,validation,16,sine,ok,12,192,0.09965203768884755,0.11688036595086525,17.083333333333332,0.0,0.0,0.0,1.0,1.0,8.0,24.0,192.0,128.66666666666666,75,0.0023076499999999996,1.0561345485167641
5334086151564077557,8,vectorchain_relational,validation,16,sine,ok,12,192,0.10524595983328658,0.11625517699397965,17.0,0.0,0.0,0.0,1.0,1.0,8.0,56.0,448.0,128.66666666666666,171,0.0022878,1.0
5334086151564077557,8,fixed_relational,validation,64,chirp,ok,17,1088,3.17805595156846,2.7248754763787493,17.764705882352942,0.7647058823529411,0.8235294117647058,0.7647058823529411,1.0,1.0,8.0,56.0,448.0,65.0,171,0.0025679,0.09964965388434334
5334086151564077557,8,persistence,validation,64,chirp,ok,17,1088,0.4706205603618941,0.7150526661160431,0.0,0.0,0.0,0.0,1.0,1.0,1.0,1.0,8.0,1.0,0,9.5e-06,0.6729246494359427
5334086151564077557,8,raw_ar,validation,64,chirp,ok,17,1088,0.20078018322198962,0.37644187949619345,0.0,0.0,0.0,0.0,1.0,1.0,56.0,56.0,448.0,56.0,57,0.0083196,1.5773079320718044
5334086151564077557,8,raw_matched,validation,64,chirp,ok,17,1088,25.065615340859978,56.59662962030585,70.76470588235294,0.7058823529411765,0.6470588235294118,0.7058823529411765,1.0,1.0,56.0,56.0,448.0,56.0,171,0.0104256,0.012634526274031981
5334086151564077557,8,vectorchain_absolute,validation,64,chirp,ok,17,1088,0.31667081574989037,0.5522922202526027,17.176470588235293,0.0,0.0,0.0,1.0,1.0,8.0,40.0,320.0,100.52941176470588,123,0.0023379,1.0000674512709153
5334086151564077557,8,vectorchain_cartesian,validation,64,chirp,ok,17,1088,0.3052153204427457,0.5424931647229683,17.176470588235293,0.0,0.0,0.0,1.0,1.0,8.0,24.0,192.0,100.52941176470588,75,0.0023791,1.037602487121159
5334086151564077557,8,vectorchain_relational,validation,64,chirp,ok,17,1088,0.31669217559887447,0.5523092868436842,17.176470588235293,0.0,0.0,0.0,1.0,1.0,8.0,56.0,448.0,100.52941176470588,171,0.002317,1.0
5334086151564077557,8,fixed_relational,validation,64,first_order_response,ok,20,1280,0.2982596336371368,0.6606645776973392,15.2,0.2,0.4,0.2,1.0,1.0,8.0,56.0,448.0,65.0,171,0.0021759,0.12673917868041448
5334086151564077557,8,persistence,validation,64,first_order_response,ok,20,1280,0.01858178792552958,0.01732376886505472,0.0,0.0,0.0,0.0,1.0,1.0,1.0,1.0,8.0,1.0,0,8.95e-06,2.034313444550558
5334086151564077557,8,raw_ar,validation,64,first_order_response,ok,20,1280,0.029450281798957815,0.043114938653261825,0.0,0.0,0.0,0.0,1.0,1.0,56.0,56.0,448.0,56.0,57,0.0084042,1.2835592290335827
5334086151564077557,8,raw_matched,validation,64,first_order_response,ok,20,1280,0.9273823055317407,1.764088881665089,35.4,0.35,0.35,0.35,1.0,1.0,56.0,56.0,448.0,56.0,171,0.00170295,0.04076116265666475
5334086151564077557,8,vectorchain_absolute,validation,64,first_order_response,ok,20,1280,0.03779525934072884,0.04756457745878702,17.8,0.0,0.0,0.0,1.0,1.0,8.0,40.0,320.0,88.6,123,0.00239265,1.0001566773205555
5334086151564077557,8,vectorchain_cartesian,validation,64,first_order_response,ok,20,1280,0.04172025474738464,0.053548381453768036,17.85,0.0,0.0,0.0,1.0,1.0,8.0,24.0,192.0,88.6,75,0.00246015,0.9060630437080859
5334086151564077557,8,vectorchain_relational,validation,64,first_order_response,ok,20,1280,0.03780118100069205,0.04756760122072896,17.8,0.0,0.0,0.0,1.0,1.0,8.0,56.0,448.0,88.6,171,0.0026021,1.0
5334086151564077557,8,fixed_relational,validation,64,piecewise_linear,ok,18,1152,1.194940007796756,2.437557653975751,21.38888888888889,0.6111111111111112,0.6666666666666666,0.6111111111111112,1.0,1.0,8.0,56.0,448.0,65.0,171,0.003996700000000001,0.07068031637217446
5334086151564077557,8,persistence,validation,64,piecewise_linear,ok,18,1152,0.07737164472201574,0.11231550210218025,0.0,0.0,0.0,0.0,1.0,1.0,1.0,1.0,8.0,1.0,0,9.6e-06,1.0915980667115248
5334086151564077557,8,raw_ar,validation,64,piecewise_linear,ok,18,1152,0.05301048814155136,0.06419656281294385,0.0,0.0,0.0,0.0,1.0,1.0,56.0,56.0,448.0,56.0,57,0.0091844,1.5932458039495359
5334086151564077557,8,raw_matched,validation,64,piecewise_linear,ok,18,1152,2.792819931982332,4.0395665364980005,46.888888888888886,0.6111111111111112,0.6111111111111112,0.6111111111111112,1.0,1.0,56.0,56.0,448.0,56.0,171,0.0054966,0.030241383209011572
5334086151564077557,8,vectorchain_absolute,validation,64,piecewise_linear,ok,18,1152,0.08448942019760014,0.08515291721854333,17.666666666666668,0.0,0.0,0.0,1.0,1.0,8.0,40.0,320.0,94.16666666666667,123,0.0028657,0.99963684919739
5334086151564077557,8,vectorchain_cartesian,validation,64,piecewise_linear,ok,18,1152,0.06687211901812815,0.06736197424276252,17.333333333333332,0.0,0.0,0.0,1.0,1.0,8.0,24.0,192.0,94.16666666666667,75,0.00261355,1.2629888066497144
5334086151564077557,8,vectorchain_relational,validation,64,piecewise_linear,ok,18,1152,0.08445873779684333,0.08509398452455505,17.666666666666668,0.0,0.0,0.0,1.0,1.0,8.0,56.0,448.0,94.16666666666667,171,0.0027758,1.0
5334086151564077557,8,fixed_relational,validation,64,ramp,ok,15,960,0.4697040472644297,0.958672972495987,18.2,0.4,0.5333333333333333,0.4,1.0,1.0,8.0,56.0,448.0,65.0,171,0.0021068,0.17134338572188734
5334086151564077557,8,persistence,validation,64,ramp,ok,15,960,0.027767365275344562,0.03612845159691334,0.0,0.0,0.0,0.0,1.0,1.0,1.0,1.0,8.0,1.0,0,9.1e-06,2.898391004962285
5334086151564077557,8,raw_ar,validation,64,ramp,ok,15,960,0.03248359867526934,0.04960353700011982,0.0,0.0,0.0,0.0,1.0,1.0,56.0,56.0,448.0,56.0,57,0.007953,2.4775789945598894
5334086151564077557,8,raw_matched,validation,64,ramp,ok,15,960,0.19502111401053357,0.42941278095095875,23.8,0.2,0.2,0.2,1.0,1.0,56.0,56.0,448.0,56.0,171,0.0015898,0.4126767614567816
5334086151564077557,8,vectorchain_absolute,validation,64,ramp,ok,15,960,0.08048555351315748,0.10775693543674715,17.666666666666668,0.0,0.0,0.0,1.0,1.0,8.0,40.0,320.0,120.2,123,0.0023428,0.999939470285237
5334086151564077557,8,vectorchain_cartesian,validation,64,ramp,ok,15,960,0.06451462871660292,0.08636893424079164,17.8,0.0,0.0,0.0,1.0,1.0,8.0,24.0,192.0,120.2,75,0.0023928,1.2474795770598455
5334086151564077557,8,vectorchain_relational,validation,64,ramp,ok,15,960,0.08048068174556078,0.10774096693448466,17.666666666666668,0.0,0.0,0.0,1.0,1.0,8.0,56.0,448.0,120.2,171,0.0024036,1.0
5334086151564077557,8,fixed_relational,validation,64,regime_change,ok,19,1216,2.76313368085787,2.334514792208428,16.263157894736842,0.631578947368421,0.7894736842105263,0.631578947368421,1.0,1.0,8.0,56.0,448.0,65.0,171,0.0022269,0.2008326143099508
5334086151564077557,8,persistence,validation,64,regime_change,ok,19,1216,0.6054308510945133,0.9338102114321557,0.0,0.0,0.0,0.0,1.0,1.0,1.0,1.0,8.0,1.0,0,6.7e-06,0.9165825623377987
5334086151564077557,8,raw_ar,validation,64,regime_change,ok,19,1216,0.3702404682058771,0.6892771614483078,0.0,0.0,0.0,0.0,1.0,1.0,56.0,56.0,448.0,56.0,57,0.0081708,1.4988295674528713
5334086151564077557,8,raw_matched,validation,64,regime_change,ok,19,1216,41.41681913680794,78.76780771816551,75.0,0.7368421052631579,0.7368421052631579,0.7368421052631579,1.0,1.0,56.0,56.0,448.0,56.0,171,0.0101712,0.013398599225631707
5334086151564077557,8,vectorchain_absolute,validation,64,regime_change,ok,19,1216,0.5549147253350306,0.9336068100326639,15.947368421052632,0.0,0.0,0.10526315789473684,1.0,1.0,8.0,40.0,320.0,95.78947368421052,123,0.0021806,1.0000227701283744
5334086151564077557,8,vectorchain_cartesian,validation,64,regime_change,ok,19,1216,0.5551556856553389,0.9071087079746352,16.210526315789473,0.0,0.0,0.10526315789473684,1.0,1.0,8.0,24.0,192.0,95.78947368421052,75,0.0022459,0.9995887192607852
5334086151564077557,8,vectorchain_relational,validation,64,regime_change,ok,19,1216,0.5549273608145633,0.933632102682858,15.947368421052632,0.0,0.0,0.10526315789473684,1.0,1.0,8.0,56.0,448.0,95.78947368421052,171,0.0021945,1.0
5334086151564077557,8,fixed_relational,validation,64,second_order_response,ok,17,1088,0.39731370715701286,0.8918660948559937,18.235294117647058,0.4117647058823529,0.5882352941176471,0.47058823529411764,1.0,1.0,8.0,56.0,448.0,65.0,171,0.0023067,0.1884554025727209
5334086151564077557,8,persistence,validation,64,second_order_response,ok,17,1088,0.04455071063265649,0.0611662579576695,0.0,0.0,0.0,0.0,1.0,1.0,1.0,1.0,8.0,1.0,0,9e-06,1.6806895685082421
5334086151564077557,8,raw_ar,validation,64,second_order_response,ok,17,1088,0.024815312503234422,0.03036039527254209,0.0,0.0,0.0,0.0,1.0,1.0,56.0,56.0,448.0,56.0,57,0.0080642,3.017327088674611
5334086151564077557,8,raw_matched,validation,64,second_order_response,ok,17,1088,0.5441996354906667,0.7970243716190435,29.294117647058822,0.29411764705882354,0.29411764705882354,0.35294117647058826,1.0,1.0,56.0,56.0,448.0,56.0,171,0.0016629,0.13758905693206616
5334086151564077557,8,vectorchain_absolute,validation,64,second_order_response,ok,17,1088,0.07487522600256077,0.10263908667432284,17.823529411764707,0.0,0.0,0.0,1.0,1.0,8.0,40.0,320.0,102.0,123,0.0024586,1.0000091969989406
5334086151564077557,8,vectorchain_cartesian,validation,64,second_order_response,ok,17,1088,0.054734283702373585,0.0707711102454444,17.823529411764707,0.0,0.0,0.0,1.0,1.0,8.0,24.0,192.0,102.0,75,0.0024231,1.3679893033237587
5334086151564077557,8,vectorchain_relational,validation,64,second_order_response,ok,17,1088,0.074875914629935,0.10263813194226877,17.823529411764707,0.0,0.0,0.0,1.0,1.0,8.0,56.0,448.0,102.0,171,0.0024371,1.0
5334086151564077557,8,fixed_relational,validation,64,sine,ok,12,768,3.946554407705846,4.003765370098422,21.333333333333332,0.75,0.9166666666666666,0.75,1.0,1.0,8.0,56.0,448.0,65.0,171,0.0030332,0.05343475696415196
5334086151564077557,8,persistence,validation,64,sine,ok,12,768,0.24143170672020656,0.3832976701606275,0.0,0.0,0.0,0.0,1.0,1.0,1.0,1.0,8.0,1.0,0,9.05e-06,0.8734692658489779
5334086151564077557,8,raw_ar,validation,64,sine,ok,12,768,0.09506046840913143,0.17439567668673783,0.0,0.0,0.0,0.0,1.0,1.0,56.0,56.0,448.0,56.0,57,0.00803115,2.2184108615365004
5334086151564077557,8,raw_matched,validation,64,sine,ok,12,768,13.527836191106148,26.659806865337018,69.66666666666667,0.6666666666666666,0.6666666666666666,0.6666666666666666,1.0,1.0,56.0,56.0,448.0,56.0,171,0.00975455,0.015588832732925117
5334086151564077557,8,vectorchain_absolute,validation,64,sine,ok,12,768,0.21087106854088467,0.25927128741210176,17.0,0.0,0.0,0.0,1.0,1.0,8.0,40.0,320.0,128.66666666666666,123,0.002306,1.0000574146124628
5334086151564077557,8,vectorchain_cartesian,validation,64,sine,ok,12,768,0.2074026293516757,0.25838086377853203,17.083333333333332,0.0,0.0,0.0,1.0,1.0,8.0,24.0,192.0,128.66666666666666,75,0.0023076499999999996,1.0167815918282654
5334086151564077557,8,vectorchain_relational,validation,64,sine,ok,12,768,0.21088317562156456,0.2592675350180916,17.0,0.0,0.0,0.0,1.0,1.0,8.0,56.0,448.0,128.66666666666666,171,0.0022878,1.0
5334086151564077557,8,fixed_relational,validation,128,chirp,ok,17,2176,3.978852744081816,2.888528403296,17.764705882352942,0.7647058823529411,0.8235294117647058,0.7647058823529411,1.0,1.0,8.0,56.0,448.0,65.0,171,0.0025679,0.19666147987589086
5334086151564077557,8,persistence,validation,128,chirp,ok,17,2176,0.8710951355074937,1.2520278126159528,0.0,0.0,0.0,0.0,1.0,1.0,1.0,1.0,8.0,1.0,0,9.5e-06,0.8982796906603179
5334086151564077557,8,raw_ar,validation,128,chirp,ok,17,2176,0.6015670640640064,1.0350572949282932,0.0,0.0,0.0,0.0,1.0,1.0,56.0,56.0,448.0,56.0,57,0.0083196,1.3007478560630157
5334086151564077557,8,raw_matched,validation,128,chirp,ok,17,2176,4848.6821183254815,15182.991319202612,70.76470588235294,0.7058823529411765,0.6470588235294118,0.7058823529411765,1.0,1.0,56.0,56.0,448.0,56.0,171,0.0104256,0.0001613813918429479
5334086151564077557,8,vectorchain_absolute,validation,128,chirp,ok,17,2176,0.7824675253147698,1.241268072505756,17.176470588235293,0.0,0.0,0.0,1.0,1.0,8.0,40.0,320.0,100.52941176470588,123,0.0023379,1.000024976812426
5334086151564077557,8,vectorchain_cartesian,validation,128,chirp,ok,17,2176,0.7607686355347721,1.1972628291213923,17.176470588235293,0.0,0.0,0.0,1.0,1.0,8.0,24.0,192.0,100.52941176470588,75,0.0023791,1.0285480135617582
5334086151564077557,8,vectorchain_relational,validation,128,chirp,ok,17,2176,0.7824870688593791,1.2412880854548625,17.176470588235293,0.0,0.0,0.0,1.0,1.0,8.0,56.0,448.0,100.52941176470588,171,0.002317,1.0
5334086151564077557,8,fixed_relational,validation,128,first_order_response,ok,20,2560,1.9854862699789155,2.6383209788227058,15.2,0.2,0.4,0.2,1.0,1.0,8.0,56.0,448.0,65.0,171,0.0021759,0.027101585645520287
5334086151564077557,8,persistence,validation,128,first_order_response,ok,20,2560,0.01837412100510757,0.017434417831665598,0.0,0.0,0.0,0.0,1.0,1.0,1.0,1.0,8.0,1.0,0,8.95e-06,2.928566007532025
5334086151564077557,8,raw_ar,validation,128,first_order_response,ok,20,2560,0.045327034708984554,0.0642647597133569,0.0,0.0,0.0,0.0,1.0,1.0,56.0,56.0,448.0,56.0,57,0.0084042,1.1871464025678302
5334086151564077557,8,raw_matched,validation,128,first_order_response,ok,20,2560,205.2339721116353,454.042029134897,35.4,0.35,0.35,0.35,1.0,1.0,56.0,56.0,448.0,56.0,171,0.00170295,0.00026218771502687087
5334086151564077557,8,vectorchain_absolute,validation,128,first_order_response,ok,20,2560,0.05379622160769246,0.06565435529043209,17.8,0.0,0.0,0.0,1.0,1.0,8.0,40.0,320.0,88.6,123,0.00239265,1.0002528911090625
5334086151564077557,8,vectorchain_cartesian,validation,128,first_order_response,ok,20,2560,0.06378849962725683,0.08670464540165405,17.85,0.0,0.0,0.0,1.0,1.0,8.0,24.0,192.0,88.6,75,0.00246015,0.843566262073442
5334086151564077557,8,vectorchain_relational,validation,128,first_order_response,ok,20,2560,0.053809826193838194,0.06567370571313398,17.8,0.0,0.0,0.0,1.0,1.0,8.0,56.0,448.0,88.6,171,0.0026021,1.0
5334086151564077557,8,fixed_relational,validation,128,piecewise_linear,ok,18,2304,3.3787723897900412,4.0463583059380515,21.38888888888889,0.6111111111111112,0.6666666666666666,0.6111111111111112,1.0,1.0,8.0,56.0,448.0,65.0,171,0.003996700000000001,0.029996190487178585
5334086151564077557,8,persistence,validation,128,piecewise_linear,ok,18,2304,0.13178235224105428,0.18176010843341306,0.0,0.0,0.0,0.0,1.0,1.0,1.0,1.0,8.0,1.0,0,9.6e-06,0.7690733887612907
5334086151564077557,8,raw_ar,validation,128,piecewise_linear,ok,18,2304,0.10620561549401909,0.16035134488758582,0.0,0.0,0.0,0.0,1.0,1.0,56.0,56.0,448.0,56.0,57,0.0091844,0.9542838177202521
5334086151564077557,8,raw_matched,validation,128,piecewise_linear,ok,18,2304,570.5711232450601,1067.0511391449493,46.888888888888886,0.6111111111111112,0.6111111111111112,0.6111111111111112,1.0,1.0,56.0,56.0,448.0,56.0,171,0.0054966,0.0001776295646378721
5334086151564077557,8,vectorchain_absolute,validation,128,piecewise_linear,ok,18,2304,0.10139695443443447,0.10042142795099275,17.666666666666668,0.0,0.0,0.0,1.0,1.0,8.0,40.0,320.0,94.16666666666667,123,0.0028657,0.999539885416352
5334086151564077557,8,vectorchain_cartesian,validation,128,piecewise_linear,ok,18,2304,0.09080633314205659,0.10151645621652754,17.333333333333332,0.0,0.0,0.0,1.0,1.0,8.0,24.0,192.0,94.16666666666667,75,0.00261355,1.1161148865950816
5334086151564077557,8,vectorchain_relational,validation,128,piecewise_linear,ok,18,2304,0.10135030021696169,0.10028345068298593,17.666666666666668,0.0,0.0,0.0,1.0,1.0,8.0,56.0,448.0,94.16666666666667,171,0.0027758,1.0
5334086151564077557,8,fixed_relational,validation,128,ramp,ok,15,1920,9.828249194525796,6.815228241358713,18.2,0.4,0.5333333333333333,0.4,1.0,1.0,8.0,56.0,448.0,65.0,171,0.0021068,0.012575083152874207
5334086151564077557,8,persistence,validation,128,ramp,ok,15,1920,0.041992278470186266,0.06160466716772142,0.0,0.0,0.0,0.0,1.0,1.0,1.0,1.0,8.0,1.0,0,9.1e-06,2.9431851609594886
5334086151564077557,8,raw_ar,validation,128,ramp,ok,15,1920,0.0541055615706623,0.0726135778150545,0.0,0.0,0.0,0.0,1.0,1.0,56.0,56.0,448.0,56.0,57,0.007953,2.2842577968056004
5334086151564077557,8,raw_matched,validation,128,ramp,ok,15,1920,29.083830977750655,56.88130708889108,23.8,0.2,0.2,0.2,1.0,1.0,56.0,56.0,448.0,56.0,171,0.0015898,0.0042494763142750655
5334086151564077557,8,vectorchain_absolute,validation,128,ramp,ok,15,1920,0.1235919824256249,0.1467614916993808,17.666666666666668,0.0,0.0,0.0,1.0,1.0,8.0,40.0,320.0,120.2,123,0.0023428,0.999992462639762
5334086151564077557,8,vectorchain_cartesian,validation,128,ramp,ok,15,1920,0.10121950094197973,0.1331603441353999,17.8,0.0,0.0,0.0,1.0,1.0,8.0,24.0,192.0,120.2,75,0.0023928,1.2210201563745582
5334086151564077557,8,vectorchain_relational,validation,128,ramp,ok,15,1920,0.12359105086833083,0.14677409945116315,17.666666666666668,0.0,0.0,0.0,1.0,1.0,8.0,56.0,448.0,120.2,171,0.0024036,1.0
5334086151564077557,8,fixed_relational,validation,128,regime_change,ok,19,2432,3.171775703420649,2.844037864635687,16.263157894736842,0.631578947368421,0.7894736842105263,0.631578947368421,1.0,1.0,8.0,56.0,448.0,65.0,171,0.0022269,0.3763636816124351
5334086151564077557,8,persistence,validation,128,regime_change,ok,19,2432,1.0748101401346881,1.4440797028253942,0.0,0.0,0.0,0.0,1.0,1.0,1.0,1.0,8.0,1.0,0,6.7e-06,1.1106530692375816
5334086151564077557,8,raw_ar,validation,128,regime_change,ok,19,2432,0.9613327894509842,1.5305250111810396,0.0,0.0,0.0,0.0,1.0,1.0,56.0,56.0,448.0,56.0,57,0.0081708,1.2417564386522282
5334086151564077557,8,raw_matched,validation,128,regime_change,ok,19,2432,7823.876120894098,20727.81113656421,75.0,0.7368421052631579,0.7368421052631579,0.7368421052631579,1.0,1.0,56.0,56.0,448.0,56.0,171,0.0101712,0.00015257669760392986
5334086151564077557,8,vectorchain_absolute,validation,128,regime_change,ok,19,2432,1.1937117001880226,1.7201234749186287,15.947368421052632,0.0,0.0,0.10526315789473684,1.0,1.0,8.0,40.0,320.0,95.78947368421052,123,0.0021806,1.0000246967506805
5334086151564077557,8,vectorchain_cartesian,validation,128,regime_change,ok,19,2432,1.1851177885388464,1.736227178555529,16.210526315789473,0.0,0.0,0.10526315789473684,1.0,1.0,8.0,24.0,192.0,95.78947368421052,75,0.0022459,1.007276401158447
5334086151564077557,8,vectorchain_relational,validation,128,regime_change,ok,19,2432,1.1937411809882665,1.720176962225292,15.947368421052632,0.0,0.0,0.10526315789473684,1.0,1.0,8.0,56.0,448.0,95.78947368421052,171,0.0021945,1.0
5334086151564077557,8,fixed_relational,validation,128,second_order_response,ok,17,2176,4.06702436489098,4.518820972932139,18.235294117647058,0.4117647058823529,0.5882352941176471,0.47058823529411764,1.0,1.0,8.0,56.0,448.0,65.0,171,0.0023067,0.029125495947769385
5334086151564077557,8,persistence,validation,128,second_order_response,ok,17,2176,0.0728155071347612,0.10048151972259452,0.0,0.0,0.0,0.0,1.0,1.0,1.0,1.0,8.0,1.0,0,9e-06,1.6267702625470433
5334086151564077557,8,raw_ar,validation,128,second_order_response,ok,17,2176,0.04209699352830302,0.053799480464166265,0.0,0.0,0.0,0.0,1.0,1.0,56.0,56.0,448.0,56.0,57,0.0080642,2.8138375625202663
5334086151564077557,8,raw_matched,validation,128,second_order_response,ok,17,2176,109.22991626303187,147.50557907244715,29.294117647058822,0.29411764705882354,0.29411764705882354,0.35294117647058826,1.0,1.0,56.0,56.0,448.0,56.0,171,0.0016629,0.0010844474271486885
5334086151564077557,8,vectorchain_absolute,validation,128,second_order_response,ok,17,2176,0.11845367939141759,0.16363842168651155,17.823529411764707,0.0,0.0,0.0,1.0,1.0,8.0,40.0,320.0,102.0,123,0.0024586,1.000003564833918
5334086151564077557,8,vectorchain_cartesian,validation,128,second_order_response,ok,17,2176,0.09431460481856159,0.14055445384047296,17.823529411764707,0.0,0.0,0.0,1.0,1.0,8.0,24.0,192.0,102.0,75,0.0024231,1.2559465406973664
5334086151564077557,8,vectorchain_relational,validation,128,second_order_response,ok,17,2176,0.11845410165911159,0.16361755888271018,17.823529411764707,0.0,0.0,0.0,1.0,1.0,8.0,56.0,448.0,102.0,171,0.0024371,1.0
5334086151564077557,8,fixed_relational,validation,128,sine,ok,12,1536,5.407273145422102,4.077670594905379,21.333333333333332,0.75,0.9166666666666666,0.75,1.0,1.0,8.0,56.0,448.0,65.0,171,0.0030332,0.0705503495084515
5334086151564077557,8,persistence,validation,128,sine,ok,12,1536,0.48859079023688723,0.8048477212877478,0.0,0.0,0.0,0.0,1.0,1.0,1.0,1.0,8.0,1.0,0,9.05e-06,0.7807863306474421
5334086151564077557,8,raw_ar,validation,128,sine,ok,12,1536,0.2813899392414981,0.5101927015798228,0.0,0.0,0.0,0.0,1.0,1.0,56.0,56.0,448.0,56.0,57,0.00803115,1.3557165950051622
5334086151564077557,8,raw_matched,validation,128,sine,ok,12,1536,2744.396094929337,7386.466223191553,69.66666666666667,0.6666666666666666,0.6666666666666666,0.6666666666666666,1.0,1.0,56.0,56.0,448.0,56.0,171,0.00975455,0.00013900508421581023
5334086151564077557,8,vectorchain_absolute,validation,128,sine,ok,12,1536,0.38148546646534437,0.5994163586279752,17.0,0.0,0.0,0.0,1.0,1.0,8.0,40.0,320.0,128.66666666666666,123,0.002306,0.9999988042319007
5334086151564077557,8,vectorchain_cartesian,validation,128,sine,ok,12,1536,0.37402042846431416,0.6045315033828061,17.083333333333332,0.0,0.0,0.0,1.0,1.0,8.0,24.0,192.0,128.66666666666666,75,0.0023076499999999996,1.0199576848342957
5334086151564077557,8,vectorchain_relational,validation,128,sine,ok,12,1536,0.3814850102971932,0.5994133632589391,17.0,0.0,0.0,0.0,1.0,1.0,8.0,56.0,448.0,128.66666666666666,171,0.0022878,1.0
5334086151564077557,16,fixed_relational,test,16,chirp,ok,10,160,0.3521890470337294,0.4113169257820786,12.3,0.6,0.7,0.7,1.0,1.0,16.0,112.0,896.0,129.0,339,0.0017301,0.6961876867725925
5334086151564077557,16,persistence,test,16,chirp,ok,10,160,0.16299533448828651,0.24360946322441154,0.0,0.0,0.0,0.0,1.0,1.0,1.0,1.0,8.0,1.0,0,6.7e-06,1.5042742096319088
5334086151564077557,16,raw_ar,test,16,chirp,ok,10,160,0.028708413808102497,0.03735471742397241,0.0,0.0,0.0,0.0,1.0,1.0,112.0,112.0,896.0,112.0,113,0.0093037,8.540690530657423
5334086151564077557,16,raw_matched,test,16,chirp,ok,10,160,0.5522135918793986,0.6841116276699959,46.2,0.8,0.7,0.9,1.0,1.0,112.0,112.0,896.0,112.0,339,0.00226935,0.44401239224586914
5334086151564077557,16,vectorchain_absolute,test,16,chirp,ok,10,160,0.24513201973177112,0.2898869152128703,14.3,0.1,0.0,0.1,1.0,1.0,16.0,80.0,640.0,216.0,243,0.00211765,1.000235212965437
5334086151564077557,16,vectorchain_cartesian,test,16,chirp,ok,10,160,0.3059555973844015,0.3548501791853895,13.7,0.0,0.0,0.1,1.0,1.0,16.0,48.0,384.0,216.0,147,0.00200285,0.8013897443196648
5334086151564077557,16,vectorchain_relational,test,16,chirp,ok,10,160,0.2451896779610558,0.2899520790048092,14.3,0.1,0.0,0.1,1.0,1.0,16.0,112.0,896.0,216.0,339,0.0021179,1.0
5334086151564077557,16,fixed_relational,test,16,first_order_response,ok,14,224,0.02942075802088803,0.03158150113692054,16.785714285714285,0.42857142857142855,0.5,0.42857142857142855,1.0,1.0,16.0,112.0,896.0,129.0,339,0.00240805,1.0756140276512305
5334086151564077557,16,persistence,test,16,first_order_response,ok,14,224,0.02127879077694041,0.016639634686337747,0.0,0.0,0.0,0.0,1.0,1.0,1.0,1.0,8.0,1.0,0,5.050000000000001e-06,1.4871794343545766
5334086151564077557,16,raw_ar,test,16,first_order_response,ok,14,224,0.016556456496560065,0.014835594484342256,0.0,0.0,0.0,0.0,1.0,1.0,112.0,112.0,896.0,112.0,113,0.0093457,1.91136189304605
5334086151564077557,16,raw_matched,test,16,first_order_response,ok,14,224,0.04176465935707114,0.051184678938943344,16.785714285714285,0.14285714285714285,0.14285714285714285,0.14285714285714285,1.0,1.0,112.0,112.0,896.0,112.0,339,0.0015652,0.7577071265168063
5334086151564077557,16,vectorchain_absolute,test,16,first_order_response,ok,14,224,0.031671267003280636,0.03979629182208094,15.642857142857142,0.0,0.0,0.0,1.0,1.0,16.0,80.0,640.0,174.5,243,0.00224695,0.9991826354190902
5334086151564077557,16,vectorchain_cartesian,test,16,first_order_response,ok,14,224,0.02725729008534624,0.030710977228193635,16.214285714285715,0.0,0.0,0.0,1.0,1.0,16.0,48.0,384.0,174.5,147,0.0023355,1.1609877552872527
5334086151564077557,16,vectorchain_relational,test,16,first_order_response,ok,14,224,0.03164538003139962,0.03978069291691261,15.642857142857142,0.0,0.0,0.0,1.0,1.0,16.0,112.0,896.0,174.5,339,0.0022588,1.0
5334086151564077557,16,fixed_relational,test,16,piecewise_linear,ok,15,240,0.029479676465054346,0.03878067327996441,13.6,0.3333333333333333,0.6666666666666666,0.4,1.0,1.0,16.0,112.0,896.0,129.0,339,0.0019597,0.8802546194905795
5334086151564077557,16,persistence,test,16,piecewise_linear,ok,15,240,0.021398784486910308,0.020817359916123837,0.0,0.0,0.0,0.0,1.0,1.0,1.0,1.0,8.0,1.0,0,4.7e-06,1.21266800949957
5334086151564077557,16,raw_ar,test,16,piecewise_linear,ok,15,240,0.01598677398929619,0.015657045790956815,0.0,0.0,0.0,0.0,1.0,1.0,112.0,112.0,896.0,112.0,113,0.0089809,1.6231931099311314
5334086151564077557,16,raw_matched,test,16,piecewise_linear,ok,15,240,0.03710877235508909,0.04870878546179679,13.466666666666667,0.06666666666666667,0.2,0.06666666666666667,1.0,1.0,112.0,112.0,896.0,112.0,339,0.0016564,0.6992853641490265
5334086151564077557,16,vectorchain_absolute,test,16,piecewise_linear,ok,15,240,0.025955032769633315,0.02285128852956211,16.8,0.0,0.0,0.0,1.0,1.0,16.0,80.0,640.0,165.73333333333332,243,0.0023587,0.9997915094066904
5334086151564077557,16,vectorchain_cartesian,test,16,piecewise_linear,ok,15,240,0.028075558714037576,0.031119331862959808,16.933333333333334,0.0,0.0,0.0,1.0,1.0,16.0,48.0,384.0,165.73333333333332,147,0.0023597,0.9242780047143703
5334086151564077557,16,vectorchain_relational,test,16,piecewise_linear,ok,15,240,0.025949621389451803,0.022850834943080545,16.8,0.0,0.0,0.0,1.0,1.0,16.0,112.0,896.0,165.73333333333332,339,0.0023587,1.0
5334086151564077557,16,fixed_relational,test,16,ramp,ok,11,176,0.041913844766760265,0.061968908900854894,15.090909090909092,0.45454545454545453,0.6363636363636364,0.45454545454545453,1.0,1.0,16.0,112.0,896.0,129.0,339,0.0020194,0.9198377945186068
5334086151564077557,16,persistence,test,16,ramp,ok,11,176,0.02324866386265801,0.020767391501415933,0.0,0.0,0.0,0.0,1.0,1.0,1.0,1.0,8.0,1.0,0,4.7e-06,1.6583292165868218
5334086151564077557,16,raw_ar,test,16,ramp,ok,11,176,0.016714185674046374,0.017926241189475278,0.0,0.0,0.0,0.0,1.0,1.0,112.0,112.0,896.0,112.0,113,0.008904,2.306659701041744
5334086151564077557,16,raw_matched,test,16,ramp,ok,11,176,0.034628064933377584,0.042338619886953824,15.181818181818182,0.18181818181818182,0.09090909090909091,0.2727272727272727,1.0,1.0,112.0,112.0,896.0,112.0,339,0.0016243,1.1133725954432505
5334086151564077557,16,vectorchain_absolute,test,16,ramp,ok,11,176,0.03858151059857903,0.04659699150582226,16.272727272727273,0.0,0.0,0.0,1.0,1.0,16.0,80.0,640.0,252.36363636363637,243,0.0021988,0.9992853553917602
5334086151564077557,16,vectorchain_cartesian,test,16,ramp,ok,11,176,0.030075655746452434,0.036413192587588024,16.545454545454547,0.0,0.0,0.0,1.0,1.0,16.0,48.0,384.0,252.36363636363637,147,0.0022462,1.2818985180264817
5334086151564077557,16,vectorchain_relational,test,16,ramp,ok,11,176,0.03855393853005201,0.04658246146021902,16.272727272727273,0.0,0.0,0.0,1.0,1.0,16.0,112.0,896.0,252.36363636363637,339,0.0022653,1.0
5334086151564077557,16,fixed_relational,test,16,regime_change,ok,13,208,0.3020559208611896,0.4414392458687489,13.923076923076923,0.6153846153846154,0.9230769230769231,0.6153846153846154,1.0,1.0,16.0,112.0,896.0,129.0,339,0.0026666,0.5479721852373088
5334086151564077557,16,persistence,test,16,regime_change,ok,13,208,0.17408945392011216,0.2587101546623112,0.0,0.0,0.0,0.0,1.0,1.0,1.0,1.0,8.0,1.0,0,7.3e-06,0.9507654788447341
5334086151564077557,16,raw_ar,test,16,regime_change,ok,13,208,0.0394439394752803,0.06235694203151649,0.0,0.0,0.0,0.0,1.0,1.0,112.0,112.0,896.0,112.0,113,0.0093838,4.196290868002795
5334086151564077557,16,raw_matched,test,16,regime_change,ok,13,208,0.35575543935042087,0.42420166433774126,15.076923076923077,0.7692307692307693,0.6923076923076923,0.7692307692307693,1.0,1.0,112.0,112.0,896.0,112.0,339,0.0017922,0.46525850263989194
5334086151564077557,16,vectorchain_absolute,test,16,regime_change,ok,13,208,0.16551634502519896,0.19571030699407968,14.076923076923077,0.0,0.0,0.0,1.0,1.0,16.0,80.0,640.0,171.92307692307693,243,0.0018476,1.0000114671029887
5334086151564077557,16,vectorchain_cartesian,test,16,regime_change,ok,13,208,0.21029921943043273,0.23788453829614756,14.0,0.0,0.0,0.07692307692307693,1.0,1.0,16.0,48.0,384.0,171.92307692307693,147,0.0018551,0.7870606627378727
5334086151564077557,16,vectorchain_relational,test,16,regime_change,ok,13,208,0.1655182430181737,0.19574329731380657,14.23076923076923,0.0,0.0,0.0,1.0,1.0,16.0,112.0,896.0,171.92307692307693,339,0.0020047,1.0
5334086151564077557,16,fixed_relational,test,16,second_order_response,ok,14,224,0.024602888151737033,0.027731506861241317,14.142857142857142,0.2857142857142857,0.7142857142857143,0.35714285714285715,1.0,1.0,16.0,112.0,896.0,129.0,339,0.0021809999999999998,1.0257453422647496
5334086151564077557,16,persistence,test,16,second_order_response,ok,14,224,0.019995397635148036,0.020290451265427563,0.0,0.0,0.0,0.0,1.0,1.0,1.0,1.0,8.0,1.0,0,4.7e-06,1.262105329855723
5334086151564077557,16,raw_ar,test,16,second_order_response,ok,14,224,0.013157741068848284,0.012251292749070124,0.0,0.0,0.0,0.0,1.0,1.0,112.0,112.0,896.0,112.0,113,0.008957099999999999,1.9179810421754884
5334086151564077557,16,raw_matched,test,16,second_order_response,ok,14,224,0.027592843335816963,0.03854496773492564,20.928571428571427,0.21428571428571427,0.21428571428571427,0.21428571428571427,1.0,1.0,112.0,112.0,896.0,112.0,339,0.0015647,0.914595774736517
5334086151564077557,16,vectorchain_absolute,test,16,second_order_response,ok,14,224,0.025275153593943358,0.03383782964541858,16.357142857142858,0.0,0.0,0.0,1.0,1.0,16.0,80.0,640.0,184.92857142857142,243,0.0023144999999999997,0.9984626931783388
5334086151564077557,16,vectorchain_cartesian,test,16,second_order_response,ok,14,224,0.023305618593984015,0.02944273557133687,16.357142857142858,0.0,0.0,0.0,1.0,1.0,16.0,48.0,384.0,184.92857142857142,147,0.0023032,1.0828417974032758
5334086151564077557,16,vectorchain_relational,test,16,second_order_response,ok,14,224,0.025236297927904855,0.03382231098483451,16.357142857142858,0.0,0.0,0.0,1.0,1.0,16.0,112.0,896.0,184.92857142857142,339,0.0023251,1.0
5334086151564077557,16,fixed_relational,test,16,sine,ok,11,176,0.05072897984518224,0.07901660312414747,15.272727272727273,0.7272727272727273,0.8181818181818182,0.7272727272727273,1.0,1.0,16.0,112.0,896.0,129.0,339,0.0020942,1.0257475880645561
5334086151564077557,16,persistence,test,16,sine,ok,11,176,0.06383742459707119,0.09149018918868097,0.0,0.0,0.0,0.0,1.0,1.0,1.0,1.0,8.0,1.0,0,9.1e-06,0.8151194859380103
5334086151564077557,16,raw_ar,test,16,sine,ok,11,176,0.018113560117481657,0.022805937387627626,0.0,0.0,0.0,0.0,1.0,1.0,112.0,112.0,896.0,112.0,113,0.0098212,2.8727168145676294
5334086151564077557,16,raw_matched,test,16,sine,ok,11,176,0.04792996737150458,0.054765961732030605,21.636363636363637,0.2727272727272727,0.2727272727272727,0.36363636363636365,1.0,1.0,112.0,112.0,896.0,112.0,339,0.0019037,1.0856491580277434
5334086151564077557,16,vectorchain_absolute,test,16,sine,ok,11,176,0.05191077349643798,0.05346094013681765,19.181818181818183,0.0,0.0,0.0,1.0,1.0,16.0,80.0,640.0,248.45454545454547,243,0.0028823,1.0023955571523455
5334086151564077557,16,vectorchain_cartesian,test,16,sine,ok,11,176,0.05482900581954401,0.06095618027240672,18.818181818181817,0.0,0.0,0.0,1.0,1.0,16.0,48.0,384.0,248.45454545454547,147,0.002884,0.9490438125475374
5334086151564077557,16,vectorchain_relational,test,16,sine,ok,11,176,0.052035128721171164,0.05389512315525533,19.272727272727273,0.0,0.0,0.0,1.0,1.0,16.0,112.0,896.0,248.45454545454547,339,0.0030133,1.0
5334086151564077557,16,fixed_relational,test,64,chirp,ok,10,640,1.8620311711057387,2.3838926066640838,12.3,0.6,0.7,0.7,1.0,1.0,16.0,112.0,896.0,129.0,339,0.0017301,0.3412003390755901
5334086151564077557,16,persistence,test,64,chirp,ok,10,640,0.6036768475580888,0.894522792208444,0.0,0.0,0.0,0.0,1.0,1.0,1.0,1.0,8.0,1.0,0,6.7e-06,1.052426756998432
5334086151564077557,16,raw_ar,test,64,chirp,ok,10,640,0.18159925453702272,0.3037486584247503,0.0,0.0,0.0,0.0,1.0,1.0,112.0,112.0,896.0,112.0,113,0.0093037,3.49850371671582
5334086151564077557,16,raw_matched,test,64,chirp,ok,10,640,178.1204884892528,341.76791431786313,46.2,0.8,0.7,0.9,1.0,1.0,112.0,112.0,896.0,112.0,339,0.00226935,0.0035668309262970026
5334086151564077557,16,vectorchain_absolute,test,64,chirp,ok,10,640,0.6352169524865839,0.923811581424725,14.3,0.1,0.0,0.1,1.0,1.0,16.0,80.0,640.0,216.0,243,0.00211765,1.0001711454072293
5334086151564077557,16,vectorchain_cartesian,test,64,chirp,ok,10,640,0.7341293879079852,0.9753154142095509,13.7,0.0,0.0,0.1,1.0,1.0,16.0,48.0,384.0,216.0,147,0.00200285,0.8654137505120925
5334086151564077557,16,vectorchain_relational,test,64,chirp,ok,10,640,0.6353256669505962,0.924003781923837,14.3,0.1,0.0,0.1,1.0,1.0,16.0,112.0,896.0,216.0,339,0.0021179,1.0
5334086151564077557,16,fixed_relational,test,64,first_order_response,ok,14,896,0.45304160952828065,0.6582818727886292,16.785714285714285,0.42857142857142855,0.5,0.42857142857142855,1.0,1.0,16.0,112.0,896.0,129.0,339,0.00240805,0.19374334909182495
5334086151564077557,16,persistence,test,64,first_order_response,ok,14,896,0.020806686325614658,0.01628963599896583,0.0,0.0,0.0,0.0,1.0,1.0,1.0,1.0,8.0,1.0,0,5.050000000000001e-06,4.21853808599515
5334086151564077557,16,raw_ar,test,64,first_order_response,ok,14,896,0.03209543406695924,0.041176979060878714,0.0,0.0,0.0,0.0,1.0,1.0,112.0,112.0,896.0,112.0,113,0.0093457,2.7347752494900504
5334086151564077557,16,raw_matched,test,64,first_order_response,ok,14,896,0.43222846788948105,0.8629944978011113,16.785714285714285,0.14285714285714285,0.14285714285714285,0.14285714285714285,1.0,1.0,112.0,112.0,896.0,112.0,339,0.0015652,0.20307269240397027
5334086151564077557,16,vectorchain_absolute,test,64,first_order_response,ok,14,896,0.08784458615251516,0.12547197571994248,15.642857142857142,0.0,0.0,0.0,1.0,1.0,16.0,80.0,640.0,174.5,243,0.00224695,0.9991941740788405
5334086151564077557,16,vectorchain_cartesian,test,64,first_order_response,ok,14,896,0.05939767552617661,0.07413866341371951,16.214285714285715,0.0,0.0,0.0,1.0,1.0,16.0,48.0,384.0,174.5,147,0.0023355,1.4777312063209935
5334086151564077557,16,vectorchain_relational,test,64,first_order_response,ok,14,896,0.08777379870795993,0.12539386740566183,15.642857142857142,0.0,0.0,0.0,1.0,1.0,16.0,112.0,896.0,174.5,339,0.0022588,1.0
5334086151564077557,16,fixed_relational,test,64,piecewise_linear,ok,15,960,0.42547344307076607,0.9824077267718994,13.6,0.3333333333333333,0.6666666666666666,0.4,1.0,1.0,16.0,112.0,896.0,129.0,339,0.0019597,0.15370017675108352
5334086151564077557,16,persistence,test,64,piecewise_linear,ok,15,960,0.05024949163574245,0.0750689571083762,0.0,0.0,0.0,0.0,1.0,1.0,1.0,1.0,8.0,1.0,0,4.7e-06,1.3014130347211936
5334086151564077557,16,raw_ar,test,64,piecewise_linear,ok,15,960,0.03659004694397519,0.04794633848253625,0.0,0.0,0.0,0.0,1.0,1.0,112.0,112.0,896.0,112.0,113,0.0089809,1.7872440421571152
5334086151564077557,16,raw_matched,test,64,piecewise_linear,ok,15,960,0.2831510073848807,0.502668011302622,13.466666666666667,0.06666666666666667,0.2,0.06666666666666667,1.0,1.0,112.0,112.0,896.0,112.0,339,0.0016564,0.2309557151388779
5334086151564077557,16,vectorchain_absolute,test,64,piecewise_linear,ok,15,960,0.06541574932659254,0.08975172272752915,16.8,0.0,0.0,0.0,1.0,1.0,16.0,80.0,640.0,165.73333333333332,243,0.0023587,0.9996880579381298
5334086151564077557,16,vectorchain_cartesian,test,64,piecewise_linear,ok,15,960,0.06281904937461588,0.07257936278409342,16.933333333333334,0.0,0.0,0.0,1.0,1.0,16.0,48.0,384.0,165.73333333333332,147,0.0023597,1.0410113501223082
5334086151564077557,16,vectorchain_relational,test,64,piecewise_linear,ok,15,960,0.06539534340286882,0.089718808348565,16.8,0.0,0.0,0.0,1.0,1.0,16.0,112.0,896.0,165.73333333333332,339,0.0023587,1.0
5334086151564077557,16,fixed_relational,test,64,ramp,ok,11,704,0.5883445268751584,1.2166814876899414,15.090909090909092,0.45454545454545453,0.6363636363636364,0.45454545454545453,1.0,1.0,16.0,112.0,896.0,129.0,339,0.0020194,0.19269471193809157
5334086151564077557,16,persistence,test,64,ramp,ok,11,704,0.030775941698395166,0.03657166676456967,0.0,0.0,0.0,0.0,1.0,1.0,1.0,1.0,8.0,1.0,0,4.7e-06,3.683750126563088
5334086151564077557,16,raw_ar,test,64,ramp,ok,11,704,0.037569273128395975,0.06041236647262935,0.0,0.0,0.0,0.0,1.0,1.0,112.0,112.0,896.0,112.0,113,0.008904,3.017648990415849
5334086151564077557,16,raw_matched,test,64,ramp,ok,11,704,0.26073471965096223,0.4510498509035925,15.181818181818182,0.18181818181818182,0.09090909090909091,0.2727272727272727,1.0,1.0,112.0,112.0,896.0,112.0,339,0.0016243,0.434813128371732
5334086151564077557,16,vectorchain_absolute,test,64,ramp,ok,11,704,0.11341563679030081,0.1367063247825907,16.272727272727273,0.0,0.0,0.0,1.0,1.0,16.0,80.0,640.0,252.36363636363637,243,0.0021988,0.9996053660235391
5334086151564077557,16,vectorchain_cartesian,test,64,ramp,ok,11,704,0.07990879297952853,0.12015416862643596,16.545454545454547,0.0,0.0,0.0,1.0,1.0,16.0,48.0,384.0,252.36363636363637,147,0.0022462,1.4187534925675247
5334086151564077557,16,vectorchain_relational,test,64,ramp,ok,11,704,0.11337087912656141,0.1366897209023138,16.272727272727273,0.0,0.0,0.0,1.0,1.0,16.0,112.0,896.0,252.36363636363637,339,0.0022653,1.0
5334086151564077557,16,fixed_relational,test,64,regime_change,ok,13,832,1.2166931199116515,1.715765333222599,13.923076923076923,0.6153846153846154,0.9230769230769231,0.6153846153846154,1.0,1.0,16.0,112.0,896.0,129.0,339,0.0026666,0.441125221327132
5334086151564077557,16,persistence,test,64,regime_change,ok,13,832,0.6426516887592519,0.96513648621009,0.0,0.0,0.0,0.0,1.0,1.0,1.0,1.0,8.0,1.0,0,7.3e-06,0.8351553900752108
5334086151564077557,16,raw_ar,test,64,regime_change,ok,13,832,0.26631359156740453,0.455660947353575,0.0,0.0,0.0,0.0,1.0,1.0,112.0,112.0,896.0,112.0,113,0.0093838,2.0153459635663493
5334086151564077557,16,raw_matched,test,64,regime_change,ok,13,832,1.6010117253908742,1.7893554757459205,15.076923076923077,0.7692307692307693,0.6923076923076923,0.7692307692307693,1.0,1.0,112.0,112.0,896.0,112.0,339,0.0017922,0.33523428548107076
5334086151564077557,16,vectorchain_absolute,test,64,regime_change,ok,13,832,0.5362754141066166,0.7713566025083808,14.076923076923077,0.0,0.0,0.0,1.0,1.0,16.0,80.0,640.0,171.92307692307693,243,0.0018476,1.0008178776987942
5334086151564077557,16,vectorchain_cartesian,test,64,regime_change,ok,13,832,0.6011993105664324,0.8219879522289856,14.0,0.0,0.0,0.07692307692307693,1.0,1.0,16.0,48.0,384.0,171.92307692307693,147,0.0018551,0.8927389176520342
5334086151564077557,16,vectorchain_relational,test,64,regime_change,ok,13,832,0.536714021808226,0.7714454984209008,14.23076923076923,0.0,0.0,0.0,1.0,1.0,16.0,112.0,896.0,171.92307692307693,339,0.0020047,1.0
5334086151564077557,16,fixed_relational,test,64,second_order_response,ok,14,896,0.38077241127277067,0.8440729897689577,14.142857142857142,0.2857142857142857,0.7142857142857143,0.35714285714285715,1.0,1.0,16.0,112.0,896.0,129.0,339,0.0021809999999999998,0.23405860280976823
5334086151564077557,16,persistence,test,64,second_order_response,ok,14,896,0.02922683650244953,0.03139248025528968,0.0,0.0,0.0,0.0,1.0,1.0,1.0,1.0,8.0,1.0,0,4.7e-06,3.04935700323029
5334086151564077557,16,raw_ar,test,64,second_order_response,ok,14,896,0.025119210304285034,0.02916727209871523,0.0,0.0,0.0,0.0,1.0,1.0,112.0,112.0,896.0,112.0,113,0.008957099999999999,3.5480039973950865
5334086151564077557,16,raw_matched,test,64,second_order_response,ok,14,896,0.21042777761087214,0.44875154203259854,20.928571428571427,0.21428571428571427,0.21428571428571427,0.21428571428571427,1.0,1.0,112.0,112.0,896.0,112.0,339,0.0015647,0.42353276541189133
5334086151564077557,16,vectorchain_absolute,test,64,second_order_response,ok,14,896,0.08916833335586234,0.14080538910237217,16.357142857142858,0.0,0.0,0.0,1.0,1.0,16.0,80.0,640.0,184.92857142857142,243,0.0023144999999999997,0.999492254894229
5334086151564077557,16,vectorchain_cartesian,test,64,second_order_response,ok,14,896,0.071177970334704,0.0852472845891267,16.357142857142858,0.0,0.0,0.0,1.0,1.0,16.0,48.0,384.0,184.92857142857142,147,0.0023032,1.2521157621090204
5334086151564077557,16,vectorchain_relational,test,64,second_order_response,ok,14,896,0.08912305857101115,0.14076086741032892,16.357142857142858,0.0,0.0,0.0,1.0,1.0,16.0,112.0,896.0,184.92857142857142,339,0.0023251,1.0
5334086151564077557,16,fixed_relational,test,64,sine,ok,11,704,1.2141492994770344,2.4215506571277703,15.272727272727273,0.7272727272727273,0.8181818181818182,0.7272727272727273,1.0,1.0,16.0,112.0,896.0,129.0,339,0.0020942,0.11148608739284213
5334086151564077557,16,persistence,test,64,sine,ok,11,704,0.24071134549424253,0.36397435611175016,0.0,0.0,0.0,0.0,1.0,1.0,1.0,1.0,8.0,1.0,0,9.1e-06,0.5623364143120223
5334086151564077557,16,raw_ar,test,64,sine,ok,11,704,0.0823563656280765,0.14728823906468172,0.0,0.0,0.0,0.0,1.0,1.0,112.0,112.0,896.0,112.0,113,0.0098212,1.6435979644942982
5334086151564077557,16,raw_matched,test,64,sine,ok,11,704,2.327638801474967,3.1319230736144847,21.636363636363637,0.2727272727272727,0.2727272727272727,0.36363636363636365,1.0,1.0,112.0,112.0,896.0,112.0,339,0.0019037,0.058153676946646506
5334086151564077557,16,vectorchain_absolute,test,64,sine,ok,11,704,0.1349680527637049,0.20126606459220706,19.181818181818183,0.0,0.0,0.0,1.0,1.0,16.0,80.0,640.0,248.45454545454547,243,0.0028823,1.0029095933275212
5334086151564077557,16,vectorchain_cartesian,test,64,sine,ok,11,704,0.14529732380171678,0.2023423917062585,18.818181818181817,0.0,0.0,0.0,1.0,1.0,16.0,48.0,384.0,248.45454545454547,147,0.002884,0.9316121685364127
5334086151564077557,16,vectorchain_relational,test,64,sine,ok,11,704,0.1353607549094547,0.20138766523490703,19.272727272727273,0.0,0.0,0.0,1.0,1.0,16.0,112.0,896.0,248.45454545454547,339,0.0030133,1.0
5334086151564077557,16,fixed_relational,test,128,chirp,ok,10,1280,3.169172935281961,3.6762810531714463,12.3,0.6,0.7,0.7,1.0,1.0,16.0,112.0,896.0,129.0,339,0.0017301,0.3732562852748342
5334086151564077557,16,persistence,test,128,chirp,ok,10,1280,0.9639798189837495,1.1740961351958186,0.0,0.0,0.0,0.0,1.0,1.0,1.0,1.0,8.0,1.0,0,6.7e-06,1.2271146075069734
5334086151564077557,16,raw_ar,test,128,chirp,ok,10,1280,0.5427902995884485,0.954753475482845,0.0,0.0,0.0,0.0,1.0,1.0,112.0,112.0,896.0,112.0,113,0.0093037,2.179319929102988
5334086151564077557,16,raw_matched,test,128,chirp,ok,10,1280,613579.3001853948,1661627.5651283134,46.2,0.8,0.7,0.9,1.0,1.0,112.0,112.0,896.0,112.0,339,0.00226935,1.9278905218273598e-06
5334086151564077557,16,vectorchain_absolute,test,128,chirp,ok,10,1280,1.1812139949139462,1.5707767258742997,14.3,0.1,0.0,0.1,1.0,1.0,16.0,80.0,640.0,216.0,243,0.00211765,1.0014389622119781
5334086151564077557,16,vectorchain_cartesian,test,128,chirp,ok,10,1280,1.2335664841374006,1.700249259474747,13.7,0.0,0.0,0.1,1.0,1.0,16.0,48.0,384.0,216.0,147,0.00200285,0.9589379514020003
5334086151564077557,16,vectorchain_relational,test,128,chirp,ok,10,1280,1.182913717216887,1.5729433249882876,14.3,0.1,0.0,0.1,1.0,1.0,16.0,112.0,896.0,216.0,339,0.0021179,1.0
5334086151564077557,16,fixed_relational,test,128,first_order_response,ok,14,1792,1.4846543089059532,2.496519209093592,16.785714285714285,0.42857142857142855,0.5,0.42857142857142855,1.0,1.0,16.0,112.0,896.0,129.0,339,0.00240805,0.10286552439543434
5334086151564077557,16,persistence,test,128,first_order_response,ok,14,1792,0.020848548878093003,0.016608057361306335,0.0,0.0,0.0,0.0,1.0,1.0,1.0,1.0,8.0,1.0,0,5.050000000000001e-06,7.325197783526561
5334086151564077557,16,raw_ar,test,128,first_order_response,ok,14,1792,0.05255110462763502,0.06275793873097532,0.0,0.0,0.0,0.0,1.0,1.0,112.0,112.0,896.0,112.0,113,0.0093457,2.906118627071473
5334086151564077557,16,raw_matched,test,128,first_order_response,ok,14,1792,97.16545834242338,143.45394319778237,16.785714285714285,0.14285714285714285,0.14285714285714285,0.14285714285714285,1.0,1.0,112.0,112.0,896.0,112.0,339,0.0015652,0.0015717493298220064
5334086151564077557,16,vectorchain_absolute,test,128,first_order_response,ok,14,1792,0.15281125624060485,0.1989651567062676,15.642857142857142,0.0,0.0,0.0,1.0,1.0,16.0,80.0,640.0,174.5,243,0.00224695,0.9994011422240471
5334086151564077557,16,vectorchain_cartesian,test,128,first_order_response,ok,14,1792,0.09063919602026065,0.09892378764862561,16.214285714285715,0.0,0.0,0.0,1.0,1.0,16.0,48.0,384.0,174.5,147,0.0023355,1.6849194469621562
5334086151564077557,16,vectorchain_relational,test,128,first_order_response,ok,14,1792,0.15271974403155203,0.19908151942068003,15.642857142857142,0.0,0.0,0.0,1.0,1.0,16.0,112.0,896.0,174.5,339,0.0022588,1.0
5334086151564077557,16,fixed_relational,test,128,piecewise_linear,ok,15,1920,2.274134877801483,3.9674738481464127,13.6,0.3333333333333333,0.6666666666666666,0.4,1.0,1.0,16.0,112.0,896.0,129.0,339,0.0019597,0.04740010963349117
5334086151564077557,16,persistence,test,128,piecewise_linear,ok,15,1920,0.09642347511276105,0.16270255203903616,0.0,0.0,0.0,0.0,1.0,1.0,1.0,1.0,8.0,1.0,0,4.7e-06,1.11792530193584
5334086151564077557,16,raw_ar,test,128,piecewise_linear,ok,15,1920,0.07828677189957968,0.12291266958630115,0.0,0.0,0.0,0.0,1.0,1.0,112.0,112.0,896.0,112.0,113,0.0089809,1.376915153270167
5334086151564077557,16,raw_matched,test,128,piecewise_linear,ok,15,1920,1.1478770659531603,1.6236764381447533,13.466666666666667,0.06666666666666667,0.2,0.06666666666666667,1.0,1.0,112.0,112.0,896.0,112.0,339,0.0016564,0.09390747992654376
5334086151564077557,16,vectorchain_absolute,test,128,piecewise_linear,ok,15,1920,0.10779273130426041,0.15175883235341747,16.8,0.0,0.0,0.0,1.0,1.0,16.0,80.0,640.0,165.73333333333332,243,0.0023587,1.0000140197289524
5334086151564077557,16,vectorchain_cartesian,test,128,piecewise_linear,ok,15,1920,0.09395907238132564,0.10711334859113451,16.933333333333334,0.0,0.0,0.0,1.0,1.0,16.0,48.0,384.0,165.73333333333332,147,0.0023597,1.147246772420887
5334086151564077557,16,vectorchain_relational,test,128,piecewise_linear,ok,15,1920,0.10779424252913634,0.15185820559886792,16.8,0.0,0.0,0.0,1.0,1.0,16.0,112.0,896.0,165.73333333333332,339,0.0023587,1.0
5334086151564077557,16,fixed_relational,test,128,ramp,ok,11,1408,1.880663406577415,2.8530005895815105,15.090909090909092,0.45454545454545453,0.6363636363636364,0.45454545454545453,1.0,1.0,16.0,112.0,896.0,129.0,339,0.0020194,0.12381431895541935
5334086151564077557,16,persistence,test,128,ramp,ok,11,1408,0.04511427071001991,0.06163107958350467,0.0,0.0,0.0,0.0,1.0,1.0,1.0,1.0,8.0,1.0,0,4.7e-06,5.1614058080749325
5334086151564077557,16,raw_ar,test,128,ramp,ok,11,1408,0.06832526650790821,0.09634415760403824,0.0,0.0,0.0,0.0,1.0,1.0,112.0,112.0,896.0,112.0,113,0.008904,3.4080080586705113
5334086151564077557,16,raw_matched,test,128,ramp,ok,11,1408,2.098440332283394,2.354166057678353,15.181818181818182,0.18181818181818182,0.09090909090909091,0.2727272727272727,1.0,1.0,112.0,112.0,896.0,112.0,339,0.0016243,0.11096482243857043
5334086151564077557,16,vectorchain_absolute,test,128,ramp,ok,11,1408,0.23289957542168907,0.33055920194657096,16.272727272727273,0.0,0.0,0.0,1.0,1.0,16.0,80.0,640.0,252.36363636363637,243,0.0021988,0.9998002720621397
5334086151564077557,16,vectorchain_cartesian,test,128,ramp,ok,11,1408,0.17050039269947584,0.27156872059242565,16.545454545454547,0.0,0.0,0.0,1.0,1.0,16.0,48.0,384.0,252.36363636363637,147,0.0022462,1.3657039446248584
5334086151564077557,16,vectorchain_relational,test,128,ramp,ok,11,1408,0.23285305886976157,0.33051060837857726,16.272727272727273,0.0,0.0,0.0,1.0,1.0,16.0,112.0,896.0,252.36363636363637,339,0.0022653,1.0
5334086151564077557,16,fixed_relational,test,128,regime_change,ok,13,1664,2.2297084573428485,3.030397065558077,13.923076923076923,0.6153846153846154,0.9230769230769231,0.6153846153846154,1.0,1.0,16.0,112.0,896.0,129.0,339,0.0026666,0.4727983844203531
5334086151564077557,16,persistence,test,128,regime_change,ok,13,1664,1.0277671189970292,1.2158964852706493,0.0,0.0,0.0,0.0,1.0,1.0,1.0,1.0,8.0,1.0,0,7.3e-06,1.0257212328303176
5334086151564077557,16,raw_ar,test,128,regime_change,ok,13,1664,0.765884583113658,1.3295947579103897,0.0,0.0,0.0,0.0,1.0,1.0,112.0,112.0,896.0,112.0,113,0.0093838,1.3764509426137017
5334086151564077557,16,raw_matched,test,128,regime_change,ok,13,1664,2.4617360657771648,3.351018920659784,15.076923076923077,0.7692307692307693,0.6923076923076923,0.7692307692307693,1.0,1.0,112.0,112.0,896.0,112.0,339,0.0017922,0.42823541118624636
5334086151564077557,16,vectorchain_absolute,test,128,regime_change,ok,13,1664,1.0550316431223328,1.3944240483136563,14.076923076923077,0.0,0.0,0.0,1.0,1.0,16.0,80.0,640.0,171.92307692307693,243,0.0018476,0.999214159340489
5334086151564077557,16,vectorchain_cartesian,test,128,regime_change,ok,13,1664,1.0997521216604744,1.4882012018869697,14.0,0.0,0.0,0.07692307692307693,1.0,1.0,16.0,48.0,384.0,171.92307692307693,147,0.0018551,0.958581970970327
5334086151564077557,16,vectorchain_relational,test,128,regime_change,ok,13,1664,1.0542025563600965,1.38878754252417,14.23076923076923,0.0,0.0,0.0,1.0,1.0,16.0,112.0,896.0,171.92307692307693,339,0.0020047,1.0
5334086151564077557,16,fixed_relational,test,128,second_order_response,ok,14,1792,2.5758275950847307,5.358557174781778,14.142857142857142,0.2857142857142857,0.7142857142857143,0.35714285714285715,1.0,1.0,16.0,112.0,896.0,129.0,339,0.0021809999999999998,0.06439337203755348
5334086151564077557,16,persistence,test,128,second_order_response,ok,14,1792,0.0439459226217584,0.062011632970223926,0.0,0.0,0.0,0.0,1.0,1.0,1.0,1.0,8.0,1.0,0,4.7e-06,3.7743256880164906
5334086151564077557,16,raw_ar,test,128,second_order_response,ok,14,1792,0.043745625117398164,0.05775064027554957,0.0,0.0,0.0,0.0,1.0,1.0,112.0,112.0,896.0,112.0,113,0.008957099999999999,3.791607142194448
5334086151564077557,16,raw_matched,test,128,second_order_response,ok,14,1792,93.62254003887476,194.0262850245866,20.928571428571427,0.21428571428571427,0.21428571428571427,0.21428571428571427,1.0,1.0,112.0,112.0,896.0,112.0,339,0.0015647,0.0017716484146447567
5334086151564077557,16,vectorchain_absolute,test,128,second_order_response,ok,14,1792,0.1659632743829645,0.20415269614146475,16.357142857142858,0.0,0.0,0.0,1.0,1.0,16.0,80.0,640.0,184.92857142857142,243,0.0023144999999999997,0.999415233590458
5334086151564077557,16,vectorchain_cartesian,test,128,second_order_response,ok,14,1792,0.11500077929037991,0.13920614721738236,16.357142857142858,0.0,0.0,0.0,1.0,1.0,16.0,48.0,384.0,184.92857142857142,147,0.0023032,1.4423052231330649
5334086151564077557,16,vectorchain_relational,test,128,second_order_response,ok,14,1792,0.16586622463488773,0.20403160807436796,16.357142857142858,0.0,0.0,0.0,1.0,1.0,16.0,112.0,896.0,184.92857142857142,339,0.0023251,1.0
5334086151564077557,16,fixed_relational,test,128,sine,ok,11,1408,4.48006542657352,6.081172679641369,15.272727272727273,0.7272727272727273,0.8181818181818182,0.7272727272727273,1.0,1.0,16.0,112.0,896.0,129.0,339,0.0020942,0.06338883620909727
5334086151564077557,16,persistence,test,128,sine,ok,11,1408,0.4683519264745711,0.7040157009195671,0.0,0.0,0.0,0.0,1.0,1.0,1.0,1.0,8.0,1.0,0,9.1e-06,0.6063520132579774
5334086151564077557,16,raw_ar,test,128,sine,ok,11,1408,0.2543674188542084,0.45401156485037153,0.0,0.0,0.0,0.0,1.0,1.0,112.0,112.0,896.0,112.0,113,0.0098212,1.1164406778600684
5334086151564077557,16,raw_matched,test,128,sine,ok,11,1408,7439.59851881996,12252.458764795416,21.636363636363637,0.2727272727272727,0.2727272727272727,0.36363636363636365,1.0,1.0,112.0,112.0,896.0,112.0,339,0.0019037,3.817223910842881e-05
5334086151564077557,16,vectorchain_absolute,test,128,sine,ok,11,1408,0.28384250560902924,0.46641565474183777,19.181818181818183,0.0,0.0,0.0,1.0,1.0,16.0,80.0,640.0,248.45454545454547,243,0.0028823,1.000506012733262
5334086151564077557,16,vectorchain_cartesian,test,128,sine,ok,11,1408,0.27312596568816605,0.360997168351814,18.818181818181817,0.0,0.0,0.0,1.0,1.0,16.0,48.0,384.0,248.45454545454547,147,0.002884,1.0397624876696696
5334086151564077557,16,vectorchain_relational,test,128,sine,ok,11,1408,0.28398613353110835,0.46679709374702427,19.272727272727273,0.0,0.0,0.0,1.0,1.0,16.0,112.0,896.0,248.45454545454547,339,0.0030133,1.0
5334086151564077557,16,fixed_relational,validation,16,chirp,ok,17,272,0.4183997624606541,0.49843824817512766,15.117647058823529,0.7647058823529411,0.7647058823529411,0.8235294117647058,1.0,1.0,16.0,112.0,896.0,129.0,339,0.0018981,0.3064059914903376
5334086151564077557,16,persistence,validation,16,chirp,ok,17,272,0.11972320224545538,0.17970788316047348,0.0,0.0,0.0,0.0,1.0,1.0,1.0,1.0,8.0,1.0,0,8.6e-06,1.0708049204467787
5334086151564077557,16,raw_ar,validation,16,chirp,ok,17,272,0.018325126762991976,0.02696413874513754,0.0,0.0,0.0,0.0,1.0,1.0,112.0,112.0,896.0,112.0,113,0.0081947,6.995869426397734
5334086151564077557,16,raw_matched,validation,16,chirp,ok,17,272,0.33180015007788394,0.37904749100649,29.294117647058822,0.8823529411764706,0.7647058823529411,0.8823529411764706,1.0,1.0,112.0,112.0,896.0,112.0,339,0.0022143,0.38637774583883044
5334086151564077557,16,vectorchain_absolute,validation,16,chirp,ok,17,272,0.12818031473493657,0.16640182094144496,16.705882352941178,0.0,0.0,0.0,1.0,1.0,16.0,80.0,640.0,207.8235294117647,243,0.0022061,1.0001550887215636
5334086151564077557,16,vectorchain_cartesian,validation,16,chirp,ok,17,272,0.12348326027579004,0.1573040769123774,16.0,0.0,0.0,0.0,1.0,1.0,16.0,48.0,384.0,207.8235294117647,147,0.0024008,1.0381989734459027
5334086151564077557,16,vectorchain_relational,validation,16,chirp,ok,17,272,0.12820019405607844,0.16642655431895176,16.705882352941178,0.0,0.0,0.0,1.0,1.0,16.0,112.0,896.0,207.8235294117647,339,0.0022127,1.0
5334086151564077557,16,fixed_relational,validation,16,first_order_response,ok,20,320,0.027463397043852946,0.034770547094654256,16.7,0.5,0.75,0.55,1.0,1.0,16.0,112.0,896.0,129.0,339,0.0024327000000000003,1.169824181779801
5334086151564077557,16,persistence,validation,16,first_order_response,ok,20,320,0.019188617663512375,0.01396833868801784,0.0,0.0,0.0,0.0,1.0,1.0,1.0,1.0,8.0,1.0,0,4.75e-06,1.6742918400427567
5334086151564077557,16,raw_ar,validation,16,first_order_response,ok,20,320,0.01559334049686423,0.016098533225076435,0.0,0.0,0.0,0.0,1.0,1.0,112.0,112.0,896.0,112.0,113,0.0078186,2.060324789430448
5334086151564077557,16,raw_matched,validation,16,first_order_response,ok,20,320,0.049522274483503485,0.06777394791350824,19.25,0.45,0.45,0.45,1.0,1.0,112.0,112.0,896.0,112.0,339,0.0016862000000000001,0.6487453637942481
5334086151564077557,16,vectorchain_absolute,validation,16,first_order_response,ok,20,320,0.032127270382472164,0.03526385755906837,16.45,0.0,0.0,0.0,1.0,1.0,16.0,80.0,640.0,176.9,243,0.0021184999999999997,1.0000023529308906
5334086151564077557,16,vectorchain_cartesian,validation,16,first_order_response,ok,20,320,0.03306166888155234,0.036078653962685614,16.3,0.0,0.0,0.0,1.0,1.0,16.0,48.0,384.0,176.9,147,0.0021124000000000004,0.9717399956674724
5334086151564077557,16,vectorchain_relational,validation,16,first_order_response,ok,20,320,0.03212734597571908,0.035258741442186624,16.45,0.0,0.0,0.0,1.0,1.0,16.0,112.0,896.0,176.9,339,0.0021595499999999997,1.0
5334086151564077557,16,fixed_relational,validation,16,piecewise_linear,ok,18,288,0.034352503780313494,0.051623155398906044,19.055555555555557,0.5,0.6111111111111112,0.6666666666666666,1.0,1.0,16.0,112.0,896.0,129.0,339,0.002385,1.3697992587502053
5334086151564077557,16,persistence,validation,16,piecewise_linear,ok,18,288,0.02662020140220115,0.03491984959984352,0.0,0.0,0.0,0.0,1.0,1.0,1.0,1.0,8.0,1.0,0,4.7e-06,1.7676813748898277
5334086151564077557,16,raw_ar,validation,16,piecewise_linear,ok,18,288,0.01676432992187428,0.02174721217904977,0.0,0.0,0.0,0.0,1.0,1.0,112.0,112.0,896.0,112.0,113,0.0077217,2.806914110720753
5334086151564077557,16,raw_matched,validation,16,piecewise_linear,ok,18,288,0.03738459924415148,0.04641199452797196,21.88888888888889,0.5,0.5555555555555556,0.5555555555555556,1.0,1.0,112.0,112.0,896.0,112.0,339,0.0016104499999999998,1.2587010471122968
5334086151564077557,16,vectorchain_absolute,validation,16,piecewise_linear,ok,18,288,0.047102862662985405,0.04921259177094336,16.72222222222222,0.0,0.0,0.0,1.0,1.0,16.0,80.0,640.0,175.38888888888889,243,0.00215675,0.9990058258489849
5334086151564077557,16,vectorchain_cartesian,validation,16,piecewise_linear,ok,18,288,0.04052132400193439,0.04170933812184003,16.38888888888889,0.0,0.0,0.0,1.0,1.0,16.0,48.0,384.0,175.38888888888889,147,0.0021621,1.1612659599237358
5334086151564077557,16,vectorchain_relational,validation,16,piecewise_linear,ok,18,288,0.04705603421448705,0.04911173822699059,16.666666666666668,0.0,0.0,0.0,1.0,1.0,16.0,112.0,896.0,175.38888888888889,339,0.00213495,1.0
5334086151564077557,16,fixed_relational,validation,16,ramp,ok,15,240,0.025921494845770658,0.028582599557070935,16.466666666666665,0.26666666666666666,0.6,0.3333333333333333,1.0,1.0,16.0,112.0,896.0,129.0,339,0.0021274,1.571972347984023
5334086151564077557,16,persistence,validation,16,ramp,ok,15,240,0.02067334638589446,0.01745733173016817,0.0,0.0,0.0,0.0,1.0,1.0,1.0,1.0,8.0,1.0,0,5.7e-06,1.9710342174581061
5334086151564077557,16,raw_ar,validation,16,ramp,ok,15,240,0.014489683705923854,0.014245090668707338,0.0,0.0,0.0,0.0,1.0,1.0,112.0,112.0,896.0,112.0,113,0.0080164,2.8121989370480738
5334086151564077557,16,raw_matched,validation,16,ramp,ok,15,240,0.03665061861991797,0.050563480040280745,16.6,0.2,0.26666666666666666,0.2,1.0,1.0,112.0,112.0,896.0,112.0,339,0.0014867,1.111792232991593
5334086151564077557,16,vectorchain_absolute,validation,16,ramp,ok,15,240,0.04077713264568976,0.04101342647870609,16.8,0.0,0.0,0.0,1.0,1.0,16.0,80.0,640.0,224.46666666666667,243,0.0022133,0.9992824524965466
5334086151564077557,16,vectorchain_cartesian,validation,16,ramp,ok,15,240,0.03846905844092518,0.04508816801952296,16.866666666666667,0.0,0.0,0.0,1.0,1.0,16.0,48.0,384.0,224.46666666666667,147,0.0022423,1.0592375994472578
5334086151564077557,16,vectorchain_relational,validation,16,ramp,ok,15,240,0.040747873115961855,0.04100135131306716,16.8,0.0,0.0,0.0,1.0,1.0,16.0,112.0,896.0,224.46666666666667,339,0.0022198,1.0
5334086151564077557,16,fixed_relational,validation,16,regime_change,ok,19,304,0.38601078895492574,0.5958649562190456,14.052631578947368,0.7368421052631579,0.8421052631578947,0.7894736842105263,1.0,1.0,16.0,112.0,896.0,129.0,339,0.0021573,0.6616677858110639
5334086151564077557,16,persistence,validation,16,regime_change,ok,19,304,0.14975608407955437,0.22457477059837241,0.0,0.0,0.0,0.0,1.0,1.0,1.0,1.0,8.0,1.0,0,4.8e-06,1.7055127048548262
5334086151564077557,16,raw_ar,validation,16,regime_change,ok,19,304,0.04324988630352505,0.06717787651654246,0.0,0.0,0.0,0.0,1.0,1.0,112.0,112.0,896.0,112.0,113,0.0078415,5.905469952788535
5334086151564077557,16,raw_matched,validation,16,regime_change,ok,19,304,0.5917671181440253,0.694018876916636,28.473684210526315,0.7368421052631579,0.6842105263157895,0.7894736842105263,1.0,1.0,112.0,112.0,896.0,112.0,339,0.001416,0.43160712414714675
5334086151564077557,16,vectorchain_absolute,validation,16,regime_change,ok,19,304,0.255395914205871,0.3092550575413746,14.263157894736842,0.10526315789473684,0.0,0.2631578947368421,1.0,1.0,16.0,80.0,640.0,194.52631578947367,243,0.0017661,1.0000586924859907
5334086151564077557,16,vectorchain_cartesian,validation,16,regime_change,ok,19,304,0.3438505871540468,0.3923136549401067,14.263157894736842,0.0,0.0,0.10526315789473684,1.0,1.0,16.0,48.0,384.0,194.52631578947367,147,0.001906,0.7427961840663142
5334086151564077557,16,vectorchain_relational,validation,16,regime_change,ok,19,304,0.2554109040269876,0.30929111311067364,14.263157894736842,0.10526315789473684,0.0,0.2631578947368421,1.0,1.0,16.0,112.0,896.0,194.52631578947367,339,0.0018784,1.0
5334086151564077557,16,fixed_relational,validation,16,second_order_response,ok,17,272,0.02941225305361071,0.02790245649575574,16.352941176470587,0.47058823529411764,0.7647058823529411,0.5294117647058824,1.0,1.0,16.0,112.0,896.0,129.0,339,0.0022844,1.4382366215075408
5334086151564077557,16,persistence,validation,16,second_order_response,ok,17,272,0.021956293764393536,0.023611996442679334,0.0,0.0,0.0,0.0,1.0,1.0,1.0,1.0,8.0,1.0,0,4.9e-06,1.9266357025770262
5334086151564077557,16,raw_ar,validation,16,second_order_response,ok,17,272,0.013235561444754637,0.012604840654585787,0.0,0.0,0.0,0.0,1.0,1.0,112.0,112.0,896.0,112.0,113,0.00774,3.1960698939231222
5334086151564077557,16,raw_matched,validation,16,second_order_response,ok,17,272,0.04327558180403122,0.05336641015198236,17.764705882352942,0.29411764705882354,0.29411764705882354,0.29411764705882354,1.0,1.0,112.0,112.0,896.0,112.0,339,0.0015721,0.9774976487735958
5334086151564077557,16,vectorchain_absolute,validation,16,second_order_response,ok,17,272,0.04233645429004289,0.05101260861837447,17.294117647058822,0.0,0.0,0.0,1.0,1.0,16.0,80.0,640.0,210.35294117647058,243,0.0022929,0.9991809699731722
5334086151564077557,16,vectorchain_cartesian,validation,16,second_order_response,ok,17,272,0.03250325714320749,0.038275202676730194,17.176470588235293,0.0,0.0,0.0,1.0,1.0,16.0,48.0,384.0,210.35294117647058,147,0.0022313,1.3014627819104623
5334086151564077557,16,vectorchain_relational,validation,16,second_order_response,ok,17,272,0.04230177946274992,0.05097461288744405,17.294117647058822,0.0,0.0,0.0,1.0,1.0,16.0,112.0,896.0,210.35294117647058,339,0.0023265,1.0
5334086151564077557,16,fixed_relational,validation,16,sine,ok,12,192,0.09784734327703931,0.14464560512163951,17.75,0.5,0.75,0.5,1.0,1.0,16.0,112.0,896.0,129.0,339,0.00288285,1.1254244294152815
5334086151564077557,16,persistence,validation,16,sine,ok,12,192,0.061096883123785244,0.09094875450901052,0.0,0.0,0.0,0.0,1.0,1.0,1.0,1.0,8.0,1.0,0,8.95e-06,1.8023798407891793
5334086151564077557,16,raw_ar,validation,16,sine,ok,12,192,0.018096593772111074,0.026260103037340738,0.0,0.0,0.0,0.0,1.0,1.0,112.0,112.0,896.0,112.0,113,0.0086424,6.085111478109785
5334086151564077557,16,raw_matched,validation,16,sine,ok,12,192,0.07054516211058154,0.09188418956706011,35.5,0.6666666666666666,0.75,0.6666666666666666,1.0,1.0,112.0,112.0,896.0,112.0,339,0.0023948,1.5609828822102252
5334086151564077557,16,vectorchain_absolute,validation,16,sine,ok,12,192,0.11014649476042143,0.13204139688749605,16.083333333333332,0.0,0.0,0.0,1.0,1.0,16.0,80.0,640.0,223.58333333333334,243,0.0023128000000000003,0.9997575566692669
5334086151564077557,16,vectorchain_cartesian,validation,16,sine,ok,12,192,0.11405069500926039,0.12346523472619175,15.083333333333334,0.0,0.0,0.0,1.0,1.0,16.0,48.0,384.0,223.58333333333334,147,0.00223795,0.9655337082200326
5334086151564077557,16,vectorchain_relational,validation,16,sine,ok,12,192,0.11011979047736314,0.13204179157940063,16.083333333333332,0.0,0.0,0.0,1.0,1.0,16.0,112.0,896.0,223.58333333333334,339,0.0022513999999999998,1.0
5334086151564077557,16,fixed_relational,validation,64,chirp,ok,17,1088,1.1354579929159492,1.7319911430008919,15.117647058823529,0.7647058823529411,0.7647058823529411,0.8235294117647058,1.0,1.0,16.0,112.0,896.0,129.0,339,0.0018981,0.3205295019152976
5334086151564077557,16,persistence,validation,64,chirp,ok,17,1088,0.4706205603618941,0.7150526661160431,0.0,0.0,0.0,0.0,1.0,1.0,1.0,1.0,8.0,1.0,0,8.6e-06,0.7733359219053817
5334086151564077557,16,raw_ar,validation,64,chirp,ok,17,1088,0.12865332074770156,0.23835179969099005,0.0,0.0,0.0,0.0,1.0,1.0,112.0,112.0,896.0,112.0,113,0.0081947,2.828903154616744
5334086151564077557,16,raw_matched,validation,64,chirp,ok,17,1088,6.9658622092257705,10.24769018828236,29.294117647058822,0.8823529411764706,0.7647058823529411,0.8823529411764706,1.0,1.0,112.0,112.0,896.0,112.0,339,0.0022143,0.052247341963363954
5334086151564077557,16,vectorchain_absolute,validation,64,chirp,ok,17,1088,0.3638460889023349,0.4734862295983691,16.705882352941178,0.0,0.0,0.0,1.0,1.0,16.0,80.0,640.0,207.8235294117647,243,0.0022061,1.0002795028333673
5334086151564077557,16,vectorchain_cartesian,validation,64,chirp,ok,17,1088,0.30474580421105907,0.3622658998376593,16.0,0.0,0.0,0.0,1.0,1.0,16.0,48.0,384.0,207.8235294117647,147,0.0024008,1.1942667622850416
5334086151564077557,16,vectorchain_relational,validation,64,chirp,ok,17,1088,0.3639477849150927,0.473637147134052,16.705882352941178,0.0,0.0,0.0,1.0,1.0,16.0,112.0,896.0,207.8235294117647,339,0.0022127,1.0
5334086151564077557,16,fixed_relational,validation,64,first_order_response,ok,20,1280,0.3454375927250191,0.749005818394612,16.7,0.5,0.75,0.55,1.0,1.0,16.0,112.0,896.0,129.0,339,0.0024327000000000003,0.2058171586370575
5334086151564077557,16,persistence,validation,64,first_order_response,ok,20,1280,0.01858178792552958,0.01732376886505472,0.0,0.0,0.0,0.0,1.0,1.0,1.0,1.0,8.0,1.0,0,4.75e-06,3.8261648505528436
5334086151564077557,16,raw_ar,validation,64,first_order_response,ok,20,1280,0.029262469194932524,0.043592308599678845,0.0,0.0,0.0,0.0,1.0,1.0,112.0,112.0,896.0,112.0,113,0.0078186,2.4296303687660306
5334086151564077557,16,raw_matched,validation,64,first_order_response,ok,20,1280,0.5752071147738761,0.8020729199935481,19.25,0.45,0.45,0.45,1.0,1.0,112.0,112.0,896.0,112.0,339,0.0016862000000000001,0.12360240684616354
5334086151564077557,16,vectorchain_absolute,validation,64,first_order_response,ok,20,1280,0.07111160268852015,0.08956474229032124,16.45,0.0,0.0,0.0,1.0,1.0,16.0,80.0,640.0,176.9,243,0.0021184999999999997,0.9997944235978526
5334086151564077557,16,vectorchain_cartesian,validation,64,first_order_response,ok,20,1280,0.0827494592290934,0.09800451317561228,16.3,0.0,0.0,0.0,1.0,1.0,16.0,48.0,384.0,176.9,147,0.0021124000000000004,0.8591836669802907
5334086151564077557,16,vectorchain_relational,validation,64,first_order_response,ok,20,1280,0.07109698382108852,0.08950666685322523,16.45,0.0,0.0,0.0,1.0,1.0,16.0,112.0,896.0,176.9,339,0.0021595499999999997,1.0
5334086151564077557,16,fixed_relational,validation,64,piecewise_linear,ok,18,1152,0.4394614190046122,0.9882067332956033,19.055555555555557,0.5,0.6111111111111112,0.6666666666666666,1.0,1.0,16.0,112.0,896.0,129.0,339,0.002385,0.2495435048980498
5334086151564077557,16,persistence,validation,64,piecewise_linear,ok,18,1152,0.07737164472201574,0.11231550210218025,0.0,0.0,0.0,0.0,1.0,1.0,1.0,1.0,8.0,1.0,0,4.7e-06,1.4173763936373551
5334086151564077557,16,raw_ar,validation,64,piecewise_linear,ok,18,1152,0.05166287835130116,0.06820336391164489,0.0,0.0,0.0,0.0,1.0,1.0,112.0,112.0,896.0,112.0,113,0.0077217,2.122699049405934
5334086151564077557,16,raw_matched,validation,64,piecewise_linear,ok,18,1152,0.4655164950672838,0.7919529037128606,21.88888888888889,0.5,0.5555555555555556,0.5555555555555556,1.0,1.0,112.0,112.0,896.0,112.0,339,0.0016104499999999998,0.2355764917632637
5334086151564077557,16,vectorchain_absolute,validation,64,piecewise_linear,ok,18,1152,0.1098672713165036,0.13284689699185254,16.72222222222222,0.0,0.0,0.0,1.0,1.0,16.0,80.0,640.0,175.38888888888889,243,0.00215675,0.9981566070751061
5334086151564077557,16,vectorchain_cartesian,validation,64,piecewise_linear,ok,18,1152,0.111210932339675,0.14499685131999612,16.38888888888889,0.0,0.0,0.0,1.0,1.0,16.0,48.0,384.0,175.38888888888889,147,0.0021621,0.9860967843604526
5334086151564077557,16,vectorchain_relational,validation,64,piecewise_linear,ok,18,1152,0.10966474276588137,0.1330037788523372,16.666666666666668,0.0,0.0,0.0,1.0,1.0,16.0,112.0,896.0,175.38888888888889,339,0.00213495,1.0
5334086151564077557,16,fixed_relational,validation,64,ramp,ok,15,960,0.3455980584429455,0.7173561060367196,16.466666666666665,0.26666666666666666,0.6,0.3333333333333333,1.0,1.0,16.0,112.0,896.0,129.0,339,0.0021274,0.28769026709537737
5334086151564077557,16,persistence,validation,64,ramp,ok,15,960,0.027767365275344562,0.03612845159691334,0.0,0.0,0.0,0.0,1.0,1.0,1.0,1.0,8.0,1.0,0,5.7e-06,3.580649325392687
5334086151564077557,16,raw_ar,validation,64,ramp,ok,15,960,0.03195436412252257,0.049309859815523584,0.0,0.0,0.0,0.0,1.0,1.0,112.0,112.0,896.0,112.0,113,0.0080164,3.1114747694514886
5334086151564077557,16,raw_matched,validation,64,ramp,ok,15,960,0.3312234719526514,0.6662030268746015,16.6,0.2,0.26666666666666666,0.2,1.0,1.0,112.0,112.0,896.0,112.0,339,0.0014867,0.3001755798130989
5334086151564077557,16,vectorchain_absolute,validation,64,ramp,ok,15,960,0.09946586945637657,0.13504626147516202,16.8,0.0,0.0,0.0,1.0,1.0,16.0,80.0,640.0,224.46666666666667,243,0.0022133,0.999591098780878
5334086151564077557,16,vectorchain_cartesian,validation,64,ramp,ok,15,960,0.10591225972965625,0.14292231757567636,16.866666666666667,0.0,0.0,0.0,1.0,1.0,16.0,48.0,384.0,224.46666666666667,147,0.0022423,0.9387506035172906
5334086151564077557,16,vectorchain_relational,validation,64,ramp,ok,15,960,0.09942519774109483,0.13503342440816138,16.8,0.0,0.0,0.0,1.0,1.0,16.0,112.0,896.0,224.46666666666667,339,0.0022198,1.0
5334086151564077557,16,fixed_relational,validation,64,regime_change,ok,19,1216,2.1492231090859866,2.0841885127678377,14.052631578947368,0.7368421052631579,0.8421052631578947,0.7894736842105263,1.0,1.0,16.0,112.0,896.0,129.0,339,0.0021573,0.35610265322450935
5334086151564077557,16,persistence,validation,64,regime_change,ok,19,1216,0.6054308510945133,0.9338102114321557,0.0,0.0,0.0,0.0,1.0,1.0,1.0,1.0,8.0,1.0,0,4.8e-06,1.2641312383294319
5334086151564077557,16,raw_ar,validation,64,regime_change,ok,19,1216,0.28843712707704255,0.5257101019933733,0.0,0.0,0.0,0.0,1.0,1.0,112.0,112.0,896.0,112.0,113,0.0078415,2.653417260367189
5334086151564077557,16,raw_matched,validation,64,regime_change,ok,19,1216,142.83444361065733,172.72239356271177,28.473684210526315,0.7368421052631579,0.6842105263157895,0.7894736842105263,1.0,1.0,112.0,112.0,896.0,112.0,339,0.001416,0.005358259759831796
5334086151564077557,16,vectorchain_absolute,validation,64,regime_change,ok,19,1216,0.7651825185802014,1.1167748401155702,14.263157894736842,0.10526315789473684,0.0,0.2631578947368421,1.0,1.0,16.0,80.0,640.0,194.52631578947367,243,0.0017661,1.000211103799192
5334086151564077557,16,vectorchain_cartesian,validation,64,regime_change,ok,19,1216,0.9076784084592773,1.166434944566658,14.263157894736842,0.0,0.0,0.10526315789473684,1.0,1.0,16.0,48.0,384.0,194.52631578947367,147,0.001906,0.8431885614818895
5334086151564077557,16,vectorchain_relational,validation,64,regime_change,ok,19,1216,0.765344051516949,1.1172388121375938,14.263157894736842,0.10526315789473684,0.0,0.2631578947368421,1.0,1.0,16.0,112.0,896.0,194.52631578947367,339,0.0018784,1.0
5334086151564077557,16,fixed_relational,validation,64,second_order_response,ok,17,1088,0.5470568556864854,0.9784343016750915,16.352941176470587,0.47058823529411764,0.7647058823529411,0.5294117647058824,1.0,1.0,16.0,112.0,896.0,129.0,339,0.0022844,0.2010500953133008
5334086151564077557,16,persistence,validation,64,second_order_response,ok,17,1088,0.04455071063265649,0.0611662579576695,0.0,0.0,0.0,0.0,1.0,1.0,1.0,1.0,8.0,1.0,0,4.9e-06,2.4687784193714046
5334086151564077557,16,raw_ar,validation,64,second_order_response,ok,17,1088,0.023554639641822157,0.02838969151455706,0.0,0.0,0.0,0.0,1.0,1.0,112.0,112.0,896.0,112.0,113,0.00774,4.669391451112608
5334086151564077557,16,raw_matched,validation,64,second_order_response,ok,17,1088,0.5039442687263163,0.6429186356186486,17.764705882352942,0.29411764705882354,0.29411764705882354,0.29411764705882354,1.0,1.0,112.0,112.0,896.0,112.0,339,0.0015721,0.2182499927135673
5334086151564077557,16,vectorchain_absolute,validation,64,second_order_response,ok,17,1088,0.11008007805224992,0.13719897693105226,17.294117647058822,0.0,0.0,0.0,1.0,1.0,16.0,80.0,640.0,210.35294117647058,243,0.0022929,0.9991438498558961
5334086151564077557,16,vectorchain_cartesian,validation,64,second_order_response,ok,17,1088,0.09814666587624213,0.1276781473489906,17.176470588235293,0.0,0.0,0.0,1.0,1.0,16.0,48.0,384.0,210.35294117647058,147,0.0022313,1.1206272978875205
5334086151564077557,16,vectorchain_relational,validation,64,second_order_response,ok,17,1088,0.10998583297756252,0.13708936151029885,17.294117647058822,0.0,0.0,0.0,1.0,1.0,16.0,112.0,896.0,210.35294117647058,339,0.0023265,1.0
5334086151564077557,16,fixed_relational,validation,64,sine,ok,12,768,0.7414020293947009,1.1080718947389687,17.75,0.5,0.75,0.5,1.0,1.0,16.0,112.0,896.0,129.0,339,0.00288285,0.2869267855437863
5334086151564077557,16,persistence,validation,64,sine,ok,12,768,0.24143170672020656,0.3832976701606275,0.0,0.0,0.0,0.0,1.0,1.0,1.0,1.0,8.0,1.0,0,8.95e-06,0.8811108697350607
5334086151564077557,16,raw_ar,validation,64,sine,ok,12,768,0.08393063775275413,0.16145440421208593,0.0,0.0,0.0,0.0,1.0,1.0,112.0,112.0,896.0,112.0,113,0.0086424,2.534570292632868
5334086151564077557,16,raw_matched,validation,64,sine,ok,12,768,6.5857300228776,10.065508144207477,35.5,0.6666666666666666,0.75,0.6666666666666666,1.0,1.0,112.0,112.0,896.0,112.0,339,0.0023948,0.03230136983309116
5334086151564077557,16,vectorchain_absolute,validation,64,sine,ok,12,768,0.21266964048787407,0.21498823521421176,16.083333333333332,0.0,0.0,0.0,1.0,1.0,16.0,80.0,640.0,223.58333333333334,243,0.0023128000000000003,1.0002748892688824
5334086151564077557,16,vectorchain_cartesian,validation,64,sine,ok,12,768,0.19096767626087013,0.20364052506353036,15.083333333333334,0.0,0.0,0.0,1.0,1.0,16.0,48.0,384.0,223.58333333333334,147,0.00223795,1.1139482097444882
5334086151564077557,16,vectorchain_relational,validation,64,sine,ok,12,768,0.2127281010898613,0.21653069822832757,16.083333333333332,0.0,0.0,0.0,1.0,1.0,16.0,112.0,896.0,223.58333333333334,339,0.0022513999999999998,1.0
5334086151564077557,16,fixed_relational,validation,128,chirp,ok,17,2176,144242232802242.2,383360317715651.5,15.117647058823529,0.7647058823529411,0.7647058823529411,0.8235294117647058,1.0,1.0,16.0,112.0,896.0,129.0,339,0.0018981,4.744075006615677e-15
5334086151564077557,16,persistence,validation,128,chirp,ok,17,2176,0.8710951355074937,1.2520278126159528,0.0,0.0,0.0,0.0,1.0,1.0,1.0,1.0,8.0,1.0,0,8.6e-06,0.7855582514955628
5334086151564077557,16,raw_ar,validation,128,chirp,ok,17,2176,0.40076213573672004,0.7042200589651892,0.0,0.0,0.0,0.0,1.0,1.0,112.0,112.0,896.0,112.0,113,0.0081947,1.7074865874681937
5334086151564077557,16,raw_matched,validation,128,chirp,ok,17,2176,22929.656019010472,40797.76886528713,29.294117647058822,0.8823529411764706,0.7647058823529411,0.8823529411764706,1.0,1.0,112.0,112.0,896.0,112.0,339,0.0022143,2.9843272440206797e-05
5334086151564077557,16,vectorchain_absolute,validation,128,chirp,ok,17,2176,0.6841728091504342,0.8448946841303184,16.705882352941178,0.0,0.0,0.0,1.0,1.0,16.0,80.0,640.0,207.8235294117647,243,0.0022061,1.0001800164862966
5334086151564077557,16,vectorchain_cartesian,validation,128,chirp,ok,17,2176,0.6286604595295204,0.8298851041577665,16.0,0.0,0.0,0.0,1.0,1.0,16.0,48.0,384.0,207.8235294117647,147,0.0024008,1.0884985068850574
5334086151564077557,16,vectorchain_relational,validation,128,chirp,ok,17,2176,0.6842959715355571,0.8449086083938595,16.705882352941178,0.0,0.0,0.0,1.0,1.0,16.0,112.0,896.0,207.8235294117647,339,0.0022127,1.0
5334086151564077557,16,fixed_relational,validation,128,first_order_response,ok,20,2560,1.8784613863674944,3.526442366428506,16.7,0.5,0.75,0.55,1.0,1.0,16.0,112.0,896.0,129.0,339,0.0024327000000000003,0.05476919743709024
5334086151564077557,16,persistence,validation,128,first_order_response,ok,20,2560,0.01837412100510757,0.017434417831665598,0.0,0.0,0.0,0.0,1.0,1.0,1.0,1.0,8.0,1.0,0,4.75e-06,5.59927860055525
5334086151564077557,16,raw_ar,validation,128,first_order_response,ok,20,2560,0.046954050476829275,0.06723961560463318,0.0,0.0,0.0,0.0,1.0,1.0,112.0,112.0,896.0,112.0,113,0.0078186,2.191117092202329
5334086151564077557,16,raw_matched,validation,128,first_order_response,ok,20,2560,112.88402865516,142.58746543954152,19.25,0.45,0.45,0.45,1.0,1.0,112.0,112.0,896.0,112.0,339,0.0016862000000000001,0.0009113939657681482
5334086151564077557,16,vectorchain_absolute,validation,128,first_order_response,ok,20,2560,0.10287746684955662,0.11437192592858159,16.45,0.0,0.0,0.0,1.0,1.0,16.0,80.0,640.0,176.9,243,0.0021184999999999997,1.0000423387014505
5334086151564077557,16,vectorchain_cartesian,validation,128,first_order_response,ok,20,2560,0.13744064350907095,0.15433006585343223,16.3,0.0,0.0,0.0,1.0,1.0,16.0,48.0,384.0,176.9,147,0.0021124000000000004,0.748554575423837
5334086151564077557,16,vectorchain_relational,validation,128,first_order_response,ok,20,2560,0.10288182254791155,0.11449129100930966,16.45,0.0,0.0,0.0,1.0,1.0,16.0,112.0,896.0,176.9,339,0.0021595499999999997,1.0
5334086151564077557,16,fixed_relational,validation,128,piecewise_linear,ok,18,2304,2.058657540388927,3.7489029158009464,19.055555555555557,0.5,0.6111111111111112,0.6666666666666666,1.0,1.0,16.0,112.0,896.0,129.0,339,0.002385,0.07558908319494984
5334086151564077557,16,persistence,validation,128,piecewise_linear,ok,18,2304,0.13178235224105428,0.18176010843341306,0.0,0.0,0.0,0.0,1.0,1.0,1.0,1.0,8.0,1.0,0,4.7e-06,1.1808260623981446
5334086151564077557,16,raw_ar,validation,128,piecewise_linear,ok,18,2304,0.10587128713619008,0.16171456668788592,0.0,0.0,0.0,0.0,1.0,1.0,112.0,112.0,896.0,112.0,113,0.0077217,1.4698228414867018
5334086151564077557,16,raw_matched,validation,128,piecewise_linear,ok,18,2304,170.06309311289948,261.7064226240751,21.88888888888889,0.5,0.5555555555555556,0.5555555555555556,1.0,1.0,112.0,112.0,896.0,112.0,339,0.0016104499999999998,0.0009150253193799288
5334086151564077557,16,vectorchain_absolute,validation,128,piecewise_linear,ok,18,2304,0.15569248557869397,0.1633011477826637,16.72222222222222,0.0,0.0,0.0,1.0,1.0,16.0,80.0,640.0,175.38888888888889,243,0.00215675,0.9994832795685319
5334086151564077557,16,vectorchain_cartesian,validation,128,piecewise_linear,ok,18,2304,0.2182101201235438,0.28763888106872115,16.38888888888889,0.0,0.0,0.0,1.0,1.0,16.0,48.0,384.0,175.38888888888889,147,0.0021621,0.7131293269178658
5334086151564077557,16,vectorchain_relational,validation,128,piecewise_linear,ok,18,2304,0.15561203609036942,0.16320909944971443,16.666666666666668,0.0,0.0,0.0,1.0,1.0,16.0,112.0,896.0,175.38888888888889,339,0.00213495,1.0
5334086151564077557,16,fixed_relational,validation,128,ramp,ok,15,1920,1.8287652195265534,2.968699447825676,16.466666666666665,0.26666666666666666,0.6,0.3333333333333333,1.0,1.0,16.0,112.0,896.0,129.0,339,0.0021274,0.09251446472234998
5334086151564077557,16,persistence,validation,128,ramp,ok,15,1920,0.041992278470186266,0.06160466716772142,0.0,0.0,0.0,0.0,1.0,1.0,1.0,1.0,8.0,1.0,0,5.7e-06,4.0290082260592195
5334086151564077557,16,raw_ar,validation,128,ramp,ok,15,1920,0.05740926525079782,0.07870468121645358,0.0,0.0,0.0,0.0,1.0,1.0,112.0,112.0,896.0,112.0,113,0.0080164,2.9470371141006497
5334086151564077557,16,raw_matched,validation,128,ramp,ok,15,1920,24.7966995744128,36.19999567649432,16.6,0.2,0.26666666666666666,0.2,1.0,1.0,112.0,112.0,896.0,112.0,339,0.0014867,0.006822973955853816
5334086151564077557,16,vectorchain_absolute,validation,128,ramp,ok,15,1920,0.16921594052092878,0.20879984070675145,16.8,0.0,0.0,0.0,1.0,1.0,16.0,80.0,640.0,224.46666666666667,243,0.0022133,0.9998303638918976
5334086151564077557,16,vectorchain_cartesian,validation,128,ramp,ok,15,1920,0.20919412818138441,0.29944849772253035,16.866666666666667,0.0,0.0,0.0,1.0,1.0,16.0,48.0,384.0,224.46666666666667,147,0.0022423,0.8087570949441467
5334086151564077557,16,vectorchain_relational,validation,128,ramp,ok,15,1920,0.16918723538734992,0.20882388558703557,16.8,0.0,0.0,0.0,1.0,1.0,16.0,112.0,896.0,224.46666666666667,339,0.0022198,1.0
5334086151564077557,16,fixed_relational,validation,128,regime_change,ok,19,2432,3.0011375521747303,2.8809698484956003,14.052631578947368,0.7368421052631579,0.8421052631578947,0.7894736842105263,1.0,1.0,16.0,112.0,896.0,129.0,339,0.0021573,0.43218551502847236
5334086151564077557,16,persistence,validation,128,regime_change,ok,19,2432,1.0748101401346881,1.4440797028253942,0.0,0.0,0.0,0.0,1.0,1.0,1.0,1.0,8.0,1.0,0,4.8e-06,1.2067695774580123
5334086151564077557,16,raw_ar,validation,128,regime_change,ok,19,2432,0.7614016147774045,1.168149052869856,0.0,0.0,0.0,0.0,1.0,1.0,112.0,112.0,896.0,112.0,113,0.0078415,1.7035006933064047
5334086151564077557,16,raw_matched,validation,128,regime_change,ok,19,2432,492152.5157532212,833453.4219753024,28.473684210526315,0.7368421052631579,0.6842105263157895,0.7894736842105263,1.0,1.0,112.0,112.0,896.0,112.0,339,0.001416,2.6354598160955054e-06
5334086151564077557,16,vectorchain_absolute,validation,128,regime_change,ok,19,2432,1.2966856946861849,1.6396696089303042,14.263157894736842,0.10526315789473684,0.0,0.2631578947368421,1.0,1.0,16.0,80.0,640.0,194.52631578947367,243,0.0017661,1.0002795465186554
5334086151564077557,16,vectorchain_cartesian,validation,128,regime_change,ok,19,2432,1.4251803836493306,1.71910987240461,14.263157894736842,0.0,0.0,0.10526315789473684,1.0,1.0,16.0,48.0,384.0,194.52631578947367,147,0.001906,0.9100940439109122
5334086151564077557,16,vectorchain_relational,validation,128,regime_change,ok,19,2432,1.2970481786579247,1.6399756927425966,14.263157894736842,0.10526315789473684,0.0,0.2631578947368421,1.0,1.0,16.0,112.0,896.0,194.52631578947367,339,0.0018784,1.0
5334086151564077557,16,fixed_relational,validation,128,second_order_response,ok,17,2176,2.0520064410349192,3.5239591581427994,16.352941176470587,0.47058823529411764,0.7647058823529411,0.5294117647058824,1.0,1.0,16.0,112.0,896.0,129.0,339,0.0022844,0.08000826774080916
5334086151564077557,16,persistence,validation,128,second_order_response,ok,17,2176,0.0728155071347612,0.10048151972259452,0.0,0.0,0.0,0.0,1.0,1.0,1.0,1.0,8.0,1.0,0,4.9e-06,2.2547049001023916
5334086151564077557,16,raw_ar,validation,128,second_order_response,ok,17,2176,0.042947482490481644,0.06031593381369253,0.0,0.0,0.0,0.0,1.0,1.0,112.0,112.0,896.0,112.0,113,0.00774,3.8227498148831662
5334086151564077557,16,raw_matched,validation,128,second_order_response,ok,17,2176,213.7214368458367,285.26859044725813,17.764705882352942,0.29411764705882354,0.29411764705882354,0.29411764705882354,1.0,1.0,112.0,112.0,896.0,112.0,339,0.0015721,0.0007681844327979724
5334086151564077557,16,vectorchain_absolute,validation,128,second_order_response,ok,17,2176,0.16425189863988696,0.20717215544923168,17.294117647058822,0.0,0.0,0.0,1.0,1.0,16.0,80.0,640.0,210.35294117647058,243,0.0022929,0.9995469282223435
5334086151564077557,16,vectorchain_cartesian,validation,128,second_order_response,ok,17,2176,0.17828927506431944,0.24743695569396315,17.176470588235293,0.0,0.0,0.0,1.0,1.0,16.0,48.0,384.0,210.35294117647058,147,0.0022313,0.9208488883078259
5334086151564077557,16,vectorchain_relational,validation,128,second_order_response,ok,17,2176,0.16417748074018673,0.2071795466461407,17.294117647058822,0.0,0.0,0.0,1.0,1.0,16.0,112.0,896.0,210.35294117647058,339,0.0023265,1.0
5334086151564077557,16,fixed_relational,validation,128,sine,ok,12,1536,1.5636861967489393,2.2413853627891807,17.75,0.5,0.75,0.5,1.0,1.0,16.0,112.0,896.0,129.0,339,0.00288285,0.18638704697160247
5334086151564077557,16,persistence,validation,128,sine,ok,12,1536,0.48859079023688723,0.8048477212877478,0.0,0.0,0.0,0.0,1.0,1.0,1.0,1.0,8.0,1.0,0,8.95e-06,0.5965131935069522
5334086151564077557,16,raw_ar,validation,128,sine,ok,12,1536,0.2664055702123312,0.5327416560070114,0.0,0.0,0.0,0.0,1.0,1.0,112.0,112.0,896.0,112.0,113,0.0086424,1.0940118570719004
5334086151564077557,16,raw_matched,validation,128,sine,ok,12,1536,22217.60646876486,44149.310465005365,35.5,0.6666666666666666,0.75,0.6666666666666666,1.0,1.0,112.0,112.0,896.0,112.0,339,0.0023948,1.3118013095246508e-05
5334086151564077557,16,vectorchain_absolute,validation,128,sine,ok,12,1536,0.2914236515263491,0.34622579181512875,16.083333333333332,0.0,0.0,0.0,1.0,1.0,16.0,80.0,640.0,223.58333333333334,243,0.0023128000000000003,1.0000933386010347
5334086151564077557,16,vectorchain_cartesian,validation,128,sine,ok,12,1536,0.33099841404316543,0.5136429449008398,15.083333333333334,0.0,0.0,0.0,1.0,1.0,16.0,48.0,384.0,223.58333333333334,147,0.00223795,0.8805203899384332
5334086151564077557,16,vectorchain_relational,validation,128,sine,ok,12,1536,0.291450852602291,0.34718179539194266,16.083333333333332,0.0,0.0,0.0,1.0,1.0,16.0,112.0,896.0,223.58333333333334,339,0.0022513999999999998,1.0
9076691527785929283,4,fixed_relational,test,16,chirp,ok,15,240,0.15086506381297213,0.2251369718438699,13.733333333333333,0.4666666666666667,0.4666666666666667,0.5333333333333333,1.0,1.0,4.0,28.0,224.0,37.0,87,0.0015904,0.6562909294220073
9076691527785929283,4,persistence,test,16,chirp,ok,15,240,0.14612006505837624,0.22178750862653096,0.0,0.0,0.0,0.0,1.0,1.0,1.0,1.0,8.0,1.0,0,6.2e-06,0.6776028528838255
9076691527785929283,4,raw_ar,test,16,chirp,ok,15,240,0.052176026026280097,0.08579181015351998,0.0,0.0,0.0,0.0,1.0,1.0,28.0,28.0,224.0,28.0,29,0.0095635,1.8976411292277362
9076691527785929283,4,raw_matched,test,16,chirp,ok,15,240,0.3574791133836982,0.41978391875147636,56.666666666666664,0.4666666666666667,0.4666666666666667,0.4666666666666667,1.0,1.0,28.0,28.0,224.0,28.0,87,0.0018748,0.2769710711485754
9076691527785929283,4,vectorchain_absolute,test,16,chirp,ok,15,240,0.09902057691637207,0.14894685436232688,16.266666666666666,0.0,0.0,0.0,1.0,1.0,4.0,20.0,160.0,38.46666666666667,63,0.0023694,0.9999070499331273
9076691527785929283,4,vectorchain_cartesian,test,16,chirp,ok,15,240,0.09798118519376539,0.14653120236929834,16.533333333333335,0.0,0.0,0.0,1.0,1.0,4.0,12.0,96.0,38.46666666666667,39,0.0023863,1.0105141385187701
9076691527785929283,4,vectorchain_relational,test,16,chirp,ok,15,240,0.09901137294712592,0.14892947888686214,16.266666666666666,0.0,0.0,0.0,1.0,1.0,4.0,28.0,224.0,38.46666666666667,87,0.0023868,1.0
9076691527785929283,4,fixed_relational,test,16,first_order_response,ok,14,224,0.02797102098076392,0.03554510088132805,16.928571428571427,0.2857142857142857,0.5714285714285714,0.35714285714285715,1.0,1.0,4.0,28.0,224.0,37.0,87,0.00267985,0.8492257113852468
9076691527785929283,4,persistence,test,16,first_order_response,ok,14,224,0.02028540616767108,0.016738739178193827,0.0,0.0,0.0,0.0,1.0,1.0,1.0,1.0,8.0,1.0,0,5.8e-06,1.1709753304529475
9076691527785929283,4,raw_ar,test,16,first_order_response,ok,14,224,0.015255733051963332,0.017254355176185725,0.0,0.0,0.0,0.0,1.0,1.0,28.0,28.0,224.0,28.0,29,0.0094503,1.5570349920028215
9076691527785929283,4,raw_matched,test,16,first_order_response,ok,14,224,0.029722307454827752,0.03554294003036584,31.357142857142858,0.2857142857142857,0.2857142857142857,0.2857142857142857,1.0,1.0,28.0,28.0,224.0,28.0,87,0.0018273,0.799187957619442
9076691527785929283,4,vectorchain_absolute,test,16,first_order_response,ok,14,224,0.02377062614354435,0.024570112128619388,16.571428571428573,0.0,0.0,0.0,1.0,1.0,4.0,20.0,160.0,51.07142857142857,63,0.0024056499999999996,0.9992883673790798
9076691527785929283,4,vectorchain_cartesian,test,16,first_order_response,ok,14,224,0.02171167912570017,0.02654534500159062,16.428571428571427,0.0,0.0,0.0,1.0,1.0,4.0,12.0,96.0,51.07142857142857,39,0.0023756,1.0940521943530188
9076691527785929283,4,vectorchain_relational,test,16,first_order_response,ok,14,224,0.023753710190560905,0.024555746297551233,16.571428571428573,0.0,0.0,0.0,1.0,1.0,4.0,28.0,224.0,51.07142857142857,87,0.0024372,1.0
9076691527785929283,4,fixed_relational,test,16,piecewise_linear,ok,12,192,0.02912310433623854,0.03998674512650474,17.583333333333332,0.08333333333333333,0.16666666666666666,0.08333333333333333,1.0,1.0,4.0,28.0,224.0,37.0,87,0.0028275,0.7716813631842823
9076691527785929283,4,persistence,test,16,piecewise_linear,ok,12,192,0.025050361623282603,0.02915115550766897,0.0,0.0,0.0,0.0,1.0,1.0,1.0,1.0,8.0,1.0,0,5.3e-06,0.8971430110397614
9076691527785929283,4,raw_ar,test,16,piecewise_linear,ok,12,192,0.016078763229329083,0.014493142805959638,0.0,0.0,0.0,0.0,1.0,1.0,28.0,28.0,224.0,28.0,29,0.00941995,1.3977291993051135
9076691527785929283,4,raw_matched,test,16,piecewise_linear,ok,12,192,0.04061567653302714,0.05593867047741043,36.833333333333336,0.3333333333333333,0.3333333333333333,0.3333333333333333,1.0,1.0,28.0,28.0,224.0,28.0,87,0.0018399,0.5533271577065034
9076691527785929283,4,vectorchain_absolute,test,16,piecewise_linear,ok,12,192,0.022493300129976575,0.017812516917968882,16.416666666666668,0.0,0.0,0.0,1.0,1.0,4.0,20.0,160.0,59.166666666666664,63,0.00234305,0.9991311512531729
9076691527785929283,4,vectorchain_cartesian,test,16,piecewise_linear,ok,12,192,0.023968658276835773,0.02225937041511647,16.416666666666668,0.0,0.0,0.0,1.0,1.0,4.0,12.0,96.0,59.166666666666664,39,0.0024259,0.9376309927229484
9076691527785929283,4,vectorchain_relational,test,16,piecewise_linear,ok,12,192,0.02247375685434664,0.017792727930049167,16.416666666666668,0.0,0.0,0.0,1.0,1.0,4.0,28.0,224.0,59.166666666666664,87,0.00235465,1.0
9076691527785929283,4,fixed_relational,test,16,ramp,ok,10,160,0.02379295901923115,0.025028237171178403,16.8,0.5,0.8,0.5,1.0,1.0,4.0,28.0,224.0,37.0,87,0.0024639500000000003,0.8034189192265674
9076691527785929283,4,persistence,test,16,ramp,ok,10,160,0.015652373290910654,0.010165747159463934,0.0,0.0,0.0,0.0,1.0,1.0,1.0,1.0,8.0,1.0,0,5.549999999999999e-06,1.221266134224719
9076691527785929283,4,raw_ar,test,16,ramp,ok,10,160,0.014314162648283016,0.013890652149652582,0.0,0.0,0.0,0.0,1.0,1.0,28.0,28.0,224.0,28.0,29,0.0094153,1.3354405626182841
9076691527785929283,4,raw_matched,test,16,ramp,ok,10,160,0.03912845507826758,0.056801956209109015,14.1,0.0,0.0,0.0,1.0,1.0,28.0,28.0,224.0,28.0,87,0.00180835,0.4885373926007572
9076691527785929283,4,vectorchain_absolute,test,16,ramp,ok,10,160,0.019115776673627367,0.019042479464913255,16.3,0.0,0.0,0.0,1.0,1.0,4.0,20.0,160.0,58.7,63,0.0023949,0.9999966910476227
9076691527785929283,4,vectorchain_cartesian,test,16,ramp,ok,10,160,0.020194650111491748,0.02171589772941144,16.4,0.0,0.0,0.0,1.0,1.0,4.0,12.0,96.0,58.7,39,0.0023855,0.9465731426341929
9076691527785929283,4,vectorchain_relational,test,16,ramp,ok,10,160,0.0191157134204327,0.01904872099126197,16.3,0.0,0.0,0.0,1.0,1.0,4.0,28.0,224.0,58.7,87,0.0024192,1.0
9076691527785929283,4,fixed_relational,test,16,regime_change,ok,13,208,0.13146894678817234,0.1987437969079958,17.307692307692307,0.38461538461538464,0.5384615384615384,0.38461538461538464,1.0,1.0,4.0,28.0,224.0,37.0,87,0.0026993,0.9581686329748897
9076691527785929283,4,persistence,test,16,regime_change,ok,13,208,0.16283755730294736,0.23403774017010973,0.0,0.0,0.0,0.0,1.0,1.0,1.0,1.0,8.0,1.0,0,6.5e-06,0.7735894784291976
9076691527785929283,4,raw_ar,test,16,regime_change,ok,13,208,0.06643408298968662,0.10136720280974469,0.0,0.0,0.0,0.0,1.0,1.0,28.0,28.0,224.0,28.0,29,0.00954,1.8961565412474708
9076691527785929283,4,raw_matched,test,16,regime_change,ok,13,208,0.4838730517611466,0.6961831150289857,68.3076923076923,0.5384615384615384,0.5384615384615384,0.5384615384615384,1.0,1.0,28.0,28.0,224.0,28.0,87,0.0125075,0.2603356821880911
9076691527785929283,4,vectorchain_absolute,test,16,regime_change,ok,13,208,0.12599592184097264,0.15287216355622435,15.923076923076923,0.0,0.0,0.0,1.0,1.0,4.0,20.0,160.0,46.30769230769231,63,0.0024114,0.9997896692375927
9076691527785929283,4,vectorchain_cartesian,test,16,regime_change,ok,13,208,0.10491195989225534,0.1399169051914514,16.46153846153846,0.0,0.0,0.0,1.0,1.0,4.0,12.0,96.0,46.30769230769231,39,0.0024243,1.2007155442720001
9076691527785929283,4,vectorchain_relational,test,16,regime_change,ok,13,208,0.1259694210226716,0.15284223897350524,15.923076923076923,0.0,0.0,0.0,1.0,1.0,4.0,28.0,224.0,46.30769230769231,87,0.0023823,1.0
9076691527785929283,4,fixed_relational,test,16,second_order_response,ok,17,272,0.026562421545074974,0.03685272002177288,17.058823529411764,0.17647058823529413,0.47058823529411764,0.17647058823529413,1.0,1.0,4.0,28.0,224.0,37.0,87,0.002646,0.8131217089832078
9076691527785929283,4,persistence,test,16,second_order_response,ok,17,272,0.02061568754059048,0.01774641461426299,0.0,0.0,0.0,0.0,1.0,1.0,1.0,1.0,8.0,1.0,0,5e-06,1.047672145735534
9076691527785929283,4,raw_ar,test,16,second_order_response,ok,17,272,0.01462679452741389,0.017247920604291832,0.0,0.0,0.0,0.0,1.0,1.0,28.0,28.0,224.0,28.0,29,0.009478,1.4766380672801103
9076691527785929283,4,raw_matched,test,16,second_order_response,ok,17,272,0.033114354581729746,0.04575830534514923,29.58823529411765,0.29411764705882354,0.29411764705882354,0.29411764705882354,1.0,1.0,28.0,28.0,224.0,28.0,87,0.0018693,0.6522392441065519
9076691527785929283,4,vectorchain_absolute,test,16,second_order_response,ok,17,272,0.02160947939903914,0.02535898715522921,16.470588235294116,0.0,0.0,0.0,1.0,1.0,4.0,20.0,160.0,37.11764705882353,63,0.002378,0.9994910660561361
9076691527785929283,4,vectorchain_cartesian,test,16,second_order_response,ok,17,272,0.01953999868714953,0.02217050733939423,16.235294117647058,0.0,0.0,0.0,1.0,1.0,4.0,12.0,96.0,37.11764705882353,39,0.0023216,1.1053471367768295
9076691527785929283,4,vectorchain_relational,test,16,second_order_response,ok,17,272,0.021598481601463743,0.02534562892389139,16.470588235294116,0.0,0.0,0.0,1.0,1.0,4.0,28.0,224.0,37.11764705882353,87,0.0024304,1.0
9076691527785929283,4,fixed_relational,test,16,sine,ok,11,176,0.0412269244906102,0.05842778109278726,20.272727272727273,0.2727272727272727,0.36363636363636365,0.36363636363636365,1.0,1.0,4.0,28.0,224.0,37.0,87,0.0029076,1.444066591248868
9076691527785929283,4,persistence,test,16,sine,ok,11,176,0.06918272589863814,0.09637782967595955,0.0,0.0,0.0,0.0,1.0,1.0,1.0,1.0,8.0,1.0,0,5.2e-06,0.8605388634737487
9076691527785929283,4,raw_ar,test,16,sine,ok,11,176,0.015971876214305764,0.015993901232938538,0.0,0.0,0.0,0.0,1.0,1.0,28.0,28.0,224.0,28.0,29,0.0093698,3.727453401091719
9076691527785929283,4,raw_matched,test,16,sine,ok,11,176,0.0643998081653395,0.0891139594511998,75.63636363636364,0.7272727272727273,0.7272727272727273,0.7272727272727273,1.0,1.0,28.0,28.0,224.0,28.0,87,0.0106055,0.924450336311279
9076691527785929283,4,vectorchain_absolute,test,16,sine,ok,11,176,0.059550043615554306,0.062374464780934696,16.818181818181817,0.0,0.0,0.0,1.0,1.0,4.0,20.0,160.0,60.45454545454545,63,0.0023783,0.999737711380613
9076691527785929283,4,vectorchain_cartesian,test,16,sine,ok,11,176,0.045974253117735855,0.057255742962880427,16.90909090909091,0.0,0.0,0.0,1.0,1.0,4.0,12.0,96.0,60.45454545454545,39,0.0023798,1.2949514190990277
9076691527785929283,4,vectorchain_relational,test,16,sine,ok,11,176,0.05953442431682995,0.062344165939601466,16.818181818181817,0.0,0.0,0.0,1.0,1.0,4.0,28.0,224.0,60.45454545454545,87,0.0024496,1.0
9076691527785929283,4,fixed_relational,test,64,chirp,ok,15,960,1.8789155154306068,2.737534308346286,13.733333333333333,0.4666666666666667,0.4666666666666667,0.5333333333333333,1.0,1.0,4.0,28.0,224.0,37.0,87,0.0015904,0.2241700702360423
9076691527785929283,4,persistence,test,64,chirp,ok,15,960,0.5381042530632378,0.7802424644159107,0.0,0.0,0.0,0.0,1.0,1.0,1.0,1.0,8.0,1.0,0,6.2e-06,0.782741672573567
9076691527785929283,4,raw_ar,test,64,chirp,ok,15,960,0.3578298617902695,0.6526686513488298,0.0,0.0,0.0,0.0,1.0,1.0,28.0,28.0,224.0,28.0,29,0.0095635,1.1770862860756424
9076691527785929283,4,raw_matched,test,64,chirp,ok,15,960,1284.1315332901675,2643.063179021727,56.666666666666664,0.4666666666666667,0.4666666666666667,0.4666666666666667,1.0,1.0,28.0,28.0,224.0,28.0,87,0.0018748,0.00032800115264087473
9076691527785929283,4,vectorchain_absolute,test,64,chirp,ok,15,960,0.421222633137895,0.6847623650584735,16.266666666666666,0.0,0.0,0.0,1.0,1.0,4.0,20.0,160.0,38.46666666666667,63,0.0023694,0.9999382510003498
9076691527785929283,4,vectorchain_cartesian,test,64,chirp,ok,15,960,0.4223018250646402,0.6831099886548267,16.533333333333335,0.0,0.0,0.0,1.0,1.0,4.0,12.0,96.0,38.46666666666667,39,0.0023863,0.9973829097167592
9076691527785929283,4,vectorchain_relational,test,64,chirp,ok,15,960,0.4211966230616687,0.6847141560213864,16.266666666666666,0.0,0.0,0.0,1.0,1.0,4.0,28.0,224.0,38.46666666666667,87,0.0023868,1.0
9076691527785929283,4,fixed_relational,test,64,first_order_response,ok,14,896,0.4746284953039866,1.1857537899352568,16.928571428571427,0.2857142857142857,0.5714285714285714,0.35714285714285715,1.0,1.0,4.0,28.0,224.0,37.0,87,0.00267985,0.09403851750975314
9076691527785929283,4,persistence,test,64,first_order_response,ok,14,896,0.019992783756554788,0.01914130682560123,0.0,0.0,0.0,0.0,1.0,1.0,1.0,1.0,8.0,1.0,0,5.8e-06,2.232473506929136
9076691527785929283,4,raw_ar,test,64,first_order_response,ok,14,896,0.026919856771929596,0.03380652128308629,0.0,0.0,0.0,0.0,1.0,1.0,28.0,28.0,224.0,28.0,29,0.0094503,1.6580088239107094
9076691527785929283,4,raw_matched,test,64,first_order_response,ok,14,896,3.355137934658677,4.823239649090814,31.357142857142858,0.2857142857142857,0.2857142857142857,0.2857142857142857,1.0,1.0,28.0,28.0,224.0,28.0,87,0.0018273,0.013302988114201733
9076691527785929283,4,vectorchain_absolute,test,64,first_order_response,ok,14,896,0.04463374340266465,0.05654839212821792,16.571428571428573,0.0,0.0,0.0,1.0,1.0,4.0,20.0,160.0,51.07142857142857,63,0.0024056499999999996,0.9999914115114779
9076691527785929283,4,vectorchain_cartesian,test,64,first_order_response,ok,14,896,0.03955279820703868,0.04832863745524287,16.428571428571427,0.0,0.0,0.0,1.0,1.0,4.0,12.0,96.0,51.07142857142857,39,0.0023756,1.1284501246318632
9076691527785929283,4,vectorchain_relational,test,64,first_order_response,ok,14,896,0.044633360066271735,0.056534349145614816,16.571428571428573,0.0,0.0,0.0,1.0,1.0,4.0,28.0,224.0,51.07142857142857,87,0.0024372,1.0
9076691527785929283,4,fixed_relational,test,64,piecewise_linear,ok,12,768,0.5210362090986513,0.7765792707741462,17.583333333333332,0.08333333333333333,0.16666666666666666,0.08333333333333333,1.0,1.0,4.0,28.0,224.0,37.0,87,0.0028275,0.07601381587024221
9076691527785929283,4,persistence,test,64,piecewise_linear,ok,12,768,0.05662635075093678,0.08898209592952111,0.0,0.0,0.0,0.0,1.0,1.0,1.0,1.0,8.0,1.0,0,5.3e-06,0.6994261493973933
9076691527785929283,4,raw_ar,test,64,piecewise_linear,ok,12,768,0.033373163297084195,0.04374133632776076,0.0,0.0,0.0,0.0,1.0,1.0,28.0,28.0,224.0,28.0,29,0.00941995,1.186760455027476
9076691527785929283,4,raw_matched,test,64,piecewise_linear,ok,12,768,1.166358501249099,2.750840836025301,36.833333333333336,0.3333333333333333,0.3333333333333333,0.3333333333333333,1.0,1.0,28.0,28.0,224.0,28.0,87,0.0018399,0.03395692698063103
9076691527785929283,4,vectorchain_absolute,test,64,piecewise_linear,ok,12,768,0.039621416592039806,0.044669646302302864,16.416666666666668,0.0,0.0,0.0,1.0,1.0,4.0,20.0,160.0,59.166666666666664,63,0.00234305,0.9996096522230603
9076691527785929283,4,vectorchain_cartesian,test,64,piecewise_linear,ok,12,768,0.04183009245697559,0.04505913488941412,16.416666666666668,0.0,0.0,0.0,1.0,1.0,4.0,12.0,96.0,59.166666666666664,39,0.0024259,0.946829139832542
9076691527785929283,4,vectorchain_relational,test,64,piecewise_linear,ok,12,768,0.0396059504601539,0.04466042362414116,16.416666666666668,0.0,0.0,0.0,1.0,1.0,4.0,28.0,224.0,59.166666666666664,87,0.00235465,1.0
9076691527785929283,4,fixed_relational,test,64,ramp,ok,10,640,0.6393742511104601,1.616355238337691,16.8,0.5,0.8,0.5,1.0,1.0,4.0,28.0,224.0,37.0,87,0.0024639500000000003,0.05660757549173924
9076691527785929283,4,persistence,test,64,ramp,ok,10,640,0.020510418294893706,0.024770166923167337,0.0,0.0,0.0,0.0,1.0,1.0,1.0,1.0,8.0,1.0,0,5.549999999999999e-06,1.764636179858914
9076691527785929283,4,raw_ar,test,64,ramp,ok,10,640,0.025563232070907042,0.02894465454160807,0.0,0.0,0.0,0.0,1.0,1.0,28.0,28.0,224.0,28.0,29,0.0094153,1.4158392055752824
9076691527785929283,4,raw_matched,test,64,ramp,ok,10,640,0.31782491698389265,0.5781697285980957,14.1,0.0,0.0,0.0,1.0,1.0,28.0,28.0,224.0,28.0,87,0.00180835,0.1138785043371659
9076691527785929283,4,vectorchain_absolute,test,64,ramp,ok,10,640,0.0361818644851789,0.04061367879498079,16.3,0.0,0.0,0.0,1.0,1.0,4.0,20.0,160.0,58.7,63,0.0023949,1.0003195441195532
9076691527785929283,4,vectorchain_cartesian,test,64,ramp,ok,10,640,0.03451873415623538,0.038421499620940804,16.4,0.0,0.0,0.0,1.0,1.0,4.0,12.0,96.0,58.7,39,0.0023855,1.0485154531853456
9076691527785929283,4,vectorchain_relational,test,64,ramp,ok,10,640,0.03619342618720961,0.04063155091253726,16.3,0.0,0.0,0.0,1.0,1.0,4.0,28.0,224.0,58.7,87,0.0024192,1.0
9076691527785929283,4,fixed_relational,test,64,regime_change,ok,13,832,1.1421761478013859,1.5834644171881427,17.307692307692307,0.38461538461538464,0.5384615384615384,0.38461538461538464,1.0,1.0,4.0,28.0,224.0,37.0,87,0.0026993,0.4394440229400102
9076691527785929283,4,persistence,test,64,regime_change,ok,13,832,0.6140981302628151,0.9168734673407286,0.0,0.0,0.0,0.0,1.0,1.0,1.0,1.0,8.0,1.0,0,6.5e-06,0.8173326974325054
9076691527785929283,4,raw_ar,test,64,regime_change,ok,13,832,0.45992059582139727,0.8175391507165474,0.0,0.0,0.0,0.0,1.0,1.0,28.0,28.0,224.0,28.0,29,0.00954,1.0913242108663432
9076691527785929283,4,raw_matched,test,64,regime_change,ok,13,832,1811.6342031306751,4479.000846830947,68.3076923076923,0.5384615384615384,0.5384615384615384,0.5384615384615384,1.0,1.0,28.0,28.0,224.0,28.0,87,0.0125075,0.00027705509226343556
9076691527785929283,4,vectorchain_absolute,test,64,regime_change,ok,13,832,0.501970748600564,0.824307499340375,15.923076923076923,0.0,0.0,0.0,1.0,1.0,4.0,20.0,160.0,46.30769230769231,63,0.0024114,0.9999038443878775
9076691527785929283,4,vectorchain_cartesian,test,64,regime_change,ok,13,832,0.5198957446579267,0.8677337759724743,16.46153846153846,0.0,0.0,0.0,1.0,1.0,4.0,12.0,96.0,46.30769230769231,39,0.0024243,0.9654291008406162
9076691527785929283,4,vectorchain_relational,test,64,regime_change,ok,13,832,0.5019224812959647,0.8242309241735974,15.923076923076923,0.0,0.0,0.0,1.0,1.0,4.0,28.0,224.0,46.30769230769231,87,0.0023823,1.0
9076691527785929283,4,fixed_relational,test,64,second_order_response,ok,17,1088,0.4402399575442276,0.8965750232451762,17.058823529411764,0.17647058823529413,0.47058823529411764,0.17647058823529413,1.0,1.0,4.0,28.0,224.0,37.0,87,0.002646,0.09116560342124203
9076691527785929283,4,persistence,test,64,second_order_response,ok,17,1088,0.0266554493736124,0.02876915323917179,0.0,0.0,0.0,0.0,1.0,1.0,1.0,1.0,8.0,1.0,0,5e-06,1.505686166348894
9076691527785929283,4,raw_ar,test,64,second_order_response,ok,17,1088,0.029818095187872706,0.03466668963773021,0.0,0.0,0.0,0.0,1.0,1.0,28.0,28.0,224.0,28.0,29,0.009478,1.3459860908883494
9076691527785929283,4,raw_matched,test,64,second_order_response,ok,17,1088,2.3875061421735184,4.425728537219154,29.58823529411765,0.29411764705882354,0.29411764705882354,0.29411764705882354,1.0,1.0,28.0,28.0,224.0,28.0,87,0.0018693,0.016810319634664457
9076691527785929283,4,vectorchain_absolute,test,64,second_order_response,ok,17,1088,0.04013154883448657,0.048567688108183016,16.470588235294116,0.0,0.0,0.0,1.0,1.0,4.0,20.0,160.0,37.11764705882353,63,0.002378,1.0000795520050343
9076691527785929283,4,vectorchain_cartesian,test,64,second_order_response,ok,17,1088,0.0348165559618302,0.04182653437532752,16.235294117647058,0.0,0.0,0.0,1.0,1.0,4.0,12.0,96.0,37.11764705882353,39,0.0023216,1.152748750441074
9076691527785929283,4,vectorchain_relational,test,64,second_order_response,ok,17,1088,0.040134741379661484,0.04858914612056351,16.470588235294116,0.0,0.0,0.0,1.0,1.0,4.0,28.0,224.0,37.11764705882353,87,0.0024304,1.0
9076691527785929283,4,fixed_relational,test,64,sine,ok,11,704,0.7343945839148415,1.3343506822059197,20.272727272727273,0.2727272727272727,0.36363636363636365,0.36363636363636365,1.0,1.0,4.0,28.0,224.0,37.0,87,0.0029076,0.16430603162605473
9076691527785929283,4,persistence,test,64,sine,ok,11,704,0.2388742660197323,0.3653781963193761,0.0,0.0,0.0,0.0,1.0,1.0,1.0,1.0,8.0,1.0,0,5.2e-06,0.505142147546139
9076691527785929283,4,raw_ar,test,64,sine,ok,11,704,0.06713602057054402,0.1202781158679139,0.0,0.0,0.0,0.0,1.0,1.0,28.0,28.0,224.0,28.0,29,0.0093698,1.7973281511960408
9076691527785929283,4,raw_matched,test,64,sine,ok,11,704,206.22442781122652,489.7187444474786,75.63636363636364,0.7272727272727273,0.7272727272727273,0.7272727272727273,1.0,1.0,28.0,28.0,224.0,28.0,87,0.0106055,0.0005851171997973483
9076691527785929283,4,vectorchain_absolute,test,64,sine,ok,11,704,0.12068307894409037,0.16454523946660018,16.818181818181817,0.0,0.0,0.0,1.0,1.0,4.0,20.0,160.0,60.45454545454545,63,0.0023783,0.9998540042769104
9076691527785929283,4,vectorchain_cartesian,test,64,sine,ok,11,704,0.11990240680763045,0.15595327104383205,16.90909090909091,0.0,0.0,0.0,1.0,1.0,4.0,12.0,96.0,60.45454545454545,39,0.0023798,1.006363950010687
9076691527785929283,4,vectorchain_relational,test,64,sine,ok,11,704,0.12066545973071525,0.1645362601207723,16.818181818181817,0.0,0.0,0.0,1.0,1.0,4.0,28.0,224.0,60.45454545454545,87,0.0024496,1.0
9076691527785929283,4,fixed_relational,test,128,chirp,ok,15,1920,3.7225090952154685,4.938150735466556,13.733333333333333,0.4666666666666667,0.4666666666666667,0.5333333333333333,1.0,1.0,4.0,28.0,224.0,37.0,87,0.0015904,0.24477055969635061
9076691527785929283,4,persistence,test,128,chirp,ok,15,1920,0.9131987982091312,1.2113305041634217,0.0,0.0,0.0,0.0,1.0,1.0,1.0,1.0,8.0,1.0,0,6.2e-06,0.9977681053649191
9076691527785929283,4,raw_ar,test,128,chirp,ok,15,1920,0.9913676256063939,1.7248978090178686,0.0,0.0,0.0,0.0,1.0,1.0,28.0,28.0,224.0,28.0,29,0.0095635,0.9190946034306018
9076691527785929283,4,raw_matched,test,128,chirp,ok,15,1920,90931395.57439086,264637383.90328047,56.666666666666664,0.4666666666666667,0.4666666666666667,0.4666666666666667,1.0,1.0,28.0,28.0,224.0,28.0,87,0.0018748,1.0020308485920318e-08
9076691527785929283,4,vectorchain_absolute,test,128,chirp,ok,15,1920,0.9111981395792641,1.3660839158337694,16.266666666666666,0.0,0.0,0.0,1.0,1.0,4.0,20.0,160.0,38.46666666666667,63,0.0023694,0.9999588400513685
9076691527785929283,4,vectorchain_cartesian,test,128,chirp,ok,15,1920,0.9157229117146152,1.3710241909125886,16.533333333333335,0.0,0.0,0.0,1.0,1.0,4.0,12.0,96.0,38.46666666666667,39,0.0023863,0.9950178411552172
9076691527785929283,4,vectorchain_relational,test,128,chirp,ok,15,1920,0.9111606347106459,1.3660504236392879,16.266666666666666,0.0,0.0,0.0,1.0,1.0,4.0,28.0,224.0,38.46666666666667,87,0.0023868,1.0
9076691527785929283,4,fixed_relational,test,128,first_order_response,ok,14,1792,32.80529348411406,13.67370641146931,16.928571428571427,0.2857142857142857,0.5714285714285714,0.35714285714285715,1.0,1.0,4.0,28.0,224.0,37.0,87,0.00267985,0.00196330407674533
9076691527785929283,4,persistence,test,128,first_order_response,ok,14,1792,0.019979367189765285,0.019909321228857548,0.0,0.0,0.0,0.0,1.0,1.0,1.0,1.0,8.0,1.0,0,5.8e-06,3.2236639841717025
9076691527785929283,4,raw_ar,test,128,first_order_response,ok,14,1792,0.041759447851313525,0.05578819080585622,0.0,0.0,0.0,0.0,1.0,1.0,28.0,28.0,224.0,28.0,29,0.0094503,1.5423280179735963
9076691527785929283,4,raw_matched,test,128,first_order_response,ok,14,1792,235812.4275305025,437395.9667315756,31.357142857142858,0.2857142857142857,0.2857142857142857,0.2857142857142857,1.0,1.0,28.0,28.0,224.0,28.0,87,0.0018273,2.73127108315176e-07
9076691527785929283,4,vectorchain_absolute,test,128,first_order_response,ok,14,1792,0.06440440324586337,0.07240313472293905,16.571428571428573,0.0,0.0,0.0,1.0,1.0,4.0,20.0,160.0,51.07142857142857,63,0.0024056499999999996,1.0000366929931135
9076691527785929283,4,vectorchain_cartesian,test,128,first_order_response,ok,14,1792,0.05486134617373976,0.06095100253539376,16.428571428571427,0.0,0.0,0.0,1.0,1.0,4.0,12.0,96.0,51.07142857142857,39,0.0023756,1.1739917251067649
9076691527785929283,4,vectorchain_relational,test,128,first_order_response,ok,14,1792,0.06440676643618815,0.07237238989445431,16.571428571428573,0.0,0.0,0.0,1.0,1.0,4.0,28.0,224.0,51.07142857142857,87,0.0024372,1.0
9076691527785929283,4,fixed_relational,test,128,piecewise_linear,ok,12,1536,1.8588125404442013,3.2344878480277806,17.583333333333332,0.08333333333333333,0.16666666666666666,0.08333333333333333,1.0,1.0,4.0,28.0,224.0,37.0,87,0.0028275,0.03417448878174243
9076691527785929283,4,persistence,test,128,piecewise_linear,ok,12,1536,0.1032100116574554,0.17383429519109864,0.0,0.0,0.0,0.0,1.0,1.0,1.0,1.0,8.0,1.0,0,5.3e-06,0.6154826192792493
9076691527785929283,4,raw_ar,test,128,piecewise_linear,ok,12,1536,0.060336402418239565,0.0914662354503456,0.0,0.0,0.0,0.0,1.0,1.0,28.0,28.0,224.0,28.0,29,0.00941995,1.0528298964601401
9076691527785929283,4,raw_matched,test,128,piecewise_linear,ok,12,1536,78830.80649478608,232772.7443071519,36.833333333333336,0.3333333333333333,0.3333333333333333,0.3333333333333333,1.0,1.0,28.0,28.0,224.0,28.0,87,0.0018399,8.058266956202461e-07
9076691527785929283,4,vectorchain_absolute,test,128,piecewise_linear,ok,12,1536,0.0635312198671304,0.09319265338275029,16.416666666666668,0.0,0.0,0.0,1.0,1.0,4.0,20.0,160.0,59.166666666666664,63,0.00234305,0.9998858583799736
9076691527785929283,4,vectorchain_cartesian,test,128,piecewise_linear,ok,12,1536,0.06466875786679095,0.0960407251282417,16.416666666666668,0.0,0.0,0.0,1.0,1.0,4.0,12.0,96.0,59.166666666666664,39,0.0024259,0.9822976411828327
9076691527785929283,4,vectorchain_relational,test,128,piecewise_linear,ok,12,1536,0.0635239683107725,0.0932273486358124,16.416666666666668,0.0,0.0,0.0,1.0,1.0,4.0,28.0,224.0,59.166666666666664,87,0.00235465,1.0
9076691527785929283,4,fixed_relational,test,128,ramp,ok,10,1280,4.52695982366141,8.32413371214265,16.8,0.5,0.8,0.5,1.0,1.0,4.0,28.0,224.0,37.0,87,0.0024639500000000003,0.011647873538799739
9076691527785929283,4,persistence,test,128,ramp,ok,10,1280,0.034940756486812136,0.058883595093784935,0.0,0.0,0.0,0.0,1.0,1.0,1.0,1.0,8.0,1.0,0,5.549999999999999e-06,1.5091103010645235
9076691527785929283,4,raw_ar,test,128,ramp,ok,10,1280,0.03865829995548473,0.046526088305402245,0.0,0.0,0.0,0.0,1.0,1.0,28.0,28.0,224.0,28.0,29,0.0094153,1.3639879560651542
9076691527785929283,4,raw_matched,test,128,ramp,ok,10,1280,1.106671992890783,2.181416859419015,14.1,0.0,0.0,0.0,1.0,1.0,28.0,28.0,224.0,28.0,87,0.00180835,0.047646869063251975
9076691527785929283,4,vectorchain_absolute,test,128,ramp,ok,10,1280,0.05271667501157785,0.06140159228885879,16.3,0.0,0.0,0.0,1.0,1.0,4.0,20.0,160.0,58.7,63,0.0023949,1.0002424380834833
9076691527785929283,4,vectorchain_cartesian,test,128,ramp,ok,10,1280,0.04750597302737552,0.054270578868324815,16.4,0.0,0.0,0.0,1.0,1.0,4.0,12.0,96.0,58.7,39,0.0023855,1.1099542264053763
9076691527785929283,4,vectorchain_relational,test,128,ramp,ok,10,1280,0.052729455541235266,0.0614182952010641,16.3,0.0,0.0,0.0,1.0,1.0,4.0,28.0,224.0,58.7,87,0.0024192,1.0
9076691527785929283,4,fixed_relational,test,128,regime_change,ok,13,1664,2.7327242874958784,4.323981014101293,17.307692307692307,0.38461538461538464,0.5384615384615384,0.38461538461538464,1.0,1.0,4.0,28.0,224.0,37.0,87,0.0026993,0.41568154529639817
9076691527785929283,4,persistence,test,128,regime_change,ok,13,1664,1.031498667113919,1.3126170771346548,0.0,0.0,0.0,0.0,1.0,1.0,1.0,1.0,8.0,1.0,0,6.5e-06,1.1012549903468092
9076691527785929283,4,raw_ar,test,128,regime_change,ok,13,1664,1.1752511676666728,1.912123913731474,0.0,0.0,0.0,0.0,1.0,1.0,28.0,28.0,224.0,28.0,29,0.00954,0.966553436360817
9076691527785929283,4,raw_matched,test,128,regime_change,ok,13,1664,128284331.62067068,448469988.488337,68.3076923076923,0.5384615384615384,0.5384615384615384,0.5384615384615384,1.0,1.0,28.0,28.0,224.0,28.0,87,0.0125075,8.854885396715501e-09
9076691527785929283,4,vectorchain_absolute,test,128,regime_change,ok,13,1664,1.136017217927385,1.7811157528442618,15.923076923076923,0.0,0.0,0.0,1.0,1.0,4.0,20.0,160.0,46.30769230769231,63,0.0024114,0.9999347164541792
9076691527785929283,4,vectorchain_cartesian,test,128,regime_change,ok,13,1664,1.1650537553546103,1.8129916586760235,16.46153846153846,0.0,0.0,0.0,1.0,1.0,4.0,12.0,96.0,46.30769230769231,39,0.0024243,0.9750134270409999
9076691527785929283,4,vectorchain_relational,test,128,regime_change,ok,13,1664,1.1359430546952853,1.7810210223145582,15.923076923076923,0.0,0.0,0.0,1.0,1.0,4.0,28.0,224.0,46.30769230769231,87,0.0023823,1.0
9076691527785929283,4,fixed_relational,test,128,second_order_response,ok,17,2176,3.022112533779633,5.372328706048087,17.058823529411764,0.17647058823529413,0.47058823529411764,0.17647058823529413,1.0,1.0,4.0,28.0,224.0,37.0,87,0.002646,0.018569406420812548
9076691527785929283,4,persistence,test,128,second_order_response,ok,17,2176,0.03970025575934636,0.05638044190519396,0.0,0.0,0.0,0.0,1.0,1.0,1.0,1.0,8.0,1.0,0,5e-06,1.4135635858208273
9076691527785929283,4,raw_ar,test,128,second_order_response,ok,17,2176,0.04746252953066768,0.06614842763361947,0.0,0.0,0.0,0.0,1.0,1.0,28.0,28.0,224.0,28.0,29,0.009478,1.182381900925122
9076691527785929283,4,raw_matched,test,128,second_order_response,ok,17,2176,170388.6036478642,407890.2294241343,29.58823529411765,0.29411764705882354,0.29411764705882354,0.29411764705882354,1.0,1.0,28.0,28.0,224.0,28.0,87,0.0018693,3.2935791882633363e-07
9076691527785929283,4,vectorchain_absolute,test,128,second_order_response,ok,17,2176,0.05610896017833148,0.0702424145147098,16.470588235294116,0.0,0.0,0.0,1.0,1.0,4.0,20.0,160.0,37.11764705882353,63,0.002378,1.0001760095147498
9076691527785929283,4,vectorchain_cartesian,test,128,second_order_response,ok,17,2176,0.05050793159634662,0.06369177227612857,16.235294117647058,0.0,0.0,0.0,1.0,1.0,4.0,12.0,96.0,37.11764705882353,39,0.0023216,1.11108956782631
9076691527785929283,4,vectorchain_relational,test,128,second_order_response,ok,17,2176,0.05611883588918559,0.07027364610710186,16.470588235294116,0.0,0.0,0.0,1.0,1.0,4.0,28.0,224.0,37.11764705882353,87,0.0024304,1.0
9076691527785929283,4,fixed_relational,test,128,sine,ok,11,1408,2.9817719274175256,4.602160518378722,20.272727272727273,0.2727272727272727,0.36363636363636365,0.36363636363636365,1.0,1.0,4.0,28.0,224.0,37.0,87,0.0029076,0.08742946013825313
9076691527785929283,4,persistence,test,128,sine,ok,11,1408,0.445985953345786,0.6548766233212632,0.0,0.0,0.0,0.0,1.0,1.0,1.0,1.0,8.0,1.0,0,5.2e-06,0.5845356965029536
9076691527785929283,4,raw_ar,test,128,sine,ok,11,1408,0.21048600985091198,0.3817739457603833,0.0,0.0,0.0,0.0,1.0,1.0,28.0,28.0,224.0,28.0,29,0.0093698,1.238536993761076
9076691527785929283,4,raw_matched,test,128,sine,ok,11,1408,14607075.18704457,49043237.98938313,75.63636363636364,0.7272727272727273,0.7272727272727273,0.7272727272727273,1.0,1.0,28.0,28.0,224.0,28.0,87,0.0106055,1.7847153282316935e-08
9076691527785929283,4,vectorchain_absolute,test,128,sine,ok,11,1408,0.2607119663585819,0.414746113897615,16.818181818181817,0.0,0.0,0.0,1.0,1.0,4.0,20.0,160.0,60.45454545454545,63,0.0023783,0.9999338101380225
9076691527785929283,4,vectorchain_cartesian,test,128,sine,ok,11,1408,0.2600649635495879,0.41273450058494043,16.90909090909091,0.0,0.0,0.0,1.0,1.0,4.0,12.0,96.0,60.45454545454545,39,0.0023798,1.0024214961959101
9076691527785929283,4,vectorchain_relational,test,128,sine,ok,11,1408,0.26069470986951276,0.41474135616187735,16.818181818181817,0.0,0.0,0.0,1.0,1.0,4.0,28.0,224.0,60.45454545454545,87,0.0024496,1.0
9076691527785929283,4,fixed_relational,validation,16,chirp,ok,23,368,0.12828915832023172,0.18645751264373708,13.391304347826088,0.30434782608695654,0.6086956521739131,0.30434782608695654,1.0,1.0,4.0,28.0,224.0,37.0,87,0.0013833,0.6282392018248959
9076691527785929283,4,persistence,validation,16,chirp,ok,23,368,0.12765155770177822,0.18654248900604434,0.0,0.0,0.0,0.0,1.0,1.0,1.0,1.0,8.0,1.0,0,5.6e-06,0.6313771635609845
9076691527785929283,4,raw_ar,validation,16,chirp,ok,23,368,0.040169734111308586,0.05926888772000232,0.0,0.0,0.0,0.0,1.0,1.0,28.0,28.0,224.0,28.0,29,0.0082534,2.0063931267894706
9076691527785929283,4,raw_matched,validation,16,chirp,ok,23,368,0.26980430172067615,0.2982933980286831,43.47826086956522,0.30434782608695654,0.30434782608695654,0.30434782608695654,1.0,1.0,28.0,28.0,224.0,28.0,87,0.0015745,0.2987212505949221
9076691527785929283,4,vectorchain_absolute,validation,16,chirp,ok,23,368,0.08060476497603036,0.10982493407725219,15.956521739130435,0.0,0.0,0.0,1.0,1.0,4.0,20.0,160.0,39.26086956521739,63,0.0021414,0.9998947140390173
9076691527785929283,4,vectorchain_cartesian,validation,16,chirp,ok,23,368,0.0777367912646284,0.10724015683140861,16.217391304347824,0.0,0.0,0.0,1.0,1.0,4.0,12.0,96.0,39.26086956521739,39,0.002125,1.0367842190903858
9076691527785929283,4,vectorchain_relational,validation,16,chirp,ok,23,368,0.08059627842589008,0.10980563065643395,15.956521739130435,0.0,0.0,0.0,1.0,1.0,4.0,28.0,224.0,39.26086956521739,87,0.0022364,1.0
9076691527785929283,4,fixed_relational,validation,16,first_order_response,ok,17,272,0.025146439294897214,0.03600051196753339,16.764705882352942,0.17647058823529413,0.47058823529411764,0.17647058823529413,1.0,1.0,4.0,28.0,224.0,37.0,87,0.0025215,0.9415373257158731
9076691527785929283,4,persistence,validation,16,first_order_response,ok,17,272,0.018911778881572684,0.014771099518123786,0.0,0.0,0.0,0.0,1.0,1.0,1.0,1.0,8.0,1.0,0,6.7e-06,1.2519346462993952
9076691527785929283,4,raw_ar,validation,16,first_order_response,ok,17,272,0.014487805446035269,0.0137635531379052,0.0,0.0,0.0,0.0,1.0,1.0,28.0,28.0,224.0,28.0,29,0.0082547,1.6342234366125703
9076691527785929283,4,raw_matched,validation,16,first_order_response,ok,17,272,0.03365773194955867,0.04772908329868351,33.470588235294116,0.29411764705882354,0.29411764705882354,0.29411764705882354,1.0,1.0,28.0,28.0,224.0,28.0,87,0.0016988,0.7034434536610099
9076691527785929283,4,vectorchain_absolute,validation,16,first_order_response,ok,17,272,0.023683967446301052,0.024285191889222794,16.352941176470587,0.0,0.0,0.0,1.0,1.0,4.0,20.0,160.0,49.76470588235294,63,0.0021901,0.9996767331603397
9076691527785929283,4,vectorchain_cartesian,validation,16,first_order_response,ok,17,272,0.025511828214676013,0.026453425877285303,16.41176470588235,0.0,0.0,0.0,1.0,1.0,4.0,12.0,96.0,49.76470588235294,39,0.0022274,0.9280523138429554
9076691527785929283,4,vectorchain_relational,validation,16,first_order_response,ok,17,272,0.02367631120499407,0.024267397521866272,16.352941176470587,0.0,0.0,0.0,1.0,1.0,4.0,28.0,224.0,49.76470588235294,87,0.0022205,1.0
9076691527785929283,4,fixed_relational,validation,16,piecewise_linear,ok,15,240,0.029983655002823895,0.04121507608688014,14.666666666666666,0.4666666666666667,0.8,0.4666666666666667,1.0,1.0,4.0,28.0,224.0,37.0,87,0.0021755,0.9091770786591836
9076691527785929283,4,persistence,validation,16,piecewise_linear,ok,15,240,0.031033689067627435,0.035692320294703685,0.0,0.0,0.0,0.0,1.0,1.0,1.0,1.0,8.0,1.0,0,7.2e-06,0.8784148028159754
9076691527785929283,4,raw_ar,validation,16,piecewise_linear,ok,15,240,0.01806187418703167,0.017635690484823125,0.0,0.0,0.0,0.0,1.0,1.0,28.0,28.0,224.0,28.0,29,0.0079304,1.5092814610880805
9076691527785929283,4,raw_matched,validation,16,piecewise_linear,ok,15,240,0.03288099468973965,0.044818457339992165,22.733333333333334,0.13333333333333333,0.13333333333333333,0.13333333333333333,1.0,1.0,28.0,28.0,224.0,28.0,87,0.0015802,0.8290640876353638
9076691527785929283,4,vectorchain_absolute,validation,16,piecewise_linear,ok,15,240,0.02727525507544588,0.02810207472494297,16.2,0.0,0.0,0.0,1.0,1.0,4.0,20.0,160.0,57.06666666666667,63,0.0021482,0.9994572658472785
9076691527785929283,4,vectorchain_cartesian,validation,16,piecewise_linear,ok,15,240,0.026399894727576638,0.028732914211979103,16.266666666666666,0.0,0.0,0.0,1.0,1.0,4.0,12.0,96.0,57.06666666666667,39,0.0021825,1.0325969911734796
9076691527785929283,4,vectorchain_relational,validation,16,piecewise_linear,ok,15,240,0.027260451862992245,0.028093580656534004,16.2,0.0,0.0,0.0,1.0,1.0,4.0,28.0,224.0,57.06666666666667,87,0.0021879,1.0
9076691527785929283,4,fixed_relational,validation,16,ramp,ok,18,288,0.02989715223331206,0.041347361316433934,14.722222222222221,0.16666666666666666,0.5,0.16666666666666666,1.0,1.0,4.0,28.0,224.0,37.0,87,0.0021409,0.8750989566473244
9076691527785929283,4,persistence,validation,16,ramp,ok,18,288,0.01877722542736339,0.018137355213681046,0.0,0.0,0.0,0.0,1.0,1.0,1.0,1.0,8.0,1.0,0,5.2500000000000006e-06,1.3933350711107317
9076691527785929283,4,raw_ar,validation,16,ramp,ok,18,288,0.014539266618038393,0.013920599004371197,0.0,0.0,0.0,0.0,1.0,1.0,28.0,28.0,224.0,28.0,29,0.008058349999999999,1.7994694927485593
9076691527785929283,4,raw_matched,validation,16,ramp,ok,18,288,0.031186973274902205,0.044085293120236346,22.5,0.16666666666666666,0.16666666666666666,0.16666666666666666,1.0,1.0,28.0,28.0,224.0,28.0,87,0.0016107,0.8389068889590617
9076691527785929283,4,vectorchain_absolute,validation,16,ramp,ok,18,288,0.02619203082464962,0.025372765771189243,16.333333333333332,0.0,0.0,0.0,1.0,1.0,4.0,20.0,160.0,47.55555555555556,63,0.0022221999999999997,0.9988903457411688
9076691527785929283,4,vectorchain_cartesian,validation,16,ramp,ok,18,288,0.02527895700374789,0.0306093507227106,16.38888888888889,0.0,0.0,0.0,1.0,1.0,4.0,12.0,96.0,47.55555555555556,39,0.002188,1.0349701818084764
9076691527785929283,4,vectorchain_relational,validation,16,ramp,ok,18,288,0.02616296672609761,0.025346029053035193,16.333333333333332,0.0,0.0,0.0,1.0,1.0,4.0,28.0,224.0,47.55555555555556,87,0.00221975,1.0
9076691527785929283,4,fixed_relational,validation,16,regime_change,ok,22,352,0.15039574330724842,0.22836053255932331,12.772727272727273,0.4090909090909091,0.5909090909090909,0.5,1.0,1.0,4.0,28.0,224.0,37.0,87,0.0014559999999999998,0.7077021128045898
9076691527785929283,4,persistence,validation,16,regime_change,ok,22,352,0.1634270075107207,0.24092930647719743,0.0,0.0,0.0,0.0,1.0,1.0,1.0,1.0,8.0,1.0,0,5.1e-06,0.6512717017618668
9076691527785929283,4,raw_ar,validation,16,regime_change,ok,22,352,0.0704565431314756,0.11324372379342841,0.0,0.0,0.0,0.0,1.0,1.0,28.0,28.0,224.0,28.0,29,0.00819365,1.5106529580473802
9076691527785929283,4,raw_matched,validation,16,regime_change,ok,22,352,0.16527245884290928,0.20761503261109518,43.0,0.3181818181818182,0.3181818181818182,0.3181818181818182,1.0,1.0,28.0,28.0,224.0,28.0,87,0.0015244500000000001,0.6439995268450796
9076691527785929283,4,vectorchain_absolute,validation,16,regime_change,ok,22,352,0.10650112235011303,0.15281638686316312,15.954545454545455,0.0,0.0,0.0,1.0,1.0,4.0,20.0,160.0,39.5,63,0.00215125,0.9993827571643755
9076691527785929283,4,vectorchain_cartesian,validation,16,regime_change,ok,22,352,0.10679639141624747,0.1560258936245347,16.136363636363637,0.0,0.0,0.0,1.0,1.0,4.0,12.0,96.0,39.5,39,0.0021781500000000002,0.9966196786604524
9076691527785929283,4,vectorchain_relational,validation,16,regime_change,ok,22,352,0.10643538529535645,0.15222785529753965,15.954545454545455,0.0,0.0,0.0,1.0,1.0,4.0,28.0,224.0,39.5,87,0.00212285,1.0
9076691527785929283,4,fixed_relational,validation,16,second_order_response,ok,14,224,0.0269669845079013,0.039417691299847214,17.928571428571427,0.5,0.7142857142857143,0.5,1.0,1.0,4.0,28.0,224.0,37.0,87,0.0023663499999999997,1.1087655299896149
9076691527785929283,4,persistence,validation,16,second_order_response,ok,14,224,0.021056647331384393,0.016325451439805565,0.0,0.0,0.0,0.0,1.0,1.0,1.0,1.0,8.0,1.0,0,5.6e-06,1.4199821272382542
9076691527785929283,4,raw_ar,validation,16,second_order_response,ok,14,224,0.01684806195772794,0.017268584889504675,0.0,0.0,0.0,0.0,1.0,1.0,28.0,28.0,224.0,28.0,29,0.008105600000000001,1.774688563298536
9076691527785929283,4,raw_matched,validation,16,second_order_response,ok,14,224,0.02999337191315276,0.041898781211197264,34.07142857142857,0.2857142857142857,0.2857142857142857,0.2857142857142857,1.0,1.0,28.0,28.0,224.0,28.0,87,0.001765,0.9968890112356149
9076691527785929283,4,vectorchain_absolute,validation,16,second_order_response,ok,14,224,0.029902610371961534,0.0331198475333895,16.428571428571427,0.0,0.0,0.0,1.0,1.0,4.0,20.0,160.0,58.5,63,0.00221545,0.9999148067073433
9076691527785929283,4,vectorchain_cartesian,validation,16,second_order_response,ok,14,224,0.0390376268018666,0.04229204658585371,16.571428571428573,0.0,0.0,0.0,1.0,1.0,4.0,12.0,96.0,58.5,39,0.00222485,0.7659293179342356
9076691527785929283,4,vectorchain_relational,validation,16,second_order_response,ok,14,224,0.029900062870124918,0.033109573128830665,16.428571428571427,0.0,0.0,0.0,1.0,1.0,4.0,28.0,224.0,58.5,87,0.0022072999999999997,1.0
9076691527785929283,4,fixed_relational,validation,16,sine,ok,13,208,0.05681465130384761,0.08654380455738536,15.461538461538462,0.46153846153846156,0.6923076923076923,0.46153846153846156,1.0,1.0,4.0,28.0,224.0,37.0,87,0.0020379,0.8030161961154232
9076691527785929283,4,persistence,validation,16,sine,ok,13,208,0.05485926524397397,0.0776667530065293,0.0,0.0,0.0,0.0,1.0,1.0,1.0,1.0,8.0,1.0,0,4.8e-06,0.8316386479246795
9076691527785929283,4,raw_ar,validation,16,sine,ok,13,208,0.019119094170477687,0.0242678177402563,0.0,0.0,0.0,0.0,1.0,1.0,28.0,28.0,224.0,28.0,29,0.0077681,2.386257673446042
9076691527785929283,4,raw_matched,validation,16,sine,ok,13,208,0.042230475228465646,0.05627657694235621,32.30769230769231,0.23076923076923078,0.23076923076923078,0.23076923076923078,1.0,1.0,28.0,28.0,224.0,28.0,87,0.0014497,1.0803355853046954
9076691527785929283,4,vectorchain_absolute,validation,16,sine,ok,13,208,0.04563041383567427,0.04921851537732107,15.846153846153847,0.0,0.0,0.0,1.0,1.0,4.0,20.0,160.0,64.92307692307692,63,0.0020618,0.9998393908488145
9076691527785929283,4,vectorchain_cartesian,validation,16,sine,ok,13,208,0.05997504530445216,0.061831758153575014,16.0,0.0,0.0,0.0,1.0,1.0,4.0,12.0,96.0,64.92307692307692,39,0.002062,0.7607011373154079
9076691527785929283,4,vectorchain_relational,validation,16,sine,ok,13,208,0.045623085173639874,0.04921470120031059,15.846153846153847,0.0,0.0,0.0,1.0,1.0,4.0,28.0,224.0,64.92307692307692,87,0.0020265,1.0
9076691527785929283,4,fixed_relational,validation,64,chirp,ok,23,1472,1.7051185469577812,2.636548430900485,13.391304347826088,0.30434782608695654,0.6086956521739131,0.30434782608695654,1.0,1.0,4.0,28.0,224.0,37.0,87,0.0013833,0.207147790368584
9076691527785929283,4,persistence,validation,64,chirp,ok,23,1472,0.4993613799539743,0.7878852570807291,0.0,0.0,0.0,0.0,1.0,1.0,1.0,1.0,8.0,1.0,0,5.6e-06,0.7073265044071895
9076691527785929283,4,raw_ar,validation,64,chirp,ok,23,1472,0.26090304868393005,0.4644072078518743,0.0,0.0,0.0,0.0,1.0,1.0,28.0,28.0,224.0,28.0,29,0.0082534,1.353803802218853
9076691527785929283,4,raw_matched,validation,64,chirp,ok,23,1472,1058.0557737194652,2019.5485535108369,43.47826086956522,0.30434782608695654,0.30434782608695654,0.30434782608695654,1.0,1.0,28.0,28.0,224.0,28.0,87,0.0015745,0.0003338307375584968
9076691527785929283,4,vectorchain_absolute,validation,64,chirp,ok,23,1472,0.3532366804703258,0.6011410190204264,15.956521739130435,0.0,0.0,0.0,1.0,1.0,4.0,20.0,160.0,39.26086956521739,63,0.0021414,0.9999288263282926
9076691527785929283,4,vectorchain_cartesian,validation,64,chirp,ok,23,1472,0.35563863715776495,0.607487345039048,16.217391304347824,0.0,0.0,0.0,1.0,1.0,4.0,12.0,96.0,39.26086956521739,39,0.002125,0.9931753820159499
9076691527785929283,4,vectorchain_relational,validation,64,chirp,ok,23,1472,0.353211539318795,0.6011118923511422,15.956521739130435,0.0,0.0,0.0,1.0,1.0,4.0,28.0,224.0,39.26086956521739,87,0.0022364,1.0
9076691527785929283,4,fixed_relational,validation,64,first_order_response,ok,17,1088,0.4282233956002614,0.8355238369709141,16.764705882352942,0.17647058823529413,0.47058823529411764,0.17647058823529413,1.0,1.0,4.0,28.0,224.0,37.0,87,0.0025215,0.09099392167555315
9076691527785929283,4,persistence,validation,64,first_order_response,ok,17,1088,0.01926149118328397,0.019328104349141183,0.0,0.0,0.0,0.0,1.0,1.0,1.0,1.0,8.0,1.0,0,6.7e-06,2.02298595410442
9076691527785929283,4,raw_ar,validation,64,first_order_response,ok,17,1088,0.027131109622154648,0.03631936980822438,0.0,0.0,0.0,0.0,1.0,1.0,28.0,28.0,224.0,28.0,29,0.0082547,1.4362009759848182
9076691527785929283,4,raw_matched,validation,64,first_order_response,ok,17,1088,1.3971973999401963,3.035435037422853,33.470588235294116,0.29411764705882354,0.29411764705882354,0.29411764705882354,1.0,1.0,28.0,28.0,224.0,28.0,87,0.0016988,0.027888490288170757
9076691527785929283,4,vectorchain_absolute,validation,64,first_order_response,ok,17,1088,0.038961866209201494,0.04247181574654076,16.352941176470587,0.0,0.0,0.0,1.0,1.0,4.0,20.0,160.0,49.76470588235294,63,0.0021901,1.0000990689118272
9076691527785929283,4,vectorchain_cartesian,validation,64,first_order_response,ok,17,1088,0.04225031207922993,0.04581220757542803,16.41176470588235,0.0,0.0,0.0,1.0,1.0,4.0,12.0,96.0,49.76470588235294,39,0.0022274,0.9222588946992649
9076691527785929283,4,vectorchain_relational,validation,64,first_order_response,ok,17,1088,0.0389657261188896,0.042485980535994845,16.352941176470587,0.0,0.0,0.0,1.0,1.0,4.0,28.0,224.0,49.76470588235294,87,0.0022205,1.0
9076691527785929283,4,fixed_relational,validation,64,piecewise_linear,ok,15,960,0.99610636559785,2.4343018917009176,14.666666666666666,0.4666666666666667,0.8,0.4666666666666667,1.0,1.0,4.0,28.0,224.0,37.0,87,0.0021755,0.05343780940331328
9076691527785929283,4,persistence,validation,64,piecewise_linear,ok,15,960,0.0842027115410436,0.11976684107093731,0.0,0.0,0.0,0.0,1.0,1.0,1.0,1.0,8.0,1.0,0,7.2e-06,0.6321618524636088
9076691527785929283,4,raw_ar,validation,64,piecewise_linear,ok,15,960,0.05306798757120276,0.07248277740359131,0.0,0.0,0.0,0.0,1.0,1.0,28.0,28.0,224.0,28.0,29,0.0079304,1.0030480624279414
9076691527785929283,4,raw_matched,validation,64,piecewise_linear,ok,15,960,0.7180972355253448,1.3291007766801617,22.733333333333334,0.13333333333333333,0.13333333333333333,0.13333333333333333,1.0,1.0,28.0,28.0,224.0,28.0,87,0.0015802,0.07412609250793628
9076691527785929283,4,vectorchain_absolute,validation,64,piecewise_linear,ok,15,960,0.0532127987132817,0.07076428965559861,16.2,0.0,0.0,0.0,1.0,1.0,4.0,20.0,160.0,57.06666666666667,63,0.0021482,1.00031840830351
9076691527785929283,4,vectorchain_cartesian,validation,64,piecewise_linear,ok,15,960,0.06046153877977576,0.08406692126685561,16.266666666666666,0.0,0.0,0.0,1.0,1.0,4.0,12.0,96.0,57.06666666666667,39,0.0021825,0.8803901320495374
9076691527785929283,4,vectorchain_relational,validation,64,piecewise_linear,ok,15,960,0.05322974211024501,0.07079622522167632,16.2,0.0,0.0,0.0,1.0,1.0,4.0,28.0,224.0,57.06666666666667,87,0.0021879,1.0
9076691527785929283,4,fixed_relational,validation,64,ramp,ok,18,1152,0.6304129610245979,1.3689551626260164,14.722222222222221,0.16666666666666666,0.5,0.16666666666666666,1.0,1.0,4.0,28.0,224.0,37.0,87,0.0021409,0.0679796628716878
9076691527785929283,4,persistence,validation,64,ramp,ok,18,1152,0.025101929999053467,0.031039840760447975,0.0,0.0,0.0,0.0,1.0,1.0,1.0,1.0,8.0,1.0,0,5.2500000000000006e-06,1.7072496243121782
9076691527785929283,4,raw_ar,validation,64,ramp,ok,18,1152,0.024042847737611308,0.028780260347910307,0.0,0.0,0.0,0.0,1.0,1.0,28.0,28.0,224.0,28.0,29,0.008058349999999999,1.782453602339053
9076691527785929283,4,raw_matched,validation,64,ramp,ok,18,1152,0.2903637808322866,0.5886600386209202,22.5,0.16666666666666666,0.16666666666666666,0.16666666666666666,1.0,1.0,28.0,28.0,224.0,28.0,87,0.0016107,0.14759161916667465
9076691527785929283,4,vectorchain_absolute,validation,64,ramp,ok,18,1152,0.04288210186792535,0.05222278329023097,16.333333333333332,0.0,0.0,0.0,1.0,1.0,4.0,20.0,160.0,47.55555555555556,63,0.0022221999999999997,0.9993740673530092
9076691527785929283,4,vectorchain_cartesian,validation,64,ramp,ok,18,1152,0.042658853866064765,0.051062713682593554,16.38888888888889,0.0,0.0,0.0,1.0,1.0,4.0,12.0,96.0,47.55555555555556,39,0.002188,1.004604124971255
9076691527785929283,4,vectorchain_relational,validation,64,ramp,ok,18,1152,0.042855260560394626,0.05220306611798978,16.333333333333332,0.0,0.0,0.0,1.0,1.0,4.0,28.0,224.0,47.55555555555556,87,0.00221975,1.0
9076691527785929283,4,fixed_relational,validation,64,regime_change,ok,22,1408,2.305100210930609,3.1342437908962313,12.772727272727273,0.4090909090909091,0.5909090909090909,0.5,1.0,1.0,4.0,28.0,224.0,37.0,87,0.0014559999999999998,0.21580292722936364
9076691527785929283,4,persistence,validation,64,regime_change,ok,22,1408,0.5996379655792515,0.8906787446355651,0.0,0.0,0.0,0.0,1.0,1.0,1.0,1.0,8.0,1.0,0,5.1e-06,0.829579515692129
9076691527785929283,4,raw_ar,validation,64,regime_change,ok,22,1408,0.4736376598751329,0.8455973635006749,0.0,0.0,0.0,0.0,1.0,1.0,28.0,28.0,224.0,28.0,29,0.00819365,1.0502698902933376
9076691527785929283,4,raw_matched,validation,64,regime_change,ok,22,1408,555.8517499374149,998.6711126765972,43.0,0.3181818181818182,0.3181818181818182,0.3181818181818182,1.0,1.0,28.0,28.0,224.0,28.0,87,0.0015244500000000001,0.000894928140699131
9076691527785929283,4,vectorchain_absolute,validation,64,regime_change,ok,22,1408,0.4973475763498695,0.8632658104673017,15.954545454545455,0.0,0.0,0.0,1.0,1.0,4.0,20.0,160.0,39.5,63,0.00215125,1.0002006579115392
9076691527785929283,4,vectorchain_cartesian,validation,64,regime_change,ok,22,1408,0.50392276905353,0.8745622279387407,16.136363636363637,0.0,0.0,0.0,1.0,1.0,4.0,12.0,96.0,39.5,39,0.0021781500000000002,0.9871500230286416
9076691527785929283,4,vectorchain_relational,validation,64,regime_change,ok,22,1408,0.49744737307584896,0.8634624220430958,15.954545454545455,0.0,0.0,0.0,1.0,1.0,4.0,28.0,224.0,39.5,87,0.00212285,1.0
9076691527785929283,4,fixed_relational,validation,64,second_order_response,ok,14,896,0.372107934806205,0.9442939734825396,17.928571428571427,0.5,0.7142857142857143,0.5,1.0,1.0,4.0,28.0,224.0,37.0,87,0.0023663499999999997,0.18461372291703862
9076691527785929283,4,persistence,validation,64,second_order_response,ok,14,896,0.03523865649000786,0.05138476022432512,0.0,0.0,0.0,0.0,1.0,1.0,1.0,1.0,8.0,1.0,0,5.6e-06,1.9494565915424003
9076691527785929283,4,raw_ar,validation,64,second_order_response,ok,14,896,0.03272366850440319,0.03801997216074647,0.0,0.0,0.0,0.0,1.0,1.0,28.0,28.0,224.0,28.0,29,0.008105600000000001,2.0992826999913126
9076691527785929283,4,raw_matched,validation,64,second_order_response,ok,14,896,10.673771114341362,14.406230933865313,34.07142857142857,0.2857142857142857,0.2857142857142857,0.2857142857142857,1.0,1.0,28.0,28.0,224.0,28.0,87,0.001765,0.00643598503618308
9076691527785929283,4,vectorchain_absolute,validation,64,second_order_response,ok,14,896,0.06868378596944641,0.07989464699712924,16.428571428571427,0.0,0.0,0.0,1.0,1.0,4.0,20.0,160.0,58.5,63,0.00221545,1.0001811956333235
9076691527785929283,4,vectorchain_cartesian,validation,64,second_order_response,ok,14,896,0.07749554301285873,0.07919915309454208,16.571428571428573,0.0,0.0,0.0,1.0,1.0,4.0,12.0,96.0,58.5,39,0.00222485,0.8864539623929796
9076691527785929283,4,vectorchain_relational,validation,64,second_order_response,ok,14,896,0.0686962311715442,0.07990236434948483,16.428571428571427,0.0,0.0,0.0,1.0,1.0,4.0,28.0,224.0,58.5,87,0.0022072999999999997,1.0
9076691527785929283,4,fixed_relational,validation,64,sine,ok,13,832,1.4508070266545001,2.7184661961537127,15.461538461538462,0.46153846153846156,0.6923076923076923,0.46153846153846156,1.0,1.0,4.0,28.0,224.0,37.0,87,0.0020379,0.09992403855050606
9076691527785929283,4,persistence,validation,64,sine,ok,13,832,0.2148601213989535,0.347614086867016,0.0,0.0,0.0,0.0,1.0,1.0,1.0,1.0,8.0,1.0,0,4.8e-06,0.674720354418805
9076691527785929283,4,raw_ar,validation,64,sine,ok,13,832,0.09292601109326921,0.16937160806980087,0.0,0.0,0.0,0.0,1.0,1.0,28.0,28.0,224.0,28.0,29,0.0077681,1.5600637061162932
9076691527785929283,4,raw_matched,validation,64,sine,ok,13,832,85.41900753364382,110.61482740616796,32.30769230769231,0.23076923076923078,0.23076923076923078,0.23076923076923078,1.0,1.0,28.0,28.0,224.0,28.0,87,0.0014497,0.0016971690663072866
9076691527785929283,4,vectorchain_absolute,validation,64,sine,ok,13,832,0.14497390062704726,0.23535605788135383,15.846153846153847,0.0,0.0,0.0,1.0,1.0,4.0,20.0,160.0,64.92307692307692,63,0.0020618,0.9999765242829006
9076691527785929283,4,vectorchain_cartesian,validation,64,sine,ok,13,832,0.165519298311874,0.25120358253152925,16.0,0.0,0.0,0.0,1.0,1.0,4.0,12.0,96.0,64.92307692307692,39,0.002062,0.875852536467462
9076691527785929283,4,vectorchain_relational,validation,64,sine,ok,13,832,0.14497049726076935,0.23534421798086866,15.846153846153847,0.0,0.0,0.0,1.0,1.0,4.0,28.0,224.0,64.92307692307692,87,0.0020265,1.0
9076691527785929283,4,fixed_relational,validation,128,chirp,ok,23,2944,3.9841807537148166,6.121831149741536,13.391304347826088,0.30434782608695654,0.6086956521739131,0.30434782608695654,1.0,1.0,4.0,28.0,224.0,37.0,87,0.0013833,0.19587389333319466
9076691527785929283,4,persistence,validation,128,chirp,ok,23,2944,0.8961590445670305,1.248415293261932,0.0,0.0,0.0,0.0,1.0,1.0,1.0,1.0,8.0,1.0,0,5.6e-06,0.8708242144120114
9076691527785929283,4,raw_ar,validation,128,chirp,ok,23,2944,0.7064376260368486,1.163825788675931,0.0,0.0,0.0,0.0,1.0,1.0,28.0,28.0,224.0,28.0,29,0.0082534,1.1046934183720798
9076691527785929283,4,raw_matched,validation,128,chirp,ok,23,2944,74927411.25863278,202210836.744856,43.47826086956522,0.30434782608695654,0.30434782608695654,0.30434782608695654,1.0,1.0,28.0,28.0,224.0,28.0,87,0.0015745,1.0415373797975564e-08
9076691527785929283,4,vectorchain_absolute,validation,128,chirp,ok,23,2944,0.78043453986801,1.2145204826056253,15.956521739130435,0.0,0.0,0.0,1.0,1.0,4.0,20.0,160.0,39.26086956521739,63,0.0021414,0.9999518936018474
9076691527785929283,4,vectorchain_cartesian,validation,128,chirp,ok,23,2944,0.7904108531641224,1.2329420800918947,16.217391304347824,0.0,0.0,0.0,1.0,1.0,4.0,12.0,96.0,39.26086956521739,39,0.002125,0.9873308202300962
9076691527785929283,4,vectorchain_relational,validation,128,chirp,ok,23,2944,0.7803969959733031,1.2144772369527097,15.956521739130435,0.0,0.0,0.0,1.0,1.0,4.0,28.0,224.0,39.26086956521739,87,0.0022364,1.0
9076691527785929283,4,fixed_relational,validation,128,first_order_response,ok,17,2176,3.5205509266557824,6.28092483018964,16.764705882352942,0.17647058823529413,0.47058823529411764,0.17647058823529413,1.0,1.0,4.0,28.0,224.0,37.0,87,0.0025215,0.014705939072926022
9076691527785929283,4,persistence,validation,128,first_order_response,ok,17,2176,0.019756539099120538,0.01694764127094693,0.0,0.0,0.0,0.0,1.0,1.0,1.0,1.0,8.0,1.0,0,6.7e-06,2.6205504501969106
9076691527785929283,4,raw_ar,validation,128,first_order_response,ok,17,2176,0.04240411578308634,0.05318242756234351,0.0,0.0,0.0,0.0,1.0,1.0,28.0,28.0,224.0,28.0,29,0.0082547,1.2209429786337818
9076691527785929283,4,raw_matched,validation,128,first_order_response,ok,17,2176,96505.29329529639,260998.99140898287,33.470588235294116,0.29411764705882354,0.29411764705882354,0.29411764705882354,1.0,1.0,28.0,28.0,224.0,28.0,87,0.0016988,5.364784216769649e-07
9076691527785929283,4,vectorchain_absolute,validation,128,first_order_response,ok,17,2176,0.05176271087483307,0.05510191690565761,16.352941176470587,0.0,0.0,0.0,1.0,1.0,4.0,20.0,160.0,49.76470588235294,63,0.0021901,1.0001989184014148
9076691527785929283,4,vectorchain_cartesian,validation,128,first_order_response,ok,17,2176,0.055100541652217915,0.061090215557250596,16.41176470588235,0.0,0.0,0.0,1.0,1.0,4.0,12.0,96.0,49.76470588235294,39,0.0022274,0.9396097729367641
9076691527785929283,4,vectorchain_relational,validation,128,first_order_response,ok,17,2176,0.05177300743053319,0.05512513015821773,16.352941176470587,0.0,0.0,0.0,1.0,1.0,4.0,28.0,224.0,49.76470588235294,87,0.0022205,1.0
9076691527785929283,4,fixed_relational,validation,128,piecewise_linear,ok,15,1920,70.61031613324877,27.603779071169694,14.666666666666666,0.4666666666666667,0.8,0.4666666666666667,1.0,1.0,4.0,28.0,224.0,37.0,87,0.0021755,0.0013917674414603493
9076691527785929283,4,persistence,validation,128,piecewise_linear,ok,15,1920,0.15020887234473998,0.21120220999561792,0.0,0.0,0.0,0.0,1.0,1.0,1.0,1.0,8.0,1.0,0,7.2e-06,0.6542432380421196
9076691527785929283,4,raw_ar,validation,128,piecewise_linear,ok,15,1920,0.10940184164908405,0.1546371285844895,0.0,0.0,0.0,0.0,1.0,1.0,28.0,28.0,224.0,28.0,29,0.0079304,0.8982768255464816
9076691527785929283,4,raw_matched,validation,128,piecewise_linear,ok,15,1920,44148.79863067432,78154.50891217358,22.733333333333334,0.13333333333333333,0.13333333333333333,0.13333333333333333,1.0,1.0,28.0,28.0,224.0,28.0,87,0.0015802,2.2259527342426595e-06
9076691527785929283,4,vectorchain_absolute,validation,128,piecewise_linear,ok,15,1920,0.09823843380943827,0.13933003382189513,16.2,0.0,0.0,0.0,1.0,1.0,4.0,20.0,160.0,57.06666666666667,63,0.0021482,1.0003532753393354
9076691527785929283,4,vectorchain_cartesian,validation,128,piecewise_linear,ok,15,1920,0.10777234516434094,0.1540896859508041,16.266666666666666,0.0,0.0,0.0,1.0,1.0,4.0,12.0,96.0,57.06666666666667,39,0.0021825,0.9118585929963979
9076691527785929283,4,vectorchain_relational,validation,128,piecewise_linear,ok,15,1920,0.09827313902547807,0.13937504387737729,16.2,0.0,0.0,0.0,1.0,1.0,4.0,28.0,224.0,57.06666666666667,87,0.0021879,1.0
9076691527785929283,4,fixed_relational,validation,128,ramp,ok,18,2304,3.0067409751067986,5.233461267694485,14.722222222222221,0.16666666666666666,0.5,0.16666666666666666,1.0,1.0,4.0,28.0,224.0,37.0,87,0.0021409,0.02040229663024526
9076691527785929283,4,persistence,validation,128,ramp,ok,18,2304,0.04026659144502585,0.06165066439236466,0.0,0.0,0.0,0.0,1.0,1.0,1.0,1.0,8.0,1.0,0,5.2500000000000006e-06,1.5234570164249572
9076691527785929283,4,raw_ar,validation,128,ramp,ok,18,2304,0.03773867138301079,0.0520610375746405,0.0,0.0,0.0,0.0,1.0,1.0,28.0,28.0,224.0,28.0,29,0.008058349999999999,1.62550558926295
9076691527785929283,4,raw_matched,validation,128,ramp,ok,18,2304,8830.235586464916,13815.00340492981,22.5,0.16666666666666666,0.16666666666666666,0.16666666666666666,1.0,1.0,28.0,28.0,224.0,28.0,87,0.0016107,6.947087726455588e-06
9076691527785929283,4,vectorchain_absolute,validation,128,ramp,ok,18,2304,0.06137485896944945,0.07650274081204834,16.333333333333332,0.0,0.0,0.0,1.0,1.0,4.0,20.0,160.0,47.55555555555556,63,0.0022221999999999997,0.999504068839933
9076691527785929283,4,vectorchain_cartesian,validation,128,ramp,ok,18,2304,0.05888302652333289,0.06930997368981878,16.38888888888889,0.0,0.0,0.0,1.0,1.0,4.0,12.0,96.0,47.55555555555556,39,0.002188,1.0418014305044858
9076691527785929283,4,vectorchain_relational,validation,128,ramp,ok,18,2304,0.061344421264441784,0.07647804378428186,16.333333333333332,0.0,0.0,0.0,1.0,1.0,4.0,28.0,224.0,47.55555555555556,87,0.00221975,1.0
9076691527785929283,4,fixed_relational,validation,128,regime_change,ok,22,2816,5.424169786459407,6.550567558705055,12.772727272727273,0.4090909090909091,0.5909090909090909,0.5,1.0,1.0,4.0,28.0,224.0,37.0,87,0.0014559999999999998,0.20190041813912857
9076691527785929283,4,persistence,validation,128,regime_change,ok,22,2816,1.0268998059826724,1.357385137325991,0.0,0.0,0.0,0.0,1.0,1.0,1.0,1.0,8.0,1.0,0,5.1e-06,1.066454722810865
9076691527785929283,4,raw_ar,validation,128,regime_change,ok,22,2816,1.2141123868382702,1.9294848468632992,0.0,0.0,0.0,0.0,1.0,1.0,28.0,28.0,224.0,28.0,29,0.00819365,0.9020105221030612
9076691527785929283,4,raw_matched,validation,128,regime_change,ok,22,2816,39359168.765194714,99952888.33539408,43.0,0.3181818181818182,0.3181818181818182,0.3181818181818182,1.0,1.0,28.0,28.0,224.0,28.0,87,0.0015244500000000001,2.782432104898047e-08
9076691527785929283,4,vectorchain_absolute,validation,128,regime_change,ok,22,2816,1.095058557234742,1.6286867965954874,15.954545454545455,0.0,0.0,0.0,1.0,1.0,4.0,20.0,160.0,39.5,63,0.00215125,1.000076334464936
9076691527785929283,4,vectorchain_cartesian,validation,128,regime_change,ok,22,2816,1.1109226180323983,1.6509855235185507,16.136363636363637,0.0,0.0,0.0,1.0,1.0,4.0,12.0,96.0,39.5,39,0.0021781500000000002,0.9857951671588379
9076691527785929283,4,vectorchain_relational,validation,128,regime_change,ok,22,2816,1.095142147943782,1.6287098425612934,15.954545454545455,0.0,0.0,0.0,1.0,1.0,4.0,28.0,224.0,39.5,87,0.00212285,1.0
9076691527785929283,4,fixed_relational,validation,128,second_order_response,ok,14,1792,3.1366762468030376,6.7245496132347515,17.928571428571427,0.5,0.7142857142857143,0.5,1.0,1.0,4.0,28.0,224.0,37.0,87,0.0023663499999999997,0.031525267430000045
9076691527785929283,4,persistence,validation,128,second_order_response,ok,14,1792,0.05940160239241652,0.08234497915157997,0.0,0.0,0.0,0.0,1.0,1.0,1.0,1.0,8.0,1.0,0,5.6e-06,1.6646782837363094
9076691527785929283,4,raw_ar,validation,128,second_order_response,ok,14,1792,0.05747346587070073,0.06384636382064596,0.0,0.0,0.0,0.0,1.0,1.0,28.0,28.0,224.0,28.0,29,0.008105600000000001,1.7205253941750662
9076691527785929283,4,raw_matched,validation,128,second_order_response,ok,14,1792,761317.4226284035,1418438.6823068322,34.07142857142857,0.2857142857142857,0.2857142857142857,0.2857142857142857,1.0,1.0,28.0,28.0,224.0,28.0,87,0.001765,1.29886108714551e-07
9076691527785929283,4,vectorchain_absolute,validation,128,second_order_response,ok,14,1792,0.09887135664957956,0.09954768572044788,16.428571428571427,0.0,0.0,0.0,1.0,1.0,4.0,20.0,160.0,58.5,63,0.00221545,1.0001335156375148
9076691527785929283,4,vectorchain_cartesian,validation,128,second_order_response,ok,14,1792,0.10564072320372465,0.09951145773699135,16.571428571428573,0.0,0.0,0.0,1.0,1.0,4.0,12.0,96.0,58.5,39,0.00222485,0.9360458213741966
9076691527785929283,4,vectorchain_relational,validation,128,second_order_response,ok,14,1792,0.09888455752179459,0.09956570661172326,16.428571428571427,0.0,0.0,0.0,1.0,1.0,4.0,28.0,224.0,58.5,87,0.0022072999999999997,1.0
9076691527785929283,4,fixed_relational,validation,128,sine,ok,13,1664,4.139255151808301,6.404232683278938,15.461538461538462,0.46153846153846156,0.6923076923076923,0.46153846153846156,1.0,1.0,4.0,28.0,224.0,37.0,87,0.0020379,0.0830320403609912
9076691527785929283,4,persistence,validation,128,sine,ok,13,1664,0.447120355617108,0.715634010710303,0.0,0.0,0.0,0.0,1.0,1.0,1.0,1.0,8.0,1.0,0,4.8e-06,0.7686762557589921
9076691527785929283,4,raw_ar,validation,128,sine,ok,13,1664,0.2801398703743526,0.5263506927172046,0.0,0.0,0.0,0.0,1.0,1.0,28.0,28.0,224.0,28.0,29,0.0077681,1.2268542866465653
9076691527785929283,4,raw_matched,validation,128,sine,ok,13,1664,6062242.622409345,11056271.045717327,32.30769230769231,0.23076923076923078,0.23076923076923078,0.23076923076923078,1.0,1.0,28.0,28.0,224.0,28.0,87,0.0014497,5.6693672991397536e-08
9076691527785929283,4,vectorchain_absolute,validation,128,sine,ok,13,1664,0.3436966925493056,0.593953932274614,15.846153846153847,0.0,0.0,0.0,1.0,1.0,4.0,20.0,160.0,64.92307692307692,63,0.0020618,0.9999828577927989
9076691527785929283,4,vectorchain_cartesian,validation,128,sine,ok,13,1664,0.3586130152989945,0.6129725988920536,16.0,0.0,0.0,0.0,1.0,1.0,4.0,12.0,96.0,64.92307692307692,39,0.002062,0.9583890884240066
9076691527785929283,4,vectorchain_relational,validation,128,sine,ok,13,1664,0.34369080082938763,0.5939296918088586,15.846153846153847,0.0,0.0,0.0,1.0,1.0,4.0,28.0,224.0,64.92307692307692,87,0.0020265,1.0
9076691527785929283,8,fixed_relational,test,16,chirp,ok,15,240,0.09604369864939541,0.14426656593008427,8.866666666666667,0.2,0.2,0.26666666666666666,1.0,1.0,8.0,56.0,448.0,73.0,171,0.0013208,1.0485132079183346
9076691527785929283,8,persistence,test,16,chirp,ok,15,240,0.14612006505837624,0.22178750862653096,0.0,0.0,0.0,0.0,1.0,1.0,1.0,1.0,8.0,1.0,0,7.2e-06,0.6891804115402469
9076691527785929283,8,raw_ar,test,16,chirp,ok,15,240,0.03946114333757646,0.06473182248423938,0.0,0.0,0.0,0.0,1.0,1.0,56.0,56.0,448.0,56.0,57,0.0094135,2.551955621501872
9076691527785929283,8,raw_matched,test,16,chirp,ok,15,240,0.7587249772823759,0.9307167053825681,39.93333333333333,0.26666666666666666,0.26666666666666666,0.3333333333333333,1.0,1.0,56.0,56.0,448.0,56.0,171,0.0016678,0.13272673180197753
9076691527785929283,8,vectorchain_absolute,test,16,chirp,ok,15,240,0.1007241441369825,0.14220257429522806,16.0,0.0,0.0,0.0,1.0,1.0,8.0,40.0,320.0,75.93333333333334,123,0.0024098,0.9997909382507687
9076691527785929283,8,vectorchain_cartesian,test,16,chirp,ok,15,240,0.11210224024864435,0.148597925816109,16.266666666666666,0.0,0.0,0.0,1.0,1.0,8.0,24.0,192.0,75.93333333333334,75,0.0023311,0.8983146665745352
9076691527785929283,8,vectorchain_relational,test,16,chirp,ok,15,240,0.10070308657121939,0.14216635989342255,16.0,0.0,0.0,0.0,1.0,1.0,8.0,56.0,448.0,75.93333333333334,171,0.0023961,1.0
9076691527785929283,8,fixed_relational,test,16,first_order_response,ok,14,224,0.02188340888533965,0.025604471487018648,16.0,0.14285714285714285,0.07142857142857142,0.21428571428571427,1.0,1.0,8.0,56.0,448.0,73.0,171,0.0026083,1.300581661685373
9076691527785929283,8,persistence,test,16,first_order_response,ok,14,224,0.02028540616767108,0.016738739178193827,0.0,0.0,0.0,0.0,1.0,1.0,1.0,1.0,8.0,1.0,0,8.299999999999998e-06,1.4030362545460953
9076691527785929283,8,raw_ar,test,16,first_order_response,ok,14,224,0.015180327864049692,0.017049920329965322,0.0,0.0,0.0,0.0,1.0,1.0,56.0,56.0,448.0,56.0,57,0.0097196,1.87487125089292
9076691527785929283,8,raw_matched,test,16,first_order_response,ok,14,224,0.02191540365961146,0.031141177564317668,23.5,0.21428571428571427,0.21428571428571427,0.21428571428571427,1.0,1.0,56.0,56.0,448.0,56.0,171,0.0017070499999999999,1.2986829142411556
9076691527785929283,8,vectorchain_absolute,test,16,first_order_response,ok,14,224,0.028473023798127665,0.031171383125069167,16.214285714285715,0.0,0.0,0.0,1.0,1.0,8.0,40.0,320.0,96.14285714285714,123,0.00240025,0.9995833422267939
9076691527785929283,8,vectorchain_cartesian,test,16,first_order_response,ok,14,224,0.0230506910323752,0.02753809284731267,16.214285714285715,0.0,0.0,0.0,1.0,1.0,8.0,24.0,192.0,96.14285714285714,75,0.00243845,1.234720479809528
9076691527785929283,8,vectorchain_relational,test,16,first_order_response,ok,14,224,0.028461160291435493,0.031161324217528413,16.214285714285715,0.0,0.0,0.0,1.0,1.0,8.0,56.0,448.0,96.14285714285714,171,0.0023708,1.0
9076691527785929283,8,fixed_relational,test,16,piecewise_linear,ok,12,192,0.023498852898528395,0.02864453585807111,16.666666666666668,0.3333333333333333,0.4166666666666667,0.3333333333333333,1.0,1.0,8.0,56.0,448.0,73.0,171,0.0024505,1.2087520814339752
9076691527785929283,8,persistence,test,16,piecewise_linear,ok,12,192,0.025050361623282603,0.02915115550766897,0.0,0.0,0.0,0.0,1.0,1.0,1.0,1.0,8.0,1.0,0,8.1e-06,1.1338873178584037
9076691527785929283,8,raw_ar,test,16,piecewise_linear,ok,12,192,0.016229693909559133,0.01509738053362677,0.0,0.0,0.0,0.0,1.0,1.0,56.0,56.0,448.0,56.0,57,0.00955195,1.750143133363541
9076691527785929283,8,raw_matched,test,16,piecewise_linear,ok,12,192,0.03246867136578265,0.04848935536271737,12.583333333333334,0.0,0.0,0.0,1.0,1.0,56.0,56.0,448.0,56.0,171,0.001669,0.8748213634125191
9076691527785929283,8,vectorchain_absolute,test,16,piecewise_linear,ok,12,192,0.028421246358342613,0.02547247536302792,16.166666666666668,0.0,0.0,0.0,1.0,1.0,8.0,40.0,320.0,131.83333333333334,123,0.0024758000000000002,0.9994032983029038
9076691527785929283,8,vectorchain_cartesian,test,16,piecewise_linear,ok,12,192,0.02378589814134439,0.019669317317920824,16.333333333333332,0.0,0.0,0.0,1.0,1.0,8.0,24.0,192.0,131.83333333333334,75,0.0024326,1.1941650125472865
9076691527785929283,8,vectorchain_relational,test,16,piecewise_linear,ok,12,192,0.028404287352407,0.025446126184651776,16.166666666666668,0.0,0.0,0.0,1.0,1.0,8.0,56.0,448.0,131.83333333333334,171,0.00243495,1.0
9076691527785929283,8,fixed_relational,test,16,ramp,ok,10,160,0.023217194541357657,0.026182545268359936,14.7,0.1,0.2,0.1,1.0,1.0,8.0,56.0,448.0,73.0,171,0.002164,0.8649273074325866
9076691527785929283,8,persistence,test,16,ramp,ok,10,160,0.015652373290910654,0.010165747159463934,0.0,0.0,0.0,0.0,1.0,1.0,1.0,1.0,8.0,1.0,0,5.1e-06,1.2829482908164596
9076691527785929283,8,raw_ar,test,16,ramp,ok,10,160,0.014532964597271254,0.013620671539213081,0.0,0.0,0.0,0.0,1.0,1.0,56.0,56.0,448.0,56.0,57,0.0093357,1.381768009299735
9076691527785929283,8,raw_matched,test,16,ramp,ok,10,160,0.047217738302299084,0.07306563014357041,20.8,0.1,0.1,0.2,1.0,1.0,56.0,56.0,448.0,56.0,171,0.0016438,0.4252890181276906
9076691527785929283,8,vectorchain_absolute,test,16,ramp,ok,10,160,0.020093546422447976,0.016506485864488808,16.0,0.0,0.0,0.0,1.0,1.0,8.0,40.0,320.0,115.6,123,0.00229735,0.9993848342451316
9076691527785929283,8,vectorchain_cartesian,test,16,ramp,ok,10,160,0.01960256242251088,0.014474500865132722,16.0,0.0,0.0,0.0,1.0,1.0,8.0,24.0,192.0,115.6,75,0.0022996500000000003,1.0244163557787993
9076691527785929283,8,vectorchain_relational,test,16,ramp,ok,10,160,0.020081185560795026,0.016503765813524463,16.0,0.0,0.0,0.0,1.0,1.0,8.0,56.0,448.0,115.6,171,0.00232135,1.0
9076691527785929283,8,fixed_relational,test,16,regime_change,ok,13,208,0.10764417463264789,0.13116693210381206,9.461538461538462,0.23076923076923078,0.38461538461538464,0.23076923076923078,1.0,1.0,8.0,56.0,448.0,73.0,171,0.0015823,1.452574960035531
9076691527785929283,8,persistence,test,16,regime_change,ok,13,208,0.16283755730294736,0.23403774017010973,0.0,0.0,0.0,0.0,1.0,1.0,1.0,1.0,8.0,1.0,0,5.3e-06,0.9602283112990795
9076691527785929283,8,raw_ar,test,16,regime_change,ok,13,208,0.04834474515332929,0.07066983031722823,0.0,0.0,0.0,0.0,1.0,1.0,56.0,56.0,448.0,56.0,57,0.0092806,3.2342963473933697
9076691527785929283,8,raw_matched,test,16,regime_change,ok,13,208,1.3432558121611444,1.8799464368816354,67.53846153846153,0.6153846153846154,0.6153846153846154,0.6153846153846154,1.0,1.0,56.0,56.0,448.0,56.0,171,0.0114086,0.11640465743714815
9076691527785929283,8,vectorchain_absolute,test,16,regime_change,ok,13,208,0.15643371222799626,0.1624468024371431,15.0,0.0,0.0,0.0,1.0,1.0,8.0,40.0,320.0,90.07692307692308,123,0.0023368,0.9995366755548548
9076691527785929283,8,vectorchain_cartesian,test,16,regime_change,ok,13,208,0.10695364803270975,0.13409301679078484,16.076923076923077,0.0,0.0,0.0,1.0,1.0,8.0,24.0,192.0,90.07692307692308,75,0.0023973,1.4619532436823108
9076691527785929283,8,vectorchain_relational,test,16,regime_change,ok,13,208,0.15636123266507623,0.16240798930544734,14.923076923076923,0.0,0.0,0.0,1.0,1.0,8.0,56.0,448.0,90.07692307692308,171,0.0022831,1.0
9076691527785929283,8,fixed_relational,test,16,second_order_response,ok,17,272,0.02352644279060677,0.03403817656361604,14.882352941176471,0.17647058823529413,0.23529411764705882,0.17647058823529413,1.0,1.0,8.0,56.0,448.0,73.0,171,0.0023026,0.9468553447184472
9076691527785929283,8,persistence,test,16,second_order_response,ok,17,272,0.02061568754059048,0.01774641461426299,0.0,0.0,0.0,0.0,1.0,1.0,1.0,1.0,8.0,1.0,0,6.9e-06,1.0805430599701824
9076691527785929283,8,raw_ar,test,16,second_order_response,ok,17,272,0.014825731629353705,0.017867280248325446,0.0,0.0,0.0,0.0,1.0,1.0,56.0,56.0,448.0,56.0,57,0.0094474,1.5025321282892992
9076691527785929283,8,raw_matched,test,16,second_order_response,ok,17,272,0.03308337788515321,0.05069147660217705,26.58823529411765,0.23529411764705882,0.29411764705882354,0.23529411764705882,1.0,1.0,56.0,56.0,448.0,56.0,171,0.0017427,0.6733332423257673
9076691527785929283,8,vectorchain_absolute,test,16,second_order_response,ok,17,272,0.02228784503314059,0.024935695770563603,16.294117647058822,0.0,0.0,0.0,1.0,1.0,8.0,40.0,320.0,69.17647058823529,123,0.0023749,0.9994747390506178
9076691527785929283,8,vectorchain_cartesian,test,16,second_order_response,ok,17,272,0.0189334232120443,0.02054420400842964,16.11764705882353,0.0,0.0,0.0,1.0,1.0,8.0,24.0,192.0,69.17647058823529,75,0.0023454,1.1765510044865033
9076691527785929283,8,vectorchain_relational,test,16,second_order_response,ok,17,272,0.0222761380984988,0.02491548557362461,16.294117647058822,0.0,0.0,0.0,1.0,1.0,8.0,56.0,448.0,69.17647058823529,171,0.0023981,1.0
9076691527785929283,8,fixed_relational,test,16,sine,ok,11,176,0.024747281781523484,0.029444449028962563,13.727272727272727,0.2727272727272727,0.2727272727272727,0.36363636363636365,1.0,1.0,8.0,56.0,448.0,73.0,171,0.0020028,2.5607000599689123
9076691527785929283,8,persistence,test,16,sine,ok,11,176,0.06918272589863814,0.09637782967595955,0.0,0.0,0.0,0.0,1.0,1.0,1.0,1.0,8.0,1.0,0,8e-06,0.9159853867981546
9076691527785929283,8,raw_ar,test,16,sine,ok,11,176,0.017154942519552498,0.017644064700120518,0.0,0.0,0.0,0.0,1.0,1.0,56.0,56.0,448.0,56.0,57,0.0095267,3.6940004823559054
9076691527785929283,8,raw_matched,test,16,sine,ok,11,176,0.04853549756518681,0.0661256807695081,55.36363636363637,0.5454545454545454,0.5454545454545454,0.5454545454545454,1.0,1.0,56.0,56.0,448.0,56.0,171,0.0087494,1.3056498670257497
9076691527785929283,8,vectorchain_absolute,test,16,sine,ok,11,176,0.06336446378666488,0.06469912163937769,16.636363636363637,0.0,0.0,0.0,1.0,1.0,8.0,40.0,320.0,117.45454545454545,123,0.002429,1.00009314614213
9076691527785929283,8,vectorchain_cartesian,test,16,sine,ok,11,176,0.0485801722754673,0.05599610344126567,17.272727272727273,0.0,0.0,0.0,1.0,1.0,8.0,24.0,192.0,117.45454545454545,75,0.0025199,1.3044491810914474
9076691527785929283,8,vectorchain_relational,test,16,sine,ok,11,176,0.06337036594201476,0.06468503109187491,16.636363636363637,0.0,0.0,0.0,1.0,1.0,8.0,56.0,448.0,117.45454545454545,171,0.0024898,1.0
9076691527785929283,8,fixed_relational,test,64,chirp,ok,15,960,0.8167257673046767,1.4345574775013425,8.866666666666667,0.2,0.2,0.26666666666666666,1.0,1.0,8.0,56.0,448.0,73.0,171,0.0013208,0.4618961343424209
9076691527785929283,8,persistence,test,64,chirp,ok,15,960,0.5381042530632378,0.7802424644159107,0.0,0.0,0.0,0.0,1.0,1.0,1.0,1.0,8.0,1.0,0,7.2e-06,0.7010583406252029
9076691527785929283,8,raw_ar,test,64,chirp,ok,15,960,0.27739513532010435,0.5113523756520713,0.0,0.0,0.0,0.0,1.0,1.0,56.0,56.0,448.0,56.0,57,0.0094135,1.3599462524840351
9076691527785929283,8,raw_matched,test,64,chirp,ok,15,960,1381.6524923661198,2728.643600086488,39.93333333333333,0.26666666666666666,0.26666666666666666,0.3333333333333333,1.0,1.0,56.0,56.0,448.0,56.0,171,0.0016678,0.000273037161529553
9076691527785929283,8,vectorchain_absolute,test,64,chirp,ok,15,960,0.3772969193441,0.6096120606190827,16.0,0.0,0.0,0.0,1.0,1.0,8.0,40.0,320.0,75.93333333333334,123,0.0024098,0.999855698243397
9076691527785929283,8,vectorchain_cartesian,test,64,chirp,ok,15,960,0.3812906311092814,0.6118247585075295,16.266666666666666,0.0,0.0,0.0,1.0,1.0,8.0,24.0,192.0,75.93333333333334,75,0.0023311,0.9893830164102736
9076691527785929283,8,vectorchain_relational,test,64,chirp,ok,15,960,0.37724247473587774,0.609518761251118,16.0,0.0,0.0,0.0,1.0,1.0,8.0,56.0,448.0,75.93333333333334,171,0.0023961,1.0
9076691527785929283,8,fixed_relational,test,64,first_order_response,ok,14,896,0.212744800451526,0.408034087420355,16.0,0.14285714285714285,0.07142857142857142,0.21428571428571427,1.0,1.0,8.0,56.0,448.0,73.0,171,0.0026083,0.3117655029641113
9076691527785929283,8,persistence,test,64,first_order_response,ok,14,896,0.019992783756554788,0.01914130682560123,0.0,0.0,0.0,0.0,1.0,1.0,1.0,1.0,8.0,1.0,0,8.299999999999998e-06,3.3175214879230537
9076691527785929283,8,raw_ar,test,64,first_order_response,ok,14,896,0.029022940860984843,0.03788885119344224,0.0,0.0,0.0,0.0,1.0,1.0,56.0,56.0,448.0,56.0,57,0.0097196,2.2853125061813198
9076691527785929283,8,raw_matched,test,64,first_order_response,ok,14,896,0.20969891863348478,0.40149407708717405,23.5,0.21428571428571427,0.21428571428571427,0.21428571428571427,1.0,1.0,56.0,56.0,448.0,56.0,171,0.0017070499999999999,0.31629390436531546
9076691527785929283,8,vectorchain_absolute,test,64,first_order_response,ok,14,896,0.06631853752085201,0.07435871257248998,16.214285714285715,0.0,0.0,0.0,1.0,1.0,8.0,40.0,320.0,96.14285714285714,123,0.00240025,1.0001199090814539
9076691527785929283,8,vectorchain_cartesian,test,64,first_order_response,ok,14,896,0.04889348855672655,0.06280712230023425,16.214285714285715,0.0,0.0,0.0,1.0,1.0,8.0,24.0,192.0,96.14285714285714,75,0.00243845,1.356550568872112
9076691527785929283,8,vectorchain_relational,test,64,first_order_response,ok,14,896,0.0663264897157695,0.07434737434529391,16.214285714285715,0.0,0.0,0.0,1.0,1.0,8.0,56.0,448.0,96.14285714285714,171,0.0023708,1.0
9076691527785929283,8,fixed_relational,test,64,piecewise_linear,ok,12,768,0.2292063074268379,0.45954134286109066,16.666666666666668,0.3333333333333333,0.4166666666666667,0.3333333333333333,1.0,1.0,8.0,56.0,448.0,73.0,171,0.0024505,0.22963461900669033
9076691527785929283,8,persistence,test,64,piecewise_linear,ok,12,768,0.05662635075093678,0.08898209592952111,0.0,0.0,0.0,0.0,1.0,1.0,1.0,1.0,8.0,1.0,0,8.1e-06,0.9294913477895541
9076691527785929283,8,raw_ar,test,64,piecewise_linear,ok,12,768,0.038569419573744,0.054254814903916704,0.0,0.0,0.0,0.0,1.0,1.0,56.0,56.0,448.0,56.0,57,0.00955195,1.364648565147775
9076691527785929283,8,raw_matched,test,64,piecewise_linear,ok,12,768,0.28900115421240946,0.4775957600288639,12.583333333333334,0.0,0.0,0.0,1.0,1.0,56.0,56.0,448.0,56.0,171,0.001669,0.18212281270408923
9076691527785929283,8,vectorchain_absolute,test,64,piecewise_linear,ok,12,768,0.052644823034099696,0.06398900498069311,16.166666666666668,0.0,0.0,0.0,1.0,1.0,8.0,40.0,320.0,131.83333333333334,123,0.0024758000000000002,0.9997887740224668
9076691527785929283,8,vectorchain_cartesian,test,64,piecewise_linear,ok,12,768,0.04295574939086542,0.05027575265587036,16.333333333333332,0.0,0.0,0.0,1.0,1.0,8.0,24.0,192.0,131.83333333333334,75,0.0024326,1.2253005436120936
9076691527785929283,8,vectorchain_relational,test,64,piecewise_linear,ok,12,768,0.052633703079892256,0.06399109259662933,16.166666666666668,0.0,0.0,0.0,1.0,1.0,8.0,56.0,448.0,131.83333333333334,171,0.00243495,1.0
9076691527785929283,8,fixed_relational,test,64,ramp,ok,10,640,0.30297067422296425,0.5375114154667638,14.7,0.1,0.2,0.1,1.0,1.0,8.0,56.0,448.0,73.0,171,0.002164,0.1058158122525203
9076691527785929283,8,persistence,test,64,ramp,ok,10,640,0.020510418294893706,0.024770166923167337,0.0,0.0,0.0,0.0,1.0,1.0,1.0,1.0,8.0,1.0,0,5.1e-06,1.5630635865470448
9076691527785929283,8,raw_ar,test,64,ramp,ok,10,640,0.028211467590563474,0.03377929543010988,0.0,0.0,0.0,0.0,1.0,1.0,56.0,56.0,448.0,56.0,57,0.0093357,1.1363849781540682
9076691527785929283,8,raw_matched,test,64,ramp,ok,10,640,2.7877600882492515,4.268805457756438,20.8,0.1,0.1,0.2,1.0,1.0,56.0,56.0,448.0,56.0,171,0.0016438,0.011499945105294262
9076691527785929283,8,vectorchain_absolute,test,64,ramp,ok,10,640,0.032054570532596416,0.03794289993206179,16.0,0.0,0.0,0.0,1.0,1.0,8.0,40.0,320.0,115.6,123,0.00229735,1.0001409299493085
9076691527785929283,8,vectorchain_cartesian,test,64,ramp,ok,10,640,0.036534455679850045,0.0468604712886165,16.0,0.0,0.0,0.0,1.0,1.0,8.0,24.0,192.0,115.6,75,0.0022996500000000003,0.8775028226102277
9076691527785929283,8,vectorchain_relational,test,64,ramp,ok,10,640,0.03205908798159668,0.03795518257911331,16.0,0.0,0.0,0.0,1.0,1.0,8.0,56.0,448.0,115.6,171,0.00232135,1.0
9076691527785929283,8,fixed_relational,test,64,regime_change,ok,13,832,0.7453777373675379,0.962206652100014,9.461538461538462,0.23076923076923078,0.38461538461538464,0.23076923076923078,1.0,1.0,8.0,56.0,448.0,73.0,171,0.0015823,0.604484028501975
9076691527785929283,8,persistence,test,64,regime_change,ok,13,832,0.6140981302628151,0.9168734673407286,0.0,0.0,0.0,0.0,1.0,1.0,1.0,1.0,8.0,1.0,0,5.3e-06,0.7337083688022089
9076691527785929283,8,raw_ar,test,64,regime_change,ok,13,832,0.35303844409722285,0.6425776415502008,0.0,0.0,0.0,0.0,1.0,1.0,56.0,56.0,448.0,56.0,57,0.0092806,1.2762602627931785
9076691527785929283,8,raw_matched,test,64,regime_change,ok,13,832,2456.213599881169,6236.441310611215,67.53846153846153,0.6153846153846154,0.6153846153846154,0.6153846153846154,1.0,1.0,56.0,56.0,448.0,56.0,171,0.0114086,0.00018344045381941327
9076691527785929283,8,vectorchain_absolute,test,64,regime_change,ok,13,832,0.45083819640722883,0.7173433492113451,15.0,0.0,0.0,0.0,1.0,1.0,8.0,40.0,320.0,90.07692307692308,123,0.0023368,0.9994027591944113
9076691527785929283,8,vectorchain_cartesian,test,64,regime_change,ok,13,832,0.46095122061049915,0.7375056217878009,16.076923076923077,0.0,0.0,0.0,1.0,1.0,8.0,24.0,192.0,90.07692307692308,75,0.0023973,0.9774763951006963
9076691527785929283,8,vectorchain_relational,test,64,regime_change,ok,13,832,0.45056893743961646,0.7171940635003217,14.923076923076923,0.0,0.0,0.0,1.0,1.0,8.0,56.0,448.0,90.07692307692308,171,0.0022831,1.0
9076691527785929283,8,fixed_relational,test,64,second_order_response,ok,17,1088,0.24982395403444807,0.5350943314153646,14.882352941176471,0.17647058823529413,0.23529411764705882,0.17647058823529413,1.0,1.0,8.0,56.0,448.0,73.0,171,0.0023026,0.20870168039454365
9076691527785929283,8,persistence,test,64,second_order_response,ok,17,1088,0.0266554493736124,0.02876915323917179,0.0,0.0,0.0,0.0,1.0,1.0,1.0,1.0,8.0,1.0,0,6.9e-06,1.9560232610977215
9076691527785929283,8,raw_ar,test,64,second_order_response,ok,17,1088,0.03396930784958878,0.041671165382885164,0.0,0.0,0.0,0.0,1.0,1.0,56.0,56.0,448.0,56.0,57,0.0094474,1.534876107592805
9076691527785929283,8,raw_matched,test,64,second_order_response,ok,17,1088,4.445555774429983,6.730298559599014,26.58823529411765,0.23529411764705882,0.29411764705882354,0.23529411764705882,1.0,1.0,56.0,56.0,448.0,56.0,171,0.0017427,0.011728270132092508
9076691527785929283,8,vectorchain_absolute,test,64,second_order_response,ok,17,1088,0.052111604426314344,0.05944988750303926,16.294117647058822,0.0,0.0,0.0,1.0,1.0,8.0,40.0,320.0,69.17647058823529,123,0.0023749,1.0005195499885728
9076691527785929283,8,vectorchain_cartesian,test,64,second_order_response,ok,17,1088,0.04203578953560485,0.050335804587540424,16.11764705882353,0.0,0.0,0.0,1.0,1.0,8.0,24.0,192.0,69.17647058823529,75,0.0023454,1.2403401859654954
9076691527785929283,8,vectorchain_relational,test,64,second_order_response,ok,17,1088,0.052138679009798544,0.05947553184403008,16.294117647058822,0.0,0.0,0.0,1.0,1.0,8.0,56.0,448.0,69.17647058823529,171,0.0023981,1.0
9076691527785929283,8,fixed_relational,test,64,sine,ok,11,704,0.3717512175199426,0.6723435588722917,13.727272727272727,0.2727272727272727,0.2727272727272727,0.36363636363636365,1.0,1.0,8.0,56.0,448.0,73.0,171,0.0020028,0.34031534131934027
9076691527785929283,8,persistence,test,64,sine,ok,11,704,0.2388742660197323,0.3653781963193761,0.0,0.0,0.0,0.0,1.0,1.0,1.0,1.0,8.0,1.0,0,8e-06,0.5296202248329628
9076691527785929283,8,raw_ar,test,64,sine,ok,11,704,0.06870205562491528,0.11520799890596388,0.0,0.0,0.0,0.0,1.0,1.0,56.0,56.0,448.0,56.0,57,0.0095267,1.8414680801821435
9076691527785929283,8,raw_matched,test,64,sine,ok,11,704,36.12919846053031,67.60781201447536,55.36363636363637,0.5454545454545454,0.5454545454545454,0.5454545454545454,1.0,1.0,56.0,56.0,448.0,56.0,171,0.0087494,0.0035016731028336963
9076691527785929283,8,vectorchain_absolute,test,64,sine,ok,11,704,0.12650841999457854,0.1539581235609392,16.636363636363637,0.0,0.0,0.0,1.0,1.0,8.0,40.0,320.0,117.45454545454545,123,0.002429,1.0000333770795748
9076691527785929283,8,vectorchain_cartesian,test,64,sine,ok,11,704,0.11415255864166589,0.1517766067033495,17.272727272727273,0.0,0.0,0.0,1.0,1.0,8.0,24.0,192.0,117.45454545454545,75,0.0025199,1.1082768882414016
9076691527785929283,8,vectorchain_relational,test,64,sine,ok,11,704,0.12651264247617958,0.15395351079557845,16.636363636363637,0.0,0.0,0.0,1.0,1.0,8.0,56.0,448.0,117.45454545454545,171,0.0024898,1.0
9076691527785929283,8,fixed_relational,test,128,chirp,ok,15,1920,2.007696973425475,3.0688873810916175,8.866666666666667,0.2,0.2,0.26666666666666666,1.0,1.0,8.0,56.0,448.0,73.0,171,0.0013208,0.3820213223444493
9076691527785929283,8,persistence,test,128,chirp,ok,15,1920,0.9131987982091312,1.2113305041634217,0.0,0.0,0.0,0.0,1.0,1.0,1.0,1.0,8.0,1.0,0,7.2e-06,0.839886182679034
9076691527785929283,8,raw_ar,test,128,chirp,ok,15,1920,0.8044003358007648,1.4131945310052962,0.0,0.0,0.0,0.0,1.0,1.0,56.0,56.0,448.0,56.0,57,0.0094135,0.9534842522056286
9076691527785929283,8,raw_matched,test,128,chirp,ok,15,1920,35940913.56987949,100346818.64309189,39.93333333333333,0.26666666666666666,0.26666666666666666,0.3333333333333333,1.0,1.0,56.0,56.0,448.0,56.0,171,0.0016678,2.1340110099419503e-08
9076691527785929283,8,vectorchain_absolute,test,128,chirp,ok,15,1920,0.7670644289511019,1.0938570496747524,16.0,0.0,0.0,0.0,1.0,1.0,8.0,40.0,320.0,75.93333333333334,123,0.0024098,0.9998939120456094
9076691527785929283,8,vectorchain_cartesian,test,128,chirp,ok,15,1920,0.7875165216498822,1.143380077277384,16.266666666666666,0.0,0.0,0.0,1.0,1.0,8.0,24.0,192.0,75.93333333333334,75,0.0023311,0.9739263006801242
9076691527785929283,8,vectorchain_relational,test,128,chirp,ok,15,1920,0.7669830526549487,1.0937685867666447,16.0,0.0,0.0,0.0,1.0,1.0,8.0,56.0,448.0,75.93333333333334,171,0.0023961,1.0
9076691527785929283,8,fixed_relational,test,128,first_order_response,ok,14,1792,1.1719911228946773,2.301632726073604,16.0,0.14285714285714285,0.07142857142857142,0.21428571428571427,1.0,1.0,8.0,56.0,448.0,73.0,171,0.0026083,0.09020168620140498
9076691527785929283,8,persistence,test,128,first_order_response,ok,14,1792,0.019979367189765285,0.019909321228857548,0.0,0.0,0.0,0.0,1.0,1.0,1.0,1.0,8.0,1.0,0,8.299999999999998e-06,5.291237429798691
9076691527785929283,8,raw_ar,test,128,first_order_response,ok,14,1792,0.04558311122278914,0.05807629805232744,0.0,0.0,0.0,0.0,1.0,1.0,56.0,56.0,448.0,56.0,57,0.0097196,2.319182975060416
9076691527785929283,8,raw_matched,test,128,first_order_response,ok,14,1792,1754.5316780281482,3234.622176053244,23.5,0.21428571428571427,0.21428571428571427,0.21428571428571427,1.0,1.0,56.0,56.0,448.0,56.0,171,0.0017070499999999999,6.025287364260512e-05
9076691527785929283,8,vectorchain_absolute,test,128,first_order_response,ok,14,1792,0.10571412214608168,0.12500947679587157,16.214285714285715,0.0,0.0,0.0,1.0,1.0,8.0,40.0,320.0,96.14285714285714,123,0.00240025,1.0000137479465068
9076691527785929283,8,vectorchain_cartesian,test,128,first_order_response,ok,14,1792,0.0781970648887701,0.11046122657897446,16.214285714285715,0.0,0.0,0.0,1.0,1.0,8.0,24.0,192.0,96.14285714285714,75,0.00243845,1.3519123211152622
9076691527785929283,8,vectorchain_relational,test,128,first_order_response,ok,14,1792,0.10571557549817795,0.12499015418088565,16.214285714285715,0.0,0.0,0.0,1.0,1.0,8.0,56.0,448.0,96.14285714285714,171,0.0023708,1.0
9076691527785929283,8,fixed_relational,test,128,piecewise_linear,ok,12,1536,0.9843674888921672,1.99386251743809,16.666666666666668,0.3333333333333333,0.4166666666666667,0.3333333333333333,1.0,1.0,8.0,56.0,448.0,73.0,171,0.0024505,0.08607639504960113
9076691527785929283,8,persistence,test,128,piecewise_linear,ok,12,1536,0.1032100116574554,0.17383429519109864,0.0,0.0,0.0,0.0,1.0,1.0,1.0,1.0,8.0,1.0,0,8.1e-06,0.8209552880303883
9076691527785929283,8,raw_ar,test,128,piecewise_linear,ok,12,1536,0.07682712107041413,0.12073604654495806,0.0,0.0,0.0,0.0,1.0,1.0,56.0,56.0,448.0,56.0,57,0.00955195,1.102876219586674
9076691527785929283,8,raw_matched,test,128,piecewise_linear,ok,12,1536,0.8341518165999112,1.5316622785171532,12.583333333333334,0.0,0.0,0.0,1.0,1.0,56.0,56.0,448.0,56.0,171,0.001669,0.10157719873252513
9076691527785929283,8,vectorchain_absolute,test,128,piecewise_linear,ok,12,1536,0.08472215606254081,0.1198949646099343,16.166666666666668,0.0,0.0,0.0,1.0,1.0,8.0,40.0,320.0,131.83333333333334,123,0.0024758000000000002,1.0001020841032284
9076691527785929283,8,vectorchain_cartesian,test,128,piecewise_linear,ok,12,1536,0.06314778882406395,0.07498483606865147,16.333333333333332,0.0,0.0,0.0,1.0,1.0,8.0,24.0,192.0,131.83333333333334,75,0.0024326,1.3417857762832286
9076691527785929283,8,vectorchain_relational,test,128,piecewise_linear,ok,12,1536,0.08473080484786603,0.11992614150348485,16.166666666666668,0.0,0.0,0.0,1.0,1.0,8.0,56.0,448.0,131.83333333333334,171,0.00243495,1.0
9076691527785929283,8,fixed_relational,test,128,ramp,ok,10,1280,1.2299044705963755,2.180660068888213,14.7,0.1,0.2,0.1,1.0,1.0,8.0,56.0,448.0,73.0,171,0.002164,0.05023630522231213
9076691527785929283,8,persistence,test,128,ramp,ok,10,1280,0.034940756486812136,0.058883595093784935,0.0,0.0,0.0,0.0,1.0,1.0,1.0,1.0,8.0,1.0,0,5.1e-06,1.7683033394679328
9076691527785929283,8,raw_ar,test,128,ramp,ok,10,1280,0.04327173784964673,0.050016916210734993,0.0,0.0,0.0,0.0,1.0,1.0,56.0,56.0,448.0,56.0,57,0.0093357,1.4278570598169342
9076691527785929283,8,raw_matched,test,128,ramp,ok,10,1280,71535.62069713611,135431.10763046384,20.8,0.1,0.1,0.2,1.0,1.0,56.0,56.0,448.0,56.0,171,0.0016438,8.63707559633145e-07
9076691527785929283,8,vectorchain_absolute,test,128,ramp,ok,10,1280,0.061786070689605115,0.09391508864885763,16.0,0.0,0.0,0.0,1.0,1.0,8.0,40.0,320.0,115.6,123,0.00229735,0.9999965314117407
9076691527785929283,8,vectorchain_cartesian,test,128,ramp,ok,10,1280,0.06780762436901534,0.10809653381015878,16.0,0.0,0.0,0.0,1.0,1.0,8.0,24.0,192.0,115.6,75,0.0022996500000000003,0.9111933496286702
9076691527785929283,8,vectorchain_relational,test,128,ramp,ok,10,1280,0.061785856379165734,0.09387589330014104,16.0,0.0,0.0,0.0,1.0,1.0,8.0,56.0,448.0,115.6,171,0.00232135,1.0
9076691527785929283,8,fixed_relational,test,128,regime_change,ok,13,1664,1.4889771393346525,2.059260203673976,9.461538461538462,0.23076923076923078,0.38461538461538464,0.23076923076923078,1.0,1.0,8.0,56.0,448.0,73.0,171,0.0015823,0.6822440169073563
9076691527785929283,8,persistence,test,128,regime_change,ok,13,1664,1.031498667113919,1.3126170771346548,0.0,0.0,0.0,0.0,1.0,1.0,1.0,1.0,8.0,1.0,0,5.3e-06,0.9848250676515002
9076691527785929283,8,raw_ar,test,128,regime_change,ok,13,1664,0.9498170675558039,1.5622256623507171,0.0,0.0,0.0,0.0,1.0,1.0,56.0,56.0,448.0,56.0,57,0.0092806,1.0695172568724287
9076691527785929283,8,raw_matched,test,128,regime_change,ok,13,1664,63891592.80161172,229354610.0423056,67.53846153846153,0.6153846153846154,0.6153846153846154,0.6153846153846154,1.0,1.0,56.0,56.0,448.0,56.0,171,0.0114086,1.5899521362335985e-08
9076691527785929283,8,vectorchain_absolute,test,128,regime_change,ok,13,1664,1.0158764880400213,1.5827705102847451,15.0,0.0,0.0,0.0,1.0,1.0,8.0,40.0,320.0,90.07692307692308,123,0.0023368,0.9999697370522052
9076691527785929283,8,vectorchain_cartesian,test,128,regime_change,ok,13,1664,1.0298476317673129,1.6095831243525514,16.076923076923077,0.0,0.0,0.0,1.0,1.0,8.0,24.0,192.0,90.07692307692308,75,0.0023973,0.9864039235392651
9076691527785929283,8,vectorchain_relational,test,128,regime_change,ok,13,1664,1.0158457446228977,1.5829628064280523,14.923076923076923,0.0,0.0,0.0,1.0,1.0,8.0,56.0,448.0,90.07692307692308,171,0.0022831,1.0
9076691527785929283,8,fixed_relational,test,128,second_order_response,ok,17,2176,1.1322356325202285,1.8441515848513885,14.882352941176471,0.17647058823529413,0.23529411764705882,0.17647058823529413,1.0,1.0,8.0,56.0,448.0,73.0,171,0.0023026,0.07106701382775676
9076691527785929283,8,persistence,test,128,second_order_response,ok,17,2176,0.03970025575934636,0.05638044190519396,0.0,0.0,0.0,0.0,1.0,1.0,1.0,1.0,8.0,1.0,0,6.9e-06,2.026803198456745
9076691527785929283,8,raw_ar,test,128,second_order_response,ok,17,2176,0.05609066611676446,0.07634211358237972,0.0,0.0,0.0,0.0,1.0,1.0,56.0,56.0,448.0,56.0,57,0.0094474,1.4345453695466923
9076691527785929283,8,raw_matched,test,128,second_order_response,ok,17,2176,116719.16515763494,238720.10928491154,26.58823529411765,0.23529411764705882,0.29411764705882354,0.23529411764705882,1.0,1.0,56.0,56.0,448.0,56.0,171,0.0017427,6.89386402343802e-07
9076691527785929283,8,vectorchain_absolute,test,128,second_order_response,ok,17,2176,0.08042902832295869,0.09064566203500858,16.294117647058822,0.0,0.0,0.0,1.0,1.0,8.0,40.0,320.0,69.17647058823529,123,0.0023749,1.0004423406620364
9076691527785929283,8,vectorchain_cartesian,test,128,second_order_response,ok,17,2176,0.061415874373447955,0.0739920630011716,16.11764705882353,0.0,0.0,0.0,1.0,1.0,8.0,24.0,192.0,69.17647058823529,75,0.0023454,1.3101597294425467
9076691527785929283,8,vectorchain_relational,test,128,second_order_response,ok,17,2176,0.080464605352594,0.09068435326786883,16.294117647058822,0.0,0.0,0.0,1.0,1.0,8.0,56.0,448.0,69.17647058823529,171,0.0023981,1.0
9076691527785929283,8,fixed_relational,test,128,sine,ok,11,1408,1.1929729572916092,1.8383650855331601,13.727272727272727,0.2727272727272727,0.2727272727272727,0.36363636363636365,1.0,1.0,8.0,56.0,448.0,73.0,171,0.0020028,0.2106860764756845
9076691527785929283,8,persistence,test,128,sine,ok,11,1408,0.445985953345786,0.6548766233212632,0.0,0.0,0.0,0.0,1.0,1.0,1.0,1.0,8.0,1.0,0,8e-06,0.5635666097279303
9076691527785929283,8,raw_ar,test,128,sine,ok,11,1408,0.20840892157771287,0.3768104330471026,0.0,0.0,0.0,0.0,1.0,1.0,56.0,56.0,448.0,56.0,57,0.0095267,1.2060078321533907
9076691527785929283,8,raw_matched,test,128,sine,ok,11,1408,943233.6376323907,2489165.7486319565,55.36363636363637,0.5454545454545454,0.5454545454545454,0.5454545454545454,1.0,1.0,56.0,56.0,448.0,56.0,171,0.0087494,2.664692836276054e-07
9076691527785929283,8,vectorchain_absolute,test,128,sine,ok,11,1408,0.2513405749145265,0.42588670904427245,16.636363636363637,0.0,0.0,0.0,1.0,1.0,8.0,40.0,320.0,117.45454545454545,123,0.002429,1.0000088199003991
9076691527785929283,8,vectorchain_cartesian,test,128,sine,ok,11,1408,0.2575843592191394,0.43834406792536096,17.272727272727273,0.0,0.0,0.0,1.0,1.0,8.0,24.0,192.0,117.45454545454545,75,0.0025199,0.9757688412266293
9076691527785929283,8,vectorchain_relational,test,128,sine,ok,11,1408,0.2513427917133635,0.42587673122568165,16.636363636363637,0.0,0.0,0.0,1.0,1.0,8.0,56.0,448.0,117.45454545454545,171,0.0024898,1.0
9076691527785929283,8,fixed_relational,validation,16,chirp,ok,23,368,0.11432489192701403,0.15225117465121044,9.0,0.2608695652173913,0.391304347826087,0.2608695652173913,1.0,1.0,8.0,56.0,448.0,73.0,171,0.0011912,0.6810109988990878
9076691527785929283,8,persistence,validation,16,chirp,ok,23,368,0.12765155770177822,0.18654248900604434,0.0,0.0,0.0,0.0,1.0,1.0,1.0,1.0,8.0,1.0,0,6.1e-06,0.6099142873926835
9076691527785929283,8,raw_ar,validation,16,chirp,ok,23,368,0.03128463717731785,0.04427230581223891,0.0,0.0,0.0,0.0,1.0,1.0,56.0,56.0,448.0,56.0,57,0.0079897,2.488649889367872
9076691527785929283,8,raw_matched,validation,16,chirp,ok,23,368,0.43718383044990633,0.4050873209387509,42.78260869565217,0.4782608695652174,0.4782608695652174,0.4782608695652174,1.0,1.0,56.0,56.0,448.0,56.0,171,0.0015449,0.17808643281734338
9076691527785929283,8,vectorchain_absolute,validation,16,chirp,ok,23,368,0.07787294411749139,0.10466081842085591,15.608695652173912,0.0,0.0,0.0,1.0,1.0,8.0,40.0,320.0,78.30434782608695,123,0.002035,0.9997889476578604
9076691527785929283,8,vectorchain_cartesian,validation,16,chirp,ok,23,368,0.08228145358074763,0.10703090416814003,16.08695652173913,0.0,0.0,0.0,1.0,1.0,8.0,24.0,192.0,78.30434782608695,75,0.0020897,0.9462218454106539
9076691527785929283,8,vectorchain_relational,validation,16,chirp,ok,23,368,0.07785650885024609,0.10463273636354348,15.608695652173912,0.0,0.0,0.0,1.0,1.0,8.0,56.0,448.0,78.30434782608695,171,0.0021354,1.0
9076691527785929283,8,fixed_relational,validation,16,first_order_response,ok,17,272,0.0176099548240254,0.019717312410540408,17.294117647058822,0.47058823529411764,0.4117647058823529,0.47058823529411764,1.0,1.0,8.0,56.0,448.0,73.0,171,0.0026155,1.553140476346501
9076691527785929283,8,persistence,validation,16,first_order_response,ok,17,272,0.018911778881572684,0.014771099518123786,0.0,0.0,0.0,0.0,1.0,1.0,1.0,1.0,8.0,1.0,0,7.6e-06,1.4462274434943434
9076691527785929283,8,raw_ar,validation,16,first_order_response,ok,17,272,0.01453730034078362,0.01358974990769135,0.0,0.0,0.0,0.0,1.0,1.0,56.0,56.0,448.0,56.0,57,0.0085843,1.881417662335568
9076691527785929283,8,raw_matched,validation,16,first_order_response,ok,17,272,0.033101300385546005,0.03840711472068602,27.823529411764707,0.23529411764705882,0.29411764705882354,0.23529411764705882,1.0,1.0,56.0,56.0,448.0,56.0,171,0.0015876,0.8262736903161101
9076691527785929283,8,vectorchain_absolute,validation,16,first_order_response,ok,17,272,0.02736890210023137,0.03071073853992088,16.235294117647058,0.0,0.0,0.0,1.0,1.0,8.0,40.0,320.0,99.3529411764706,123,0.0022918,0.9993361634917741
9076691527785929283,8,vectorchain_cartesian,validation,16,first_order_response,ok,17,272,0.02407741080469831,0.02437687231933597,16.58823529411765,0.0,0.0,0.0,1.0,1.0,8.0,24.0,192.0,99.3529411764706,75,0.0024092,1.135949951000966
9076691527785929283,8,vectorchain_relational,validation,16,first_order_response,ok,17,272,0.027350733623827176,0.030689707392621023,16.235294117647058,0.0,0.0,0.0,1.0,1.0,8.0,56.0,448.0,99.3529411764706,171,0.0022741,1.0
9076691527785929283,8,fixed_relational,validation,16,piecewise_linear,ok,15,240,0.029167734666784878,0.03948245958114546,11.733333333333333,0.06666666666666667,0.2,0.06666666666666667,1.0,1.0,8.0,56.0,448.0,73.0,171,0.001532,0.8895489629883402
9076691527785929283,8,persistence,validation,16,piecewise_linear,ok,15,240,0.031033689067627435,0.035692320294703685,0.0,0.0,0.0,0.0,1.0,1.0,1.0,1.0,8.0,1.0,0,5.4e-06,0.8360632881581282
9076691527785929283,8,raw_ar,validation,16,piecewise_linear,ok,15,240,0.01814919590160875,0.017706433477712395,0.0,0.0,0.0,0.0,1.0,1.0,56.0,56.0,448.0,56.0,57,0.0079079,1.429602075277488
9076691527785929283,8,raw_matched,validation,16,piecewise_linear,ok,15,240,0.03517624129153013,0.04287371906366289,16.866666666666667,0.13333333333333333,0.13333333333333333,0.13333333333333333,1.0,1.0,56.0,56.0,448.0,56.0,171,0.0014746,0.7376037681378129
9076691527785929283,8,vectorchain_absolute,validation,16,piecewise_linear,ok,15,240,0.025974816527631218,0.028310458011886405,15.866666666666667,0.0,0.0,0.0,1.0,1.0,8.0,40.0,320.0,114.73333333333333,123,0.0020877,0.9988955301361552
9076691527785929283,8,vectorchain_cartesian,validation,16,piecewise_linear,ok,15,240,0.026170574960616037,0.026789673279406973,16.0,0.0,0.0,0.0,1.0,1.0,8.0,24.0,192.0,114.73333333333333,75,0.0021149,0.9914236949170487
9076691527785929283,8,vectorchain_relational,validation,16,piecewise_linear,ok,15,240,0.02594612812555755,0.028279925716209863,15.866666666666667,0.0,0.0,0.0,1.0,1.0,8.0,56.0,448.0,114.73333333333333,171,0.002081,1.0
9076691527785929283,8,fixed_relational,validation,16,ramp,ok,18,288,0.021206953120147788,0.02318165105248636,15.444444444444445,0.16666666666666666,0.2777777777777778,0.16666666666666666,1.0,1.0,8.0,56.0,448.0,73.0,171,0.00237425,1.207550850620642
9076691527785929283,8,persistence,validation,16,ramp,ok,18,288,0.01877722542736339,0.018137355213681046,0.0,0.0,0.0,0.0,1.0,1.0,1.0,1.0,8.0,1.0,0,6.1e-06,1.3638050189240531
9076691527785929283,8,raw_ar,validation,16,ramp,ok,18,288,0.014764935601535589,0.014252114658447827,0.0,0.0,0.0,0.0,1.0,1.0,56.0,56.0,448.0,56.0,57,0.00791745,1.7344115118689172
9076691527785929283,8,raw_matched,validation,16,ramp,ok,18,288,0.04014663506120586,0.051324443071238735,15.222222222222221,0.05555555555555555,0.05555555555555555,0.05555555555555555,1.0,1.0,56.0,56.0,448.0,56.0,171,0.00144585,0.6378734915208945
9076691527785929283,8,vectorchain_absolute,validation,16,ramp,ok,18,288,0.02564359197167589,0.024157364342191383,16.055555555555557,0.0,0.0,0.0,1.0,1.0,8.0,40.0,320.0,100.16666666666667,123,0.0021098000000000002,0.9986305470618883
9076691527785929283,8,vectorchain_cartesian,validation,16,ramp,ok,18,288,0.02642042382137777,0.030644076116332537,16.333333333333332,0.0,0.0,0.0,1.0,1.0,8.0,24.0,192.0,100.16666666666667,75,0.00220465,0.9692681106268155
9076691527785929283,8,vectorchain_relational,validation,16,ramp,ok,18,288,0.02560847427930654,0.024133130721469036,16.055555555555557,0.0,0.0,0.0,1.0,1.0,8.0,56.0,448.0,100.16666666666667,171,0.00215865,1.0
9076691527785929283,8,fixed_relational,validation,16,regime_change,ok,22,352,0.10903949427294742,0.13257123280808888,8.863636363636363,0.22727272727272727,0.3181818181818182,0.22727272727272727,1.0,1.0,8.0,56.0,448.0,73.0,171,0.0012089,0.9769745485151061
9076691527785929283,8,persistence,validation,16,regime_change,ok,22,352,0.1634270075107207,0.24092930647719743,0.0,0.0,0.0,0.0,1.0,1.0,1.0,1.0,8.0,1.0,0,7.2000000000000005e-06,0.6518433661011634
9076691527785929283,8,raw_ar,validation,16,regime_change,ok,22,352,0.05266013868668222,0.08325104370640263,0.0,0.0,0.0,0.0,1.0,1.0,56.0,56.0,448.0,56.0,57,0.00863875,2.0229496796705075
9076691527785929283,8,raw_matched,validation,16,regime_change,ok,22,352,0.5726479840443336,0.6194323328678493,35.27272727272727,0.4090909090909091,0.36363636363636365,0.4090909090909091,1.0,1.0,56.0,56.0,448.0,56.0,171,0.00149585,0.18602843920844223
9076691527785929283,8,vectorchain_absolute,validation,16,regime_change,ok,22,352,0.10650746709623321,0.14545302951499972,15.681818181818182,0.0,0.0,0.0,1.0,1.0,8.0,40.0,320.0,78.13636363636364,123,0.0021836,1.0002003952584453
9076691527785929283,8,vectorchain_cartesian,validation,16,regime_change,ok,22,352,0.11714867456364969,0.16039699536744714,15.863636363636363,0.0,0.0,0.0,1.0,1.0,8.0,24.0,192.0,78.13636363636364,75,0.0021996999999999997,0.9093471273526756
9076691527785929283,8,vectorchain_relational,validation,16,regime_change,ok,22,352,0.1065288106876283,0.14546374620056043,15.681818181818182,0.0,0.0,0.0,1.0,1.0,8.0,56.0,448.0,78.13636363636364,171,0.002178,1.0
9076691527785929283,8,fixed_relational,validation,16,second_order_response,ok,14,224,0.026015999085212824,0.03330167367683443,13.928571428571429,0.0,0.07142857142857142,0.07142857142857142,1.0,1.0,8.0,56.0,448.0,73.0,171,0.00214075,1.0905231606024812
9076691527785929283,8,persistence,validation,16,second_order_response,ok,14,224,0.021056647331384393,0.016325451439805565,0.0,0.0,0.0,0.0,1.0,1.0,1.0,1.0,8.0,1.0,0,8.8e-06,1.347367845514097
9076691527785929283,8,raw_ar,validation,16,second_order_response,ok,14,224,0.01677614812569076,0.01725270538848402,0.0,0.0,0.0,0.0,1.0,1.0,56.0,56.0,448.0,56.0,57,0.0080828,1.6911539726566027
9076691527785929283,8,raw_matched,validation,16,second_order_response,ok,14,224,0.041961557066261174,0.054499261618027615,18.928571428571427,0.07142857142857142,0.07142857142857142,0.07142857142857142,1.0,1.0,56.0,56.0,448.0,56.0,171,0.00150545,0.6761200377725984
9076691527785929283,8,vectorchain_absolute,validation,16,second_order_response,ok,14,224,0.028378938158145104,0.026059943662831368,15.857142857142858,0.0,0.0,0.0,1.0,1.0,8.0,40.0,320.0,119.14285714285714,123,0.00213615,0.9997220259100749
9076691527785929283,8,vectorchain_cartesian,validation,16,second_order_response,ok,14,224,0.038482622943835164,0.04028059228554508,16.357142857142858,0.0,0.0,0.0,1.0,1.0,8.0,24.0,192.0,119.14285714285714,75,0.0022907,0.7372431341295185
9076691527785929283,8,vectorchain_relational,validation,16,second_order_response,ok,14,224,0.02837104954863755,0.026059988893441577,15.857142857142858,0.0,0.0,0.0,1.0,1.0,8.0,56.0,448.0,119.14285714285714,171,0.0021503,1.0
9076691527785929283,8,fixed_relational,validation,16,sine,ok,13,208,0.054161710064646505,0.08931335713100753,11.461538461538462,0.3076923076923077,0.38461538461538464,0.3076923076923077,1.0,1.0,8.0,56.0,448.0,73.0,171,0.0013318,1.009517944365003
9076691527785929283,8,persistence,validation,16,sine,ok,13,208,0.05485926524397397,0.0776667530065293,0.0,0.0,0.0,0.0,1.0,1.0,1.0,1.0,8.0,1.0,0,8.4e-06,0.9966815626237587
9076691527785929283,8,raw_ar,validation,16,sine,ok,13,208,0.01770043256805077,0.020709667552607093,0.0,0.0,0.0,0.0,1.0,1.0,56.0,56.0,448.0,56.0,57,0.0085266,3.089032880837469
9076691527785929283,8,raw_matched,validation,16,sine,ok,13,208,0.04074073897711238,0.06198120582093644,33.0,0.3076923076923077,0.3076923076923077,0.3076923076923077,1.0,1.0,56.0,56.0,448.0,56.0,171,0.0017642,1.3420772322876173
9076691527785929283,8,vectorchain_absolute,validation,16,sine,ok,13,208,0.05468573092645139,0.06092996733263094,14.846153846153847,0.0,0.0,0.0,1.0,1.0,8.0,40.0,320.0,126.76923076923077,123,0.0022237,0.9998443338225176
9076691527785929283,8,vectorchain_cartesian,validation,16,sine,ok,13,208,0.05835501628737863,0.0630518959929081,15.23076923076923,0.0,0.0,0.0,1.0,1.0,8.0,24.0,192.0,126.76923076923077,75,0.0022404,0.9369754596329561
9076691527785929283,8,vectorchain_relational,validation,16,sine,ok,13,208,0.054677218207755236,0.06093281534401909,14.846153846153847,0.0,0.0,0.0,1.0,1.0,8.0,56.0,448.0,126.76923076923077,171,0.0021126,1.0
9076691527785929283,8,fixed_relational,validation,64,chirp,ok,23,1472,0.712099392590566,1.1522500110004608,9.0,0.2608695652173913,0.391304347826087,0.2608695652173913,1.0,1.0,8.0,56.0,448.0,73.0,171,0.0011912,0.45522442038655914
9076691527785929283,8,persistence,validation,64,chirp,ok,23,1472,0.4993613799539743,0.7878852570807291,0.0,0.0,0.0,0.0,1.0,1.0,1.0,1.0,8.0,1.0,0,6.1e-06,0.6491591986539673
9076691527785929283,8,raw_ar,validation,64,chirp,ok,23,1472,0.2079914535995113,0.3795730760464568,0.0,0.0,0.0,0.0,1.0,1.0,56.0,56.0,448.0,56.0,57,0.0079897,1.5585497751933732
9076691527785929283,8,raw_matched,validation,64,chirp,ok,23,1472,400.4523666777128,460.9370582544697,42.78260869565217,0.4782608695652174,0.4782608695652174,0.4782608695652174,1.0,1.0,56.0,56.0,448.0,56.0,171,0.0015449,0.0008094971093292396
9076691527785929283,8,vectorchain_absolute,validation,64,chirp,ok,23,1472,0.3241996955851501,0.5370055867795968,15.608695652173912,0.0,0.0,0.0,1.0,1.0,8.0,40.0,320.0,78.30434782608695,123,0.002035,0.9998930833805185
9076691527785929283,8,vectorchain_cartesian,validation,64,chirp,ok,23,1472,0.33458397358626113,0.5573607188603167,16.08695652173913,0.0,0.0,0.0,1.0,1.0,8.0,24.0,192.0,78.30434782608695,75,0.0020897,0.968860013751036
9076691527785929283,8,vectorchain_relational,validation,64,chirp,ok,23,1472,0.3241650332496612,0.536962772517424,15.608695652173912,0.0,0.0,0.0,1.0,1.0,8.0,56.0,448.0,78.30434782608695,171,0.0021354,1.0
9076691527785929283,8,fixed_relational,validation,64,first_order_response,ok,17,1088,0.1669462923441931,0.3646182590440875,17.294117647058822,0.47058823529411764,0.4117647058823529,0.47058823529411764,1.0,1.0,8.0,56.0,448.0,73.0,171,0.0026155,0.3277471190980194
9076691527785929283,8,persistence,validation,64,first_order_response,ok,17,1088,0.01926149118328397,0.019328104349141183,0.0,0.0,0.0,0.0,1.0,1.0,1.0,1.0,8.0,1.0,0,7.6e-06,2.8407025104780197
9076691527785929283,8,raw_ar,validation,64,first_order_response,ok,17,1088,0.029856056021394017,0.04029695981750509,0.0,0.0,0.0,0.0,1.0,1.0,56.0,56.0,448.0,56.0,57,0.0085843,1.8326655845198354
9076691527785929283,8,raw_matched,validation,64,first_order_response,ok,17,1088,4.524950551120537,5.631224854458788,27.823529411764707,0.23529411764705882,0.29411764705882354,0.23529411764705882,1.0,1.0,56.0,56.0,448.0,56.0,171,0.0015876,0.012092102607918084
9076691527785929283,8,vectorchain_absolute,validation,64,first_order_response,ok,17,1088,0.05473153352302646,0.06997880024195652,16.235294117647058,0.0,0.0,0.0,1.0,1.0,8.0,40.0,320.0,99.3529411764706,123,0.0022918,0.9997192265202112
9076691527785929283,8,vectorchain_cartesian,validation,64,first_order_response,ok,17,1088,0.04332272841768006,0.05281236822367188,16.58823529411765,0.0,0.0,0.0,1.0,1.0,8.0,24.0,192.0,99.3529411764706,75,0.0024092,1.2629898521713439
9076691527785929283,8,vectorchain_relational,validation,64,first_order_response,ok,17,1088,0.05471616635990502,0.06995643356702641,16.235294117647058,0.0,0.0,0.0,1.0,1.0,8.0,56.0,448.0,99.3529411764706,171,0.0022741,1.0
9076691527785929283,8,fixed_relational,validation,64,piecewise_linear,ok,15,960,0.4498763186953913,0.9020476106621703,11.733333333333333,0.06666666666666667,0.2,0.06666666666666667,1.0,1.0,8.0,56.0,448.0,73.0,171,0.001532,0.1124622938202077
9076691527785929283,8,persistence,validation,64,piecewise_linear,ok,15,960,0.0842027115410436,0.11976684107093731,0.0,0.0,0.0,0.0,1.0,1.0,1.0,1.0,8.0,1.0,0,5.4e-06,0.60086096765676
9076691527785929283,8,raw_ar,validation,64,piecewise_linear,ok,15,960,0.05388889736288043,0.07721640919608842,0.0,0.0,0.0,0.0,1.0,1.0,56.0,56.0,448.0,56.0,57,0.0079079,0.9388598618966096
9076691527785929283,8,raw_matched,validation,64,piecewise_linear,ok,15,960,0.28943847832249475,0.5090236904580699,16.866666666666667,0.13333333333333333,0.13333333333333333,0.13333333333333333,1.0,1.0,56.0,56.0,448.0,56.0,171,0.0014746,0.17480095607572294
9076691527785929283,8,vectorchain_absolute,validation,64,piecewise_linear,ok,15,960,0.050575634145486215,0.06997602658594468,15.866666666666667,0.0,0.0,0.0,1.0,1.0,8.0,40.0,320.0,114.73333333333333,123,0.0020877,1.0003655631946224
9076691527785929283,8,vectorchain_cartesian,validation,64,piecewise_linear,ok,15,960,0.05900118742628126,0.07815290480955973,16.0,0.0,0.0,0.0,1.0,1.0,8.0,24.0,192.0,114.73333333333333,75,0.0021149,0.8575102458588494
9076691527785929283,8,vectorchain_relational,validation,64,piecewise_linear,ok,15,960,0.05059412273587449,0.07002848749747835,15.866666666666667,0.0,0.0,0.0,1.0,1.0,8.0,56.0,448.0,114.73333333333333,171,0.002081,1.0
9076691527785929283,8,fixed_relational,validation,64,ramp,ok,18,1152,0.19010646957915944,0.4001217630901474,15.444444444444445,0.16666666666666666,0.2777777777777778,0.16666666666666666,1.0,1.0,8.0,56.0,448.0,73.0,171,0.00237425,0.25419056330925377
9076691527785929283,8,persistence,validation,64,ramp,ok,18,1152,0.025101929999053467,0.031039840760447975,0.0,0.0,0.0,0.0,1.0,1.0,1.0,1.0,8.0,1.0,0,6.1e-06,1.9250818798746632
9076691527785929283,8,raw_ar,validation,64,ramp,ok,18,1152,0.02698662049486522,0.033941941988143,0.0,0.0,0.0,0.0,1.0,1.0,56.0,56.0,448.0,56.0,57,0.00791745,1.7906380904661472
9076691527785929283,8,raw_matched,validation,64,ramp,ok,18,1152,0.2830415324947473,0.4446715680021127,15.222222222222221,0.05555555555555555,0.05555555555555555,0.05555555555555555,1.0,1.0,56.0,56.0,448.0,56.0,171,0.00144585,0.17072855055982583
9076691527785929283,8,vectorchain_absolute,validation,64,ramp,ok,18,1152,0.048361145136891145,0.06222916667715908,16.055555555555557,0.0,0.0,0.0,1.0,1.0,8.0,40.0,320.0,100.16666666666667,123,0.0021098000000000002,0.9992168393506008
9076691527785929283,8,vectorchain_cartesian,validation,64,ramp,ok,18,1152,0.050996960993677655,0.063686563321949,16.333333333333332,0.0,0.0,0.0,1.0,1.0,8.0,24.0,192.0,100.16666666666667,75,0.00220465,0.9475715738639979
9076691527785929283,8,vectorchain_relational,validation,64,ramp,ok,18,1152,0.04832327059106005,0.0621390734909742,16.055555555555557,0.0,0.0,0.0,1.0,1.0,8.0,56.0,448.0,100.16666666666667,171,0.00215865,1.0
9076691527785929283,8,fixed_relational,validation,64,regime_change,ok,22,1408,0.8602910924295369,1.4361086258119775,8.863636363636363,0.22727272727272727,0.3181818181818182,0.22727272727272727,1.0,1.0,8.0,56.0,448.0,73.0,171,0.0012089,0.5118043426461433
9076691527785929283,8,persistence,validation,64,regime_change,ok,22,1408,0.5996379655792515,0.8906787446355651,0.0,0.0,0.0,0.0,1.0,1.0,1.0,1.0,8.0,1.0,0,7.2000000000000005e-06,0.7342775846754469
9076691527785929283,8,raw_ar,validation,64,regime_change,ok,22,1408,0.3659184239158663,0.665987671166353,0.0,0.0,0.0,0.0,1.0,1.0,56.0,56.0,448.0,56.0,57,0.00863875,1.2032756162790743
9076691527785929283,8,raw_matched,validation,64,regime_change,ok,22,1408,1081.1651771303325,1696.6746680850613,35.27272727272727,0.4090909090909091,0.36363636363636365,0.4090909090909091,1.0,1.0,56.0,56.0,448.0,56.0,171,0.00149585,0.0004072464840329889
9076691527785929283,8,vectorchain_absolute,validation,64,regime_change,ok,22,1408,0.4403237318054538,0.7448358241086147,15.681818181818182,0.0,0.0,0.0,1.0,1.0,8.0,40.0,320.0,78.13636363636364,123,0.0021836,0.9999477321830286
9076691527785929283,8,vectorchain_cartesian,validation,64,regime_change,ok,22,1408,0.4474050372441465,0.7545353176419358,15.863636363636363,0.0,0.0,0.0,1.0,1.0,8.0,24.0,192.0,78.13636363636364,75,0.0021996999999999997,0.9841210545087402
9076691527785929283,8,vectorchain_relational,validation,64,regime_change,ok,22,1408,0.4403007170452316,0.7447643164065133,15.681818181818182,0.0,0.0,0.0,1.0,1.0,8.0,56.0,448.0,78.13636363636364,171,0.002178,1.0
9076691527785929283,8,fixed_relational,validation,64,second_order_response,ok,14,896,0.2915510528434037,0.5969174154648355,13.928571428571429,0.0,0.07142857142857142,0.07142857142857142,1.0,1.0,8.0,56.0,448.0,73.0,171,0.00214075,0.22339812983965973
9076691527785929283,8,persistence,validation,64,second_order_response,ok,14,896,0.03523865649000786,0.05138476022432512,0.0,0.0,0.0,0.0,1.0,1.0,1.0,1.0,8.0,1.0,0,8.8e-06,1.8483099654059958
9076691527785929283,8,raw_ar,validation,64,second_order_response,ok,14,896,0.034142650838624916,0.04173889272217431,0.0,0.0,0.0,0.0,1.0,1.0,56.0,56.0,448.0,56.0,57,0.0080828,1.907642153090166
9076691527785929283,8,raw_matched,validation,64,second_order_response,ok,14,896,15.820369409360167,18.31975168314958,18.928571428571427,0.07142857142857142,0.07142857142857142,0.07142857142857142,1.0,1.0,56.0,56.0,448.0,56.0,171,0.00150545,0.00411696833826552
9076691527785929283,8,vectorchain_absolute,validation,64,second_order_response,ok,14,896,0.06512349963598137,0.08101150277887513,15.857142857142858,0.0,0.0,0.0,1.0,1.0,8.0,40.0,320.0,119.14285714285714,123,0.00213615,1.0001299119682776
9076691527785929283,8,vectorchain_cartesian,validation,64,second_order_response,ok,14,896,0.07910476702324212,0.08214413316621545,16.357142857142858,0.0,0.0,0.0,1.0,1.0,8.0,24.0,192.0,119.14285714285714,75,0.0022907,0.8233632739081765
9076691527785929283,8,vectorchain_relational,validation,64,second_order_response,ok,14,896,0.0651319599580002,0.08101781526968292,15.857142857142858,0.0,0.0,0.0,1.0,1.0,8.0,56.0,448.0,119.14285714285714,171,0.0021503,1.0
9076691527785929283,8,fixed_relational,validation,64,sine,ok,13,832,0.6898411554959255,1.3242599523999365,11.461538461538462,0.3076923076923077,0.38461538461538464,0.3076923076923077,1.0,1.0,8.0,56.0,448.0,73.0,171,0.0013318,0.21344534872096355
9076691527785929283,8,persistence,validation,64,sine,ok,13,832,0.2148601213989535,0.347614086867016,0.0,0.0,0.0,0.0,1.0,1.0,1.0,1.0,8.0,1.0,0,8.4e-06,0.6852988122607354
9076691527785929283,8,raw_ar,validation,64,sine,ok,13,832,0.08245204599848004,0.14407762487638281,0.0,0.0,0.0,0.0,1.0,1.0,56.0,56.0,448.0,56.0,57,0.0085266,1.7858063340188626
9076691527785929283,8,raw_matched,validation,64,sine,ok,13,832,4.444699441035298,6.438948215304307,33.0,0.3076923076923077,0.3076923076923077,0.3076923076923077,1.0,1.0,56.0,56.0,448.0,56.0,171,0.0017642,0.03312786116367928
9076691527785929283,8,vectorchain_absolute,validation,64,sine,ok,13,832,0.14720852212189078,0.23207968910675536,14.846153846153847,0.0,0.0,0.0,1.0,1.0,8.0,40.0,320.0,126.76923076923077,123,0.0022237,1.0002368332655402
9076691527785929283,8,vectorchain_cartesian,validation,64,sine,ok,13,832,0.15689371001899347,0.2476618909336666,15.23076923076923,0.0,0.0,0.0,1.0,1.0,8.0,24.0,192.0,126.76923076923077,75,0.0022404,0.9384913262556864
9076691527785929283,8,vectorchain_relational,validation,64,sine,ok,13,832,0.14724338599690026,0.2323018113836433,14.846153846153847,0.0,0.0,0.0,1.0,1.0,8.0,56.0,448.0,126.76923076923077,171,0.0021126,1.0
9076691527785929283,8,fixed_relational,validation,128,chirp,ok,23,2944,1.5724273366255823,2.469673901814167,9.0,0.2608695652173913,0.391304347826087,0.2608695652173913,1.0,1.0,8.0,56.0,448.0,73.0,171,0.0011912,0.4440840670590212
9076691527785929283,8,persistence,validation,128,chirp,ok,23,2944,0.8961590445670305,1.248415293261932,0.0,0.0,0.0,0.0,1.0,1.0,1.0,1.0,8.0,1.0,0,6.1e-06,0.7792031236384435
9076691527785929283,8,raw_ar,validation,128,chirp,ok,23,2944,0.5896868652860875,0.9837129872940743,0.0,0.0,0.0,0.0,1.0,1.0,56.0,56.0,448.0,56.0,57,0.0079897,1.1841707318081383
9076691527785929283,8,raw_matched,validation,128,chirp,ok,23,2944,10415281.635271309,16931301.449544087,42.78260869565217,0.4782608695652174,0.4782608695652174,0.4782608695652174,1.0,1.0,56.0,56.0,448.0,56.0,171,0.0015449,6.70447474448235e-08
9076691527785929283,8,vectorchain_absolute,validation,128,chirp,ok,23,2944,0.6983313485773136,1.0850795427868216,15.608695652173912,0.0,0.0,0.0,1.0,1.0,8.0,40.0,320.0,78.30434782608695,123,0.002035,0.9999406846421477
9076691527785929283,8,vectorchain_cartesian,validation,128,chirp,ok,23,2944,0.7312987204205592,1.1363723263078669,16.08695652173913,0.0,0.0,0.0,1.0,1.0,8.0,24.0,192.0,78.30434782608695,75,0.0020897,0.9548627767349256
9076691527785929283,8,vectorchain_relational,validation,128,chirp,ok,23,2944,0.6982899268034732,1.0850289693996797,15.608695652173912,0.0,0.0,0.0,1.0,1.0,8.0,56.0,448.0,78.30434782608695,171,0.0021354,1.0
9076691527785929283,8,fixed_relational,validation,128,first_order_response,ok,17,2176,0.9334131067127812,1.6675687723285573,17.294117647058822,0.47058823529411764,0.4117647058823529,0.47058823529411764,1.0,1.0,8.0,56.0,448.0,73.0,171,0.0026155,0.08476491228183448
9076691527785929283,8,persistence,validation,128,first_order_response,ok,17,2176,0.019756539099120538,0.01694764127094693,0.0,0.0,0.0,0.0,1.0,1.0,1.0,1.0,8.0,1.0,0,7.6e-06,4.004784426881
9076691527785929283,8,raw_ar,validation,128,first_order_response,ok,17,2176,0.04733490236804166,0.05633958869191332,0.0,0.0,0.0,0.0,1.0,1.0,56.0,56.0,448.0,56.0,57,0.0085843,1.671508256170866
9076691527785929283,8,raw_matched,validation,128,first_order_response,ok,17,2176,117831.80568367873,189748.03185639856,27.823529411764707,0.23529411764705882,0.29411764705882354,0.23529411764705882,1.0,1.0,56.0,56.0,448.0,56.0,171,0.0015876,6.714713370821472e-07
9076691527785929283,8,vectorchain_absolute,validation,128,first_order_response,ok,17,2176,0.07915067387172733,0.08341887836921165,16.235294117647058,0.0,0.0,0.0,1.0,1.0,8.0,40.0,320.0,99.3529411764706,123,0.0022918,0.9996210549192237
9076691527785929283,8,vectorchain_cartesian,validation,128,first_order_response,ok,17,2176,0.06695251382545268,0.08998987643713478,16.58823529411765,0.0,0.0,0.0,1.0,1.0,8.0,24.0,192.0,99.3529411764706,75,0.0024092,1.1817432325169093
9076691527785929283,8,vectorchain_relational,validation,128,first_order_response,ok,17,2176,0.07912068011322351,0.08335830408250186,16.235294117647058,0.0,0.0,0.0,1.0,1.0,8.0,56.0,448.0,99.3529411764706,171,0.0022741,1.0
9076691527785929283,8,fixed_relational,validation,128,piecewise_linear,ok,15,1920,1.5289844054509791,2.818998015910718,11.733333333333333,0.06666666666666667,0.2,0.06666666666666667,1.0,1.0,8.0,56.0,448.0,73.0,171,0.001532,0.07008650036683584
9076691527785929283,8,persistence,validation,128,piecewise_linear,ok,15,1920,0.15020887234473998,0.21120220999561792,0.0,0.0,0.0,0.0,1.0,1.0,1.0,1.0,8.0,1.0,0,5.4e-06,0.7134143570932606
9076691527785929283,8,raw_ar,validation,128,piecewise_linear,ok,15,1920,0.11074387108413102,0.15554987073923698,0.0,0.0,0.0,0.0,1.0,1.0,56.0,56.0,448.0,56.0,57,0.0079079,0.9676487289496776
9076691527785929283,8,raw_matched,validation,128,piecewise_linear,ok,15,1920,51.15845803808879,89.82125440346724,16.866666666666667,0.13333333333333333,0.13333333333333333,0.13333333333333333,1.0,1.0,56.0,56.0,448.0,56.0,171,0.0014746,0.002094691087322102
9076691527785929283,8,vectorchain_absolute,validation,128,piecewise_linear,ok,15,1920,0.10710268643189623,0.1534953060761516,15.866666666666667,0.0,0.0,0.0,1.0,1.0,8.0,40.0,320.0,114.73333333333333,123,0.0020877,1.0005460148907401
9076691527785929283,8,vectorchain_cartesian,validation,128,piecewise_linear,ok,15,1920,0.11975438491223725,0.15985578623821242,16.0,0.0,0.0,0.0,1.0,1.0,8.0,24.0,192.0,114.73333333333333,75,0.0021149,0.8948412717585252
9076691527785929283,8,vectorchain_relational,validation,128,piecewise_linear,ok,15,1920,0.10716116609352633,0.1535655752248785,15.866666666666667,0.0,0.0,0.0,1.0,1.0,8.0,56.0,448.0,114.73333333333333,171,0.002081,1.0
9076691527785929283,8,fixed_relational,validation,128,ramp,ok,18,2304,1.1312717016031724,2.100501657258024,15.444444444444445,0.16666666666666666,0.2777777777777778,0.16666666666666666,1.0,1.0,8.0,56.0,448.0,73.0,171,0.00237425,0.07286116953574727
9076691527785929283,8,persistence,validation,128,ramp,ok,18,2304,0.04026659144502585,0.06165066439236466,0.0,0.0,0.0,0.0,1.0,1.0,1.0,1.0,8.0,1.0,0,6.1e-06,2.047001652822644
9076691527785929283,8,raw_ar,validation,128,ramp,ok,18,2304,0.04392470906987908,0.059207598444799725,0.0,0.0,0.0,0.0,1.0,1.0,56.0,56.0,448.0,56.0,57,0.00791745,1.8765241930315861
9076691527785929283,8,raw_matched,validation,128,ramp,ok,18,2304,141.9571878398334,201.5404324272507,15.222222222222221,0.05555555555555555,0.05555555555555555,0.05555555555555555,1.0,1.0,56.0,56.0,448.0,56.0,171,0.00144585,0.0005806382931063757
9076691527785929283,8,vectorchain_absolute,validation,128,ramp,ok,18,2304,0.08245773362848857,0.11433290756596633,16.055555555555557,0.0,0.0,0.0,1.0,1.0,8.0,40.0,320.0,100.16666666666667,123,0.0021098000000000002,0.999612475560746
9076691527785929283,8,vectorchain_cartesian,validation,128,ramp,ok,18,2304,0.08921049030209695,0.127538161178494,16.333333333333332,0.0,0.0,0.0,1.0,1.0,8.0,24.0,192.0,100.16666666666667,75,0.00220465,0.9239471609491262
9076691527785929283,8,vectorchain_relational,validation,128,ramp,ok,18,2304,0.08242577924150203,0.1143594837936131,16.055555555555557,0.0,0.0,0.0,1.0,1.0,8.0,56.0,448.0,100.16666666666667,171,0.00215865,1.0
9076691527785929283,8,fixed_relational,validation,128,regime_change,ok,22,2816,2.080176188583865,3.303094441761184,8.863636363636363,0.22727272727272727,0.3181818181818182,0.22727272727272727,1.0,1.0,8.0,56.0,448.0,73.0,171,0.0012089,0.4454023589996643
9076691527785929283,8,persistence,validation,128,regime_change,ok,22,2816,1.0268998059826724,1.357385137325991,0.0,0.0,0.0,0.0,1.0,1.0,1.0,1.0,8.0,1.0,0,7.2000000000000005e-06,0.9022451617308201
9076691527785929283,8,raw_ar,validation,128,regime_change,ok,22,2816,0.9813625282309512,1.5704231052753912,0.0,0.0,0.0,0.0,1.0,1.0,56.0,56.0,448.0,56.0,57,0.00863875,0.9441112278867657
9076691527785929283,8,raw_matched,validation,128,regime_change,ok,22,2816,28126967.36367538,62373142.422776625,35.27272727272727,0.4090909090909091,0.36363636363636365,0.4090909090909091,1.0,1.0,56.0,56.0,448.0,56.0,171,0.00149585,3.294046491221567e-08
9076691527785929283,8,vectorchain_absolute,validation,128,regime_change,ok,22,2816,0.9265730319322641,1.3484151240259186,15.681818181818182,0.0,0.0,0.0,1.0,1.0,8.0,40.0,320.0,78.13636363636364,123,0.0021836,0.999937781048991
9076691527785929283,8,vectorchain_cartesian,validation,128,regime_change,ok,22,2816,0.9616825110516369,1.4240642862254063,15.863636363636363,0.0,0.0,0.0,1.0,1.0,8.0,24.0,192.0,78.13636363636364,75,0.0021996999999999997,0.9634316636547792
9076691527785929283,8,vectorchain_relational,validation,128,regime_change,ok,22,2816,0.9265153815301841,1.3483204145566776,15.681818181818182,0.0,0.0,0.0,1.0,1.0,8.0,56.0,448.0,78.13636363636364,171,0.002178,1.0
9076691527785929283,8,fixed_relational,validation,128,second_order_response,ok,14,1792,1.388890329553896,2.584728776114948,13.928571428571429,0.0,0.07142857142857142,0.07142857142857142,1.0,1.0,8.0,56.0,448.0,73.0,171,0.00214075,0.07505709949834197
9076691527785929283,8,persistence,validation,128,second_order_response,ok,14,1792,0.05940160239241652,0.08234497915157997,0.0,0.0,0.0,0.0,1.0,1.0,1.0,1.0,8.0,1.0,0,8.8e-06,1.7549371643031682
9076691527785929283,8,raw_ar,validation,128,second_order_response,ok,14,1792,0.05772039605578826,0.06365384706034585,0.0,0.0,0.0,0.0,1.0,1.0,56.0,56.0,448.0,56.0,57,0.0080828,1.8060527435892018
9076691527785929283,8,raw_matched,validation,128,second_order_response,ok,14,1792,415671.5977851568,665087.1564514823,18.928571428571427,0.07142857142857142,0.07142857142857142,0.07142857142857142,1.0,1.0,56.0,56.0,448.0,56.0,171,0.00150545,2.507895180066937e-07
9076691527785929283,8,vectorchain_absolute,validation,128,second_order_response,ok,14,1792,0.10423727269132625,0.11231125629318635,15.857142857142858,0.0,0.0,0.0,1.0,1.0,8.0,40.0,320.0,119.14285714285714,123,0.00213615,1.0000844896077774
9076691527785929283,8,vectorchain_cartesian,validation,128,second_order_response,ok,14,1792,0.11505294913623759,0.127027497831784,16.357142857142858,0.0,0.0,0.0,1.0,1.0,8.0,24.0,192.0,119.14285714285714,75,0.0022907,0.9060704696423807
9076691527785929283,8,vectorchain_relational,validation,128,second_order_response,ok,14,1792,0.10424607965761173,0.11230670457223442,15.857142857142858,0.0,0.0,0.0,1.0,1.0,8.0,56.0,448.0,119.14285714285714,171,0.0021503,1.0
9076691527785929283,8,fixed_relational,validation,128,sine,ok,13,1664,1.5782190204687023,2.556826453236802,11.461538461538462,0.3076923076923077,0.38461538461538464,0.3076923076923077,1.0,1.0,8.0,56.0,448.0,73.0,171,0.0013318,0.2192543398666449
9076691527785929283,8,persistence,validation,128,sine,ok,13,1664,0.447120355617108,0.715634010710303,0.0,0.0,0.0,0.0,1.0,1.0,1.0,1.0,8.0,1.0,0,8.4e-06,0.7739110178069651
9076691527785929283,8,raw_ar,validation,128,sine,ok,13,1664,0.2644197600429807,0.4845083916487511,0.0,0.0,0.0,0.0,1.0,1.0,56.0,56.0,448.0,56.0,57,0.0085266,1.308644140065787
9076691527785929283,8,raw_matched,validation,128,sine,ok,13,1664,115557.8376119073,224633.8949489005,33.0,0.3076923076923077,0.3076923076923077,0.3076923076923077,1.0,1.0,56.0,56.0,448.0,56.0,171,0.0017642,2.994443100086121e-06
9076691527785929283,8,vectorchain_absolute,validation,128,sine,ok,13,1664,0.3460612032312903,0.5793554218296465,14.846153846153847,0.0,0.0,0.0,1.0,1.0,8.0,40.0,320.0,126.76923076923077,123,0.0022237,0.9999137905862793
9076691527785929283,8,vectorchain_cartesian,validation,128,sine,ok,13,1664,0.350306519150886,0.5853491170369651,15.23076923076923,0.0,0.0,0.0,1.0,1.0,8.0,24.0,192.0,126.76923076923077,75,0.0022404,0.9877959746127466
9076691527785929283,8,vectorchain_relational,validation,128,sine,ok,13,1664,0.34603136949784824,0.5791472680250441,14.846153846153847,0.0,0.0,0.0,1.0,1.0,8.0,56.0,448.0,126.76923076923077,171,0.0021126,1.0
9076691527785929283,16,fixed_relational,test,16,chirp,ok,15,240,0.11016039789615031,0.13384938434041133,12.466666666666667,0.4,0.4666666666666667,0.4,1.0,1.0,16.0,112.0,896.0,145.0,339,0.0017663,1.1311613027427114
9076691527785929283,16,persistence,test,16,chirp,ok,15,240,0.14612006505837624,0.22178750862653096,0.0,0.0,0.0,0.0,1.0,1.0,1.0,1.0,8.0,1.0,0,6.2e-06,0.8527862285380341
9076691527785929283,16,raw_ar,test,16,chirp,ok,15,240,0.030572364930106826,0.049989817264400264,0.0,0.0,0.0,0.0,1.0,1.0,112.0,112.0,896.0,112.0,113,0.0096423,4.075876350414526
9076691527785929283,16,raw_matched,test,16,chirp,ok,15,240,0.7718039299152979,0.7844567014516287,63.13333333333333,0.8,0.7333333333333333,0.8,1.0,1.0,112.0,112.0,896.0,112.0,339,0.0065495,0.16145185890481298
9076691527785929283,16,vectorchain_absolute,test,16,chirp,ok,15,240,0.1246704134592521,0.1440708752346715,15.333333333333334,0.0,0.0,0.0,1.0,1.0,16.0,80.0,640.0,154.8,243,0.0024079,0.999508830822902
9076691527785929283,16,vectorchain_cartesian,test,16,chirp,ok,15,240,0.15817329276299663,0.17654579811859833,16.266666666666666,0.0,0.0,0.0,1.0,1.0,16.0,48.0,384.0,154.8,147,0.0026275,0.7878016384319475
9076691527785929283,16,vectorchain_relational,test,16,chirp,ok,15,240,0.12460917919486485,0.14404653964783548,15.333333333333334,0.0,0.0,0.0,1.0,1.0,16.0,112.0,896.0,154.8,339,0.0024281,1.0
9076691527785929283,16,fixed_relational,test,16,first_order_response,ok,14,224,0.030039374880265955,0.03598790222609638,15.428571428571429,0.14285714285714285,0.21428571428571427,0.2857142857142857,1.0,1.0,16.0,112.0,896.0,145.0,339,0.0024015,1.0128572296675895
9076691527785929283,16,persistence,test,16,first_order_response,ok,14,224,0.02028540616767108,0.016738739178193827,0.0,0.0,0.0,0.0,1.0,1.0,1.0,1.0,8.0,1.0,0,6.8e-06,1.4998762051243386
9076691527785929283,16,raw_ar,test,16,first_order_response,ok,14,224,0.015236455045028059,0.016880597842407703,0.0,0.0,0.0,0.0,1.0,1.0,112.0,112.0,896.0,112.0,113,0.00944375,1.9968948113098524
9076691527785929283,16,raw_matched,test,16,first_order_response,ok,14,224,0.03952738748686292,0.04776835886131792,22.285714285714285,0.2857142857142857,0.21428571428571427,0.42857142857142855,1.0,1.0,112.0,112.0,896.0,112.0,339,0.00170425,0.7697346057157057
9076691527785929283,16,vectorchain_absolute,test,16,first_order_response,ok,14,224,0.03045031009552888,0.030499852485609515,15.785714285714286,0.0,0.0,0.0,1.0,1.0,16.0,80.0,640.0,186.21428571428572,243,0.00234835,0.999188445921273
9076691527785929283,16,vectorchain_cartesian,test,16,first_order_response,ok,14,224,0.028367079853423554,0.03575148301414654,16.142857142857142,0.0,0.0,0.0,1.0,1.0,16.0,48.0,384.0,186.21428571428572,147,0.0024276999999999996,1.0725671510562749
9076691527785929283,16,vectorchain_relational,test,16,first_order_response,ok,14,224,0.030425598022172352,0.03048595910322261,15.785714285714286,0.0,0.0,0.0,1.0,1.0,16.0,112.0,896.0,186.21428571428572,339,0.0023739,1.0
9076691527785929283,16,fixed_relational,test,16,piecewise_linear,ok,12,192,0.02899748771855876,0.038456253769915454,20.333333333333332,0.5833333333333334,0.6666666666666666,0.5833333333333334,1.0,1.0,16.0,112.0,896.0,145.0,339,0.0034539,0.8246440355580017
9076691527785929283,16,persistence,test,16,piecewise_linear,ok,12,192,0.025050361623282603,0.02915115550766897,0.0,0.0,0.0,0.0,1.0,1.0,1.0,1.0,8.0,1.0,0,9.2e-06,0.9545812412963631
9076691527785929283,16,raw_ar,test,16,piecewise_linear,ok,12,192,0.01646025115852572,0.015905783819326048,0.0,0.0,0.0,0.0,1.0,1.0,112.0,112.0,896.0,112.0,113,0.010898149999999999,1.4527485068713646
9076691527785929283,16,raw_matched,test,16,piecewise_linear,ok,12,192,0.05481361424141823,0.07673079455402368,37.166666666666664,0.4166666666666667,0.4166666666666667,0.4166666666666667,1.0,1.0,112.0,112.0,896.0,112.0,339,0.00192385,0.43625302991254056
9076691527785929283,16,vectorchain_absolute,test,16,piecewise_linear,ok,12,192,0.023924569796323476,0.020835824272915957,13.666666666666666,0.0,0.0,0.0,1.0,1.0,16.0,80.0,640.0,261.5833333333333,243,0.00219875,0.9994999072857131
9076691527785929283,16,vectorchain_cartesian,test,16,piecewise_linear,ok,12,192,0.02047848124966046,0.016743344993997104,14.833333333333334,0.0,0.0,0.0,1.0,1.0,16.0,48.0,384.0,261.5833333333333,147,0.00235815,1.167694273894084
9076691527785929283,16,vectorchain_relational,test,16,piecewise_linear,ok,12,192,0.023912605293275886,0.020814082211204652,13.666666666666666,0.0,0.0,0.0,1.0,1.0,16.0,112.0,896.0,261.5833333333333,339,0.0021279000000000003,1.0
9076691527785929283,16,fixed_relational,test,16,ramp,ok,10,160,0.01846537481212946,0.01750359183417215,17.3,0.3,0.6,0.3,1.0,1.0,16.0,112.0,896.0,145.0,339,0.00263245,1.409215183215715
9076691527785929283,16,persistence,test,16,ramp,ok,10,160,0.015652373290910654,0.010165747159463934,0.0,0.0,0.0,0.0,1.0,1.0,1.0,1.0,8.0,1.0,0,7.9e-06,1.6624754639689483
9076691527785929283,16,raw_ar,test,16,ramp,ok,10,160,0.014347024386674128,0.013341700108455756,0.0,0.0,0.0,0.0,1.0,1.0,112.0,112.0,896.0,112.0,113,0.00948255,1.813734043220241
9076691527785929283,16,raw_matched,test,16,ramp,ok,10,160,0.05526336230385842,0.07550261600097562,27.9,0.2,0.3,0.2,1.0,1.0,112.0,112.0,896.0,112.0,339,0.0014873,0.470866872086881
9076691527785929283,16,vectorchain_absolute,test,16,ramp,ok,10,160,0.02604804695087782,0.024832309018408494,15.5,0.0,0.0,0.0,1.0,1.0,16.0,80.0,640.0,211.8,243,0.00235945,0.9989880085095951
9076691527785929283,16,vectorchain_cartesian,test,16,ramp,ok,10,160,0.021184137771208623,0.02340622968199414,15.9,0.0,0.0,0.0,1.0,1.0,16.0,48.0,384.0,211.8,147,0.0024363500000000003,1.2283571240925348
9076691527785929283,16,vectorchain_relational,test,16,ramp,ok,10,160,0.026021686549021865,0.024803235917611476,15.5,0.0,0.0,0.0,1.0,1.0,16.0,112.0,896.0,211.8,339,0.00236005,1.0
9076691527785929283,16,fixed_relational,test,16,regime_change,ok,13,208,0.11542750656401718,0.1383541770525389,11.923076923076923,0.46153846153846156,0.5384615384615384,0.5384615384615384,1.0,1.0,16.0,112.0,896.0,145.0,339,0.001993,1.6002371226188497
9076691527785929283,16,persistence,test,16,regime_change,ok,13,208,0.16283755730294736,0.23403774017010973,0.0,0.0,0.0,0.0,1.0,1.0,1.0,1.0,8.0,1.0,0,8.3e-06,1.1343291070832586
9076691527785929283,16,raw_ar,test,16,regime_change,ok,13,208,0.04090588209135427,0.06295744804122418,0.0,0.0,0.0,0.0,1.0,1.0,112.0,112.0,896.0,112.0,113,0.0099004,4.51552127790715
9076691527785929283,16,raw_matched,test,16,regime_change,ok,13,208,0.8123835788211986,1.1593560386909396,71.38461538461539,0.7692307692307693,0.8461538461538461,0.7692307692307693,1.0,1.0,112.0,112.0,896.0,112.0,339,0.0109616,0.22736966353147475
9076691527785929283,16,vectorchain_absolute,test,16,regime_change,ok,13,208,0.1848029235460764,0.19329202459408215,13.538461538461538,0.0,0.0,0.07692307692307693,1.0,1.0,16.0,80.0,640.0,168.76923076923077,243,0.0021456,0.99950464760379
9076691527785929283,16,vectorchain_cartesian,test,16,regime_change,ok,13,208,0.1701542806004331,0.20017021595939896,15.23076923076923,0.0,0.0,0.0,1.0,1.0,16.0,48.0,384.0,168.76923076923077,147,0.0025392,1.0855523606180792
9076691527785929283,16,vectorchain_relational,test,16,regime_change,ok,13,208,0.18471138097507123,0.19321982986970057,13.538461538461538,0.0,0.0,0.07692307692307693,1.0,1.0,16.0,112.0,896.0,168.76923076923077,339,0.0021555,1.0
9076691527785929283,16,fixed_relational,test,16,second_order_response,ok,17,272,0.02772746804122179,0.033372747393373516,18.235294117647058,0.5294117647058824,0.5882352941176471,0.5882352941176471,1.0,1.0,16.0,112.0,896.0,145.0,339,0.0028562,1.1184309304795101
9076691527785929283,16,persistence,test,16,second_order_response,ok,17,272,0.02061568754059048,0.01774641461426299,0.0,0.0,0.0,0.0,1.0,1.0,1.0,1.0,8.0,1.0,0,6.2e-06,1.5042553308069946
9076691527785929283,16,raw_ar,test,16,second_order_response,ok,17,272,0.014719536176551326,0.017385713298587513,0.0,0.0,0.0,0.0,1.0,1.0,112.0,112.0,896.0,112.0,113,0.0094894,2.106809447609257
9076691527785929283,16,raw_matched,test,16,second_order_response,ok,17,272,0.05967398903117417,0.0762604659915047,32.76470588235294,0.29411764705882354,0.29411764705882354,0.35294117647058826,1.0,1.0,112.0,112.0,896.0,112.0,339,0.0015125,0.519677976697419
9076691527785929283,16,vectorchain_absolute,test,16,second_order_response,ok,17,272,0.030990420614459134,0.037092305854291324,17.0,0.0,0.0,0.0,1.0,1.0,16.0,80.0,640.0,151.88235294117646,243,0.0025476,1.0006723776674304
9076691527785929283,16,vectorchain_cartesian,test,16,second_order_response,ok,17,272,0.02602678574959618,0.02768902180689511,17.235294117647058,0.0,0.0,0.0,1.0,1.0,16.0,48.0,384.0,151.88235294117646,147,0.0026199,1.191513165687996
9076691527785929283,16,vectorchain_relational,test,16,second_order_response,ok,17,272,0.03101125788118457,0.03718228542801201,17.058823529411764,0.0,0.0,0.0,1.0,1.0,16.0,112.0,896.0,151.88235294117646,339,0.0026071,1.0
9076691527785929283,16,fixed_relational,test,16,sine,ok,11,176,0.045448271642044236,0.061523258527677684,13.909090909090908,0.45454545454545453,0.7272727272727273,0.45454545454545453,1.0,1.0,16.0,112.0,896.0,145.0,339,0.0021462,1.6117229533033506
9076691527785929283,16,persistence,test,16,sine,ok,11,176,0.06918272589863814,0.09637782967595955,0.0,0.0,0.0,0.0,1.0,1.0,1.0,1.0,8.0,1.0,0,7.1e-06,1.0587906394548467
9076691527785929283,16,raw_ar,test,16,sine,ok,11,176,0.019384114073528403,0.022190327264683743,0.0,0.0,0.0,0.0,1.0,1.0,112.0,112.0,896.0,112.0,113,0.0096137,3.7788687332108277
9076691527785929283,16,raw_matched,test,16,sine,ok,11,176,0.07044922493347498,0.10480857656580024,82.54545454545455,0.9090909090909091,0.9090909090909091,0.9090909090909091,1.0,1.0,112.0,112.0,896.0,112.0,339,0.011096,1.0397562593856533
9076691527785929283,16,vectorchain_absolute,test,16,sine,ok,11,176,0.07326833268503037,0.08235120827853772,14.545454545454545,0.0,0.0,0.0,1.0,1.0,16.0,80.0,640.0,236.27272727272728,243,0.0021754,0.9997500954244363
9076691527785929283,16,vectorchain_cartesian,test,16,sine,ok,11,176,0.06661543407171336,0.07705896344571876,15.181818181818182,0.0,0.0,0.0,1.0,1.0,16.0,48.0,384.0,236.27272727272728,147,0.0023348,1.0995953657615258
9076691527785929283,16,vectorchain_relational,test,16,sine,ok,11,176,0.07325002259344846,0.08231935444104267,14.545454545454545,0.0,0.0,0.0,1.0,1.0,16.0,112.0,896.0,236.27272727272728,339,0.002198,1.0
9076691527785929283,16,fixed_relational,test,64,chirp,ok,15,960,0.733620401667904,0.9329779570158141,12.466666666666667,0.4,0.4666666666666667,0.4,1.0,1.0,16.0,112.0,896.0,145.0,339,0.0017663,0.47101241725064413
9076691527785929283,16,persistence,test,64,chirp,ok,15,960,0.5381042530632378,0.7802424644159107,0.0,0.0,0.0,0.0,1.0,1.0,1.0,1.0,8.0,1.0,0,6.2e-06,0.6421512499983524
9076691527785929283,16,raw_ar,test,64,chirp,ok,15,960,0.19948188374425627,0.36046247698567885,0.0,0.0,0.0,0.0,1.0,1.0,112.0,112.0,896.0,112.0,113,0.0096423,1.7322090219329869
9076691527785929283,16,raw_matched,test,64,chirp,ok,15,960,3276.302496596388,5814.24644739552,63.13333333333333,0.8,0.7333333333333333,0.8,1.0,1.0,112.0,112.0,896.0,112.0,339,0.0065495,0.00010546777017475013
9076691527785929283,16,vectorchain_absolute,test,64,chirp,ok,15,960,0.34563995593948293,0.5078340690084524,15.333333333333334,0.0,0.0,0.0,1.0,1.0,16.0,80.0,640.0,154.8,243,0.0024079,0.999723303964569
9076691527785929283,16,vectorchain_cartesian,test,64,chirp,ok,15,960,0.3869921120527977,0.5510885405190606,16.266666666666666,0.0,0.0,0.0,1.0,1.0,16.0,48.0,384.0,154.8,147,0.0026275,0.8928975758731873
9076691527785929283,16,vectorchain_relational,test,64,chirp,ok,15,960,0.34554431873398794,0.5077390609491416,15.333333333333334,0.0,0.0,0.0,1.0,1.0,16.0,112.0,896.0,154.8,339,0.0024281,1.0
9076691527785929283,16,fixed_relational,test,64,first_order_response,ok,14,896,0.48495953769224165,0.6211190117221541,15.428571428571429,0.14285714285714285,0.21428571428571427,0.2857142857142857,1.0,1.0,16.0,112.0,896.0,145.0,339,0.0024015,0.12509791945912108
9076691527785929283,16,persistence,test,64,first_order_response,ok,14,896,0.019992783756554788,0.01914130682560123,0.0,0.0,0.0,0.0,1.0,1.0,1.0,1.0,8.0,1.0,0,6.8e-06,3.034466331746641
9076691527785929283,16,raw_ar,test,64,first_order_response,ok,14,896,0.028344560346896214,0.03722014225328496,0.0,0.0,0.0,0.0,1.0,1.0,112.0,112.0,896.0,112.0,113,0.00944375,2.140355272569957
9076691527785929283,16,raw_matched,test,64,first_order_response,ok,14,896,0.6101960877583481,1.0357511479404848,22.285714285714285,0.2857142857142857,0.21428571428571427,0.42857142857142855,1.0,1.0,112.0,112.0,896.0,112.0,339,0.00170425,0.09942284194254347
9076691527785929283,16,vectorchain_absolute,test,64,first_order_response,ok,14,896,0.06070590024626403,0.07333600424913632,15.785714285714286,0.0,0.0,0.0,1.0,1.0,16.0,80.0,640.0,186.21428571428572,243,0.00234835,0.9993662714999476
9076691527785929283,16,vectorchain_cartesian,test,64,first_order_response,ok,14,896,0.07084797783297199,0.0957832616267165,16.142857142857142,0.0,0.0,0.0,1.0,1.0,16.0,48.0,384.0,186.21428571428572,147,0.0024276999999999996,0.8563043158434732
9076691527785929283,16,vectorchain_relational,test,64,first_order_response,ok,14,896,0.06066742918715663,0.07328442664146162,15.785714285714286,0.0,0.0,0.0,1.0,1.0,16.0,112.0,896.0,186.21428571428572,339,0.0023739,1.0
9076691527785929283,16,fixed_relational,test,64,piecewise_linear,ok,12,768,0.4022806017461092,0.7849558918746137,20.333333333333332,0.5833333333333334,0.6666666666666666,0.5833333333333334,1.0,1.0,16.0,112.0,896.0,145.0,339,0.0034539,0.15326681864958078
9076691527785929283,16,persistence,test,64,piecewise_linear,ok,12,768,0.05662635075093678,0.08898209592952111,0.0,0.0,0.0,0.0,1.0,1.0,1.0,1.0,8.0,1.0,0,9.2e-06,1.088826442396964
9076691527785929283,16,raw_ar,test,64,piecewise_linear,ok,12,768,0.04150804235107985,0.06308152543638816,0.0,0.0,0.0,0.0,1.0,1.0,112.0,112.0,896.0,112.0,113,0.010898149999999999,1.4854053465728223
9076691527785929283,16,raw_matched,test,64,piecewise_linear,ok,12,768,19.625184024510656,36.85559286280776,37.166666666666664,0.4166666666666667,0.4166666666666667,0.4166666666666667,1.0,1.0,112.0,112.0,896.0,112.0,339,0.00192385,0.0031416912043759813
9076691527785929283,16,vectorchain_absolute,test,64,piecewise_linear,ok,12,768,0.061675437636808036,0.09480001056349323,13.666666666666666,0.0,0.0,0.0,1.0,1.0,16.0,80.0,640.0,261.5833333333333,243,0.00219875,0.9996891857848537
9076691527785929283,16,vectorchain_cartesian,test,64,piecewise_linear,ok,12,768,0.05602273661362267,0.06881341678933682,14.833333333333334,0.0,0.0,0.0,1.0,1.0,16.0,48.0,384.0,261.5833333333333,147,0.00235815,1.1005579477363947
9076691527785929283,16,vectorchain_relational,test,64,piecewise_linear,ok,12,768,0.06165626803406515,0.09479503534163099,13.666666666666666,0.0,0.0,0.0,1.0,1.0,16.0,112.0,896.0,261.5833333333333,339,0.0021279000000000003,1.0
9076691527785929283,16,fixed_relational,test,64,ramp,ok,10,640,0.12881114399818872,0.2701577186117245,17.3,0.3,0.6,0.3,1.0,1.0,16.0,112.0,896.0,145.0,339,0.00263245,0.33531609143780283
9076691527785929283,16,persistence,test,64,ramp,ok,10,640,0.020510418294893706,0.024770166923167337,0.0,0.0,0.0,0.0,1.0,1.0,1.0,1.0,8.0,1.0,0,7.9e-06,2.105878520764146
9076691527785929283,16,raw_ar,test,64,ramp,ok,10,640,0.02715097086774807,0.03149685700324386,0.0,0.0,0.0,0.0,1.0,1.0,112.0,112.0,896.0,112.0,113,0.00948255,1.5908252249797747
9076691527785929283,16,raw_matched,test,64,ramp,ok,10,640,140.00149323625075,198.54111040420486,27.9,0.2,0.3,0.2,1.0,1.0,112.0,112.0,896.0,112.0,339,0.0014873,0.00030851420467507384
9076691527785929283,16,vectorchain_absolute,test,64,ramp,ok,10,640,0.04322360852443418,0.050059237751285325,15.5,0.0,0.0,0.0,1.0,1.0,16.0,80.0,640.0,211.8,243,0.00235945,0.9992791165200394
9076691527785929283,16,vectorchain_cartesian,test,64,ramp,ok,10,640,0.047931663367823715,0.0674845420787772,15.9,0.0,0.0,0.0,1.0,1.0,16.0,48.0,384.0,211.8,147,0.0024363500000000003,0.9011256089247157
9076691527785929283,16,vectorchain_relational,test,64,ramp,ok,10,640,0.043192449339104634,0.050036887936569144,15.5,0.0,0.0,0.0,1.0,1.0,16.0,112.0,896.0,211.8,339,0.00236005,1.0
9076691527785929283,16,fixed_relational,test,64,regime_change,ok,13,832,0.5980770119500947,0.8646526039093831,11.923076923076923,0.46153846153846156,0.5384615384615384,0.5384615384615384,1.0,1.0,16.0,112.0,896.0,145.0,339,0.001993,0.7840626464448166
9076691527785929283,16,persistence,test,64,regime_change,ok,13,832,0.6140981302628151,0.9168734673407286,0.0,0.0,0.0,0.0,1.0,1.0,1.0,1.0,8.0,1.0,0,8.3e-06,0.7636073481720451
9076691527785929283,16,raw_ar,test,64,regime_change,ok,13,832,0.28228563784079425,0.5175015470047818,0.0,0.0,0.0,0.0,1.0,1.0,112.0,112.0,896.0,112.0,113,0.0099004,1.6611891712034967
9076691527785929283,16,raw_matched,test,64,regime_change,ok,13,832,3449.827328077019,8568.206363942772,71.38461538461539,0.7692307692307693,0.8461538461538461,0.7692307692307693,1.0,1.0,112.0,112.0,896.0,112.0,339,0.0109616,0.00013592849733403537
9076691527785929283,16,vectorchain_absolute,test,64,regime_change,ok,13,832,0.46899738884309816,0.669777714575842,13.538461538461538,0.0,0.0,0.07692307692307693,1.0,1.0,16.0,80.0,640.0,168.76923076923077,243,0.0021456,0.999855981979206
9076691527785929283,16,vectorchain_cartesian,test,64,regime_change,ok,13,832,0.505172078285689,0.6443453320585218,15.23076923076923,0.0,0.0,0.0,1.0,1.0,16.0,48.0,384.0,168.76923076923077,147,0.0025392,0.9282576470946726
9076691527785929283,16,vectorchain_relational,test,64,regime_change,ok,13,832,0.4689298447673994,0.6697163578244534,13.538461538461538,0.0,0.0,0.07692307692307693,1.0,1.0,16.0,112.0,896.0,168.76923076923077,339,0.0021555,1.0
9076691527785929283,16,fixed_relational,test,64,second_order_response,ok,17,1088,0.4258188233292691,0.6654386291919168,18.235294117647058,0.5294117647058824,0.5882352941176471,0.5882352941176471,1.0,1.0,16.0,112.0,896.0,145.0,339,0.0028562,0.18502891689840753
9076691527785929283,16,persistence,test,64,second_order_response,ok,17,1088,0.0266554493736124,0.02876915323917179,0.0,0.0,0.0,0.0,1.0,1.0,1.0,1.0,8.0,1.0,0,6.2e-06,2.955823200398418
9076691527785929283,16,raw_ar,test,64,second_order_response,ok,17,1088,0.03258161390555718,0.040739664199282793,0.0,0.0,0.0,0.0,1.0,1.0,112.0,112.0,896.0,112.0,113,0.0094894,2.4181980642196073
9076691527785929283,16,raw_matched,test,64,second_order_response,ok,17,1088,151.20024257939582,225.92045804362266,32.76470588235294,0.29411764705882354,0.29411764705882354,0.35294117647058826,1.0,1.0,112.0,112.0,896.0,112.0,339,0.0015125,0.0005210890824741681
9076691527785929283,16,vectorchain_absolute,test,64,second_order_response,ok,17,1088,0.0785618099692394,0.1109670709522198,17.0,0.0,0.0,0.0,1.0,1.0,16.0,80.0,640.0,151.88235294117646,243,0.0025476,1.002889262689066
9076691527785929283,16,vectorchain_cartesian,test,64,second_order_response,ok,17,1088,0.06668062906613814,0.0965003160387846,17.235294117647058,0.0,0.0,0.0,1.0,1.0,16.0,48.0,384.0,151.88235294117646,147,0.0026199,1.1815844688180912
9076691527785929283,16,vectorchain_relational,test,64,second_order_response,ok,17,1088,0.07878879567556901,0.11137588507458218,17.058823529411764,0.0,0.0,0.0,1.0,1.0,16.0,112.0,896.0,151.88235294117646,339,0.0026071,1.0
9076691527785929283,16,fixed_relational,test,64,sine,ok,11,704,1.2140427689324738,1.4680241835663232,13.909090909090908,0.45454545454545453,0.7272727272727273,0.45454545454545453,1.0,1.0,16.0,112.0,896.0,145.0,339,0.0021462,0.1422046787932835
9076691527785929283,16,persistence,test,64,sine,ok,11,704,0.2388742660197323,0.3653781963193761,0.0,0.0,0.0,0.0,1.0,1.0,1.0,1.0,8.0,1.0,0,7.1e-06,0.7227340344107629
9076691527785929283,16,raw_ar,test,64,sine,ok,11,704,0.07825764760609848,0.13850155754340535,0.0,0.0,0.0,0.0,1.0,1.0,112.0,112.0,896.0,112.0,113,0.0096137,2.206079115313162
9076691527785929283,16,raw_matched,test,64,sine,ok,11,704,392.56742739215036,814.6411339974675,82.54545454545455,0.9090909090909091,0.9090909090909091,0.9090909090909091,1.0,1.0,112.0,112.0,896.0,112.0,339,0.011096,0.00043977811186278525
9076691527785929283,16,vectorchain_absolute,test,64,sine,ok,11,704,0.1726796639051417,0.20889543634115074,14.545454545454545,0.0,0.0,0.0,1.0,1.0,16.0,80.0,640.0,236.27272727272728,243,0.0021754,0.9997851402594161
9076691527785929283,16,vectorchain_cartesian,test,64,sine,ok,11,704,0.15401984738496574,0.21152556574365142,15.181818181818182,0.0,0.0,0.0,1.0,1.0,16.0,48.0,384.0,236.27272727272728,147,0.0023348,1.1209111353411392
9076691527785929283,16,vectorchain_relational,test,64,sine,ok,11,704,0.17264256199735092,0.20888743116429656,14.545454545454545,0.0,0.0,0.0,1.0,1.0,16.0,112.0,896.0,236.27272727272728,339,0.002198,1.0
9076691527785929283,16,fixed_relational,test,128,chirp,ok,15,1920,2.1761115712432613,2.7285069673964983,12.466666666666667,0.4,0.4666666666666667,0.4,1.0,1.0,16.0,112.0,896.0,145.0,339,0.0017663,0.26795108219406516
9076691527785929283,16,persistence,test,128,chirp,ok,15,1920,0.9131987982091312,1.2113305041634217,0.0,0.0,0.0,0.0,1.0,1.0,1.0,1.0,8.0,1.0,0,6.2e-06,0.6385153502535884
9076691527785929283,16,raw_ar,test,128,chirp,ok,15,1920,0.6006736427781676,1.0841020313707455,0.0,0.0,0.0,0.0,1.0,1.0,112.0,112.0,896.0,112.0,113,0.0096423,0.9707292096134116
9076691527785929283,16,raw_matched,test,128,chirp,ok,15,1920,328408465.6905053,824147929.74601,63.13333333333333,0.8,0.7333333333333333,0.8,1.0,1.0,112.0,112.0,896.0,112.0,339,0.0065495,1.775506758827494e-09
9076691527785929283,16,vectorchain_absolute,test,128,chirp,ok,15,1920,0.5831855676193335,0.7752285264247071,15.333333333333334,0.0,0.0,0.0,1.0,1.0,16.0,80.0,640.0,154.8,243,0.0024079,0.9998386154683863
9076691527785929283,16,vectorchain_cartesian,test,128,chirp,ok,15,1920,0.6182858442604924,0.7535479264399508,16.266666666666666,0.0,0.0,0.0,1.0,1.0,16.0,48.0,384.0,154.8,147,0.0026275,0.9430774712092469
9076691527785929283,16,vectorchain_relational,test,128,chirp,ok,15,1920,0.5830914504896594,0.7751780612675664,15.333333333333334,0.0,0.0,0.0,1.0,1.0,16.0,112.0,896.0,154.8,339,0.0024281,1.0
9076691527785929283,16,fixed_relational,test,128,first_order_response,ok,14,1792,2.286953751094078,3.339024385519234,15.428571428571429,0.14285714285714285,0.21428571428571427,0.2857142857142857,1.0,1.0,16.0,112.0,896.0,145.0,339,0.0024015,0.049633617545597176
9076691527785929283,16,persistence,test,128,first_order_response,ok,14,1792,0.019979367189765285,0.019909321228857548,0.0,0.0,0.0,0.0,1.0,1.0,1.0,1.0,8.0,1.0,0,6.8e-06,5.681350502653523
9076691527785929283,16,raw_ar,test,128,first_order_response,ok,14,1792,0.046172664285618496,0.05826696300510766,0.0,0.0,0.0,0.0,1.0,1.0,112.0,112.0,896.0,112.0,113,0.00944375,2.458376391800017
9076691527785929283,16,raw_matched,test,128,first_order_response,ok,14,1792,58249.23020948411,103730.25587738135,22.285714285714285,0.2857142857142857,0.21428571428571427,0.42857142857142855,1.0,1.0,112.0,112.0,896.0,112.0,339,0.00170425,1.948691637950448e-06
9076691527785929283,16,vectorchain_absolute,test,128,first_order_response,ok,14,1792,0.11354163481856537,0.18631592629527308,15.785714285714286,0.0,0.0,0.0,1.0,1.0,16.0,80.0,640.0,186.21428571428572,243,0.00234835,0.9997195126497522
9076691527785929283,16,vectorchain_cartesian,test,128,first_order_response,ok,14,1792,0.1369897374532193,0.21399928053013323,16.142857142857142,0.0,0.0,0.0,1.0,1.0,16.0,48.0,384.0,186.21428571428572,147,0.0024276999999999996,0.8286006670027734
9076691527785929283,16,vectorchain_relational,test,128,first_order_response,ok,14,1792,0.11350978782627232,0.18630316857400278,15.785714285714286,0.0,0.0,0.0,1.0,1.0,16.0,112.0,896.0,186.21428571428572,339,0.0023739,1.0
9076691527785929283,16,fixed_relational,test,128,piecewise_linear,ok,12,1536,2.029979055730402,3.0386744158725114,20.333333333333332,0.5833333333333334,0.6666666666666666,0.5833333333333334,1.0,1.0,16.0,112.0,896.0,145.0,339,0.0034539,0.0721682282719013
9076691527785929283,16,persistence,test,128,piecewise_linear,ok,12,1536,0.1032100116574554,0.17383429519109864,0.0,0.0,0.0,0.0,1.0,1.0,1.0,1.0,8.0,1.0,0,9.2e-06,1.4194358621656822
9076691527785929283,16,raw_ar,test,128,piecewise_linear,ok,12,1536,0.09419658814166232,0.16398828114971703,0.0,0.0,0.0,0.0,1.0,1.0,112.0,112.0,896.0,112.0,113,0.010898149999999999,1.555257942684812
9076691527785929283,16,raw_matched,test,128,piecewise_linear,ok,12,1536,1961379.748676956,5170402.331985208,37.166666666666664,0.4166666666666667,0.4166666666666667,0.4166666666666667,1.0,1.0,112.0,112.0,896.0,112.0,339,0.00192385,7.469231390808003e-08
9076691527785929283,16,vectorchain_absolute,test,128,piecewise_linear,ok,12,1536,0.14651045156814935,0.2633782143308047,13.666666666666666,0.0,0.0,0.0,1.0,1.0,16.0,80.0,640.0,261.5833333333333,243,0.00219875,0.9999286079122199
9076691527785929283,16,vectorchain_cartesian,test,128,piecewise_linear,ok,12,1536,0.10378428193321321,0.14233822350309552,14.833333333333334,0.0,0.0,0.0,1.0,1.0,16.0,48.0,384.0,261.5833333333333,147,0.00235815,1.411581688019052
9076691527785929283,16,vectorchain_relational,test,128,piecewise_linear,ok,12,1536,0.1464999918811303,0.26338133204639624,13.666666666666666,0.0,0.0,0.0,1.0,1.0,16.0,112.0,896.0,261.5833333333333,339,0.0021279000000000003,1.0
9076691527785929283,16,fixed_relational,test,128,ramp,ok,10,1280,2.1931269015530566,4.688436540956467,17.3,0.3,0.6,0.3,1.0,1.0,16.0,112.0,896.0,145.0,339,0.00263245,0.03638089318332564
9076691527785929283,16,persistence,test,128,ramp,ok,10,1280,0.034940756486812136,0.058883595093784935,0.0,0.0,0.0,0.0,1.0,1.0,1.0,1.0,8.0,1.0,0,7.9e-06,2.2835199796831653
9076691527785929283,16,raw_ar,test,128,ramp,ok,10,1280,0.0443787128155334,0.05627449651730785,0.0,0.0,0.0,0.0,1.0,1.0,112.0,112.0,896.0,112.0,113,0.00948255,1.797887105796191
9076691527785929283,16,raw_matched,test,128,ramp,ok,10,1280,14035323.066829765,28114911.911591716,27.9,0.2,0.3,0.2,1.0,1.0,112.0,112.0,896.0,112.0,339,0.0014873,5.6847936569016796e-09
9076691527785929283,16,vectorchain_absolute,test,128,ramp,ok,10,1280,0.07981168950094304,0.13581406467665375,15.5,0.0,0.0,0.0,1.0,1.0,16.0,80.0,640.0,211.8,243,0.00235945,0.9997021243603283
9076691527785929283,16,vectorchain_cartesian,test,128,ramp,ok,10,1280,0.11916329518953567,0.2100224818147572,15.9,0.0,0.0,0.0,1.0,1.0,16.0,48.0,384.0,211.8,147,0.0024363500000000003,0.6695678851107019
9076691527785929283,16,vectorchain_relational,test,128,ramp,ok,10,1280,0.07978791554287967,0.13583458127194475,15.5,0.0,0.0,0.0,1.0,1.0,16.0,112.0,896.0,211.8,339,0.00236005,1.0
9076691527785929283,16,fixed_relational,test,128,regime_change,ok,13,1664,3.2048769324459787,4.2751733334511846,11.923076923076923,0.46153846153846156,0.5384615384615384,0.5384615384615384,1.0,1.0,16.0,112.0,896.0,145.0,339,0.001993,0.28527342287731383
9076691527785929283,16,persistence,test,128,regime_change,ok,13,1664,1.031498667113919,1.3126170771346548,0.0,0.0,0.0,0.0,1.0,1.0,1.0,1.0,8.0,1.0,0,8.3e-06,0.8863474491707105
9076691527785929283,16,raw_ar,test,128,regime_change,ok,13,1664,0.7871998401375394,1.3104124689883534,0.0,0.0,0.0,0.0,1.0,1.0,112.0,112.0,896.0,112.0,113,0.0099004,1.1614156479753217
9076691527785929283,16,raw_matched,test,128,regime_change,ok,13,1664,345802706.65932566,1214518170.3655572,71.38461538461539,0.7692307692307693,0.8461538461538461,0.7692307692307693,1.0,1.0,112.0,112.0,896.0,112.0,339,0.0109616,2.6438954780076876e-09
9076691527785929283,16,vectorchain_absolute,test,128,regime_change,ok,13,1664,0.9142878350350413,1.300368460638221,13.538461538461538,0.0,0.0,0.07692307692307693,1.0,1.0,16.0,80.0,640.0,168.76923076923077,243,0.0021456,0.9999763503190103
9076691527785929283,16,vectorchain_cartesian,test,128,regime_change,ok,13,1664,0.9147247890731893,1.3366203465639304,15.23076923076923,0.0,0.0,0.0,1.0,1.0,16.0,48.0,384.0,168.76923076923077,147,0.0025392,0.9994986725414493
9076691527785929283,16,vectorchain_relational,test,128,regime_change,ok,13,1664,0.91426621241941,1.30037579129768,13.538461538461538,0.0,0.0,0.07692307692307693,1.0,1.0,16.0,112.0,896.0,168.76923076923077,339,0.0021555,1.0
9076691527785929283,16,fixed_relational,test,128,second_order_response,ok,17,2176,1.7916867085673196,3.0688953228109757,18.235294117647058,0.5294117647058824,0.5882352941176471,0.5882352941176471,1.0,1.0,16.0,112.0,896.0,145.0,339,0.0028562,0.09856423164414939
9076691527785929283,16,persistence,test,128,second_order_response,ok,17,2176,0.03970025575934636,0.05638044190519396,0.0,0.0,0.0,0.0,1.0,1.0,1.0,1.0,8.0,1.0,0,6.2e-06,4.4482389445412585
9076691527785929283,16,raw_ar,test,128,second_order_response,ok,17,2176,0.0568789101033339,0.07587282532038273,0.0,0.0,0.0,0.0,1.0,1.0,112.0,112.0,896.0,112.0,113,0.0094894,3.1047750995253662
9076691527785929283,16,raw_matched,test,128,second_order_response,ok,17,2176,15154849.509304214,31978121.13723747,32.76470588235294,0.29411764705882354,0.29411764705882354,0.35294117647058826,1.0,1.0,112.0,112.0,896.0,112.0,339,0.0015125,1.1652786368386757e-08
9076691527785929283,16,vectorchain_absolute,test,128,second_order_response,ok,17,2176,0.1762626693553052,0.24715842269177699,17.0,0.0,0.0,0.0,1.0,1.0,16.0,80.0,640.0,151.88235294117646,243,0.0025476,1.001892371327903
9076691527785929283,16,vectorchain_cartesian,test,128,second_order_response,ok,17,2176,0.14918311889659436,0.25521990391686866,17.235294117647058,0.0,0.0,0.0,1.0,1.0,16.0,48.0,384.0,151.88235294117646,147,0.0026199,1.1837547376883828
9076691527785929283,16,vectorchain_relational,test,128,second_order_response,ok,17,2176,0.17659622377697287,0.2474765612787199,17.058823529411764,0.0,0.0,0.0,1.0,1.0,16.0,112.0,896.0,151.88235294117646,339,0.0026071,1.0
9076691527785929283,16,fixed_relational,test,128,sine,ok,11,1408,4.609078550117668,4.572571452657665,13.909090909090908,0.45454545454545453,0.7272727272727273,0.45454545454545453,1.0,1.0,16.0,112.0,896.0,145.0,339,0.0021462,0.068055009991611
9076691527785929283,16,persistence,test,128,sine,ok,11,1408,0.445985953345786,0.6548766233212632,0.0,0.0,0.0,0.0,1.0,1.0,1.0,1.0,8.0,1.0,0,7.1e-06,0.7033201033064367
9076691527785929283,16,raw_ar,test,128,sine,ok,11,1408,0.22904580503892602,0.40334770445709933,0.0,0.0,0.0,0.0,1.0,1.0,112.0,112.0,896.0,112.0,113,0.0096137,1.3694679399479501
9076691527785929283,16,raw_matched,test,128,sine,ok,11,1408,39354945.30083359,115467135.15679793,82.54545454545455,0.9090909090909091,0.9090909090909091,0.9090909090909091,1.0,1.0,112.0,112.0,896.0,112.0,339,0.011096,7.97030422435205e-09
9076691527785929283,16,vectorchain_absolute,test,128,sine,ok,11,1408,0.3137123596669421,0.5058250868887625,14.545454545454545,0.0,0.0,0.0,1.0,1.0,16.0,80.0,640.0,236.27272727272728,243,0.0021754,0.9998677996410206
9076691527785929283,16,vectorchain_cartesian,test,128,sine,ok,11,1408,0.3191113735556284,0.5530680854934339,15.181818181818182,0.0,0.0,0.0,1.0,1.0,16.0,48.0,384.0,236.27272727272728,147,0.0023348,0.9829511348510361
9076691527785929283,16,vectorchain_relational,test,128,sine,ok,11,1408,0.31367088678037786,0.5057939569670745,14.545454545454545,0.0,0.0,0.0,1.0,1.0,16.0,112.0,896.0,236.27272727272728,339,0.002198,1.0
9076691527785929283,16,fixed_relational,validation,16,chirp,ok,23,368,0.09728619702918304,0.11172335309181296,11.26086956521739,0.34782608695652173,0.5217391304347826,0.34782608695652173,1.0,1.0,16.0,112.0,896.0,145.0,339,0.0015264,1.045106930595801
9076691527785929283,16,persistence,validation,16,chirp,ok,23,368,0.12765155770177822,0.18654248900604434,0.0,0.0,0.0,0.0,1.0,1.0,1.0,1.0,8.0,1.0,0,5e-06,0.7965001022865815
9076691527785929283,16,raw_ar,validation,16,chirp,ok,23,368,0.023692177553012304,0.0316778458669675,0.0,0.0,0.0,0.0,1.0,1.0,112.0,112.0,896.0,112.0,113,0.0077833,4.29147884524361
9076691527785929283,16,raw_matched,validation,16,chirp,ok,23,368,0.5350316468748412,0.572916231181082,56.869565217391305,0.6086956521739131,0.6086956521739131,0.6521739130434783,1.0,1.0,112.0,112.0,896.0,112.0,339,0.0063145,0.19003451358512313
9076691527785929283,16,vectorchain_absolute,validation,16,chirp,ok,23,368,0.10170916885819045,0.12028600500729054,15.08695652173913,0.0,0.0,0.0,1.0,1.0,16.0,80.0,640.0,152.3913043478261,243,0.0020873,0.9996589285698421
9076691527785929283,16,vectorchain_cartesian,validation,16,chirp,ok,23,368,0.09899836572626601,0.12197037713643165,16.347826086956523,0.0,0.0,0.0,1.0,1.0,16.0,48.0,384.0,152.3913043478261,147,0.0023446,1.0270318910883978
9076691527785929283,16,vectorchain_relational,validation,16,chirp,ok,23,368,0.10167447876650781,0.12025278399069854,15.08695652173913,0.0,0.0,0.0,1.0,1.0,16.0,112.0,896.0,152.3913043478261,339,0.0021677,1.0
9076691527785929283,16,fixed_relational,validation,16,first_order_response,ok,17,272,0.021026406520151572,0.02454985943352604,18.647058823529413,0.5882352941176471,0.8235294117647058,0.5882352941176471,1.0,1.0,16.0,112.0,896.0,145.0,339,0.0025128,1.5304865673749717
9076691527785929283,16,persistence,validation,16,first_order_response,ok,17,272,0.018911778881572684,0.014771099518123786,0.0,0.0,0.0,0.0,1.0,1.0,1.0,1.0,8.0,1.0,0,7.8e-06,1.7016184961116358
9076691527785929283,16,raw_ar,validation,16,first_order_response,ok,17,272,0.01431949351513736,0.013428884003791039,0.0,0.0,0.0,0.0,1.0,1.0,112.0,112.0,896.0,112.0,113,0.0083416,2.2473303755638323
9076691527785929283,16,raw_matched,validation,16,first_order_response,ok,17,272,0.06836236527298385,0.09499462954307872,29.176470588235293,0.29411764705882354,0.29411764705882354,0.29411764705882354,1.0,1.0,112.0,112.0,896.0,112.0,339,0.0014568,0.47073609303531483
9076691527785929283,16,vectorchain_absolute,validation,16,first_order_response,ok,17,272,0.032192479970175034,0.04046727032128122,15.529411764705882,0.0,0.0,0.0,1.0,1.0,16.0,80.0,640.0,202.76470588235293,243,0.0021022,0.9996319876279024
9076691527785929283,16,vectorchain_cartesian,validation,16,first_order_response,ok,17,272,0.02972844771677206,0.03755822701239632,16.647058823529413,0.0,0.0,0.0,1.0,1.0,16.0,48.0,384.0,202.76470588235293,147,0.0022849,1.0824861441084253
9076691527785929283,16,vectorchain_relational,validation,16,first_order_response,ok,17,272,0.0321806327392575,0.04046023361259331,15.470588235294118,0.0,0.0,0.0,1.0,1.0,16.0,112.0,896.0,202.76470588235293,339,0.0021088,1.0
9076691527785929283,16,fixed_relational,validation,16,piecewise_linear,ok,15,240,0.0374990701505104,0.049063066677990166,15.6,0.4666666666666667,0.8,0.4666666666666667,1.0,1.0,16.0,112.0,896.0,145.0,339,0.0019748,0.9014136887825562
9076691527785929283,16,persistence,validation,16,piecewise_linear,ok,15,240,0.031033689067627435,0.035692320294703685,0.0,0.0,0.0,0.0,1.0,1.0,1.0,1.0,8.0,1.0,0,5.3e-06,1.0892090552504734
9076691527785929283,16,raw_ar,validation,16,piecewise_linear,ok,15,240,0.018288721389547048,0.018638287869909075,0.0,0.0,0.0,0.0,1.0,1.0,112.0,112.0,896.0,112.0,113,0.0078841,1.8482525065752884
9076691527785929283,16,raw_matched,validation,16,piecewise_linear,ok,15,240,0.059350028155012835,0.0837854882697077,16.466666666666665,0.2,0.2,0.26666666666666666,1.0,1.0,112.0,112.0,896.0,112.0,339,0.0012503,0.5695393279679922
9076691527785929283,16,vectorchain_absolute,validation,16,piecewise_linear,ok,15,240,0.0338447319482921,0.035840597889522034,14.733333333333333,0.0,0.0,0.0,1.0,1.0,16.0,80.0,640.0,243.6,243,0.0021049,0.9987425872342646
9076691527785929283,16,vectorchain_cartesian,validation,16,piecewise_linear,ok,15,240,0.02903819877194592,0.02364076602229192,15.8,0.0,0.0,0.0,1.0,1.0,16.0,48.0,384.0,243.6,147,0.002138,1.1640589492397864
9076691527785929283,16,vectorchain_relational,validation,16,piecewise_linear,ok,15,240,0.033802175150287425,0.035795472536796116,14.733333333333333,0.0,0.0,0.0,1.0,1.0,16.0,112.0,896.0,243.6,339,0.0021376,1.0
9076691527785929283,16,fixed_relational,validation,16,ramp,ok,18,288,0.04023805060650265,0.04383167289823549,15.944444444444445,0.3888888888888889,0.6666666666666666,0.3888888888888889,1.0,1.0,16.0,112.0,896.0,145.0,339,0.00243235,0.8300250533713567
9076691527785929283,16,persistence,validation,16,ramp,ok,18,288,0.01877722542736339,0.018137355213681046,0.0,0.0,0.0,0.0,1.0,1.0,1.0,1.0,8.0,1.0,0,5.6e-06,1.7786754614742564
9076691527785929283,16,raw_ar,validation,16,ramp,ok,18,288,0.014514841172600811,0.01339428192294146,0.0,0.0,0.0,0.0,1.0,1.0,112.0,112.0,896.0,112.0,113,0.0079919,2.300995905161342
9076691527785929283,16,raw_matched,validation,16,ramp,ok,18,288,0.05210874514128693,0.062321299863540215,31.444444444444443,0.3333333333333333,0.3333333333333333,0.3333333333333333,1.0,1.0,112.0,112.0,896.0,112.0,339,0.0015,0.6409402109312984
9076691527785929283,16,vectorchain_absolute,validation,16,ramp,ok,18,288,0.033440776979843316,0.03314412115893298,15.666666666666666,0.0,0.0,0.0,1.0,1.0,16.0,80.0,640.0,205.72222222222223,243,0.00213215,0.9987384600050702
9076691527785929283,16,vectorchain_cartesian,validation,16,ramp,ok,18,288,0.028593368997034976,0.03502322403744263,16.444444444444443,0.0,0.0,0.0,1.0,1.0,16.0,48.0,384.0,205.72222222222223,147,0.00225025,1.1680536877513463
9076691527785929283,16,vectorchain_relational,validation,16,ramp,ok,18,288,0.033398590102221716,0.033112331363743176,15.666666666666666,0.0,0.0,0.0,1.0,1.0,16.0,112.0,896.0,205.72222222222223,339,0.0021948999999999996,1.0
9076691527785929283,16,fixed_relational,validation,16,regime_change,ok,22,352,0.10736261591196987,0.14127154209446396,10.0,0.22727272727272727,0.2727272727272727,0.2727272727272727,1.0,1.0,16.0,112.0,896.0,145.0,339,0.0013081,1.1811050566782153
9076691527785929283,16,persistence,validation,16,regime_change,ok,22,352,0.1634270075107207,0.24092930647719743,0.0,0.0,0.0,0.0,1.0,1.0,1.0,1.0,8.0,1.0,0,7.850000000000001e-06,0.7759214984310976
9076691527785929283,16,raw_ar,validation,16,regime_change,ok,22,352,0.044601053746692064,0.06721310004259973,0.0,0.0,0.0,0.0,1.0,1.0,112.0,112.0,896.0,112.0,113,0.00831755,2.8431285339583154
9076691527785929283,16,raw_matched,validation,16,regime_change,ok,22,352,0.58912964561596,0.5211146221587076,53.5,0.7727272727272727,0.7272727272727273,0.7727272727272727,1.0,1.0,112.0,112.0,896.0,112.0,339,0.0052588,0.21524384232819763
9076691527785929283,16,vectorchain_absolute,validation,16,regime_change,ok,22,352,0.12741650091557563,0.15383748903266892,13.727272727272727,0.0,0.0,0.045454545454545456,1.0,1.0,16.0,80.0,640.0,158.27272727272728,243,0.00183655,0.9952127678961209
9076691527785929283,16,vectorchain_cartesian,validation,16,regime_change,ok,22,352,0.18951807366123913,0.2014572698005556,15.227272727272727,0.0,0.0,0.0,1.0,1.0,16.0,48.0,384.0,158.27272727272728,147,0.00198225,0.6690999233059614
9076691527785929283,16,vectorchain_relational,validation,16,regime_change,ok,22,352,0.12680652855182864,0.15223830579773148,13.727272727272727,0.0,0.0,0.045454545454545456,1.0,1.0,16.0,112.0,896.0,158.27272727272728,339,0.00194765,1.0
9076691527785929283,16,fixed_relational,validation,16,second_order_response,ok,14,224,0.025333658058714875,0.033340251402341294,16.428571428571427,0.2857142857142857,0.7142857142857143,0.42857142857142855,1.0,1.0,16.0,112.0,896.0,145.0,339,0.0021196,1.2894783562361687
9076691527785929283,16,persistence,validation,16,second_order_response,ok,14,224,0.021056647331384393,0.016325451439805565,0.0,0.0,0.0,0.0,1.0,1.0,1.0,1.0,8.0,1.0,0,5.2500000000000006e-06,1.5513962520667377
9076691527785929283,16,raw_ar,validation,16,second_order_response,ok,14,224,0.01664948790516517,0.016095956942811525,0.0,0.0,0.0,0.0,1.0,1.0,112.0,112.0,896.0,112.0,113,0.0080219,1.9620545651056618
9076691527785929283,16,raw_matched,validation,16,second_order_response,ok,14,224,0.0864464177108399,0.08797251988348995,42.142857142857146,0.42857142857142855,0.42857142857142855,0.5714285714285714,1.0,1.0,112.0,112.0,896.0,112.0,339,0.00149085,0.377889617823973
9076691527785929283,16,vectorchain_absolute,validation,16,second_order_response,ok,14,224,0.03267318389978576,0.036570251130066976,14.785714285714286,0.0,0.0,0.0,1.0,1.0,16.0,80.0,640.0,236.42857142857142,243,0.00196985,0.9998169707365134
9076691527785929283,16,vectorchain_cartesian,validation,16,second_order_response,ok,14,224,0.04105261702979328,0.04558349094667824,15.571428571428571,0.0,0.0,0.0,1.0,1.0,16.0,48.0,384.0,236.42857142857142,147,0.00206445,0.7957398605621933
9076691527785929283,16,vectorchain_relational,validation,16,second_order_response,ok,14,224,0.03266720375100082,0.036565569947053865,14.785714285714286,0.0,0.0,0.0,1.0,1.0,16.0,112.0,896.0,236.42857142857142,339,0.0019655999999999996,1.0
9076691527785929283,16,fixed_relational,validation,16,sine,ok,13,208,0.0532085611751467,0.07867830007199463,16.384615384615383,0.46153846153846156,0.6153846153846154,0.46153846153846156,1.0,1.0,16.0,112.0,896.0,145.0,339,0.0018201,0.976007927490422
9076691527785929283,16,persistence,validation,16,sine,ok,13,208,0.05485926524397397,0.0776667530065293,0.0,0.0,0.0,0.0,1.0,1.0,1.0,1.0,8.0,1.0,0,6e-06,0.9466400486106901
9076691527785929283,16,raw_ar,validation,16,sine,ok,13,208,0.016321854951338092,0.016160185653851297,0.0,0.0,0.0,0.0,1.0,1.0,112.0,112.0,896.0,112.0,113,0.0080673,3.1817448244781024
9076691527785929283,16,raw_matched,validation,16,sine,ok,13,208,0.055845833521367794,0.0768352933046473,40.23076923076923,0.46153846153846156,0.46153846153846156,0.5384615384615384,1.0,1.0,112.0,112.0,896.0,112.0,339,0.0016927,0.9299167770041786
9076691527785929283,16,vectorchain_absolute,validation,16,sine,ok,13,208,0.05194963771872481,0.05677805728367209,14.615384615384615,0.0,0.0,0.0,1.0,1.0,16.0,80.0,640.0,233.30769230769232,243,0.0020619,0.9996600514999129
9076691527785929283,16,vectorchain_cartesian,validation,16,sine,ok,13,208,0.05697882583924072,0.07269753455586717,15.461538461538462,0.0,0.0,0.0,1.0,1.0,16.0,48.0,384.0,233.30769230769232,147,0.0021922,0.91142589817176
9076691527785929283,16,vectorchain_relational,validation,16,sine,ok,13,208,0.05193197751730226,0.056782350217315695,14.615384615384615,0.0,0.0,0.0,1.0,1.0,16.0,112.0,896.0,233.30769230769232,339,0.0020825,1.0
9076691527785929283,16,fixed_relational,validation,64,chirp,ok,23,1472,0.6229501591590063,0.8187353518789522,11.26086956521739,0.34782608695652173,0.5217391304347826,0.34782608695652173,1.0,1.0,16.0,112.0,896.0,145.0,339,0.0015264,0.5289480842589699
9076691527785929283,16,persistence,validation,64,chirp,ok,23,1472,0.4993613799539743,0.7878852570807291,0.0,0.0,0.0,0.0,1.0,1.0,1.0,1.0,8.0,1.0,0,5e-06,0.6598593854141209
9076691527785929283,16,raw_ar,validation,64,chirp,ok,23,1472,0.13749433772089883,0.25023483028331767,0.0,0.0,0.0,0.0,1.0,1.0,112.0,112.0,896.0,112.0,113,0.0077833,2.396522640407557
9076691527785929283,16,raw_matched,validation,64,chirp,ok,23,1472,2183.5788423564154,4025.0236766909525,56.869565217391305,0.6086956521739131,0.6086956521739131,0.6521739130434783,1.0,1.0,112.0,112.0,896.0,112.0,339,0.0063145,0.00015090286042540463
9076691527785929283,16,vectorchain_absolute,validation,64,chirp,ok,23,1472,0.3295475949568879,0.49167223380098585,15.08695652173913,0.0,0.0,0.0,1.0,1.0,16.0,80.0,640.0,152.3913043478261,243,0.0020873,0.9998807405014859
9076691527785929283,16,vectorchain_cartesian,validation,64,chirp,ok,23,1472,0.3224623783566776,0.5004513208406444,16.347826086956523,0.0,0.0,0.0,1.0,1.0,16.0,48.0,384.0,152.3913043478261,147,0.0023446,1.0218503471791232
9076691527785929283,16,vectorchain_relational,validation,64,chirp,ok,23,1472,0.3295082932759768,0.4916298931543703,15.08695652173913,0.0,0.0,0.0,1.0,1.0,16.0,112.0,896.0,152.3913043478261,339,0.0021677,1.0
9076691527785929283,16,fixed_relational,validation,64,first_order_response,ok,17,1088,0.20602619243073805,0.43723135988704487,18.647058823529413,0.5882352941176471,0.8235294117647058,0.5882352941176471,1.0,1.0,16.0,112.0,896.0,145.0,339,0.0025128,0.3885276113201668
9076691527785929283,16,persistence,validation,64,first_order_response,ok,17,1088,0.01926149118328397,0.019328104349141183,0.0,0.0,0.0,0.0,1.0,1.0,1.0,1.0,8.0,1.0,0,7.8e-06,4.155797889831714
9076691527785929283,16,raw_ar,validation,64,first_order_response,ok,17,1088,0.028462624184044945,0.03932870191494839,0.0,0.0,0.0,0.0,1.0,1.0,112.0,112.0,896.0,112.0,113,0.0083416,2.8123501156079236
9076691527785929283,16,raw_matched,validation,64,first_order_response,ok,17,1088,211.93441009863628,242.63343066247458,29.176470588235293,0.29411764705882354,0.29411764705882354,0.29411764705882354,1.0,1.0,112.0,112.0,896.0,112.0,339,0.0014568,0.00037769640322800395
9076691527785929283,16,vectorchain_absolute,validation,64,first_order_response,ok,17,1088,0.08009030897735926,0.10642226770423224,15.529411764705882,0.0,0.0,0.0,1.0,1.0,16.0,80.0,640.0,202.76470588235293,243,0.0021022,0.999457555309621
9076691527785929283,16,vectorchain_cartesian,validation,64,first_order_response,ok,17,1088,0.08764976906252102,0.1238585937249564,16.647058823529413,0.0,0.0,0.0,1.0,1.0,16.0,48.0,384.0,202.76470588235293,147,0.0022849,0.9132581325731257
9076691527785929283,16,vectorchain_relational,validation,64,first_order_response,ok,17,1088,0.08004686441450368,0.10615899348758409,15.470588235294118,0.0,0.0,0.0,1.0,1.0,16.0,112.0,896.0,202.76470588235293,339,0.0021088,1.0
9076691527785929283,16,fixed_relational,validation,64,piecewise_linear,ok,15,960,0.75989609465031,1.3780439381032552,15.6,0.4666666666666667,0.8,0.4666666666666667,1.0,1.0,16.0,112.0,896.0,145.0,339,0.0019748,0.10794852561894445
9076691527785929283,16,persistence,validation,64,piecewise_linear,ok,15,960,0.0842027115410436,0.11976684107093731,0.0,0.0,0.0,0.0,1.0,1.0,1.0,1.0,8.0,1.0,0,5.3e-06,0.9741926541297956
9076691527785929283,16,raw_ar,validation,64,piecewise_linear,ok,15,960,0.05502346251861294,0.08345517183991652,0.0,0.0,0.0,0.0,1.0,1.0,112.0,112.0,896.0,112.0,113,0.0078841,1.49081245138556
9076691527785929283,16,raw_matched,validation,64,piecewise_linear,ok,15,960,0.3312729820755541,0.6103369027364032,16.466666666666665,0.2,0.2,0.26666666666666666,1.0,1.0,112.0,112.0,896.0,112.0,339,0.0012503,0.24761953880798576
9076691527785929283,16,vectorchain_absolute,validation,64,piecewise_linear,ok,15,960,0.08208220612663165,0.10503750366082733,14.733333333333333,0.0,0.0,0.0,1.0,1.0,16.0,80.0,640.0,243.6,243,0.0021049,0.9993598724008983
9076691527785929283,16,vectorchain_cartesian,validation,64,piecewise_linear,ok,15,960,0.09082035557944207,0.1280048340491876,15.8,0.0,0.0,0.0,1.0,1.0,16.0,48.0,384.0,243.6,147,0.002138,0.9032079044145795
9076691527785929283,16,vectorchain_relational,validation,64,piecewise_linear,ok,15,960,0.08202966304109484,0.10479319703522719,14.733333333333333,0.0,0.0,0.0,1.0,1.0,16.0,112.0,896.0,243.6,339,0.0021376,1.0
9076691527785929283,16,fixed_relational,validation,64,ramp,ok,18,1152,0.5575970131049806,1.0116794794957589,15.944444444444445,0.3888888888888889,0.6666666666666666,0.3888888888888889,1.0,1.0,16.0,112.0,896.0,145.0,339,0.00243235,0.131373769315549
9076691527785929283,16,persistence,validation,64,ramp,ok,18,1152,0.025101929999053467,0.031039840760447975,0.0,0.0,0.0,0.0,1.0,1.0,1.0,1.0,8.0,1.0,0,5.6e-06,2.9182465799823
9076691527785929283,16,raw_ar,validation,64,ramp,ok,18,1152,0.02593787359294858,0.033300240344608954,0.0,0.0,0.0,0.0,1.0,1.0,112.0,112.0,896.0,112.0,113,0.0079919,2.8241953261198502
9076691527785929283,16,raw_matched,validation,64,ramp,ok,18,1152,5.942450241884639,10.796337713910418,31.444444444444443,0.3333333333333333,0.3333333333333333,0.3333333333333333,1.0,1.0,112.0,112.0,896.0,112.0,339,0.0015,0.01232717454735651
9076691527785929283,16,vectorchain_absolute,validation,64,ramp,ok,18,1152,0.07332832901652862,0.09155356392503829,15.666666666666666,0.0,0.0,0.0,1.0,1.0,16.0,80.0,640.0,205.72222222222223,243,0.00213215,0.9989811898506659
9076691527785929283,16,vectorchain_cartesian,validation,64,ramp,ok,18,1152,0.07547759379379884,0.10514644867328932,16.444444444444443,0.0,0.0,0.0,1.0,1.0,16.0,48.0,384.0,205.72222222222223,147,0.00225025,0.9705346671598759
9076691527785929283,16,vectorchain_relational,validation,64,ramp,ok,18,1152,0.07325362137069287,0.09177733515392947,15.666666666666666,0.0,0.0,0.0,1.0,1.0,16.0,112.0,896.0,205.72222222222223,339,0.0021948999999999996,1.0
9076691527785929283,16,fixed_relational,validation,64,regime_change,ok,22,1408,0.5763786345896245,0.9052579459011281,10.0,0.22727272727272727,0.2727272727272727,0.2727272727272727,1.0,1.0,16.0,112.0,896.0,145.0,339,0.0013081,0.648097220858435
9076691527785929283,16,persistence,validation,64,regime_change,ok,22,1408,0.5996379655792515,0.8906787446355651,0.0,0.0,0.0,0.0,1.0,1.0,1.0,1.0,8.0,1.0,0,7.850000000000001e-06,0.6229582059215774
9076691527785929283,16,raw_ar,validation,64,regime_change,ok,22,1408,0.2922381353590902,0.5259481323094661,0.0,0.0,0.0,0.0,1.0,1.0,112.0,112.0,896.0,112.0,113,0.00831755,1.278236294454565
9076691527785929283,16,raw_matched,validation,64,regime_change,ok,22,1408,2447.6021623404154,3424.744252673251,53.5,0.7727272727272727,0.7272727272727273,0.7727272727272727,1.0,1.0,112.0,112.0,896.0,112.0,339,0.0052588,0.0001526185084272537
9076691527785929283,16,vectorchain_absolute,validation,64,regime_change,ok,22,1408,0.37420616639239435,0.5397361281209964,13.727272727272727,0.0,0.0,0.045454545454545456,1.0,1.0,16.0,80.0,640.0,158.27272727272728,243,0.00183655,0.9982448842064495
9076691527785929283,16,vectorchain_cartesian,validation,64,regime_change,ok,22,1408,0.4185375180728852,0.5336527106265199,15.227272727272727,0.0,0.0,0.0,1.0,1.0,16.0,48.0,384.0,158.27272727272728,147,0.00198225,0.8925111253100714
9076691527785929283,16,vectorchain_relational,validation,64,regime_change,ok,22,1408,0.3735493912397151,0.5390347450266103,13.727272727272727,0.0,0.0,0.045454545454545456,1.0,1.0,16.0,112.0,896.0,158.27272727272728,339,0.00194765,1.0
9076691527785929283,16,fixed_relational,validation,64,second_order_response,ok,14,896,0.24935272209358503,0.5927561522516923,16.428571428571427,0.2857142857142857,0.7142857142857143,0.42857142857142855,1.0,1.0,16.0,112.0,896.0,145.0,339,0.0021196,0.3216702531438248
9076691527785929283,16,persistence,validation,64,second_order_response,ok,14,896,0.03523865649000786,0.05138476022432512,0.0,0.0,0.0,0.0,1.0,1.0,1.0,1.0,8.0,1.0,0,5.2500000000000006e-06,2.2761751220762103
9076691527785929283,16,raw_ar,validation,64,second_order_response,ok,14,896,0.0328706595908627,0.04472560783421224,0.0,0.0,0.0,0.0,1.0,1.0,112.0,112.0,896.0,112.0,113,0.0080219,2.4401504027087326
9076691527785929283,16,raw_matched,validation,64,second_order_response,ok,14,896,59.138008887149404,76.82407551014374,42.142857142857146,0.42857142857142855,0.42857142857142855,0.5714285714285714,1.0,1.0,112.0,112.0,896.0,112.0,339,0.00149085,0.0013563079776832772
9076691527785929283,16,vectorchain_absolute,validation,64,second_order_response,ok,14,896,0.08020439444520111,0.10240546486695146,14.785714285714286,0.0,0.0,0.0,1.0,1.0,16.0,80.0,640.0,236.42857142857142,243,0.00196985,1.0000618269457489
9076691527785929283,16,vectorchain_cartesian,validation,64,second_order_response,ok,14,896,0.08670005144133681,0.09860899060345076,15.571428571428571,0.0,0.0,0.0,1.0,1.0,16.0,48.0,384.0,236.42857142857142,147,0.00206445,0.9251361666401862
9076691527785929283,16,vectorchain_relational,validation,64,second_order_response,ok,14,896,0.08020935323794529,0.10242697963857075,14.785714285714286,0.0,0.0,0.0,1.0,1.0,16.0,112.0,896.0,236.42857142857142,339,0.0019655999999999996,1.0
9076691527785929283,16,fixed_relational,validation,64,sine,ok,13,832,0.9087068219320396,1.5335276548727994,16.384615384615383,0.46153846153846156,0.6153846153846154,0.46153846153846156,1.0,1.0,16.0,112.0,896.0,145.0,339,0.0018201,0.14508158184698736
9076691527785929283,16,persistence,validation,64,sine,ok,13,832,0.2148601213989535,0.347614086867016,0.0,0.0,0.0,0.0,1.0,1.0,1.0,1.0,8.0,1.0,0,6e-06,0.613592798433982
9076691527785929283,16,raw_ar,validation,64,sine,ok,13,832,0.06835340927382268,0.12136359579686624,0.0,0.0,0.0,0.0,1.0,1.0,112.0,112.0,896.0,112.0,113,0.0080673,1.9287497809057854
9076691527785929283,16,raw_matched,validation,64,sine,ok,13,832,97.08413614742418,134.83089622168498,40.23076923076923,0.46153846153846156,0.46153846153846156,0.5384615384615384,1.0,1.0,112.0,112.0,896.0,112.0,339,0.0016927,0.0013579625713602936
9076691527785929283,16,vectorchain_absolute,validation,64,sine,ok,13,832,0.1320093451811674,0.2129114500211723,14.615384615384615,0.0,0.0,0.0,1.0,1.0,16.0,80.0,640.0,233.30769230769232,243,0.0020619,0.9986915924786887
9076691527785929283,16,vectorchain_cartesian,validation,64,sine,ok,13,832,0.16605030398054324,0.25925955863250133,15.461538461538462,0.0,0.0,0.0,1.0,1.0,16.0,48.0,384.0,233.30769230769232,147,0.0021922,0.7939559278162885
9076691527785929283,16,vectorchain_relational,validation,64,sine,ok,13,832,0.13183662316104897,0.21264110443509937,14.615384615384615,0.0,0.0,0.0,1.0,1.0,16.0,112.0,896.0,233.30769230769232,339,0.0020825,1.0
9076691527785929283,16,fixed_relational,validation,128,chirp,ok,23,2944,1.4170557164369797,1.9156294412579404,11.26086956521739,0.34782608695652173,0.5217391304347826,0.34782608695652173,1.0,1.0,16.0,112.0,896.0,145.0,339,0.0015264,0.4423096000819608
9076691527785929283,16,persistence,validation,128,chirp,ok,23,2944,0.8961590445670305,1.248415293261932,0.0,0.0,0.0,0.0,1.0,1.0,1.0,1.0,8.0,1.0,0,5e-06,0.6994041415203454
9076691527785929283,16,raw_ar,validation,128,chirp,ok,23,2944,0.40337034150362905,0.6792862379425219,0.0,0.0,0.0,0.0,1.0,1.0,112.0,112.0,896.0,112.0,113,0.0077833,1.553850848068506
9076691527785929283,16,raw_matched,validation,128,chirp,ok,23,2944,218871947.44525787,570514061.812924,56.869565217391305,0.6086956521739131,0.6086956521739131,0.6521739130434783,1.0,1.0,112.0,112.0,896.0,112.0,339,0.0063145,2.8636714505766453e-09
9076691527785929283,16,vectorchain_absolute,validation,128,chirp,ok,23,2944,0.6268239430657256,0.9386454738902373,15.08695652173913,0.0,0.0,0.0,1.0,1.0,16.0,80.0,640.0,152.3913043478261,243,0.0020873,0.9999256636011687
9076691527785929283,16,vectorchain_cartesian,validation,128,chirp,ok,23,2944,0.6568984800634394,1.0017484728965091,16.347826086956523,0.0,0.0,0.0,1.0,1.0,16.0,48.0,384.0,152.3913043478261,147,0.0023446,0.9541464415788667
9076691527785929283,16,vectorchain_relational,validation,128,chirp,ok,23,2944,0.6267773472310969,0.9386026111171573,15.08695652173913,0.0,0.0,0.0,1.0,1.0,16.0,112.0,896.0,152.3913043478261,339,0.0021677,1.0
9076691527785929283,16,fixed_relational,validation,128,first_order_response,ok,17,2176,1.7369255152868726,3.886263454661571,18.647058823529413,0.5882352941176471,0.8235294117647058,0.5882352941176471,1.0,1.0,16.0,112.0,896.0,145.0,339,0.0025128,0.07553585805241038
9076691527785929283,16,persistence,validation,128,first_order_response,ok,17,2176,0.019756539099120538,0.01694764127094693,0.0,0.0,0.0,0.0,1.0,1.0,1.0,1.0,8.0,1.0,0,7.8e-06,6.640847291728304
9076691527785929283,16,raw_ar,validation,128,first_order_response,ok,17,2176,0.047223017430262436,0.05723638117745585,0.0,0.0,0.0,0.0,1.0,1.0,112.0,112.0,896.0,112.0,113,0.0083416,2.778309525944027
9076691527785929283,16,raw_matched,validation,128,first_order_response,ok,17,2176,21243527.64512847,34339161.89784137,29.176470588235293,0.29411764705882354,0.29411764705882354,0.29411764705882354,1.0,1.0,112.0,112.0,896.0,112.0,339,0.0014568,6.176006234087283e-09
9076691527785929283,16,vectorchain_absolute,validation,128,first_order_response,ok,17,2176,0.13120645621648167,0.160571481016,15.529411764705882,0.0,0.0,0.0,1.0,1.0,16.0,80.0,640.0,202.76470588235293,243,0.0021022,0.9999520065830273
9076691527785929283,16,vectorchain_cartesian,validation,128,first_order_response,ok,17,2176,0.15951364306340568,0.24149316048981398,16.647058823529413,0.0,0.0,0.0,1.0,1.0,16.0,48.0,384.0,202.76470588235293,147,0.0022849,0.8225011770194962
9076691527785929283,16,vectorchain_relational,validation,128,first_order_response,ok,17,2176,0.13120015917031896,0.160704454803426,15.470588235294118,0.0,0.0,0.0,1.0,1.0,16.0,112.0,896.0,202.76470588235293,339,0.0021088,1.0
9076691527785929283,16,fixed_relational,validation,128,piecewise_linear,ok,15,1920,3.7618179231380453,6.130694424682945,15.6,0.4666666666666667,0.8,0.4666666666666667,1.0,1.0,16.0,112.0,896.0,145.0,339,0.0019748,0.037960335827369164
9076691527785929283,16,persistence,validation,128,piecewise_linear,ok,15,1920,0.15020887234473998,0.21120220999561792,0.0,0.0,0.0,0.0,1.0,1.0,1.0,1.0,8.0,1.0,0,5.3e-06,0.9506753459675856
9076691527785929283,16,raw_ar,validation,128,piecewise_linear,ok,15,1920,0.11901862845954755,0.17742105764205898,0.0,0.0,0.0,0.0,1.0,1.0,112.0,112.0,896.0,112.0,113,0.0078841,1.1998111012703518
9076691527785929283,16,raw_matched,validation,128,piecewise_linear,ok,15,1920,17188.41505642144,27945.135935226226,16.466666666666665,0.2,0.2,0.26666666666666666,1.0,1.0,112.0,112.0,896.0,112.0,339,0.0012503,8.307913860294398e-06
9076691527785929283,16,vectorchain_absolute,validation,128,piecewise_linear,ok,15,1920,0.1428074368657947,0.19073862580685946,14.733333333333333,0.0,0.0,0.0,1.0,1.0,16.0,80.0,640.0,243.6,243,0.0021049,0.9999470252934711
9076691527785929283,16,vectorchain_cartesian,validation,128,piecewise_linear,ok,15,1920,0.191094894479216,0.3034574855297741,15.8,0.0,0.0,0.0,1.0,1.0,16.0,48.0,384.0,243.6,147,0.002138,0.7472720402756124
9076691527785929283,16,vectorchain_relational,validation,128,piecewise_linear,ok,15,1920,0.1427998716837366,0.19066057311305726,14.733333333333333,0.0,0.0,0.0,1.0,1.0,16.0,112.0,896.0,243.6,339,0.0021376,1.0
9076691527785929283,16,fixed_relational,validation,128,ramp,ok,18,2304,5.995534133381256,8.080762231066485,15.944444444444445,0.3888888888888889,0.6666666666666666,0.3888888888888889,1.0,1.0,16.0,112.0,896.0,145.0,339,0.00243235,0.02270939968618677
9076691527785929283,16,persistence,validation,128,ramp,ok,18,2304,0.04026659144502585,0.06165066439236466,0.0,0.0,0.0,0.0,1.0,1.0,1.0,1.0,8.0,1.0,0,5.6e-06,3.3813386254214386
9076691527785929283,16,raw_ar,validation,128,ramp,ok,18,2304,0.04604401892007359,0.06338559733202759,0.0,0.0,0.0,0.0,1.0,1.0,112.0,112.0,896.0,112.0,113,0.0079919,2.9570611810293457
9076691527785929283,16,raw_matched,validation,128,ramp,ok,18,2304,593491.3481744422,1487125.6158636129,31.444444444444443,0.3333333333333333,0.3333333333333333,0.3333333333333333,1.0,1.0,112.0,112.0,896.0,112.0,339,0.0015,2.2941359025020015e-07
9076691527785929283,16,vectorchain_absolute,validation,128,ramp,ok,18,2304,0.1362594837598054,0.1996422224706444,15.666666666666666,0.0,0.0,0.0,1.0,1.0,16.0,80.0,640.0,205.72222222222223,243,0.00213215,0.9992330604095105
9076691527785929283,16,vectorchain_cartesian,validation,128,ramp,ok,18,2304,0.16216121310962217,0.2734189510796217,16.444444444444443,0.0,0.0,0.0,1.0,1.0,16.0,48.0,384.0,205.72222222222223,147,0.00225025,0.8396272965415509
9076691527785929283,16,vectorchain_relational,validation,128,ramp,ok,18,2304,0.13615498096713036,0.19945782997016318,15.666666666666666,0.0,0.0,0.0,1.0,1.0,16.0,112.0,896.0,205.72222222222223,339,0.0021948999999999996,1.0
9076691527785929283,16,fixed_relational,validation,128,regime_change,ok,22,2816,1.3913010838862387,1.8693567056268185,10.0,0.22727272727272727,0.2727272727272727,0.2727272727272727,1.0,1.0,16.0,112.0,896.0,145.0,339,0.0013081,0.4917353756847722
9076691527785929283,16,persistence,validation,128,regime_change,ok,22,2816,1.0268998059826724,1.357385137325991,0.0,0.0,0.0,0.0,1.0,1.0,1.0,1.0,8.0,1.0,0,7.850000000000001e-06,0.6662304902480181
9076691527785929283,16,raw_ar,validation,128,regime_change,ok,22,2816,0.801513732189362,1.3437691107699337,0.0,0.0,0.0,0.0,1.0,1.0,112.0,112.0,896.0,112.0,113,0.00831755,0.8535748468172168
9076691527785929283,16,raw_matched,validation,128,regime_change,ok,22,2816,245341634.71406144,485412185.7868817,53.5,0.7727272727272727,0.7272727272727273,0.7727272727272727,1.0,1.0,112.0,112.0,896.0,112.0,339,0.0052588,2.7885685280151887e-09
9076691527785929283,16,vectorchain_absolute,validation,128,regime_change,ok,22,2816,0.684356818302594,0.9172095599677174,13.727272727272727,0.0,0.0,0.045454545454545456,1.0,1.0,16.0,80.0,640.0,158.27272727272728,243,0.00183655,0.9997006574323732
9076691527785929283,16,vectorchain_cartesian,validation,128,regime_change,ok,22,2816,0.7371823520282731,1.0045368937034014,15.227272727272727,0.0,0.0,0.0,1.0,1.0,16.0,48.0,384.0,158.27272727272728,147,0.00198225,0.9280634015356776
9076691527785929283,16,vectorchain_relational,validation,128,regime_change,ok,22,2816,0.6841519611754304,0.917862534501537,13.727272727272727,0.0,0.0,0.045454545454545456,1.0,1.0,16.0,112.0,896.0,158.27272727272728,339,0.00194765,1.0
9076691527785929283,16,fixed_relational,validation,128,second_order_response,ok,14,1792,2.919110874990903,4.652324099268939,16.428571428571427,0.2857142857142857,0.7142857142857143,0.42857142857142855,1.0,1.0,16.0,112.0,896.0,145.0,339,0.0021196,0.041819782717182306
9076691527785929283,16,persistence,validation,128,second_order_response,ok,14,1792,0.05940160239241652,0.08234497915157997,0.0,0.0,0.0,0.0,1.0,1.0,1.0,1.0,8.0,1.0,0,5.2500000000000006e-06,2.055105882717203
9076691527785929283,16,raw_ar,validation,128,second_order_response,ok,14,1792,0.05709511813574368,0.06822140661253763,0.0,0.0,0.0,0.0,1.0,1.0,112.0,112.0,896.0,112.0,113,0.0080219,2.138126454686482
9076691527785929283,16,raw_matched,validation,128,second_order_response,ok,14,1792,5923763.99515578,10852547.346014742,42.142857142857146,0.42857142857142855,0.42857142857142855,0.5714285714285714,1.0,1.0,112.0,112.0,896.0,112.0,339,0.00149085,2.0607941609306668e-08
9076691527785929283,16,vectorchain_absolute,validation,128,second_order_response,ok,14,1792,0.12207395492023698,0.13151430866010816,14.785714285714286,0.0,0.0,0.0,1.0,1.0,16.0,80.0,640.0,236.42857142857142,243,0.00196985,1.0000215246507596
9076691527785929283,16,vectorchain_cartesian,validation,128,second_order_response,ok,14,1792,0.13519741170419244,0.16937013841083554,15.571428571428571,0.0,0.0,0.0,1.0,1.0,16.0,48.0,384.0,236.42857142857142,147,0.00206445,0.9029505889253494
9076691527785929283,16,vectorchain_relational,validation,128,second_order_response,ok,14,1792,0.12207658251948349,0.1314855438024064,14.785714285714286,0.0,0.0,0.0,1.0,1.0,16.0,112.0,896.0,236.42857142857142,339,0.0019655999999999996,1.0
9076691527785929283,16,fixed_relational,validation,128,sine,ok,13,1664,2.23590028976059,3.5182349996474906,16.384615384615383,0.46153846153846156,0.6153846153846154,0.46153846153846156,1.0,1.0,16.0,112.0,896.0,145.0,339,0.0018201,0.15130703303013252
9076691527785929283,16,persistence,validation,128,sine,ok,13,1664,0.447120355617108,0.715634010710303,0.0,0.0,0.0,0.0,1.0,1.0,1.0,1.0,8.0,1.0,0,6e-06,0.7566361825060777
9076691527785929283,16,raw_ar,validation,128,sine,ok,13,1664,0.23356802944138946,0.44102671508468727,0.0,0.0,0.0,0.0,1.0,1.0,112.0,112.0,896.0,112.0,113,0.0080673,1.4484321326167708
9076691527785929283,16,raw_matched,validation,128,sine,ok,13,1664,9733903.716453515,19070778.201939724,40.23076923076923,0.46153846153846156,0.46153846153846156,0.5384615384615384,1.0,1.0,112.0,112.0,896.0,112.0,339,0.0016927,3.4755576883613204e-08
9076691527785929283,16,vectorchain_absolute,validation,128,sine,ok,13,1664,0.3383386316613647,0.6003800112597164,14.615384615384615,0.0,0.0,0.0,1.0,1.0,16.0,80.0,640.0,233.30769230769232,243,0.0020619,0.9999078063704312
9076691527785929283,16,vectorchain_cartesian,validation,128,sine,ok,13,1664,0.40158865061629684,0.6573694207550191,15.461538461538462,0.0,0.0,0.0,1.0,1.0,16.0,48.0,384.0,233.30769230769232,147,0.0021922,0.8424228087016552
9076691527785929283,16,vectorchain_relational,validation,128,sine,ok,13,1664,0.33830743899488847,0.6004083215417612,14.615384615384615,0.0,0.0,0.0,1.0,1.0,16.0,112.0,896.0,233.30769230769232,339,0.0020825,1.0
