representation,role,causal_scope,split,horizon,context_length,signal,n_seeds,rmse_mean,rmse_median,candidate_rmse_ratio_vs_control_mean,candidate_rmse_ratio_vs_control_median
abba_geometry,external_control,window_offline,test,1,32,chirp,5,0.025521311917886723,0.025725792586104742,0.7504292053189128,0.7321742541954962
abba_geometry,external_control,window_offline,test,1,32,first_order_response,5,0.013867355622486394,0.013976274059825817,1.001097366240847,1.000867555794489
abba_geometry,external_control,window_offline,test,1,32,piecewise_linear,5,0.013491993824482646,0.013551920206230568,0.9994557221127607,0.9990259512232007
abba_geometry,external_control,window_offline,test,1,32,ramp,5,0.013657700722685934,0.013991341851587277,1.001287885182979,1.0013088644196513
abba_geometry,external_control,window_offline,test,1,32,regime_change,5,0.028864958680665676,0.029263233323374483,0.8137431697869524,0.7628691713171187
abba_geometry,external_control,window_offline,test,1,32,second_order_response,5,0.013969192066936378,0.013153120426635873,1.0007727354495604,1.0000494195717158
abba_geometry,external_control,window_offline,test,1,32,sine,5,0.014857820081116519,0.014727968134425827,0.9930325571261678,0.9937732358613682
abba_geometry,external_control,window_offline,test,1,64,chirp,5,0.06334910959825843,0.03139360997701484,0.47765061088721816,0.6559669238148749
abba_geometry,external_control,window_offline,test,1,64,first_order_response,5,0.013760606264240754,0.013842697188344426,1.0027572365441997,1.0034866595453926
abba_geometry,external_control,window_offline,test,1,64,piecewise_linear,5,0.013418192539124244,0.013497274640483442,1.0010404646750402,1.0013821215046308
abba_geometry,external_control,window_offline,test,1,64,ramp,5,0.013613671450239919,0.013921808047473293,0.9989234161903295,0.9980843389542778
abba_geometry,external_control,window_offline,test,1,64,regime_change,5,0.0838863511404104,0.024108696905086466,0.5552715491451297,0.8171533653506553
abba_geometry,external_control,window_offline,test,1,64,second_order_response,5,0.013840248947107036,0.013029324292835464,1.0046460236776862,1.0025774284239608
abba_geometry,external_control,window_offline,test,1,64,sine,5,0.016388279525452173,0.01602211160734969,0.8978414215834668,0.9166886697899923
abba_geometry,external_control,window_offline,test,1,128,chirp,5,0.028405349522956435,0.026911187331248827,0.6769553294279331,0.7837342383116039
abba_geometry,external_control,window_offline,test,1,128,first_order_response,5,0.013712376893314848,0.013725477167212593,1.0000889247586353,1.0016722631993684
abba_geometry,external_control,window_offline,test,1,128,piecewise_linear,5,0.013424448300643455,0.013461456980366677,0.9993875515524924,0.9996721835632066
abba_geometry,external_control,window_offline,test,1,128,ramp,5,0.013600048990859958,0.013876722698761739,0.9976602007867672,0.9955667065131589
abba_geometry,external_control,window_offline,test,1,128,regime_change,5,0.026159524770114618,0.027612775650631874,0.7667694552160881,0.7561255256791859
abba_geometry,external_control,window_offline,test,1,128,second_order_response,5,0.013810793284810862,0.013001986179224254,1.0091184008562046,1.0010813468277615
abba_geometry,external_control,window_offline,test,1,128,sine,5,0.015220816547859162,0.015313503054717036,0.9679473974752619,0.9588428128357244
abba_geometry,external_control,window_offline,test,4,32,chirp,5,0.09158459006338353,0.09156618346371424,0.5953421683241971,0.5366917613308207
abba_geometry,external_control,window_offline,test,4,32,first_order_response,5,0.015854926862249225,0.015597306845065583,1.0064662705449376,1.0067047148075676
abba_geometry,external_control,window_offline,test,4,32,piecewise_linear,5,0.015265371675549037,0.014617917529562185,1.001349582683624,1.0011993390674208
abba_geometry,external_control,window_offline,test,4,32,ramp,5,0.013966902948238293,0.014728615423605134,1.0066500649848358,1.0070801065697632
abba_geometry,external_control,window_offline,test,4,32,regime_change,5,0.11063018649669934,0.11067053136917203,0.6158374919583361,0.565224405419786
abba_geometry,external_control,window_offline,test,4,32,second_order_response,5,0.016271484031462162,0.016296188997952755,1.005945292286469,1.006007715105368
abba_geometry,external_control,window_offline,test,4,32,sine,5,0.023597072214012915,0.024075721101059072,0.9508041099836528,0.9509160603517617
abba_geometry,external_control,window_offline,test,4,64,chirp,5,0.24888923773319407,0.1550916280069124,0.22273764062623616,0.28050201696125404
abba_geometry,external_control,window_offline,test,4,64,first_order_response,5,0.015376367864289902,0.014944647806777641,1.0029693099782695,1.002743907215646
abba_geometry,external_control,window_offline,test,4,64,piecewise_linear,5,0.014785092016045174,0.014157463956739513,1.0030514416175287,1.002737701022193
abba_geometry,external_control,window_offline,test,4,64,ramp,5,0.013551723688034945,0.014212520113801976,0.9944042857189951,0.9930954291824138
abba_geometry,external_control,window_offline,test,4,64,regime_change,5,0.33113227876232465,0.19580449786756715,0.20634308831324985,0.25131111523404737
abba_geometry,external_control,window_offline,test,4,64,second_order_response,5,0.015678387004838933,0.01575289549618157,1.0155763754568858,1.0146287250804589
abba_geometry,external_control,window_offline,test,4,64,sine,5,0.035746359542073405,0.03601281711999126,0.5717884089308706,0.5641295303577892
abba_geometry,external_control,window_offline,test,4,128,chirp,5,0.10129568361998935,0.10566857814153541,0.5414288735942028,0.5230233629759685
abba_geometry,external_control,window_offline,test,4,128,first_order_response,5,0.015218972788082031,0.014650297050354573,0.9959546707736168,0.9939242423642486
abba_geometry,external_control,window_offline,test,4,128,piecewise_linear,5,0.014915484621619148,0.014497479120413997,0.9851255344757762,0.9852144973922653
abba_geometry,external_control,window_offline,test,4,128,ramp,5,0.013742253973889756,0.014016403440201592,0.9648363719318059,0.9716300627975883
abba_geometry,external_control,window_offline,test,4,128,regime_change,5,0.09937840768611553,0.09845465310858517,0.5901989423057721,0.5935415071191473
abba_geometry,external_control,window_offline,test,4,128,second_order_response,5,0.01560435824274253,0.015605804911485567,1.0327515395384865,1.0367041566505322
abba_geometry,external_control,window_offline,test,4,128,sine,5,0.02463902842874947,0.026163376948088672,0.8343983658373364,0.8309441315866646
abba_geometry,external_control,window_offline,test,16,32,chirp,5,0.4422678239301184,0.4417064390075429,0.7147000132200902,0.6259400915162261
abba_geometry,external_control,window_offline,test,16,32,first_order_response,5,0.018288233641995288,0.0201558756967478,1.0386447054886148,1.0323716423050597
abba_geometry,external_control,window_offline,test,16,32,piecewise_linear,5,0.020263171052928696,0.020146454523920533,0.925477027350938,0.9307135706856712
abba_geometry,external_control,window_offline,test,16,32,ramp,5,0.017372605440653357,0.017106183370841556,1.0509782608959326,1.050560444229005
abba_geometry,external_control,window_offline,test,16,32,regime_change,5,0.5585722141309313,0.5583488898116111,0.6423254544054601,0.45346682618654777
abba_geometry,external_control,window_offline,test,16,32,second_order_response,5,0.020484337114359624,0.020288611826843397,1.0054208692211304,1.002743453407297
abba_geometry,external_control,window_offline,test,16,32,sine,5,0.09760614626518135,0.09787865059884851,0.94162721269053,0.9405616826603018
abba_geometry,external_control,window_offline,test,16,64,chirp,5,1.2649342952144393,1.0930029709112112,0.2517139727085287,0.25932977277015773
abba_geometry,external_control,window_offline,test,16,64,first_order_response,5,0.016581561611670844,0.017931807281791962,1.0252269273793495,1.015927194681617
abba_geometry,external_control,window_offline,test,16,64,piecewise_linear,5,0.018960537170388574,0.018942466298544576,0.96966779700984,0.9654755655951168
abba_geometry,external_control,window_offline,test,16,64,ramp,5,0.01703312486057836,0.016237970205754133,0.9050972581142596,0.8902451610908964
abba_geometry,external_control,window_offline,test,16,64,regime_change,5,1.5233992566503123,1.3214280842761927,0.24373122330334107,0.23707330535443094
abba_geometry,external_control,window_offline,test,16,64,second_order_response,5,0.018889445145246642,0.01885515638619985,1.1525053464299748,1.1530943372801656
abba_geometry,external_control,window_offline,test,16,64,sine,5,0.15145492991302842,0.15180298322686078,0.4089346497807176,0.4073882678965992
abba_geometry,external_control,window_offline,test,16,128,chirp,5,0.5756871356944671,0.5950354886470524,0.6191541952004115,0.6243694695487819
abba_geometry,external_control,window_offline,test,16,128,first_order_response,5,0.017803502333279354,0.017752080893461804,0.8767739398660037,0.8447982950073497
abba_geometry,external_control,window_offline,test,16,128,piecewise_linear,5,0.024095368450809042,0.022929350066939674,0.7300821584809529,0.775468593555257
abba_geometry,external_control,window_offline,test,16,128,ramp,5,0.022047193927662932,0.02344529589509872,0.6751631602009633,0.6487216328639467
abba_geometry,external_control,window_offline,test,16,128,regime_change,5,0.6400812685256335,0.6556877037164772,0.6080393345456395,0.6020544777416106
abba_geometry,external_control,window_offline,test,16,128,second_order_response,5,0.020169478420707192,0.020133370909309996,1.2870898261493633,1.2617325304863694
abba_geometry,external_control,window_offline,test,16,128,sine,5,0.07858504868311356,0.08607849115935215,0.7614287746301639,0.7720346706979887
abba_geometry,external_control,window_offline,validation,1,32,chirp,5,0.01941137453398297,0.019412114149735992,0.9459143973373717,0.9541755211944817
abba_geometry,external_control,window_offline,validation,1,32,first_order_response,5,0.013997550364068504,0.014023047120457892,1.0010999683729058,1.000817261856628
abba_geometry,external_control,window_offline,validation,1,32,piecewise_linear,5,0.016138880779245024,0.01619566171753033,1.0103481703793162,1.006010123871246
abba_geometry,external_control,window_offline,validation,1,32,ramp,5,0.014232797900904776,0.014085549636888,1.0011105004905612,1.0009973620304775
abba_geometry,external_control,window_offline,validation,1,32,regime_change,5,0.0282769409126937,0.03002622178747515,0.8525328283466855,0.7420253154961816
abba_geometry,external_control,window_offline,validation,1,32,second_order_response,5,0.01416804132543677,0.01382382757746444,1.0009407447615097,1.0008677951998113
abba_geometry,external_control,window_offline,validation,1,32,sine,5,0.014886820499050052,0.015143149285079812,1.0035487281847248,1.0069194797914083
abba_geometry,external_control,window_offline,validation,1,64,chirp,5,0.02338317010477966,0.024202272174955387,0.7184042359046462,0.7267873439913455
abba_geometry,external_control,window_offline,validation,1,64,first_order_response,5,0.013821732128416878,0.01386199332800863,1.0046413305089943,0.999884219959015
abba_geometry,external_control,window_offline,validation,1,64,piecewise_linear,5,0.01604414790523279,0.01615210818588663,1.0161973943446916,1.0155264666974244
abba_geometry,external_control,window_offline,validation,1,64,ramp,5,0.014070089792941007,0.013948421967202685,0.9980927867824422,1.0008987731076582
abba_geometry,external_control,window_offline,validation,1,64,regime_change,5,0.10019984831912962,0.030974497562183668,0.45765680527806696,0.571296413362573
abba_geometry,external_control,window_offline,validation,1,64,second_order_response,5,0.014115906658286959,0.013974873152283329,0.9959786237658085,0.9955169703402943
abba_geometry,external_control,window_offline,validation,1,64,sine,5,0.016021466274987135,0.015963723866729094,0.9518943134161082,0.9848161710079697
abba_geometry,external_control,window_offline,validation,1,128,chirp,5,0.0241549690397588,0.02394008234804415,0.6459852750521731,0.5877136347546102
abba_geometry,external_control,window_offline,validation,1,128,first_order_response,5,0.01376578991569575,0.013748838294642398,1.0000827956922875,0.9970063303133943
abba_geometry,external_control,window_offline,validation,1,128,piecewise_linear,5,0.016073484598647964,0.01572553907623136,1.003843142217805,1.0037554615703919
abba_geometry,external_control,window_offline,validation,1,128,ramp,5,0.014024206175754606,0.013939675134874733,1.0022474947260498,1.0024289158611066
abba_geometry,external_control,window_offline,validation,1,128,regime_change,5,0.030660338548890338,0.028944886564454212,0.688206373231683,0.6698017796946271
abba_geometry,external_control,window_offline,validation,1,128,second_order_response,5,0.014172846294196453,0.01428104490827142,1.0123446469573667,1.0178684941227876
abba_geometry,external_control,window_offline,validation,1,128,sine,5,0.015702692640313903,0.01642618390025675,0.9829359219091159,0.9614318211404832
abba_geometry,external_control,window_offline,validation,4,32,chirp,5,0.06462108384059412,0.06450157519651004,0.7367113760346021,0.6685928964615401
abba_geometry,external_control,window_offline,validation,4,32,first_order_response,5,0.016763169980970594,0.01650251037250146,1.005987438133224,1.006473276867367
abba_geometry,external_control,window_offline,validation,4,32,piecewise_linear,5,0.01616000146115287,0.015416667667717923,1.0143647236829085,1.0097535692158401
abba_geometry,external_control,window_offline,validation,4,32,ramp,5,0.015236726619382293,0.01585185336765118,1.0065013827013305,1.005873613657728
abba_geometry,external_control,window_offline,validation,4,32,regime_change,5,0.11076021227992003,0.11061421826664167,0.6473381729235147,0.6107919560027059
abba_geometry,external_control,window_offline,validation,4,32,second_order_response,5,0.015171302608407183,0.015384306403399745,1.0070696054010724,1.006753743556802
abba_geometry,external_control,window_offline,validation,4,32,sine,5,0.024974946177343228,0.025209718196650972,0.9653309547377154,0.9668229175896184
abba_geometry,external_control,window_offline,validation,4,64,chirp,5,0.10319909607958491,0.10313389680092737,0.29072623869542225,0.2910637030315622
abba_geometry,external_control,window_offline,validation,4,64,first_order_response,5,0.01613403777227174,0.015840525202230414,1.0047908518896813,1.0047892552958746
abba_geometry,external_control,window_offline,validation,4,64,piecewise_linear,5,0.017085274415962422,0.016353917256239796,1.0118177773297605,1.003969134334923
abba_geometry,external_control,window_offline,validation,4,64,ramp,5,0.014755231047971731,0.015431390357824093,0.9944095749429221,0.9955952977116648
abba_geometry,external_control,window_offline,validation,4,64,regime_change,5,0.38279287244150273,0.21965723446088542,0.19138416771510627,0.24115310919075578
abba_geometry,external_control,window_offline,validation,4,64,second_order_response,5,0.015331341609936794,0.015306223617436584,0.9880190853998945,0.9857158716827799
abba_geometry,external_control,window_offline,validation,4,64,sine,5,0.036591633876949414,0.0365635020999614,0.6396425044323625,0.6246839657781447
abba_geometry,external_control,window_offline,validation,4,128,chirp,5,0.07829707751250262,0.07737403048598983,0.41433892014194085,0.42996367712199407
abba_geometry,external_control,window_offline,validation,4,128,first_order_response,5,0.015982887468254228,0.01580365430057744,0.9999750745788246,0.9997469906378514
abba_geometry,external_control,window_offline,validation,4,128,piecewise_linear,5,0.019078025503320873,0.01826579099584465,0.883252505207538,0.8623498468360115
abba_geometry,external_control,window_offline,validation,4,128,ramp,5,0.014960293918743914,0.015728981626495882,0.976302690015746,0.9733129005983405
abba_geometry,external_control,window_offline,validation,4,128,regime_change,5,0.11641471525507667,0.11578548112997061,0.578395888171481,0.5531683940045776
abba_geometry,external_control,window_offline,validation,4,128,second_order_response,5,0.016368254315997893,0.016238678806280944,1.0573374127370572,1.0470140727924813
abba_geometry,external_control,window_offline,validation,4,128,sine,5,0.029397372650720028,0.029169676284696185,0.8578975194956092,0.8403009058243399
abba_geometry,external_control,window_offline,validation,16,32,chirp,5,0.32356733628336204,0.32290535078514193,0.778723581967178,0.7589442059143816
abba_geometry,external_control,window_offline,validation,16,32,first_order_response,5,0.01923172600391539,0.018993652031570493,1.0376146427252944,1.0396144565069239
abba_geometry,external_control,window_offline,validation,16,32,piecewise_linear,5,0.038029043066446576,0.03774943943300436,1.0734992623812394,1.0037884473697416
abba_geometry,external_control,window_offline,validation,16,32,ramp,5,0.01829436672648479,0.018930808547470153,1.0568255426522768,1.0475923232974051
abba_geometry,external_control,window_offline,validation,16,32,regime_change,5,0.5397807551946243,0.5400223969929097,0.7478241871637812,0.5533008883202005
abba_geometry,external_control,window_offline,validation,16,32,second_order_response,5,0.02116786113745627,0.021017463236029384,1.0825646109033653,1.0799352481191524
abba_geometry,external_control,window_offline,validation,16,32,sine,5,0.10168902020483517,0.10219033338779294,0.9357830833137518,0.9394955662420218
abba_geometry,external_control,window_offline,validation,16,64,chirp,5,0.44412674972405275,0.44374899053748146,0.3278740304518072,0.3152322285725269
abba_geometry,external_control,window_offline,validation,16,64,first_order_response,5,0.01671763447571522,0.016862051498945697,1.02366923236185,1.0265945564571946
abba_geometry,external_control,window_offline,validation,16,64,piecewise_linear,5,0.04546646317460257,0.045160101956627924,0.976739871983533,0.9695872594448517
abba_geometry,external_control,window_offline,validation,16,64,ramp,5,0.01765300080283449,0.01719522565072246,0.8949619095419663,0.9035143498366051
abba_geometry,external_control,window_offline,validation,16,64,regime_change,5,2.0910106112213627,1.7823425178923866,0.20841431758983417,0.18861822459967348
abba_geometry,external_control,window_offline,validation,16,64,second_order_response,5,0.025788984314093422,0.025603550076926745,0.9129697163738207,0.9132054022546071
abba_geometry,external_control,window_offline,validation,16,64,sine,5,0.15152278796118757,0.15186739802157692,0.4473317987183093,0.45935561839390376
abba_geometry,external_control,window_offline,validation,16,128,chirp,5,0.4279801318690323,0.41651417883053243,0.4012809917121151,0.3852186234734165
abba_geometry,external_control,window_offline,validation,16,128,first_order_response,5,0.01799580902518238,0.01811568700716638,0.8895181478439218,0.8495347628400135
abba_geometry,external_control,window_offline,validation,16,128,piecewise_linear,5,0.05690013105296958,0.05715375070690229,0.737088091501094,0.7254174988294319
abba_geometry,external_control,window_offline,validation,16,128,ramp,5,0.022605206040918164,0.023991810102007467,0.6888527593542063,0.6397813046908329
abba_geometry,external_control,window_offline,validation,16,128,regime_change,5,0.6738663048210943,0.6721634652374353,0.6214848843911291,0.6205642126186858
abba_geometry,external_control,window_offline,validation,16,128,second_order_response,5,0.036053872577064175,0.0368369507452612,1.0274370857583075,0.9186275424940064
abba_geometry,external_control,window_offline,validation,16,128,sine,5,0.10625156127682427,0.11024093750725225,0.7429053810080279,0.6533072650072616
absolute_geometry,candidate,strict_online,test,1,32,chirp,5,0.019014489481595415,0.017297946058673394,,
absolute_geometry,candidate,strict_online,test,1,32,first_order_response,5,0.013882509604233415,0.01398528750225967,,
absolute_geometry,candidate,strict_online,test,1,32,piecewise_linear,5,0.013485050480765204,0.013538719974930407,,
absolute_geometry,candidate,strict_online,test,1,32,ramp,5,0.013675296777996332,0.014009654621119999,,
absolute_geometry,candidate,strict_online,test,1,32,regime_change,5,0.02331295244529542,0.02112071923789957,,
absolute_geometry,candidate,strict_online,test,1,32,second_order_response,5,0.013978710376514377,0.013153770448214083,,
absolute_geometry,candidate,strict_online,test,1,32,sine,5,0.014755457062105695,0.014780491935814252,,
absolute_geometry,candidate,strict_online,test,1,64,chirp,5,0.018277947156484793,0.016586885892742147,,
absolute_geometry,candidate,strict_online,test,1,64,first_order_response,5,0.013796985294607229,0.01395249439131989,,
absolute_geometry,candidate,strict_online,test,1,64,piecewise_linear,5,0.013431055673207973,0.013515929514017961,,
absolute_geometry,candidate,strict_online,test,1,64,ramp,5,0.013598846116997151,0.01385087117220596,,
absolute_geometry,candidate,strict_online,test,1,64,regime_change,5,0.01967828030796601,0.01930640044950375,,
absolute_geometry,candidate,strict_online,test,1,64,second_order_response,5,0.013900370352562672,0.013255624383988173,,
absolute_geometry,candidate,strict_online,test,1,64,sine,5,0.014681535268819604,0.01461711708999893,,
absolute_geometry,candidate,strict_online,test,1,128,chirp,5,0.01829670190232711,0.0179340927805873,,
absolute_geometry,candidate,strict_online,test,1,128,first_order_response,5,0.013719053861412908,0.013780849763883211,,
absolute_geometry,candidate,strict_online,test,1,128,piecewise_linear,5,0.013415882162407217,0.013457044093505326,,
absolute_geometry,candidate,strict_online,test,1,128,ramp,5,0.013569798348768114,0.01381520311440262,,
absolute_geometry,candidate,strict_online,test,1,128,regime_change,5,0.01983048934312508,0.019356617146187454,,
absolute_geometry,candidate,strict_online,test,1,128,second_order_response,5,0.013921772682245143,0.013146848029295293,,
absolute_geometry,candidate,strict_online,test,1,128,sine,5,0.014697683658537592,0.014496687832511443,,
absolute_geometry,candidate,strict_online,test,4,32,chirp,5,0.05453556582810552,0.049061248360597824,,
absolute_geometry,candidate,strict_online,test,4,32,first_order_response,5,0.015955960697617986,0.0157092731759715,,
absolute_geometry,candidate,strict_online,test,4,32,piecewise_linear,5,0.01528505803414892,0.014645834940850458,,
absolute_geometry,candidate,strict_online,test,4,32,ramp,5,0.01406021425602921,0.014833672234912174,,
absolute_geometry,candidate,strict_online,test,4,32,regime_change,5,0.06811831087251538,0.06304675747800177,,
absolute_geometry,candidate,strict_online,test,4,32,second_order_response,5,0.016368633352152145,0.016385492798318954,,
absolute_geometry,candidate,strict_online,test,4,32,sine,5,0.022440793755141554,0.023027632317242544,,
absolute_geometry,candidate,strict_online,test,4,64,chirp,5,0.04286097182893664,0.043503514469743446,,
absolute_geometry,candidate,strict_online,test,4,64,first_order_response,5,0.015424397468242534,0.014999461083622687,,
absolute_geometry,candidate,strict_online,test,4,64,piecewise_linear,5,0.014830116878149549,0.014189700127383593,,
absolute_geometry,candidate,strict_online,test,4,64,ramp,5,0.0134816216212443,0.014105439501955313,,
absolute_geometry,candidate,strict_online,test,4,64,regime_change,5,0.048836326809899785,0.048605870426422434,,
absolute_geometry,candidate,strict_online,test,4,64,second_order_response,5,0.01592118154483625,0.01598334027361641,,
absolute_geometry,candidate,strict_online,test,4,64,sine,5,0.02043997687845555,0.020493123486953202,,
absolute_geometry,candidate,strict_online,test,4,128,chirp,5,0.05454463391173499,0.055755209100581744,,
absolute_geometry,candidate,strict_online,test,4,128,first_order_response,5,0.015159407818267056,0.014705012549083215,,
absolute_geometry,candidate,strict_online,test,4,128,piecewise_linear,5,0.014691088308281794,0.014103460276774657,,
absolute_geometry,candidate,strict_online,test,4,128,ramp,5,0.013287928718533631,0.014030156447238809,,
absolute_geometry,candidate,strict_online,test,4,128,regime_change,5,0.05860135237319225,0.06006311107452014,,
absolute_geometry,candidate,strict_online,test,4,128,second_order_response,5,0.016121094725838434,0.016178602819614377,,
absolute_geometry,candidate,strict_online,test,4,128,sine,5,0.020183624421869033,0.020235322834116037,,
absolute_geometry,candidate,strict_online,test,16,32,chirp,5,0.31587237905639387,0.27648176885568776,,
absolute_geometry,candidate,strict_online,test,16,32,first_order_response,5,0.01900096141374546,0.020808354495148163,,
absolute_geometry,candidate,strict_online,test,16,32,piecewise_linear,5,0.01875881294503178,0.01858290848170556,,
absolute_geometry,candidate,strict_online,test,16,32,ramp,5,0.01825187758351801,0.01804880949432848,,
absolute_geometry,candidate,strict_online,test,16,32,regime_change,5,0.35881838607482797,0.2531926989676538,,
absolute_geometry,candidate,strict_online,test,16,32,second_order_response,5,0.02059420398605958,0.020800002028712943,,
absolute_geometry,candidate,strict_online,test,16,32,sine,5,0.09190913742760637,0.09217352211544988,,
absolute_geometry,candidate,strict_online,test,16,64,chirp,5,0.27543458226347733,0.26695273706907924,,
absolute_geometry,candidate,strict_online,test,16,64,first_order_response,5,0.01695894488595686,0.0182174106673623,,
absolute_geometry,candidate,strict_online,test,16,64,piecewise_linear,5,0.018395526100992522,0.018530767198638498,,
absolute_geometry,candidate,strict_online,test,16,64,ramp,5,0.015455708202986437,0.014455774401610763,,
absolute_geometry,candidate,strict_online,test,16,64,regime_change,5,0.3168001404811712,0.3128638818224111,,
absolute_geometry,candidate,strict_online,test,16,64,second_order_response,5,0.021761484962227805,0.021605685406684536,,
absolute_geometry,candidate,strict_online,test,16,64,sine,5,0.06192864211252488,0.06178997335363619,,
absolute_geometry,candidate,strict_online,test,16,128,chirp,5,0.3562721712487448,0.35045613682984694,,
absolute_geometry,candidate,strict_online,test,16,128,first_order_response,5,0.01560672384234682,0.017144984721550023,,
absolute_geometry,candidate,strict_online,test,16,128,piecewise_linear,5,0.017338751240032018,0.016782489440644314,,
absolute_geometry,candidate,strict_online,test,16,128,ramp,5,0.01446034625858349,0.013754814988773128,,
absolute_geometry,candidate,strict_online,test,16,128,regime_change,5,0.38909916123919813,0.39039467382299214,,
absolute_geometry,candidate,strict_online,test,16,128,second_order_response,5,0.025853647027734496,0.025402929024624356,,
absolute_geometry,candidate,strict_online,test,16,128,sine,5,0.0563599348606623,0.05333535115040778,,
absolute_geometry,candidate,strict_online,validation,1,32,chirp,5,0.018328328592945798,0.017681081522855167,,
absolute_geometry,candidate,strict_online,validation,1,32,first_order_response,5,0.014013978857139139,0.014047961310427876,,
absolute_geometry,candidate,strict_online,validation,1,32,piecewise_linear,5,0.01632063349596666,0.01631666394439257,,
absolute_geometry,candidate,strict_online,validation,1,32,ramp,5,0.014248617040611432,0.014108942725227898,,
absolute_geometry,candidate,strict_online,validation,1,32,regime_change,5,0.0233086957252925,0.020954314858888885,,
absolute_geometry,candidate,strict_online,validation,1,32,second_order_response,5,0.014181915476886544,0.01381172091040816,,
absolute_geometry,candidate,strict_online,validation,1,32,sine,5,0.01493407145567828,0.014909010979222153,,
absolute_geometry,candidate,strict_online,validation,1,64,chirp,5,0.016281469062754787,0.015459536611211204,,
absolute_geometry,candidate,strict_online,validation,1,64,first_order_response,5,0.0138825478954236,0.013845981706846679,,
absolute_geometry,candidate,strict_online,validation,1,64,piecewise_linear,5,0.016319276890024974,0.016407217157356185,,
absolute_geometry,candidate,strict_online,validation,1,64,ramp,5,0.01404440682477472,0.013965706021369116,,
absolute_geometry,candidate,strict_online,validation,1,64,regime_change,5,0.020883691522935677,0.02111134780859807,,
absolute_geometry,candidate,strict_online,validation,1,64,second_order_response,5,0.014057621287415228,0.013827666794810572,,
absolute_geometry,candidate,strict_online,validation,1,64,sine,5,0.015203601782782922,0.015152630552038542,,
absolute_geometry,candidate,strict_online,validation,1,128,chirp,5,0.015370422293244996,0.014758744142402356,,
absolute_geometry,candidate,strict_online,validation,1,128,first_order_response,5,0.013768258333580172,0.013792404259914171,,
absolute_geometry,candidate,strict_online,validation,1,128,piecewise_linear,5,0.016146051600471483,0.015784595733905844,,
absolute_geometry,candidate,strict_online,validation,1,128,ramp,5,0.014055573049786208,0.013917386871155664,,
absolute_geometry,candidate,strict_online,validation,1,128,regime_change,5,0.020824881836368415,0.021807765931765283,,
absolute_geometry,candidate,strict_online,validation,1,128,second_order_response,5,0.014346859948922906,0.014223795058917911,,
absolute_geometry,candidate,strict_online,validation,1,128,sine,5,0.015365575806759952,0.015443977358939386,,
absolute_geometry,candidate,strict_online,validation,4,32,chirp,5,0.047594404792716274,0.043125294986966475,,
absolute_geometry,candidate,strict_online,validation,4,32,first_order_response,5,0.016863475469540874,0.01660933569114926,,
absolute_geometry,candidate,strict_online,validation,4,32,piecewise_linear,5,0.01641969519529324,0.015567035202892616,,
absolute_geometry,candidate,strict_online,validation,4,32,ramp,5,0.01533340350602134,0.01594351099337121,,
absolute_geometry,candidate,strict_online,validation,4,32,regime_change,5,0.07166492185161974,0.0675622747367923,,
absolute_geometry,candidate,strict_online,validation,4,32,second_order_response,5,0.01528219520841632,0.015544936915835432,,
absolute_geometry,candidate,strict_online,validation,4,32,sine,5,0.02411076409995717,0.024412065766504346,,
absolute_geometry,candidate,strict_online,validation,4,64,chirp,5,0.030000412254499682,0.030172403934898395,,
absolute_geometry,candidate,strict_online,validation,4,64,first_order_response,5,0.01621195878674702,0.01591638952144463,,
absolute_geometry,candidate,strict_online,validation,4,64,piecewise_linear,5,0.017393269487699092,0.01696145449170607,,
absolute_geometry,candidate,strict_online,validation,4,64,ramp,5,0.01467819017970591,0.015363419677402792,,
absolute_geometry,candidate,strict_online,validation,4,64,regime_change,5,0.05171300034015066,0.05078752317663183,,
absolute_geometry,candidate,strict_online,validation,4,64,second_order_response,5,0.015150865911304537,0.015230935509503525,,
absolute_geometry,candidate,strict_online,validation,4,64,sine,5,0.023396991575850373,0.023464552044195883,,
absolute_geometry,candidate,strict_online,validation,4,128,chirp,5,0.03238132216551644,0.032718960138620135,,
absolute_geometry,candidate,strict_online,validation,4,128,first_order_response,5,0.015980399923490655,0.0158018915674207,,
absolute_geometry,candidate,strict_online,validation,4,128,piecewise_linear,5,0.016917078062626188,0.015759010097160294,,
absolute_geometry,candidate,strict_online,validation,4,128,ramp,5,0.014584569701008313,0.015335649876920399,,
absolute_geometry,candidate,strict_online,validation,4,128,regime_change,5,0.06728708145242364,0.06493775575835573,,
absolute_geometry,candidate,strict_online,validation,4,128,second_order_response,5,0.017308005625962488,0.0178646045094465,,
absolute_geometry,candidate,strict_online,validation,4,128,sine,5,0.024281663092667678,0.023004759027890294,,
absolute_geometry,candidate,strict_online,validation,16,32,chirp,5,0.25182301317648276,0.24505270336033613,,
absolute_geometry,candidate,strict_online,validation,16,32,first_order_response,5,0.01995362824839541,0.020071944803441138,,
absolute_geometry,candidate,strict_online,validation,16,32,piecewise_linear,5,0.04092320296716271,0.037817269387247734,,
absolute_geometry,candidate,strict_online,validation,16,32,ramp,5,0.019317840688431502,0.01981074924950174,,
absolute_geometry,candidate,strict_online,validation,16,32,regime_change,5,0.4030184311734099,0.2988600436248907,,
absolute_geometry,candidate,strict_online,validation,16,32,second_order_response,5,0.022921986483861706,0.02232820799452504,,
absolute_geometry,candidate,strict_online,validation,16,32,sine,5,0.09516693194106593,0.09601837084823817,,
absolute_geometry,candidate,strict_online,validation,16,64,chirp,5,0.1456316663137835,0.13988398321393944,,
absolute_geometry,candidate,strict_online,validation,16,64,first_order_response,5,0.017100311065884364,0.016816970132088896,,
absolute_geometry,candidate,strict_online,validation,16,64,piecewise_linear,5,0.04445293858714365,0.04403610444081705,,
absolute_geometry,candidate,strict_online,validation,16,64,ramp,5,0.015837577652206437,0.015536133124106217,,
absolute_geometry,candidate,strict_online,validation,16,64,regime_change,5,0.35990506837347996,0.3586240554972204,,
absolute_geometry,candidate,strict_online,validation,16,64,second_order_response,5,0.0235429038127525,0.02337678345659627,,
absolute_geometry,candidate,strict_online,validation,16,64,sine,5,0.06776321117348665,0.06912551406430137,,
absolute_geometry,candidate,strict_online,validation,16,128,chirp,5,0.17133341760381487,0.17331563231896677,,
absolute_geometry,candidate,strict_online,validation,16,128,first_order_response,5,0.01593353337898815,0.015779790352840106,,
absolute_geometry,candidate,strict_online,validation,16,128,piecewise_linear,5,0.04191102604153356,0.0417895491428805,,
absolute_geometry,candidate,strict_online,validation,16,128,ramp,5,0.015161827830702676,0.014854556902024469,,
absolute_geometry,candidate,strict_online,validation,16,128,regime_change,5,0.4183301439238815,0.4342878776941478,,
absolute_geometry,candidate,strict_online,validation,16,128,second_order_response,5,0.03663607606483456,0.034928117995537356,,
absolute_geometry,candidate,strict_online,validation,16,128,sine,5,0.0728415597268673,0.06852632075523614,,
ewma_geometry,causal_control,strict_online,test,1,32,chirp,5,0.03110299549140867,0.031274431392148985,0.6125836200394266,0.6071647775648107
ewma_geometry,causal_control,strict_online,test,1,32,first_order_response,5,0.012679217031488452,0.012646603227831352,1.1006310308522869,1.069952340778787
ewma_geometry,causal_control,strict_online,test,1,32,piecewise_linear,5,0.012187552781769879,0.013102416589589001,1.109285917032462,1.1141116048929687
ewma_geometry,causal_control,strict_online,test,1,32,ramp,5,0.012377208816210841,0.012609563577115733,1.10495747821385,1.1225639576136426
ewma_geometry,causal_control,strict_online,test,1,32,regime_change,5,0.039840969224938336,0.04007783513279353,0.5885352803352083,0.5592591760620147
ewma_geometry,causal_control,strict_online,test,1,32,second_order_response,5,0.012797533220575552,0.012858443161268315,1.092548932861194,1.0942455321414082
ewma_geometry,causal_control,strict_online,test,1,32,sine,5,0.013860078157100575,0.013865766222187157,1.065765610154541,1.057677538536139
ewma_geometry,causal_control,strict_online,test,1,64,chirp,5,0.025824224725384353,0.025816472890030383,0.7078342659704149,0.7348858525841544
ewma_geometry,causal_control,strict_online,test,1,64,first_order_response,5,0.014427746322739774,0.014626431683749382,0.9560633867617099,0.9551842807634189
ewma_geometry,causal_control,strict_online,test,1,64,piecewise_linear,5,0.014003295348454205,0.014246133574971818,0.9599104480112581,0.9609184922059713
ewma_geometry,causal_control,strict_online,test,1,64,ramp,5,0.014108967451024832,0.014248640150691737,0.9642662216487323,0.9659485958901007
ewma_geometry,causal_control,strict_online,test,1,64,regime_change,5,0.030374400518936622,0.030803733076650814,0.6497526290924599,0.6626681549564027
ewma_geometry,causal_control,strict_online,test,1,64,second_order_response,5,0.014484934885372355,0.013619144365580024,0.9597329335905027,0.9637553436472426
ewma_geometry,causal_control,strict_online,test,1,64,sine,5,0.015971834671795387,0.015449163603056228,0.9205140523669758,0.9209593208493548
ewma_geometry,causal_control,strict_online,test,1,128,chirp,5,0.018770587336307976,0.018564988212525182,0.9757027789322865,0.9790579577218226
ewma_geometry,causal_control,strict_online,test,1,128,first_order_response,5,0.014813788242660603,0.014862992565487535,0.9261038369994141,0.927192131945413
ewma_geometry,causal_control,strict_online,test,1,128,piecewise_linear,5,0.014414617391861057,0.014579685134561078,0.9309199833880388,0.9229996374616805
ewma_geometry,causal_control,strict_online,test,1,128,ramp,5,0.014463912711948981,0.014607249066178671,0.9387555133119989,0.9430758718533108
ewma_geometry,causal_control,strict_online,test,1,128,regime_change,5,0.01970574274979834,0.01935757925101011,1.0091614628119276,0.9956236140076807
ewma_geometry,causal_control,strict_online,test,1,128,second_order_response,5,0.014881718447884015,0.014031290711999416,0.9354898304169857,0.9369664059523934
ewma_geometry,causal_control,strict_online,test,1,128,sine,5,0.015739928732416007,0.015379430250735664,0.9349141546993044,0.9426023978890898
ewma_geometry,causal_control,strict_online,test,4,32,chirp,5,0.06309056415889583,0.05801610211648244,0.8819090487963216,0.8300764330493027
ewma_geometry,causal_control,strict_online,test,4,32,first_order_response,5,0.019284576037581696,0.01927784740766769,0.8315755318526092,0.8174032919393242
ewma_geometry,causal_control,strict_online,test,4,32,piecewise_linear,5,0.01855384813862849,0.01836613772829776,0.8282023375548903,0.8019371845903788
ewma_geometry,causal_control,strict_online,test,4,32,ramp,5,0.016899565938685412,0.01725817337942058,0.8315418219224033,0.8176511580319535
ewma_geometry,causal_control,strict_online,test,4,32,regime_change,5,0.08479634447359574,0.07635337462634016,0.8195505900070355,0.6642953824118037
ewma_geometry,causal_control,strict_online,test,4,32,second_order_response,5,0.019596526222476016,0.020001144449691977,0.8360422497394232,0.8366323619524586
ewma_geometry,causal_control,strict_online,test,4,32,sine,5,0.022629018014945844,0.02328131365491717,0.9932507777673789,0.9891036501876668
ewma_geometry,causal_control,strict_online,test,4,64,chirp,5,0.047925694115054145,0.04764482683461485,0.8941854307870429,0.9045733310956922
ewma_geometry,causal_control,strict_online,test,4,64,first_order_response,5,0.020974446307485333,0.020279215760677434,0.7356184824910186,0.7338718044289355
ewma_geometry,causal_control,strict_online,test,4,64,piecewise_linear,5,0.02019343409231461,0.019589751894082973,0.7346085189926401,0.7379692208225982
ewma_geometry,causal_control,strict_online,test,4,64,ramp,5,0.018454255548187894,0.019387666769445547,0.7300547846035108,0.7275470364585137
ewma_geometry,causal_control,strict_online,test,4,64,regime_change,5,0.05122151684935514,0.051671814831213185,0.9559605033905193,0.9406650527989832
ewma_geometry,causal_control,strict_online,test,4,64,second_order_response,5,0.021353818976016535,0.021396524519815475,0.7455259671050364,0.7461047805417663
ewma_geometry,causal_control,strict_online,test,4,64,sine,5,0.023159042489542692,0.02382281383025525,0.884263315211882,0.878605619049582
ewma_geometry,causal_control,strict_online,test,4,128,chirp,5,0.050498453086830784,0.05023743302640794,1.0811899047478626,1.091513128044709
ewma_geometry,causal_control,strict_online,test,4,128,first_order_response,5,0.021287158552751456,0.02046410782197287,0.712192141573647,0.7103136726387788
ewma_geometry,causal_control,strict_online,test,4,128,piecewise_linear,5,0.02051271430345439,0.019816431719067988,0.7166179712812153,0.7191775356326698
ewma_geometry,causal_control,strict_online,test,4,128,ramp,5,0.018787370854181737,0.01969776504140062,0.7063909883134941,0.7122714895700262
ewma_geometry,causal_control,strict_online,test,4,128,regime_change,5,0.050180554274192754,0.0507416253940689,1.1688938934476436,1.1653868080949628
ewma_geometry,causal_control,strict_online,test,4,128,second_order_response,5,0.021664019914664035,0.02186527612964076,0.743981952160996,0.7418175366346874
ewma_geometry,causal_control,strict_online,test,4,128,sine,5,0.022645720821731018,0.02343037827603375,0.8960013604450326,0.8802746393560017
ewma_geometry,causal_control,strict_online,test,16,32,chirp,5,0.31215617330501794,0.27694953585598286,1.03296251692328,1.050796345815755
ewma_geometry,causal_control,strict_online,test,16,32,first_order_response,5,0.04797017259950715,0.048472857643207266,0.39495377154491373,0.3895949681058475
ewma_geometry,causal_control,strict_online,test,16,32,piecewise_linear,5,0.045587322606737306,0.0430476527918087,0.41130339254858317,0.40308353872977226
ewma_geometry,causal_control,strict_online,test,16,32,ramp,5,0.043353606970559205,0.04075581072021766,0.42534304999126127,0.4230837331158399
ewma_geometry,causal_control,strict_online,test,16,32,regime_change,5,0.38842461251581845,0.30185944683198784,0.9597584227380669,0.831376688616206
ewma_geometry,causal_control,strict_online,test,16,32,second_order_response,5,0.04706223034340458,0.04806440250122651,0.438010598820535,0.44283071577859234
ewma_geometry,causal_control,strict_online,test,16,32,sine,5,0.07721491020510088,0.06939016271312555,1.2126385588544288,1.33090753373922
ewma_geometry,causal_control,strict_online,test,16,64,chirp,5,0.24980824322314615,0.2462056108059077,1.1042563725265695,1.0781321648584257
ewma_geometry,causal_control,strict_online,test,16,64,first_order_response,5,0.047366113878761364,0.04859179182717414,0.35802066776678493,0.3565125574167758
ewma_geometry,causal_control,strict_online,test,16,64,piecewise_linear,5,0.04578079360737987,0.04586340644402914,0.40198068112809276,0.40158913781340644
ewma_geometry,causal_control,strict_online,test,16,64,ramp,5,0.04272634578395736,0.04163109575113334,0.36172291162143405,0.36091730549697
ewma_geometry,causal_control,strict_online,test,16,64,regime_change,5,0.2769427800160451,0.276366808635568,1.1445900283104378,1.1119785609551471
ewma_geometry,causal_control,strict_online,test,16,64,second_order_response,5,0.04765743878860499,0.048179357805361527,0.4571953105049048,0.45096362267971174
ewma_geometry,causal_control,strict_online,test,16,64,sine,5,0.06324713201444396,0.062332200579042665,0.980097909983412,0.9907462208543055
ewma_geometry,causal_control,strict_online,test,16,128,chirp,5,0.31815167610742556,0.3189349124245941,1.1215029428718186,1.1579803409452982
ewma_geometry,causal_control,strict_online,test,16,128,first_order_response,5,0.04494798390748177,0.04600195811399173,0.34633874370822737,0.3371771955434562
ewma_geometry,causal_control,strict_online,test,16,128,piecewise_linear,5,0.04264402231472063,0.043177693726416576,0.40825877120479,0.39842496661339943
ewma_geometry,causal_control,strict_online,test,16,128,ramp,5,0.04144064484506493,0.04019475232158055,0.3489132794040018,0.34735213815053717
ewma_geometry,causal_control,strict_online,test,16,128,regime_change,5,0.34469487887901706,0.34682588679360804,1.1291046391135784,1.1539567137513638
ewma_geometry,causal_control,strict_online,test,16,128,second_order_response,5,0.04530064466244828,0.04529278678938354,0.571436818696837,0.5631934719475
ewma_geometry,causal_control,strict_online,test,16,128,sine,5,0.06005519499505282,0.058324828039012344,0.9345681726043871,0.9231714686498466
ewma_geometry,causal_control,strict_online,validation,1,32,chirp,5,0.024534572551460895,0.024264825232684428,0.7487030275300389,0.782197726509477
ewma_geometry,causal_control,strict_online,validation,1,32,first_order_response,5,0.012518240837431121,0.011897098827686328,1.129950669464339,1.1798049204135044
ewma_geometry,causal_control,strict_online,validation,1,32,piecewise_linear,5,0.01477247621263108,0.015007054829334126,1.1038096553726375,1.1106667998638882
ewma_geometry,causal_control,strict_online,validation,1,32,ramp,5,0.013070573119330551,0.012907926384369009,1.093635672533083,1.090966069983712
ewma_geometry,causal_control,strict_online,validation,1,32,regime_change,5,0.03936312347910699,0.03901774956791723,0.5997014719799526,0.5399210276199702
ewma_geometry,causal_control,strict_online,validation,1,32,second_order_response,5,0.012569439743354149,0.012505635952095712,1.1370193533516961,1.1826370931267574
ewma_geometry,causal_control,strict_online,validation,1,32,sine,5,0.01436169242610244,0.01390444629052153,1.042110759479371,1.066821984713249
ewma_geometry,causal_control,strict_online,validation,1,64,chirp,5,0.022780202248061904,0.022365879810130693,0.7150041691509943,0.7435420456188949
ewma_geometry,causal_control,strict_online,validation,1,64,first_order_response,5,0.014584889019981343,0.014547638327252727,0.9515991947387477,0.9570519170892008
ewma_geometry,causal_control,strict_online,validation,1,64,piecewise_linear,5,0.016718377162448075,0.016831277612730018,0.9757556666276438,0.9747616858172348
ewma_geometry,causal_control,strict_online,validation,1,64,ramp,5,0.01465302840832217,0.014652270785173359,0.9584518432747485,0.9531427739856556
ewma_geometry,causal_control,strict_online,validation,1,64,regime_change,5,0.031203406132923123,0.03356533770082076,0.6760853739347349,0.649430145060446
ewma_geometry,causal_control,strict_online,validation,1,64,second_order_response,5,0.014626697887232504,0.01443341754376257,0.9610387508958477,0.9598286299166173
ewma_geometry,causal_control,strict_online,validation,1,64,sine,5,0.015782110210755193,0.01570935374329984,0.9648874305190203,0.9749390218782233
ewma_geometry,causal_control,strict_online,validation,1,128,chirp,5,0.01678680927727044,0.016158859412294512,0.9151876904050653,0.9401650198037397
ewma_geometry,causal_control,strict_online,validation,1,128,first_order_response,5,0.015010043819882,0.014986622359332203,0.9170127287630727,0.9203143930110184
ewma_geometry,causal_control,strict_online,validation,1,128,piecewise_linear,5,0.016952644981669505,0.01674346644795446,0.9525603064938238,0.9482938278619997
ewma_geometry,causal_control,strict_online,validation,1,128,ramp,5,0.01505216703858781,0.015097443968016143,0.9337937366982014,0.9299479242106996
ewma_geometry,causal_control,strict_online,validation,1,128,regime_change,5,0.020357177518497135,0.022200240151307404,1.0355560115098994,1.0189482495248199
ewma_geometry,causal_control,strict_online,validation,1,128,second_order_response,5,0.015098981290008598,0.014993740491241369,0.9500692310529069,0.9513264249506057
ewma_geometry,causal_control,strict_online,validation,1,128,sine,5,0.015785513601909346,0.01593181708752066,0.9761437801266165,0.9842504177793242
ewma_geometry,causal_control,strict_online,validation,4,32,chirp,5,0.05149222066427241,0.04768094293580179,0.9536656915081553,0.8747308841145289
ewma_geometry,causal_control,strict_online,validation,4,32,first_order_response,5,0.02034357656876009,0.020176871310784453,0.831028151453969,0.813092142580469
ewma_geometry,causal_control,strict_online,validation,4,32,piecewise_linear,5,0.018300324575801528,0.018517577469794582,0.89481906740548,0.887448680545419
ewma_geometry,causal_control,strict_online,validation,4,32,ramp,5,0.018449877923225753,0.018835918253424747,0.8318383620902923,0.8191126165091619
ewma_geometry,causal_control,strict_online,validation,4,32,regime_change,5,0.08832549411093218,0.07938901699641691,0.8270582825709554,0.6727025975192918
ewma_geometry,causal_control,strict_online,validation,4,32,second_order_response,5,0.017983097228412917,0.0189005617058063,0.8489561513883667,0.8240895023308693
ewma_geometry,causal_control,strict_online,validation,4,32,sine,5,0.023957186435343742,0.023970384512908997,1.0078520322481546,1.0052778104196873
ewma_geometry,causal_control,strict_online,validation,4,64,chirp,5,0.03529513236690969,0.035832704206158944,0.8510753270231326,0.8466275081913753
ewma_geometry,causal_control,strict_online,validation,4,64,first_order_response,5,0.02204092304982383,0.021779928778103603,0.7353594870036304,0.7338777924447584
ewma_geometry,causal_control,strict_online,validation,4,64,piecewise_linear,5,0.019525643677006838,0.019097586594940895,0.8888759793351688,0.8929088515683948
ewma_geometry,causal_control,strict_online,validation,4,64,ramp,5,0.020112705065146463,0.020703287473582414,0.7295236841202093,0.730889763956322
ewma_geometry,causal_control,strict_online,validation,4,64,regime_change,5,0.054720477734814844,0.0549391970426543,0.9461964096288717,0.9232539662039002
ewma_geometry,causal_control,strict_online,validation,4,64,second_order_response,5,0.01977245211205438,0.01982333517483852,0.7666844553379663,0.7647092290379437
ewma_geometry,causal_control,strict_online,validation,4,64,sine,5,0.02370560562945002,0.024221864210298854,0.9879494461548065,1.0233745141890833
ewma_geometry,causal_control,strict_online,validation,4,128,chirp,5,0.028683594111619644,0.028629813286386013,1.1316688472492444,1.079049416832556
ewma_geometry,causal_control,strict_online,validation,4,128,first_order_response,5,0.02236051955018933,0.022226324606354646,0.714401246661682,0.7109538732689452
ewma_geometry,causal_control,strict_online,validation,4,128,piecewise_linear,5,0.01968031682376737,0.01919627788914486,0.8630690085539712,0.8489948240751303
ewma_geometry,causal_control,strict_online,validation,4,128,ramp,5,0.020477628672490235,0.021098628308502863,0.7119462216978958,0.7088254391790058
ewma_geometry,causal_control,strict_online,validation,4,128,regime_change,5,0.058767729161104884,0.059275059622168225,1.1462510320011958,1.0841951332191173
ewma_geometry,causal_control,strict_online,validation,4,128,second_order_response,5,0.02008906071592504,0.02013723488866682,0.8625476199746892,0.8497538321679937
ewma_geometry,causal_control,strict_online,validation,4,128,sine,5,0.023095725589357626,0.024084746697551777,1.0551249058996182,1.0329250490463022
ewma_geometry,causal_control,strict_online,validation,16,32,chirp,5,0.2412701765041237,0.1979200291008602,1.091672025543719,0.9668608617469406
ewma_geometry,causal_control,strict_online,validation,16,32,first_order_response,5,0.049271573160765574,0.048222888260321936,0.40611451052248293,0.40336916974844955
ewma_geometry,causal_control,strict_online,validation,16,32,piecewise_linear,5,0.05185397127978283,0.05074975171528684,0.790874775539025,0.7959477060927007
ewma_geometry,causal_control,strict_online,validation,16,32,ramp,5,0.044485739759124565,0.044547208063930026,0.43693570852827196,0.42818599140180597
ewma_geometry,causal_control,strict_online,validation,16,32,regime_change,5,0.429692244519015,0.3514527701927545,0.969458254542286,0.8743826180427251
ewma_geometry,causal_control,strict_online,validation,16,32,second_order_response,5,0.04353423323989343,0.04399794030773587,0.5294917620186597,0.5065739138390906
ewma_geometry,causal_control,strict_online,validation,16,32,sine,5,0.08150640191785433,0.07046490713971366,1.2060454051421856,1.3315546327968357
ewma_geometry,causal_control,strict_online,validation,16,64,chirp,5,0.14605431279070738,0.1469097506619989,0.9960160347415978,0.9762484700193194
ewma_geometry,causal_control,strict_online,validation,16,64,first_order_response,5,0.048309627296247035,0.046993800419755045,0.35370613125144856,0.35785507836943214
ewma_geometry,causal_control,strict_online,validation,16,64,piecewise_linear,5,0.04856946986646156,0.04835648652467566,0.9228537193855398,0.8984323589326286
ewma_geometry,causal_control,strict_online,validation,16,64,ramp,5,0.04574871349921835,0.04468914537148717,0.3458013091514501,0.34566735326476855
ewma_geometry,causal_control,strict_online,validation,16,64,regime_change,5,0.2944206736008242,0.2922206945218669,1.222587846806066,1.2169022458643977
ewma_geometry,causal_control,strict_online,validation,16,64,second_order_response,5,0.04494777226186443,0.04497237118222126,0.5242798800346569,0.5230732070135378
ewma_geometry,causal_control,strict_online,validation,16,64,sine,5,0.061542345111088595,0.06122007224355128,1.1060022488665542,1.1291315336790186
ewma_geometry,causal_control,strict_online,validation,16,128,chirp,5,0.15632995395689944,0.15501747756774187,1.0965277173166617,1.09049946156803
ewma_geometry,causal_control,strict_online,validation,16,128,first_order_response,5,0.04598473917972307,0.04472492840944325,0.3461930519244142,0.3460413790926634
ewma_geometry,causal_control,strict_online,validation,16,128,piecewise_linear,5,0.0478223641181613,0.04564370435148063,0.8906250790225165,0.8897013876053719
ewma_geometry,causal_control,strict_online,validation,16,128,ramp,5,0.0443650268760399,0.04295604348411844,0.3413693595987817,0.3429305264483126
ewma_geometry,causal_control,strict_online,validation,16,128,regime_change,5,0.38428015921644104,0.38300303563893046,1.0897340666228925,1.1167676826190691
ewma_geometry,causal_control,strict_online,validation,16,128,second_order_response,5,0.042221120027507754,0.04213493882210966,0.8662230610854185,0.780044752108797
ewma_geometry,causal_control,strict_online,validation,16,128,sine,5,0.05478800586827369,0.05463261771153251,1.3354751005665189,1.323933846979748
first_difference,baseline,strict_online,test,1,32,chirp,5,0.031038202029997075,0.030218612574925682,,
first_difference,baseline,strict_online,test,1,32,first_order_response,5,0.01199731931048579,0.011738500723680826,,
first_difference,baseline,strict_online,test,1,32,piecewise_linear,5,0.01168775325416861,0.010761072396630909,,
first_difference,baseline,strict_online,test,1,32,ramp,5,0.012221636991702025,0.012655272441142264,,
first_difference,baseline,strict_online,test,1,32,regime_change,5,0.03624166648216727,0.035197164775096094,,
first_difference,baseline,strict_online,test,1,32,second_order_response,5,0.012673897734810962,0.01210420927688505,,
first_difference,baseline,strict_online,test,1,32,sine,5,0.013584969361552752,0.013745191423862449,,
first_difference,baseline,strict_online,test,1,64,chirp,5,0.04267254980756613,0.04261962429716803,,
first_difference,baseline,strict_online,test,1,64,first_order_response,5,0.012598310505782634,0.012567431170930652,,
first_difference,baseline,strict_online,test,1,64,piecewise_linear,5,0.012222676684288924,0.011871358296452484,,
first_difference,baseline,strict_online,test,1,64,ramp,5,0.012547697104072556,0.013065130302660532,,
first_difference,baseline,strict_online,test,1,64,regime_change,5,0.05127621005155306,0.05115262014240479,,
first_difference,baseline,strict_online,test,1,64,second_order_response,5,0.012930027275282474,0.012338232671729819,,
first_difference,baseline,strict_online,test,1,64,sine,5,0.015973939443856312,0.015363575562806238,,
first_difference,baseline,strict_online,test,1,128,chirp,5,0.03771898772203795,0.03690169647173633,,
first_difference,baseline,strict_online,test,1,128,first_order_response,5,0.01356825056418932,0.013392911622693847,,
first_difference,baseline,strict_online,test,1,128,piecewise_linear,5,0.013240798105539723,0.013200190639552033,,
first_difference,baseline,strict_online,test,1,128,ramp,5,0.013423232315348041,0.013763934528811871,,
first_difference,baseline,strict_online,test,1,128,regime_change,5,0.0392342765349651,0.04075593234091536,,
first_difference,baseline,strict_online,test,1,128,second_order_response,5,0.013671079586118828,0.012979875794106996,,
first_difference,baseline,strict_online,test,1,128,sine,5,0.019873875731785885,0.020133974841952798,,
first_difference,baseline,strict_online,test,4,32,chirp,5,0.09376561602969856,0.09400754093880637,,
first_difference,baseline,strict_online,test,4,32,first_order_response,5,0.015143591636524767,0.015202468269831617,,
first_difference,baseline,strict_online,test,4,32,piecewise_linear,5,0.014456632978733014,0.014435727430695582,,
first_difference,baseline,strict_online,test,4,32,ramp,5,0.013261095418179497,0.013703587172204748,,
first_difference,baseline,strict_online,test,4,32,regime_change,5,0.11371569252482268,0.11359764831245096,,
first_difference,baseline,strict_online,test,4,32,second_order_response,5,0.015613333471470398,0.01594438605100599,,
first_difference,baseline,strict_online,test,4,32,sine,5,0.022822788983810464,0.023109555725616255,,
first_difference,baseline,strict_online,test,4,64,chirp,5,0.1292278553677633,0.13021880310757425,,
first_difference,baseline,strict_online,test,4,64,first_order_response,5,0.018468921625993655,0.017099246575774864,,
first_difference,baseline,strict_online,test,4,64,piecewise_linear,5,0.017740928074221545,0.017245864319946624,,
first_difference,baseline,strict_online,test,4,64,ramp,5,0.016405720038799112,0.01610177925222955,,
first_difference,baseline,strict_online,test,4,64,regime_change,5,0.15749803007764354,0.15784725837479588,,
first_difference,baseline,strict_online,test,4,64,second_order_response,5,0.018806935868993575,0.019324524509751927,,
first_difference,baseline,strict_online,test,4,64,sine,5,0.034518439495470385,0.03472571253706931,,
first_difference,baseline,strict_online,test,4,128,chirp,5,0.11155957535205521,0.11274806607965909,,
first_difference,baseline,strict_online,test,4,128,first_order_response,5,0.023982404673004963,0.022403062053193437,,
first_difference,baseline,strict_online,test,4,128,piecewise_linear,5,0.02333198425417413,0.022645738165949367,,
first_difference,baseline,strict_online,test,4,128,ramp,5,0.022275565217009748,0.02167192482989658,,
first_difference,baseline,strict_online,test,4,128,regime_change,5,0.11665686974888086,0.11716711722276078,,
first_difference,baseline,strict_online,test,4,128,second_order_response,5,0.024195005100006762,0.024410815913583128,,
first_difference,baseline,strict_online,test,4,128,sine,5,0.04935691997627866,0.04926866735838385,,
first_difference,baseline,strict_online,test,16,32,chirp,5,0.4303025198016587,0.43430895538717745,,
first_difference,baseline,strict_online,test,16,32,first_order_response,5,0.03031930034304236,0.030690248681505508,,
first_difference,baseline,strict_online,test,16,32,piecewise_linear,5,0.029637913700221834,0.02826404741263663,,
first_difference,baseline,strict_online,test,16,32,ramp,5,0.028531910053969933,0.030285612847031726,,
first_difference,baseline,strict_online,test,16,32,regime_change,5,0.532509074135676,0.5334516871913583,,
first_difference,baseline,strict_online,test,16,32,second_order_response,5,0.03103024883241957,0.031100431935233118,,
first_difference,baseline,strict_online,test,16,32,sine,5,0.09435175620424412,0.0937122332407432,,
first_difference,baseline,strict_online,test,16,64,chirp,5,0.5286612009171983,0.5343614484233641,,
first_difference,baseline,strict_online,test,16,64,first_order_response,5,0.04769746317719787,0.05031761982789618,,
first_difference,baseline,strict_online,test,16,64,piecewise_linear,5,0.04640366548934407,0.04524662210310732,,
first_difference,baseline,strict_online,test,16,64,ramp,5,0.044204104154535,0.044449960802903796,,
first_difference,baseline,strict_online,test,16,64,regime_change,5,0.6202307182321918,0.6217335289619433,,
first_difference,baseline,strict_online,test,16,64,second_order_response,5,0.04801821523822535,0.0489419211815205,,
first_difference,baseline,strict_online,test,16,64,sine,5,0.13898738487541015,0.13880287536995015,,
first_difference,baseline,strict_online,test,16,128,chirp,5,0.41520441215184417,0.4133363953168053,,
first_difference,baseline,strict_online,test,16,128,first_order_response,5,0.0718252461394297,0.07305409024812602,,
first_difference,baseline,strict_online,test,16,128,piecewise_linear,5,0.07152898480993411,0.07047720684435455,,
first_difference,baseline,strict_online,test,16,128,ramp,5,0.06815446249199349,0.06728730596603627,,
first_difference,baseline,strict_online,test,16,128,regime_change,5,0.4331684034599815,0.43618907574507493,,
first_difference,baseline,strict_online,test,16,128,second_order_response,5,0.07090863899484388,0.07075633160586929,,
first_difference,baseline,strict_online,test,16,128,sine,5,0.1807918552801056,0.18185749283140062,,
first_difference,baseline,strict_online,validation,1,32,chirp,5,0.022218715027208603,0.02186252209301567,,
first_difference,baseline,strict_online,validation,1,32,first_order_response,5,0.011764830060455098,0.012011467735245715,,
first_difference,baseline,strict_online,validation,1,32,piecewise_linear,5,0.013992817374715926,0.013709151272109905,,
first_difference,baseline,strict_online,validation,1,32,ramp,5,0.01266851944501729,0.012573604448651231,,
first_difference,baseline,strict_online,validation,1,32,regime_change,5,0.035818372164284774,0.0361183000109624,,
first_difference,baseline,strict_online,validation,1,32,second_order_response,5,0.012429704128705973,0.012924790711836396,,
first_difference,baseline,strict_online,validation,1,32,sine,5,0.013780486229372082,0.013841835840030119,,
first_difference,baseline,strict_online,validation,1,64,chirp,5,0.03319922503009285,0.03341980532165347,,
first_difference,baseline,strict_online,validation,1,64,first_order_response,5,0.012351464885207289,0.01240872012333901,,
first_difference,baseline,strict_online,validation,1,64,piecewise_linear,5,0.014726461767660317,0.01454926611380742,,
first_difference,baseline,strict_online,validation,1,64,ramp,5,0.012957117906278268,0.012859745715335063,,
first_difference,baseline,strict_online,validation,1,64,regime_change,5,0.05167239861467852,0.052529191765172435,,
first_difference,baseline,strict_online,validation,1,64,second_order_response,5,0.012879092160232091,0.013161947953560425,,
first_difference,baseline,strict_online,validation,1,64,sine,5,0.015874627667892834,0.015674885457785677,,
first_difference,baseline,strict_online,validation,1,128,chirp,5,0.03408185423607188,0.03488877835064035,,
first_difference,baseline,strict_online,validation,1,128,first_order_response,5,0.013566684735985204,0.013669969487016738,,
first_difference,baseline,strict_online,validation,1,128,piecewise_linear,5,0.01585562798149694,0.015251940091804944,,
first_difference,baseline,strict_online,validation,1,128,ramp,5,0.013955398169997269,0.013822183549483674,,
first_difference,baseline,strict_online,validation,1,128,regime_change,5,0.042708782668886044,0.04365675805835155,,
first_difference,baseline,strict_online,validation,1,128,second_order_response,5,0.014072817053172901,0.014081814742034135,,
first_difference,baseline,strict_online,validation,1,128,sine,5,0.01891934951799525,0.01881653032810734,,
first_difference,baseline,strict_online,validation,4,32,chirp,5,0.06550771277106872,0.06504204960035896,,
first_difference,baseline,strict_online,validation,4,32,first_order_response,5,0.016024211398326195,0.01555121809147639,,
first_difference,baseline,strict_online,validation,4,32,piecewise_linear,5,0.015567208560690864,0.01544207867825742,,
first_difference,baseline,strict_online,validation,4,32,ramp,5,0.01461295274457013,0.015051458134476156,,
first_difference,baseline,strict_online,validation,4,32,regime_change,5,0.11480020679890761,0.11499226254569082,,
first_difference,baseline,strict_online,validation,4,32,second_order_response,5,0.014595828899308827,0.015067701430777423,,
first_difference,baseline,strict_online,validation,4,32,sine,5,0.024502204628400456,0.02496294776617138,,
first_difference,baseline,strict_online,validation,4,64,chirp,5,0.10059733757457782,0.10100033802268427,,
first_difference,baseline,strict_online,validation,4,64,first_order_response,5,0.0194819832017289,0.018975087300193868,,
first_difference,baseline,strict_online,validation,4,64,piecewise_linear,5,0.019130973203700708,0.018903284499943735,,
first_difference,baseline,strict_online,validation,4,64,ramp,5,0.017448111931277342,0.018201357089044648,,
first_difference,baseline,strict_online,validation,4,64,regime_change,5,0.16109925958145477,0.16113989857671446,,
first_difference,baseline,strict_online,validation,4,64,second_order_response,5,0.018067474019680684,0.017951081648025852,,
first_difference,baseline,strict_online,validation,4,64,sine,5,0.03622059995296352,0.03675075783283232,,
first_difference,baseline,strict_online,validation,4,128,chirp,5,0.09926634598229904,0.09989454036493428,,
first_difference,baseline,strict_online,validation,4,128,first_order_response,5,0.02537832118771568,0.02543308858119987,,
first_difference,baseline,strict_online,validation,4,128,piecewise_linear,5,0.024655061638336473,0.02372578980089195,,
first_difference,baseline,strict_online,validation,4,128,ramp,5,0.022720353816942814,0.02332728848388404,,
first_difference,baseline,strict_online,validation,4,128,regime_change,5,0.12939148266623207,0.13022702716204776,,
first_difference,baseline,strict_online,validation,4,128,second_order_response,5,0.024037107176959917,0.02284649467028584,,
first_difference,baseline,strict_online,validation,4,128,sine,5,0.049164623105039315,0.04997324981247516,,
first_difference,baseline,strict_online,validation,16,32,chirp,5,0.31148251443796837,0.3106482285440044,,
first_difference,baseline,strict_online,validation,16,32,first_order_response,5,0.033125643028758645,0.03150925138524204,,
first_difference,baseline,strict_online,validation,16,32,piecewise_linear,5,0.04364780018089882,0.04435518742729513,,
first_difference,baseline,strict_online,validation,16,32,ramp,5,0.02929099465009057,0.02999864209609696,,
first_difference,baseline,strict_online,validation,16,32,regime_change,5,0.5293983581347622,0.5308135132627395,,
first_difference,baseline,strict_online,validation,16,32,second_order_response,5,0.03247017841094226,0.03255146470159829,,
first_difference,baseline,strict_online,validation,16,32,sine,5,0.09698271404858741,0.09672489706334583,,
first_difference,baseline,strict_online,validation,16,64,chirp,5,0.41203210213075864,0.41051204638701766,,
first_difference,baseline,strict_online,validation,16,64,first_order_response,5,0.04978993476699515,0.04750306767218666,,
first_difference,baseline,strict_online,validation,16,64,piecewise_linear,5,0.05815628450368594,0.056312622350959615,,
first_difference,baseline,strict_online,validation,16,64,ramp,5,0.04349734611485256,0.045584592661926354,,
first_difference,baseline,strict_online,validation,16,64,regime_change,5,0.6450198987939674,0.6474352892126128,,
first_difference,baseline,strict_online,validation,16,64,second_order_response,5,0.04942913858594719,0.049263053473194596,,
first_difference,baseline,strict_online,validation,16,64,sine,5,0.14065138118482876,0.14011985993281745,,
first_difference,baseline,strict_online,validation,16,128,chirp,5,0.3606757120507153,0.36479574358206096,,
first_difference,baseline,strict_online,validation,16,128,first_order_response,5,0.07465945525520287,0.07289358437018514,,
first_difference,baseline,strict_online,validation,16,128,piecewise_linear,5,0.08031332373137338,0.07609686872807113,,
first_difference,baseline,strict_online,validation,16,128,ramp,5,0.06664730005763739,0.06841086631217153,,
first_difference,baseline,strict_online,validation,16,128,regime_change,5,0.514598218016028,0.5143242771760298,,
first_difference,baseline,strict_online,validation,16,128,second_order_response,5,0.07494361441678292,0.07361709889304914,,
first_difference,baseline,strict_online,validation,16,128,sine,5,0.17702271640494877,0.17731665321124426,,
fixed_geometry,causal_control,forecast_causal_fixed_boundaries,test,1,32,chirp,5,0.025521311917886723,0.025725792586104742,0.7504292053189128,0.7321742541954962
fixed_geometry,causal_control,forecast_causal_fixed_boundaries,test,1,32,first_order_response,5,0.013867355622486394,0.013976274059825817,1.001097366240847,1.000867555794489
fixed_geometry,causal_control,forecast_causal_fixed_boundaries,test,1,32,piecewise_linear,5,0.013491993824482646,0.013551920206230568,0.9994557221127607,0.9990259512232007
fixed_geometry,causal_control,forecast_causal_fixed_boundaries,test,1,32,ramp,5,0.013657700722685934,0.013991341851587277,1.001287885182979,1.0013088644196513
fixed_geometry,causal_control,forecast_causal_fixed_boundaries,test,1,32,regime_change,5,0.028864958680665676,0.029263233323374483,0.8137431697869524,0.7628691713171187
fixed_geometry,causal_control,forecast_causal_fixed_boundaries,test,1,32,second_order_response,5,0.013969192066936378,0.013153120426635873,1.0007727354495604,1.0000494195717158
fixed_geometry,causal_control,forecast_causal_fixed_boundaries,test,1,32,sine,5,0.014857820081116519,0.014727968134425827,0.9930325571261678,0.9937732358613682
fixed_geometry,causal_control,forecast_causal_fixed_boundaries,test,1,64,chirp,5,0.01881859249405158,0.01747347723303579,0.9692906868334903,0.9441033764020262
fixed_geometry,causal_control,forecast_causal_fixed_boundaries,test,1,64,first_order_response,5,0.014016103559306376,0.014109321322731301,0.984578043024318,0.9888848706593173
fixed_geometry,causal_control,forecast_causal_fixed_boundaries,test,1,64,piecewise_linear,5,0.013630957721474473,0.013704828516787065,0.9850376697575325,0.9862166095301579
fixed_geometry,causal_control,forecast_causal_fixed_boundaries,test,1,64,ramp,5,0.013771387973809366,0.014001252727086471,0.987942801111345,0.9892594214380841
fixed_geometry,causal_control,forecast_causal_fixed_boundaries,test,1,64,regime_change,5,0.022182812215839426,0.020822339374843006,0.8889750331051912,0.898081454910867
fixed_geometry,causal_control,forecast_causal_fixed_boundaries,test,1,64,second_order_response,5,0.014100740907433023,0.013320565478808282,0.9855312232664346,0.9915914729286859
fixed_geometry,causal_control,forecast_causal_fixed_boundaries,test,1,64,sine,5,0.014708773268800577,0.014535702392308565,0.9982810358364336,0.9963139391979602
fixed_geometry,causal_control,forecast_causal_fixed_boundaries,test,1,128,chirp,5,0.02517247425683235,0.02503915005218198,0.7262458938059103,0.7171390457465154
fixed_geometry,causal_control,forecast_causal_fixed_boundaries,test,1,128,first_order_response,5,0.013894472032303675,0.013894045320198452,0.987188044621307,0.9898125966907819
fixed_geometry,causal_control,forecast_causal_fixed_boundaries,test,1,128,piecewise_linear,5,0.013496857678915014,0.013557109818850676,0.9939912864763756,0.9926189485308873
fixed_geometry,causal_control,forecast_causal_fixed_boundaries,test,1,128,ramp,5,0.013753694576452442,0.014002256156464374,0.9864437668704564,0.9866412212452349
fixed_geometry,causal_control,forecast_causal_fixed_boundaries,test,1,128,regime_change,5,0.029897318363170437,0.029627973659317852,0.6632604103763307,0.660803236714547
fixed_geometry,causal_control,forecast_causal_fixed_boundaries,test,1,128,second_order_response,5,0.013986597921404071,0.013192402676241447,0.9954244130554347,0.9965469029361729
fixed_geometry,causal_control,forecast_causal_fixed_boundaries,test,1,128,sine,5,0.014364477992084502,0.014377413093121771,1.0238486483286398,1.018862323736527
fixed_geometry,causal_control,forecast_causal_fixed_boundaries,test,4,32,chirp,5,0.07005960763215267,0.091535553420981,0.9260241824865985,0.8317741204618434
fixed_geometry,causal_control,forecast_causal_fixed_boundaries,test,4,32,first_order_response,5,0.0167898007136022,0.016355148757632675,0.9564445379818511,1.0054058445022371
fixed_geometry,causal_control,forecast_causal_fixed_boundaries,test,4,32,piecewise_linear,5,0.016286443280418166,0.016493137237671575,0.9439849293128123,0.9991483443387794
fixed_geometry,causal_control,forecast_causal_fixed_boundaries,test,4,32,ramp,5,0.014611858441507582,0.014728615423605134,0.9604324895511434,1.0057427408124562
fixed_geometry,causal_control,forecast_causal_fixed_boundaries,test,4,32,regime_change,5,0.08539695017418643,0.11014532694812411,0.9152076160984107,0.9430297574894043
fixed_geometry,causal_control,forecast_causal_fixed_boundaries,test,4,32,second_order_response,5,0.017030703911689836,0.01668531400160353,0.9653166546536853,1.005010085705727
fixed_geometry,causal_control,forecast_causal_fixed_boundaries,test,4,32,sine,5,0.0221451818436362,0.022256698676206634,1.019260782794761,0.9601041615410427
fixed_geometry,causal_control,forecast_causal_fixed_boundaries,test,4,64,chirp,5,0.03894009458963734,0.03902187488907745,1.101024351880431,1.1040811061511784
fixed_geometry,causal_control,forecast_causal_fixed_boundaries,test,4,64,first_order_response,5,0.017809094967123247,0.019709677825800402,0.87352033399231,0.8959159824343804
fixed_geometry,causal_control,forecast_causal_fixed_boundaries,test,4,64,piecewise_linear,5,0.017422909789097645,0.01785650647243865,0.8519180087603704,0.8625559804942785
fixed_geometry,causal_control,forecast_causal_fixed_boundaries,test,4,64,ramp,5,0.015831519108241775,0.01628561180371824,0.8532016743012607,0.8616450854944186
fixed_geometry,causal_control,forecast_causal_fixed_boundaries,test,4,64,regime_change,5,0.04541699649650512,0.046854992273229645,1.078585563124239,1.034438155992957
fixed_geometry,causal_control,forecast_causal_fixed_boundaries,test,4,64,second_order_response,5,0.018008433093286882,0.017867747317557598,0.8841305244013993,0.8972267222719935
fixed_geometry,causal_control,forecast_causal_fixed_boundaries,test,4,64,sine,5,0.01950314906979054,0.019484783668057643,1.0519748776290663,1.0443075607678582
fixed_geometry,causal_control,forecast_causal_fixed_boundaries,test,4,128,chirp,5,0.0600692993445745,0.04228466422832925,1.0556431176262884,1.2187583225799716
fixed_geometry,causal_control,forecast_causal_fixed_boundaries,test,4,128,first_order_response,5,0.018789278088632472,0.019967696842601468,0.8197484120642544,0.7944048504238432
fixed_geometry,causal_control,forecast_causal_fixed_boundaries,test,4,128,piecewise_linear,5,0.017896549749315243,0.017891298892690203,0.8229773571398796,0.7841044746002189
fixed_geometry,causal_control,forecast_causal_fixed_boundaries,test,4,128,ramp,5,0.016383403283515986,0.018339754282141574,0.8254217390706939,0.7684967380390667
fixed_geometry,causal_control,forecast_causal_fixed_boundaries,test,4,128,regime_change,5,0.07165852307090115,0.04352464142677537,1.0136971067765164,1.2596793242492612
fixed_geometry,causal_control,forecast_causal_fixed_boundaries,test,4,128,second_order_response,5,0.018531027336340662,0.01793262209932689,0.8740213309435058,0.8319048617522647
fixed_geometry,causal_control,forecast_causal_fixed_boundaries,test,4,128,sine,5,0.01991802737945129,0.02103109850639572,1.0387767615410115,0.9932608202590636
fixed_geometry,causal_control,forecast_causal_fixed_boundaries,test,16,32,chirp,5,0.31118119299913943,0.23620333381804848,1.1173177440235027,0.916323962591091
fixed_geometry,causal_control,forecast_causal_fixed_boundaries,test,16,32,first_order_response,5,0.029819651215596384,0.0314660437799058,0.7297666327296801,0.5834051995783587
fixed_geometry,causal_control,forecast_causal_fixed_boundaries,test,16,32,piecewise_linear,5,0.030923566077048725,0.03351665891234008,0.6595973362047964,0.5133988210264276
fixed_geometry,causal_control,forecast_causal_fixed_boundaries,test,16,32,ramp,5,0.027907241936418997,0.03133871012564613,0.7319187684617375,0.6176796841106081
fixed_geometry,causal_control,forecast_causal_fixed_boundaries,test,16,32,regime_change,5,0.40011131726772964,0.29692959748440484,0.9755878111720266,0.86619959233219
fixed_geometry,causal_control,forecast_causal_fixed_boundaries,test,16,32,second_order_response,5,0.030680048047876524,0.032821659214025294,0.7282968751881125,0.6337279262172316
fixed_geometry,causal_control,forecast_causal_fixed_boundaries,test,16,32,sine,5,0.07760350332726525,0.06557178655880756,1.2365584190746055,1.4171338280582129
fixed_geometry,causal_control,forecast_causal_fixed_boundaries,test,16,64,chirp,5,0.21575801430259073,0.21835389647845654,1.2767570049233128,1.267437964937412
fixed_geometry,causal_control,forecast_causal_fixed_boundaries,test,16,64,first_order_response,5,0.03584019071386575,0.043719485792257554,0.5113201406618867,0.4255595786711963
fixed_geometry,causal_control,forecast_causal_fixed_boundaries,test,16,64,piecewise_linear,5,0.03812017549143018,0.037129567023412496,0.49383248606824104,0.4525931676415206
fixed_geometry,causal_control,forecast_causal_fixed_boundaries,test,16,64,ramp,5,0.033618145686119934,0.035646914912473425,0.48473341864332653,0.44047008700669904
fixed_geometry,causal_control,forecast_causal_fixed_boundaries,test,16,64,regime_change,5,0.26994232074964863,0.2578573085703423,1.1811420112032973,1.214917372187147
fixed_geometry,causal_control,forecast_causal_fixed_boundaries,test,16,64,second_order_response,5,0.03553435297390997,0.03865487143148697,0.6386042728685419,0.5903179155217197
fixed_geometry,causal_control,forecast_causal_fixed_boundaries,test,16,64,sine,5,0.05797118853818861,0.06009656348731192,1.0722249111803752,1.0520289616398404
fixed_geometry,causal_control,forecast_causal_fixed_boundaries,test,16,128,chirp,5,0.43954787614490576,0.43909024256931894,0.810766075177032,0.798480304202873
fixed_geometry,causal_control,forecast_causal_fixed_boundaries,test,16,128,first_order_response,5,0.019073954892694187,0.02111674836735998,0.8200448456494455,0.8135380598962622
fixed_geometry,causal_control,forecast_causal_fixed_boundaries,test,16,128,piecewise_linear,5,0.03237983980228535,0.03136328726283043,0.5353641121189827,0.5350998222859676
fixed_geometry,causal_control,forecast_causal_fixed_boundaries,test,16,128,ramp,5,0.02065015061775129,0.02060553920462845,0.6990684438758191,0.7064662352883937
fixed_geometry,causal_control,forecast_causal_fixed_boundaries,test,16,128,regime_change,5,0.606959849006086,0.6067465944812889,0.6410461254666961,0.643422933682459
fixed_geometry,causal_control,forecast_causal_fixed_boundaries,test,16,128,second_order_response,5,0.02039823709727182,0.020072854591260243,1.2728511246024494,1.275263388867148
fixed_geometry,causal_control,forecast_causal_fixed_boundaries,test,16,128,sine,5,0.04945306699049511,0.04942745498419864,1.1398139340873432,1.0918634949305355
fixed_geometry,causal_control,forecast_causal_fixed_boundaries,validation,1,32,chirp,5,0.01941137453398297,0.019412114149735992,0.9459143973373717,0.9541755211944817
fixed_geometry,causal_control,forecast_causal_fixed_boundaries,validation,1,32,first_order_response,5,0.013997550364068504,0.014023047120457892,1.0010999683729058,1.000817261856628
fixed_geometry,causal_control,forecast_causal_fixed_boundaries,validation,1,32,piecewise_linear,5,0.016138880779245024,0.01619566171753033,1.0103481703793162,1.006010123871246
fixed_geometry,causal_control,forecast_causal_fixed_boundaries,validation,1,32,ramp,5,0.014232797900904776,0.014085549636888,1.0011105004905612,1.0009973620304775
fixed_geometry,causal_control,forecast_causal_fixed_boundaries,validation,1,32,regime_change,5,0.0282769409126937,0.03002622178747515,0.8525328283466855,0.7420253154961816
fixed_geometry,causal_control,forecast_causal_fixed_boundaries,validation,1,32,second_order_response,5,0.01416804132543677,0.01382382757746444,1.0009407447615097,1.0008677951998113
fixed_geometry,causal_control,forecast_causal_fixed_boundaries,validation,1,32,sine,5,0.014886820499050052,0.015143149285079812,1.0035487281847248,1.0069194797914083
fixed_geometry,causal_control,forecast_causal_fixed_boundaries,validation,1,64,chirp,5,0.015481427107496445,0.015717261958490308,1.0549564952053478,1.103752864453388
fixed_geometry,causal_control,forecast_causal_fixed_boundaries,validation,1,64,first_order_response,5,0.014129068535433031,0.014010126735513682,0.9822989775470257,0.9836399607133242
fixed_geometry,causal_control,forecast_causal_fixed_boundaries,validation,1,64,piecewise_linear,5,0.016221011435070112,0.016004728741737913,1.00622535360085,1.0062437867156528
fixed_geometry,causal_control,forecast_causal_fixed_boundaries,validation,1,64,ramp,5,0.014318245132202565,0.014229095642614372,0.9807642509456583,0.981941990239928
fixed_geometry,causal_control,forecast_causal_fixed_boundaries,validation,1,64,regime_change,5,0.022292387968246542,0.02277542251592359,0.9385555530475823,0.9461021497590956
fixed_geometry,causal_control,forecast_causal_fixed_boundaries,validation,1,64,second_order_response,5,0.014226840306956446,0.014111948692128966,0.9881591255215951,0.977259939841355
fixed_geometry,causal_control,forecast_causal_fixed_boundaries,validation,1,64,sine,5,0.014712791608551618,0.01487003030483429,1.0342856086349828,1.0416197600953803
fixed_geometry,causal_control,forecast_causal_fixed_boundaries,validation,1,128,chirp,5,0.017182360908801115,0.017706693196433674,0.8950881053484512,0.9317861976650069
fixed_geometry,causal_control,forecast_causal_fixed_boundaries,validation,1,128,first_order_response,5,0.01398731273181717,0.01397534993107372,0.9846996936475234,0.9865137970600676
fixed_geometry,causal_control,forecast_causal_fixed_boundaries,validation,1,128,piecewise_linear,5,0.016179121645019907,0.015781191356488977,0.9988104273727748,1.004174401804437
fixed_geometry,causal_control,forecast_causal_fixed_boundaries,validation,1,128,ramp,5,0.01430153515575822,0.014236687692836935,0.9827026008760246,0.9799614395407928
fixed_geometry,causal_control,forecast_causal_fixed_boundaries,validation,1,128,regime_change,5,0.029567373418958293,0.031146800015270502,0.705542160560665,0.7001607202368615
fixed_geometry,causal_control,forecast_causal_fixed_boundaries,validation,1,128,second_order_response,5,0.014221493819487317,0.014078678587739242,1.0084803069890462,1.0103075349205748
fixed_geometry,causal_control,forecast_causal_fixed_boundaries,validation,1,128,sine,5,0.014546884011969203,0.014717971906878657,1.057314418949875,1.0542645611476815
fixed_geometry,causal_control,forecast_causal_fixed_boundaries,validation,4,32,chirp,5,0.05100002208956896,0.06434803591258062,1.0366298824240547,0.9890683248928126
fixed_geometry,causal_control,forecast_causal_fixed_boundaries,validation,4,32,first_order_response,5,0.0175630855138584,0.018391394247436035,0.9623300764846006,1.0058753639341609
fixed_geometry,causal_control,forecast_causal_fixed_boundaries,validation,4,32,piecewise_linear,5,0.01660355406104181,0.015801250955289704,0.99022003679382,1.0038215251002929
fixed_geometry,causal_control,forecast_causal_fixed_boundaries,validation,4,32,ramp,5,0.01604280480124516,0.01585185336765118,0.9632612236798751,1.0057821393873776
fixed_geometry,causal_control,forecast_causal_fixed_boundaries,validation,4,32,regime_change,5,0.0865952939545727,0.11061330529894836,0.9399211211530734,1.0195673516120167
fixed_geometry,causal_control,forecast_causal_fixed_boundaries,validation,4,32,second_order_response,5,0.015908867354671813,0.015384306403399745,0.9618984728574169,1.0044634238996564
fixed_geometry,causal_control,forecast_causal_fixed_boundaries,validation,4,32,sine,5,0.022682946000825197,0.02503254215364953,1.0856935782507857,0.968359327782863
fixed_geometry,causal_control,forecast_causal_fixed_boundaries,validation,4,64,chirp,5,0.026254200468125773,0.026736486620354702,1.1577657831314583,1.1138083643834429
fixed_geometry,causal_control,forecast_causal_fixed_boundaries,validation,4,64,first_order_response,5,0.018522097253893578,0.018093653470545427,0.8745437292136703,0.8792981017541036
fixed_geometry,causal_control,forecast_causal_fixed_boundaries,validation,4,64,piecewise_linear,5,0.016751384316705937,0.0157111981198178,1.0377052583674207,1.0152647699971549
fixed_geometry,causal_control,forecast_causal_fixed_boundaries,validation,4,64,ramp,5,0.01685591588789968,0.017532756705277566,0.867708142585035,0.8870636426632992
fixed_geometry,causal_control,forecast_causal_fixed_boundaries,validation,4,64,regime_change,5,0.047057828913207735,0.046856012575192174,1.0993957160756898,1.0555946246067471
fixed_geometry,causal_control,forecast_causal_fixed_boundaries,validation,4,64,second_order_response,5,0.016898581534269784,0.016930084615037064,0.895906337826488,0.8996592418977025
fixed_geometry,causal_control,forecast_causal_fixed_boundaries,validation,4,64,sine,5,0.019826048048885006,0.020663835033985473,1.1883557604744799,1.1906791490852298
fixed_geometry,causal_control,forecast_causal_fixed_boundaries,validation,4,128,chirp,5,0.034102895449894324,0.02768573687148583,1.0130394811723558,1.1817984217107163
fixed_geometry,causal_control,forecast_causal_fixed_boundaries,validation,4,128,first_order_response,5,0.019090709713258158,0.017580794697889607,0.845057106777389,0.8022559669929785
fixed_geometry,causal_control,forecast_causal_fixed_boundaries,validation,4,128,piecewise_linear,5,0.018351673161684755,0.018096080064578912,0.9292653482229447,0.9109776084145194
fixed_geometry,causal_control,forecast_causal_fixed_boundaries,validation,4,128,ramp,5,0.01724999215120978,0.0177927532748928,0.8469088676941741,0.7997904431004479
fixed_geometry,causal_control,forecast_causal_fixed_boundaries,validation,4,128,regime_change,5,0.07525593769118459,0.04826816593738693,1.0663674087792638,1.2911615152889293
fixed_geometry,causal_control,forecast_causal_fixed_boundaries,validation,4,128,second_order_response,5,0.01753259388098961,0.01712657249346766,1.0049584608480582,1.0492430435692237
fixed_geometry,causal_control,forecast_causal_fixed_boundaries,validation,4,128,sine,5,0.020158525797657506,0.020433430184289454,1.2185158155576281,1.1313981610931794
fixed_geometry,causal_control,forecast_causal_fixed_boundaries,validation,16,32,chirp,5,0.2369977860341963,0.18719006679760863,1.1308599201370366,0.9721754819331465
fixed_geometry,causal_control,forecast_causal_fixed_boundaries,validation,16,32,first_order_response,5,0.028711642831133727,0.029204641727750974,0.7531842794561024,0.6765823237024389
fixed_geometry,causal_control,forecast_causal_fixed_boundaries,validation,16,32,piecewise_linear,5,0.04128021842913754,0.04187943205419465,0.9883087445511023,1.0006387338122817
fixed_geometry,causal_control,forecast_causal_fixed_boundaries,validation,16,32,ramp,5,0.02862448172989866,0.032800707496352846,0.752179831330127,0.6142926242405969
fixed_geometry,causal_control,forecast_causal_fixed_boundaries,validation,16,32,regime_change,5,0.40336555644991545,0.3164927657812368,1.0565474918276014,0.90419908214433
fixed_geometry,causal_control,forecast_causal_fixed_boundaries,validation,16,32,second_order_response,5,0.027584967524664654,0.029732536306310134,0.8696327587482411,0.8628322970212577
fixed_geometry,causal_control,forecast_causal_fixed_boundaries,validation,16,32,sine,5,0.07652724046179399,0.061995764211000545,1.3236328301299705,1.5487892127830347
fixed_geometry,causal_control,forecast_causal_fixed_boundaries,validation,16,64,chirp,5,0.13304961714063626,0.1320339947783683,1.0975494297814603,1.101824736150446
fixed_geometry,causal_control,forecast_causal_fixed_boundaries,validation,16,64,first_order_response,5,0.035203593507245924,0.03549626103962391,0.5068870289887835,0.4482916247732186
fixed_geometry,causal_control,forecast_causal_fixed_boundaries,validation,16,64,piecewise_linear,5,0.04398275253728934,0.04583477710722194,1.0309207982263964,0.9629563967031519
fixed_geometry,causal_control,forecast_causal_fixed_boundaries,validation,16,64,ramp,5,0.03453535588276835,0.041021534258105785,0.4798029907505669,0.42429595035193934
fixed_geometry,causal_control,forecast_causal_fixed_boundaries,validation,16,64,regime_change,5,0.26421105697203406,0.24940629488830465,1.3685662210182805,1.3118420336276537
fixed_geometry,causal_control,forecast_causal_fixed_boundaries,validation,16,64,second_order_response,5,0.036104540859405294,0.041131455309788165,0.6835752669392574,0.5710583160994149
fixed_geometry,causal_control,forecast_causal_fixed_boundaries,validation,16,64,sine,5,0.057072334913807886,0.057528389086414014,1.1956966742287247,1.2284036182760882
fixed_geometry,causal_control,forecast_causal_fixed_boundaries,validation,16,128,chirp,5,0.2592660175332319,0.25874181053012535,0.6610475781435563,0.6673286848752511
fixed_geometry,causal_control,forecast_causal_fixed_boundaries,validation,16,128,first_order_response,5,0.0201172805470722,0.0201150515235447,0.7917475062819134,0.7985066709428631
fixed_geometry,causal_control,forecast_causal_fixed_boundaries,validation,16,128,piecewise_linear,5,0.0535808208723785,0.05333462353971474,0.7828419345766029,0.7796851182081688
fixed_geometry,causal_control,forecast_causal_fixed_boundaries,validation,16,128,ramp,5,0.021798462886285615,0.022139934587819297,0.6939671542077306,0.7042102613827709
fixed_geometry,causal_control,forecast_causal_fixed_boundaries,validation,16,128,regime_change,5,0.6196819939899852,0.6196175265683278,0.6751141833779083,0.7008966968694309
fixed_geometry,causal_control,forecast_causal_fixed_boundaries,validation,16,128,second_order_response,5,0.021098120606128357,0.020707642025792977,1.7404396177991703,1.5289211658383803
fixed_geometry,causal_control,forecast_causal_fixed_boundaries,validation,16,128,sine,5,0.05526176925914221,0.054985441091873435,1.3163503231302247,1.2902232724240117
local_geometry,primary_control,strict_online,test,1,32,chirp,5,0.03083067201111463,0.030534914265030546,0.6203084105681738,0.5740863774263127
local_geometry,primary_control,strict_online,test,1,32,first_order_response,5,0.011913040669853988,0.011446131399648384,1.1624696551699336,1.1881767368002152
local_geometry,primary_control,strict_online,test,1,32,piecewise_linear,5,0.011646276883495168,0.010669034460315401,1.1581643130386179,1.1422702142453132
local_geometry,primary_control,strict_online,test,1,32,ramp,5,0.012220429560675854,0.012790596269283805,1.1187285013538832,1.0947187130198601
local_geometry,primary_control,strict_online,test,1,32,regime_change,5,0.03641458547631719,0.03515389960385097,0.6459259222380486,0.6020624802833744
local_geometry,primary_control,strict_online,test,1,32,second_order_response,5,0.012824192084221397,0.01219602601254868,1.0903483720167704,1.0821076339229851
local_geometry,primary_control,strict_online,test,1,32,sine,5,0.013615947932411518,0.013659475053771393,1.0839148251114588,1.072771004186332
local_geometry,primary_control,strict_online,test,1,64,chirp,5,0.04413318705693208,0.04455033965497263,0.41342532182123637,0.3928247520067765
local_geometry,primary_control,strict_online,test,1,64,first_order_response,5,0.012683842206498134,0.012802239360127853,1.084549993113763,1.0898479554111813
local_geometry,primary_control,strict_online,test,1,64,piecewise_linear,5,0.012278693500049655,0.012106975327629513,1.0927458557577185,1.0876933577109105
local_geometry,primary_control,strict_online,test,1,64,ramp,5,0.012447673782241927,0.013113893255257988,1.0961154367986212,1.0872335216922508
local_geometry,primary_control,strict_online,test,1,64,regime_change,5,0.05250862173625377,0.05252614555906102,0.37643197942025874,0.36734375116852136
local_geometry,primary_control,strict_online,test,1,64,second_order_response,5,0.012990333393635017,0.012341146278830956,1.0697736431259461,1.0740999324127487
local_geometry,primary_control,strict_online,test,1,64,sine,5,0.016472659192254067,0.01611872010307276,0.8946426471120839,0.9017824721485864
local_geometry,primary_control,strict_online,test,1,128,chirp,5,0.03904362712220584,0.03886076001758784,0.46952386874351637,0.48426698237792404
local_geometry,primary_control,strict_online,test,1,128,first_order_response,5,0.013499756256691498,0.013261145558209054,1.015809589266793,1.0175951996858332
local_geometry,primary_control,strict_online,test,1,128,piecewise_linear,5,0.013182988990923164,0.013420131951846657,1.0185406242773358,1.011225173194951
local_geometry,primary_control,strict_online,test,1,128,ramp,5,0.013320647968865484,0.013723547356948251,1.0216889351848544,1.0066787219856799
local_geometry,primary_control,strict_online,test,1,128,regime_change,5,0.04109291957576948,0.04146318149823469,0.4881331635102109,0.44838815957090883
local_geometry,primary_control,strict_online,test,1,128,second_order_response,5,0.013597204011877886,0.012869475155176138,1.0253594767578402,1.029163958216602
local_geometry,primary_control,strict_online,test,1,128,sine,5,0.020089470466363033,0.020395365191463132,0.73557244519267,0.7409515291132902
local_geometry,primary_control,strict_online,test,4,32,chirp,5,0.0923987610454152,0.09305427659434111,0.5915004266290327,0.5289410547132642
local_geometry,primary_control,strict_online,test,4,32,first_order_response,5,0.015295856269269431,0.015057403806907543,1.0436016059780386,1.043292281818524
local_geometry,primary_control,strict_online,test,4,32,piecewise_linear,5,0.014688654552815875,0.014362584796739285,1.0415626952365256,1.0444427988892342
local_geometry,primary_control,strict_online,test,4,32,ramp,5,0.013390975743133419,0.013916756730316301,1.0515189502362312,1.0500170530321393
local_geometry,primary_control,strict_online,test,4,32,regime_change,5,0.11443172372137167,0.11274848642353624,0.5961973405967352,0.5618851957456041
local_geometry,primary_control,strict_online,test,4,32,second_order_response,5,0.01597812577413788,0.016265683135014825,1.0247567796311274,1.0114013405631057
local_geometry,primary_control,strict_online,test,4,32,sine,5,0.022888560189152484,0.023138879032627777,0.9810098416799535,0.9741378686926749
local_geometry,primary_control,strict_online,test,4,64,chirp,5,0.13291077813293756,0.13328256410283723,0.32230135736633336,0.32651771962913817
local_geometry,primary_control,strict_online,test,4,64,first_order_response,5,0.018883041811245692,0.01859643186912526,0.8166954089508888,0.8213262202658657
local_geometry,primary_control,strict_online,test,4,64,piecewise_linear,5,0.017793980321384496,0.017507642441220255,0.8339824077751533,0.8479130270650624
local_geometry,primary_control,strict_online,test,4,64,ramp,5,0.016237079833775498,0.016179717259245625,0.831518912827371,0.8285891869881029
local_geometry,primary_control,strict_online,test,4,64,regime_change,5,0.16008802844927722,0.15886439938852664,0.305314985724312,0.3097474759376127
local_geometry,primary_control,strict_online,test,4,64,second_order_response,5,0.019148548866660654,0.019281088412570476,0.8324782207375072,0.8267480590086518
local_geometry,primary_control,strict_online,test,4,64,sine,5,0.03588353547672083,0.035698861915932426,0.5700730946701892,0.5620267315149462
local_geometry,primary_control,strict_online,test,4,128,chirp,5,0.11472976900155744,0.1164088896547524,0.47605224809875474,0.4754703908340969
local_geometry,primary_control,strict_online,test,4,128,first_order_response,5,0.02338467020078957,0.022125117006685215,0.6483742492274278,0.6398533739520774
local_geometry,primary_control,strict_online,test,4,128,piecewise_linear,5,0.022817386747035935,0.021927405670916587,0.6447652771008802,0.6397768951196641
local_geometry,primary_control,strict_online,test,4,128,ramp,5,0.021935040923054615,0.021449761533033306,0.6062276696138611,0.5944430278873843
local_geometry,primary_control,strict_online,test,4,128,regime_change,5,0.12187339832913657,0.1213852270616536,0.4808498778906688,0.477129577787049
local_geometry,primary_control,strict_online,test,4,128,second_order_response,5,0.023613986358273265,0.023774664441119173,0.6836724643783034,0.6923904036911659
local_geometry,primary_control,strict_online,test,4,128,sine,5,0.049968786355257075,0.04950224347530423,0.40432690126542764,0.41463259164634214
local_geometry,primary_control,strict_online,test,16,32,chirp,5,0.4237717671843225,0.4271313764877,0.748015381150374,0.6504714826276708
local_geometry,primary_control,strict_online,test,16,32,first_order_response,5,0.03358205850887116,0.03364092551049798,0.5647346753688663,0.5704380591988477
local_geometry,primary_control,strict_online,test,16,32,piecewise_linear,5,0.032330759740223994,0.033534585689530064,0.5814294744227603,0.597893413781071
local_geometry,primary_control,strict_online,test,16,32,ramp,5,0.03145652700354636,0.0344984355347895,0.5913858537790382,0.557864580454047
local_geometry,primary_control,strict_online,test,16,32,regime_change,5,0.5350747538793715,0.538346443304913,0.6710351977605253,0.4638705347530608
local_geometry,primary_control,strict_online,test,16,32,second_order_response,5,0.035939696643866335,0.034334857679233444,0.5905111580781611,0.6209415201050783
local_geometry,primary_control,strict_online,test,16,32,sine,5,0.09490014448883208,0.09344375972721693,0.9693360381822312,0.9905485959639843
local_geometry,primary_control,strict_online,test,16,64,chirp,5,0.5379556820039604,0.5376205246378449,0.512114084442848,0.4913712253975202
local_geometry,primary_control,strict_online,test,16,64,first_order_response,5,0.04900311390269541,0.05128972176476527,0.3497759664677352,0.3536721815195108
local_geometry,primary_control,strict_online,test,16,64,piecewise_linear,5,0.046549678086618716,0.04573877752165399,0.3953617494402349,0.40175596693608107
local_geometry,primary_control,strict_online,test,16,64,ramp,5,0.044988110087344726,0.04306176316205623,0.3472732636927063,0.3335870947358116
local_geometry,primary_control,strict_online,test,16,64,regime_change,5,0.6243457968382969,0.6200028382256312,0.5072476601670808,0.5052804671412222
local_geometry,primary_control,strict_online,test,16,64,second_order_response,5,0.049148706659169386,0.04901835884900702,0.4466916211239077,0.4574547261136737
local_geometry,primary_control,strict_online,test,16,64,sine,5,0.14266069878993842,0.14415198879399632,0.43442434754470227,0.4327979781277964
local_geometry,primary_control,strict_online,test,16,128,chirp,5,0.42702687056467986,0.424955874561245,0.837152884573362,0.8742601635825045
local_geometry,primary_control,strict_online,test,16,128,first_order_response,5,0.07047616362881032,0.07501674794007224,0.22114260732410912,0.22701608187801423
local_geometry,primary_control,strict_online,test,16,128,piecewise_linear,5,0.07105656867432772,0.07127563298019697,0.24433929828020107,0.24429586676579906
local_geometry,primary_control,strict_online,test,16,128,ramp,5,0.07016681067293966,0.06769048233233291,0.20727374677217023,0.2071624886610387
local_geometry,primary_control,strict_online,test,16,128,regime_change,5,0.46381862476246616,0.4626911728521417,0.8391675445543834,0.8437478316616758
local_geometry,primary_control,strict_online,test,16,128,second_order_response,5,0.06972186735125693,0.07037165942164424,0.3729243953350913,0.36886372176812904
local_geometry,primary_control,strict_online,test,16,128,sine,5,0.18251222273940831,0.18250572966688478,0.30922172161158407,0.3037794453473405
local_geometry,primary_control,strict_online,validation,1,32,chirp,5,0.022249269332974587,0.022319060519669018,0.8292547995475594,0.8549839619985833
local_geometry,primary_control,strict_online,validation,1,32,first_order_response,5,0.011796794098559632,0.011995147873238443,1.1872927025340914,1.1873170613288875
local_geometry,primary_control,strict_online,validation,1,32,piecewise_linear,5,0.013967231313506644,0.01396739780572194,1.1680610590720655,1.1542019497115885
local_geometry,primary_control,strict_online,validation,1,32,ramp,5,0.01267736941013831,0.012512065559043275,1.1274592432077999,1.1134173322670426
local_geometry,primary_control,strict_online,validation,1,32,regime_change,5,0.035742921786793266,0.036017091216331266,0.6622035796511876,0.5997732088636964
local_geometry,primary_control,strict_online,validation,1,32,second_order_response,5,0.012398508709544434,0.012815110672487825,1.146817415295081,1.1540773488471794
local_geometry,primary_control,strict_online,validation,1,32,sine,5,0.013976423609317607,0.013929486464343187,1.068469568725945,1.069629107051052
local_geometry,primary_control,strict_online,validation,1,64,chirp,5,0.0351382201732434,0.03619802436012512,0.46604333531984493,0.4270823307208186
local_geometry,primary_control,strict_online,validation,1,64,first_order_response,5,0.012329058119204742,0.01257306807925973,1.1259016748387125,1.1233754423370383
local_geometry,primary_control,strict_online,validation,1,64,piecewise_linear,5,0.014548503441273017,0.014335673646934038,1.1217126097224621,1.121587370581778
local_geometry,primary_control,strict_online,validation,1,64,ramp,5,0.01288069296660585,0.012744793682407843,1.093464651225809,1.1052843418828227
local_geometry,primary_control,strict_online,validation,1,64,regime_change,5,0.05426678674888469,0.052540386980803405,0.3866751436443453,0.3944390743863207
local_geometry,primary_control,strict_online,validation,1,64,second_order_response,5,0.012826092101009708,0.013245372176106412,1.0986773358071802,1.0979877561992115
local_geometry,primary_control,strict_online,validation,1,64,sine,5,0.016384055511589373,0.016234459867363753,0.9295077583180653,0.8996281524618177
local_geometry,primary_control,strict_online,validation,1,128,chirp,5,0.03486162957593576,0.035387580670406364,0.443792029459989,0.42930299533221133
local_geometry,primary_control,strict_online,validation,1,128,first_order_response,5,0.013372249429604305,0.013598835407676325,1.0288303219519215,1.022255770366435
local_geometry,primary_control,strict_online,validation,1,128,piecewise_linear,5,0.015665289011097965,0.014968275462000977,1.0311116724492213,1.02793425297846
local_geometry,primary_control,strict_online,validation,1,128,ramp,5,0.013875527332554297,0.013729783434826228,1.0139460789689094,1.018756320374064
local_geometry,primary_control,strict_online,validation,1,128,regime_change,5,0.047368887949894994,0.045100047213772455,0.4404949854343146,0.4332601488798598
local_geometry,primary_control,strict_online,validation,1,128,second_order_response,5,0.013892761905076148,0.013847697280118865,1.033317383982682,1.0438027193472665
local_geometry,primary_control,strict_online,validation,1,128,sine,5,0.01923935596836385,0.018932077626254155,0.802635576743328,0.8282713568969535
local_geometry,primary_control,strict_online,validation,4,32,chirp,5,0.06630291027662799,0.06562838186945409,0.7188256614994135,0.6342556251431255
local_geometry,primary_control,strict_online,validation,4,32,first_order_response,5,0.016385882538187596,0.015941862694941373,1.0318022061769445,1.029726112925331
local_geometry,primary_control,strict_online,validation,4,32,piecewise_linear,5,0.015760790345397284,0.015783564003304225,1.0367521354118003,1.029705792826882
local_geometry,primary_control,strict_online,validation,4,32,ramp,5,0.014730368613673744,0.01524549546962311,1.0391329894090873,1.0081874837848244
local_geometry,primary_control,strict_online,validation,4,32,regime_change,5,0.11517091333790415,0.11585536147799794,0.6228534914816117,0.612519719625006
local_geometry,primary_control,strict_online,validation,4,32,second_order_response,5,0.01472305887709148,0.015368945719815954,1.038106772054761,1.0261744028920858
local_geometry,primary_control,strict_online,validation,4,32,sine,5,0.025227095778297143,0.0247179860937865,0.956017245989657,0.9748729353040825
local_geometry,primary_control,strict_online,validation,4,64,chirp,5,0.10552812035489167,0.10535464609405114,0.28446145271067924,0.28469877074748473
local_geometry,primary_control,strict_online,validation,4,64,first_order_response,5,0.019381233003346,0.018464286991286414,0.8384648355791331,0.8375067072733593
local_geometry,primary_control,strict_online,validation,4,64,piecewise_linear,5,0.01890676924068347,0.018577748211334746,0.9198508528987634,0.9350475570268473
local_geometry,primary_control,strict_online,validation,4,64,ramp,5,0.017400217629805304,0.018110335363943027,0.8413483354444308,0.8544733472691359
local_geometry,primary_control,strict_online,validation,4,64,regime_change,5,0.1679155055537323,0.17028486986831814,0.30844503208621354,0.30239555320989114
local_geometry,primary_control,strict_online,validation,4,64,second_order_response,5,0.01792113872903791,0.018695598192972996,0.8510077249884347,0.8653827436575204
local_geometry,primary_control,strict_online,validation,4,64,sine,5,0.03775826654566079,0.038104932374371694,0.6209591713557725,0.6230964630761845
local_geometry,primary_control,strict_online,validation,4,128,chirp,5,0.10126585456838237,0.10240393191066058,0.3202019365019665,0.32383800439920146
local_geometry,primary_control,strict_online,validation,4,128,first_order_response,5,0.024786865987485383,0.024278736031668517,0.6449028544368096,0.6438520882467675
local_geometry,primary_control,strict_online,validation,4,128,piecewise_linear,5,0.024355421694668897,0.022899341056269246,0.6969150505696978,0.7073305457229314
local_geometry,primary_control,strict_online,validation,4,128,ramp,5,0.022333768268293763,0.022961785413815394,0.6532006210161467,0.6615938515155083
local_geometry,primary_control,strict_online,validation,4,128,regime_change,5,0.14382097346576844,0.14418847704216106,0.4681762064148055,0.47702188490809116
local_geometry,primary_control,strict_online,validation,4,128,second_order_response,5,0.023283661629234745,0.022478440074977176,0.745191820274689,0.7229646723976882
local_geometry,primary_control,strict_online,validation,4,128,sine,5,0.04987155708281317,0.04983119856779001,0.4875519739969363,0.45335379509722246
local_geometry,primary_control,strict_online,validation,16,32,chirp,5,0.3146895169097376,0.3142203679114674,0.7988722012785174,0.7798752989474588
local_geometry,primary_control,strict_online,validation,16,32,first_order_response,5,0.03755283503839004,0.03479724578850586,0.5399172264050435,0.5361774026036126
local_geometry,primary_control,strict_online,validation,16,32,piecewise_linear,5,0.04741904404782247,0.050411310051358564,0.8705501392456414,0.9057163745059651
local_geometry,primary_control,strict_online,validation,16,32,ramp,5,0.03314482698350058,0.03476509662111883,0.5979899183040795,0.6098152480497265
local_geometry,primary_control,strict_online,validation,16,32,regime_change,5,0.5313509672332507,0.5359024951513129,0.7557012659089647,0.5802196586141877
local_geometry,primary_control,strict_online,validation,16,32,second_order_response,5,0.03390082647070489,0.03335408782369283,0.6867964956083169,0.6694294298363143
local_geometry,primary_control,strict_online,validation,16,32,sine,5,0.10143108896513116,0.10209350958498142,0.9399716132642315,0.9443990499521572
local_geometry,primary_control,strict_online,validation,16,64,chirp,5,0.41944583464588386,0.41414819382703955,0.3480376541573803,0.33861053742391306
local_geometry,primary_control,strict_online,validation,16,64,first_order_response,5,0.04892746719375844,0.04503896830148408,0.35294763231436976,0.33448516542054557
local_geometry,primary_control,strict_online,validation,16,64,piecewise_linear,5,0.058296326819709296,0.057092581047662724,0.7728513821395584,0.7516701008779316
local_geometry,primary_control,strict_online,validation,16,64,ramp,5,0.04336517470870812,0.044590968080678285,0.36815802122681945,0.37638214027754074
local_geometry,primary_control,strict_online,validation,16,64,regime_change,5,0.6517080628207265,0.6492099288612055,0.5536734277687667,0.5610115905541683
local_geometry,primary_control,strict_online,validation,16,64,second_order_response,5,0.04858947649498237,0.04650233782705834,0.48993009276415866,0.5067203913090317
local_geometry,primary_control,strict_online,validation,16,64,sine,5,0.14401385284825388,0.14402011216718769,0.4721528212230609,0.45993913615383214
local_geometry,primary_control,strict_online,validation,16,128,chirp,5,0.36835301808362475,0.37475817019716035,0.4655885403987906,0.45503944181080025
local_geometry,primary_control,strict_online,validation,16,128,first_order_response,5,0.07336465073000172,0.07102907399186373,0.21726129090615567,0.21469870315357162
local_geometry,primary_control,strict_online,validation,16,128,piecewise_linear,5,0.0831989747298262,0.07855210137394697,0.5172855949258839,0.5169723837640117
local_geometry,primary_control,strict_online,validation,16,128,ramp,5,0.06673661651368067,0.0674393228323062,0.2280538110915876,0.22440648688225845
local_geometry,primary_control,strict_online,validation,16,128,regime_change,5,0.5755037201569655,0.5639867869571054,0.7282722035896512,0.7236877790728621
local_geometry,primary_control,strict_online,validation,16,128,second_order_response,5,0.07323227173488685,0.07324083213325151,0.5014279403423793,0.5008612764493322
local_geometry,primary_control,strict_online,validation,16,128,sine,5,0.1777909999750123,0.17863781478684745,0.4114867321005839,0.385950080228157
moving_average_geometry,causal_control,strict_online,test,1,32,chirp,5,0.02726233562905881,0.02701510369203492,0.7196940544760059,0.8144926352206647
moving_average_geometry,causal_control,strict_online,test,1,32,first_order_response,5,0.013397986165132613,0.014132551055727962,1.0346706005164614,1.0374530225410528
moving_average_geometry,causal_control,strict_online,test,1,32,piecewise_linear,5,0.013153399005900299,0.013596297003762263,1.023921430737958,1.0327972282894478
moving_average_geometry,causal_control,strict_online,test,1,32,ramp,5,0.013483347802775044,0.013323103652118003,1.0141076004536829,1.0140482191137692
moving_average_geometry,causal_control,strict_online,test,1,32,regime_change,5,0.03440492367297491,0.036443044731807026,0.6905278390943269,0.6847294690114124
moving_average_geometry,causal_control,strict_online,test,1,32,second_order_response,5,0.013518940836498742,0.012805206655969202,1.0362782100764742,1.0307939237935353
moving_average_geometry,causal_control,strict_online,test,1,32,sine,5,0.014618105024391457,0.014513258190505862,1.012234213968006,1.0070433388258417
moving_average_geometry,causal_control,strict_online,test,1,64,chirp,5,0.022800297647631217,0.020543670813203588,0.8202146298770081,0.8090075442674461
moving_average_geometry,causal_control,strict_online,test,1,64,first_order_response,5,0.014331276627390083,0.014484873949855153,0.9625210441499709,0.9632458273107315
moving_average_geometry,causal_control,strict_online,test,1,64,piecewise_linear,5,0.01392333927819821,0.014241956137883855,0.9646933480552848,0.9625282905686098
moving_average_geometry,causal_control,strict_online,test,1,64,ramp,5,0.013996220650739572,0.014226551428656548,0.9714862337651533,0.973061988322146
moving_average_geometry,causal_control,strict_online,test,1,64,regime_change,5,0.02535120056103392,0.021631204307097564,0.8093805952655349,0.8226454404874209
moving_average_geometry,causal_control,strict_online,test,1,64,second_order_response,5,0.014382870341595074,0.013540303174612323,0.9664983437865523,0.9686876426415234
moving_average_geometry,causal_control,strict_online,test,1,64,sine,5,0.015279411107041197,0.0154123614739589,0.9622580012512201,0.9592574957483478
moving_average_geometry,causal_control,strict_online,test,1,128,chirp,5,0.017436487109478056,0.01691159481288607,1.048434784060579,1.0512350825376715
moving_average_geometry,causal_control,strict_online,test,1,128,first_order_response,5,0.014481366160812203,0.014477790269370324,0.9468742202383428,0.9422440633968044
moving_average_geometry,causal_control,strict_online,test,1,128,piecewise_linear,5,0.01412739323815762,0.014311459442354475,0.9490912877052802,0.9499357361820667
moving_average_geometry,causal_control,strict_online,test,1,128,ramp,5,0.014127302688794788,0.01435075797817688,0.9605069228972198,0.961689885299684
moving_average_geometry,causal_control,strict_online,test,1,128,regime_change,5,0.017823910487025706,0.017587191079577413,1.115930453032621,1.1432083089152725
moving_average_geometry,causal_control,strict_online,test,1,128,second_order_response,5,0.014544153708893426,0.013776001836036843,0.9572967699440678,0.9543297239482258
moving_average_geometry,causal_control,strict_online,test,1,128,sine,5,0.015031905678155438,0.015240721650087642,0.9795127513304316,0.9826728875973787
moving_average_geometry,causal_control,strict_online,test,4,32,chirp,5,0.057431318535830944,0.04810209686266854,0.9653714389110268,0.9627264118886397
moving_average_geometry,causal_control,strict_online,test,4,32,first_order_response,5,0.01820431821692358,0.018412363126617075,0.8805092814657624,0.8714626562094909
moving_average_geometry,causal_control,strict_online,test,4,32,piecewise_linear,5,0.01806789001807929,0.018012424263769575,0.8462385209993524,0.8387256729567939
moving_average_geometry,causal_control,strict_online,test,4,32,ramp,5,0.016341718347743332,0.017693002197723504,0.8608676024762507,0.8596086454700022
moving_average_geometry,causal_control,strict_online,test,4,32,regime_change,5,0.074208516476552,0.06009763960798197,0.923875590403488,0.9025095240149957
moving_average_geometry,causal_control,strict_online,test,4,32,second_order_response,5,0.019239531117191518,0.019467132955235146,0.8517963142635315,0.8332925824738668
moving_average_geometry,causal_control,strict_online,test,4,32,sine,5,0.021772903377475714,0.021313678111742018,1.0344730462219003,1.0329323703444078
moving_average_geometry,causal_control,strict_online,test,4,64,chirp,5,0.043036842901222574,0.04260120375046156,0.9967107482002652,1.0113168408101318
moving_average_geometry,causal_control,strict_online,test,4,64,first_order_response,5,0.019212791199143594,0.018610190175957615,0.7998545123247404,0.8059810749811893
moving_average_geometry,causal_control,strict_online,test,4,64,piecewise_linear,5,0.01865435079950547,0.01846266793734118,0.7949790028805767,0.7952247808680342
moving_average_geometry,causal_control,strict_online,test,4,64,ramp,5,0.01698867003207613,0.01801740552872868,0.7925166213869091,0.7838429289975019
moving_average_geometry,causal_control,strict_online,test,4,64,regime_change,5,0.042177206356947806,0.042524844711220006,1.1611105976112652,1.130797739793973
moving_average_geometry,causal_control,strict_online,test,4,64,second_order_response,5,0.019874371973246846,0.019879618383848895,0.801804261272882,0.8014520689502891
moving_average_geometry,causal_control,strict_online,test,4,64,sine,5,0.02038950413752316,0.020786876447980142,1.006242641856494,0.9858683452628361
moving_average_geometry,causal_control,strict_online,test,4,128,chirp,5,0.04862123062865097,0.04859153803487674,1.121722458907697,1.1372731875407585
moving_average_geometry,causal_control,strict_online,test,4,128,first_order_response,5,0.019244637987067947,0.01861002931886596,0.7849419432136344,0.7901660065723793
moving_average_geometry,causal_control,strict_online,test,4,128,piecewise_linear,5,0.018664136192580498,0.01844369219847025,0.7873359423332323,0.7941906550761371
moving_average_geometry,causal_control,strict_online,test,4,128,ramp,5,0.017067741443141014,0.018061911835950743,0.7769964452722362,0.7767813603935848
moving_average_geometry,causal_control,strict_online,test,4,128,regime_change,5,0.046565620134374416,0.04658380851080075,1.2597348109462465,1.2635514749600594
moving_average_geometry,causal_control,strict_online,test,4,128,second_order_response,5,0.01988098823370394,0.019856214492912146,0.8114896003255714,0.8093255892289384
moving_average_geometry,causal_control,strict_online,test,4,128,sine,5,0.020094766296623108,0.02052090235253363,1.0120115675224155,0.9374177758903205
moving_average_geometry,causal_control,strict_online,test,16,32,chirp,5,0.25999192646054065,0.22924714183051453,1.2336321778950956,1.188744944575315
moving_average_geometry,causal_control,strict_online,test,16,32,first_order_response,5,0.04400239568272177,0.045466875925469975,0.4300855948451777,0.4472864637640412
moving_average_geometry,causal_control,strict_online,test,16,32,piecewise_linear,5,0.0417977182507339,0.04278915121913855,0.44909814412475235,0.4312529807004049
moving_average_geometry,causal_control,strict_online,test,16,32,ramp,5,0.04148542408021737,0.03749276665600917,0.45105532940020554,0.4798075675886718
moving_average_geometry,causal_control,strict_online,test,16,32,regime_change,5,0.29911124713932746,0.2459794209646186,1.215007610496047,1.0559364337547326
moving_average_geometry,causal_control,strict_online,test,16,32,second_order_response,5,0.04544625512137017,0.04523467098171857,0.45727500622052836,0.47131853194093337
moving_average_geometry,causal_control,strict_online,test,16,32,sine,5,0.06387696134685478,0.05908869616289137,1.459740599189683,1.5664685635341558
moving_average_geometry,causal_control,strict_online,test,16,64,chirp,5,0.25255113784479916,0.25403982909118444,1.0912079308813776,1.0450321562610754
moving_average_geometry,causal_control,strict_online,test,16,64,first_order_response,5,0.04108413814198042,0.04144898834802687,0.411653242835451,0.4155027226228382
moving_average_geometry,causal_control,strict_online,test,16,64,piecewise_linear,5,0.039454278114178065,0.04021081907947277,0.4660854557713396,0.45759465992394915
moving_average_geometry,causal_control,strict_online,test,16,64,ramp,5,0.036996733081682984,0.03645325485199428,0.4172181097847786,0.42092883540471243
moving_average_geometry,causal_control,strict_online,test,16,64,regime_change,5,0.2716483499506265,0.27191435383322776,1.1662467853049292,1.1446677555017957
moving_average_geometry,causal_control,strict_online,test,16,64,second_order_response,5,0.04097594148721179,0.042313535653138494,0.5316850770585606,0.5289155589126331
moving_average_geometry,causal_control,strict_online,test,16,64,sine,5,0.052626495330720266,0.05133087264346214,1.182455807068108,1.169899890688786
moving_average_geometry,causal_control,strict_online,test,16,128,chirp,5,0.3163780114632536,0.317505130079968,1.1273194086715679,1.110604888001204
moving_average_geometry,causal_control,strict_online,test,16,128,first_order_response,5,0.04598744363070606,0.039870912264469614,0.36796803020033597,0.41567096536974196
moving_average_geometry,causal_control,strict_online,test,16,128,piecewise_linear,5,0.04157417357550457,0.03810137209430244,0.4360165407947611,0.44046942454216537
moving_average_geometry,causal_control,strict_online,test,16,128,ramp,5,0.042723521492242525,0.035179748364209444,0.363951081226617,0.39447011641744933
moving_average_geometry,causal_control,strict_online,test,16,128,regime_change,5,0.347241436664571,0.34084508039619504,1.120873033458162,1.123872884548696
moving_average_geometry,causal_control,strict_online,test,16,128,second_order_response,5,0.047781919884600885,0.04009819419500456,0.5933749674645594,0.6297786216429415
moving_average_geometry,causal_control,strict_online,test,16,128,sine,5,0.06225058459270957,0.04968095707258143,1.0260590311476099,0.9434155961668391
moving_average_geometry,causal_control,strict_online,validation,1,32,chirp,5,0.021954691017888633,0.023556223493662015,0.8530701214687311,0.9044313989871564
moving_average_geometry,causal_control,strict_online,validation,1,32,first_order_response,5,0.0135144577140472,0.012824531534604312,1.0399609162368633,1.0319610270937773
moving_average_geometry,causal_control,strict_online,validation,1,32,piecewise_linear,5,0.015818506958177925,0.016369970462532253,1.0340837040383188,1.0123435930625437
moving_average_geometry,causal_control,strict_online,validation,1,32,ramp,5,0.013808076269720238,0.013854302538542076,1.0327391723211068,1.0164430638076725
moving_average_geometry,causal_control,strict_online,validation,1,32,regime_change,5,0.03343266839702486,0.032964989663436174,0.7136585267270218,0.7535663071263062
moving_average_geometry,causal_control,strict_online,validation,1,32,second_order_response,5,0.01369482518824702,0.013902439652127197,1.0358824339712385,1.0486075511370188
moving_average_geometry,causal_control,strict_online,validation,1,32,sine,5,0.014832000431477754,0.014901559130292338,1.0070850600264674,1.0102576784353923
moving_average_geometry,causal_control,strict_online,validation,1,64,chirp,5,0.019604429276715386,0.018287809093168027,0.8467084132503688,0.8578227758095063
moving_average_geometry,causal_control,strict_online,validation,1,64,first_order_response,5,0.01441719310370376,0.014430263556003525,0.9627910457374872,0.964803384734587
moving_average_geometry,causal_control,strict_online,validation,1,64,piecewise_linear,5,0.01656099898107783,0.016760428761342067,0.9850918856070425,0.9832753863362117
moving_average_geometry,causal_control,strict_online,validation,1,64,ramp,5,0.014534487113206618,0.014576110417579405,0.9661271582555102,0.9619560324862678
moving_average_geometry,causal_control,strict_online,validation,1,64,regime_change,5,0.026312426092443542,0.023285856776227704,0.8465480979611766,0.8788644353906748
moving_average_geometry,causal_control,strict_online,validation,1,64,second_order_response,5,0.014572731369309616,0.014314189523872279,0.9645354631430936,0.9675838972345983
moving_average_geometry,causal_control,strict_online,validation,1,64,sine,5,0.015504885210682728,0.015404750729552219,0.9824333667155447,0.9836336087522654
moving_average_geometry,causal_control,strict_online,validation,1,128,chirp,5,0.015385375012762884,0.0148382905364169,0.9984228602730948,1.0119506460216992
moving_average_geometry,causal_control,strict_online,validation,1,128,first_order_response,5,0.014590784281361324,0.014617261982726714,0.9434707649443009,0.9435696148986533
moving_average_geometry,causal_control,strict_online,validation,1,128,piecewise_linear,5,0.016626967660458812,0.01650551805222019,0.9712147404167165,0.9716562415695035
moving_average_geometry,causal_control,strict_online,validation,1,128,ramp,5,0.014666321020052988,0.014657012676221137,0.9582586485627385,0.960769215172108
moving_average_geometry,causal_control,strict_online,validation,1,128,regime_change,5,0.018598351732451158,0.01956361140030554,1.1344413297262756,1.1070552708668646
moving_average_geometry,causal_control,strict_online,validation,1,128,second_order_response,5,0.014788522200838206,0.014601173501353759,0.9699106524439525,0.9709935445429547
moving_average_geometry,causal_control,strict_online,validation,1,128,sine,5,0.01525994119964951,0.015495501075213988,1.0090730876342577,1.0135783782675365
moving_average_geometry,causal_control,strict_online,validation,4,32,chirp,5,0.04550322526036301,0.03872560394592223,1.09300775983967,1.1550148074844822
moving_average_geometry,causal_control,strict_online,validation,4,32,first_order_response,5,0.019807333360153646,0.019624349938519504,0.8515458173150925,0.8381619075725374
moving_average_geometry,causal_control,strict_online,validation,4,32,piecewise_linear,5,0.018068291433170753,0.017721111948889156,0.912130307153076,0.9145493898556543
moving_average_geometry,causal_control,strict_online,validation,4,32,ramp,5,0.017926309246364253,0.017967542165603766,0.856149187958073,0.853428210397924
moving_average_geometry,causal_control,strict_online,validation,4,32,regime_change,5,0.0789866886856235,0.0642309022225633,0.900509516453153,0.9011179347145073
moving_average_geometry,causal_control,strict_online,validation,4,32,second_order_response,5,0.01818759841700156,0.017921629890033472,0.83910080136958,0.8462238120230382
moving_average_geometry,causal_control,strict_online,validation,4,32,sine,5,0.02260117597300471,0.0218694719829578,1.079604402349996,1.1018508209449729
moving_average_geometry,causal_control,strict_online,validation,4,64,chirp,5,0.028349492137615017,0.028817877951653064,1.0643868893832915,1.0116437555749074
moving_average_geometry,causal_control,strict_online,validation,4,64,first_order_response,5,0.019863322470932178,0.01934434679051925,0.8168470407209882,0.8224477839822725
moving_average_geometry,causal_control,strict_online,validation,4,64,piecewise_linear,5,0.01815074206012405,0.017961850355855315,0.9557433796985807,0.9602972167301106
moving_average_geometry,causal_control,strict_online,validation,4,64,ramp,5,0.018526774734325173,0.018702172479603273,0.7922737183453956,0.7878430293025577
moving_average_geometry,causal_control,strict_online,validation,4,64,regime_change,5,0.047613878432187694,0.0476993903577879,1.0864428894026321,1.0416271088787583
moving_average_geometry,causal_control,strict_online,validation,4,64,second_order_response,5,0.018700193539859772,0.0183333929698706,0.8093204661561808,0.802470022521259
moving_average_geometry,causal_control,strict_online,validation,4,64,sine,5,0.0210944348543947,0.020994478930734556,1.1110895541306018,1.1352379918863713
moving_average_geometry,causal_control,strict_online,validation,4,128,chirp,5,0.025727128775538722,0.025627591978370706,1.2655055742004375,1.1699803725238236
moving_average_geometry,causal_control,strict_online,validation,4,128,first_order_response,5,0.019883575888655143,0.019325128349187835,0.8043062175004442,0.8088906118255491
moving_average_geometry,causal_control,strict_online,validation,4,128,piecewise_linear,5,0.01819592182433024,0.01796442783966916,0.9316199748816356,0.937854301088936
moving_average_geometry,causal_control,strict_online,validation,4,128,ramp,5,0.018591303136185226,0.018811083469333408,0.7846150929204834,0.7782524159346049
moving_average_geometry,causal_control,strict_online,validation,4,128,regime_change,5,0.056433399367008044,0.05663790255182718,1.1917737318143473,1.1465423829728452
moving_average_geometry,causal_control,strict_online,validation,4,128,second_order_response,5,0.018731256969337067,0.018405439949914053,0.9225049203412212,0.902219242435661
moving_average_geometry,causal_control,strict_online,validation,4,128,sine,5,0.020594751673079854,0.020393900478743933,1.1849132261307176,1.1453853736554203
moving_average_geometry,causal_control,strict_online,validation,16,32,chirp,5,0.18029600768985582,0.1496268650136462,1.4823216630738514,1.5995251314423857
moving_average_geometry,causal_control,strict_online,validation,16,32,first_order_response,5,0.04490841563700648,0.04299455281139561,0.4559426652586603,0.46684855385031737
moving_average_geometry,causal_control,strict_online,validation,16,32,piecewise_linear,5,0.04584088753390648,0.04521740332151681,0.8895788814797946,0.8876581856831816
moving_average_geometry,causal_control,strict_online,validation,16,32,ramp,5,0.04270848791118863,0.04074478170284327,0.46321554385071373,0.48420605183311194
moving_average_geometry,causal_control,strict_online,validation,16,32,regime_change,5,0.33654684209997365,0.2820505982381159,1.2105474168169457,1.040832782165138
moving_average_geometry,causal_control,strict_online,validation,16,32,second_order_response,5,0.04106429096509807,0.03975124431002127,0.5638617009047147,0.5482847506810228
moving_average_geometry,causal_control,strict_online,validation,16,32,sine,5,0.06918404894506511,0.06090885370408807,1.4430108263251473,1.5086670240914013
moving_average_geometry,causal_control,strict_online,validation,16,64,chirp,5,0.13288695667194597,0.13276557340353454,1.0948698475991836,1.0625559737565025
moving_average_geometry,causal_control,strict_online,validation,16,64,first_order_response,5,0.03906299268217411,0.037245187329270936,0.4413200098366473,0.4339629401833483
moving_average_geometry,causal_control,strict_online,validation,16,64,piecewise_linear,5,0.04299457129242599,0.04374853213498112,1.0355729524752841,1.0432249637988562
moving_average_geometry,causal_control,strict_online,validation,16,64,ramp,5,0.03869160199685619,0.03845654780850887,0.4086812644288854,0.41174680326443225
moving_average_geometry,causal_control,strict_online,validation,16,64,regime_change,5,0.2923688929006415,0.2928002050539618,1.2309241724307052,1.2154812662685892
moving_average_geometry,causal_control,strict_online,validation,16,64,second_order_response,5,0.04028203349929087,0.038122739652459305,0.5880959846564151,0.602410431812441
moving_average_geometry,causal_control,strict_online,validation,16,64,sine,5,0.05338265689910461,0.054187992267335755,1.2707570557650407,1.2771771839061827
moving_average_geometry,causal_control,strict_online,validation,16,128,chirp,5,0.16641191355565638,0.14626549873971312,1.0775503453612538,1.153649618791887
moving_average_geometry,causal_control,strict_online,validation,16,128,first_order_response,5,0.0454074368786388,0.038290459288405757,0.38661791474589224,0.4121076280121347
moving_average_geometry,causal_control,strict_online,validation,16,128,piecewise_linear,5,0.050669825707372274,0.04310616190236888,0.9011925041342929,0.9475434197118064
moving_average_geometry,causal_control,strict_online,validation,16,128,ramp,5,0.0474922395405471,0.036858225795962644,0.36153114664589125,0.40301877209867215
moving_average_geometry,causal_control,strict_online,validation,16,128,regime_change,5,0.3815441051727541,0.36757298932872245,1.1013420039022903,1.06158621306534
moving_average_geometry,causal_control,strict_online,validation,16,128,second_order_response,5,0.043159197385569836,0.03952439526928241,0.8911640188642748,0.911366109082736
moving_average_geometry,causal_control,strict_online,validation,16,128,sine,5,0.06697759976401517,0.048419198716027,1.3515204259192963,1.5252389595175893
raw,baseline,strict_online,test,1,32,chirp,5,0.019286427031947006,0.018560667561997306,,
raw,baseline,strict_online,test,1,32,first_order_response,5,0.014074534864858448,0.01400246397349945,,
raw,baseline,strict_online,test,1,32,piecewise_linear,5,0.013669095224789526,0.013946992744983039,,
raw,baseline,strict_online,test,1,32,ramp,5,0.013960273275051897,0.014199111170360828,,
raw,baseline,strict_online,test,1,32,regime_change,5,0.021552652778438867,0.021137345562888626,,
raw,baseline,strict_online,test,1,32,second_order_response,5,0.014249831045499633,0.013796523690549775,,
raw,baseline,strict_online,test,1,32,sine,5,0.01437059487797943,0.014453700663229372,,
raw,baseline,strict_online,test,1,64,chirp,5,0.02696674505250638,0.02748246413214364,,
raw,baseline,strict_online,test,1,64,first_order_response,5,0.013955593961166432,0.013806748191085358,,
raw,baseline,strict_online,test,1,64,piecewise_linear,5,0.013474754169348685,0.013864256189426194,,
raw,baseline,strict_online,test,1,64,ramp,5,0.013906535215193843,0.01402255234725978,,
raw,baseline,strict_online,test,1,64,regime_change,5,0.03287786962125614,0.03295147158355422,,
raw,baseline,strict_online,test,1,64,second_order_response,5,0.014169311768018977,0.013910174277094433,,
raw,baseline,strict_online,test,1,64,sine,5,0.014185296777844003,0.014275753271315137,,
raw,baseline,strict_online,test,1,128,chirp,5,0.034693427969705655,0.03381804033279223,,
raw,baseline,strict_online,test,1,128,first_order_response,5,0.013959587972179718,0.013790178831495305,,
raw,baseline,strict_online,test,1,128,piecewise_linear,5,0.013392740556368557,0.013961671479852427,,
raw,baseline,strict_online,test,1,128,ramp,5,0.013933838283550496,0.01394599720971937,,
raw,baseline,strict_online,test,1,128,regime_change,5,0.039776214864216106,0.040446038029686306,,
raw,baseline,strict_online,test,1,128,second_order_response,5,0.014294779560233773,0.014208401200953668,,
raw,baseline,strict_online,test,1,128,sine,5,0.015069466068255872,0.014961580591766378,,
raw,baseline,strict_online,test,4,32,chirp,5,0.06079925702244152,0.06079751734800996,,
raw,baseline,strict_online,test,4,32,first_order_response,5,0.01795509777059642,0.017415186673842193,,
raw,baseline,strict_online,test,4,32,piecewise_linear,5,0.016287917232006795,0.015569873481231013,,
raw,baseline,strict_online,test,4,32,ramp,5,0.015595198379002756,0.0164134708067434,,
raw,baseline,strict_online,test,4,32,regime_change,5,0.07630427481880406,0.07606044299504565,,
raw,baseline,strict_online,test,4,32,second_order_response,5,0.018245609584217403,0.018466502200698606,,
raw,baseline,strict_online,test,4,32,sine,5,0.017047682345758396,0.018011894596174204,,
raw,baseline,strict_online,test,4,64,chirp,5,0.09780629980015476,0.09791003246958155,,
raw,baseline,strict_online,test,4,64,first_order_response,5,0.018431000986548613,0.01791286770123843,,
raw,baseline,strict_online,test,4,64,piecewise_linear,5,0.01567257592246074,0.015042896037588661,,
raw,baseline,strict_online,test,4,64,ramp,5,0.015807769780700105,0.01654073950438945,,
raw,baseline,strict_online,test,4,64,regime_change,5,0.12838193976245532,0.12812875824207628,,
raw,baseline,strict_online,test,4,64,second_order_response,5,0.01889403399154539,0.019063341808643344,,
raw,baseline,strict_online,test,4,64,sine,5,0.016717504970628645,0.017638292669995333,,
raw,baseline,strict_online,test,4,128,chirp,5,0.13019915860661346,0.1302441287639012,,
raw,baseline,strict_online,test,4,128,first_order_response,5,0.01962338547537575,0.01915409614682833,,
raw,baseline,strict_online,test,4,128,piecewise_linear,5,0.015849388517567523,0.015302811169662875,,
raw,baseline,strict_online,test,4,128,ramp,5,0.016513343341372493,0.01719547270101544,,
raw,baseline,strict_online,test,4,128,regime_change,5,0.1522089058119213,0.15197801911869455,,
raw,baseline,strict_online,test,4,128,second_order_response,5,0.020839726742861255,0.020876080339037033,,
raw,baseline,strict_online,test,4,128,sine,5,0.027029480964171616,0.027555539999561604,,
raw,baseline,strict_online,test,16,32,chirp,5,0.32061815570535485,0.3206350767967805,,
raw,baseline,strict_online,test,16,32,first_order_response,5,0.03999104297010805,0.041021364809581316,,
raw,baseline,strict_online,test,16,32,piecewise_linear,5,0.024646590796507644,0.023773652702192474,,
raw,baseline,strict_online,test,16,32,ramp,5,0.03385126925637177,0.0334321523705819,,
raw,baseline,strict_online,test,16,32,regime_change,5,0.4270762538218816,0.42744925273434825,,
raw,baseline,strict_online,test,16,32,second_order_response,5,0.04199513757442532,0.04145343795312044,,
raw,baseline,strict_online,test,16,32,sine,5,0.0340946412972913,0.034231652455701436,,
raw,baseline,strict_online,test,16,64,chirp,5,0.43729248002770993,0.4374306304321128,,
raw,baseline,strict_online,test,16,64,first_order_response,5,0.043092420350535544,0.04376167507734609,,
raw,baseline,strict_online,test,16,64,piecewise_linear,5,0.02533633218453113,0.02460446834536981,,
raw,baseline,strict_online,test,16,64,ramp,5,0.035083500175073154,0.03496392534860251,,
raw,baseline,strict_online,test,16,64,regime_change,5,0.5964536137378731,0.5965178546492417,,
raw,baseline,strict_online,test,16,64,second_order_response,5,0.047675721158101245,0.04741947874125012,,
raw,baseline,strict_online,test,16,64,sine,5,0.04488294825307022,0.045020140229030184,,
raw,baseline,strict_online,test,16,128,chirp,5,0.5331760214413848,0.5333305204254594,,
raw,baseline,strict_online,test,16,128,first_order_response,5,0.05155488247147997,0.051839638820628316,,
raw,baseline,strict_online,test,16,128,piecewise_linear,5,0.02832163580266891,0.02749498020144483,,
raw,baseline,strict_online,test,16,128,ramp,5,0.041140114319393364,0.04133005563372002,,
raw,baseline,strict_online,test,16,128,regime_change,5,0.5921054760104427,0.5920882492516857,,
raw,baseline,strict_online,test,16,128,second_order_response,5,0.06065942544046625,0.060729636862195645,,
raw,baseline,strict_online,test,16,128,sine,5,0.10828390013101549,0.10848422425570405,,
raw,baseline,strict_online,validation,1,32,chirp,5,0.015454664006633029,0.015480806619988432,,
raw,baseline,strict_online,validation,1,32,first_order_response,5,0.014228535944174165,0.014449833818438488,,
raw,baseline,strict_online,validation,1,32,piecewise_linear,5,0.016274051581350164,0.0159316576652576,,
raw,baseline,strict_online,validation,1,32,ramp,5,0.014459527780526402,0.014435369592217166,,
raw,baseline,strict_online,validation,1,32,regime_change,5,0.021155457881664702,0.022436256375504733,,
raw,baseline,strict_online,validation,1,32,second_order_response,5,0.014607058019892188,0.014527763066262007,,
raw,baseline,strict_online,validation,1,32,sine,5,0.014720963928225228,0.014992750218799662,,
raw,baseline,strict_online,validation,1,64,chirp,5,0.019828485990482154,0.019619454230990874,,
raw,baseline,strict_online,validation,1,64,first_order_response,5,0.01406474797363962,0.014297068482196038,,
raw,baseline,strict_online,validation,1,64,piecewise_linear,5,0.016068658169141783,0.015721036088041724,,
raw,baseline,strict_online,validation,1,64,ramp,5,0.014269267400719774,0.014240780124938898,,
raw,baseline,strict_online,validation,1,64,regime_change,5,0.03149576329226953,0.033520720774743884,,
raw,baseline,strict_online,validation,1,64,second_order_response,5,0.014667893094110793,0.014912809282518131,,
raw,baseline,strict_online,validation,1,64,sine,5,0.014679464779092396,0.01496616690203425,,
raw,baseline,strict_online,validation,1,128,chirp,5,0.02855582734341617,0.028709077751818857,,
raw,baseline,strict_online,validation,1,128,first_order_response,5,0.014085700741475735,0.014104187923465213,,
raw,baseline,strict_online,validation,1,128,piecewise_linear,5,0.015914266140987964,0.015275073697927272,,
raw,baseline,strict_online,validation,1,128,ramp,5,0.01411928746251026,0.01403142816035575,,
raw,baseline,strict_online,validation,1,128,regime_change,5,0.04062413991975742,0.042111795707204795,,
raw,baseline,strict_online,validation,1,128,second_order_response,5,0.01520490910197475,0.015859720840968525,,
raw,baseline,strict_online,validation,1,128,sine,5,0.014641324268053073,0.014784861457918673,,
raw,baseline,strict_online,validation,4,32,chirp,5,0.03947127403576059,0.03942148978152117,,
raw,baseline,strict_online,validation,4,32,first_order_response,5,0.018598406767506508,0.018378205556493964,,
raw,baseline,strict_online,validation,4,32,piecewise_linear,5,0.016274326516574105,0.015567182964628655,,
raw,baseline,strict_online,validation,4,32,ramp,5,0.016209237391564883,0.01694619229925892,,
raw,baseline,strict_online,validation,4,32,regime_change,5,0.07566278270040379,0.07575292177819669,,
raw,baseline,strict_online,validation,4,32,second_order_response,5,0.017434003674529464,0.017346640112636754,,
raw,baseline,strict_online,validation,4,32,sine,5,0.01831147391905568,0.01929647471038222,,
raw,baseline,strict_online,validation,4,64,chirp,5,0.06736123824986319,0.06735053213614364,,
raw,baseline,strict_online,validation,4,64,first_order_response,5,0.01884940946186276,0.018612502412110227,,
raw,baseline,strict_online,validation,4,64,piecewise_linear,5,0.016186905919460436,0.015512275744931012,,
raw,baseline,strict_online,validation,4,64,ramp,5,0.015382626282341064,0.016088653901836253,,
raw,baseline,strict_online,validation,4,64,regime_change,5,0.12601974005965513,0.12609200668149373,,
raw,baseline,strict_online,validation,4,64,second_order_response,5,0.01908404107189697,0.01906501120177866,,
raw,baseline,strict_online,validation,4,64,sine,5,0.01913545391043527,0.019758713035205554,,
raw,baseline,strict_online,validation,4,128,chirp,5,0.1069128631074803,0.1068776393307025,,
raw,baseline,strict_online,validation,4,128,first_order_response,5,0.01978327694003878,0.019512469543806914,,
raw,baseline,strict_online,validation,4,128,piecewise_linear,5,0.016399305595518502,0.015799274281502,,
raw,baseline,strict_online,validation,4,128,ramp,5,0.014813889411996264,0.01548366137065601,,
raw,baseline,strict_online,validation,4,128,regime_change,5,0.1579267439185597,0.15795730352439785,,
raw,baseline,strict_online,validation,4,128,second_order_response,5,0.024023869866317625,0.02399706025457588,,
raw,baseline,strict_online,validation,4,128,sine,5,0.02280268665708999,0.022975005168654448,,
raw,baseline,strict_online,validation,16,32,chirp,5,0.2105011256393142,0.2103978220444761,,
raw,baseline,strict_online,validation,16,32,first_order_response,5,0.03989812473614264,0.04068206903486846,,
raw,baseline,strict_online,validation,16,32,piecewise_linear,5,0.035177258196269115,0.03442222703811808,,
raw,baseline,strict_online,validation,16,32,ramp,5,0.024328434582370405,0.023880563874121095,,
raw,baseline,strict_online,validation,16,32,regime_change,5,0.4153074376060403,0.41572499124905893,,
raw,baseline,strict_online,validation,16,32,second_order_response,5,0.043863577058692094,0.04392911517293984,,
raw,baseline,strict_online,validation,16,32,sine,5,0.04051241999336676,0.040883755053138335,,
raw,baseline,strict_online,validation,16,64,chirp,5,0.32182044109390107,0.32150860739640036,,
raw,baseline,strict_online,validation,16,64,first_order_response,5,0.04229247265399279,0.04287883975875517,,
raw,baseline,strict_online,validation,16,64,piecewise_linear,5,0.036890856983609596,0.03641917220408092,,
raw,baseline,strict_online,validation,16,64,ramp,5,0.019629080221043687,0.01952234968478267,,
raw,baseline,strict_online,validation,16,64,regime_change,5,0.602262509452909,0.6028727166749672,,
raw,baseline,strict_online,validation,16,64,second_order_response,5,0.05604784884700685,0.056455290172768284,,
raw,baseline,strict_online,validation,16,64,sine,5,0.050473258967220394,0.049980493905781596,,
raw,baseline,strict_online,validation,16,128,chirp,5,0.43616352890989685,0.43598620669082044,,
raw,baseline,strict_online,validation,16,128,first_order_response,5,0.04997356512699676,0.05061249150579021,,
raw,baseline,strict_online,validation,16,128,piecewise_linear,5,0.041839973794234514,0.04145295280506527,,
raw,baseline,strict_online,validation,16,128,ramp,5,0.018197336946903137,0.018164971779608532,,
raw,baseline,strict_online,validation,16,128,regime_change,5,0.6464066579805123,0.6469922664679632,,
raw,baseline,strict_online,validation,16,128,second_order_response,5,0.08161687668364415,0.08161016347900898,,
raw,baseline,strict_online,validation,16,128,sine,5,0.07822859429084031,0.07847474178637862,,
