condition_id,seed,horizon,context_length,tolerance,variant,features,role,representation,split,status,error_type,error_message,n_examples,n_representation_features,n_pooled_features,n_model_parameters,mean_input_steps,mean_input_scalar_elements,mean_input_bytes,step_reduction_factor_vs_raw,scalar_reduction_factor_vs_raw,mae,rmse,rmse_ratio_vs_raw,predictive_parity_vs_raw,structural_reduction_success,payload_reduction_success,joint_success,representation_runtime_s,train_runtime_median_s,train_runtime_q1_s,train_runtime_q3_s,inference_runtime_median_s,inference_runtime_q1_s,inference_runtime_q3_s,train_design_bytes,model_state_bytes,rmse_ratio_vs_reference,beats_reference,practical_improvement_vs_reference
seed-1729__h-1__c-32__raw,1729,1,32,,,,baseline,raw,validation,ok,,,357,1,3,4,32.0,32.0,256.0,1.0,1.0,0.01277942150609045,0.0161774083292254,1.0,,,,,0.0677104,0.0003632,0.0003632,0.0003632,3.64e-05,3.64e-05,3.64e-05,24528,80,,,
seed-1729__h-1__c-32__raw,1729,1,32,,,,baseline,raw,test,ok,,,357,1,3,4,32.0,32.0,256.0,1.0,1.0,0.012792032756953415,0.016097761603595707,1.0,,,,,0.0677104,0.0003632,0.0003632,0.0003632,4.31e-05,4.31e-05,4.31e-05,24528,80,,,
seed-1729__h-1__c-32__first_difference,1729,1,32,,,,baseline,first_difference,validation,ok,,,357,1,3,4,31.0,31.0,248.0,1.032258064516129,1.032258064516129,0.014077909665824806,0.018911001989984248,1.1689759944935343,,,,,0.0685376,0.0002627,0.0002627,0.0002627,2.96e-05,2.96e-05,2.96e-05,24528,80,,,
seed-1729__h-1__c-32__first_difference,1729,1,32,,,,baseline,first_difference,test,ok,,,357,1,3,4,31.0,31.0,248.0,1.032258064516129,1.032258064516129,0.015312109081816037,0.021228009009260206,1.3186932153671957,,,,,0.0685376,0.0002627,0.0002627,0.0002627,2.86e-05,2.86e-05,2.86e-05,24528,80,,,
seed-1729__h-1__c-32__segment,1729,1,32,0.1,segment,"dt,dy",secondary,vectorchain,validation,ok,,,357,2,6,7,1.2044817927170868,2.4089635854341735,19.27170868347339,26.567441860465117,13.283720930232558,0.014207837060578111,0.018605844905798443,1.150112831867261,False,True,True,False,0.7458018,0.0003572,0.0003572,0.0003572,3.23e-05,3.23e-05,3.23e-05,49056,152,1.1463600502220914,False,False
seed-1729__h-1__c-32__segment,1729,1,32,0.1,segment,"dt,dy",secondary,vectorchain,test,ok,,,357,2,6,7,1.2240896358543418,2.4481792717086837,19.58543417366947,26.141876430205947,13.070938215102974,0.014843772281688334,0.02010276343460441,1.2487924675263,False,True,True,False,0.7458018,0.0003572,0.0003572,0.0003572,3.2e-05,3.2e-05,3.2e-05,49056,152,1.1902589865832895,False,False
seed-1729__h-1__c-32__absolute_geometry,1729,1,32,0.1,absolute_geometry,"dt,dy,theta,r",reference,vectorchain,validation,ok,,,357,4,12,13,1.2044817927170868,4.817927170868347,38.54341736694678,26.567441860465117,6.641860465116279,0.012851307325745544,0.016230367502944487,1.0032736500582367,True,True,True,True,0.824066,0.0004238,0.0004238,0.0004238,3.56e-05,3.56e-05,3.56e-05,98112,296,1.0,False,False
seed-1729__h-1__c-32__absolute_geometry,1729,1,32,0.1,absolute_geometry,"dt,dy,theta,r",reference,vectorchain,test,ok,,,357,4,12,13,1.2240896358543418,4.896358543417367,39.17086834733894,26.141876430205947,6.535469107551487,0.013143889498689087,0.016889402778054723,1.0491770964158265,True,True,True,True,0.824066,0.0004238,0.0004238,0.0004238,3.76e-05,3.76e-05,3.76e-05,98112,296,1.0,False,False
seed-1729__h-1__c-32__turning_matched,1729,1,32,0.1,turning_matched,"dt,dy,theta,delta_theta",capacity_control,vectorchain,validation,ok,,,357,4,12,13,1.2044817927170868,4.817927170868347,38.54341736694678,26.567441860465117,6.641860465116279,0.012628000790630301,0.016105241024287988,0.995539007023329,True,True,True,True,0.8083811,0.0004177,0.0004177,0.0004177,3.67e-05,3.67e-05,3.67e-05,98112,296,0.992290594859679,True,False
seed-1729__h-1__c-32__turning_matched,1729,1,32,0.1,turning_matched,"dt,dy,theta,delta_theta",capacity_control,vectorchain,test,ok,,,357,4,12,13,1.2240896358543418,4.896358543417367,39.17086834733894,26.141876430205947,6.535469107551487,0.012655331474003318,0.016178543818772508,1.0050182265811887,True,True,True,True,0.8083811,0.0004177,0.0004177,0.0004177,3.71e-05,3.71e-05,3.71e-05,98112,296,0.9579109475554772,True,True
seed-1729__h-1__c-32__turning,1729,1,32,0.1,turning,"dt,dy,theta,r,delta_theta",primary,vectorchain,validation,ok,,,357,5,15,16,1.2044817927170868,6.022408963585434,48.17927170868347,26.567441860465117,5.3134883720930235,0.012618672207476086,0.01609070940851889,0.9946407410295823,True,True,True,True,0.798363,0.0004476,0.0004476,0.0004476,3.71e-05,3.71e-05,3.71e-05,122640,368,0.9913952598793428,True,False
seed-1729__h-1__c-32__turning,1729,1,32,0.1,turning,"dt,dy,theta,r,delta_theta",primary,vectorchain,test,ok,,,357,5,15,16,1.2240896358543418,6.120448179271708,48.963585434173666,26.141876430205947,5.2283752860411905,0.01265817212424176,0.016166794802993097,1.004288372576096,True,True,True,True,0.798363,0.0004476,0.0004476,0.0004476,3.87e-05,3.87e-05,3.87e-05,122640,368,0.9572153033143038,True,True
seed-1729__h-1__c-32__full_relational,1729,1,32,0.1,full_relational,"dt,dy,theta,r,delta_theta,delta_r",secondary,vectorchain,validation,ok,,,357,6,18,19,1.2044817927170868,7.226890756302521,57.81512605042017,26.567441860465117,4.427906976744186,0.012654980183429611,0.016249287792721234,1.0044432001735395,True,True,True,True,0.764779,0.0004375,0.0004375,0.0004375,4.14e-05,4.14e-05,4.14e-05,147168,440,1.0011657339104192,False,False
seed-1729__h-1__c-32__full_relational,1729,1,32,0.1,full_relational,"dt,dy,theta,r,delta_theta,delta_r",secondary,vectorchain,test,ok,,,357,6,18,19,1.2240896358543418,7.34453781512605,58.7563025210084,26.141876430205947,4.356979405034325,0.01278571563437287,0.016356013837465596,1.016042741856247,True,True,True,True,0.764779,0.0004375,0.0004375,0.0004375,3.95e-05,3.95e-05,3.95e-05,147168,440,0.9684187210407352,True,True
seed-1729__h-4__c-32__raw,1729,4,32,,,,baseline,raw,validation,ok,,,357,1,3,4,32.0,32.0,256.0,1.0,1.0,0.023586965403255885,0.035144642152991484,1.0,,,,,0.0642169,0.0002965,0.0002965,0.0002965,2.86e-05,2.86e-05,2.86e-05,24360,80,,,
seed-1729__h-4__c-32__raw,1729,4,32,,,,baseline,raw,test,ok,,,364,1,3,4,32.0,32.0,256.0,1.0,1.0,0.027271444602722433,0.03948178938534824,1.0,,,,,0.0642169,0.0002965,0.0002965,0.0002965,2.97e-05,2.97e-05,2.97e-05,24360,80,,,
seed-1729__h-4__c-32__first_difference,1729,4,32,,,,baseline,first_difference,validation,ok,,,357,1,3,4,31.0,31.0,248.0,1.032258064516129,1.032258064516129,0.032279364053142225,0.0520039699574121,1.4797126040159598,,,,,0.0765613,0.0002346,0.0002346,0.0002346,2.82e-05,2.82e-05,2.82e-05,24360,80,,,
seed-1729__h-4__c-32__first_difference,1729,4,32,,,,baseline,first_difference,test,ok,,,364,1,3,4,31.0,31.0,248.0,1.032258064516129,1.032258064516129,0.03581588823381632,0.057447486972918134,1.4550375721885844,,,,,0.0765613,0.0002346,0.0002346,0.0002346,3.19e-05,3.19e-05,3.19e-05,24360,80,,,
seed-1729__h-4__c-32__segment,1729,4,32,0.1,segment,"dt,dy",secondary,vectorchain,validation,ok,,,357,2,6,7,1.2044817927170868,2.4089635854341735,19.27170868347339,26.567441860465117,13.283720930232558,0.03497154142676473,0.06629306084380587,1.8862920998091044,False,True,True,False,0.753649,0.0002591,0.0002591,0.0002591,3.12e-05,3.12e-05,3.12e-05,48720,152,2.499629009955887,False,False
seed-1729__h-4__c-32__segment,1729,4,32,0.1,segment,"dt,dy",secondary,vectorchain,test,ok,,,364,2,6,7,1.2252747252747254,2.4505494505494507,19.604395604395606,26.11659192825112,13.05829596412556,0.035145753804504604,0.06845347033569323,1.7337985790759631,False,True,True,False,0.753649,0.0002591,0.0002591,0.0002591,3.34e-05,3.34e-05,3.34e-05,48720,152,2.4349001686274585,False,False
seed-1729__h-4__c-32__absolute_geometry,1729,4,32,0.1,absolute_geometry,"dt,dy,theta,r",reference,vectorchain,validation,ok,,,357,4,12,13,1.2044817927170868,4.817927170868347,38.54341736694678,26.567441860465117,6.641860465116279,0.019233180255388952,0.026521159972045533,0.7546288238358994,True,True,True,True,0.7773499,0.0005358,0.0005358,0.0005358,3.96e-05,3.96e-05,3.96e-05,97440,296,1.0,False,False
seed-1729__h-4__c-32__absolute_geometry,1729,4,32,0.1,absolute_geometry,"dt,dy,theta,r",reference,vectorchain,test,ok,,,364,4,12,13,1.2252747252747254,4.9010989010989015,39.20879120879121,26.11659192825112,6.52914798206278,0.019781198232298746,0.028113460756085173,0.7120614641270065,True,True,True,True,0.7773499,0.0005358,0.0005358,0.0005358,4.66e-05,4.66e-05,4.66e-05,97440,296,1.0,False,False
seed-1729__h-4__c-32__turning_matched,1729,4,32,0.1,turning_matched,"dt,dy,theta,delta_theta",capacity_control,vectorchain,validation,ok,,,357,4,12,13,1.2044817927170868,4.817927170868347,38.54341736694678,26.567441860465117,6.641860465116279,0.017522063981743136,0.0234875174007315,0.668310045624757,True,True,True,True,0.8952483,0.0004947,0.0004947,0.0004947,3.68e-05,3.68e-05,3.68e-05,97440,296,0.885614257652696,True,True
seed-1729__h-4__c-32__turning_matched,1729,4,32,0.1,turning_matched,"dt,dy,theta,delta_theta",capacity_control,vectorchain,test,ok,,,364,4,12,13,1.2252747252747254,4.9010989010989015,39.20879120879121,26.11659192825112,6.52914798206278,0.017575683447925768,0.02467397022396014,0.624945591577384,True,True,True,True,0.8952483,0.0004947,0.0004947,0.0004947,4.51e-05,4.51e-05,4.51e-05,97440,296,0.8776568078200563,True,True
seed-1729__h-4__c-32__turning,1729,4,32,0.1,turning,"dt,dy,theta,r,delta_theta",primary,vectorchain,validation,ok,,,357,5,15,16,1.2044817927170868,6.022408963585434,48.17927170868347,26.567441860465117,5.3134883720930235,0.017678664833694367,0.023732286193509883,0.6752746575195904,True,True,True,True,1.0315861,0.000448,0.000448,0.000448,3.55e-05,3.55e-05,3.55e-05,121800,368,0.8948434464602889,True,True
seed-1729__h-4__c-32__turning,1729,4,32,0.1,turning,"dt,dy,theta,r,delta_theta",primary,vectorchain,test,ok,,,364,5,15,16,1.2252747252747254,6.126373626373627,49.010989010989015,26.11659192825112,5.223318385650224,0.017696373838933067,0.024841712681003703,0.62919419478547,True,True,True,True,1.0315861,0.000448,0.000448,0.000448,3.8e-05,3.8e-05,3.8e-05,121800,368,0.8836234320823239,True,True
seed-1729__h-4__c-32__full_relational,1729,4,32,0.1,full_relational,"dt,dy,theta,r,delta_theta,delta_r",secondary,vectorchain,validation,ok,,,357,6,18,19,1.2044817927170868,7.226890756302521,57.81512605042017,26.567441860465117,4.427906976744186,0.01767416899929274,0.024176164263228144,0.6879046927831726,True,True,True,True,0.7410909,0.0004624,0.0004624,0.0004624,4.11e-05,4.11e-05,4.11e-05,146160,440,0.9115801981780164,True,True
seed-1729__h-4__c-32__full_relational,1729,4,32,0.1,full_relational,"dt,dy,theta,r,delta_theta,delta_r",secondary,vectorchain,test,ok,,,364,6,18,19,1.2252747252747254,7.351648351648351,58.81318681318681,26.11659192825112,4.352765321375187,0.018092413905345512,0.024935191183430846,0.631561830697682,True,True,True,True,0.7410909,0.0004624,0.0004624,0.0004624,4.61e-05,4.61e-05,4.61e-05,146160,440,0.886948476381856,True,True
seed-1729__h-16__c-32__raw,1729,16,32,,,,baseline,raw,validation,ok,,,357,1,3,4,32.0,32.0,256.0,1.0,1.0,0.10189921409104837,0.17973171694716894,1.0,,,,,0.0616678,0.0002691,0.0002691,0.0002691,2.85e-05,2.85e-05,2.85e-05,23856,80,,,
seed-1729__h-16__c-32__raw,1729,16,32,,,,baseline,raw,test,ok,,,364,1,3,4,32.0,32.0,256.0,1.0,1.0,0.11621211870840005,0.20406021512480174,1.0,,,,,0.0616678,0.0002691,0.0002691,0.0002691,2.97e-05,2.97e-05,2.97e-05,23856,80,,,
seed-1729__h-16__c-32__first_difference,1729,16,32,,,,baseline,first_difference,validation,ok,,,357,1,3,4,31.0,31.0,248.0,1.032258064516129,1.032258064516129,0.1351067630370161,0.23749190425086927,1.3213689174330794,,,,,0.0690694,0.0002589,0.0002589,0.0002589,2.81e-05,2.81e-05,2.81e-05,23856,80,,,
seed-1729__h-16__c-32__first_difference,1729,16,32,,,,baseline,first_difference,test,ok,,,364,1,3,4,31.0,31.0,248.0,1.032258064516129,1.032258064516129,0.14902901759960122,0.263484052011262,1.2912073617589646,,,,,0.0690694,0.0002589,0.0002589,0.0002589,3.24e-05,3.24e-05,3.24e-05,23856,80,,,
seed-1729__h-16__c-32__segment,1729,16,32,0.1,segment,"dt,dy",secondary,vectorchain,validation,ok,,,357,2,6,7,1.2044817927170868,2.4089635854341735,19.27170868347339,26.567441860465117,13.283720930232558,0.1766783402728341,0.411214855899095,2.287937059099976,False,True,True,False,0.7302401,0.0003011,0.0003011,0.0003011,3.55e-05,3.55e-05,3.55e-05,47712,152,3.738565099251649,False,False
seed-1729__h-16__c-32__segment,1729,16,32,0.1,segment,"dt,dy",secondary,vectorchain,test,ok,,,364,2,6,7,1.2252747252747254,2.4505494505494507,19.604395604395606,26.11659192825112,13.05829596412556,0.17336154185240643,0.40789744822965873,1.9989072734251094,False,True,True,False,0.7302401,0.0003011,0.0003011,0.0003011,3.4e-05,3.4e-05,3.4e-05,47712,152,3.4922191570734666,False,False
seed-1729__h-16__c-32__absolute_geometry,1729,16,32,0.1,absolute_geometry,"dt,dy,theta,r",reference,vectorchain,validation,ok,,,357,4,12,13,1.2044817927170868,4.817927170868347,38.54341736694678,26.567441860465117,6.641860465116279,0.06714613337253192,0.1099926963907645,0.611982672057243,True,True,True,True,0.7324082,0.0003995,0.0003995,0.0003995,3.46e-05,3.46e-05,3.46e-05,95424,296,1.0,False,False
seed-1729__h-16__c-32__absolute_geometry,1729,16,32,0.1,absolute_geometry,"dt,dy,theta,r",reference,vectorchain,test,ok,,,364,4,12,13,1.2252747252747254,4.9010989010989015,39.20879120879121,26.11659192825112,6.52914798206278,0.06605633851776696,0.11680178988866297,0.572388840309846,True,True,True,True,0.7324082,0.0003995,0.0003995,0.0003995,3.6e-05,3.6e-05,3.6e-05,95424,296,1.0,False,False
seed-1729__h-16__c-32__turning_matched,1729,16,32,0.1,turning_matched,"dt,dy,theta,delta_theta",capacity_control,vectorchain,validation,ok,,,357,4,12,13,1.2044817927170868,4.817927170868347,38.54341736694678,26.567441860465117,6.641860465116279,0.0547010730285462,0.09057504661165394,0.5039458151856299,True,True,True,True,0.7339117,0.0004126,0.0004126,0.0004126,3.55e-05,3.55e-05,3.55e-05,95424,296,0.8234641897483208,True,True
seed-1729__h-16__c-32__turning_matched,1729,16,32,0.1,turning_matched,"dt,dy,theta,delta_theta",capacity_control,vectorchain,test,ok,,,364,4,12,13,1.2252747252747254,4.9010989010989015,39.20879120879121,26.11659192825112,6.52914798206278,0.052044636803314934,0.09322826260662473,0.4568664330261879,True,True,True,True,0.7339117,0.0004126,0.0004126,0.0004126,3.65e-05,3.65e-05,3.65e-05,95424,296,0.7981749483076515,True,True
seed-1729__h-16__c-32__turning,1729,16,32,0.1,turning,"dt,dy,theta,r,delta_theta",primary,vectorchain,validation,ok,,,357,5,15,16,1.2044817927170868,6.022408963585434,48.17927170868347,26.567441860465117,5.3134883720930235,0.05705527608782377,0.09652461839439605,0.5370483297768133,True,True,True,True,0.7368076,0.0004395,0.0004395,0.0004395,3.64e-05,3.64e-05,3.64e-05,119280,368,0.8775547973792622,True,True
seed-1729__h-16__c-32__turning,1729,16,32,0.1,turning,"dt,dy,theta,r,delta_theta",primary,vectorchain,test,ok,,,364,5,15,16,1.2252747252747254,6.126373626373627,49.010989010989015,26.11659192825112,5.223318385650224,0.0530178641194238,0.09751287856631356,0.477863254758775,True,True,True,True,0.7368076,0.0004395,0.0004395,0.0004395,3.82e-05,3.82e-05,3.82e-05,119280,368,0.8348577419854966,True,True
seed-1729__h-16__c-32__full_relational,1729,16,32,0.1,full_relational,"dt,dy,theta,r,delta_theta,delta_r",secondary,vectorchain,validation,ok,,,357,6,18,19,1.2044817927170868,7.226890756302521,57.81512605042017,26.567441860465117,4.427906976744186,0.05826461027080233,0.09813117219279381,0.5459869513272323,True,True,True,True,0.7343627,0.0004543,0.0004543,0.0004543,4.96e-05,4.96e-05,4.96e-05,143136,440,0.8921608016969512,True,True
seed-1729__h-16__c-32__full_relational,1729,16,32,0.1,full_relational,"dt,dy,theta,r,delta_theta,delta_r",secondary,vectorchain,test,ok,,,364,6,18,19,1.2252747252747254,7.351648351648351,58.81318681318681,26.11659192825112,4.352765321375187,0.05423046185196802,0.09928027004956988,0.48652438197642195,True,True,True,True,0.7343627,0.0004543,0.0004543,0.0004543,3.89e-05,3.89e-05,3.89e-05,143136,440,0.849989286501561,True,True
seed-1729__h-1__c-64__raw,1729,1,64,,,,baseline,raw,validation,ok,,,357,1,3,4,64.0,64.0,512.0,1.0,1.0,0.01420178134604677,0.018368504850147505,1.0,,,,,0.0630544,0.0002426,0.0002426,0.0002426,2.83e-05,2.83e-05,2.83e-05,23184,80,,,
seed-1729__h-1__c-64__raw,1729,1,64,,,,baseline,raw,test,ok,,,357,1,3,4,64.0,64.0,512.0,1.0,1.0,0.015014720083066676,0.019919906342916176,1.0,,,,,0.0630544,0.0002426,0.0002426,0.0002426,2.93e-05,2.93e-05,2.93e-05,23184,80,,,
seed-1729__h-1__c-64__first_difference,1729,1,64,,,,baseline,first_difference,validation,ok,,,357,1,3,4,63.0,63.0,504.0,1.0158730158730158,1.0158730158730158,0.017948765334347055,0.025214933094923953,1.3727264848516763,,,,,0.0703631,0.0002607,0.0002607,0.0002607,3.01e-05,3.01e-05,3.01e-05,23184,80,,,
seed-1729__h-1__c-64__first_difference,1729,1,64,,,,baseline,first_difference,test,ok,,,357,1,3,4,63.0,63.0,504.0,1.0158730158730158,1.0158730158730158,0.019384934237860967,0.028250327616736036,1.4181958052620205,,,,,0.0703631,0.0002607,0.0002607,0.0002607,2.87e-05,2.87e-05,2.87e-05,23184,80,,,
seed-1729__h-1__c-64__segment,1729,1,64,0.1,segment,"dt,dy",secondary,vectorchain,validation,ok,,,357,2,6,7,1.6610644257703082,3.3221288515406164,26.57703081232493,38.529510961214164,19.264755480607082,0.014573568874685442,0.01892714091197294,1.0304127127593048,True,True,True,True,1.4024337,0.0002901,0.0002901,0.0002901,3.47e-05,3.47e-05,3.47e-05,46368,152,1.1780247594661293,False,False
seed-1729__h-1__c-64__segment,1729,1,64,0.1,segment,"dt,dy",secondary,vectorchain,test,ok,,,357,2,6,7,1.6862745098039216,3.372549019607843,26.980392156862745,37.95348837209302,18.97674418604651,0.015104049946153043,0.019996186845817724,1.0038293605194923,True,True,True,True,1.4024337,0.0002901,0.0002901,0.0002901,3.7e-05,3.7e-05,3.7e-05,46368,152,1.2801865547545022,False,False
seed-1729__h-1__c-64__absolute_geometry,1729,1,64,0.1,absolute_geometry,"dt,dy,theta,r",reference,vectorchain,validation,ok,,,357,4,12,13,1.6610644257703082,6.644257703081233,53.15406162464986,38.529510961214164,9.632377740303541,0.012664056721875112,0.01606684474148961,0.8746952935236091,True,True,True,True,1.4014547,0.0003712,0.0003712,0.0003712,3.47e-05,3.47e-05,3.47e-05,92736,296,1.0,False,False
seed-1729__h-1__c-64__absolute_geometry,1729,1,64,0.1,absolute_geometry,"dt,dy,theta,r",reference,vectorchain,test,ok,,,357,4,12,13,1.6862745098039216,6.745098039215686,53.96078431372549,37.95348837209302,9.488372093023255,0.012416422009404281,0.015619744459550536,0.7841274045500297,True,True,True,True,1.4014547,0.0003712,0.0003712,0.0003712,3.62e-05,3.62e-05,3.62e-05,92736,296,1.0,False,False
seed-1729__h-1__c-64__turning_matched,1729,1,64,0.1,turning_matched,"dt,dy,theta,delta_theta",capacity_control,vectorchain,validation,ok,,,357,4,12,13,1.6610644257703082,6.644257703081233,53.15406162464986,38.529510961214164,9.632377740303541,0.01268807653089161,0.016179660938546215,0.8808371215045457,True,True,True,True,1.3947871,0.0003839,0.0003839,0.0003839,3.5e-05,3.5e-05,3.5e-05,92736,296,1.0070216771787979,False,False
seed-1729__h-1__c-64__turning_matched,1729,1,64,0.1,turning_matched,"dt,dy,theta,delta_theta",capacity_control,vectorchain,test,ok,,,357,4,12,13,1.6862745098039216,6.745098039215686,53.96078431372549,37.95348837209302,9.488372093023255,0.012294554881426828,0.01553106714733187,0.7796757113195442,True,True,True,True,1.3947871,0.0003839,0.0003839,0.0003839,4.38e-05,4.38e-05,4.38e-05,92736,296,0.9943227424463755,True,False
seed-1729__h-1__c-64__turning,1729,1,64,0.1,turning,"dt,dy,theta,r,delta_theta",primary,vectorchain,validation,ok,,,357,5,15,16,1.6610644257703082,8.305322128851541,66.44257703081233,38.529510961214164,7.705902192242832,0.012687733363530927,0.016178499747455846,0.8807739050860162,True,True,True,True,1.4141255,0.0004475,0.0004475,0.0004475,3.66e-05,3.66e-05,3.66e-05,115920,368,1.00694940467545,False,False
seed-1729__h-1__c-64__turning,1729,1,64,0.1,turning,"dt,dy,theta,r,delta_theta",primary,vectorchain,test,ok,,,357,5,15,16,1.6862745098039216,8.431372549019608,67.45098039215686,37.95348837209302,7.590697674418604,0.012299784382090794,0.015535683342900007,0.7799074491344049,True,True,True,True,1.4141255,0.0004475,0.0004475,0.0004475,3.83e-05,3.83e-05,3.83e-05,115920,368,0.9946182783675996,True,False
seed-1729__h-1__c-64__full_relational,1729,1,64,0.1,full_relational,"dt,dy,theta,r,delta_theta,delta_r",secondary,vectorchain,validation,ok,,,357,6,18,19,1.6610644257703082,9.966386554621849,79.73109243697479,38.529510961214164,6.421585160202361,0.01449993870730535,0.018960434564671322,1.0322252529181255,True,True,True,True,1.4220768,0.0004447,0.0004447,0.0004447,4.36e-05,4.36e-05,4.36e-05,139104,440,1.180096955546571,False,False
seed-1729__h-1__c-64__full_relational,1729,1,64,0.1,full_relational,"dt,dy,theta,r,delta_theta,delta_r",secondary,vectorchain,test,ok,,,357,6,18,19,1.6862745098039216,10.117647058823529,80.94117647058823,37.95348837209302,6.325581395348838,0.014268328067435016,0.019605119464345136,0.9841973715562683,True,True,True,True,1.4220768,0.0004447,0.0004447,0.0004447,3.81e-05,3.81e-05,3.81e-05,139104,440,1.255149821120011,False,False
seed-1729__h-4__c-64__raw,1729,4,64,,,,baseline,raw,validation,ok,,,357,1,3,4,64.0,64.0,512.0,1.0,1.0,0.03387273012204715,0.05598291103896755,1.0,,,,,0.0606984,0.0002344,0.0002344,0.0002344,2.74e-05,2.74e-05,2.74e-05,23016,80,,,
seed-1729__h-4__c-64__raw,1729,4,64,,,,baseline,raw,test,ok,,,364,1,3,4,64.0,64.0,512.0,1.0,1.0,0.03844589509166227,0.06256543172248372,1.0,,,,,0.0606984,0.0002344,0.0002344,0.0002344,3.05e-05,3.05e-05,3.05e-05,23016,80,,,
seed-1729__h-4__c-64__first_difference,1729,4,64,,,,baseline,first_difference,validation,ok,,,357,1,3,4,63.0,63.0,504.0,1.0158730158730158,1.0158730158730158,0.045620023474357785,0.07427851461755108,1.3268069351707823,,,,,0.0663243,0.0002518,0.0002518,0.0002518,9.37e-05,9.37e-05,9.37e-05,23016,80,,,
seed-1729__h-4__c-64__first_difference,1729,4,64,,,,baseline,first_difference,test,ok,,,364,1,3,4,63.0,63.0,504.0,1.0158730158730158,1.0158730158730158,0.048406373135147694,0.07954134888893538,1.2713306165895304,,,,,0.0663243,0.0002518,0.0002518,0.0002518,5.4e-05,5.4e-05,5.4e-05,23016,80,,,
seed-1729__h-4__c-64__segment,1729,4,64,0.1,segment,"dt,dy",secondary,vectorchain,validation,ok,,,357,2,6,7,1.658263305322129,3.316526610644258,26.532212885154063,38.59459459459459,19.297297297297295,0.03617968817426956,0.059618223976228235,1.0649361183581592,True,True,True,True,1.422248,0.0002948,0.0002948,0.0002948,3.22e-05,3.22e-05,3.22e-05,46032,152,2.1461067700904906,False,False
seed-1729__h-4__c-64__segment,1729,4,64,0.1,segment,"dt,dy",secondary,vectorchain,test,ok,,,364,2,6,7,1.6868131868131868,3.3736263736263736,26.98901098901099,37.9413680781759,18.97068403908795,0.0361183060634183,0.058545694691413804,0.9357514697748762,True,True,True,True,1.422248,0.0002948,0.0002948,0.0002948,3.44e-05,3.44e-05,3.44e-05,46032,152,2.0027633487721483,False,False
seed-1729__h-4__c-64__absolute_geometry,1729,4,64,0.1,absolute_geometry,"dt,dy,theta,r",reference,vectorchain,validation,ok,,,357,4,12,13,1.658263305322129,6.633053221288516,53.06442577030813,38.59459459459459,9.648648648648647,0.01925928727458367,0.027779710127709273,0.49621767807631306,True,True,True,True,1.3980745,0.0003798,0.0003798,0.0003798,3.46e-05,3.46e-05,3.46e-05,92064,296,1.0,False,False
seed-1729__h-4__c-64__absolute_geometry,1729,4,64,0.1,absolute_geometry,"dt,dy,theta,r",reference,vectorchain,test,ok,,,364,4,12,13,1.6868131868131868,6.747252747252747,53.97802197802198,37.9413680781759,9.485342019543975,0.020565360850553962,0.02923245760778822,0.4672301749223469,True,True,True,True,1.3980745,0.0003798,0.0003798,0.0003798,3.56e-05,3.56e-05,3.56e-05,92064,296,1.0,False,False
seed-1729__h-4__c-64__turning_matched,1729,4,64,0.1,turning_matched,"dt,dy,theta,delta_theta",capacity_control,vectorchain,validation,ok,,,357,4,12,13,1.658263305322129,6.633053221288516,53.06442577030813,38.59459459459459,9.648648648648647,0.017942244626973972,0.02513880283292308,0.4490442237886652,True,True,True,True,1.3758964,0.0003835,0.0003835,0.0003835,3.42e-05,3.42e-05,3.42e-05,92064,296,0.9049339506191614,True,True
seed-1729__h-4__c-64__turning_matched,1729,4,64,0.1,turning_matched,"dt,dy,theta,delta_theta",capacity_control,vectorchain,test,ok,,,364,4,12,13,1.6868131868131868,6.747252747252747,53.97802197802198,37.9413680781759,9.485342019543975,0.019001687494792644,0.026156440986484175,0.41806537997698356,True,True,True,True,1.3758964,0.0003835,0.0003835,0.0003835,4.14e-05,4.14e-05,4.14e-05,92064,296,0.8947739303148935,True,True
seed-1729__h-4__c-64__turning,1729,4,64,0.1,turning,"dt,dy,theta,r,delta_theta",primary,vectorchain,validation,ok,,,357,5,15,16,1.658263305322129,8.291316526610645,66.33053221288516,38.59459459459459,7.718918918918918,0.017961508742339614,0.02516716589555154,0.4495508616555085,True,True,True,True,1.402781,0.0009181,0.0009181,0.0009181,6.58e-05,6.58e-05,6.58e-05,115080,368,0.9059549498483855,True,True
seed-1729__h-4__c-64__turning,1729,4,64,0.1,turning,"dt,dy,theta,r,delta_theta",primary,vectorchain,test,ok,,,364,5,15,16,1.6868131868131868,8.434065934065934,67.47252747252747,37.9413680781759,7.588273615635179,0.019020941868708154,0.02618252654553255,0.4184823124320185,True,True,True,True,1.402781,0.0009181,0.0009181,0.0009181,5.09e-05,5.09e-05,5.09e-05,115080,368,0.8956662794768547,True,True
seed-1729__h-4__c-64__full_relational,1729,4,64,0.1,full_relational,"dt,dy,theta,r,delta_theta,delta_r",secondary,vectorchain,validation,ok,,,357,6,18,19,1.658263305322129,9.949579831932773,79.59663865546219,38.59459459459459,6.4324324324324325,0.022110933789715966,0.03375169318034567,0.6028927855654455,True,True,True,True,1.43645,0.0004459,0.0004459,0.0004459,5.1e-05,5.1e-05,5.1e-05,138096,440,1.21497643514572,False,False
seed-1729__h-4__c-64__full_relational,1729,4,64,0.1,full_relational,"dt,dy,theta,r,delta_theta,delta_r",secondary,vectorchain,test,ok,,,364,6,18,19,1.6868131868131868,10.12087912087912,80.96703296703296,37.9413680781759,6.323561346362649,0.02506181088095437,0.03849200430267897,0.615227982017526,True,True,True,True,1.43645,0.0004459,0.0004459,0.0004459,4.06e-05,4.06e-05,4.06e-05,138096,440,1.316755669985947,False,False
seed-1729__h-16__c-64__raw,1729,16,64,,,,baseline,raw,validation,ok,,,357,1,3,4,64.0,64.0,512.0,1.0,1.0,0.14059705138490597,0.26147751344219855,1.0,,,,,0.0593457,0.0003179,0.0003179,0.0003179,3.86e-05,3.86e-05,3.86e-05,22512,80,,,
seed-1729__h-16__c-64__raw,1729,16,64,,,,baseline,raw,test,ok,,,364,1,3,4,64.0,64.0,512.0,1.0,1.0,0.15380449309528343,0.28158924729638174,1.0,,,,,0.0593457,0.0003179,0.0003179,0.0003179,3.47e-05,3.47e-05,3.47e-05,22512,80,,,
seed-1729__h-16__c-64__first_difference,1729,16,64,,,,baseline,first_difference,validation,ok,,,357,1,3,4,63.0,63.0,504.0,1.0158730158730158,1.0158730158730158,0.17354572646356817,0.29674669288827643,1.1348841779232934,,,,,0.0653684,0.000229,0.000229,0.000229,2.88e-05,2.88e-05,2.88e-05,22512,80,,,
seed-1729__h-16__c-64__first_difference,1729,16,64,,,,baseline,first_difference,test,ok,,,364,1,3,4,63.0,63.0,504.0,1.0158730158730158,1.0158730158730158,0.18287821114290245,0.31681257290854076,1.125087608814428,,,,,0.0653684,0.000229,0.000229,0.000229,3e-05,3e-05,3e-05,22512,80,,,
seed-1729__h-16__c-64__segment,1729,16,64,0.1,segment,"dt,dy",secondary,vectorchain,validation,ok,,,357,2,6,7,1.6526610644257702,3.3053221288515404,26.442577030812323,38.72542372881356,19.36271186440678,0.1323647290767649,0.2456129177360273,0.9393271126938484,True,True,True,True,1.3612715,0.0005133,0.0005133,0.0005133,3.66e-05,3.66e-05,3.66e-05,45024,152,1.528847542207042,False,False
seed-1729__h-16__c-64__segment,1729,16,64,0.1,segment,"dt,dy",secondary,vectorchain,test,ok,,,364,2,6,7,1.6868131868131868,3.3736263736263736,26.98901098901099,37.9413680781759,18.97068403908795,0.13155830716803477,0.23919113449856785,0.8494327705873352,True,True,True,True,1.3612715,0.0005133,0.0005133,0.0005133,3.49e-05,3.49e-05,3.49e-05,45024,152,1.5158648097345424,False,False
seed-1729__h-16__c-64__absolute_geometry,1729,16,64,0.1,absolute_geometry,"dt,dy,theta,r",reference,vectorchain,validation,ok,,,357,4,12,13,1.6526610644257702,6.610644257703081,52.88515406162465,38.72542372881356,9.68135593220339,0.08303165424923195,0.16065232860397635,0.6144020818045972,True,True,True,True,1.3759395,0.0003915,0.0003915,0.0003915,3.35e-05,3.35e-05,3.35e-05,90048,296,1.0,False,False
seed-1729__h-16__c-64__absolute_geometry,1729,16,64,0.1,absolute_geometry,"dt,dy,theta,r",reference,vectorchain,test,ok,,,364,4,12,13,1.6868131868131868,6.747252747252747,53.97802197802198,37.9413680781759,9.485342019543975,0.08064478232166936,0.15779186439485648,0.5603618245719997,True,True,True,True,1.3759395,0.0003915,0.0003915,0.0003915,3.58e-05,3.58e-05,3.58e-05,90048,296,1.0,False,False
seed-1729__h-16__c-64__turning_matched,1729,16,64,0.1,turning_matched,"dt,dy,theta,delta_theta",capacity_control,vectorchain,validation,ok,,,357,4,12,13,1.6526610644257702,6.610644257703081,52.88515406162465,38.72542372881356,9.68135593220339,0.08020268882349887,0.15425090465042607,0.5899203438942153,True,True,True,True,1.3849425,0.0003819,0.0003819,0.0003819,3.5e-05,3.5e-05,3.5e-05,90048,296,0.9601535563836712,True,True
seed-1729__h-16__c-64__turning_matched,1729,16,64,0.1,turning_matched,"dt,dy,theta,delta_theta",capacity_control,vectorchain,test,ok,,,364,4,12,13,1.6868131868131868,6.747252747252747,53.97802197802198,37.9413680781759,9.485342019543975,0.08647167529991265,0.16137306492528528,0.5730796416222347,True,True,True,True,1.3849425,0.0003819,0.0003819,0.0003819,4.38e-05,4.38e-05,4.38e-05,90048,296,1.0226957235353227,False,False
seed-1729__h-16__c-64__turning,1729,16,64,0.1,turning,"dt,dy,theta,r,delta_theta",primary,vectorchain,validation,ok,,,357,5,15,16,1.6526610644257702,8.263305322128852,66.10644257703082,38.72542372881356,7.745084745762711,0.08024329296792256,0.15432743848427335,0.5902130414682428,True,True,True,True,1.3680566,0.0005438,0.0005438,0.0005438,4.94e-05,4.94e-05,4.94e-05,112560,368,0.9606299505605396,True,True
seed-1729__h-16__c-64__turning,1729,16,64,0.1,turning,"dt,dy,theta,r,delta_theta",primary,vectorchain,test,ok,,,364,5,15,16,1.6868131868131868,8.434065934065934,67.47252747252747,37.9413680781759,7.588273615635179,0.08650610505879888,0.16146420973170234,0.5734033216181584,True,True,True,True,1.3680566,0.0005438,0.0005438,0.0005438,7.03e-05,7.03e-05,7.03e-05,112560,368,1.0232733503145397,False,False
seed-1729__h-16__c-64__full_relational,1729,16,64,0.1,full_relational,"dt,dy,theta,r,delta_theta,delta_r",secondary,vectorchain,validation,ok,,,357,6,18,19,1.6526610644257702,9.915966386554622,79.32773109243698,38.72542372881356,6.454237288135593,0.09709970005923312,0.18988012205985952,0.7261814584367074,True,True,True,True,1.3847217,0.0004272,0.0004272,0.0004272,3.74e-05,3.74e-05,3.74e-05,135072,440,1.1819319627039613,False,False
seed-1729__h-16__c-64__full_relational,1729,16,64,0.1,full_relational,"dt,dy,theta,r,delta_theta,delta_r",secondary,vectorchain,test,ok,,,364,6,18,19,1.6868131868131868,10.12087912087912,80.96703296703296,37.9413680781759,6.323561346362649,0.11493679348271993,0.2337242632307404,0.8300184239092698,True,True,True,True,1.3847217,0.0004272,0.0004272,0.0004272,3.97e-05,3.97e-05,3.97e-05,135072,440,1.4812187188933363,False,False
seed-1729__h-1__c-128__raw,1729,1,128,,,,baseline,raw,validation,ok,,,357,1,3,4,128.0,128.0,1024.0,1.0,1.0,0.01580220975938122,0.021101774912132262,1.0,,,,,0.0590834,0.0002315,0.0002315,0.0002315,2.76e-05,2.76e-05,2.76e-05,20496,80,,,
seed-1729__h-1__c-128__raw,1729,1,128,,,,baseline,raw,test,ok,,,357,1,3,4,128.0,128.0,1024.0,1.0,1.0,0.016780061727958658,0.022899832935210612,1.0,,,,,0.0590834,0.0002315,0.0002315,0.0002315,2.94e-05,2.94e-05,2.94e-05,20496,80,,,
seed-1729__h-1__c-128__first_difference,1729,1,128,,,,baseline,first_difference,validation,ok,,,357,1,3,4,127.0,127.0,1016.0,1.0078740157480315,1.0078740157480315,0.016745246613906625,0.022358497546242306,1.0595553046766462,,,,,0.0669676,0.0002138,0.0002138,0.0002138,2.77e-05,2.77e-05,2.77e-05,20496,80,,,
seed-1729__h-1__c-128__first_difference,1729,1,128,,,,baseline,first_difference,test,ok,,,357,1,3,4,127.0,127.0,1016.0,1.0078740157480315,1.0078740157480315,0.017293883817230123,0.023420996899442305,1.0227584177450637,,,,,0.0669676,0.0002138,0.0002138,0.0002138,2.89e-05,2.89e-05,2.89e-05,20496,80,,,
seed-1729__h-1__c-128__segment,1729,1,128,0.1,segment,"dt,dy",secondary,vectorchain,validation,ok,,,357,2,6,7,2.630252100840336,5.260504201680672,42.08403361344538,48.66453674121406,24.33226837060703,0.014206139741185234,0.018083184097469188,0.8569508571088224,True,True,True,True,2.6643407,0.0003216,0.0003216,0.0003216,3.66e-05,3.66e-05,3.66e-05,40992,152,1.1495588064834925,False,False
seed-1729__h-1__c-128__segment,1729,1,128,0.1,segment,"dt,dy",secondary,vectorchain,test,ok,,,357,2,6,7,2.61624649859944,5.23249299719888,41.85994397759104,48.92505353319058,24.46252676659529,0.01450242302051057,0.018880428170602082,0.8244788607855595,True,True,True,True,2.6643407,0.0003216,0.0003216,0.0003216,6.85e-05,6.85e-05,6.85e-05,40992,152,1.233715203477469,False,False
seed-1729__h-1__c-128__absolute_geometry,1729,1,128,0.1,absolute_geometry,"dt,dy,theta,r",reference,vectorchain,validation,ok,,,357,4,12,13,2.630252100840336,10.521008403361344,84.16806722689076,48.66453674121406,12.166134185303514,0.01238129424052418,0.01573054287912922,0.7454606517523366,True,True,True,True,2.6647923,0.0003425,0.0003425,0.0003425,3.58e-05,3.58e-05,3.58e-05,81984,296,1.0,False,False
seed-1729__h-1__c-128__absolute_geometry,1729,1,128,0.1,absolute_geometry,"dt,dy,theta,r",reference,vectorchain,test,ok,,,357,4,12,13,2.61624649859944,10.46498599439776,83.71988795518207,48.92505353319058,12.231263383297645,0.012282769001617014,0.015303716868677536,0.668289454860898,True,True,True,True,2.6647923,0.0003425,0.0003425,0.0003425,3.68e-05,3.68e-05,3.68e-05,81984,296,1.0,False,False
seed-1729__h-1__c-128__turning_matched,1729,1,128,0.1,turning_matched,"dt,dy,theta,delta_theta",capacity_control,vectorchain,validation,ok,,,357,4,12,13,2.630252100840336,10.521008403361344,84.16806722689076,48.66453674121406,12.166134185303514,0.012959933665742262,0.01649628869479248,0.7817488701060922,True,True,True,True,2.6224127,0.0004154,0.0004154,0.0004154,3.49e-05,3.49e-05,3.49e-05,81984,296,1.0486789185565377,False,False
seed-1729__h-1__c-128__turning_matched,1729,1,128,0.1,turning_matched,"dt,dy,theta,delta_theta",capacity_control,vectorchain,test,ok,,,357,4,12,13,2.61624649859944,10.46498599439776,83.71988795518207,48.92505353319058,12.231263383297645,0.013468436295411291,0.017207348746219313,0.7514180909049961,True,True,True,True,2.6224127,0.0004154,0.0004154,0.0004154,3.48e-05,3.48e-05,3.48e-05,81984,296,1.1243901657275157,False,False
seed-1729__h-1__c-128__turning,1729,1,128,0.1,turning,"dt,dy,theta,r,delta_theta",primary,vectorchain,validation,ok,,,357,5,15,16,2.630252100840336,13.15126050420168,105.21008403361344,48.66453674121406,9.732907348242811,0.012958221107515563,0.016494284367592912,0.7816538862856357,True,True,True,True,2.5414758,0.0003992,0.0003992,0.0003992,3.9e-05,3.9e-05,3.9e-05,102480,368,1.048551502280128,False,False
seed-1729__h-1__c-128__turning,1729,1,128,0.1,turning,"dt,dy,theta,r,delta_theta",primary,vectorchain,test,ok,,,357,5,15,16,2.61624649859944,13.081232492997199,104.64985994397759,48.92505353319058,9.785010706638117,0.013467018042139461,0.017204414357445293,0.7512899507223878,True,True,True,True,2.5414758,0.0003992,0.0003992,0.0003992,3.68e-05,3.68e-05,3.68e-05,102480,368,1.124198422192321,False,False
seed-1729__h-1__c-128__full_relational,1729,1,128,0.1,full_relational,"dt,dy,theta,r,delta_theta,delta_r",secondary,vectorchain,validation,ok,,,357,6,18,19,2.630252100840336,15.781512605042018,126.25210084033614,48.66453674121406,8.110756123535676,0.012802474444607017,0.016328107247472433,0.7737788558290775,True,True,True,True,2.5609871,0.0005599,0.0005599,0.0005599,5.48e-05,5.48e-05,5.48e-05,122976,440,1.0379875235670373,False,False
seed-1729__h-1__c-128__full_relational,1729,1,128,0.1,full_relational,"dt,dy,theta,r,delta_theta,delta_r",secondary,vectorchain,test,ok,,,357,6,18,19,2.61624649859944,15.697478991596638,125.5798319327731,48.92505353319058,8.154175588865098,0.01309844909254213,0.016679888089288775,0.7283847064072639,True,True,True,True,2.5609871,0.0005599,0.0005599,0.0005599,4.07e-05,4.07e-05,4.07e-05,122976,440,1.0899239859453933,False,False
seed-1729__h-4__c-128__raw,1729,4,128,,,,baseline,raw,validation,ok,,,357,1,3,4,128.0,128.0,1024.0,1.0,1.0,0.044101826979307195,0.07402505713511623,1.0,,,,,0.0582815,0.0002282,0.0002282,0.0002282,2.79e-05,2.79e-05,2.79e-05,20328,80,,,
seed-1729__h-4__c-128__raw,1729,4,128,,,,baseline,raw,test,ok,,,364,1,3,4,128.0,128.0,1024.0,1.0,1.0,0.04716952242011778,0.07745543912480651,1.0,,,,,0.0582815,0.0002282,0.0002282,0.0002282,2.96e-05,2.96e-05,2.96e-05,20328,80,,,
seed-1729__h-4__c-128__first_difference,1729,4,128,,,,baseline,first_difference,validation,ok,,,357,1,3,4,127.0,127.0,1016.0,1.0078740157480315,1.0078740157480315,0.0446080563693272,0.06528029161317034,0.8818674937868096,,,,,0.0623638,0.000215,0.000215,0.000215,2.85e-05,2.85e-05,2.85e-05,20328,80,,,
seed-1729__h-4__c-128__first_difference,1729,4,128,,,,baseline,first_difference,test,ok,,,364,1,3,4,127.0,127.0,1016.0,1.0078740157480315,1.0078740157480315,0.04400317883378237,0.0651742495102562,0.8414418696308568,,,,,0.0623638,0.000215,0.000215,0.000215,2.97e-05,2.97e-05,2.97e-05,20328,80,,,
seed-1729__h-4__c-128__segment,1729,4,128,0.1,segment,"dt,dy",secondary,vectorchain,validation,ok,,,357,2,6,7,2.627450980392157,5.254901960784314,42.03921568627451,48.71641791044776,24.35820895522388,0.035606125778346626,0.05464144495450217,0.7381479605583606,True,True,True,True,2.6645762,0.0002798,0.0002798,0.0002798,3.32e-05,3.32e-05,3.32e-05,40656,152,1.827994417496558,False,False
seed-1729__h-4__c-128__segment,1729,4,128,0.1,segment,"dt,dy",secondary,vectorchain,test,ok,,,364,2,6,7,2.618131868131868,5.236263736263736,41.89010989010989,48.889821615949636,24.444910807974818,0.03653042544290117,0.05729131793239917,0.7396681056844023,True,True,True,True,2.6645762,0.0002798,0.0002798,0.0002798,3.5e-05,3.5e-05,3.5e-05,40656,152,1.840331185662573,False,False
seed-1729__h-4__c-128__absolute_geometry,1729,4,128,0.1,absolute_geometry,"dt,dy,theta,r",reference,vectorchain,validation,ok,,,357,4,12,13,2.627450980392157,10.509803921568627,84.07843137254902,48.71641791044776,12.17910447761194,0.02003988020016876,0.02989147255128587,0.403802086862637,True,True,True,True,2.6933042,0.0004983,0.0004983,0.0004983,4.74e-05,4.74e-05,4.74e-05,81312,296,1.0,False,False
seed-1729__h-4__c-128__absolute_geometry,1729,4,128,0.1,absolute_geometry,"dt,dy,theta,r",reference,vectorchain,test,ok,,,364,4,12,13,2.618131868131868,10.472527472527473,83.78021978021978,48.889821615949636,12.222455403987409,0.021931145092443337,0.031130982498551,0.40192119301510404,True,True,True,True,2.6933042,0.0004983,0.0004983,0.0004983,5.4e-05,5.4e-05,5.4e-05,81312,296,1.0,False,False
seed-1729__h-4__c-128__turning_matched,1729,4,128,0.1,turning_matched,"dt,dy,theta,delta_theta",capacity_control,vectorchain,validation,ok,,,357,4,12,13,2.627450980392157,10.509803921568627,84.07843137254902,48.71641791044776,12.17910447761194,0.023179294777581686,0.035286918356471214,0.47668883648495963,True,True,True,True,2.6462999,0.0003709,0.0003709,0.0003709,3.54e-05,3.54e-05,3.54e-05,81312,296,1.1805011712262814,False,False
seed-1729__h-4__c-128__turning_matched,1729,4,128,0.1,turning_matched,"dt,dy,theta,delta_theta",capacity_control,vectorchain,test,ok,,,364,4,12,13,2.618131868131868,10.472527472527473,83.78021978021978,48.889821615949636,12.222455403987409,0.027377992134061835,0.04169180015034789,0.5382682045500834,True,True,True,True,2.6462999,0.0003709,0.0003709,0.0003709,3.72e-05,3.72e-05,3.72e-05,81312,296,1.3392381738124854,False,False
seed-1729__h-4__c-128__turning,1729,4,128,0.1,turning,"dt,dy,theta,r,delta_theta",primary,vectorchain,validation,ok,,,357,5,15,16,2.627450980392157,13.137254901960784,105.09803921568627,48.71641791044776,9.743283582089553,0.023173242902950607,0.03527219645270353,0.4764899591812811,True,True,True,True,2.6276891,0.0004635,0.0004635,0.0004635,5.51e-05,5.51e-05,5.51e-05,101640,368,1.180008659398956,False,False
seed-1729__h-4__c-128__turning,1729,4,128,0.1,turning,"dt,dy,theta,r,delta_theta",primary,vectorchain,test,ok,,,364,5,15,16,2.618131868131868,13.090659340659341,104.72527472527473,48.889821615949636,9.777964323189925,0.027370656218817183,0.04167445869494322,0.5380443151034465,True,True,True,True,2.6276891,0.0004635,0.0004635,0.0004635,4.67e-05,4.67e-05,4.67e-05,101640,368,1.3386811256883064,False,False
seed-1729__h-4__c-128__full_relational,1729,4,128,0.1,full_relational,"dt,dy,theta,r,delta_theta,delta_r",secondary,vectorchain,validation,ok,,,357,6,18,19,2.627450980392157,15.764705882352942,126.11764705882354,48.71641791044776,8.119402985074627,0.02308183845744213,0.03483803793493245,0.47062493813876277,True,True,True,True,2.6273607,0.0004062,0.0004062,0.0004062,3.71e-05,3.71e-05,3.71e-05,121968,440,1.1654841652635073,False,False
seed-1729__h-4__c-128__full_relational,1729,4,128,0.1,full_relational,"dt,dy,theta,r,delta_theta,delta_r",secondary,vectorchain,test,ok,,,364,6,18,19,2.618131868131868,15.708791208791208,125.67032967032966,48.889821615949636,8.148303602658272,0.02653309185895669,0.04021927880247294,0.5192569980484687,True,True,True,True,2.6273607,0.0004062,0.0004062,0.0004062,3.96e-05,3.96e-05,3.96e-05,121968,440,1.2919373426246652,False,False
seed-1729__h-16__c-128__raw,1729,16,128,,,,baseline,raw,validation,ok,,,357,1,3,4,128.0,128.0,1024.0,1.0,1.0,0.1713622520101355,0.29935926822130265,1.0,,,,,0.0652438,0.0002204,0.0002204,0.0002204,2.93e-05,2.93e-05,2.93e-05,19824,80,,,
seed-1729__h-16__c-128__raw,1729,16,128,,,,baseline,raw,test,ok,,,364,1,3,4,128.0,128.0,1024.0,1.0,1.0,0.17990204832079998,0.30595235397035986,1.0,,,,,0.0652438,0.0002204,0.0002204,0.0002204,3e-05,3e-05,3e-05,19824,80,,,
seed-1729__h-16__c-128__first_difference,1729,16,128,,,,baseline,first_difference,validation,ok,,,357,1,3,4,127.0,127.0,1016.0,1.0078740157480315,1.0078740157480315,0.16062538794836606,0.24572423735350973,0.8208339057398317,,,,,0.0618191,0.0002205,0.0002205,0.0002205,2.85e-05,2.85e-05,2.85e-05,19824,80,,,
seed-1729__h-16__c-128__first_difference,1729,16,128,,,,baseline,first_difference,test,ok,,,364,1,3,4,127.0,127.0,1016.0,1.0078740157480315,1.0078740157480315,0.15572420899641606,0.2383128069616963,0.7789213054552397,,,,,0.0618191,0.0002205,0.0002205,0.0002205,3.14e-05,3.14e-05,3.14e-05,19824,80,,,
seed-1729__h-16__c-128__segment,1729,16,128,0.1,segment,"dt,dy",secondary,vectorchain,validation,ok,,,357,2,6,7,2.619047619047619,5.238095238095238,41.904761904761905,48.872727272727275,24.436363636363637,0.12708935210994435,0.21136123093330444,0.706045388837117,True,True,True,True,2.5806545,0.0002675,0.0002675,0.0002675,3.16e-05,3.16e-05,3.16e-05,39648,152,1.3156761382489641,False,False
seed-1729__h-16__c-128__segment,1729,16,128,0.1,segment,"dt,dy",secondary,vectorchain,test,ok,,,364,2,6,7,2.618131868131868,5.236263736263736,41.89010989010989,48.889821615949636,24.444910807974818,0.1308320823513051,0.2301141891493884,0.752124264328038,True,True,True,True,2.5806545,0.0002675,0.0002675,0.0002675,3.33e-05,3.33e-05,3.33e-05,39648,152,1.2849103951312706,False,False
seed-1729__h-16__c-128__absolute_geometry,1729,16,128,0.1,absolute_geometry,"dt,dy,theta,r",reference,vectorchain,validation,ok,,,357,4,12,13,2.619047619047619,10.476190476190476,83.80952380952381,48.872727272727275,12.218181818181819,0.08536091644003163,0.16064837294579615,0.5366407190274,True,True,True,True,2.6218653,0.0003759,0.0003759,0.0003759,3.64e-05,3.64e-05,3.64e-05,79296,296,1.0,False,False
seed-1729__h-16__c-128__absolute_geometry,1729,16,128,0.1,absolute_geometry,"dt,dy,theta,r",reference,vectorchain,test,ok,,,364,4,12,13,2.618131868131868,10.472527472527473,83.78021978021978,48.889821615949636,12.222455403987409,0.09512423175771113,0.17908967817625848,0.5853515289299208,True,True,True,True,2.6218653,0.0003759,0.0003759,0.0003759,3.92e-05,3.92e-05,3.92e-05,79296,296,1.0,False,False
seed-1729__h-16__c-128__turning_matched,1729,16,128,0.1,turning_matched,"dt,dy,theta,delta_theta",capacity_control,vectorchain,validation,ok,,,357,4,12,13,2.619047619047619,10.476190476190476,83.80952380952381,48.872727272727275,12.218181818181819,0.11527766721037555,0.21522200589397106,0.7189421833262475,True,True,True,True,2.5709126,0.0003704,0.0003704,0.0003704,3.65e-05,3.65e-05,3.65e-05,79296,296,1.3397085942886482,False,False
seed-1729__h-16__c-128__turning_matched,1729,16,128,0.1,turning_matched,"dt,dy,theta,delta_theta",capacity_control,vectorchain,test,ok,,,364,4,12,13,2.618131868131868,10.472527472527473,83.78021978021978,48.889821615949636,12.222455403987409,0.1346029006514251,0.2591198993683273,0.8469289286574027,True,True,True,True,2.5709126,0.0003704,0.0003704,0.0003704,3.63e-05,3.63e-05,3.63e-05,79296,296,1.4468723267976604,False,False
seed-1729__h-16__c-128__turning,1729,16,128,0.1,turning,"dt,dy,theta,r,delta_theta",primary,vectorchain,validation,ok,,,357,5,15,16,2.619047619047619,13.095238095238095,104.76190476190476,48.872727272727275,9.774545454545455,0.11524161685330882,0.21512849552625457,0.7186298149527139,True,True,True,True,2.5793157,0.0004504,0.0004504,0.0004504,4.84e-05,4.84e-05,4.84e-05,99120,368,1.3391265132753034,False,False
seed-1729__h-16__c-128__turning,1729,16,128,0.1,turning,"dt,dy,theta,r,delta_theta",primary,vectorchain,test,ok,,,364,5,15,16,2.618131868131868,13.090659340659341,104.72527472527473,48.889821615949636,9.777964323189925,0.1345556855810388,0.25900790881763175,0.8465628894710971,True,True,True,True,2.5793157,0.0004504,0.0004504,0.0004504,4.73e-05,4.73e-05,4.73e-05,99120,368,1.4462469945516259,False,False
seed-1729__h-16__c-128__full_relational,1729,16,128,0.1,full_relational,"dt,dy,theta,r,delta_theta,delta_r",secondary,vectorchain,validation,ok,,,357,6,18,19,2.619047619047619,15.714285714285714,125.71428571428571,48.872727272727275,8.145454545454546,0.11405191609053156,0.20826918288039956,0.6957165018403093,True,True,True,True,2.6167084,0.0004932,0.0004932,0.0004932,3.97e-05,3.97e-05,3.97e-05,118944,440,1.2964288343628043,False,False
seed-1729__h-16__c-128__full_relational,1729,16,128,0.1,full_relational,"dt,dy,theta,r,delta_theta,delta_r",secondary,vectorchain,test,ok,,,364,6,18,19,2.618131868131868,15.708791208791208,125.67032967032966,48.889821615949636,8.148303602658272,0.13265804247435597,0.2540866947678848,0.830477986100085,True,True,True,True,2.6167084,0.0004932,0.0004932,0.0004932,4.4e-05,4.4e-05,4.4e-05,118944,440,1.4187679455083666,False,False
seed-2718__h-1__c-32__raw,2718,1,32,,,,baseline,raw,validation,ok,,,357,1,3,4,32.0,32.0,256.0,1.0,1.0,0.013268440412473562,0.016738412021083376,1.0,,,,,0.0647548,0.0002809,0.0002809,0.0002809,2.92e-05,2.92e-05,2.92e-05,24528,80,,,
seed-2718__h-1__c-32__raw,2718,1,32,,,,baseline,raw,test,ok,,,357,1,3,4,32.0,32.0,256.0,1.0,1.0,0.013179500674808955,0.016248629368978786,1.0,,,,,0.0647548,0.0002809,0.0002809,0.0002809,2.98e-05,2.98e-05,2.98e-05,24528,80,,,
seed-2718__h-1__c-32__first_difference,2718,1,32,,,,baseline,first_difference,validation,ok,,,357,1,3,4,31.0,31.0,248.0,1.032258064516129,1.032258064516129,0.01485448252404726,0.01996300102383463,1.1926460526058043,,,,,0.0719465,0.0002643,0.0002643,0.0002643,2.86e-05,2.86e-05,2.86e-05,24528,80,,,
seed-2718__h-1__c-32__first_difference,2718,1,32,,,,baseline,first_difference,test,ok,,,357,1,3,4,31.0,31.0,248.0,1.032258064516129,1.032258064516129,0.015424005575431433,0.02032896912979367,1.2511190124506688,,,,,0.0719465,0.0002643,0.0002643,0.0002643,2.9e-05,2.9e-05,2.9e-05,24528,80,,,
seed-2718__h-1__c-32__segment,2718,1,32,0.1,segment,"dt,dy",secondary,vectorchain,validation,ok,,,357,2,6,7,1.2156862745098038,2.4313725490196076,19.45098039215686,26.322580645161292,13.161290322580646,0.01589167663260854,0.022237273357122958,1.3285175038775079,False,True,True,False,0.7625921,0.0002787,0.0002787,0.0002787,4.04e-05,4.04e-05,4.04e-05,49056,152,1.356896253101473,False,False
seed-2718__h-1__c-32__segment,2718,1,32,0.1,segment,"dt,dy",secondary,vectorchain,test,ok,,,357,2,6,7,1.2212885154061626,2.442577030812325,19.5406162464986,26.20183486238532,13.10091743119266,0.015774597413421354,0.021390923125017582,1.3164755401373271,False,True,True,False,0.7625921,0.0002787,0.0002787,0.0002787,3.45e-05,3.45e-05,3.45e-05,49056,152,1.356003629455953,False,False
seed-2718__h-1__c-32__absolute_geometry,2718,1,32,0.1,absolute_geometry,"dt,dy,theta,r",reference,vectorchain,validation,ok,,,357,4,12,13,1.2156862745098038,4.862745098039215,38.90196078431372,26.322580645161292,6.580645161290323,0.01295017694426012,0.01638833721170279,0.9790855423477665,True,True,True,True,0.7501852,0.0003064,0.0003064,0.0003064,3.49e-05,3.49e-05,3.49e-05,98112,296,1.0,False,False
seed-2718__h-1__c-32__absolute_geometry,2718,1,32,0.1,absolute_geometry,"dt,dy,theta,r",reference,vectorchain,test,ok,,,357,4,12,13,1.2212885154061626,4.88515406162465,39.0812324929972,26.20183486238532,6.55045871559633,0.013006099767197252,0.015774974830708905,0.9708495696766791,True,True,True,True,0.7501852,0.0003064,0.0003064,0.0003064,4.08e-05,4.08e-05,4.08e-05,98112,296,1.0,False,False
seed-2718__h-1__c-32__turning_matched,2718,1,32,0.1,turning_matched,"dt,dy,theta,delta_theta",capacity_control,vectorchain,validation,ok,,,357,4,12,13,1.2156862745098038,4.862745098039215,38.90196078431372,26.322580645161292,6.580645161290323,0.016011758857339284,0.023054917908568198,1.3773658982422392,False,True,True,False,0.7476431,0.0002971,0.0002971,0.0002971,3.4e-05,3.4e-05,3.4e-05,98112,296,1.4067881085644767,False,False
seed-2718__h-1__c-32__turning_matched,2718,1,32,0.1,turning_matched,"dt,dy,theta,delta_theta",capacity_control,vectorchain,test,ok,,,357,4,12,13,1.2212885154061626,4.88515406162465,39.0812324929972,26.20183486238532,6.55045871559633,0.014595379874063664,0.019633543828125388,1.2083199993230778,False,True,True,False,0.7476431,0.0002971,0.0002971,0.0002971,3.51e-05,3.51e-05,3.51e-05,98112,296,1.2446006436666424,False,False
seed-2718__h-1__c-32__turning,2718,1,32,0.1,turning,"dt,dy,theta,r,delta_theta",primary,vectorchain,validation,ok,,,357,5,15,16,1.2156862745098038,6.078431372549019,48.627450980392155,26.322580645161292,5.264516129032258,0.01610452250568473,0.02331060076800823,1.392641114261416,False,True,True,False,0.7421935,0.0003845,0.0003845,0.0003845,3.66e-05,3.66e-05,3.66e-05,122640,368,1.4223896217709204,False,False
seed-2718__h-1__c-32__turning,2718,1,32,0.1,turning,"dt,dy,theta,r,delta_theta",primary,vectorchain,test,ok,,,357,5,15,16,1.2212885154061626,6.106442577030812,48.851540616246496,26.20183486238532,5.240366972477065,0.014750304967037714,0.019907093578083564,1.2251552500846237,False,True,True,False,0.7421935,0.0003845,0.0003845,0.0003845,3.7e-05,3.7e-05,3.7e-05,122640,368,1.2619413844851737,False,False
seed-2718__h-1__c-32__full_relational,2718,1,32,0.1,full_relational,"dt,dy,theta,r,delta_theta,delta_r",secondary,vectorchain,validation,ok,,,357,6,18,19,1.2156862745098038,7.294117647058823,58.35294117647059,26.322580645161292,4.387096774193548,0.017388563170962247,0.02679967366104607,1.6010881813214854,False,True,True,False,0.7302492,0.0004737,0.0004737,0.0004737,4.81e-05,4.81e-05,4.81e-05,147168,440,1.6352893716336654,False,False
seed-2718__h-1__c-32__full_relational,2718,1,32,0.1,full_relational,"dt,dy,theta,r,delta_theta,delta_r",secondary,vectorchain,test,ok,,,357,6,18,19,1.2212885154061626,7.3277310924369745,58.621848739495796,26.20183486238532,4.366972477064221,0.016305298400569858,0.02371441630492924,1.4594717970614695,False,True,True,False,0.7302492,0.0004737,0.0004737,0.0004737,3.87e-05,3.87e-05,3.87e-05,147168,440,1.5032934479720845,False,False
seed-2718__h-4__c-32__raw,2718,4,32,,,,baseline,raw,validation,ok,,,357,1,3,4,32.0,32.0,256.0,1.0,1.0,0.025728501286578765,0.03615666815055268,1.0,,,,,0.0624267,0.0002427,0.0002427,0.0002427,2.8e-05,2.8e-05,2.8e-05,24360,80,,,
seed-2718__h-4__c-32__raw,2718,4,32,,,,baseline,raw,test,ok,,,364,1,3,4,32.0,32.0,256.0,1.0,1.0,0.027141905893129956,0.039680665465761586,1.0,,,,,0.0624267,0.0002427,0.0002427,0.0002427,2.98e-05,2.98e-05,2.98e-05,24360,80,,,
seed-2718__h-4__c-32__first_difference,2718,4,32,,,,baseline,first_difference,validation,ok,,,357,1,3,4,31.0,31.0,248.0,1.032258064516129,1.032258064516129,0.03383274594554123,0.052887819987684284,1.4627404208669006,,,,,0.068248,0.0002231,0.0002231,0.0002231,3.39e-05,3.39e-05,3.39e-05,24360,80,,,
seed-2718__h-4__c-32__first_difference,2718,4,32,,,,baseline,first_difference,test,ok,,,364,1,3,4,31.0,31.0,248.0,1.032258064516129,1.032258064516129,0.036184259144272465,0.05826690163234904,1.4683952738298849,,,,,0.068248,0.0002231,0.0002231,0.0002231,2.98e-05,2.98e-05,2.98e-05,24360,80,,,
seed-2718__h-4__c-32__segment,2718,4,32,0.1,segment,"dt,dy",secondary,vectorchain,validation,ok,,,357,2,6,7,1.2156862745098038,2.4313725490196076,19.45098039215686,26.322580645161292,13.161290322580646,0.03788041692011397,0.07105467259572924,1.9651886147214903,False,True,True,False,0.7072057,0.0002537,0.0002537,0.0002537,3.05e-05,3.05e-05,3.05e-05,48720,152,1.8374431359467716,False,False
seed-2718__h-4__c-32__segment,2718,4,32,0.1,segment,"dt,dy",secondary,vectorchain,test,ok,,,364,2,6,7,1.2225274725274726,2.4450549450549453,19.560439560439562,26.1752808988764,13.0876404494382,0.036199624290140744,0.07165251101863189,1.8057285627041002,False,True,True,False,0.7072057,0.0002537,0.0002537,0.0002537,3.21e-05,3.21e-05,3.21e-05,48720,152,1.8088847188955464,False,False
seed-2718__h-4__c-32__absolute_geometry,2718,4,32,0.1,absolute_geometry,"dt,dy,theta,r",reference,vectorchain,validation,ok,,,357,4,12,13,1.2156862745098038,4.862745098039215,38.90196078431372,26.322580645161292,6.580645161290323,0.025593365299887764,0.03867040628667793,1.0695235004967356,True,True,True,True,0.7156728,0.0003456,0.0003456,0.0003456,3.91e-05,3.91e-05,3.91e-05,97440,296,1.0,False,False
seed-2718__h-4__c-32__absolute_geometry,2718,4,32,0.1,absolute_geometry,"dt,dy,theta,r",reference,vectorchain,test,ok,,,364,4,12,13,1.2225274725274726,4.8901098901098905,39.120879120879124,26.1752808988764,6.5438202247191,0.024166872221598034,0.03961143033060773,0.9982551921863912,True,True,True,True,0.7156728,0.0003456,0.0003456,0.0003456,3.68e-05,3.68e-05,3.68e-05,97440,296,1.0,False,False
seed-2718__h-4__c-32__turning_matched,2718,4,32,0.1,turning_matched,"dt,dy,theta,delta_theta",capacity_control,vectorchain,validation,ok,,,357,4,12,13,1.2156862745098038,4.862745098039215,38.90196078431372,26.322580645161292,6.580645161290323,0.02201214897433827,0.03422859146200638,0.9466743815962804,True,True,True,True,0.7204886,0.0002819,0.0002819,0.0002819,3.41e-05,3.41e-05,3.41e-05,97440,296,0.8851365876080344,True,True
seed-2718__h-4__c-32__turning_matched,2718,4,32,0.1,turning_matched,"dt,dy,theta,delta_theta",capacity_control,vectorchain,test,ok,,,364,4,12,13,1.2225274725274726,4.8901098901098905,39.120879120879124,26.1752808988764,6.5438202247191,0.01923659434483447,0.02871339283508554,0.7236116758137753,True,True,True,True,0.7204886,0.0002819,0.0002819,0.0002819,3.58e-05,3.58e-05,3.58e-05,97440,296,0.7248764459004833,True,True
seed-2718__h-4__c-32__turning,2718,4,32,0.1,turning,"dt,dy,theta,r,delta_theta",primary,vectorchain,validation,ok,,,357,5,15,16,1.2156862745098038,6.078431372549019,48.627450980392155,26.322580645161292,5.264516129032258,0.022303628710349042,0.034639900841485695,0.9580501360703005,True,True,True,True,0.7319819,0.0003222,0.0003222,0.0003222,3.67e-05,3.67e-05,3.67e-05,121800,368,0.8957728704655282,True,True
seed-2718__h-4__c-32__turning,2718,4,32,0.1,turning,"dt,dy,theta,r,delta_theta",primary,vectorchain,test,ok,,,364,5,15,16,1.2225274725274726,6.112637362637362,48.9010989010989,26.1752808988764,5.235056179775281,0.01951098645313113,0.029083289316642495,0.7329335074215673,True,True,True,True,0.7319819,0.0003222,0.0003222,0.0003222,3.79e-05,3.79e-05,3.79e-05,121800,368,0.7342145707414622,True,True
seed-2718__h-4__c-32__full_relational,2718,4,32,0.1,full_relational,"dt,dy,theta,r,delta_theta,delta_r",secondary,vectorchain,validation,ok,,,357,6,18,19,1.2156862745098038,7.294117647058823,58.35294117647059,26.322580645161292,4.387096774193548,0.023453832364506037,0.0373802570705155,1.033841307359072,True,True,True,True,0.7247607,0.0005314,0.0005314,0.0005314,3.76e-05,3.76e-05,3.76e-05,146160,440,0.9666372986464618,True,True
seed-2718__h-4__c-32__full_relational,2718,4,32,0.1,full_relational,"dt,dy,theta,r,delta_theta,delta_r",secondary,vectorchain,test,ok,,,364,6,18,19,1.2225274725274726,7.335164835164835,58.68131868131868,26.1752808988764,4.362546816479401,0.020599158123315236,0.031344933001949085,0.7899296202326804,True,True,True,True,0.7247607,0.0005314,0.0005314,0.0005314,3.93e-05,3.93e-05,3.93e-05,146160,440,0.7913103046351969,True,True
seed-2718__h-16__c-32__raw,2718,16,32,,,,baseline,raw,validation,ok,,,357,1,3,4,32.0,32.0,256.0,1.0,1.0,0.10262469271317794,0.17868402237576425,1.0,,,,,0.0614232,0.0003134,0.0003134,0.0003134,2.77e-05,2.77e-05,2.77e-05,23856,80,,,
seed-2718__h-16__c-32__raw,2718,16,32,,,,baseline,raw,test,ok,,,364,1,3,4,32.0,32.0,256.0,1.0,1.0,0.11717026343783901,0.20470420816690732,1.0,,,,,0.0614232,0.0003134,0.0003134,0.0003134,3.06e-05,3.06e-05,3.06e-05,23856,80,,,
seed-2718__h-16__c-32__first_difference,2718,16,32,,,,baseline,first_difference,validation,ok,,,357,1,3,4,31.0,31.0,248.0,1.032258064516129,1.032258064516129,0.13710576226682916,0.23774540663251206,1.3305353409413654,,,,,0.0728888,0.0002268,0.0002268,0.0002268,2.79e-05,2.79e-05,2.79e-05,23856,80,,,
seed-2718__h-16__c-32__first_difference,2718,16,32,,,,baseline,first_difference,test,ok,,,364,1,3,4,31.0,31.0,248.0,1.032258064516129,1.032258064516129,0.1506887651057296,0.2636910669247829,1.2881565517684919,,,,,0.0728888,0.0002268,0.0002268,0.0002268,2.92e-05,2.92e-05,2.92e-05,23856,80,,,
seed-2718__h-16__c-32__segment,2718,16,32,0.1,segment,"dt,dy",secondary,vectorchain,validation,ok,,,357,2,6,7,1.2156862745098038,2.4313725490196076,19.45098039215686,26.322580645161292,13.161290322580646,0.18183146520096827,0.41063693542000024,2.2981178169162195,False,True,True,False,0.7287825,0.0002527,0.0002527,0.0002527,3.23e-05,3.23e-05,3.23e-05,47712,152,1.514885618840549,False,False
seed-2718__h-16__c-32__segment,2718,16,32,0.1,segment,"dt,dy",secondary,vectorchain,test,ok,,,364,2,6,7,1.2225274725274726,2.4450549450549453,19.560439560439562,26.1752808988764,13.0876404494382,0.17136563532404245,0.4042987484074696,1.9750387743754694,False,True,True,False,0.7287825,0.0002527,0.0002527,0.0002527,3.42e-05,3.42e-05,3.42e-05,47712,152,1.4766370404289397,False,False
seed-2718__h-16__c-32__absolute_geometry,2718,16,32,0.1,absolute_geometry,"dt,dy,theta,r",reference,vectorchain,validation,ok,,,357,4,12,13,1.2156862745098038,4.862745098039215,38.90196078431372,26.322580645161292,6.580645161290323,0.13080708265977942,0.27106794751559543,1.5170239840781738,False,True,True,False,0.7358858,0.0003332,0.0003332,0.0003332,3.51e-05,3.51e-05,3.51e-05,95424,296,1.0,False,False
seed-2718__h-16__c-32__absolute_geometry,2718,16,32,0.1,absolute_geometry,"dt,dy,theta,r",reference,vectorchain,test,ok,,,364,4,12,13,1.2225274725274726,4.8901098901098905,39.120879120879124,26.1752808988764,6.5438202247191,0.12567793615989592,0.27379697064217434,1.3375248759856058,False,True,True,False,0.7358858,0.0003332,0.0003332,0.0003332,3.68e-05,3.68e-05,3.68e-05,95424,296,1.0,False,False
seed-2718__h-16__c-32__turning_matched,2718,16,32,0.1,turning_matched,"dt,dy,theta,delta_theta",capacity_control,vectorchain,validation,ok,,,357,4,12,13,1.2156862745098038,4.862745098039215,38.90196078431372,26.322580645161292,6.580645161290323,0.10066853090533029,0.1962170543268601,1.098123109822459,True,True,True,True,0.7422137,0.0003931,0.0003931,0.0003931,5.39e-05,5.39e-05,5.39e-05,95424,296,0.7238666766957796,True,True
seed-2718__h-16__c-32__turning_matched,2718,16,32,0.1,turning_matched,"dt,dy,theta,delta_theta",capacity_control,vectorchain,test,ok,,,364,4,12,13,1.2225274725274726,4.8901098901098905,39.120879120879124,26.1752808988764,6.5438202247191,0.09778465322560631,0.19967960495473022,0.9754543237915253,True,True,True,True,0.7422137,0.0003931,0.0003931,0.0003931,4.88e-05,4.88e-05,4.88e-05,95424,296,0.7292980798377487,True,True
seed-2718__h-16__c-32__turning,2718,16,32,0.1,turning,"dt,dy,theta,r,delta_theta",primary,vectorchain,validation,ok,,,357,5,15,16,1.2156862745098038,6.078431372549019,48.627450980392155,26.322580645161292,5.264516129032258,0.1033401085053916,0.20327461892577142,1.1376205674298863,False,True,True,False,0.7388723,0.0003607,0.0003607,0.0003607,3.79e-05,3.79e-05,3.79e-05,119280,368,0.7499028224798742,True,True
seed-2718__h-16__c-32__turning,2718,16,32,0.1,turning,"dt,dy,theta,r,delta_theta",primary,vectorchain,test,ok,,,364,5,15,16,1.2225274725274726,6.112637362637362,48.9010989010989,26.1752808988764,5.235056179775281,0.09999719180621532,0.20628613704789392,1.0077278767014735,True,True,True,True,0.7388723,0.0003607,0.0003607,0.0003607,4.6e-05,4.6e-05,4.6e-05,119280,368,0.7534273902449037,True,True
seed-2718__h-16__c-32__full_relational,2718,16,32,0.1,full_relational,"dt,dy,theta,r,delta_theta,delta_r",secondary,vectorchain,validation,ok,,,357,6,18,19,1.2156862745098038,7.294117647058823,58.35294117647059,26.322580645161292,4.387096774193548,0.08637379268775816,0.15707400805347174,0.879060175414858,True,True,True,True,0.7397949,0.0004434,0.0004434,0.0004434,3.87e-05,3.87e-05,3.87e-05,143136,440,0.5794635975706229,True,True
seed-2718__h-16__c-32__full_relational,2718,16,32,0.1,full_relational,"dt,dy,theta,r,delta_theta,delta_r",secondary,vectorchain,test,ok,,,364,6,18,19,1.2225274725274726,7.335164835164835,58.68131868131868,26.1752808988764,4.362546816479401,0.08326209270279825,0.1590621216821199,0.7770339608867602,True,True,True,True,0.7397949,0.0004434,0.0004434,0.0004434,4.38e-05,4.38e-05,4.38e-05,143136,440,0.5809491657597571,True,True
seed-2718__h-1__c-64__raw,2718,1,64,,,,baseline,raw,validation,ok,,,357,1,3,4,64.0,64.0,512.0,1.0,1.0,0.01503232687074455,0.019808239138964293,1.0,,,,,0.0606099,0.0002397,0.0002397,0.0002397,2.78e-05,2.78e-05,2.78e-05,23184,80,,,
seed-2718__h-1__c-64__raw,2718,1,64,,,,baseline,raw,test,ok,,,357,1,3,4,64.0,64.0,512.0,1.0,1.0,0.015510846820463395,0.019772766415493043,1.0,,,,,0.0606099,0.0002397,0.0002397,0.0002397,2.85e-05,2.85e-05,2.85e-05,23184,80,,,
seed-2718__h-1__c-64__first_difference,2718,1,64,,,,baseline,first_difference,validation,ok,,,357,1,3,4,63.0,63.0,504.0,1.0158730158730158,1.0158730158730158,0.01914272802358091,0.026784626418901367,1.3521962366767875,,,,,0.0662172,0.000226,0.000226,0.000226,2.75e-05,2.75e-05,2.75e-05,23184,80,,,
seed-2718__h-1__c-64__first_difference,2718,1,64,,,,baseline,first_difference,test,ok,,,357,1,3,4,63.0,63.0,504.0,1.0158730158730158,1.0158730158730158,0.019122189294385986,0.026614348277927857,1.3460103517469393,,,,,0.0662172,0.000226,0.000226,0.000226,2.85e-05,2.85e-05,2.85e-05,23184,80,,,
seed-2718__h-1__c-64__segment,2718,1,64,0.1,segment,"dt,dy",secondary,vectorchain,validation,ok,,,357,2,6,7,1.669467787114846,3.338935574229692,26.711484593837536,38.335570469798654,19.167785234899327,0.0160313332343148,0.021127684510170688,1.066610937092886,True,True,True,True,1.3424196,0.000243,0.000243,0.000243,3.13e-05,3.13e-05,3.13e-05,46368,152,1.3135044944074719,False,False
seed-2718__h-1__c-64__segment,2718,1,64,0.1,segment,"dt,dy",secondary,vectorchain,test,ok,,,357,2,6,7,1.6862745098039216,3.372549019607843,26.980392156862745,37.95348837209302,18.97674418604651,0.014829370510711025,0.018999474362387626,0.9608910540459579,True,True,True,True,1.3424196,0.000243,0.000243,0.000243,3.22e-05,3.22e-05,3.22e-05,46368,152,1.2473492901769447,False,False
seed-2718__h-1__c-64__absolute_geometry,2718,1,64,0.1,absolute_geometry,"dt,dy,theta,r",reference,vectorchain,validation,ok,,,357,4,12,13,1.669467787114846,6.677871148459384,53.42296918767507,38.335570469798654,9.583892617449663,0.012604629725032096,0.016084973138749317,0.8120344784766338,True,True,True,True,1.3639031,0.0004114,0.0004114,0.0004114,3.59e-05,3.59e-05,3.59e-05,92736,296,1.0,False,False
seed-2718__h-1__c-64__absolute_geometry,2718,1,64,0.1,absolute_geometry,"dt,dy,theta,r",reference,vectorchain,test,ok,,,357,4,12,13,1.6862745098039216,6.745098039215686,53.96078431372549,37.95348837209302,9.488372093023255,0.012513931087138897,0.015231879724477515,0.770346415084462,True,True,True,True,1.3639031,0.0004114,0.0004114,0.0004114,3.56e-05,3.56e-05,3.56e-05,92736,296,1.0,False,False
seed-2718__h-1__c-64__turning_matched,2718,1,64,0.1,turning_matched,"dt,dy,theta,delta_theta",capacity_control,vectorchain,validation,ok,,,357,4,12,13,1.669467787114846,6.677871148459384,53.42296918767507,38.335570469798654,9.583892617449663,0.013284655177830928,0.016735551906915423,0.8448783251003537,True,True,True,True,1.3576221,0.0002908,0.0002908,0.0002908,3.39e-05,3.39e-05,3.39e-05,92736,296,1.0404463695745214,False,False
seed-2718__h-1__c-64__turning_matched,2718,1,64,0.1,turning_matched,"dt,dy,theta,delta_theta",capacity_control,vectorchain,test,ok,,,357,4,12,13,1.6862745098039216,6.745098039215686,53.96078431372549,37.95348837209302,9.488372093023255,0.01279147167611944,0.01572477647393127,0.7952744772026461,True,True,True,True,1.3576221,0.0002908,0.0002908,0.0002908,3.52e-05,3.52e-05,3.52e-05,92736,296,1.0323595484188122,False,False
seed-2718__h-1__c-64__turning,2718,1,64,0.1,turning,"dt,dy,theta,r,delta_theta",primary,vectorchain,validation,ok,,,357,5,15,16,1.669467787114846,8.34733893557423,66.77871148459384,38.335570469798654,7.667114093959731,0.01328673699931274,0.016737507203164352,0.8449770363606132,True,True,True,True,1.3722866,0.0003109,0.0003109,0.0003109,4.78e-05,4.78e-05,4.78e-05,115920,368,1.040567930004375,False,False
seed-2718__h-1__c-64__turning,2718,1,64,0.1,turning,"dt,dy,theta,r,delta_theta",primary,vectorchain,test,ok,,,357,5,15,16,1.6862745098039216,8.431372549019608,67.45098039215686,37.95348837209302,7.590697674418604,0.01279106261045313,0.0157266374119952,0.7953685934241614,True,True,True,True,1.3722866,0.0003109,0.0003109,0.0003109,3.73e-05,3.73e-05,3.73e-05,115920,368,1.032481722313144,False,False
seed-2718__h-1__c-64__full_relational,2718,1,64,0.1,full_relational,"dt,dy,theta,r,delta_theta,delta_r",secondary,vectorchain,validation,ok,,,357,6,18,19,1.669467787114846,10.016806722689076,80.1344537815126,38.335570469798654,6.389261744966443,0.01484367497606763,0.019644187916471607,0.9917180310000405,True,True,True,True,1.3643856,0.0004436,0.0004436,0.0004436,3.84e-05,3.84e-05,3.84e-05,139104,440,1.221275767576385,False,False
seed-2718__h-1__c-64__full_relational,2718,1,64,0.1,full_relational,"dt,dy,theta,r,delta_theta,delta_r",secondary,vectorchain,test,ok,,,357,6,18,19,1.6862745098039216,10.117647058823529,80.94117647058823,37.95348837209302,6.325581395348838,0.014268104516419852,0.018200985142655956,0.9205077711530789,True,True,True,True,1.3643856,0.0004436,0.0004436,0.0004436,3.82e-05,3.82e-05,3.82e-05,139104,440,1.194927052463992,False,False
seed-2718__h-4__c-64__raw,2718,4,64,,,,baseline,raw,validation,ok,,,357,1,3,4,64.0,64.0,512.0,1.0,1.0,0.03557726985396401,0.056435420205184945,1.0,,,,,0.0607306,0.0002287,0.0002287,0.0002287,2.85e-05,2.85e-05,2.85e-05,23016,80,,,
seed-2718__h-4__c-64__raw,2718,4,64,,,,baseline,raw,test,ok,,,364,1,3,4,64.0,64.0,512.0,1.0,1.0,0.03851970748314656,0.06274672703883584,1.0,,,,,0.0607306,0.0002287,0.0002287,0.0002287,3.54e-05,3.54e-05,3.54e-05,23016,80,,,
seed-2718__h-4__c-64__first_difference,2718,4,64,,,,baseline,first_difference,validation,ok,,,357,1,3,4,63.0,63.0,504.0,1.0158730158730158,1.0158730158730158,0.0476988114859759,0.0758165770439877,1.3434218575557293,,,,,0.0663024,0.0002207,0.0002207,0.0002207,2.8e-05,2.8e-05,2.8e-05,23016,80,,,
seed-2718__h-4__c-64__first_difference,2718,4,64,,,,baseline,first_difference,test,ok,,,364,1,3,4,63.0,63.0,504.0,1.0158730158730158,1.0158730158730158,0.048530714351563344,0.07993354494050586,1.2739077990638872,,,,,0.0663024,0.0002207,0.0002207,0.0002207,2.95e-05,2.95e-05,2.95e-05,23016,80,,,
seed-2718__h-4__c-64__segment,2718,4,64,0.1,segment,"dt,dy",secondary,vectorchain,validation,ok,,,357,2,6,7,1.669467787114846,3.338935574229692,26.711484593837536,38.335570469798654,19.167785234899327,0.038096437825122204,0.060735095659169784,1.0761875332610673,True,True,True,True,1.3651379,0.0002458,0.0002458,0.0002458,3.2e-05,3.2e-05,3.2e-05,46032,152,2.204548135660774,False,False
seed-2718__h-4__c-64__segment,2718,4,64,0.1,segment,"dt,dy",secondary,vectorchain,test,ok,,,364,2,6,7,1.6868131868131868,3.3736263736263736,26.98901098901099,37.9413680781759,18.97068403908795,0.03590180923297578,0.05884660342543816,0.9378433936325671,True,True,True,True,1.3651379,0.0002458,0.0002458,0.0002458,3.4e-05,3.4e-05,3.4e-05,46032,152,2.1082646837870427,False,False
seed-2718__h-4__c-64__absolute_geometry,2718,4,64,0.1,absolute_geometry,"dt,dy,theta,r",reference,vectorchain,validation,ok,,,357,4,12,13,1.669467787114846,6.677871148459384,53.42296918767507,38.335570469798654,9.583892617449663,0.020634954551935474,0.02754990679346882,0.4881669471637548,True,True,True,True,1.3779565,0.0003697,0.0003697,0.0003697,3.49e-05,3.49e-05,3.49e-05,92064,296,1.0,False,False
seed-2718__h-4__c-64__absolute_geometry,2718,4,64,0.1,absolute_geometry,"dt,dy,theta,r",reference,vectorchain,test,ok,,,364,4,12,13,1.6868131868131868,6.747252747252747,53.97802197802198,37.9413680781759,9.485342019543975,0.019243701249179547,0.027912341309883792,0.4448413905733761,True,True,True,True,1.3779565,0.0003697,0.0003697,0.0003697,3.75e-05,3.75e-05,3.75e-05,92064,296,1.0,False,False
seed-2718__h-4__c-64__turning_matched,2718,4,64,0.1,turning_matched,"dt,dy,theta,delta_theta",capacity_control,vectorchain,validation,ok,,,357,4,12,13,1.669467787114846,6.677871148459384,53.42296918767507,38.335570469798654,9.583892617449663,0.01790047623118533,0.023122982883861103,0.40972465164238653,True,True,True,True,1.3619511,0.0002759,0.0002759,0.0002759,6.07e-05,6.07e-05,6.07e-05,92064,296,0.8393125630952335,True,True
seed-2718__h-4__c-64__turning_matched,2718,4,64,0.1,turning_matched,"dt,dy,theta,delta_theta",capacity_control,vectorchain,test,ok,,,364,4,12,13,1.6868131868131868,6.747252747252747,53.97802197802198,37.9413680781759,9.485342019543975,0.017143716836228062,0.02374655652766497,0.37845091924822644,True,True,True,True,1.3619511,0.0002759,0.0002759,0.0002759,3.78e-05,3.78e-05,3.78e-05,92064,296,0.8507547347615833,True,True
seed-2718__h-4__c-64__turning,2718,4,64,0.1,turning,"dt,dy,theta,r,delta_theta",primary,vectorchain,validation,ok,,,357,5,15,16,1.669467787114846,8.34733893557423,66.77871148459384,38.335570469798654,7.667114093959731,0.017910277578636957,0.02314655749335287,0.41014237883226223,True,True,True,True,1.3914185,0.0003573,0.0003573,0.0003573,3.65e-05,3.65e-05,3.65e-05,115080,368,0.8401682686941127,True,True
seed-2718__h-4__c-64__turning,2718,4,64,0.1,turning,"dt,dy,theta,r,delta_theta",primary,vectorchain,test,ok,,,364,5,15,16,1.6868131868131868,8.434065934065934,67.47252747252747,37.9413680781759,7.588273615635179,0.017156407726611457,0.02375335006491114,0.37855918843718295,True,True,True,True,1.3914185,0.0003573,0.0003573,0.0003573,3.86e-05,3.86e-05,3.86e-05,115080,368,0.8509981230596392,True,True
seed-2718__h-4__c-64__full_relational,2718,4,64,0.1,full_relational,"dt,dy,theta,r,delta_theta,delta_r",secondary,vectorchain,validation,ok,,,357,6,18,19,1.669467787114846,10.016806722689076,80.1344537815126,38.335570469798654,6.389261744966443,0.028592026642285457,0.04440131553227044,0.7867632662402169,True,True,True,True,1.4041285,0.0003776,0.0003776,0.0003776,5.1e-05,5.1e-05,5.1e-05,138096,440,1.611668448286603,False,False
seed-2718__h-4__c-64__full_relational,2718,4,64,0.1,full_relational,"dt,dy,theta,r,delta_theta,delta_r",secondary,vectorchain,test,ok,,,364,6,18,19,1.6868131868131868,10.12087912087912,80.96703296703296,37.9413680781759,6.323561346362649,0.027353409177438445,0.050602052703401325,0.8064492777779818,True,True,True,True,1.4041285,0.0003776,0.0003776,0.0003776,4.78e-05,4.78e-05,4.78e-05,138096,440,1.8128917292037798,False,False
seed-2718__h-16__c-64__raw,2718,16,64,,,,baseline,raw,validation,ok,,,357,1,3,4,64.0,64.0,512.0,1.0,1.0,0.1411444217280128,0.26047461675101574,1.0,,,,,0.060409,0.0002479,0.0002479,0.0002479,3.61e-05,3.61e-05,3.61e-05,22512,80,,,
seed-2718__h-16__c-64__raw,2718,16,64,,,,baseline,raw,test,ok,,,364,1,3,4,64.0,64.0,512.0,1.0,1.0,0.15374349046706204,0.2821356183781174,1.0,,,,,0.060409,0.0002479,0.0002479,0.0002479,2.99e-05,2.99e-05,2.99e-05,22512,80,,,
seed-2718__h-16__c-64__first_difference,2718,16,64,,,,baseline,first_difference,validation,ok,,,357,1,3,4,63.0,63.0,504.0,1.0158730158730158,1.0158730158730158,0.17721977979162257,0.29894794009190445,1.1477046931512134,,,,,0.0669851,0.0002171,0.0002171,0.0002171,2.79e-05,2.79e-05,2.79e-05,22512,80,,,
seed-2718__h-16__c-64__first_difference,2718,16,64,,,,baseline,first_difference,test,ok,,,364,1,3,4,63.0,63.0,504.0,1.0158730158730158,1.0158730158730158,0.18578430911678817,0.31460222505451735,1.1150744697285555,,,,,0.0669851,0.0002171,0.0002171,0.0002171,2.91e-05,2.91e-05,2.91e-05,22512,80,,,
seed-2718__h-16__c-64__segment,2718,16,64,0.1,segment,"dt,dy",secondary,vectorchain,validation,ok,,,357,2,6,7,1.6610644257703082,3.3221288515406164,26.57703081232493,38.529510961214164,19.264755480607082,0.13424459691289098,0.2419514004927523,0.928886674297444,True,True,True,True,1.4078758,0.0002718,0.0002718,0.0002718,3.39e-05,3.39e-05,3.39e-05,45024,152,1.5685679718529408,False,False
seed-2718__h-16__c-64__segment,2718,16,64,0.1,segment,"dt,dy",secondary,vectorchain,test,ok,,,364,2,6,7,1.684065934065934,3.368131868131868,26.945054945054945,38.00326264274062,19.00163132137031,0.1303433478840852,0.23551771895867482,0.8347677627963819,True,True,True,True,1.4078758,0.0002718,0.0002718,0.0002718,3.45e-05,3.45e-05,3.45e-05,45024,152,1.4543199274416587,False,False
seed-2718__h-16__c-64__absolute_geometry,2718,16,64,0.1,absolute_geometry,"dt,dy,theta,r",reference,vectorchain,validation,ok,,,357,4,12,13,1.6610644257703082,6.644257703081233,53.15406162464986,38.529510961214164,9.632377740303541,0.07906361951191872,0.15424986665189677,0.5921877094048753,True,True,True,True,1.3522455,0.000335,0.000335,0.000335,3.7e-05,3.7e-05,3.7e-05,90048,296,1.0,False,False
seed-2718__h-16__c-64__absolute_geometry,2718,16,64,0.1,absolute_geometry,"dt,dy,theta,r",reference,vectorchain,test,ok,,,364,4,12,13,1.684065934065934,6.736263736263736,53.89010989010989,38.00326264274062,9.500815660685156,0.08006962959097369,0.16194354111133008,0.5739918342897555,True,True,True,True,1.3522455,0.000335,0.000335,0.000335,3.57e-05,3.57e-05,3.57e-05,90048,296,1.0,False,False
seed-2718__h-16__c-64__turning_matched,2718,16,64,0.1,turning_matched,"dt,dy,theta,delta_theta",capacity_control,vectorchain,validation,ok,,,357,4,12,13,1.6610644257703082,6.644257703081233,53.15406162464986,38.529510961214164,9.632377740303541,0.07172986424065438,0.14041157657722853,0.539060497827495,True,True,True,True,1.3749044,0.0003305,0.0003305,0.0003305,3.86e-05,3.86e-05,3.86e-05,90048,296,0.9102865346010458,True,True
seed-2718__h-16__c-64__turning_matched,2718,16,64,0.1,turning_matched,"dt,dy,theta,delta_theta",capacity_control,vectorchain,test,ok,,,364,4,12,13,1.684065934065934,6.736263736263736,53.89010989010989,38.00326264274062,9.500815660685156,0.08068501942410115,0.15118982806302733,0.5358764303924333,True,True,True,True,1.3749044,0.0003305,0.0003305,0.0003305,3.67e-05,3.67e-05,3.67e-05,90048,296,0.9335959126587828,True,True
seed-2718__h-16__c-64__turning,2718,16,64,0.1,turning,"dt,dy,theta,r,delta_theta",primary,vectorchain,validation,ok,,,357,5,15,16,1.6610644257703082,8.305322128851541,66.44257703081233,38.529510961214164,7.705902192242832,0.07175400408499757,0.1404014661016124,0.539021682238697,True,True,True,True,1.4906955,0.0003826,0.0003826,0.0003826,3.94e-05,3.94e-05,3.94e-05,112560,368,0.9102209885112138,True,True
seed-2718__h-16__c-64__turning,2718,16,64,0.1,turning,"dt,dy,theta,r,delta_theta",primary,vectorchain,test,ok,,,364,5,15,16,1.684065934065934,8.42032967032967,67.36263736263736,38.00326264274062,7.600652528548125,0.08070050918405498,0.1512309299245292,0.5360221116138902,True,True,True,True,1.4906955,0.0003826,0.0003826,0.0003826,4.55e-05,4.55e-05,4.55e-05,112560,368,0.933849716306769,True,True
seed-2718__h-16__c-64__full_relational,2718,16,64,0.1,full_relational,"dt,dy,theta,r,delta_theta,delta_r",secondary,vectorchain,validation,ok,,,357,6,18,19,1.6610644257703082,9.966386554621849,79.73109243697479,38.529510961214164,6.421585160202361,0.13656856487777502,0.28441402273849853,1.0919068671108407,True,True,True,True,1.3829154,0.0003578,0.0003578,0.0003578,5.33e-05,5.33e-05,5.33e-05,135072,440,1.8438526328217164,False,False
seed-2718__h-16__c-64__full_relational,2718,16,64,0.1,full_relational,"dt,dy,theta,r,delta_theta,delta_r",secondary,vectorchain,test,ok,,,364,6,18,19,1.684065934065934,10.104395604395604,80.83516483516483,38.00326264274062,6.3338771071234365,0.1370584680436371,0.33062551944141066,1.1718673499717687,False,True,True,False,1.3829154,0.0003578,0.0003578,0.0003578,4.31e-05,4.31e-05,4.31e-05,135072,440,2.041609792971725,False,False
seed-2718__h-1__c-128__raw,2718,1,128,,,,baseline,raw,validation,ok,,,357,1,3,4,128.0,128.0,1024.0,1.0,1.0,0.017751394577137754,0.024164943215657,1.0,,,,,0.0575277,0.000237,0.000237,0.000237,2.93e-05,2.93e-05,2.93e-05,20496,80,,,
seed-2718__h-1__c-128__raw,2718,1,128,,,,baseline,raw,test,ok,,,357,1,3,4,128.0,128.0,1024.0,1.0,1.0,0.017642503459433436,0.02291719282907656,1.0,,,,,0.0575277,0.000237,0.000237,0.000237,3.93e-05,3.93e-05,3.93e-05,20496,80,,,
seed-2718__h-1__c-128__first_difference,2718,1,128,,,,baseline,first_difference,validation,ok,,,357,1,3,4,127.0,127.0,1016.0,1.0078740157480315,1.0078740157480315,0.019228285613188657,0.02570448500399102,1.0637097209206978,,,,,0.0632681,0.0002116,0.0002116,0.0002116,2.82e-05,2.82e-05,2.82e-05,20496,80,,,
seed-2718__h-1__c-128__first_difference,2718,1,128,,,,baseline,first_difference,test,ok,,,357,1,3,4,127.0,127.0,1016.0,1.0078740157480315,1.0078740157480315,0.01788904280437954,0.02335831258736715,1.0192484202397998,,,,,0.0632681,0.0002116,0.0002116,0.0002116,2.87e-05,2.87e-05,2.87e-05,20496,80,,,
seed-2718__h-1__c-128__segment,2718,1,128,0.1,segment,"dt,dy",secondary,vectorchain,validation,ok,,,357,2,6,7,2.619047619047619,5.238095238095238,41.904761904761905,48.872727272727275,24.436363636363637,0.015668143589396225,0.020161540701677916,0.8343301501579696,True,True,True,True,2.6416845,0.0002544,0.0002544,0.0002544,3.23e-05,3.23e-05,3.23e-05,40992,152,1.2556174200724945,False,False
seed-2718__h-1__c-128__segment,2718,1,128,0.1,segment,"dt,dy",secondary,vectorchain,test,ok,,,357,2,6,7,2.61624649859944,5.23249299719888,41.85994397759104,48.92505353319058,24.46252676659529,0.014695534387197262,0.018760052321389952,0.8186016699910921,True,True,True,True,2.6416845,0.0002544,0.0002544,0.0002544,3.29e-05,3.29e-05,3.29e-05,40992,152,1.2162612511911732,False,False
seed-2718__h-1__c-128__absolute_geometry,2718,1,128,0.1,absolute_geometry,"dt,dy,theta,r",reference,vectorchain,validation,ok,,,357,4,12,13,2.619047619047619,10.476190476190476,83.80952380952381,48.872727272727275,12.218181818181819,0.012743903666880631,0.016057073101545426,0.6644779984892203,True,True,True,True,2.7876267,0.0003019,0.0003019,0.0003019,3.52e-05,3.52e-05,3.52e-05,81984,296,1.0,False,False
seed-2718__h-1__c-128__absolute_geometry,2718,1,128,0.1,absolute_geometry,"dt,dy,theta,r",reference,vectorchain,test,ok,,,357,4,12,13,2.61624649859944,10.46498599439776,83.71988795518207,48.92505353319058,12.231263383297645,0.012665914232100041,0.015424360763788919,0.6730475621001457,True,True,True,True,2.7876267,0.0003019,0.0003019,0.0003019,3.56e-05,3.56e-05,3.56e-05,81984,296,1.0,False,False
seed-2718__h-1__c-128__turning_matched,2718,1,128,0.1,turning_matched,"dt,dy,theta,delta_theta",capacity_control,vectorchain,validation,ok,,,357,4,12,13,2.619047619047619,10.476190476190476,83.80952380952381,48.872727272727275,12.218181818181819,0.013666105198631439,0.017439112505069295,0.7216699145301574,True,True,True,True,3.060383,0.0003699,0.0003699,0.0003699,4.92e-05,4.92e-05,4.92e-05,81984,296,1.0860704435225403,False,False
seed-2718__h-1__c-128__turning_matched,2718,1,128,0.1,turning_matched,"dt,dy,theta,delta_theta",capacity_control,vectorchain,test,ok,,,357,4,12,13,2.61624649859944,10.46498599439776,83.71988795518207,48.92505353319058,12.231263383297645,0.013450367125124565,0.016735349006103403,0.7302530083383579,True,True,True,True,3.060383,0.0003699,0.0003699,0.0003699,3.61e-05,3.61e-05,3.61e-05,81984,296,1.0849946563355957,False,False
seed-2718__h-1__c-128__turning,2718,1,128,0.1,turning,"dt,dy,theta,r,delta_theta",primary,vectorchain,validation,ok,,,357,5,15,16,2.619047619047619,13.095238095238095,104.76190476190476,48.872727272727275,9.774545454545455,0.01366634568988891,0.01743948704857941,0.7216854139876473,True,True,True,True,2.6985152,0.0003958,0.0003958,0.0003958,3.78e-05,3.78e-05,3.78e-05,102480,368,1.0860937692873138,False,False
seed-2718__h-1__c-128__turning,2718,1,128,0.1,turning,"dt,dy,theta,r,delta_theta",primary,vectorchain,test,ok,,,357,5,15,16,2.61624649859944,13.081232492997199,104.64985994397759,48.92505353319058,9.785010706638117,0.013451048175608637,0.01673631299793981,0.7302950724708893,True,True,True,True,2.6985152,0.0003958,0.0003958,0.0003958,3.76e-05,3.76e-05,3.76e-05,102480,368,1.0850571543445031,False,False
seed-2718__h-1__c-128__full_relational,2718,1,128,0.1,full_relational,"dt,dy,theta,r,delta_theta,delta_r",secondary,vectorchain,validation,ok,,,357,6,18,19,2.619047619047619,15.714285714285714,125.71428571428571,48.872727272727275,8.145454545454546,0.013498298588690876,0.017139706152864215,0.7092798025595616,True,True,True,True,2.6557293,0.0005067,0.0005067,0.0005067,3.98e-05,3.98e-05,3.98e-05,122976,440,1.0674240594454658,False,False
seed-2718__h-1__c-128__full_relational,2718,1,128,0.1,full_relational,"dt,dy,theta,r,delta_theta,delta_r",secondary,vectorchain,test,ok,,,357,6,18,19,2.61624649859944,15.697478991596638,125.5798319327731,48.92505353319058,8.154175588865098,0.013379940735409344,0.01653991092156234,0.7217249968144902,True,True,True,True,2.6557293,0.0005067,0.0005067,0.0005067,4.23e-05,4.23e-05,4.23e-05,122976,440,1.0723239150624866,False,False
seed-2718__h-4__c-128__raw,2718,4,128,,,,baseline,raw,validation,ok,,,357,1,3,4,128.0,128.0,1024.0,1.0,1.0,0.04571950785684284,0.07430632295082411,1.0,,,,,0.0573043,0.000238,0.000238,0.000238,3.57e-05,3.57e-05,3.57e-05,20328,80,,,
seed-2718__h-4__c-128__raw,2718,4,128,,,,baseline,raw,test,ok,,,364,1,3,4,128.0,128.0,1024.0,1.0,1.0,0.047281231265162066,0.07769169087645689,1.0,,,,,0.0573043,0.000238,0.000238,0.000238,3.06e-05,3.06e-05,3.06e-05,20328,80,,,
seed-2718__h-4__c-128__first_difference,2718,4,128,,,,baseline,first_difference,validation,ok,,,357,1,3,4,127.0,127.0,1016.0,1.0078740157480315,1.0078740157480315,0.048005543901891,0.06935318487001489,0.933341633872972,,,,,0.0674563,0.000224,0.000224,0.000224,2.88e-05,2.88e-05,2.88e-05,20328,80,,,
seed-2718__h-4__c-128__first_difference,2718,4,128,,,,baseline,first_difference,test,ok,,,364,1,3,4,127.0,127.0,1016.0,1.0078740157480315,1.0078740157480315,0.04549913321204199,0.06705629369221111,0.863107662296115,,,,,0.0674563,0.000224,0.000224,0.000224,4.14e-05,4.14e-05,4.14e-05,20328,80,,,
seed-2718__h-4__c-128__segment,2718,4,128,0.1,segment,"dt,dy",secondary,vectorchain,validation,ok,,,357,2,6,7,2.619047619047619,5.238095238095238,41.904761904761905,48.872727272727275,24.436363636363637,0.03689608637238375,0.05450638078352267,0.7335362405107163,True,True,True,True,2.6510146,0.0002813,0.0002813,0.0002813,3.14e-05,3.14e-05,3.14e-05,40656,152,1.72381941214466,False,False
seed-2718__h-4__c-128__segment,2718,4,128,0.1,segment,"dt,dy",secondary,vectorchain,test,ok,,,364,2,6,7,2.618131868131868,5.236263736263736,41.89010989010989,48.889821615949636,24.444910807974818,0.03506280919204075,0.056173804661726556,0.7230349092421291,True,True,True,True,2.6510146,0.0002813,0.0002813,0.0002813,3.33e-05,3.33e-05,3.33e-05,40656,152,1.6543070130538524,False,False
seed-2718__h-4__c-128__absolute_geometry,2718,4,128,0.1,absolute_geometry,"dt,dy,theta,r",reference,vectorchain,validation,ok,,,357,4,12,13,2.619047619047619,10.476190476190476,83.80952380952381,48.872727272727275,12.218181818181819,0.02207106105425851,0.031619542278915114,0.42552963224732454,True,True,True,True,2.622994,0.0003262,0.0003262,0.0003262,3.64e-05,3.64e-05,3.64e-05,81312,296,1.0,False,False
seed-2718__h-4__c-128__absolute_geometry,2718,4,128,0.1,absolute_geometry,"dt,dy,theta,r",reference,vectorchain,test,ok,,,364,4,12,13,2.618131868131868,10.472527472527473,83.78021978021978,48.889821615949636,12.222455403987409,0.02260214236870122,0.03395609413395985,0.4370621072973668,True,True,True,True,2.622994,0.0003262,0.0003262,0.0003262,3.96e-05,3.96e-05,3.96e-05,81312,296,1.0,False,False
seed-2718__h-4__c-128__turning_matched,2718,4,128,0.1,turning_matched,"dt,dy,theta,delta_theta",capacity_control,vectorchain,validation,ok,,,357,4,12,13,2.619047619047619,10.476190476190476,83.80952380952381,48.872727272727275,12.218181818181819,0.026427914545509818,0.03896964696650735,0.5244459074135245,True,True,True,True,2.6580902,0.0003759,0.0003759,0.0003759,3.48e-05,3.48e-05,3.48e-05,81312,296,1.2324544935773316,False,False
seed-2718__h-4__c-128__turning_matched,2718,4,128,0.1,turning_matched,"dt,dy,theta,delta_theta",capacity_control,vectorchain,test,ok,,,364,4,12,13,2.618131868131868,10.472527472527473,83.78021978021978,48.889821615949636,12.222455403987409,0.027868293007241647,0.044697772113565334,0.5753224264952922,True,True,True,True,2.6580902,0.0003759,0.0003759,0.0003759,4.51e-05,4.51e-05,4.51e-05,81312,296,1.3163402108978906,False,False
seed-2718__h-4__c-128__turning,2718,4,128,0.1,turning,"dt,dy,theta,r,delta_theta",primary,vectorchain,validation,ok,,,357,5,15,16,2.619047619047619,13.095238095238095,104.76190476190476,48.872727272727275,9.774545454545455,0.026425500775675143,0.03896413679932717,0.5243717526584328,True,True,True,True,2.6609883,0.0004038,0.0004038,0.0004038,3.71e-05,3.71e-05,3.71e-05,101640,368,1.2322802289680728,False,False
seed-2718__h-4__c-128__turning,2718,4,128,0.1,turning,"dt,dy,theta,r,delta_theta",primary,vectorchain,test,ok,,,364,5,15,16,2.618131868131868,13.090659340659341,104.72527472527473,48.889821615949636,9.777964323189925,0.027865097640086205,0.044690595690667044,0.5752300559622618,True,True,True,True,2.6609883,0.0004038,0.0004038,0.0004038,3.98e-05,3.98e-05,3.98e-05,101640,368,1.3161288667170794,False,False
seed-2718__h-4__c-128__full_relational,2718,4,128,0.1,full_relational,"dt,dy,theta,r,delta_theta,delta_r",secondary,vectorchain,validation,ok,,,357,6,18,19,2.619047619047619,15.714285714285714,125.71428571428571,48.872727272727275,8.145454545454546,0.02588610241628414,0.037890291678586936,0.5099201544889083,True,True,True,True,2.7675094,0.0004197,0.0004197,0.0004197,3.94e-05,3.94e-05,3.94e-05,121968,440,1.1983187910931068,False,False
seed-2718__h-4__c-128__full_relational,2718,4,128,0.1,full_relational,"dt,dy,theta,r,delta_theta,delta_r",secondary,vectorchain,test,ok,,,364,6,18,19,2.618131868131868,15.708791208791208,125.67032967032966,48.889821615949636,8.148303602658272,0.026452827840823905,0.04205848884906931,0.5413511840789966,True,True,True,True,2.7675094,0.0004197,0.0004197,0.0004197,3.96e-05,3.96e-05,3.96e-05,121968,440,1.2386138606856485,False,False
seed-2718__h-16__c-128__raw,2718,16,128,,,,baseline,raw,validation,ok,,,357,1,3,4,128.0,128.0,1024.0,1.0,1.0,0.1712194260736927,0.2989272173120496,1.0,,,,,0.0592133,0.0002321,0.0002321,0.0002321,3.69e-05,3.69e-05,3.69e-05,19824,80,,,
seed-2718__h-16__c-128__raw,2718,16,128,,,,baseline,raw,test,ok,,,364,1,3,4,128.0,128.0,1024.0,1.0,1.0,0.17966068686612519,0.3067078514455736,1.0,,,,,0.0592133,0.0002321,0.0002321,0.0002321,3.67e-05,3.67e-05,3.67e-05,19824,80,,,
seed-2718__h-16__c-128__first_difference,2718,16,128,,,,baseline,first_difference,validation,ok,,,357,1,3,4,127.0,127.0,1016.0,1.0078740157480315,1.0078740157480315,0.1703365019767765,0.26118815189804706,0.8737516585028563,,,,,0.0672081,0.0002192,0.0002192,0.0002192,2.81e-05,2.81e-05,2.81e-05,19824,80,,,
seed-2718__h-16__c-128__first_difference,2718,16,128,,,,baseline,first_difference,test,ok,,,364,1,3,4,127.0,127.0,1016.0,1.0078740157480315,1.0078740157480315,0.16273602778685214,0.24510365228088574,0.7991437164900236,,,,,0.0672081,0.0002192,0.0002192,0.0002192,3.07e-05,3.07e-05,3.07e-05,19824,80,,,
seed-2718__h-16__c-128__segment,2718,16,128,0.1,segment,"dt,dy",secondary,vectorchain,validation,ok,,,357,2,6,7,2.6106442577030813,5.221288515406163,41.7703081232493,49.03004291845493,24.515021459227466,0.1255429471053348,0.20755221318650574,0.6943235716466807,True,True,True,True,2.6482483,0.0002696,0.0002696,0.0002696,3.19e-05,3.19e-05,3.19e-05,39648,152,1.1539712287565234,False,False
seed-2718__h-16__c-128__segment,2718,16,128,0.1,segment,"dt,dy",secondary,vectorchain,test,ok,,,364,2,6,7,2.6126373626373627,5.225274725274725,41.8021978021978,48.992639327024186,24.496319663512093,0.12852934036690858,0.2259837273919823,0.7368045073736363,True,True,True,True,2.6482483,0.0002696,0.0002696,0.0002696,3.35e-05,3.35e-05,3.35e-05,39648,152,1.0448920647360032,False,False
seed-2718__h-16__c-128__absolute_geometry,2718,16,128,0.1,absolute_geometry,"dt,dy,theta,r",reference,vectorchain,validation,ok,,,357,4,12,13,2.6106442577030813,10.442577030812325,83.5406162464986,49.03004291845493,12.257510729613733,0.08904516914229461,0.1798590883501977,0.6016818741615058,True,True,True,True,2.6127138,0.0003329,0.0003329,0.0003329,3.52e-05,3.52e-05,3.52e-05,79296,296,1.0,False,False
seed-2718__h-16__c-128__absolute_geometry,2718,16,128,0.1,absolute_geometry,"dt,dy,theta,r",reference,vectorchain,test,ok,,,364,4,12,13,2.6126373626373627,10.45054945054945,83.6043956043956,48.992639327024186,12.248159831756047,0.1093766245433635,0.2162747091481436,0.7051489165627777,True,True,True,True,2.6127138,0.0003329,0.0003329,0.0003329,3.89e-05,3.89e-05,3.89e-05,79296,296,1.0,False,False
seed-2718__h-16__c-128__turning_matched,2718,16,128,0.1,turning_matched,"dt,dy,theta,delta_theta",capacity_control,vectorchain,validation,ok,,,357,4,12,13,2.6106442577030813,10.442577030812325,83.5406162464986,49.03004291845493,12.257510729613733,0.10081626803844683,0.1861959609840509,0.6228805883195349,True,True,True,True,2.6445231,0.0004035,0.0004035,0.0004035,5.3e-05,5.3e-05,5.3e-05,79296,296,1.035232429408932,False,False
seed-2718__h-16__c-128__turning_matched,2718,16,128,0.1,turning_matched,"dt,dy,theta,delta_theta",capacity_control,vectorchain,test,ok,,,364,4,12,13,2.6126373626373627,10.45054945054945,83.6043956043956,48.992639327024186,12.248159831756047,0.12403686800012627,0.24008728022221332,0.7827881780353368,True,True,True,True,2.6445231,0.0004035,0.0004035,0.0004035,4.16e-05,4.16e-05,4.16e-05,79296,296,1.1101033549778518,False,False
seed-2718__h-16__c-128__turning,2718,16,128,0.1,turning,"dt,dy,theta,r,delta_theta",primary,vectorchain,validation,ok,,,357,5,15,16,2.6106442577030813,13.053221288515406,104.42577030812325,49.03004291845493,9.806008583690987,0.10078588888401943,0.18612943592269743,0.6226580423033118,True,True,True,True,2.6704823,0.0004153,0.0004153,0.0004153,6.19e-05,6.19e-05,6.19e-05,99120,368,1.0348625561822649,False,False
seed-2718__h-16__c-128__turning,2718,16,128,0.1,turning,"dt,dy,theta,r,delta_theta",primary,vectorchain,test,ok,,,364,5,15,16,2.6126373626373627,13.063186813186814,104.50549450549451,48.992639327024186,9.798527865404836,0.12400416886928552,0.2400086070816242,0.7825316696342042,True,True,True,True,2.6704823,0.0004153,0.0004153,0.0004153,3.84e-05,3.84e-05,3.84e-05,99120,368,1.1097395901118674,False,False
seed-2718__h-16__c-128__full_relational,2718,16,128,0.1,full_relational,"dt,dy,theta,r,delta_theta,delta_r",secondary,vectorchain,validation,ok,,,357,6,18,19,2.6106442577030813,15.663865546218487,125.3109243697479,49.03004291845493,8.17167381974249,0.09865321799767092,0.1838696745274682,0.6150984717310869,True,True,True,True,2.6421878,0.0003983,0.0003983,0.0003983,6.66e-05,6.66e-05,6.66e-05,118944,440,1.0222984905242132,False,False
seed-2718__h-16__c-128__full_relational,2718,16,128,0.1,full_relational,"dt,dy,theta,r,delta_theta,delta_r",secondary,vectorchain,test,ok,,,364,6,18,19,2.6126373626373627,15.675824175824175,125.4065934065934,48.992639327024186,8.165439887837364,0.12198780804620543,0.2360236923465391,0.7695391273295211,True,True,True,True,2.6421878,0.0003983,0.0003983,0.0003983,5.03e-05,5.03e-05,5.03e-05,118944,440,1.0913143440404207,False,False
seed-31415__h-1__c-32__raw,31415,1,32,,,,baseline,raw,validation,ok,,,357,1,3,4,32.0,32.0,256.0,1.0,1.0,0.012971888757073112,0.016376463811399643,1.0,,,,,0.0647548,0.0002432,0.0002432,0.0002432,3.7e-05,3.7e-05,3.7e-05,24528,80,,,
seed-31415__h-1__c-32__raw,31415,1,32,,,,baseline,raw,test,ok,,,357,1,3,4,32.0,32.0,256.0,1.0,1.0,0.012315052885637211,0.015328159907243568,1.0,,,,,0.0647548,0.0002432,0.0002432,0.0002432,2.83e-05,2.83e-05,2.83e-05,24528,80,,,
seed-31415__h-1__c-32__first_difference,31415,1,32,,,,baseline,first_difference,validation,ok,,,357,1,3,4,31.0,31.0,248.0,1.032258064516129,1.032258064516129,0.015138231757770999,0.02018727089230946,1.2327002413217631,,,,,0.0684994,0.0002287,0.0002287,0.0002287,2.8e-05,2.8e-05,2.8e-05,24528,80,,,
seed-31415__h-1__c-32__first_difference,31415,1,32,,,,baseline,first_difference,test,ok,,,357,1,3,4,31.0,31.0,248.0,1.032258064516129,1.032258064516129,0.015023618740332966,0.021010094696309572,1.370686032990882,,,,,0.0684994,0.0002287,0.0002287,0.0002287,5.81e-05,5.81e-05,5.81e-05,24528,80,,,
seed-31415__h-1__c-32__segment,31415,1,32,0.1,segment,"dt,dy",secondary,vectorchain,validation,ok,,,357,2,6,7,1.2100840336134453,2.4201680672268906,19.361344537815125,26.444444444444446,13.222222222222223,0.01487176346465529,0.01950844945556225,1.1912492025282304,False,True,True,False,0.7368596,0.0002856,0.0002856,0.0002856,3.09e-05,3.09e-05,3.09e-05,49056,152,1.2102671528558733,False,False
seed-31415__h-1__c-32__segment,31415,1,32,0.1,segment,"dt,dy",secondary,vectorchain,test,ok,,,357,2,6,7,1.2212885154061626,2.442577030812325,19.5406162464986,26.20183486238532,13.10091743119266,0.013729650789966028,0.01796992015452959,1.172346861154392,False,True,True,False,0.7368596,0.0002856,0.0002856,0.0002856,3.18e-05,3.18e-05,3.18e-05,49056,152,1.2493185021920927,False,False
seed-31415__h-1__c-32__absolute_geometry,31415,1,32,0.1,absolute_geometry,"dt,dy,theta,r",reference,vectorchain,validation,ok,,,357,4,12,13,1.2100840336134453,4.840336134453781,38.72268907563025,26.444444444444446,6.611111111111112,0.012903227877378172,0.016119126599055476,0.9842861550999163,True,True,True,True,0.7481253,0.0003661,0.0003661,0.0003661,3.83e-05,3.83e-05,3.83e-05,98112,296,1.0,False,False
seed-31415__h-1__c-32__absolute_geometry,31415,1,32,0.1,absolute_geometry,"dt,dy,theta,r",reference,vectorchain,test,ok,,,357,4,12,13,1.2212885154061626,4.88515406162465,39.0812324929972,26.20183486238532,6.55045871559633,0.011527464967913728,0.014383778134237999,0.9383890970135765,True,True,True,True,0.7481253,0.0003661,0.0003661,0.0003661,3.5e-05,3.5e-05,3.5e-05,98112,296,1.0,False,False
seed-31415__h-1__c-32__turning_matched,31415,1,32,0.1,turning_matched,"dt,dy,theta,delta_theta",capacity_control,vectorchain,validation,ok,,,357,4,12,13,1.2100840336134453,4.840336134453781,38.72268907563025,26.444444444444446,6.611111111111112,0.012847170067656415,0.016070749269962877,0.9813320784659287,True,True,True,True,0.771525,0.0002847,0.0002847,0.0002847,3.39e-05,3.39e-05,3.39e-05,98112,296,0.9969987623836,True,False
seed-31415__h-1__c-32__turning_matched,31415,1,32,0.1,turning_matched,"dt,dy,theta,delta_theta",capacity_control,vectorchain,test,ok,,,357,4,12,13,1.2212885154061626,4.88515406162465,39.0812324929972,26.20183486238532,6.55045871559633,0.01141648708373725,0.014465506372904433,0.9437209985047537,True,True,True,True,0.771525,0.0002847,0.0002847,0.0002847,3.52e-05,3.52e-05,3.52e-05,98112,296,1.0056819729770368,False,False
seed-31415__h-1__c-32__turning,31415,1,32,0.1,turning,"dt,dy,theta,r,delta_theta",primary,vectorchain,validation,ok,,,357,5,15,16,1.2100840336134453,6.050420168067227,48.403361344537814,26.444444444444446,5.288888888888889,0.012866111939264934,0.016092389226893128,0.9826534844287464,True,True,True,True,0.7648758,0.0003473,0.0003473,0.0003473,3.77e-05,3.77e-05,3.77e-05,122640,368,0.998341264211926,True,False
seed-31415__h-1__c-32__turning,31415,1,32,0.1,turning,"dt,dy,theta,r,delta_theta",primary,vectorchain,test,ok,,,357,5,15,16,1.2212885154061626,6.106442577030812,48.851540616246496,26.20183486238532,5.240366972477065,0.01141937542761387,0.014467927497411891,0.943878951221982,True,True,True,True,0.7648758,0.0003473,0.0003473,0.0003473,3.88e-05,3.88e-05,3.88e-05,122640,368,1.0058502962426534,False,False
seed-31415__h-1__c-32__full_relational,31415,1,32,0.1,full_relational,"dt,dy,theta,r,delta_theta,delta_r",secondary,vectorchain,validation,ok,,,357,6,18,19,1.2100840336134453,7.260504201680672,58.08403361344538,26.444444444444446,4.407407407407407,0.013026226102894427,0.01645990318975225,1.0050950790911604,True,True,True,True,0.7648206,0.0003705,0.0003705,0.0003705,3.79e-05,3.79e-05,3.79e-05,147168,440,1.021141132467856,False,False
seed-31415__h-1__c-32__full_relational,31415,1,32,0.1,full_relational,"dt,dy,theta,r,delta_theta,delta_r",secondary,vectorchain,test,ok,,,357,6,18,19,1.2212885154061626,7.3277310924369745,58.621848739495796,26.20183486238532,4.366972477064221,0.011452565405151416,0.014828701291207256,0.967415618113412,True,True,True,True,0.7648206,0.0003705,0.0003705,0.0003705,3.87e-05,3.87e-05,3.87e-05,147168,440,1.0309322872486608,False,False
seed-31415__h-4__c-32__raw,31415,4,32,,,,baseline,raw,validation,ok,,,357,1,3,4,32.0,32.0,256.0,1.0,1.0,0.02427393387717818,0.03505614299094726,1.0,,,,,0.0647679,0.0002463,0.0002463,0.0002463,3.94e-05,3.94e-05,3.94e-05,24360,80,,,
seed-31415__h-4__c-32__raw,31415,4,32,,,,baseline,raw,test,ok,,,364,1,3,4,32.0,32.0,256.0,1.0,1.0,0.027164601556516663,0.03945943222188889,1.0,,,,,0.0647679,0.0002463,0.0002463,0.0002463,3.03e-05,3.03e-05,3.03e-05,24360,80,,,
seed-31415__h-4__c-32__first_difference,31415,4,32,,,,baseline,first_difference,validation,ok,,,357,1,3,4,31.0,31.0,248.0,1.032258064516129,1.032258064516129,0.032875119117388725,0.05230000436019703,1.4918927154565391,,,,,0.0730753,0.0002478,0.0002478,0.0002478,2.95e-05,2.95e-05,2.95e-05,24360,80,,,
seed-31415__h-4__c-32__first_difference,31415,4,32,,,,baseline,first_difference,test,ok,,,364,1,3,4,31.0,31.0,248.0,1.032258064516129,1.032258064516129,0.03619856258588567,0.05808776109551499,1.4720881123903404,,,,,0.0730753,0.0002478,0.0002478,0.0002478,3.28e-05,3.28e-05,3.28e-05,24360,80,,,
seed-31415__h-4__c-32__segment,31415,4,32,0.1,segment,"dt,dy",secondary,vectorchain,validation,ok,,,357,2,6,7,1.2100840336134453,2.4201680672268906,19.361344537815125,26.444444444444446,13.222222222222223,0.033414030211952446,0.057622333018858024,1.6437157115013523,False,True,True,False,0.776333,0.0002902,0.0002902,0.0002902,3.35e-05,3.35e-05,3.35e-05,48720,152,1.9689423157444363,False,False
seed-31415__h-4__c-32__segment,31415,4,32,0.1,segment,"dt,dy",secondary,vectorchain,test,ok,,,364,2,6,7,1.2225274725274726,2.4450549450549453,19.560439560439562,26.1752808988764,13.0876404494382,0.03283735772968604,0.05796446659646465,1.4689635236137701,False,True,True,False,0.776333,0.0002902,0.0002902,0.0002902,3.48e-05,3.48e-05,3.48e-05,48720,152,1.9703603268220133,False,False
seed-31415__h-4__c-32__absolute_geometry,31415,4,32,0.1,absolute_geometry,"dt,dy,theta,r",reference,vectorchain,validation,ok,,,357,4,12,13,1.2100840336134453,4.840336134453781,38.72268907563025,26.444444444444446,6.611111111111112,0.02118825603196292,0.029265627823673254,0.8348216696637356,True,True,True,True,0.8122047,0.0003899,0.0003899,0.0003899,3.49e-05,3.49e-05,3.49e-05,97440,296,1.0,False,False
seed-31415__h-4__c-32__absolute_geometry,31415,4,32,0.1,absolute_geometry,"dt,dy,theta,r",reference,vectorchain,test,ok,,,364,4,12,13,1.2225274725274726,4.8901098901098905,39.120879120879124,26.1752808988764,6.5438202247191,0.020443956972674683,0.02941820630846507,0.7455304005146388,True,True,True,True,0.8122047,0.0003899,0.0003899,0.0003899,3.69e-05,3.69e-05,3.69e-05,97440,296,1.0,False,False
seed-31415__h-4__c-32__turning_matched,31415,4,32,0.1,turning_matched,"dt,dy,theta,delta_theta",capacity_control,vectorchain,validation,ok,,,357,4,12,13,1.2100840336134453,4.840336134453781,38.72268907563025,26.444444444444446,6.611111111111112,0.02079566882019125,0.028829122832824388,0.8223700719234598,True,True,True,True,0.7454558,0.0003313,0.0003313,0.0003313,3.68e-05,3.68e-05,3.68e-05,97440,296,0.9850847214527968,True,True
seed-31415__h-4__c-32__turning_matched,31415,4,32,0.1,turning_matched,"dt,dy,theta,delta_theta",capacity_control,vectorchain,test,ok,,,364,4,12,13,1.2225274725274726,4.8901098901098905,39.120879120879124,26.1752808988764,6.5438202247191,0.019983745823995265,0.028841578808537997,0.7309172277582603,True,True,True,True,0.7454558,0.0003313,0.0003313,0.0003313,3.69e-05,3.69e-05,3.69e-05,97440,296,0.9803989579146725,True,True
seed-31415__h-4__c-32__turning,31415,4,32,0.1,turning,"dt,dy,theta,r,delta_theta",primary,vectorchain,validation,ok,,,357,5,15,16,1.2100840336134453,6.050420168067227,48.403361344537814,26.444444444444446,5.288888888888889,0.020664011711006416,0.028618326113365514,0.8163569540652484,True,True,True,True,0.7467147,0.0003443,0.0003443,0.0003443,3.6e-05,3.6e-05,3.6e-05,121800,368,0.9778818443872873,True,True
seed-31415__h-4__c-32__turning,31415,4,32,0.1,turning,"dt,dy,theta,r,delta_theta",primary,vectorchain,test,ok,,,364,5,15,16,1.2225274725274726,6.112637362637362,48.9010989010989,26.1752808988764,5.235056179775281,0.019894576167300847,0.028623090831822955,0.7253801998687955,True,True,True,True,0.7467147,0.0003443,0.0003443,0.0003443,3.81e-05,3.81e-05,3.81e-05,121800,368,0.9729719933192079,True,True
seed-31415__h-4__c-32__full_relational,31415,4,32,0.1,full_relational,"dt,dy,theta,r,delta_theta,delta_r",secondary,vectorchain,validation,ok,,,357,6,18,19,1.2100840336134453,7.260504201680672,58.08403361344538,26.444444444444446,4.407407407407407,0.02064044077582609,0.02852976723104071,0.8138307525276841,True,True,True,True,0.7531277,0.0004434,0.0004434,0.0004434,3.91e-05,3.91e-05,3.91e-05,146160,440,0.9748558070557674,True,True
seed-31415__h-4__c-32__full_relational,31415,4,32,0.1,full_relational,"dt,dy,theta,r,delta_theta,delta_r",secondary,vectorchain,test,ok,,,364,6,18,19,1.2225274725274726,7.335164835164835,58.68131868131868,26.1752808988764,4.362546816479401,0.019909215044314702,0.028618101137671745,0.7252537486283633,True,True,True,True,0.7531277,0.0004434,0.0004434,0.0004434,4.27e-05,4.27e-05,4.27e-05,146160,440,0.9728023808656514,True,True
seed-31415__h-16__c-32__raw,31415,16,32,,,,baseline,raw,validation,ok,,,357,1,3,4,32.0,32.0,256.0,1.0,1.0,0.10279550189232504,0.17904818809291334,1.0,,,,,0.0622063,0.0002404,0.0002404,0.0002404,3.9e-05,3.9e-05,3.9e-05,23856,80,,,
seed-31415__h-16__c-32__raw,31415,16,32,,,,baseline,raw,test,ok,,,364,1,3,4,32.0,32.0,256.0,1.0,1.0,0.116854536827524,0.20393689481290148,1.0,,,,,0.0622063,0.0002404,0.0002404,0.0002404,2.97e-05,2.97e-05,2.97e-05,23856,80,,,
seed-31415__h-16__c-32__first_difference,31415,16,32,,,,baseline,first_difference,validation,ok,,,357,1,3,4,31.0,31.0,248.0,1.032258064516129,1.032258064516129,0.13641610166428808,0.23878434568096443,1.3336317346984392,,,,,0.0699341,0.0002488,0.0002488,0.0002488,2.83e-05,2.83e-05,2.83e-05,23856,80,,,
seed-31415__h-16__c-32__first_difference,31415,16,32,,,,baseline,first_difference,test,ok,,,364,1,3,4,31.0,31.0,248.0,1.032258064516129,1.032258064516129,0.14890712363012493,0.2648043177413186,1.2984620462337573,,,,,0.0699341,0.0002488,0.0002488,0.0002488,2.92e-05,2.92e-05,2.92e-05,23856,80,,,
seed-31415__h-16__c-32__segment,31415,16,32,0.1,segment,"dt,dy",secondary,vectorchain,validation,ok,,,357,2,6,7,1.2100840336134453,2.4201680672268906,19.361344537815125,26.444444444444446,13.222222222222223,0.14782388597512722,0.3014597201471474,1.6836792561715908,False,True,True,False,0.7341051,0.0002773,0.0002773,0.0002773,3.54e-05,3.54e-05,3.54e-05,47712,152,2.083682243565201,False,False
seed-31415__h-16__c-32__segment,31415,16,32,0.1,segment,"dt,dy",secondary,vectorchain,test,ok,,,364,2,6,7,1.2225274725274726,2.4450549450549453,19.560439560439562,26.1752808988764,13.0876404494382,0.14024708000616554,0.2998485389253499,1.4703006005874562,False,True,True,False,0.7341051,0.0002773,0.0002773,0.0002773,5.73e-05,5.73e-05,5.73e-05,47712,152,2.0606779494030327,False,False
seed-31415__h-16__c-32__absolute_geometry,31415,16,32,0.1,absolute_geometry,"dt,dy,theta,r",reference,vectorchain,validation,ok,,,357,4,12,13,1.2100840336134453,4.840336134453781,38.72268907563025,26.444444444444446,6.611111111111112,0.08594378952013089,0.14467643570804098,0.8080307164737358,True,True,True,True,0.7425756,0.0003603,0.0003603,0.0003603,3.57e-05,3.57e-05,3.57e-05,95424,296,1.0,False,False
seed-31415__h-16__c-32__absolute_geometry,31415,16,32,0.1,absolute_geometry,"dt,dy,theta,r",reference,vectorchain,test,ok,,,364,4,12,13,1.2225274725274726,4.8901098901098905,39.120879120879124,26.1752808988764,6.5438202247191,0.08108263626099449,0.14550965569957908,0.7135033404969439,True,True,True,True,0.7425756,0.0003603,0.0003603,0.0003603,3.92e-05,3.92e-05,3.92e-05,95424,296,1.0,False,False
seed-31415__h-16__c-32__turning_matched,31415,16,32,0.1,turning_matched,"dt,dy,theta,delta_theta",capacity_control,vectorchain,validation,ok,,,357,4,12,13,1.2100840336134453,4.840336134453781,38.72268907563025,26.444444444444446,6.611111111111112,0.09135119048011373,0.17000848277334044,0.9495124445778701,True,True,True,True,0.7483234,0.00046,0.00046,0.00046,7.49e-05,7.49e-05,7.49e-05,95424,296,1.175094492349949,False,False
seed-31415__h-16__c-32__turning_matched,31415,16,32,0.1,turning_matched,"dt,dy,theta,delta_theta",capacity_control,vectorchain,test,ok,,,364,4,12,13,1.2225274725274726,4.8901098901098905,39.120879120879124,26.1752808988764,6.5438202247191,0.0829851654268028,0.16481795351461212,0.808181146750428,True,True,True,True,0.7483234,0.00046,0.00046,0.00046,3.82e-05,3.82e-05,3.82e-05,95424,296,1.1326942718832156,False,False
seed-31415__h-16__c-32__turning,31415,16,32,0.1,turning,"dt,dy,theta,r,delta_theta",primary,vectorchain,validation,ok,,,357,5,15,16,1.2100840336134453,6.050420168067227,48.403361344537814,26.444444444444446,5.288888888888889,0.09124434947581339,0.16858329016912102,0.9415526175648212,True,True,True,True,0.7367443,0.0005667,0.0005667,0.0005667,7.69e-05,7.69e-05,7.69e-05,119280,368,1.165243595780341,False,False
seed-31415__h-16__c-32__turning,31415,16,32,0.1,turning,"dt,dy,theta,r,delta_theta",primary,vectorchain,test,ok,,,364,5,15,16,1.2225274725274726,6.112637362637362,48.9010989010989,26.1752808988764,5.235056179775281,0.08246606148364594,0.16275984707840646,0.798089267896953,True,True,True,True,0.7367443,0.0005667,0.0005667,0.0005667,4.37e-05,4.37e-05,4.37e-05,119280,368,1.1185501491010488,False,False
seed-31415__h-16__c-32__full_relational,31415,16,32,0.1,full_relational,"dt,dy,theta,r,delta_theta,delta_r",secondary,vectorchain,validation,ok,,,357,6,18,19,1.2100840336134453,7.260504201680672,58.08403361344538,26.444444444444446,4.407407407407407,0.09259541265556641,0.17176420275055132,0.9593182962645668,True,True,True,True,0.7497313,0.0003391,0.0003391,0.0003391,3.82e-05,3.82e-05,3.82e-05,143136,440,1.1872299860716353,False,False
seed-31415__h-16__c-32__full_relational,31415,16,32,0.1,full_relational,"dt,dy,theta,r,delta_theta,delta_r",secondary,vectorchain,test,ok,,,364,6,18,19,1.2225274725274726,7.335164835164835,58.68131868131868,26.1752808988764,4.362546816479401,0.0834411308769084,0.16577491271316147,0.8128735747656103,True,True,True,True,0.7497313,0.0003391,0.0003391,0.0003391,6.3e-05,6.3e-05,6.3e-05,143136,440,1.1392708746107012,False,False
seed-31415__h-1__c-64__raw,31415,1,64,,,,baseline,raw,validation,ok,,,357,1,3,4,64.0,64.0,512.0,1.0,1.0,0.014905524111381477,0.01935007654134229,1.0,,,,,0.0627286,0.0002336,0.0002336,0.0002336,3.96e-05,3.96e-05,3.96e-05,23184,80,,,
seed-31415__h-1__c-64__raw,31415,1,64,,,,baseline,raw,test,ok,,,357,1,3,4,64.0,64.0,512.0,1.0,1.0,0.014757242681103181,0.01919115887356014,1.0,,,,,0.0627286,0.0002336,0.0002336,0.0002336,2.93e-05,2.93e-05,2.93e-05,23184,80,,,
seed-31415__h-1__c-64__first_difference,31415,1,64,,,,baseline,first_difference,validation,ok,,,357,1,3,4,63.0,63.0,504.0,1.0158730158730158,1.0158730158730158,0.01859723675281547,0.026995783345976035,1.3951254036798435,,,,,0.0662802,0.0002636,0.0002636,0.0002636,2.84e-05,2.84e-05,2.84e-05,23184,80,,,
seed-31415__h-1__c-64__first_difference,31415,1,64,,,,baseline,first_difference,test,ok,,,357,1,3,4,63.0,63.0,504.0,1.0158730158730158,1.0158730158730158,0.019128051497454765,0.0278570580713848,1.451556847344105,,,,,0.0662802,0.0002636,0.0002636,0.0002636,2.85e-05,2.85e-05,2.85e-05,23184,80,,,
seed-31415__h-1__c-64__segment,31415,1,64,0.1,segment,"dt,dy",secondary,vectorchain,validation,ok,,,357,2,6,7,1.680672268907563,3.361344537815126,26.89075630252101,38.08,19.04,0.015323630382359652,0.020266299704490086,1.047349846972969,True,True,True,True,1.3898487,0.0003272,0.0003272,0.0003272,3.88e-05,3.88e-05,3.88e-05,46368,152,1.2887709000434293,False,False
seed-31415__h-1__c-64__segment,31415,1,64,0.1,segment,"dt,dy",secondary,vectorchain,test,ok,,,357,2,6,7,1.6638655462184875,3.327731092436975,26.6218487394958,38.464646464646464,19.232323232323232,0.014303650691088304,0.018525897194653983,0.9653349918423793,True,True,True,True,1.3898487,0.0003272,0.0003272,0.0003272,3.48e-05,3.48e-05,3.48e-05,46368,152,1.3094053814355162,False,False
seed-31415__h-1__c-64__absolute_geometry,31415,1,64,0.1,absolute_geometry,"dt,dy,theta,r",reference,vectorchain,validation,ok,,,357,4,12,13,1.680672268907563,6.722689075630252,53.78151260504202,38.08,9.52,0.01253145771684851,0.015725292760573,0.8126734138221736,True,True,True,True,1.3785548,0.0003983,0.0003983,0.0003983,3.61e-05,3.61e-05,3.61e-05,92736,296,1.0,False,False
seed-31415__h-1__c-64__absolute_geometry,31415,1,64,0.1,absolute_geometry,"dt,dy,theta,r",reference,vectorchain,test,ok,,,357,4,12,13,1.6638655462184875,6.65546218487395,53.2436974789916,38.464646464646464,9.616161616161616,0.01142156012013846,0.014148328284968426,0.7372315751322722,True,True,True,True,1.3785548,0.0003983,0.0003983,0.0003983,3.66e-05,3.66e-05,3.66e-05,92736,296,1.0,False,False
seed-31415__h-1__c-64__turning_matched,31415,1,64,0.1,turning_matched,"dt,dy,theta,delta_theta",capacity_control,vectorchain,validation,ok,,,357,4,12,13,1.680672268907563,6.722689075630252,53.78151260504202,38.08,9.52,0.012288907192594631,0.015554809222711805,0.8038629299206269,True,True,True,True,1.3868739,0.000367,0.000367,0.000367,3.57e-05,3.57e-05,3.57e-05,92736,296,0.9891586414029355,True,True
seed-31415__h-1__c-64__turning_matched,31415,1,64,0.1,turning_matched,"dt,dy,theta,delta_theta",capacity_control,vectorchain,test,ok,,,357,4,12,13,1.6638655462184875,6.65546218487395,53.2436974789916,38.464646464646464,9.616161616161616,0.011059504650588924,0.013793476669768732,0.7187412058149416,True,True,True,True,1.3868739,0.000367,0.000367,0.000367,4.99e-05,4.99e-05,4.99e-05,92736,296,0.9749191842278145,True,True
seed-31415__h-1__c-64__turning,31415,1,64,0.1,turning,"dt,dy,theta,r,delta_theta",primary,vectorchain,validation,ok,,,357,5,15,16,1.680672268907563,8.403361344537815,67.22689075630252,38.08,7.616,0.012290501428001218,0.015556982412287413,0.8039752390151653,True,True,True,True,1.410669,0.0003372,0.0003372,0.0003372,3.65e-05,3.65e-05,3.65e-05,115920,368,0.9892968384850945,True,True
seed-31415__h-1__c-64__turning,31415,1,64,0.1,turning,"dt,dy,theta,r,delta_theta",primary,vectorchain,test,ok,,,357,5,15,16,1.6638655462184875,8.319327731092438,66.5546218487395,38.464646464646464,7.692929292929293,0.011058929642732699,0.013793501816946633,0.7187425161671755,True,True,True,True,1.410669,0.0003372,0.0003372,0.0003372,4e-05,4e-05,4e-05,115920,368,0.9749209616235177,True,True
seed-31415__h-1__c-64__full_relational,31415,1,64,0.1,full_relational,"dt,dy,theta,r,delta_theta,delta_r",secondary,vectorchain,validation,ok,,,357,6,18,19,1.680672268907563,10.084033613445378,80.67226890756302,38.08,6.346666666666667,0.012336108521942363,0.015551942742632632,0.8037147920012213,True,True,True,True,1.401372,0.0004484,0.0004484,0.0004484,4.08e-05,4.08e-05,4.08e-05,139104,440,0.9889763567152787,True,True
seed-31415__h-1__c-64__full_relational,31415,1,64,0.1,full_relational,"dt,dy,theta,r,delta_theta,delta_r",secondary,vectorchain,test,ok,,,357,6,18,19,1.6638655462184875,9.983193277310924,79.8655462184874,38.464646464646464,6.410774410774411,0.011145985781433177,0.013904955445266345,0.7245500668760211,True,True,True,True,1.401372,0.0004484,0.0004484,0.0004484,3.94e-05,3.94e-05,3.94e-05,139104,440,0.9827984737984454,True,True
seed-31415__h-4__c-64__raw,31415,4,64,,,,baseline,raw,validation,ok,,,357,1,3,4,64.0,64.0,512.0,1.0,1.0,0.034345866050583866,0.055754804717566706,1.0,,,,,0.0614797,0.0002745,0.0002745,0.0002745,4.03e-05,4.03e-05,4.03e-05,23016,80,,,
seed-31415__h-4__c-64__raw,31415,4,64,,,,baseline,raw,test,ok,,,364,1,3,4,64.0,64.0,512.0,1.0,1.0,0.038435747611486805,0.06256652873905928,1.0,,,,,0.0614797,0.0002745,0.0002745,0.0002745,2.94e-05,2.94e-05,2.94e-05,23016,80,,,
seed-31415__h-4__c-64__first_difference,31415,4,64,,,,baseline,first_difference,validation,ok,,,357,1,3,4,63.0,63.0,504.0,1.0158730158730158,1.0158730158730158,0.04634456972178642,0.0751317330923172,1.3475382699824145,,,,,0.0671773,0.0003127,0.0003127,0.0003127,5.23e-05,5.23e-05,5.23e-05,23016,80,,,
seed-31415__h-4__c-64__first_difference,31415,4,64,,,,baseline,first_difference,test,ok,,,364,1,3,4,63.0,63.0,504.0,1.0158730158730158,1.0158730158730158,0.049047568875155975,0.07994003747626172,1.277680559994955,,,,,0.0671773,0.0003127,0.0003127,0.0003127,3.43e-05,3.43e-05,3.43e-05,23016,80,,,
seed-31415__h-4__c-64__segment,31415,4,64,0.1,segment,"dt,dy",secondary,vectorchain,validation,ok,,,357,2,6,7,1.680672268907563,3.361344537815126,26.89075630252101,38.08,19.04,0.037032958003001056,0.058469547471533295,1.0486907409633748,True,True,True,True,1.3684126,0.0002491,0.0002491,0.0002491,3.14e-05,3.14e-05,3.14e-05,46032,152,2.141889183349959,False,False
seed-31415__h-4__c-64__segment,31415,4,64,0.1,segment,"dt,dy",secondary,vectorchain,test,ok,,,364,2,6,7,1.664835164835165,3.32967032967033,26.63736263736264,38.44224422442244,19.22112211221122,0.03530775358943923,0.055196668952437314,0.8822076286610243,True,True,True,True,1.3684126,0.0002491,0.0002491,0.0002491,3.35e-05,3.35e-05,3.35e-05,46032,152,1.919425933472487,False,False
seed-31415__h-4__c-64__absolute_geometry,31415,4,64,0.1,absolute_geometry,"dt,dy,theta,r",reference,vectorchain,validation,ok,,,357,4,12,13,1.680672268907563,6.722689075630252,53.78151260504202,38.08,9.52,0.02001206631329293,0.027298119774845545,0.4896101764346187,True,True,True,True,1.3975685,0.0004879,0.0004879,0.0004879,4.37e-05,4.37e-05,4.37e-05,92064,296,1.0,False,False
seed-31415__h-4__c-64__absolute_geometry,31415,4,64,0.1,absolute_geometry,"dt,dy,theta,r",reference,vectorchain,test,ok,,,364,4,12,13,1.664835164835165,6.65934065934066,53.27472527472528,38.44224422442244,9.61056105610561,0.021095791355598022,0.028756863179700547,0.45962056325090794,True,True,True,True,1.3975685,0.0004879,0.0004879,0.0004879,4.19e-05,4.19e-05,4.19e-05,92064,296,1.0,False,False
seed-31415__h-4__c-64__turning_matched,31415,4,64,0.1,turning_matched,"dt,dy,theta,delta_theta",capacity_control,vectorchain,validation,ok,,,357,4,12,13,1.680672268907563,6.722689075630252,53.78151260504202,38.08,9.52,0.01857056491826978,0.02505751331059299,0.4494233893836615,True,True,True,True,1.3914535,0.0003258,0.0003258,0.0003258,3.44e-05,3.44e-05,3.44e-05,92064,296,0.9179208501269303,True,True
seed-31415__h-4__c-64__turning_matched,31415,4,64,0.1,turning_matched,"dt,dy,theta,delta_theta",capacity_control,vectorchain,test,ok,,,364,4,12,13,1.664835164835165,6.65934065934066,53.27472527472528,38.44224422442244,9.61056105610561,0.018556848909431586,0.025030821586498952,0.4000672898266867,True,True,True,True,1.3914535,0.0003258,0.0003258,0.0003258,3.77e-05,3.77e-05,3.77e-05,92064,296,0.870429484261976,True,True
seed-31415__h-4__c-64__turning,31415,4,64,0.1,turning,"dt,dy,theta,r,delta_theta",primary,vectorchain,validation,ok,,,357,5,15,16,1.680672268907563,8.403361344537815,67.22689075630252,38.08,7.616,0.018578951024382732,0.025073490549388927,0.44970995192973934,True,True,True,True,1.3657304,0.0004129,0.0004129,0.0004129,3.68e-05,3.68e-05,3.68e-05,115080,368,0.9185061372795883,True,True
seed-31415__h-4__c-64__turning,31415,4,64,0.1,turning,"dt,dy,theta,r,delta_theta",primary,vectorchain,test,ok,,,364,5,15,16,1.664835164835165,8.324175824175825,66.5934065934066,38.44224422442244,7.688448844884488,0.01856653372695207,0.025052720955145075,0.4004173071456506,True,True,True,True,1.3657304,0.0004129,0.0004129,0.0004129,3.81e-05,3.81e-05,3.81e-05,115080,368,0.8711910196390883,True,True
seed-31415__h-4__c-64__full_relational,31415,4,64,0.1,full_relational,"dt,dy,theta,r,delta_theta,delta_r",secondary,vectorchain,validation,ok,,,357,6,18,19,1.680672268907563,10.084033613445378,80.67226890756302,38.08,6.346666666666667,0.020566541833201085,0.028546535050382738,0.512001345803092,True,True,True,True,1.3873684,0.000395,0.000395,0.000395,3.88e-05,3.88e-05,3.88e-05,138096,440,1.0457326470040464,False,False
seed-31415__h-4__c-64__full_relational,31415,4,64,0.1,full_relational,"dt,dy,theta,r,delta_theta,delta_r",secondary,vectorchain,test,ok,,,364,6,18,19,1.664835164835165,9.989010989010989,79.91208791208791,38.44224422442244,6.407040704070407,0.02192736095829945,0.0320988749642637,0.5130358933310118,True,True,True,True,1.3873684,0.000395,0.000395,0.000395,4.1e-05,4.1e-05,4.1e-05,138096,440,1.1162161451226114,False,False
seed-31415__h-16__c-64__raw,31415,16,64,,,,baseline,raw,validation,ok,,,357,1,3,4,64.0,64.0,512.0,1.0,1.0,0.14067853580182293,0.2608225989096394,1.0,,,,,0.0593829,0.0002241,0.0002241,0.0002241,3.98e-05,3.98e-05,3.98e-05,22512,80,,,
seed-31415__h-16__c-64__raw,31415,16,64,,,,baseline,raw,test,ok,,,364,1,3,4,64.0,64.0,512.0,1.0,1.0,0.15352420316733645,0.28134932511040894,1.0,,,,,0.0593829,0.0002241,0.0002241,0.0002241,4.64e-05,4.64e-05,4.64e-05,22512,80,,,
seed-31415__h-16__c-64__first_difference,31415,16,64,,,,baseline,first_difference,validation,ok,,,357,1,3,4,63.0,63.0,504.0,1.0158730158730158,1.0158730158730158,0.17745939516340384,0.3022705012482816,1.1589122357951873,,,,,0.0669555,0.0002311,0.0002311,0.0002311,2.8e-05,2.8e-05,2.8e-05,22512,80,,,
seed-31415__h-16__c-64__first_difference,31415,16,64,,,,baseline,first_difference,test,ok,,,364,1,3,4,63.0,63.0,504.0,1.0158730158730158,1.0158730158730158,0.18600323220295467,0.3182012121592423,1.1309826744186136,,,,,0.0669555,0.0002311,0.0002311,0.0002311,3.09e-05,3.09e-05,3.09e-05,22512,80,,,
seed-31415__h-16__c-64__segment,31415,16,64,0.1,segment,"dt,dy",secondary,vectorchain,validation,ok,,,357,2,6,7,1.6778711484593838,3.3557422969187676,26.84593837535014,38.143572621035055,19.071786310517528,0.13205399293940948,0.23489576385970443,0.9005959025087501,True,True,True,True,1.3498293,0.0002377,0.0002377,0.0002377,3.67e-05,3.67e-05,3.67e-05,45024,152,1.7077628567378398,False,False
seed-31415__h-16__c-64__segment,31415,16,64,0.1,segment,"dt,dy",secondary,vectorchain,test,ok,,,364,2,6,7,1.6593406593406594,3.318681318681319,26.54945054945055,38.56953642384106,19.28476821192053,0.1252121724726787,0.22060042051509104,0.7840801481522004,True,True,True,True,1.3498293,0.0002377,0.0002377,0.0002377,5.02e-05,5.02e-05,5.02e-05,45024,152,1.4426167999602733,False,False
seed-31415__h-16__c-64__absolute_geometry,31415,16,64,0.1,absolute_geometry,"dt,dy,theta,r",reference,vectorchain,validation,ok,,,357,4,12,13,1.6778711484593838,6.711484593837535,53.69187675070028,38.143572621035055,9.535893155258764,0.07411485066796886,0.13754589106616427,0.5273541926242991,True,True,True,True,1.355178,0.0003987,0.0003987,0.0003987,5.02e-05,5.02e-05,5.02e-05,90048,296,1.0,False,False
seed-31415__h-16__c-64__absolute_geometry,31415,16,64,0.1,absolute_geometry,"dt,dy,theta,r",reference,vectorchain,test,ok,,,364,4,12,13,1.6593406593406594,6.637362637362638,53.0989010989011,38.56953642384106,9.642384105960264,0.08014180176088123,0.1529168525703887,0.543512420050697,True,True,True,True,1.355178,0.0003987,0.0003987,0.0003987,3.83e-05,3.83e-05,3.83e-05,90048,296,1.0,False,False
seed-31415__h-16__c-64__turning_matched,31415,16,64,0.1,turning_matched,"dt,dy,theta,delta_theta",capacity_control,vectorchain,validation,ok,,,357,4,12,13,1.6778711484593838,6.711484593837535,53.69187675070028,38.143572621035055,9.535893155258764,0.06942504384360235,0.13093858480346418,0.5020216244713793,True,True,True,True,1.36389,0.0002723,0.0002723,0.0002723,3.37e-05,3.37e-05,3.37e-05,90048,296,0.9519628960815576,True,True
seed-31415__h-16__c-64__turning_matched,31415,16,64,0.1,turning_matched,"dt,dy,theta,delta_theta",capacity_control,vectorchain,test,ok,,,364,4,12,13,1.6593406593406594,6.637362637362638,53.0989010989011,38.56953642384106,9.642384105960264,0.08150735131312677,0.14812285297562652,0.5264731056934264,True,True,True,True,1.36389,0.0002723,0.0002723,0.0002723,4.33e-05,4.33e-05,4.33e-05,90048,296,0.9686496320439536,True,True
seed-31415__h-16__c-64__turning,31415,16,64,0.1,turning,"dt,dy,theta,r,delta_theta",primary,vectorchain,validation,ok,,,357,5,15,16,1.6778711484593838,8.38935574229692,67.11484593837535,38.143572621035055,7.628714524207012,0.06947248845935826,0.13102093513062976,0.5023373575693159,True,True,True,True,1.3604939,0.0003349,0.0003349,0.0003349,4.24e-05,4.24e-05,4.24e-05,112560,368,0.9525616077299192,True,True
seed-31415__h-16__c-64__turning,31415,16,64,0.1,turning,"dt,dy,theta,r,delta_theta",primary,vectorchain,test,ok,,,364,5,15,16,1.6593406593406594,8.296703296703297,66.37362637362638,38.56953642384106,7.7139072847682115,0.08151203109438061,0.14822693882403112,0.5268430580590977,True,True,True,True,1.3604939,0.0003349,0.0003349,0.0003349,3.8e-05,3.8e-05,3.8e-05,112560,368,0.9693303016147369,True,True
seed-31415__h-16__c-64__full_relational,31415,16,64,0.1,full_relational,"dt,dy,theta,r,delta_theta,delta_r",secondary,vectorchain,validation,ok,,,357,6,18,19,1.6778711484593838,10.067226890756302,80.53781512605042,38.143572621035055,6.357262103505843,0.08665633240831236,0.16643505069254044,0.6381159124566541,True,True,True,True,1.4184098,0.0003599,0.0003599,0.0003599,3.99e-05,3.99e-05,3.99e-05,135072,440,1.2100328799533495,False,False
seed-31415__h-16__c-64__full_relational,31415,16,64,0.1,full_relational,"dt,dy,theta,r,delta_theta,delta_r",secondary,vectorchain,test,ok,,,364,6,18,19,1.6593406593406594,9.956043956043956,79.64835164835165,38.56953642384106,6.428256070640177,0.10406541129647767,0.21069853442733072,0.7488858711306559,True,True,True,True,1.4184098,0.0003599,0.0003599,0.0003599,4.07e-05,4.07e-05,4.07e-05,135072,440,1.3778634001791574,False,False
seed-31415__h-1__c-128__raw,31415,1,128,,,,baseline,raw,validation,ok,,,357,1,3,4,128.0,128.0,1024.0,1.0,1.0,0.017315109134517004,0.02310810038000919,1.0,,,,,0.0624225,0.0002288,0.0002288,0.0002288,3.88e-05,3.88e-05,3.88e-05,20496,80,,,
seed-31415__h-1__c-128__raw,31415,1,128,,,,baseline,raw,test,ok,,,357,1,3,4,128.0,128.0,1024.0,1.0,1.0,0.017011045577827514,0.022690235192185753,1.0,,,,,0.0624225,0.0002288,0.0002288,0.0002288,2.91e-05,2.91e-05,2.91e-05,20496,80,,,
seed-31415__h-1__c-128__first_difference,31415,1,128,,,,baseline,first_difference,validation,ok,,,357,1,3,4,127.0,127.0,1016.0,1.0078740157480315,1.0078740157480315,0.01832547824715123,0.025099143678640537,1.0861621364754759,,,,,0.0633577,0.0002181,0.0002181,0.0002181,2.86e-05,2.86e-05,2.86e-05,20496,80,,,
seed-31415__h-1__c-128__first_difference,31415,1,128,,,,baseline,first_difference,test,ok,,,357,1,3,4,127.0,127.0,1016.0,1.0078740157480315,1.0078740157480315,0.018134118527041637,0.024073298174686477,1.0609541051816438,,,,,0.0633577,0.0002181,0.0002181,0.0002181,2.83e-05,2.83e-05,2.83e-05,20496,80,,,
seed-31415__h-1__c-128__segment,31415,1,128,0.1,segment,"dt,dy",secondary,vectorchain,validation,ok,,,357,2,6,7,2.6442577030812324,5.288515406162465,42.30812324929972,48.40677966101695,24.203389830508474,0.014992639712625846,0.01985415921150606,0.8591861245627046,True,True,True,True,2.6824301,0.0002377,0.0002377,0.0002377,3.3e-05,3.3e-05,3.3e-05,40992,152,1.2484169547366497,False,False
seed-31415__h-1__c-128__segment,31415,1,128,0.1,segment,"dt,dy",secondary,vectorchain,test,ok,,,357,2,6,7,2.5938375350140057,5.187675070028011,41.50140056022409,49.347732181425485,24.673866090712743,0.014800531784265405,0.018764881165873066,0.827002497194717,True,True,True,True,2.6824301,0.0002377,0.0002377,0.0002377,3.26e-05,3.26e-05,3.26e-05,40992,152,1.2662352506966101,False,False
seed-31415__h-1__c-128__absolute_geometry,31415,1,128,0.1,absolute_geometry,"dt,dy,theta,r",reference,vectorchain,validation,ok,,,357,4,12,13,2.6442577030812324,10.57703081232493,84.61624649859944,48.40677966101695,12.101694915254237,0.012453839711212162,0.015903468097078384,0.6882204869958272,True,True,True,True,2.6457746,0.0003912,0.0003912,0.0003912,3.56e-05,3.56e-05,3.56e-05,81984,296,1.0,False,False
seed-31415__h-1__c-128__absolute_geometry,31415,1,128,0.1,absolute_geometry,"dt,dy,theta,r",reference,vectorchain,test,ok,,,357,4,12,13,2.5938375350140057,10.375350140056023,83.00280112044818,49.347732181425485,12.336933045356371,0.011657181872024013,0.01481942723956682,0.6531191551804829,True,True,True,True,2.6457746,0.0003912,0.0003912,0.0003912,3.59e-05,3.59e-05,3.59e-05,81984,296,1.0,False,False
seed-31415__h-1__c-128__turning_matched,31415,1,128,0.1,turning_matched,"dt,dy,theta,delta_theta",capacity_control,vectorchain,validation,ok,,,357,4,12,13,2.6442577030812324,10.57703081232493,84.61624649859944,48.40677966101695,12.101694915254237,0.0125143836392573,0.015860780177286392,0.686373172889951,True,True,True,True,2.7295581,0.0003384,0.0003384,0.0003384,3.97e-05,3.97e-05,3.97e-05,81984,296,0.9973158106438536,True,False
seed-31415__h-1__c-128__turning_matched,31415,1,128,0.1,turning_matched,"dt,dy,theta,delta_theta",capacity_control,vectorchain,test,ok,,,357,4,12,13,2.5938375350140057,10.375350140056023,83.00280112044818,49.347732181425485,12.336933045356371,0.012407355568132378,0.015551013478828968,0.685361493484411,True,True,True,True,2.7295581,0.0003384,0.0003384,0.0003384,3.99e-05,3.99e-05,3.99e-05,81984,296,1.0493667013870054,False,False
seed-31415__h-1__c-128__turning,31415,1,128,0.1,turning,"dt,dy,theta,r,delta_theta",primary,vectorchain,validation,ok,,,357,5,15,16,2.6442577030812324,13.221288515406162,105.7703081232493,48.40677966101695,9.68135593220339,0.012513106880847736,0.01585883330693249,0.68628892233184,True,True,True,True,2.690155,0.0003249,0.0003249,0.0003249,3.59e-05,3.59e-05,3.59e-05,102480,368,0.997193392669232,True,False
seed-31415__h-1__c-128__turning,31415,1,128,0.1,turning,"dt,dy,theta,r,delta_theta",primary,vectorchain,test,ok,,,357,5,15,16,2.5938375350140057,12.969187675070028,103.75350140056022,49.347732181425485,9.869546436285097,0.012406001901591492,0.015548767153650086,0.6852624938416194,True,True,True,True,2.690155,0.0003249,0.0003249,0.0003249,3.77e-05,3.77e-05,3.77e-05,102480,368,1.0492151216300707,False,False
seed-31415__h-1__c-128__full_relational,31415,1,128,0.1,full_relational,"dt,dy,theta,r,delta_theta,delta_r",secondary,vectorchain,validation,ok,,,357,6,18,19,2.6442577030812324,15.865546218487395,126.92436974789916,48.40677966101695,8.067796610169491,0.012558154030950413,0.016021439995389426,0.6933257053552341,True,True,True,True,2.5760706,0.0004025,0.0004025,0.0004025,3.71e-05,3.71e-05,3.71e-05,122976,440,1.0074179982372973,False,False
seed-31415__h-1__c-128__full_relational,31415,1,128,0.1,full_relational,"dt,dy,theta,r,delta_theta,delta_r",secondary,vectorchain,test,ok,,,357,6,18,19,2.5938375350140057,15.563025210084033,124.50420168067227,49.347732181425485,8.224622030237581,0.012205555787518352,0.015393226729525778,0.6784075440005585,True,True,True,True,2.5760706,0.0004025,0.0004025,0.0004025,3.79e-05,3.79e-05,3.79e-05,122976,440,1.0387194107223627,False,False
seed-31415__h-4__c-128__raw,31415,4,128,,,,baseline,raw,validation,ok,,,357,1,3,4,128.0,128.0,1024.0,1.0,1.0,0.0445882236563173,0.07378359867919666,1.0,,,,,0.0540852,0.0002656,0.0002656,0.0002656,3.88e-05,3.88e-05,3.88e-05,20328,80,,,
seed-31415__h-4__c-128__raw,31415,4,128,,,,baseline,raw,test,ok,,,364,1,3,4,128.0,128.0,1024.0,1.0,1.0,0.047290390605101124,0.07751448676320012,1.0,,,,,0.0540852,0.0002656,0.0002656,0.0002656,2.94e-05,2.94e-05,2.94e-05,20328,80,,,
seed-31415__h-4__c-128__first_difference,31415,4,128,,,,baseline,first_difference,validation,ok,,,357,1,3,4,127.0,127.0,1016.0,1.0078740157480315,1.0078740157480315,0.04569228937151931,0.06751529070143478,0.9150446970604426,,,,,0.0612931,0.0002122,0.0002122,0.0002122,2.86e-05,2.86e-05,2.86e-05,20328,80,,,
seed-31415__h-4__c-128__first_difference,31415,4,128,,,,baseline,first_difference,test,ok,,,364,1,3,4,127.0,127.0,1016.0,1.0078740157480315,1.0078740157480315,0.045964408645370165,0.06680851104698116,0.8618841952869433,,,,,0.0612931,0.0002122,0.0002122,0.0002122,2.94e-05,2.94e-05,2.94e-05,20328,80,,,
seed-31415__h-4__c-128__segment,31415,4,128,0.1,segment,"dt,dy",secondary,vectorchain,validation,ok,,,357,2,6,7,2.641456582633053,5.282913165266106,42.26330532212885,48.45811240721103,24.229056203605516,0.03591893745682746,0.05479687356597154,0.7426701129640287,True,True,True,True,2.5863876,0.0002496,0.0002496,0.0002496,3.24e-05,3.24e-05,3.24e-05,40656,152,1.5619250952219976,False,False
seed-31415__h-4__c-128__segment,31415,4,128,0.1,segment,"dt,dy",secondary,vectorchain,test,ok,,,364,2,6,7,2.5961538461538463,5.1923076923076925,41.53846153846154,49.303703703703704,24.651851851851852,0.03545204680091831,0.054284348770651115,0.7003123033825275,True,True,True,True,2.5863876,0.0002496,0.0002496,0.0002496,3.48e-05,3.48e-05,3.48e-05,40656,152,1.5649503846520378,False,False
seed-31415__h-4__c-128__absolute_geometry,31415,4,128,0.1,absolute_geometry,"dt,dy,theta,r",reference,vectorchain,validation,ok,,,357,4,12,13,2.641456582633053,10.565826330532213,84.5266106442577,48.45811240721103,12.114528101802758,0.022777067601392528,0.03508290745413961,0.47548382136626877,True,True,True,True,2.6293417,0.000382,0.000382,0.000382,3.52e-05,3.52e-05,3.52e-05,81312,296,1.0,False,False
seed-31415__h-4__c-128__absolute_geometry,31415,4,128,0.1,absolute_geometry,"dt,dy,theta,r",reference,vectorchain,test,ok,,,364,4,12,13,2.5961538461538463,10.384615384615385,83.07692307692308,49.303703703703704,12.325925925925926,0.022476315738460827,0.03468758454135981,0.4474980870005281,True,True,True,True,2.6293417,0.000382,0.000382,0.000382,4.4e-05,4.4e-05,4.4e-05,81312,296,1.0,False,False
seed-31415__h-4__c-128__turning_matched,31415,4,128,0.1,turning_matched,"dt,dy,theta,delta_theta",capacity_control,vectorchain,validation,ok,,,357,4,12,13,2.641456582633053,10.565826330532213,84.5266106442577,48.45811240721103,12.114528101802758,0.021709654218964966,0.03314472130881416,0.44921529855061587,True,True,True,True,2.6383414,0.0002677,0.0002677,0.0002677,3.4e-05,3.4e-05,3.4e-05,81312,296,0.9447541185730102,True,True
seed-31415__h-4__c-128__turning_matched,31415,4,128,0.1,turning_matched,"dt,dy,theta,delta_theta",capacity_control,vectorchain,test,ok,,,364,4,12,13,2.5961538461538463,10.384615384615385,83.07692307692308,49.303703703703704,12.325925925925926,0.02483787392723799,0.03727002279311353,0.48081364335121185,True,True,True,True,2.6383414,0.0002677,0.0002677,0.0002677,3.68e-05,3.68e-05,3.68e-05,81312,296,1.0744484888728572,False,False
seed-31415__h-4__c-128__turning,31415,4,128,0.1,turning,"dt,dy,theta,r,delta_theta",primary,vectorchain,validation,ok,,,357,5,15,16,2.641456582633053,13.207282913165265,105.65826330532212,48.45811240721103,9.691622481442206,0.021710328066803043,0.03314629208988719,0.4492365875782745,True,True,True,True,2.4941424,0.0002877,0.0002877,0.0002877,5.09e-05,5.09e-05,5.09e-05,101640,368,0.9447988919737064,True,True
seed-31415__h-4__c-128__turning,31415,4,128,0.1,turning,"dt,dy,theta,r,delta_theta",primary,vectorchain,test,ok,,,364,5,15,16,2.5961538461538463,12.98076923076923,103.84615384615384,49.303703703703704,9.860740740740741,0.024838285026105217,0.037271476067254145,0.48083239177104015,True,True,True,True,2.4941424,0.0002877,0.0002877,0.0002877,3.6e-05,3.6e-05,3.6e-05,101640,368,1.074490384962188,False,False
seed-31415__h-4__c-128__full_relational,31415,4,128,0.1,full_relational,"dt,dy,theta,r,delta_theta,delta_r",secondary,vectorchain,validation,ok,,,357,6,18,19,2.641456582633053,15.84873949579832,126.78991596638656,48.45811240721103,8.076352067868504,0.022113535499709815,0.033645193140475343,0.45599826713198294,True,True,True,True,2.5932239,0.0003545,0.0003545,0.0003545,3.86e-05,3.86e-05,3.86e-05,121968,440,0.9590195220979433,True,True
seed-31415__h-4__c-128__full_relational,31415,4,128,0.1,full_relational,"dt,dy,theta,r,delta_theta,delta_r",secondary,vectorchain,test,ok,,,364,6,18,19,2.5961538461538463,15.576923076923077,124.61538461538461,49.303703703703704,8.217283950617285,0.02509655500068831,0.03757622359973589,0.48476388309875446,True,True,True,True,2.5932239,0.0003545,0.0003545,0.0003545,4.37e-05,4.37e-05,4.37e-05,121968,440,1.0832758779998592,False,False
seed-31415__h-16__c-128__raw,31415,16,128,,,,baseline,raw,validation,ok,,,357,1,3,4,128.0,128.0,1024.0,1.0,1.0,0.17091175933170122,0.2991364303136863,1.0,,,,,0.05522,0.0002434,0.0002434,0.0002434,2.91e-05,2.91e-05,2.91e-05,19824,80,,,
seed-31415__h-16__c-128__raw,31415,16,128,,,,baseline,raw,test,ok,,,364,1,3,4,128.0,128.0,1024.0,1.0,1.0,0.17968968696669194,0.30558854654472434,1.0,,,,,0.05522,0.0002434,0.0002434,0.0002434,3.02e-05,3.02e-05,3.02e-05,19824,80,,,
seed-31415__h-16__c-128__first_difference,31415,16,128,,,,baseline,first_difference,validation,ok,,,357,1,3,4,127.0,127.0,1016.0,1.0078740157480315,1.0078740157480315,0.167742682985354,0.2600635091239394,0.8693809338141345,,,,,0.0607138,0.0002519,0.0002519,0.0002519,2.95e-05,2.95e-05,2.95e-05,19824,80,,,
seed-31415__h-16__c-128__first_difference,31415,16,128,,,,baseline,first_difference,test,ok,,,364,1,3,4,127.0,127.0,1016.0,1.0078740157480315,1.0078740157480315,0.16128124121666032,0.24606676523973806,0.8052224732307662,,,,,0.0607138,0.0002519,0.0002519,0.0002519,3.22e-05,3.22e-05,3.22e-05,19824,80,,,
seed-31415__h-16__c-128__segment,31415,16,128,0.1,segment,"dt,dy",secondary,vectorchain,validation,ok,,,357,2,6,7,2.630252100840336,5.260504201680672,42.08403361344538,48.66453674121406,24.33226837060703,0.12791550492620157,0.21342901894051144,0.7134838732838436,True,True,True,True,2.4706087,0.0002652,0.0002652,0.0002652,3.2e-05,3.2e-05,3.2e-05,39648,152,1.1543887198583913,False,False
seed-31415__h-16__c-128__segment,31415,16,128,0.1,segment,"dt,dy",secondary,vectorchain,test,ok,,,364,2,6,7,2.5961538461538463,5.1923076923076925,41.53846153846154,49.303703703703704,24.651851851851852,0.12388632751689828,0.2173471248934365,0.7112410702265202,True,True,True,True,2.4706087,0.0002652,0.0002652,0.0002652,3.27e-05,3.27e-05,3.27e-05,39648,152,1.049165495517359,False,False
seed-31415__h-16__c-128__absolute_geometry,31415,16,128,0.1,absolute_geometry,"dt,dy,theta,r",reference,vectorchain,validation,ok,,,357,4,12,13,2.630252100840336,10.521008403361344,84.16806722689076,48.66453674121406,12.166134185303514,0.09063155490506493,0.18488487913039617,0.6180620626398415,True,True,True,True,2.4675933,0.0003208,0.0003208,0.0003208,3.8e-05,3.8e-05,3.8e-05,79296,296,1.0,False,False
seed-31415__h-16__c-128__absolute_geometry,31415,16,128,0.1,absolute_geometry,"dt,dy,theta,r",reference,vectorchain,test,ok,,,364,4,12,13,2.5961538461538463,10.384615384615385,83.07692307692308,49.303703703703704,12.325925925925926,0.10454534176556561,0.20716190707954937,0.677911228748327,True,True,True,True,2.4675933,0.0003208,0.0003208,0.0003208,3.47e-05,3.47e-05,3.47e-05,79296,296,1.0,False,False
seed-31415__h-16__c-128__turning_matched,31415,16,128,0.1,turning_matched,"dt,dy,theta,delta_theta",capacity_control,vectorchain,validation,ok,,,357,4,12,13,2.630252100840336,10.521008403361344,84.16806722689076,48.66453674121406,12.166134185303514,0.09872697046207617,0.1839858565484751,0.6150566694786731,True,True,True,True,2.5117078,0.0002576,0.0002576,0.0002576,3.38e-05,3.38e-05,3.38e-05,79296,296,0.9951373925972227,True,False
seed-31415__h-16__c-128__turning_matched,31415,16,128,0.1,turning_matched,"dt,dy,theta,delta_theta",capacity_control,vectorchain,test,ok,,,364,4,12,13,2.5961538461538463,10.384615384615385,83.07692307692308,49.303703703703704,12.325925925925926,0.12692161854712666,0.23990659862892816,0.7850641044683809,True,True,True,True,2.5117078,0.0002576,0.0002576,0.0002576,3.58e-05,3.58e-05,3.58e-05,79296,296,1.1580632849494137,False,False
seed-31415__h-16__c-128__turning,31415,16,128,0.1,turning,"dt,dy,theta,r,delta_theta",primary,vectorchain,validation,ok,,,357,5,15,16,2.630252100840336,13.15126050420168,105.21008403361344,48.66453674121406,9.732907348242811,0.09871156513564353,0.18394520364383854,0.6149207685969452,True,True,True,True,2.5672418,0.0004362,0.0004362,0.0004362,3.9e-05,3.9e-05,3.9e-05,99120,368,0.9949175103395292,True,False
seed-31415__h-16__c-128__turning,31415,16,128,0.1,turning,"dt,dy,theta,r,delta_theta",primary,vectorchain,test,ok,,,364,5,15,16,2.5961538461538463,12.98076923076923,103.84615384615384,49.303703703703704,9.860740740740741,0.1269031751512994,0.23985525647287986,0.7848960937342457,True,True,True,True,2.5672418,0.0004362,0.0004362,0.0004362,4.2e-05,4.2e-05,4.2e-05,99120,368,1.157815449057323,False,False
seed-31415__h-16__c-128__full_relational,31415,16,128,0.1,full_relational,"dt,dy,theta,r,delta_theta,delta_r",secondary,vectorchain,validation,ok,,,357,6,18,19,2.630252100840336,15.781512605042018,126.25210084033614,48.66453674121406,8.110756123535676,0.10023083024977858,0.18506885444776794,0.6186770840773135,True,True,True,True,2.6438101,0.000315,0.000315,0.000315,3.8e-05,3.8e-05,3.8e-05,118944,440,1.0009950803886023,False,False
seed-31415__h-16__c-128__full_relational,31415,16,128,0.1,full_relational,"dt,dy,theta,r,delta_theta,delta_r",secondary,vectorchain,test,ok,,,364,6,18,19,2.5961538461538463,15.576923076923077,124.61538461538461,49.303703703703704,8.217283950617285,0.12686976350694637,0.2412635181916935,0.7895044527016769,True,True,True,True,2.6438101,0.000315,0.000315,0.000315,4.14e-05,4.14e-05,4.14e-05,118944,440,1.1646133287383247,False,False
seed-104729__h-1__c-32__raw,104729,1,32,,,,baseline,raw,validation,ok,,,357,1,3,4,32.0,32.0,256.0,1.0,1.0,0.011798661380078476,0.014625625438226791,1.0,,,,,0.0604294,0.0002798,0.0002798,0.0002798,3.86e-05,3.86e-05,3.86e-05,24528,80,,,
seed-104729__h-1__c-32__raw,104729,1,32,,,,baseline,raw,test,ok,,,357,1,3,4,32.0,32.0,256.0,1.0,1.0,0.012471475790279487,0.016090501905939573,1.0,,,,,0.0604294,0.0002798,0.0002798,0.0002798,3.12e-05,3.12e-05,3.12e-05,24528,80,,,
seed-104729__h-1__c-32__first_difference,104729,1,32,,,,baseline,first_difference,validation,ok,,,357,1,3,4,31.0,31.0,248.0,1.032258064516129,1.032258064516129,0.013680999796256555,0.018056401662605293,1.2345729581869047,,,,,0.0755024,0.000293,0.000293,0.000293,3.91e-05,3.91e-05,3.91e-05,24528,80,,,
seed-104729__h-1__c-32__first_difference,104729,1,32,,,,baseline,first_difference,test,ok,,,357,1,3,4,31.0,31.0,248.0,1.032258064516129,1.032258064516129,0.015245587599188808,0.020640464298125834,1.2827731800278217,,,,,0.0755024,0.000293,0.000293,0.000293,4.65e-05,4.65e-05,4.65e-05,24528,80,,,
seed-104729__h-1__c-32__segment,104729,1,32,0.1,segment,"dt,dy",secondary,vectorchain,validation,ok,,,357,2,6,7,1.2100840336134453,2.4201680672268906,19.361344537815125,26.444444444444446,13.222222222222223,0.014421316732337472,0.018642923421657118,1.2746752951111664,False,True,True,False,0.740386,0.0002748,0.0002748,0.0002748,3.23e-05,3.23e-05,3.23e-05,49056,152,0.9879970842659881,True,True
seed-104729__h-1__c-32__segment,104729,1,32,0.1,segment,"dt,dy",secondary,vectorchain,test,ok,,,357,2,6,7,1.2212885154061626,2.442577030812325,19.5406162464986,26.20183486238532,13.10091743119266,0.014758810811493881,0.01968510100851209,1.2233988177364201,False,True,True,False,0.740386,0.0002748,0.0002748,0.0002748,3.25e-05,3.25e-05,3.25e-05,49056,152,0.9915828115216532,True,False
seed-104729__h-1__c-32__absolute_geometry,104729,1,32,0.1,absolute_geometry,"dt,dy,theta,r",reference,vectorchain,validation,ok,,,357,4,12,13,1.2100840336134453,4.840336134453781,38.72268907563025,26.444444444444446,6.611111111111112,0.01449527362105929,0.018869411376357947,1.2901609887423502,False,True,True,False,0.7240543,0.0006002,0.0006002,0.0006002,3.58e-05,3.58e-05,3.58e-05,98112,296,1.0,False,False
seed-104729__h-1__c-32__absolute_geometry,104729,1,32,0.1,absolute_geometry,"dt,dy,theta,r",reference,vectorchain,test,ok,,,357,4,12,13,1.2212885154061626,4.88515406162465,39.0812324929972,26.20183486238532,6.55045871559633,0.014795860258976161,0.01985220072371356,1.233783808594896,False,True,True,False,0.7240543,0.0006002,0.0006002,0.0006002,4.35e-05,4.35e-05,4.35e-05,98112,296,1.0,False,False
seed-104729__h-1__c-32__turning_matched,104729,1,32,0.1,turning_matched,"dt,dy,theta,delta_theta",capacity_control,vectorchain,validation,ok,,,357,4,12,13,1.2100840336134453,4.840336134453781,38.72268907563025,26.444444444444446,6.611111111111112,0.0145853787794235,0.019137064192343956,1.3084612533783122,False,True,True,False,0.7461944,0.0002987,0.0002987,0.0002987,3.5e-05,3.5e-05,3.5e-05,98112,296,1.0141844814683174,False,False
seed-104729__h-1__c-32__turning_matched,104729,1,32,0.1,turning_matched,"dt,dy,theta,delta_theta",capacity_control,vectorchain,test,ok,,,357,4,12,13,1.2212885154061626,4.88515406162465,39.0812324929972,26.20183486238532,6.55045871559633,0.014895117301811336,0.02016754007593409,1.2533816653966237,False,True,True,False,0.7461944,0.0002987,0.0002987,0.0002987,3.52e-05,3.52e-05,3.52e-05,98112,296,1.01588435240048,False,False
seed-104729__h-1__c-32__turning,104729,1,32,0.1,turning,"dt,dy,theta,r,delta_theta",primary,vectorchain,validation,ok,,,357,5,15,16,1.2100840336134453,6.050420168067227,48.403361344537814,26.444444444444446,5.288888888888889,0.014585985816057407,0.019153407389457935,1.3095786891545127,False,True,True,False,0.7242564,0.0003616,0.0003616,0.0003616,3.57e-05,3.57e-05,3.57e-05,122640,368,1.015050602662456,False,False
seed-104729__h-1__c-32__turning,104729,1,32,0.1,turning,"dt,dy,theta,r,delta_theta",primary,vectorchain,test,ok,,,357,5,15,16,1.2212885154061626,6.106442577030812,48.851540616246496,26.20183486238532,5.240366972477065,0.01490290251651043,0.020186610690805684,1.2545668748439782,False,True,True,False,0.7242564,0.0003616,0.0003616,0.0003616,3.47e-05,3.47e-05,3.47e-05,122640,368,1.0168449821632455,False,False
seed-104729__h-1__c-32__full_relational,104729,1,32,0.1,full_relational,"dt,dy,theta,r,delta_theta,delta_r",secondary,vectorchain,validation,ok,,,357,6,18,19,1.2100840336134453,7.260504201680672,58.08403361344538,26.444444444444446,4.407407407407407,0.015074620983851083,0.02059187757280137,1.4079314187125749,False,True,True,False,0.7434194,0.000392,0.000392,0.000392,3.92e-05,3.92e-05,3.92e-05,147168,440,1.0912835150015094,False,False
seed-104729__h-1__c-32__full_relational,104729,1,32,0.1,full_relational,"dt,dy,theta,r,delta_theta,delta_r",secondary,vectorchain,test,ok,,,357,6,18,19,1.2212885154061626,7.3277310924369745,58.621848739495796,26.20183486238532,4.366972477064221,0.015452008231769416,0.021563872298580845,1.3401615701385212,False,True,True,False,0.7434194,0.000392,0.000392,0.000392,3.98e-05,3.98e-05,3.98e-05,147168,440,1.0862207469433192,False,False
seed-104729__h-4__c-32__raw,104729,4,32,,,,baseline,raw,validation,ok,,,357,1,3,4,32.0,32.0,256.0,1.0,1.0,0.02429790156396089,0.03524808021139431,1.0,,,,,0.0594497,0.0002321,0.0002321,0.0002321,3.92e-05,3.92e-05,3.92e-05,24360,80,,,
seed-104729__h-4__c-32__raw,104729,4,32,,,,baseline,raw,test,ok,,,364,1,3,4,32.0,32.0,256.0,1.0,1.0,0.026450552523535936,0.03919337246111951,1.0,,,,,0.0594497,0.0002321,0.0002321,0.0002321,2.89e-05,2.89e-05,2.89e-05,24360,80,,,
seed-104729__h-4__c-32__first_difference,104729,4,32,,,,baseline,first_difference,validation,ok,,,357,1,3,4,31.0,31.0,248.0,1.032258064516129,1.032258064516129,0.03279551750804668,0.05210197574868698,1.4781507371809848,,,,,0.0666879,0.0002447,0.0002447,0.0002447,2.92e-05,2.92e-05,2.92e-05,24360,80,,,
seed-104729__h-4__c-32__first_difference,104729,4,32,,,,baseline,first_difference,test,ok,,,364,1,3,4,31.0,31.0,248.0,1.032258064516129,1.032258064516129,0.03523659628968238,0.05682765222854551,1.449930145330553,,,,,0.0666879,0.0002447,0.0002447,0.0002447,2.87e-05,2.87e-05,2.87e-05,24360,80,,,
seed-104729__h-4__c-32__segment,104729,4,32,0.1,segment,"dt,dy",secondary,vectorchain,validation,ok,,,357,2,6,7,1.2100840336134453,2.4201680672268906,19.361344537815125,26.444444444444446,13.222222222222223,0.03341794818950321,0.05857027300366551,1.6616585258658159,False,True,True,False,0.7767613,0.0002829,0.0002829,0.0002829,3.18e-05,3.18e-05,3.18e-05,48720,152,1.1438357667431556,False,False
seed-104729__h-4__c-32__segment,104729,4,32,0.1,segment,"dt,dy",secondary,vectorchain,test,ok,,,364,2,6,7,1.2225274725274726,2.4450549450549453,19.560439560439562,26.1752808988764,13.0876404494382,0.03264655148505668,0.058682821182714576,1.4972638866667811,False,True,True,False,0.7767613,0.0002829,0.0002829,0.0002829,3.39e-05,3.39e-05,3.39e-05,48720,152,1.1593241132435579,False,False
seed-104729__h-4__c-32__absolute_geometry,104729,4,32,0.1,absolute_geometry,"dt,dy,theta,r",reference,vectorchain,validation,ok,,,357,4,12,13,1.2100840336134453,4.840336134453781,38.72268907563025,26.444444444444446,6.611111111111112,0.029661953247980495,0.051205142124933455,1.452707262859123,False,True,True,False,0.7494111,0.0003781,0.0003781,0.0003781,3.46e-05,3.46e-05,3.46e-05,97440,296,1.0,False,False
seed-104729__h-4__c-32__absolute_geometry,104729,4,32,0.1,absolute_geometry,"dt,dy,theta,r",reference,vectorchain,test,ok,,,364,4,12,13,1.2225274725274726,4.8901098901098905,39.120879120879124,26.1752808988764,6.5438202247191,0.027882200231653012,0.05061813216196438,1.291497234951609,False,True,True,False,0.7494111,0.0003781,0.0003781,0.0003781,4.93e-05,4.93e-05,4.93e-05,97440,296,1.0,False,False
seed-104729__h-4__c-32__turning_matched,104729,4,32,0.1,turning_matched,"dt,dy,theta,delta_theta",capacity_control,vectorchain,validation,ok,,,357,4,12,13,1.2100840336134453,4.840336134453781,38.72268907563025,26.444444444444446,6.611111111111112,0.030062216442834792,0.053807524554704805,1.5265377357292484,False,True,True,False,0.726781,0.0003249,0.0003249,0.0003249,3.57e-05,3.57e-05,3.57e-05,97440,296,1.0508226776018295,False,False
seed-104729__h-4__c-32__turning_matched,104729,4,32,0.1,turning_matched,"dt,dy,theta,delta_theta",capacity_control,vectorchain,test,ok,,,364,4,12,13,1.2225274725274726,4.8901098901098905,39.120879120879124,26.1752808988764,6.5438202247191,0.028408296963467805,0.053028270791089356,1.3529907599478534,False,True,True,False,0.726781,0.0003249,0.0003249,0.0003249,4.38e-05,4.38e-05,4.38e-05,97440,296,1.0476141360059115,False,False
seed-104729__h-4__c-32__turning,104729,4,32,0.1,turning,"dt,dy,theta,r,delta_theta",primary,vectorchain,validation,ok,,,357,5,15,16,1.2100840336134453,6.050420168067227,48.403361344537814,26.444444444444446,5.288888888888889,0.03006469879112744,0.05366337572999123,1.5224481846430882,False,True,True,False,0.7414232,0.000336,0.000336,0.000336,3.64e-05,3.64e-05,3.64e-05,121800,368,1.0480075535980358,False,False
seed-104729__h-4__c-32__turning,104729,4,32,0.1,turning,"dt,dy,theta,r,delta_theta",primary,vectorchain,test,ok,,,364,5,15,16,1.2225274725274726,6.112637362637362,48.9010989010989,26.1752808988764,5.235056179775281,0.028409663337180133,0.05290028778075483,1.349725335150294,False,True,True,False,0.7414232,0.000336,0.000336,0.000336,3.76e-05,3.76e-05,3.76e-05,121800,368,1.0450857335369106,False,False
seed-104729__h-4__c-32__full_relational,104729,4,32,0.1,full_relational,"dt,dy,theta,r,delta_theta,delta_r",secondary,vectorchain,validation,ok,,,357,6,18,19,1.2100840336134453,7.260504201680672,58.08403361344538,26.444444444444446,4.407407407407407,0.0306769539245801,0.056020021409275866,1.5893070224904562,False,True,True,False,0.7264107,0.0004086,0.0004086,0.0004086,4.32e-05,4.32e-05,4.32e-05,146160,440,1.0940311672721224,False,False
seed-104729__h-4__c-32__full_relational,104729,4,32,0.1,full_relational,"dt,dy,theta,r,delta_theta,delta_r",secondary,vectorchain,test,ok,,,364,6,18,19,1.2225274725274726,7.335164835164835,58.68131868131868,26.1752808988764,4.362546816479401,0.028949364278231686,0.05480870601626589,1.3984177062241085,False,True,True,False,0.7264107,0.0004086,0.0004086,0.0004086,9.11e-05,9.11e-05,9.11e-05,146160,440,1.0827879985949067,False,False
seed-104729__h-16__c-32__raw,104729,16,32,,,,baseline,raw,validation,ok,,,357,1,3,4,32.0,32.0,256.0,1.0,1.0,0.10157149576743064,0.17766659061450465,1.0,,,,,0.0598102,0.000236,0.000236,0.000236,3.36e-05,3.36e-05,3.36e-05,23856,80,,,
seed-104729__h-16__c-32__raw,104729,16,32,,,,baseline,raw,test,ok,,,364,1,3,4,32.0,32.0,256.0,1.0,1.0,0.11586817050658374,0.20300661511911278,1.0,,,,,0.0598102,0.000236,0.000236,0.000236,2.83e-05,2.83e-05,2.83e-05,23856,80,,,
seed-104729__h-16__c-32__first_difference,104729,16,32,,,,baseline,first_difference,validation,ok,,,357,1,3,4,31.0,31.0,248.0,1.032258064516129,1.032258064516129,0.1352115812301308,0.234607486873131,1.3204929866762338,,,,,0.070088,0.0002355,0.0002355,0.0002355,2.95e-05,2.95e-05,2.95e-05,23856,80,,,
seed-104729__h-16__c-32__first_difference,104729,16,32,,,,baseline,first_difference,test,ok,,,364,1,3,4,31.0,31.0,248.0,1.032258064516129,1.032258064516129,0.14710361737746627,0.2578336110735737,1.2700749230378112,,,,,0.070088,0.0002355,0.0002355,0.0002355,2.93e-05,2.93e-05,2.93e-05,23856,80,,,
seed-104729__h-16__c-32__segment,104729,16,32,0.1,segment,"dt,dy",secondary,vectorchain,validation,ok,,,357,2,6,7,1.2100840336134453,2.4201680672268906,19.361344537815125,26.444444444444446,13.222222222222223,0.1454662624811078,0.29872122718320837,1.6813584712241383,False,True,True,False,0.7205134,0.0002627,0.0002627,0.0002627,3.14e-05,3.14e-05,3.14e-05,47712,152,1.1852205039808914,False,False
seed-104729__h-16__c-32__segment,104729,16,32,0.1,segment,"dt,dy",secondary,vectorchain,test,ok,,,364,2,6,7,1.2225274725274726,2.4450549450549453,19.560439560439562,26.1752808988764,13.0876404494382,0.13822174849213825,0.29540942625074235,1.455171429154724,False,True,True,False,0.7205134,0.0002627,0.0002627,0.0002627,3.74e-05,3.74e-05,3.74e-05,47712,152,1.1980661841230444,False,False
seed-104729__h-16__c-32__absolute_geometry,104729,16,32,0.1,absolute_geometry,"dt,dy,theta,r",reference,vectorchain,validation,ok,,,357,4,12,13,1.2100840336134453,4.840336134453781,38.72268907563025,26.444444444444446,6.611111111111112,0.12578969250394353,0.25203852462885207,1.4186039353663136,False,True,True,False,0.7162376,0.0003731,0.0003731,0.0003731,3.48e-05,3.48e-05,3.48e-05,95424,296,1.0,False,False
seed-104729__h-16__c-32__absolute_geometry,104729,16,32,0.1,absolute_geometry,"dt,dy,theta,r",reference,vectorchain,test,ok,,,364,4,12,13,1.2225274725274726,4.8901098901098905,39.120879120879124,26.1752808988764,6.5438202247191,0.11529354407310297,0.2465718757156767,1.214600201924466,False,True,True,False,0.7162376,0.0003731,0.0003731,0.0003731,4.67e-05,4.67e-05,4.67e-05,95424,296,1.0,False,False
seed-104729__h-16__c-32__turning_matched,104729,16,32,0.1,turning_matched,"dt,dy,theta,delta_theta",capacity_control,vectorchain,validation,ok,,,357,4,12,13,1.2100840336134453,4.840336134453781,38.72268907563025,26.444444444444446,6.611111111111112,0.12349595019690143,0.25307216650504505,1.424421809580131,False,True,True,False,0.726611,0.0003366,0.0003366,0.0003366,3.58e-05,3.58e-05,3.58e-05,95424,296,1.0041011265151434,False,False
seed-104729__h-16__c-32__turning_matched,104729,16,32,0.1,turning_matched,"dt,dy,theta,delta_theta",capacity_control,vectorchain,test,ok,,,364,4,12,13,1.2225274725274726,4.8901098901098905,39.120879120879124,26.1752808988764,6.5438202247191,0.11294695200008473,0.24567119251065098,1.2101634834239516,False,True,True,False,0.726611,0.0003366,0.0003366,0.0003366,3.73e-05,3.73e-05,3.73e-05,95424,296,0.9963471778668532,True,False
seed-104729__h-16__c-32__turning,104729,16,32,0.1,turning,"dt,dy,theta,r,delta_theta",primary,vectorchain,validation,ok,,,357,5,15,16,1.2100840336134453,6.050420168067227,48.403361344537814,26.444444444444446,5.288888888888889,0.12451314327094203,0.25434494482990255,1.431585668133702,False,True,True,False,0.7257341,0.0004402,0.0004402,0.0004402,3.73e-05,3.73e-05,3.73e-05,119280,368,1.0091510621419757,False,False
seed-104729__h-16__c-32__turning,104729,16,32,0.1,turning,"dt,dy,theta,r,delta_theta",primary,vectorchain,test,ok,,,364,5,15,16,1.2225274725274726,6.112637362637362,48.9010989010989,26.1752808988764,5.235056179775281,0.1133991500194572,0.24662587021430224,1.214866176009073,False,True,True,False,0.7257341,0.0004402,0.0004402,0.0004402,3.81e-05,3.81e-05,3.81e-05,119280,368,1.0002189807676516,False,False
seed-104729__h-16__c-32__full_relational,104729,16,32,0.1,full_relational,"dt,dy,theta,r,delta_theta,delta_r",secondary,vectorchain,validation,ok,,,357,6,18,19,1.2100840336134453,7.260504201680672,58.08403361344538,26.444444444444446,4.407407407407407,0.12625958482768068,0.2587997595280171,1.4566596827962586,False,True,True,False,0.7226934,0.000336,0.000336,0.000336,3.85e-05,3.85e-05,3.85e-05,143136,440,1.0268261961504557,False,False
seed-104729__h-16__c-32__full_relational,104729,16,32,0.1,full_relational,"dt,dy,theta,r,delta_theta,delta_r",secondary,vectorchain,test,ok,,,364,6,18,19,1.2225274725274726,7.335164835164835,58.68131868131868,26.1752808988764,4.362546816479401,0.11505836764092518,0.25020644653714347,1.2325039082610019,False,True,True,False,0.7226934,0.000336,0.000336,0.000336,3.95e-05,3.95e-05,3.95e-05,143136,440,1.0147404111313076,False,False
seed-104729__h-1__c-64__raw,104729,1,64,,,,baseline,raw,validation,ok,,,357,1,3,4,64.0,64.0,512.0,1.0,1.0,0.01365009129758009,0.01723395039058299,1.0,,,,,0.0597863,0.0002409,0.0002409,0.0002409,3.61e-05,3.61e-05,3.61e-05,23184,80,,,
seed-104729__h-1__c-64__raw,104729,1,64,,,,baseline,raw,test,ok,,,357,1,3,4,64.0,64.0,512.0,1.0,1.0,0.014952750019627804,0.019731275983390667,1.0,,,,,0.0597863,0.0002409,0.0002409,0.0002409,2.89e-05,2.89e-05,2.89e-05,23184,80,,,
seed-104729__h-1__c-64__first_difference,104729,1,64,,,,baseline,first_difference,validation,ok,,,357,1,3,4,63.0,63.0,504.0,1.0158730158730158,1.0158730158730158,0.017559130461792572,0.024683168041954237,1.4322408665770363,,,,,0.06401,0.0002159,0.0002159,0.0002159,2.87e-05,2.87e-05,2.87e-05,23184,80,,,
seed-104729__h-1__c-64__first_difference,104729,1,64,,,,baseline,first_difference,test,ok,,,357,1,3,4,63.0,63.0,504.0,1.0158730158730158,1.0158730158730158,0.019198575692075587,0.027317142438451302,1.3844589909667395,,,,,0.06401,0.0002159,0.0002159,0.0002159,2.88e-05,2.88e-05,2.88e-05,23184,80,,,
seed-104729__h-1__c-64__segment,104729,1,64,0.1,segment,"dt,dy",secondary,vectorchain,validation,ok,,,357,2,6,7,1.6750700280112045,3.350140056022409,26.801120448179272,38.20735785953177,19.103678929765884,0.015155824305630354,0.019541156055474265,1.1338756125323408,False,True,True,False,1.3322046,0.000261,0.000261,0.000261,3.69e-05,3.69e-05,3.69e-05,46368,152,1.3146436493166256,False,False
seed-104729__h-1__c-64__segment,104729,1,64,0.1,segment,"dt,dy",secondary,vectorchain,test,ok,,,357,2,6,7,1.6666666666666667,3.3333333333333335,26.666666666666668,38.4,19.2,0.015479179905805326,0.020413546724796765,1.0345781358479005,True,True,True,True,1.3322046,0.000261,0.000261,0.000261,3.12e-05,3.12e-05,3.12e-05,46368,152,1.3110988537851107,False,False
seed-104729__h-1__c-64__absolute_geometry,104729,1,64,0.1,absolute_geometry,"dt,dy,theta,r",reference,vectorchain,validation,ok,,,357,4,12,13,1.6750700280112045,6.700280112044818,53.602240896358545,38.20735785953177,9.551839464882942,0.011953327824556007,0.014864222761530925,0.8624965503935222,True,True,True,True,1.3018295,0.0003608,0.0003608,0.0003608,3.34e-05,3.34e-05,3.34e-05,92736,296,1.0,False,False
seed-104729__h-1__c-64__absolute_geometry,104729,1,64,0.1,absolute_geometry,"dt,dy,theta,r",reference,vectorchain,test,ok,,,357,4,12,13,1.6666666666666667,6.666666666666667,53.333333333333336,38.4,9.6,0.012067362199064185,0.015569799840693437,0.7890923959403201,True,True,True,True,1.3018295,0.0003608,0.0003608,0.0003608,3.49e-05,3.49e-05,3.49e-05,92736,296,1.0,False,False
seed-104729__h-1__c-64__turning_matched,104729,1,64,0.1,turning_matched,"dt,dy,theta,delta_theta",capacity_control,vectorchain,validation,ok,,,357,4,12,13,1.6750700280112045,6.700280112044818,53.602240896358545,38.20735785953177,9.551839464882942,0.012714527097238252,0.016448176575935714,0.9544054731017074,True,True,True,True,1.3110532,0.0003055,0.0003055,0.0003055,3.55e-05,3.55e-05,3.55e-05,92736,296,1.106561496003956,False,False
seed-104729__h-1__c-64__turning_matched,104729,1,64,0.1,turning_matched,"dt,dy,theta,delta_theta",capacity_control,vectorchain,test,ok,,,357,4,12,13,1.6666666666666667,6.666666666666667,53.333333333333336,38.4,9.6,0.012200869150066585,0.01601113568361252,0.8114597199436228,True,True,True,True,1.3110532,0.0003055,0.0003055,0.0003055,3.72e-05,3.72e-05,3.72e-05,92736,296,1.0283456336905246,False,False
seed-104729__h-1__c-64__turning,104729,1,64,0.1,turning,"dt,dy,theta,r,delta_theta",primary,vectorchain,validation,ok,,,357,5,15,16,1.6750700280112045,8.375350140056023,67.00280112044818,38.20735785953177,7.641471571906354,0.01271650264245207,0.01645122097329093,0.9545821242632936,True,True,True,True,1.3090287,0.0003197,0.0003197,0.0003197,3.57e-05,3.57e-05,3.57e-05,115920,368,1.1067663097640872,False,False
seed-104729__h-1__c-64__turning,104729,1,64,0.1,turning,"dt,dy,theta,r,delta_theta",primary,vectorchain,test,ok,,,357,5,15,16,1.6666666666666667,8.333333333333334,66.66666666666667,38.4,7.68,0.012202208822734633,0.016012880879719377,0.8115481681569225,True,True,True,True,1.3090287,0.0003197,0.0003197,0.0003197,3.55e-05,3.55e-05,3.55e-05,115920,368,1.0284577222288944,False,False
seed-104729__h-1__c-64__full_relational,104729,1,64,0.1,full_relational,"dt,dy,theta,r,delta_theta,delta_r",secondary,vectorchain,validation,ok,,,357,6,18,19,1.6750700280112045,10.050420168067227,80.40336134453781,38.20735785953177,6.367892976588629,0.013094736552344917,0.017147000384252913,0.9949547257384709,True,True,True,True,1.2950447,0.0003601,0.0003601,0.0003601,3.71e-05,3.71e-05,3.71e-05,139104,440,1.1535753102832855,False,False
seed-104729__h-1__c-64__full_relational,104729,1,64,0.1,full_relational,"dt,dy,theta,r,delta_theta,delta_r",secondary,vectorchain,test,ok,,,357,6,18,19,1.6666666666666667,10.0,80.0,38.4,6.4,0.012451345977127852,0.016677381230497102,0.8452256835561844,True,True,True,True,1.2950447,0.0003601,0.0003601,0.0003601,6.26e-05,6.26e-05,6.26e-05,139104,440,1.0711365207733035,False,False
seed-104729__h-4__c-64__raw,104729,4,64,,,,baseline,raw,validation,ok,,,357,1,3,4,64.0,64.0,512.0,1.0,1.0,0.034660083866973036,0.05593098488542862,1.0,,,,,0.0551915,0.0002344,0.0002344,0.0002344,4.84e-05,4.84e-05,4.84e-05,23016,80,,,
seed-104729__h-4__c-64__raw,104729,4,64,,,,baseline,raw,test,ok,,,364,1,3,4,64.0,64.0,512.0,1.0,1.0,0.03782266725211768,0.06246709637547718,1.0,,,,,0.0551915,0.0002344,0.0002344,0.0002344,2.74e-05,2.74e-05,2.74e-05,23016,80,,,
seed-104729__h-4__c-64__first_difference,104729,4,64,,,,baseline,first_difference,validation,ok,,,357,1,3,4,63.0,63.0,504.0,1.0158730158730158,1.0158730158730158,0.045631697106469644,0.07423204127731874,1.3272078335358972,,,,,0.0630669,0.0002079,0.0002079,0.0002079,2.7e-05,2.7e-05,2.7e-05,23016,80,,,
seed-104729__h-4__c-64__first_difference,104729,4,64,,,,baseline,first_difference,test,ok,,,364,1,3,4,63.0,63.0,504.0,1.0158730158730158,1.0158730158730158,0.04813318665717925,0.07877463217552219,1.261058008875964,,,,,0.0630669,0.0002079,0.0002079,0.0002079,2.81e-05,2.81e-05,2.81e-05,23016,80,,,
seed-104729__h-4__c-64__segment,104729,4,64,0.1,segment,"dt,dy",secondary,vectorchain,validation,ok,,,357,2,6,7,1.6750700280112045,3.350140056022409,26.801120448179272,38.20735785953177,19.103678929765884,0.03729828704591061,0.06028309049315078,1.0778120681521557,True,True,True,True,1.257111,0.0002479,0.0002479,0.0002479,3.02e-05,3.02e-05,3.02e-05,46032,152,2.2545057867922345,False,False
seed-104729__h-4__c-64__segment,104729,4,64,0.1,segment,"dt,dy",secondary,vectorchain,test,ok,,,364,2,6,7,1.6675824175824177,3.3351648351648353,26.681318681318682,38.378912685337724,19.189456342668862,0.035947618537905256,0.05838138991349216,0.9345942632353735,True,True,True,True,1.257111,0.0002479,0.0002479,0.0002479,3.14e-05,3.14e-05,3.14e-05,46032,152,2.1318046863792106,False,False
seed-104729__h-4__c-64__absolute_geometry,104729,4,64,0.1,absolute_geometry,"dt,dy,theta,r",reference,vectorchain,validation,ok,,,357,4,12,13,1.6750700280112045,6.700280112044818,53.602240896358545,38.20735785953177,9.551839464882942,0.018478029440346648,0.026738938017508054,0.47807021586123,True,True,True,True,1.2902474,0.0003684,0.0003684,0.0003684,4.62e-05,4.62e-05,4.62e-05,92064,296,1.0,False,False
seed-104729__h-4__c-64__absolute_geometry,104729,4,64,0.1,absolute_geometry,"dt,dy,theta,r",reference,vectorchain,test,ok,,,364,4,12,13,1.6675824175824177,6.670329670329671,53.362637362637365,38.378912685337724,9.594728171334431,0.018311197079535844,0.027385899977849633,0.438405201567854,True,True,True,True,1.2902474,0.0003684,0.0003684,0.0003684,3.76e-05,3.76e-05,3.76e-05,92064,296,1.0,False,False
seed-104729__h-4__c-64__turning_matched,104729,4,64,0.1,turning_matched,"dt,dy,theta,delta_theta",capacity_control,vectorchain,validation,ok,,,357,4,12,13,1.6750700280112045,6.700280112044818,53.602240896358545,38.20735785953177,9.551839464882942,0.02151353147858004,0.034398544733450505,0.6150176830233532,True,True,True,True,1.3232532,0.0002831,0.0002831,0.0002831,3.57e-05,3.57e-05,3.57e-05,92064,296,1.286458897916107,False,False
seed-104729__h-4__c-64__turning_matched,104729,4,64,0.1,turning_matched,"dt,dy,theta,delta_theta",capacity_control,vectorchain,test,ok,,,364,4,12,13,1.6675824175824177,6.670329670329671,53.362637362637365,38.378912685337724,9.594728171334431,0.019879388617434265,0.02952100514580253,0.47258487841915514,True,True,True,True,1.3232532,0.0002831,0.0002831,0.0002831,3.75e-05,3.75e-05,3.75e-05,92064,296,1.0779636663275562,False,False
seed-104729__h-4__c-64__turning,104729,4,64,0.1,turning,"dt,dy,theta,r,delta_theta",primary,vectorchain,validation,ok,,,357,5,15,16,1.6750700280112045,8.375350140056023,67.00280112044818,38.20735785953177,7.641471571906354,0.021512104900960876,0.03439142300710397,0.6148903524147269,True,True,True,True,1.4395028,0.0003613,0.0003613,0.0003613,4.05e-05,4.05e-05,4.05e-05,115080,368,1.2861925550141609,False,False
seed-104729__h-4__c-64__turning,104729,4,64,0.1,turning,"dt,dy,theta,r,delta_theta",primary,vectorchain,test,ok,,,364,5,15,16,1.6675824175824177,8.337912087912088,66.7032967032967,38.378912685337724,7.675782537067546,0.019879763213862606,0.02952680234753557,0.47267768250433617,True,True,True,True,1.4395028,0.0003613,0.0003613,0.0003613,3.97e-05,3.97e-05,3.97e-05,115080,368,1.0781753519664334,False,False
seed-104729__h-4__c-64__full_relational,104729,4,64,0.1,full_relational,"dt,dy,theta,r,delta_theta,delta_r",secondary,vectorchain,validation,ok,,,357,6,18,19,1.6750700280112045,10.050420168067227,80.40336134453781,38.20735785953177,6.367892976588629,0.02215313721065443,0.03532583481575041,0.6315968668907465,True,True,True,True,1.3881546,0.0003398,0.0003398,0.0003398,3.78e-05,3.78e-05,3.78e-05,138096,440,1.3211382887615002,False,False
seed-104729__h-4__c-64__full_relational,104729,4,64,0.1,full_relational,"dt,dy,theta,r,delta_theta,delta_r",secondary,vectorchain,test,ok,,,364,6,18,19,1.6675824175824177,10.005494505494505,80.04395604395604,38.378912685337724,6.396485447556287,0.02204424464032843,0.03355288578774579,0.5371289484317653,True,True,True,True,1.3881546,0.0003398,0.0003398,0.0003398,4.68e-05,4.68e-05,4.68e-05,138096,440,1.225188356595334,False,False
seed-104729__h-16__c-64__raw,104729,16,64,,,,baseline,raw,validation,ok,,,357,1,3,4,64.0,64.0,512.0,1.0,1.0,0.1402394688187947,0.25961368181998107,1.0,,,,,0.0589107,0.0002602,0.0002602,0.0002602,4.26e-05,4.26e-05,4.26e-05,22512,80,,,
seed-104729__h-16__c-64__raw,104729,16,64,,,,baseline,raw,test,ok,,,364,1,3,4,64.0,64.0,512.0,1.0,1.0,0.15319744975279484,0.28071755115641045,1.0,,,,,0.0589107,0.0002602,0.0002602,0.0002602,2.91e-05,2.91e-05,2.91e-05,22512,80,,,
seed-104729__h-16__c-64__first_difference,104729,16,64,,,,baseline,first_difference,validation,ok,,,357,1,3,4,63.0,63.0,504.0,1.0158730158730158,1.0158730158730158,0.17382852182338154,0.2944211660148961,1.1340741518355373,,,,,0.0660161,0.0002157,0.0002157,0.0002157,2.69e-05,2.69e-05,2.69e-05,22512,80,,,
seed-104729__h-16__c-64__first_difference,104729,16,64,,,,baseline,first_difference,test,ok,,,364,1,3,4,63.0,63.0,504.0,1.0158730158730158,1.0158730158730158,0.18224159269081652,0.3105397290371065,1.1062355301898446,,,,,0.0660161,0.0002157,0.0002157,0.0002157,2.81e-05,2.81e-05,2.81e-05,22512,80,,,
seed-104729__h-16__c-64__segment,104729,16,64,0.1,segment,"dt,dy",secondary,vectorchain,validation,ok,,,357,2,6,7,1.6666666666666667,3.3333333333333335,26.666666666666668,38.4,19.2,0.13464884760189166,0.24001478207248853,0.9245074465640735,True,True,True,True,1.3649578,0.0002767,0.0002767,0.0002767,3.18e-05,3.18e-05,3.18e-05,45024,152,1.5421824591713424,False,False
seed-104729__h-16__c-64__segment,104729,16,64,0.1,segment,"dt,dy",secondary,vectorchain,test,ok,,,364,2,6,7,1.6675824175824177,3.3351648351648353,26.681318681318682,38.378912685337724,19.189456342668862,0.13082026013293394,0.23243773975388152,0.8280128506263994,True,True,True,True,1.3649578,0.0002767,0.0002767,0.0002767,3.28e-05,3.28e-05,3.28e-05,45024,152,1.2991310978177275,False,False
seed-104729__h-16__c-64__absolute_geometry,104729,16,64,0.1,absolute_geometry,"dt,dy,theta,r",reference,vectorchain,validation,ok,,,357,4,12,13,1.6666666666666667,6.666666666666667,53.333333333333336,38.4,9.6,0.07614064955572485,0.15563319414322424,0.599479939008538,True,True,True,True,1.2901365,0.0002754,0.0002754,0.0002754,4.47e-05,4.47e-05,4.47e-05,90048,296,1.0,False,False
seed-104729__h-16__c-64__absolute_geometry,104729,16,64,0.1,absolute_geometry,"dt,dy,theta,r",reference,vectorchain,test,ok,,,364,4,12,13,1.6675824175824177,6.670329670329671,53.362637362637365,38.378912685337724,9.594728171334431,0.08602948922670244,0.17891784758622822,0.6373589640162493,True,True,True,True,1.2901365,0.0002754,0.0002754,0.0002754,4.58e-05,4.58e-05,4.58e-05,90048,296,1.0,False,False
seed-104729__h-16__c-64__turning_matched,104729,16,64,0.1,turning_matched,"dt,dy,theta,delta_theta",capacity_control,vectorchain,validation,ok,,,357,4,12,13,1.6666666666666667,6.666666666666667,53.333333333333336,38.4,9.6,0.09190547494527114,0.20101178979530618,0.7742727131565043,True,True,True,True,1.2648325,0.0002562,0.0002562,0.0002562,3.27e-05,3.27e-05,3.27e-05,90048,296,1.2915740173675383,False,False
seed-104729__h-16__c-64__turning_matched,104729,16,64,0.1,turning_matched,"dt,dy,theta,delta_theta",capacity_control,vectorchain,test,ok,,,364,4,12,13,1.6675824175824177,6.670329670329671,53.362637362637365,38.378912685337724,9.594728171334431,0.09600490602119625,0.18662341868206062,0.6648085162942933,True,True,True,True,1.2648325,0.0002562,0.0002562,0.0002562,3.43e-05,3.43e-05,3.43e-05,90048,296,1.043067649202066,False,False
seed-104729__h-16__c-64__turning,104729,16,64,0.1,turning,"dt,dy,theta,r,delta_theta",primary,vectorchain,validation,ok,,,357,5,15,16,1.6666666666666667,8.333333333333334,66.66666666666667,38.4,7.68,0.09191312248145274,0.20101981803367133,0.7743036369441447,True,True,True,True,1.2970237,0.0003296,0.0003296,0.0003296,3.61e-05,3.61e-05,3.61e-05,112560,368,1.291625601725293,False,False
seed-104729__h-16__c-64__turning,104729,16,64,0.1,turning,"dt,dy,theta,r,delta_theta",primary,vectorchain,test,ok,,,364,5,15,16,1.6675824175824177,8.337912087912088,66.7032967032967,38.378912685337724,7.675782537067546,0.09599946187007398,0.18675521070519516,0.6652779989561063,True,True,True,True,1.2970237,0.0003296,0.0003296,0.0003296,3.68e-05,3.68e-05,3.68e-05,112560,368,1.0438042555547165,False,False
seed-104729__h-16__c-64__full_relational,104729,16,64,0.1,full_relational,"dt,dy,theta,r,delta_theta,delta_r",secondary,vectorchain,validation,ok,,,357,6,18,19,1.6666666666666667,10.0,80.0,38.4,6.4,0.1004874723070103,0.2075284347592176,0.7993740287660188,True,True,True,True,1.3238332,0.0003218,0.0003218,0.0003218,3.87e-05,3.87e-05,3.87e-05,135072,440,1.3334458365497261,False,False
seed-104729__h-16__c-64__full_relational,104729,16,64,0.1,full_relational,"dt,dy,theta,r,delta_theta,delta_r",secondary,vectorchain,test,ok,,,364,6,18,19,1.6675824175824177,10.005494505494505,80.04395604395604,38.378912685337724,6.396485447556287,0.11181216679724186,0.22661260548162296,0.8072619775575014,True,True,True,True,1.3238332,0.0003218,0.0003218,0.0003218,3.97e-05,3.97e-05,3.97e-05,135072,440,1.266573505879052,False,False
seed-104729__h-1__c-128__raw,104729,1,128,,,,baseline,raw,validation,ok,,,357,1,3,4,128.0,128.0,1024.0,1.0,1.0,0.016459798042037906,0.021375882734737763,1.0,,,,,0.0588012,0.0002545,0.0002545,0.0002545,3.83e-05,3.83e-05,3.83e-05,20496,80,,,
seed-104729__h-1__c-128__raw,104729,1,128,,,,baseline,raw,test,ok,,,357,1,3,4,128.0,128.0,1024.0,1.0,1.0,0.017415340174427075,0.023496071747173494,1.0,,,,,0.0588012,0.0002545,0.0002545,0.0002545,2.95e-05,2.95e-05,2.95e-05,20496,80,,,
seed-104729__h-1__c-128__first_difference,104729,1,128,,,,baseline,first_difference,validation,ok,,,357,1,3,4,127.0,127.0,1016.0,1.0078740157480315,1.0078740157480315,0.018255962477434814,0.023879733583002893,1.1171343836105605,,,,,0.0642647,0.0002217,0.0002217,0.0002217,2.78e-05,2.78e-05,2.78e-05,20496,80,,,
seed-104729__h-1__c-128__first_difference,104729,1,128,,,,baseline,first_difference,test,ok,,,357,1,3,4,127.0,127.0,1016.0,1.0078740157480315,1.0078740157480315,0.01848984387319726,0.02497337785584151,1.0628745998294686,,,,,0.0642647,0.0002217,0.0002217,0.0002217,2.87e-05,2.87e-05,2.87e-05,20496,80,,,
seed-104729__h-1__c-128__segment,104729,1,128,0.1,segment,"dt,dy",secondary,vectorchain,validation,ok,,,357,2,6,7,2.6218487394957983,5.243697478991597,41.94957983193277,48.82051282051282,24.41025641025641,0.014380296096676466,0.017945050981777736,0.8394998795823009,True,True,True,True,2.544537,0.0002582,0.0002582,0.0002582,3.13e-05,3.13e-05,3.13e-05,40992,152,1.1977854571210502,False,False
seed-104729__h-1__c-128__segment,104729,1,128,0.1,segment,"dt,dy",secondary,vectorchain,test,ok,,,357,2,6,7,2.6022408963585435,5.204481792717087,41.635854341736696,49.18837459634015,24.594187298170073,0.015017395017919873,0.019732539071358215,0.8398228982141229,True,True,True,True,2.544537,0.0002582,0.0002582,0.0002582,3.22e-05,3.22e-05,3.22e-05,40992,152,1.2586161835527487,False,False
seed-104729__h-1__c-128__absolute_geometry,104729,1,128,0.1,absolute_geometry,"dt,dy,theta,r",reference,vectorchain,validation,ok,,,357,4,12,13,2.6218487394957983,10.487394957983193,83.89915966386555,48.82051282051282,12.205128205128204,0.012071921784767688,0.014981857456267463,0.7008766675128029,True,True,True,True,2.4880242,0.0003625,0.0003625,0.0003625,5.35e-05,5.35e-05,5.35e-05,81984,296,1.0,False,False
seed-104729__h-1__c-128__absolute_geometry,104729,1,128,0.1,absolute_geometry,"dt,dy,theta,r",reference,vectorchain,test,ok,,,357,4,12,13,2.6022408963585435,10.408963585434174,83.27170868347339,49.18837459634015,12.297093649085037,0.012045198713779098,0.015677963885430385,0.6672589381804385,True,True,True,True,2.4880242,0.0003625,0.0003625,0.0003625,5.79e-05,5.79e-05,5.79e-05,81984,296,1.0,False,False
seed-104729__h-1__c-128__turning_matched,104729,1,128,0.1,turning_matched,"dt,dy,theta,delta_theta",capacity_control,vectorchain,validation,ok,,,357,4,12,13,2.6218487394957983,10.487394957983193,83.89915966386555,48.82051282051282,12.205128205128204,0.012203518863107995,0.015050925023419663,0.7041077652882393,True,True,True,True,2.637494,0.0002726,0.0002726,0.0002726,3.53e-05,3.53e-05,3.53e-05,81984,296,1.0046100803824767,False,False
seed-104729__h-1__c-128__turning_matched,104729,1,128,0.1,turning_matched,"dt,dy,theta,delta_theta",capacity_control,vectorchain,test,ok,,,357,4,12,13,2.6022408963585435,10.408963585434174,83.27170868347339,49.18837459634015,12.297093649085037,0.012490381257217648,0.01630257414899377,0.6938425420391781,True,True,True,True,2.637494,0.0002726,0.0002726,0.0002726,3.52e-05,3.52e-05,3.52e-05,81984,296,1.0398400116321123,False,False
seed-104729__h-1__c-128__turning,104729,1,128,0.1,turning,"dt,dy,theta,r,delta_theta",primary,vectorchain,validation,ok,,,357,5,15,16,2.6218487394957983,13.109243697478991,104.87394957983193,48.82051282051282,9.764102564102565,0.012202528766720832,0.015049196463198668,0.7040269003133306,True,True,True,True,2.5375668,0.0002852,0.0002852,0.0002852,4.34e-05,4.34e-05,4.34e-05,102480,368,1.0044947034857172,False,False
seed-104729__h-1__c-128__turning,104729,1,128,0.1,turning,"dt,dy,theta,r,delta_theta",primary,vectorchain,test,ok,,,357,5,15,16,2.6022408963585435,13.011204481792717,104.08963585434174,49.18837459634015,9.83767491926803,0.012489180699753397,0.016299916673690778,0.6937294390774751,True,True,True,True,2.5375668,0.0002852,0.0002852,0.0002852,3.72e-05,3.72e-05,3.72e-05,102480,368,1.0396705077780142,False,False
seed-104729__h-1__c-128__full_relational,104729,1,128,0.1,full_relational,"dt,dy,theta,r,delta_theta,delta_r",secondary,vectorchain,validation,ok,,,357,6,18,19,2.6218487394957983,15.731092436974789,125.84873949579831,48.82051282051282,8.136752136752138,0.012230616020910589,0.015099387662214045,0.7063749296152416,True,True,True,True,2.6091013,0.0003669,0.0003669,0.0003669,3.9e-05,3.9e-05,3.9e-05,122976,440,1.007844835414411,False,False
seed-104729__h-1__c-128__full_relational,104729,1,128,0.1,full_relational,"dt,dy,theta,r,delta_theta,delta_r",secondary,vectorchain,test,ok,,,357,6,18,19,2.6022408963585435,15.61344537815126,124.90756302521008,49.18837459634015,8.19806243272336,0.012506260673342269,0.01635502697426767,0.6960749503259043,True,True,True,True,2.6091013,0.0003669,0.0003669,0.0003669,4.05e-05,4.05e-05,4.05e-05,122976,440,1.043185651771177,False,False
seed-104729__h-4__c-128__raw,104729,4,128,,,,baseline,raw,validation,ok,,,357,1,3,4,128.0,128.0,1024.0,1.0,1.0,0.04468741178346794,0.07378284517394984,1.0,,,,,0.0671396,0.0002298,0.0002298,0.0002298,2.9e-05,2.9e-05,2.9e-05,20328,80,,,
seed-104729__h-4__c-128__raw,104729,4,128,,,,baseline,raw,test,ok,,,364,1,3,4,128.0,128.0,1024.0,1.0,1.0,0.04682920582197804,0.07750896413382904,1.0,,,,,0.0671396,0.0002298,0.0002298,0.0002298,2.9e-05,2.9e-05,2.9e-05,20328,80,,,
seed-104729__h-4__c-128__first_difference,104729,4,128,,,,baseline,first_difference,validation,ok,,,357,1,3,4,127.0,127.0,1016.0,1.0078740157480315,1.0078740157480315,0.045071126222570985,0.06703325020004686,0.9085208091665455,,,,,0.0675796,0.0002308,0.0002308,0.0002308,3.02e-05,3.02e-05,3.02e-05,20328,80,,,
seed-104729__h-4__c-128__first_difference,104729,4,128,,,,baseline,first_difference,test,ok,,,364,1,3,4,127.0,127.0,1016.0,1.0078740157480315,1.0078740157480315,0.04481115793301812,0.06657358625267894,0.8589146687308478,,,,,0.0675796,0.0002308,0.0002308,0.0002308,3.92e-05,3.92e-05,3.92e-05,20328,80,,,
seed-104729__h-4__c-128__segment,104729,4,128,0.1,segment,"dt,dy",secondary,vectorchain,validation,ok,,,357,2,6,7,2.6218487394957983,5.243697478991597,41.94957983193277,48.82051282051282,24.41025641025641,0.03514908010741443,0.05384018857355877,0.7297114721806346,True,True,True,True,2.6366031,0.0002382,0.0002382,0.0002382,3.17e-05,3.17e-05,3.17e-05,40656,152,1.6285101974083933,False,False
seed-104729__h-4__c-128__segment,104729,4,128,0.1,segment,"dt,dy",secondary,vectorchain,test,ok,,,364,2,6,7,2.6043956043956045,5.208791208791209,41.67032967032967,49.14767932489451,24.573839662447256,0.03539268969194025,0.05626754410702887,0.7259488594103235,True,True,True,True,2.6366031,0.0002382,0.0002382,0.0002382,3.26e-05,3.26e-05,3.26e-05,40656,152,1.710908848623296,False,False
seed-104729__h-4__c-128__absolute_geometry,104729,4,128,0.1,absolute_geometry,"dt,dy,theta,r",reference,vectorchain,validation,ok,,,357,4,12,13,2.6218487394957983,10.487394957983193,83.89915966386555,48.82051282051282,12.205128205128204,0.021540437406906678,0.0330610079440951,0.4480852949781312,True,True,True,True,2.5517839,0.0002635,0.0002635,0.0002635,3.47e-05,3.47e-05,3.47e-05,81312,296,1.0,False,False
seed-104729__h-4__c-128__absolute_geometry,104729,4,128,0.1,absolute_geometry,"dt,dy,theta,r",reference,vectorchain,test,ok,,,364,4,12,13,2.6043956043956045,10.417582417582418,83.34065934065934,49.14767932489451,12.286919831223628,0.021297256202102297,0.03288751715341542,0.42430598216524934,True,True,True,True,2.5517839,0.0002635,0.0002635,0.0002635,3.66e-05,3.66e-05,3.66e-05,81312,296,1.0,False,False
seed-104729__h-4__c-128__turning_matched,104729,4,128,0.1,turning_matched,"dt,dy,theta,delta_theta",capacity_control,vectorchain,validation,ok,,,357,4,12,13,2.6218487394957983,10.487394957983193,83.89915966386555,48.82051282051282,12.205128205128204,0.022622370739730488,0.03479206088941602,0.4715467505677036,True,True,True,True,2.4998364,0.0002534,0.0002534,0.0002534,3.48e-05,3.48e-05,3.48e-05,81312,296,1.0523593517852834,False,False
seed-104729__h-4__c-128__turning_matched,104729,4,128,0.1,turning_matched,"dt,dy,theta,delta_theta",capacity_control,vectorchain,test,ok,,,364,4,12,13,2.6043956043956045,10.417582417582418,83.34065934065934,49.14767932489451,12.286919831223628,0.025805415590739362,0.04071442069870878,0.5252866059261245,True,True,True,True,2.4998364,0.0002534,0.0002534,0.0002534,3.45e-05,3.45e-05,3.45e-05,81312,296,1.2379901014960177,False,False
seed-104729__h-4__c-128__turning,104729,4,128,0.1,turning,"dt,dy,theta,r,delta_theta",primary,vectorchain,validation,ok,,,357,5,15,16,2.6218487394957983,13.109243697478991,104.87394957983193,48.82051282051282,9.764102564102565,0.02262206106775175,0.03479138484619092,0.4715375879605487,True,True,True,True,2.5149039,0.0004003,0.0004003,0.0004003,3.63e-05,3.63e-05,3.63e-05,101640,368,1.0523389034303436,False,False
seed-104729__h-4__c-128__turning,104729,4,128,0.1,turning,"dt,dy,theta,r,delta_theta",primary,vectorchain,test,ok,,,364,5,15,16,2.6043956043956045,13.021978021978022,104.17582417582418,49.14767932489451,9.829535864978903,0.025804774157043384,0.040713193647886656,0.5252707748434126,True,True,True,True,2.5149039,0.0004003,0.0004003,0.0004003,3.86e-05,3.86e-05,3.86e-05,101640,368,1.237952790962164,False,False
seed-104729__h-4__c-128__full_relational,104729,4,128,0.1,full_relational,"dt,dy,theta,r,delta_theta,delta_r",secondary,vectorchain,validation,ok,,,357,6,18,19,2.6218487394957983,15.731092436974789,125.84873949579831,48.82051282051282,8.136752136752138,0.02295439208030619,0.0353154711537238,0.47864067955721046,True,True,True,True,2.5053606,0.0003356,0.0003356,0.0003356,3.74e-05,3.74e-05,3.74e-05,121968,440,1.0681910005115667,False,False
seed-104729__h-4__c-128__full_relational,104729,4,128,0.1,full_relational,"dt,dy,theta,r,delta_theta,delta_r",secondary,vectorchain,test,ok,,,364,6,18,19,2.6043956043956045,15.626373626373626,125.01098901098901,49.14767932489451,8.19127988748242,0.025972315341068232,0.040738126027967454,0.5255924457670201,True,True,True,True,2.5053606,0.0003356,0.0003356,0.0003356,3.82e-05,3.82e-05,3.82e-05,121968,440,1.2387109017056563,False,False
seed-104729__h-16__c-128__raw,104729,16,128,,,,baseline,raw,validation,ok,,,357,1,3,4,128.0,128.0,1024.0,1.0,1.0,0.1702603346954598,0.29804339821464515,1.0,,,,,0.0529995,0.0001991,0.0001991,0.0001991,2.62e-05,2.62e-05,2.62e-05,19824,80,,,
seed-104729__h-16__c-128__raw,104729,16,128,,,,baseline,raw,test,ok,,,364,1,3,4,128.0,128.0,1024.0,1.0,1.0,0.1794003420897166,0.3052819641550858,1.0,,,,,0.0529995,0.0001991,0.0001991,0.0001991,2.74e-05,2.74e-05,2.74e-05,19824,80,,,
seed-104729__h-16__c-128__first_difference,104729,16,128,,,,baseline,first_difference,validation,ok,,,357,1,3,4,127.0,127.0,1016.0,1.0078740157480315,1.0078740157480315,0.16266773526755643,0.25331020022096534,0.8499104551161244,,,,,0.0595712,0.0002072,0.0002072,0.0002072,2.74e-05,2.74e-05,2.74e-05,19824,80,,,
seed-104729__h-16__c-128__first_difference,104729,16,128,,,,baseline,first_difference,test,ok,,,364,1,3,4,127.0,127.0,1016.0,1.0078740157480315,1.0078740157480315,0.15756882107979267,0.24326769573725232,0.7968623250002096,,,,,0.0595712,0.0002072,0.0002072,0.0002072,2.84e-05,2.84e-05,2.84e-05,19824,80,,,
seed-104729__h-16__c-128__segment,104729,16,128,0.1,segment,"dt,dy",secondary,vectorchain,validation,ok,,,357,2,6,7,2.607843137254902,5.215686274509804,41.72549019607843,49.08270676691729,24.541353383458645,0.12547438616060463,0.20779664738894152,0.6972026511363636,True,True,True,True,2.4197314,0.0002237,0.0002237,0.0002237,3.2e-05,3.2e-05,3.2e-05,39648,152,1.1490367013081184,False,False
seed-104729__h-16__c-128__segment,104729,16,128,0.1,segment,"dt,dy",secondary,vectorchain,test,ok,,,364,2,6,7,2.60989010989011,5.21978021978022,41.75824175824176,49.04421052631579,24.522105263157894,0.12932980437248895,0.22629468059264907,0.741264493691771,True,True,True,True,2.4197314,0.0002237,0.0002237,0.0002237,3.33e-05,3.33e-05,3.33e-05,39648,152,1.100078805034386,False,False
seed-104729__h-16__c-128__absolute_geometry,104729,16,128,0.1,absolute_geometry,"dt,dy,theta,r",reference,vectorchain,validation,ok,,,357,4,12,13,2.607843137254902,10.431372549019608,83.45098039215686,49.08270676691729,12.270676691729323,0.09086021590174918,0.18084422120927546,0.6067714376247815,True,True,True,True,2.4057053,0.0002585,0.0002585,0.0002585,3.39e-05,3.39e-05,3.39e-05,79296,296,1.0,False,False
seed-104729__h-16__c-128__absolute_geometry,104729,16,128,0.1,absolute_geometry,"dt,dy,theta,r",reference,vectorchain,test,ok,,,364,4,12,13,2.60989010989011,10.43956043956044,83.51648351648352,49.04421052631579,12.261052631578947,0.10450364897008702,0.2057076998093565,0.6738285387369143,True,True,True,True,2.4057053,0.0002585,0.0002585,0.0002585,3.46e-05,3.46e-05,3.46e-05,79296,296,1.0,False,False
seed-104729__h-16__c-128__turning_matched,104729,16,128,0.1,turning_matched,"dt,dy,theta,delta_theta",capacity_control,vectorchain,validation,ok,,,357,4,12,13,2.607843137254902,10.431372549019608,83.45098039215686,49.08270676691729,12.270676691729323,0.0936788975780902,0.17806427902542316,0.5974441309288275,True,True,True,True,2.4026924,0.0002459,0.0002459,0.0002459,3.33e-05,3.33e-05,3.33e-05,79296,296,0.9846279733725342,True,True
seed-104729__h-16__c-128__turning_matched,104729,16,128,0.1,turning_matched,"dt,dy,theta,delta_theta",capacity_control,vectorchain,test,ok,,,364,4,12,13,2.60989010989011,10.43956043956044,83.51648351648352,49.04421052631579,12.261052631578947,0.12226463312527079,0.23376740361181048,0.765742595566683,True,True,True,True,2.4026924,0.0002459,0.0002459,0.0002459,3.4e-05,3.4e-05,3.4e-05,79296,296,1.1364057049320897,False,False
seed-104729__h-16__c-128__turning,104729,16,128,0.1,turning,"dt,dy,theta,r,delta_theta",primary,vectorchain,validation,ok,,,357,5,15,16,2.607843137254902,13.03921568627451,104.31372549019608,49.08270676691729,9.816541353383458,0.09366751219998237,0.178038886808742,0.5973589345553019,True,True,True,True,2.6434774,0.0003256,0.0003256,0.0003256,4.19e-05,4.19e-05,4.19e-05,99120,368,0.9844875640384047,True,True
seed-104729__h-16__c-128__turning,104729,16,128,0.1,turning,"dt,dy,theta,r,delta_theta",primary,vectorchain,test,ok,,,364,5,15,16,2.60989010989011,13.04945054945055,104.3956043956044,49.04421052631579,9.808842105263158,0.12225131446445299,0.23373590755453336,0.7656394251833153,True,True,True,True,2.6434774,0.0003256,0.0003256,0.0003256,4.06e-05,4.06e-05,4.06e-05,99120,368,1.1362525941962918,False,False
seed-104729__h-16__c-128__full_relational,104729,16,128,0.1,full_relational,"dt,dy,theta,r,delta_theta,delta_r",secondary,vectorchain,validation,ok,,,357,6,18,19,2.607843137254902,15.647058823529411,125.17647058823529,49.08270676691729,8.180451127819548,0.09538182116984362,0.18124764242666985,0.608125002977381,True,True,True,True,2.6499127,0.0003013,0.0003013,0.0003013,4.12e-05,4.12e-05,4.12e-05,118944,440,1.002230766428127,False,False
seed-104729__h-16__c-128__full_relational,104729,16,128,0.1,full_relational,"dt,dy,theta,r,delta_theta,delta_r",secondary,vectorchain,test,ok,,,364,6,18,19,2.60989010989011,15.659340659340659,125.27472527472527,49.04421052631579,8.174035087719298,0.1237186438510636,0.23652009365837845,0.7747594729776577,True,True,True,True,2.6499127,0.0003013,0.0003013,0.0003013,4.32e-05,4.32e-05,4.32e-05,118944,440,1.149787265511101,False,False
seed-8675309__h-1__c-32__raw,8675309,1,32,,,,baseline,raw,validation,ok,,,357,1,3,4,32.0,32.0,256.0,1.0,1.0,0.013066402590687925,0.016336567181238135,1.0,,,,,0.0618657,0.0002222,0.0002222,0.0002222,2.78e-05,2.78e-05,2.78e-05,24528,80,,,
seed-8675309__h-1__c-32__raw,8675309,1,32,,,,baseline,raw,test,ok,,,357,1,3,4,32.0,32.0,256.0,1.0,1.0,0.013718733570580247,0.017239470287381264,1.0,,,,,0.0618657,0.0002222,0.0002222,0.0002222,2.75e-05,2.75e-05,2.75e-05,24528,80,,,
seed-8675309__h-1__c-32__first_difference,8675309,1,32,,,,baseline,first_difference,validation,ok,,,357,1,3,4,31.0,31.0,248.0,1.032258064516129,1.032258064516129,0.014746360507623806,0.019667308290078143,1.203882558183045,,,,,0.0685252,0.0002244,0.0002244,0.0002244,2.82e-05,2.82e-05,2.82e-05,24528,80,,,
seed-8675309__h-1__c-32__first_difference,8675309,1,32,,,,baseline,first_difference,test,ok,,,357,1,3,4,31.0,31.0,248.0,1.032258064516129,1.032258064516129,0.016143416338431794,0.02136857206028467,1.2395144226633097,,,,,0.0685252,0.0002244,0.0002244,0.0002244,2.78e-05,2.78e-05,2.78e-05,24528,80,,,
seed-8675309__h-1__c-32__segment,8675309,1,32,0.1,segment,"dt,dy",secondary,vectorchain,validation,ok,,,357,2,6,7,1.2128851540616246,2.425770308123249,19.406162464985993,26.38337182448037,13.191685912240185,0.015416506806408934,0.020478837431673096,1.2535581805210696,False,True,True,False,0.7348011,0.0002824,0.0002824,0.0002824,3.22e-05,3.22e-05,3.22e-05,49056,152,1.2226677455868404,False,False
seed-8675309__h-1__c-32__segment,8675309,1,32,0.1,segment,"dt,dy",secondary,vectorchain,test,ok,,,357,2,6,7,1.226890756302521,2.453781512605042,19.630252100840337,26.082191780821915,13.041095890410958,0.015322548400399262,0.020360251110422473,1.1810253314642456,False,True,True,False,0.7348011,0.0002824,0.0002824,0.0002824,3.25e-05,3.25e-05,3.25e-05,49056,152,1.3045282960019142,False,False
seed-8675309__h-1__c-32__absolute_geometry,8675309,1,32,0.1,absolute_geometry,"dt,dy,theta,r",reference,vectorchain,validation,ok,,,357,4,12,13,1.2128851540616246,4.851540616246498,38.812324929971986,26.38337182448037,6.595842956120093,0.013381238373742091,0.016749307001505898,1.0252647827226382,True,True,True,True,0.7560753,0.0002865,0.0002865,0.0002865,3.54e-05,3.54e-05,3.54e-05,98112,296,1.0,False,False
seed-8675309__h-1__c-32__absolute_geometry,8675309,1,32,0.1,absolute_geometry,"dt,dy,theta,r",reference,vectorchain,test,ok,,,357,4,12,13,1.226890756302521,4.907563025210084,39.260504201680675,26.082191780821915,6.520547945205479,0.012601884162780184,0.015607366411922272,0.9053274927679397,True,True,True,True,0.7560753,0.0002865,0.0002865,0.0002865,3.58e-05,3.58e-05,3.58e-05,98112,296,1.0,False,False
seed-8675309__h-1__c-32__turning_matched,8675309,1,32,0.1,turning_matched,"dt,dy,theta,delta_theta",capacity_control,vectorchain,validation,ok,,,357,4,12,13,1.2128851540616246,4.851540616246498,38.812324929971986,26.38337182448037,6.595842956120093,0.013862302225523671,0.017565564300220618,1.075229826765193,True,True,True,True,0.7234142,0.0002852,0.0002852,0.0002852,3.5e-05,3.5e-05,3.5e-05,98112,296,1.048733795293222,False,False
seed-8675309__h-1__c-32__turning_matched,8675309,1,32,0.1,turning_matched,"dt,dy,theta,delta_theta",capacity_control,vectorchain,test,ok,,,357,4,12,13,1.226890756302521,4.907563025210084,39.260504201680675,26.082191780821915,6.520547945205479,0.012777046204018943,0.015994115363551626,0.927761415921161,True,True,True,True,0.7234142,0.0002852,0.0002852,0.0002852,3.51e-05,3.51e-05,3.51e-05,98112,296,1.0247798982494525,False,False
seed-8675309__h-1__c-32__turning,8675309,1,32,0.1,turning,"dt,dy,theta,r,delta_theta",primary,vectorchain,validation,ok,,,357,5,15,16,1.2128851540616246,6.064425770308123,48.515406162464984,26.38337182448037,5.276674364896074,0.013873010252385487,0.01758197558498244,1.076234400405405,True,True,True,True,0.7136599,0.0003457,0.0003457,0.0003457,3.91e-05,3.91e-05,3.91e-05,122640,368,1.0497136140260417,False,False
seed-8675309__h-1__c-32__turning,8675309,1,32,0.1,turning,"dt,dy,theta,r,delta_theta",primary,vectorchain,test,ok,,,357,5,15,16,1.226890756302521,6.1344537815126055,49.075630252100844,26.082191780821915,5.2164383561643834,0.012777664423803087,0.01598259670281319,0.9270932596178396,True,True,True,True,0.7136599,0.0003457,0.0003457,0.0003457,3.84e-05,3.84e-05,3.84e-05,122640,368,1.024041871061878,False,False
seed-8675309__h-1__c-32__full_relational,8675309,1,32,0.1,full_relational,"dt,dy,theta,r,delta_theta,delta_r",secondary,vectorchain,validation,ok,,,357,6,18,19,1.2128851540616246,7.277310924369748,58.21848739495798,26.38337182448037,4.397228637413395,0.014975042092519979,0.020065764907477652,1.2282730322024045,False,True,True,False,0.7229337,0.0004195,0.0004195,0.0004195,4.01e-05,4.01e-05,4.01e-05,147168,440,1.1980056790214413,False,False
seed-8675309__h-1__c-32__full_relational,8675309,1,32,0.1,full_relational,"dt,dy,theta,r,delta_theta,delta_r",secondary,vectorchain,test,ok,,,357,6,18,19,1.226890756302521,7.361344537815126,58.890756302521005,26.082191780821915,4.34703196347032,0.014432656968692314,0.018969210406530015,1.1003360364508916,False,True,True,False,0.7229337,0.0004195,0.0004195,0.0004195,4.05e-05,4.05e-05,4.05e-05,147168,440,1.2154011064954349,False,False
seed-8675309__h-4__c-32__raw,8675309,4,32,,,,baseline,raw,validation,ok,,,357,1,3,4,32.0,32.0,256.0,1.0,1.0,0.025246860827103944,0.03579838820182322,1.0,,,,,0.0616861,0.0002772,0.0002772,0.0002772,4.06e-05,4.06e-05,4.06e-05,24360,80,,,
seed-8675309__h-4__c-32__raw,8675309,4,32,,,,baseline,raw,test,ok,,,364,1,3,4,32.0,32.0,256.0,1.0,1.0,0.02790261042712429,0.04025233615088091,1.0,,,,,0.0616861,0.0002772,0.0002772,0.0002772,2.9e-05,2.9e-05,2.9e-05,24360,80,,,
seed-8675309__h-4__c-32__first_difference,8675309,4,32,,,,baseline,first_difference,validation,ok,,,357,1,3,4,31.0,31.0,248.0,1.032258064516129,1.032258064516129,0.033144845604242135,0.05126895368689104,1.4321581574524607,,,,,0.0668885,0.0002192,0.0002192,0.0002192,2.81e-05,2.81e-05,2.81e-05,24360,80,,,
seed-8675309__h-4__c-32__first_difference,8675309,4,32,,,,baseline,first_difference,test,ok,,,364,1,3,4,31.0,31.0,248.0,1.032258064516129,1.032258064516129,0.03630952141980095,0.05669066289899796,1.4083819305915566,,,,,0.0668885,0.0002192,0.0002192,0.0002192,2.9e-05,2.9e-05,2.9e-05,24360,80,,,
seed-8675309__h-4__c-32__segment,8675309,4,32,0.1,segment,"dt,dy",secondary,vectorchain,validation,ok,,,357,2,6,7,1.2128851540616246,2.425770308123249,19.406162464985993,26.38337182448037,13.191685912240185,0.03457200540795576,0.06295790291934239,1.7586798200075369,False,True,True,False,0.7268191,0.0003789,0.0003789,0.0003789,3.31e-05,3.31e-05,3.31e-05,48720,152,1.7855095430177494,False,False
seed-8675309__h-4__c-32__segment,8675309,4,32,0.1,segment,"dt,dy",secondary,vectorchain,test,ok,,,364,2,6,7,1.228021978021978,2.456043956043956,19.64835164835165,26.058165548098433,13.029082774049217,0.03393416752380478,0.0630390821700744,1.566097479007931,False,True,True,False,0.7268191,0.0003789,0.0003789,0.0003789,3.18e-05,3.18e-05,3.18e-05,48720,152,1.8751550382980728,False,False
seed-8675309__h-4__c-32__absolute_geometry,8675309,4,32,0.1,absolute_geometry,"dt,dy,theta,r",reference,vectorchain,validation,ok,,,357,4,12,13,1.2128851540616246,4.851540616246498,38.812324929971986,26.38337182448037,6.595842956120093,0.023485170914765183,0.035260468455931705,0.984973632252412,True,True,True,True,0.7000123,0.0003247,0.0003247,0.0003247,4.04e-05,4.04e-05,4.04e-05,97440,296,1.0,False,False
seed-8675309__h-4__c-32__absolute_geometry,8675309,4,32,0.1,absolute_geometry,"dt,dy,theta,r",reference,vectorchain,test,ok,,,364,4,12,13,1.228021978021978,4.912087912087912,39.2967032967033,26.058165548098433,6.514541387024608,0.022340343124474776,0.033618064044074934,0.8351829299562086,True,True,True,True,0.7000123,0.0003247,0.0003247,0.0003247,4.18e-05,4.18e-05,4.18e-05,97440,296,1.0,False,False
seed-8675309__h-4__c-32__turning_matched,8675309,4,32,0.1,turning_matched,"dt,dy,theta,delta_theta",capacity_control,vectorchain,validation,ok,,,357,4,12,13,1.2128851540616246,4.851540616246498,38.812324929971986,26.38337182448037,6.595842956120093,0.023871169355003177,0.036337083199921204,1.01504802381216,True,True,True,True,0.6933196,0.0002718,0.0002718,0.0002718,3.34e-05,3.34e-05,3.34e-05,97440,296,1.0305331945698635,False,False
seed-8675309__h-4__c-32__turning_matched,8675309,4,32,0.1,turning_matched,"dt,dy,theta,delta_theta",capacity_control,vectorchain,test,ok,,,364,4,12,13,1.228021978021978,4.912087912087912,39.2967032967033,26.058165548098433,6.514541387024608,0.02238928326525404,0.03419342384679375,0.8494767538118513,True,True,True,True,0.6933196,0.0002718,0.0002718,0.0002718,3.39e-05,3.39e-05,3.39e-05,97440,296,1.0171146024936024,False,False
seed-8675309__h-4__c-32__turning,8675309,4,32,0.1,turning,"dt,dy,theta,r,delta_theta",primary,vectorchain,validation,ok,,,357,5,15,16,1.2128851540616246,6.064425770308123,48.515406162464984,26.38337182448037,5.276674364896074,0.02379510751536225,0.03631306879478533,1.0143772001705904,True,True,True,True,0.6912046,0.0003728,0.0003728,0.0003728,4.21e-05,4.21e-05,4.21e-05,121800,368,1.029852137108421,False,False
seed-8675309__h-4__c-32__turning,8675309,4,32,0.1,turning,"dt,dy,theta,r,delta_theta",primary,vectorchain,test,ok,,,364,5,15,16,1.228021978021978,6.1401098901098905,49.120879120879124,26.058165548098433,5.211633109619687,0.02236370991939536,0.034061747572332796,0.8462054834446513,True,True,True,True,0.6912046,0.0003728,0.0003728,0.0003728,3.61e-05,3.61e-05,3.61e-05,121800,368,1.013197771521768,False,False
seed-8675309__h-4__c-32__full_relational,8675309,4,32,0.1,full_relational,"dt,dy,theta,r,delta_theta,delta_r",secondary,vectorchain,validation,ok,,,357,6,18,19,1.2128851540616246,7.277310924369748,58.21848739495798,26.38337182448037,4.397228637413395,0.026518078116953493,0.04264731983238069,1.1913195530464875,False,True,True,False,0.7244788,0.0003543,0.0003543,0.0003543,3.83e-05,3.83e-05,3.83e-05,146160,440,1.209493852462029,False,False
seed-8675309__h-4__c-32__full_relational,8675309,4,32,0.1,full_relational,"dt,dy,theta,r,delta_theta,delta_r",secondary,vectorchain,test,ok,,,364,6,18,19,1.228021978021978,7.368131868131868,58.94505494505494,26.058165548098433,4.343027591349739,0.025611538526123034,0.04192553507395549,1.0415677469452405,True,True,True,True,0.7244788,0.0003543,0.0003543,0.0003543,3.98e-05,3.98e-05,3.98e-05,146160,440,1.247113308457889,False,False
seed-8675309__h-16__c-32__raw,8675309,16,32,,,,baseline,raw,validation,ok,,,357,1,3,4,32.0,32.0,256.0,1.0,1.0,0.10203193954070024,0.1788801104592664,1.0,,,,,0.0600654,0.000258,0.000258,0.000258,4.09e-05,4.09e-05,4.09e-05,23856,80,,,
seed-8675309__h-16__c-32__raw,8675309,16,32,,,,baseline,raw,test,ok,,,364,1,3,4,32.0,32.0,256.0,1.0,1.0,0.11654824382041126,0.20459283347257906,1.0,,,,,0.0600654,0.000258,0.000258,0.000258,2.8e-05,2.8e-05,2.8e-05,23856,80,,,
seed-8675309__h-16__c-32__first_difference,8675309,16,32,,,,baseline,first_difference,validation,ok,,,357,1,3,4,31.0,31.0,248.0,1.032258064516129,1.032258064516129,0.13644952981468828,0.2340959623511985,1.3086751889305521,,,,,0.0689571,0.0002233,0.0002233,0.0002233,2.79e-05,2.79e-05,2.79e-05,23856,80,,,
seed-8675309__h-16__c-32__first_difference,8675309,16,32,,,,baseline,first_difference,test,ok,,,364,1,3,4,31.0,31.0,248.0,1.032258064516129,1.032258064516129,0.1494576928607826,0.26124689610677265,1.2769112762778505,,,,,0.0689571,0.0002233,0.0002233,0.0002233,2.81e-05,2.81e-05,2.81e-05,23856,80,,,
seed-8675309__h-16__c-32__segment,8675309,16,32,0.1,segment,"dt,dy",secondary,vectorchain,validation,ok,,,357,2,6,7,1.2128851540616246,2.425770308123249,19.406162464985993,26.38337182448037,13.191685912240185,0.14976244392846944,0.3142245193424903,1.7566207810121168,False,True,True,False,0.7159569,0.0003206,0.0003206,0.0003206,3.7e-05,3.7e-05,3.7e-05,47712,152,2.074367149348874,False,False
seed-8675309__h-16__c-32__segment,8675309,16,32,0.1,segment,"dt,dy",secondary,vectorchain,test,ok,,,364,2,6,7,1.228021978021978,2.456043956043956,19.64835164835165,26.058165548098433,13.029082774049217,0.1422088022314102,0.3108785768951339,1.5194988583840106,False,True,True,False,0.7159569,0.0003206,0.0003206,0.0003206,3.56e-05,3.56e-05,3.56e-05,47712,152,2.1347672166878398,False,False
seed-8675309__h-16__c-32__absolute_geometry,8675309,16,32,0.1,absolute_geometry,"dt,dy,theta,r",reference,vectorchain,validation,ok,,,357,4,12,13,1.2128851540616246,4.851540616246498,38.812324929971986,26.38337182448037,6.595842956120093,0.08734144389728273,0.1514797028294257,0.8468225027394525,True,True,True,True,0.7251009,0.0003394,0.0003394,0.0003394,5.09e-05,5.09e-05,5.09e-05,95424,296,1.0,False,False
seed-8675309__h-16__c-32__absolute_geometry,8675309,16,32,0.1,absolute_geometry,"dt,dy,theta,r",reference,vectorchain,test,ok,,,364,4,12,13,1.228021978021978,4.912087912087912,39.2967032967033,26.058165548098433,6.514541387024608,0.08089696727863263,0.14562645260098758,0.7117866746808873,True,True,True,True,0.7251009,0.0003394,0.0003394,0.0003394,3.56e-05,3.56e-05,3.56e-05,95424,296,1.0,False,False
seed-8675309__h-16__c-32__turning_matched,8675309,16,32,0.1,turning_matched,"dt,dy,theta,delta_theta",capacity_control,vectorchain,validation,ok,,,357,4,12,13,1.2128851540616246,4.851540616246498,38.812324929971986,26.38337182448037,6.595842956120093,0.08780408648862786,0.16066222563528512,0.8981558945977408,True,True,True,True,0.722029,0.0002798,0.0002798,0.0002798,3.47e-05,3.47e-05,3.47e-05,95424,296,1.0606188329812045,False,False
seed-8675309__h-16__c-32__turning_matched,8675309,16,32,0.1,turning_matched,"dt,dy,theta,delta_theta",capacity_control,vectorchain,test,ok,,,364,4,12,13,1.228021978021978,4.912087912087912,39.2967032967033,26.058165548098433,6.514541387024608,0.08198170697450424,0.15584534351754517,0.7617341275955917,True,True,True,True,0.722029,0.0002798,0.0002798,0.0002798,3.52e-05,3.52e-05,3.52e-05,95424,296,1.0701719415260156,False,False
seed-8675309__h-16__c-32__turning,8675309,16,32,0.1,turning,"dt,dy,theta,r,delta_theta",primary,vectorchain,validation,ok,,,357,5,15,16,1.2128851540616246,6.064425770308123,48.515406162464984,26.38337182448037,5.276674364896074,0.08846565638849002,0.16142769722320743,0.9024351383099513,True,True,True,True,0.7099856,0.0003918,0.0003918,0.0003918,4.37e-05,4.37e-05,4.37e-05,119280,368,1.0656721277370325,False,False
seed-8675309__h-16__c-32__turning,8675309,16,32,0.1,turning,"dt,dy,theta,r,delta_theta",primary,vectorchain,test,ok,,,364,5,15,16,1.228021978021978,6.1401098901098905,49.120879120879124,26.058165548098433,5.211633109619687,0.08197249886779198,0.15546035486646384,0.759852396722878,True,True,True,True,0.7099856,0.0003918,0.0003918,0.0003918,3.8e-05,3.8e-05,3.8e-05,119280,368,1.0675282690049512,False,False
seed-8675309__h-16__c-32__full_relational,8675309,16,32,0.1,full_relational,"dt,dy,theta,r,delta_theta,delta_r",secondary,vectorchain,validation,ok,,,357,6,18,19,1.2128851540616246,7.277310924369748,58.21848739495798,26.38337182448037,4.397228637413395,0.09379635115262497,0.17014564813620378,0.9511714169862859,True,True,True,True,0.6993976,0.0003707,0.0003707,0.0003707,3.76e-05,3.76e-05,3.76e-05,143136,440,1.1232240686912156,False,False
seed-8675309__h-16__c-32__full_relational,8675309,16,32,0.1,full_relational,"dt,dy,theta,r,delta_theta,delta_r",secondary,vectorchain,test,ok,,,364,6,18,19,1.228021978021978,7.368131868131868,58.94505494505494,26.058165548098433,4.343027591349739,0.08752316033289705,0.16625437976672292,0.8126109646406822,True,True,True,True,0.6993976,0.0003707,0.0003707,0.0003707,3.87e-05,3.87e-05,3.87e-05,143136,440,1.1416495890499734,False,False
seed-8675309__h-1__c-64__raw,8675309,1,64,,,,baseline,raw,validation,ok,,,357,1,3,4,64.0,64.0,512.0,1.0,1.0,0.015017741359511803,0.019436235588762535,1.0,,,,,0.0590256,0.0002133,0.0002133,0.0002133,2.8e-05,2.8e-05,2.8e-05,23184,80,,,
seed-8675309__h-1__c-64__raw,8675309,1,64,,,,baseline,raw,test,ok,,,357,1,3,4,64.0,64.0,512.0,1.0,1.0,0.01634866081532492,0.02124681592187863,1.0,,,,,0.0590256,0.0002133,0.0002133,0.0002133,2.79e-05,2.79e-05,2.79e-05,23184,80,,,
seed-8675309__h-1__c-64__first_difference,8675309,1,64,,,,baseline,first_difference,validation,ok,,,357,1,3,4,63.0,63.0,504.0,1.0158730158730158,1.0158730158730158,0.018687032788719547,0.026343107103082537,1.3553605574895045,,,,,0.064036,0.0002138,0.0002138,0.0002138,2.77e-05,2.77e-05,2.77e-05,23184,80,,,
seed-8675309__h-1__c-64__first_difference,8675309,1,64,,,,baseline,first_difference,test,ok,,,357,1,3,4,63.0,63.0,504.0,1.0158730158730158,1.0158730158730158,0.019931689006945846,0.028210169399834364,1.327736330166315,,,,,0.064036,0.0002138,0.0002138,0.0002138,2.85e-05,2.85e-05,2.85e-05,23184,80,,,
seed-8675309__h-1__c-64__segment,8675309,1,64,0.1,segment,"dt,dy",secondary,vectorchain,validation,ok,,,357,2,6,7,1.680672268907563,3.361344537815126,26.89075630252101,38.08,19.04,0.016465456645547657,0.021981385680812086,1.130948715888229,False,True,True,False,1.3285759,0.0002255,0.0002255,0.0002255,3.08e-05,3.08e-05,3.08e-05,46368,152,1.2653253660542252,False,False
seed-8675309__h-1__c-64__segment,8675309,1,64,0.1,segment,"dt,dy",secondary,vectorchain,test,ok,,,357,2,6,7,1.69187675070028,3.38375350140056,27.07002801120448,37.82781456953642,18.91390728476821,0.0165685944080422,0.021647084442971514,1.018838988513131,True,True,True,True,1.3285759,0.0002255,0.0002255,0.0002255,3.22e-05,3.22e-05,3.22e-05,46368,152,1.2477919005426936,False,False
seed-8675309__h-1__c-64__absolute_geometry,8675309,1,64,0.1,absolute_geometry,"dt,dy,theta,r",reference,vectorchain,validation,ok,,,357,4,12,13,1.680672268907563,6.722689075630252,53.78151260504202,38.08,9.52,0.01378918069251617,0.017372121250804104,0.8938007142107373,True,True,True,True,1.2852809,0.0002633,0.0002633,0.0002633,3.24e-05,3.24e-05,3.24e-05,92736,296,1.0,False,False
seed-8675309__h-1__c-64__absolute_geometry,8675309,1,64,0.1,absolute_geometry,"dt,dy,theta,r",reference,vectorchain,test,ok,,,357,4,12,13,1.69187675070028,6.76750700280112,54.14005602240896,37.82781456953642,9.456953642384105,0.013722953503288905,0.017348312994784384,0.8165135453035194,True,True,True,True,1.2852809,0.0002633,0.0002633,0.0002633,3.37e-05,3.37e-05,3.37e-05,92736,296,1.0,False,False
seed-8675309__h-1__c-64__turning_matched,8675309,1,64,0.1,turning_matched,"dt,dy,theta,delta_theta",capacity_control,vectorchain,validation,ok,,,357,4,12,13,1.680672268907563,6.722689075630252,53.78151260504202,38.08,9.52,0.013841687313544324,0.01763183806974326,0.9071632204302708,True,True,True,True,1.2868694,0.0002671,0.0002671,0.0002671,3.35e-05,3.35e-05,3.35e-05,92736,296,1.0149502075877541,False,False
seed-8675309__h-1__c-64__turning_matched,8675309,1,64,0.1,turning_matched,"dt,dy,theta,delta_theta",capacity_control,vectorchain,test,ok,,,357,4,12,13,1.69187675070028,6.76750700280112,54.14005602240896,37.82781456953642,9.456953642384105,0.013788567319067897,0.01751002150841088,0.824124498126807,True,True,True,True,1.2868694,0.0002671,0.0002671,0.0002671,3.42e-05,3.42e-05,3.42e-05,92736,296,1.009321281768153,False,False
seed-8675309__h-1__c-64__turning,8675309,1,64,0.1,turning,"dt,dy,theta,r,delta_theta",primary,vectorchain,validation,ok,,,357,5,15,16,1.680672268907563,8.403361344537815,67.22689075630252,38.08,7.616,0.013845226308286135,0.017638840623408487,0.9075235038623812,True,True,True,True,1.2814375,0.0002983,0.0002983,0.0002983,3.65e-05,3.65e-05,3.65e-05,115920,368,1.0153532990447,False,False
seed-8675309__h-1__c-64__turning,8675309,1,64,0.1,turning,"dt,dy,theta,r,delta_theta",primary,vectorchain,test,ok,,,357,5,15,16,1.69187675070028,8.4593837535014,67.6750700280112,37.82781456953642,7.565562913907285,0.013792606047725248,0.017516470380740036,0.8244280199511062,True,True,True,True,1.2814375,0.0002983,0.0002983,0.0002983,3.54e-05,3.54e-05,3.54e-05,115920,368,1.0096930108423918,False,False
seed-8675309__h-1__c-64__full_relational,8675309,1,64,0.1,full_relational,"dt,dy,theta,r,delta_theta,delta_r",secondary,vectorchain,validation,ok,,,357,6,18,19,1.680672268907563,10.084033613445378,80.67226890756302,38.08,6.346666666666667,0.014118076432226739,0.017849775823312406,0.9183761815293403,True,True,True,True,1.2927131,0.0002939,0.0002939,0.0002939,3.65e-05,3.65e-05,3.65e-05,139104,440,1.0274954661904743,False,False
seed-8675309__h-1__c-64__full_relational,8675309,1,64,0.1,full_relational,"dt,dy,theta,r,delta_theta,delta_r",secondary,vectorchain,test,ok,,,357,6,18,19,1.69187675070028,10.15126050420168,81.21008403361344,37.82781456953642,6.304635761589404,0.014456212314903993,0.018325535941989973,0.8625073991966717,True,True,True,True,1.2927131,0.0002939,0.0002939,0.0002939,3.71e-05,3.71e-05,3.71e-05,139104,440,1.0563295663099566,False,False
seed-8675309__h-4__c-64__raw,8675309,4,64,,,,baseline,raw,validation,ok,,,357,1,3,4,64.0,64.0,512.0,1.0,1.0,0.0350515648704368,0.056305300124103966,1.0,,,,,0.0567705,0.0002472,0.0002472,0.0002472,3.98e-05,3.98e-05,3.98e-05,23016,80,,,
seed-8675309__h-4__c-64__raw,8675309,4,64,,,,baseline,raw,test,ok,,,364,1,3,4,64.0,64.0,512.0,1.0,1.0,0.03939123012392417,0.06320878020887422,1.0,,,,,0.0567705,0.0002472,0.0002472,0.0002472,2.79e-05,2.79e-05,2.79e-05,23016,80,,,
seed-8675309__h-4__c-64__first_difference,8675309,4,64,,,,baseline,first_difference,validation,ok,,,357,1,3,4,63.0,63.0,504.0,1.0158730158730158,1.0158730158730158,0.04611913647138726,0.07271193283847736,1.2913870040335655,,,,,0.0634128,0.0002044,0.0002044,0.0002044,2.73e-05,2.73e-05,2.73e-05,23016,80,,,
seed-8675309__h-4__c-64__first_difference,8675309,4,64,,,,baseline,first_difference,test,ok,,,364,1,3,4,63.0,63.0,504.0,1.0158730158730158,1.0158730158730158,0.048654341913468346,0.0781986886494649,1.2371491490748017,,,,,0.0634128,0.0002044,0.0002044,0.0002044,2.72e-05,2.72e-05,2.72e-05,23016,80,,,
seed-8675309__h-4__c-64__segment,8675309,4,64,0.1,segment,"dt,dy",secondary,vectorchain,validation,ok,,,357,2,6,7,1.6778711484593838,3.3557422969187676,26.84593837535014,38.143572621035055,19.071786310517528,0.03801920079755688,0.06244379670111348,1.1090216474022783,False,True,True,False,1.2862324,0.0002529,0.0002529,0.0002529,4.15e-05,4.15e-05,4.15e-05,46032,152,2.3600263094899043,False,False
seed-8675309__h-4__c-64__segment,8675309,4,64,0.1,segment,"dt,dy",secondary,vectorchain,test,ok,,,364,2,6,7,1.6923076923076923,3.3846153846153846,27.076923076923077,37.81818181818182,18.90909090909091,0.03811797363185363,0.06144191874153026,0.9720472146194667,True,True,True,True,1.2862324,0.0002529,0.0002529,0.0002529,3.13e-05,3.13e-05,3.13e-05,46032,152,2.2336845593121444,False,False
seed-8675309__h-4__c-64__absolute_geometry,8675309,4,64,0.1,absolute_geometry,"dt,dy,theta,r",reference,vectorchain,validation,ok,,,357,4,12,13,1.6778711484593838,6.711484593837535,53.69187675070028,38.143572621035055,9.535893155258764,0.01904996860476995,0.02645894092367558,0.4699191881644667,True,True,True,True,1.3015093,0.00033,0.00033,0.00033,4.06e-05,4.06e-05,4.06e-05,92064,296,1.0,False,False
seed-8675309__h-4__c-64__absolute_geometry,8675309,4,64,0.1,absolute_geometry,"dt,dy,theta,r",reference,vectorchain,test,ok,,,364,4,12,13,1.6923076923076923,6.769230769230769,54.15384615384615,37.81818181818182,9.454545454545455,0.01984510788414098,0.027506981003822262,0.43517658326778486,True,True,True,True,1.3015093,0.00033,0.00033,0.00033,3.52e-05,3.52e-05,3.52e-05,92064,296,1.0,False,False
seed-8675309__h-4__c-64__turning_matched,8675309,4,64,0.1,turning_matched,"dt,dy,theta,delta_theta",capacity_control,vectorchain,validation,ok,,,357,4,12,13,1.6778711484593838,6.711484593837535,53.69187675070028,38.143572621035055,9.535893155258764,0.018922868962983015,0.026167455488880113,0.4647423143328203,True,True,True,True,1.3024349,0.0002665,0.0002665,0.0002665,3.38e-05,3.38e-05,3.38e-05,92064,296,0.9889834806451135,True,True
seed-8675309__h-4__c-64__turning_matched,8675309,4,64,0.1,turning_matched,"dt,dy,theta,delta_theta",capacity_control,vectorchain,test,ok,,,364,4,12,13,1.6923076923076923,6.769230769230769,54.15384615384615,37.81818181818182,9.454545454545455,0.01991828716592917,0.0284092793365245,0.449451472448063,True,True,True,True,1.3024349,0.0002665,0.0002665,0.0002665,3.52e-05,3.52e-05,3.52e-05,92064,296,1.0328025213881835,False,False
seed-8675309__h-4__c-64__turning,8675309,4,64,0.1,turning,"dt,dy,theta,r,delta_theta",primary,vectorchain,validation,ok,,,357,5,15,16,1.6778711484593838,8.38935574229692,67.11484593837535,38.143572621035055,7.628714524207012,0.0189112094691327,0.026149342197243453,0.4644206165246791,True,True,True,True,1.3003493,0.0003465,0.0003465,0.0003465,4.46e-05,4.46e-05,4.46e-05,115080,368,0.9882988995166054,True,True
seed-8675309__h-4__c-64__turning,8675309,4,64,0.1,turning,"dt,dy,theta,r,delta_theta",primary,vectorchain,test,ok,,,364,5,15,16,1.6923076923076923,8.461538461538462,67.6923076923077,37.81818181818182,7.5636363636363635,0.019905789849569394,0.02837950122375335,0.4489803652273138,True,True,True,True,1.3003493,0.0003465,0.0003465,0.0003465,3.64e-05,3.64e-05,3.64e-05,115080,368,1.0317199557381396,False,False
seed-8675309__h-4__c-64__full_relational,8675309,4,64,0.1,full_relational,"dt,dy,theta,r,delta_theta,delta_r",secondary,vectorchain,validation,ok,,,357,6,18,19,1.6778711484593838,10.067226890756302,80.53781512605042,38.143572621035055,6.357262103505843,0.01929420864364685,0.02634920551731602,0.46797025252043867,True,True,True,True,1.3056037,0.0003545,0.0003545,0.0003545,3.86e-05,3.86e-05,3.86e-05,138096,440,0.9958526153153254,True,False
seed-8675309__h-4__c-64__full_relational,8675309,4,64,0.1,full_relational,"dt,dy,theta,r,delta_theta,delta_r",secondary,vectorchain,test,ok,,,364,6,18,19,1.6923076923076923,10.153846153846153,81.23076923076923,37.81818181818182,6.303030303030304,0.02163596720320143,0.03194829465935329,0.5054407718956092,True,True,True,True,1.3056037,0.0003545,0.0003545,0.0003545,3.97e-05,3.97e-05,3.97e-05,138096,440,1.1614613270323588,False,False
seed-8675309__h-16__c-64__raw,8675309,16,64,,,,baseline,raw,validation,ok,,,357,1,3,4,64.0,64.0,512.0,1.0,1.0,0.14046318098222332,0.26079423013071884,1.0,,,,,0.0618494,0.0003238,0.0003238,0.0003238,4.17e-05,4.17e-05,4.17e-05,22512,80,,,
seed-8675309__h-16__c-64__raw,8675309,16,64,,,,baseline,raw,test,ok,,,364,1,3,4,64.0,64.0,512.0,1.0,1.0,0.15339372752488448,0.28210383130068134,1.0,,,,,0.0618494,0.0003238,0.0003238,0.0003238,2.95e-05,2.95e-05,2.95e-05,22512,80,,,
seed-8675309__h-16__c-64__first_difference,8675309,16,64,,,,baseline,first_difference,validation,ok,,,357,1,3,4,63.0,63.0,504.0,1.0158730158730158,1.0158730158730158,0.17511093861814844,0.29081708777684423,1.1151208660984444,,,,,0.0670118,0.0002419,0.0002419,0.0002419,2.89e-05,2.89e-05,2.89e-05,22512,80,,,
seed-8675309__h-16__c-64__first_difference,8675309,16,64,,,,baseline,first_difference,test,ok,,,364,1,3,4,63.0,63.0,504.0,1.0158730158730158,1.0158730158730158,0.184584210785222,0.3123044927751089,1.107055126955146,,,,,0.0670118,0.0002419,0.0002419,0.0002419,3.02e-05,3.02e-05,3.02e-05,22512,80,,,
seed-8675309__h-16__c-64__segment,8675309,16,64,0.1,segment,"dt,dy",secondary,vectorchain,validation,ok,,,357,2,6,7,1.6666666666666667,3.3333333333333335,26.666666666666668,38.4,19.2,0.13380584540594437,0.2478341971846267,0.9503055227119246,True,True,True,True,1.3464698,0.0003091,0.0003091,0.0003091,3.47e-05,3.47e-05,3.47e-05,45024,152,1.7088755317884907,False,False
seed-8675309__h-16__c-64__segment,8675309,16,64,0.1,segment,"dt,dy",secondary,vectorchain,test,ok,,,364,2,6,7,1.695054945054945,3.39010989010989,27.12087912087912,37.75688816855754,18.87844408427877,0.1346338533175631,0.24378627672333414,0.8641721581707045,True,True,True,True,1.3464698,0.0003091,0.0003091,0.0003091,5.12e-05,5.12e-05,5.12e-05,45024,152,1.5881230829504136,False,False
seed-8675309__h-16__c-64__absolute_geometry,8675309,16,64,0.1,absolute_geometry,"dt,dy,theta,r",reference,vectorchain,validation,ok,,,357,4,12,13,1.6666666666666667,6.666666666666667,53.333333333333336,38.4,9.6,0.07391540572462171,0.1450276468791417,0.5560999060694286,True,True,True,True,1.3392843,0.0003469,0.0003469,0.0003469,3.61e-05,3.61e-05,3.61e-05,90048,296,1.0,False,False
seed-8675309__h-16__c-64__absolute_geometry,8675309,16,64,0.1,absolute_geometry,"dt,dy,theta,r",reference,vectorchain,test,ok,,,364,4,12,13,1.695054945054945,6.78021978021978,54.24175824175824,37.75688816855754,9.439222042139384,0.07970024949291396,0.15350590854106108,0.5441468406625299,True,True,True,True,1.3392843,0.0003469,0.0003469,0.0003469,6.48e-05,6.48e-05,6.48e-05,90048,296,1.0,False,False
seed-8675309__h-16__c-64__turning_matched,8675309,16,64,0.1,turning_matched,"dt,dy,theta,delta_theta",capacity_control,vectorchain,validation,ok,,,357,4,12,13,1.6666666666666667,6.666666666666667,53.333333333333336,38.4,9.6,0.08096462089968721,0.15685718574743793,0.6014595708993095,True,True,True,True,1.356231,0.0003185,0.0003185,0.0003185,3.52e-05,3.52e-05,3.52e-05,90048,296,1.081567474359936,False,False
seed-8675309__h-16__c-64__turning_matched,8675309,16,64,0.1,turning_matched,"dt,dy,theta,delta_theta",capacity_control,vectorchain,test,ok,,,364,4,12,13,1.695054945054945,6.78021978021978,54.24175824175824,37.75688816855754,9.439222042139384,0.08949853790247497,0.16771200738689168,0.5945045361972956,True,True,True,True,1.356231,0.0003185,0.0003185,0.0003185,3.55e-05,3.55e-05,3.55e-05,90048,296,1.0925443129899501,False,False
seed-8675309__h-16__c-64__turning,8675309,16,64,0.1,turning,"dt,dy,theta,r,delta_theta",primary,vectorchain,validation,ok,,,357,5,15,16,1.6666666666666667,8.333333333333334,66.66666666666667,38.4,7.68,0.08094499427168186,0.15682920056318192,0.6013522633709106,True,True,True,True,1.2975962,0.0003282,0.0003282,0.0003282,3.61e-05,3.61e-05,3.61e-05,112560,368,1.0813745098813816,False,False
seed-8675309__h-16__c-64__turning,8675309,16,64,0.1,turning,"dt,dy,theta,r,delta_theta",primary,vectorchain,test,ok,,,364,5,15,16,1.695054945054945,8.475274725274724,67.8021978021978,37.75688816855754,7.551377633711508,0.08945166030251663,0.16765018491652936,0.5942853882684026,True,True,True,True,1.2975962,0.0003282,0.0003282,0.0003282,3.8e-05,3.8e-05,3.8e-05,112560,368,1.0921415762422255,False,False
seed-8675309__h-16__c-64__full_relational,8675309,16,64,0.1,full_relational,"dt,dy,theta,r,delta_theta,delta_r",secondary,vectorchain,validation,ok,,,357,6,18,19,1.6666666666666667,10.0,80.0,38.4,6.4,0.0858949538570955,0.1633493137941539,0.626353250653888,True,True,True,True,1.2827074,0.0003224,0.0003224,0.0003224,3.86e-05,3.86e-05,3.86e-05,135072,440,1.1263322360203536,False,False
seed-8675309__h-16__c-64__full_relational,8675309,16,64,0.1,full_relational,"dt,dy,theta,r,delta_theta,delta_r",secondary,vectorchain,test,ok,,,364,6,18,19,1.695054945054945,10.17032967032967,81.36263736263736,37.75688816855754,6.29281469475959,0.09742129425885689,0.19162020266086927,0.6792541660188592,True,True,True,True,1.2827074,0.0003224,0.0003224,0.0003224,3.96e-05,3.96e-05,3.96e-05,135072,440,1.2482920330692877,False,False
seed-8675309__h-1__c-128__raw,8675309,1,128,,,,baseline,raw,validation,ok,,,357,1,3,4,128.0,128.0,1024.0,1.0,1.0,0.01737464058740168,0.02318972611089244,1.0,,,,,0.0535815,0.000211,0.000211,0.000211,3.38e-05,3.38e-05,3.38e-05,20496,80,,,
seed-8675309__h-1__c-128__raw,8675309,1,128,,,,baseline,raw,test,ok,,,357,1,3,4,128.0,128.0,1024.0,1.0,1.0,0.018392479979503863,0.024501514963497565,1.0,,,,,0.0535815,0.000211,0.000211,0.000211,2.86e-05,2.86e-05,2.86e-05,20496,80,,,
seed-8675309__h-1__c-128__first_difference,8675309,1,128,,,,baseline,first_difference,validation,ok,,,357,1,3,4,127.0,127.0,1016.0,1.0078740157480315,1.0078740157480315,0.019088178489616314,0.0251541397619862,1.084710515411006,,,,,0.0583908,0.0001987,0.0001987,0.0001987,2.68e-05,2.68e-05,2.68e-05,20496,80,,,
seed-8675309__h-1__c-128__first_difference,8675309,1,128,,,,baseline,first_difference,test,ok,,,357,1,3,4,127.0,127.0,1016.0,1.0078740157480315,1.0078740157480315,0.019036690294369534,0.02520868108658875,1.0288621386940653,,,,,0.0583908,0.0001987,0.0001987,0.0001987,2.73e-05,2.73e-05,2.73e-05,20496,80,,,
seed-8675309__h-1__c-128__segment,8675309,1,128,0.1,segment,"dt,dy",secondary,vectorchain,validation,ok,,,357,2,6,7,2.6358543417366946,5.271708683473389,42.173669467787114,48.561105207226355,24.280552603613177,0.015534090058184642,0.020076128067155984,0.8657337292882487,True,True,True,True,2.4595695,0.0002305,0.0002305,0.0002305,3.05e-05,3.05e-05,3.05e-05,40992,152,1.1946700171923155,False,False
seed-8675309__h-1__c-128__segment,8675309,1,128,0.1,segment,"dt,dy",secondary,vectorchain,test,ok,,,357,2,6,7,2.630252100840336,5.260504201680672,42.08403361344538,48.66453674121406,24.33226837060703,0.016065532217183875,0.020591413969033672,0.8404139090872881,True,True,True,True,2.4595695,0.0002305,0.0002305,0.0002305,3.22e-05,3.22e-05,3.22e-05,40992,152,1.2310018166676548,False,False
seed-8675309__h-1__c-128__absolute_geometry,8675309,1,128,0.1,absolute_geometry,"dt,dy,theta,r",reference,vectorchain,validation,ok,,,357,4,12,13,2.6358543417366946,10.543417366946779,84.34733893557423,48.561105207226355,12.140276301806589,0.013338753460591407,0.016804747568988476,0.724663477637846,True,True,True,True,2.6898629,0.0002965,0.0002965,0.0002965,3.66e-05,3.66e-05,3.66e-05,81984,296,1.0,False,False
seed-8675309__h-1__c-128__absolute_geometry,8675309,1,128,0.1,absolute_geometry,"dt,dy,theta,r",reference,vectorchain,test,ok,,,357,4,12,13,2.630252100840336,10.521008403361344,84.16806722689076,48.66453674121406,12.166134185303514,0.013390558616578209,0.016727362779020927,0.6827072858123836,True,True,True,True,2.6898629,0.0002965,0.0002965,0.0002965,4.22e-05,4.22e-05,4.22e-05,81984,296,1.0,False,False
seed-8675309__h-1__c-128__turning_matched,8675309,1,128,0.1,turning_matched,"dt,dy,theta,delta_theta",capacity_control,vectorchain,validation,ok,,,357,4,12,13,2.6358543417366946,10.543417366946779,84.34733893557423,48.561105207226355,12.140276301806589,0.014543304675032932,0.018641473509184547,0.803867774032418,True,True,True,True,2.7467452,0.0003255,0.0003255,0.0003255,9.15e-05,9.15e-05,9.15e-05,81984,296,1.1092980381083242,False,False
seed-8675309__h-1__c-128__turning_matched,8675309,1,128,0.1,turning_matched,"dt,dy,theta,delta_theta",capacity_control,vectorchain,test,ok,,,357,4,12,13,2.630252100840336,10.521008403361344,84.16806722689076,48.66453674121406,12.166134185303514,0.015259071018986345,0.019323986923898567,0.7886853916048662,True,True,True,True,2.7467452,0.0003255,0.0003255,0.0003255,4.21e-05,4.21e-05,4.21e-05,81984,296,1.1552321294863208,False,False
seed-8675309__h-1__c-128__turning,8675309,1,128,0.1,turning,"dt,dy,theta,r,delta_theta",primary,vectorchain,validation,ok,,,357,5,15,16,2.6358543417366946,13.179271708683473,105.43417366946778,48.561105207226355,9.712221041445272,0.014543709056675598,0.018642135923564035,0.8038963390260846,True,True,True,True,2.6437209,0.0003038,0.0003038,0.0003038,3.66e-05,3.66e-05,3.66e-05,102480,368,1.109337456396327,False,False
seed-8675309__h-1__c-128__turning,8675309,1,128,0.1,turning,"dt,dy,theta,r,delta_theta",primary,vectorchain,test,ok,,,357,5,15,16,2.630252100840336,13.15126050420168,105.21008403361344,48.66453674121406,9.732907348242811,0.015259007494370482,0.0193227205878976,0.7886337076170453,True,True,True,True,2.6437209,0.0003038,0.0003038,0.0003038,3.89e-05,3.89e-05,3.89e-05,102480,368,1.155156425024255,False,False
seed-8675309__h-1__c-128__full_relational,8675309,1,128,0.1,full_relational,"dt,dy,theta,r,delta_theta,delta_r",secondary,vectorchain,validation,ok,,,357,6,18,19,2.6358543417366946,15.815126050420169,126.52100840336135,48.561105207226355,8.093517534537725,0.014503296716493645,0.018651221642961558,0.8042881383666235,True,True,True,True,2.7716894,0.0003467,0.0003467,0.0003467,3.88e-05,3.88e-05,3.88e-05,122976,440,1.1098781202391026,False,False
seed-8675309__h-1__c-128__full_relational,8675309,1,128,0.1,full_relational,"dt,dy,theta,r,delta_theta,delta_r",secondary,vectorchain,test,ok,,,357,6,18,19,2.630252100840336,15.781512605042018,126.25210084033614,48.66453674121406,8.110756123535676,0.015114190880532393,0.01917480616146539,0.7825967573854954,True,True,True,True,2.7716894,0.0003467,0.0003467,0.0003467,3.98e-05,3.98e-05,3.98e-05,122976,440,1.146313762353142,False,False
seed-8675309__h-4__c-128__raw,8675309,4,128,,,,baseline,raw,validation,ok,,,357,1,3,4,128.0,128.0,1024.0,1.0,1.0,0.04511627712487715,0.07423282133363648,1.0,,,,,0.0560099,0.0002188,0.0002188,0.0002188,2.94e-05,2.94e-05,2.94e-05,20328,80,,,
seed-8675309__h-4__c-128__raw,8675309,4,128,,,,baseline,raw,test,ok,,,364,1,3,4,128.0,128.0,1024.0,1.0,1.0,0.04775407459989883,0.07804805261375553,1.0,,,,,0.0560099,0.0002188,0.0002188,0.0002188,2.95e-05,2.95e-05,2.95e-05,20328,80,,,
seed-8675309__h-4__c-128__first_difference,8675309,4,128,,,,baseline,first_difference,validation,ok,,,357,1,3,4,127.0,127.0,1016.0,1.0078740157480315,1.0078740157480315,0.04567476097381351,0.06565157648187069,0.884400933473918,,,,,0.0645007,0.0002103,0.0002103,0.0002103,2.8e-05,2.8e-05,2.8e-05,20328,80,,,
seed-8675309__h-4__c-128__first_difference,8675309,4,128,,,,baseline,first_difference,test,ok,,,364,1,3,4,127.0,127.0,1016.0,1.0078740157480315,1.0078740157480315,0.04533165220323032,0.06562778156180321,0.8408637930606956,,,,,0.0645007,0.0002103,0.0002103,0.0002103,2.97e-05,2.97e-05,2.97e-05,20328,80,,,
seed-8675309__h-4__c-128__segment,8675309,4,128,0.1,segment,"dt,dy",secondary,vectorchain,validation,ok,,,357,2,6,7,2.6358543417366946,5.271708683473389,42.173669467787114,48.561105207226355,24.280552603613177,0.03565110722291682,0.053434056470529734,0.7198171308937926,True,True,True,True,2.6562193,0.0002234,0.0002234,0.0002234,3.06e-05,3.06e-05,3.06e-05,40656,152,1.7035812671758588,False,False
seed-8675309__h-4__c-128__segment,8675309,4,128,0.1,segment,"dt,dy",secondary,vectorchain,test,ok,,,364,2,6,7,2.631868131868132,5.263736263736264,42.10989010989011,48.63465553235908,24.31732776617954,0.03625297747076458,0.05647128228363786,0.7235450519579667,True,True,True,True,2.6562193,0.0002234,0.0002234,0.0002234,3.25e-05,3.25e-05,3.25e-05,40656,152,1.695163265561972,False,False
seed-8675309__h-4__c-128__absolute_geometry,8675309,4,128,0.1,absolute_geometry,"dt,dy,theta,r",reference,vectorchain,validation,ok,,,357,4,12,13,2.6358543417366946,10.543417366946779,84.34733893557423,48.561105207226355,12.140276301806589,0.02125670662753359,0.03136572202341187,0.42253172464562366,True,True,True,True,2.6515804,0.0002622,0.0002622,0.0002622,3.43e-05,3.43e-05,3.43e-05,81312,296,1.0,False,False
seed-8675309__h-4__c-128__absolute_geometry,8675309,4,128,0.1,absolute_geometry,"dt,dy,theta,r",reference,vectorchain,test,ok,,,364,4,12,13,2.631868131868132,10.527472527472527,84.21978021978022,48.63465553235908,12.15866388308977,0.02287621994545291,0.03331318193998074,0.42682912416586655,True,True,True,True,2.6515804,0.0002622,0.0002622,0.0002622,3.58e-05,3.58e-05,3.58e-05,81312,296,1.0,False,False
seed-8675309__h-4__c-128__turning_matched,8675309,4,128,0.1,turning_matched,"dt,dy,theta,delta_theta",capacity_control,vectorchain,validation,ok,,,357,4,12,13,2.6358543417366946,10.543417366946779,84.34733893557423,48.561105207226355,12.140276301806589,0.024770796066350145,0.03613354464759505,0.4867596839030846,True,True,True,True,2.665219,0.000327,0.000327,0.000327,0.0001155,0.0001155,0.0001155,81312,296,1.1520074245580703,False,False
seed-8675309__h-4__c-128__turning_matched,8675309,4,128,0.1,turning_matched,"dt,dy,theta,delta_theta",capacity_control,vectorchain,test,ok,,,364,4,12,13,2.631868131868132,10.527472527472527,84.21978021978022,48.63465553235908,12.15866388308977,0.027285193279040835,0.04125931502329532,0.528639903771585,True,True,True,True,2.665219,0.000327,0.000327,0.000327,3.99e-05,3.99e-05,3.99e-05,81312,296,1.2385281927625786,False,False
seed-8675309__h-4__c-128__turning,8675309,4,128,0.1,turning,"dt,dy,theta,r,delta_theta",primary,vectorchain,validation,ok,,,357,5,15,16,2.6358543417366946,13.179271708683473,105.43417366946778,48.561105207226355,9.712221041445272,0.02476721543947727,0.03612513807581777,0.4866464378802843,True,True,True,True,2.6501752,0.0002936,0.0002936,0.0002936,3.72e-05,3.72e-05,3.72e-05,101640,368,1.1517394067591813,False,False
seed-8675309__h-4__c-128__turning,8675309,4,128,0.1,turning,"dt,dy,theta,r,delta_theta",primary,vectorchain,test,ok,,,364,5,15,16,2.631868131868132,13.159340659340659,105.27472527472527,48.63465553235908,9.726931106471817,0.027280294555835496,0.04124664934316991,0.5284776232315683,True,True,True,True,2.6501752,0.0002936,0.0002936,0.0002936,4.15e-05,4.15e-05,4.15e-05,101640,368,1.2381479925118721,False,False
seed-8675309__h-4__c-128__full_relational,8675309,4,128,0.1,full_relational,"dt,dy,theta,r,delta_theta,delta_r",secondary,vectorchain,validation,ok,,,357,6,18,19,2.6358543417366946,15.815126050420169,126.52100840336135,48.561105207226355,8.093517534537725,0.02524144794472952,0.03703122815878281,0.4988524953449825,True,True,True,True,2.6704737,0.0003647,0.0003647,0.0003647,3.86e-05,3.86e-05,3.86e-05,121968,440,1.1806273144658401,False,False
seed-8675309__h-4__c-128__full_relational,8675309,4,128,0.1,full_relational,"dt,dy,theta,r,delta_theta,delta_r",secondary,vectorchain,test,ok,,,364,6,18,19,2.631868131868132,15.791208791208792,126.32967032967034,48.63465553235908,8.105775922059847,0.02763376804035018,0.04179784221323053,0.5355398477407225,True,True,True,True,2.6704737,0.0003647,0.0003647,0.0003647,4e-05,4e-05,4e-05,121968,440,1.254693781234597,False,False
seed-8675309__h-16__c-128__raw,8675309,16,128,,,,baseline,raw,validation,ok,,,357,1,3,4,128.0,128.0,1024.0,1.0,1.0,0.1701400733266199,0.29910350360002325,1.0,,,,,0.0576487,0.0002363,0.0002363,0.0002363,2.89e-05,2.89e-05,2.89e-05,19824,80,,,
seed-8675309__h-16__c-128__raw,8675309,16,128,,,,baseline,raw,test,ok,,,364,1,3,4,128.0,128.0,1024.0,1.0,1.0,0.1797508561029861,0.30644206974924815,1.0,,,,,0.0576487,0.0002363,0.0002363,0.0002363,2.89e-05,2.89e-05,2.89e-05,19824,80,,,
seed-8675309__h-16__c-128__first_difference,8675309,16,128,,,,baseline,first_difference,validation,ok,,,357,1,3,4,127.0,127.0,1016.0,1.0078740157480315,1.0078740157480315,0.16281805938382746,0.24551094111706434,0.8208226856659437,,,,,0.0628125,0.0002341,0.0002341,0.0002341,2.84e-05,2.84e-05,2.84e-05,19824,80,,,
seed-8675309__h-16__c-128__first_difference,8675309,16,128,,,,baseline,first_difference,test,ok,,,364,1,3,4,127.0,127.0,1016.0,1.0078740157480315,1.0078740157480315,0.16136345291005375,0.24164328641979235,0.7885447537197533,,,,,0.0628125,0.0002341,0.0002341,0.0002341,3.37e-05,3.37e-05,3.37e-05,19824,80,,,
seed-8675309__h-16__c-128__segment,8675309,16,128,0.1,segment,"dt,dy",secondary,vectorchain,validation,ok,,,357,2,6,7,2.6218487394957983,5.243697478991597,41.94957983193277,48.82051282051282,24.41025641025641,0.12482170542047534,0.20772568848531195,0.6944943338513799,True,True,True,True,2.6426286,0.0002231,0.0002231,0.0002231,3.14e-05,3.14e-05,3.14e-05,39648,152,1.2432330942213201,False,False
seed-8675309__h-16__c-128__segment,8675309,16,128,0.1,segment,"dt,dy",secondary,vectorchain,test,ok,,,364,2,6,7,2.6346153846153846,5.269230769230769,42.15384615384615,48.583941605839414,24.291970802919707,0.12738208268684142,0.2243963630881567,0.7322635670480008,True,True,True,True,2.6426286,0.0002231,0.0002231,0.0002231,3.31e-05,3.31e-05,3.31e-05,39648,152,1.1362765911936898,False,False
seed-8675309__h-16__c-128__absolute_geometry,8675309,16,128,0.1,absolute_geometry,"dt,dy,theta,r",reference,vectorchain,validation,ok,,,357,4,12,13,2.6218487394957983,10.487394957983193,83.89915966386555,48.82051282051282,12.205128205128204,0.08569463579552772,0.16708506992843344,0.558619567866608,True,True,True,True,2.6313291,0.0002712,0.0002712,0.0002712,3.57e-05,3.57e-05,3.57e-05,79296,296,1.0,False,False
seed-8675309__h-16__c-128__absolute_geometry,8675309,16,128,0.1,absolute_geometry,"dt,dy,theta,r",reference,vectorchain,test,ok,,,364,4,12,13,2.6346153846153846,10.538461538461538,84.3076923076923,48.583941605839414,12.145985401459853,0.10030508740947132,0.19748392673690668,0.6444413030446555,True,True,True,True,2.6313291,0.0002712,0.0002712,0.0002712,3.67e-05,3.67e-05,3.67e-05,79296,296,1.0,False,False
seed-8675309__h-16__c-128__turning_matched,8675309,16,128,0.1,turning_matched,"dt,dy,theta,delta_theta",capacity_control,vectorchain,validation,ok,,,357,4,12,13,2.6218487394957983,10.487394957983193,83.89915966386555,48.82051282051282,12.205128205128204,0.11262303464442014,0.2089380872126303,0.6985477759298774,True,True,True,True,2.6930206,0.0002756,0.0002756,0.0002756,3.67e-05,3.67e-05,3.67e-05,79296,296,1.2504892705381965,False,False
seed-8675309__h-16__c-128__turning_matched,8675309,16,128,0.1,turning_matched,"dt,dy,theta,delta_theta",capacity_control,vectorchain,test,ok,,,364,4,12,13,2.6346153846153846,10.538461538461538,84.3076923076923,48.583941605839414,12.145985401459853,0.13049022947552388,0.24906757920488637,0.8127721477951461,True,True,True,True,2.6930206,0.0002756,0.0002756,0.0002756,4.19e-05,4.19e-05,4.19e-05,79296,296,1.2612043082204902,False,False
seed-8675309__h-16__c-128__turning,8675309,16,128,0.1,turning,"dt,dy,theta,r,delta_theta",primary,vectorchain,validation,ok,,,357,5,15,16,2.6218487394957983,13.109243697478991,104.87394957983193,48.82051282051282,9.764102564102565,0.11259599039427946,0.2088673311704849,0.6983112155375925,True,True,True,True,2.7559624,0.0002975,0.0002975,0.0002975,3.69e-05,3.69e-05,3.69e-05,99120,368,1.2500657973806266,False,False
seed-8675309__h-16__c-128__turning,8675309,16,128,0.1,turning,"dt,dy,theta,r,delta_theta",primary,vectorchain,test,ok,,,364,5,15,16,2.6346153846153846,13.173076923076923,105.38461538461539,48.583941605839414,9.716788321167883,0.13045283462825819,0.24897127015116619,0.8124578663591833,True,True,True,True,2.7559624,0.0002975,0.0002975,0.0002975,3.92e-05,3.92e-05,3.92e-05,99120,368,1.260716627752963,False,False
seed-8675309__h-16__c-128__full_relational,8675309,16,128,0.1,full_relational,"dt,dy,theta,r,delta_theta,delta_r",secondary,vectorchain,validation,ok,,,357,6,18,19,2.6218487394957983,15.731092436974789,125.84873949579831,48.82051282051282,8.136752136752138,0.1122937968666789,0.2063806509526953,0.6899974372372389,True,True,True,True,2.7486627,0.0002989,0.0002989,0.0002989,3.93e-05,3.93e-05,3.93e-05,118944,440,1.2351830779440265,False,False
seed-8675309__h-16__c-128__full_relational,8675309,16,128,0.1,full_relational,"dt,dy,theta,r,delta_theta,delta_r",secondary,vectorchain,test,ok,,,364,6,18,19,2.6346153846153846,15.807692307692308,126.46153846153847,48.583941605839414,8.097323600973235,0.1299623435742996,0.24781938150744526,0.8086989547819855,True,True,True,True,2.7486627,0.0002989,0.0002989,0.0002989,4.25e-05,4.25e-05,4.25e-05,118944,440,1.2548838054936835,False,False
