condition_id,seed,horizon,context_length,tolerance,variant,features,role,representation,split,signal,n_examples,mae,rmse,rmse_ratio_vs_reference
seed-1729__h-1__c-32__raw,1729,1,32,,,,baseline,raw,validation,sine,51,0.011832516106035758,0.015141937049081018,
seed-1729__h-1__c-32__raw,1729,1,32,,,,baseline,raw,validation,chirp,51,0.012705008499876378,0.015599379702146938,
seed-1729__h-1__c-32__raw,1729,1,32,,,,baseline,raw,validation,ramp,51,0.011598201288867179,0.014133294815137984,
seed-1729__h-1__c-32__raw,1729,1,32,,,,baseline,raw,validation,piecewise_linear,51,0.014163127404222356,0.017403987135635894,
seed-1729__h-1__c-32__raw,1729,1,32,,,,baseline,raw,validation,first_order_response,51,0.010882814963067347,0.014449833818438488,
seed-1729__h-1__c-32__raw,1729,1,32,,,,baseline,raw,validation,second_order_response,51,0.011016667098467015,0.013879737181209984,
seed-1729__h-1__c-32__raw,1729,1,32,,,,baseline,raw,validation,regime_change,51,0.01725761518209712,0.02133652466814631,
seed-1729__h-1__c-32__raw,1729,1,32,,,,baseline,raw,test,sine,51,0.011141152110600216,0.01420485412496245,
seed-1729__h-1__c-32__raw,1729,1,32,,,,baseline,raw,test,chirp,51,0.01709495089118317,0.02090350607449752,
seed-1729__h-1__c-32__raw,1729,1,32,,,,baseline,raw,test,ramp,51,0.011419890933684047,0.014199111170360828,
seed-1729__h-1__c-32__raw,1729,1,32,,,,baseline,raw,test,piecewise_linear,51,0.009543597053561304,0.011112463323522188,
seed-1729__h-1__c-32__raw,1729,1,32,,,,baseline,raw,test,first_order_response,51,0.010108009864217057,0.012311289642599673,
seed-1729__h-1__c-32__raw,1729,1,32,,,,baseline,raw,test,second_order_response,51,0.011374548335794134,0.01442101357980676,
seed-1729__h-1__c-32__raw,1729,1,32,,,,baseline,raw,test,regime_change,51,0.01886208010963399,0.022149401100877198,
seed-1729__h-1__c-32__first_difference,1729,1,32,,,,baseline,first_difference,validation,sine,51,0.010625293437031717,0.014090144896707667,
seed-1729__h-1__c-32__first_difference,1729,1,32,,,,baseline,first_difference,validation,chirp,51,0.017805693255504365,0.02132136965805953,
seed-1729__h-1__c-32__first_difference,1729,1,32,,,,baseline,first_difference,validation,ramp,51,0.009833595144255813,0.012439366001460343,
seed-1729__h-1__c-32__first_difference,1729,1,32,,,,baseline,first_difference,validation,piecewise_linear,51,0.012481013098739484,0.015185005895836476,
seed-1729__h-1__c-32__first_difference,1729,1,32,,,,baseline,first_difference,validation,first_order_response,51,0.008713197585413428,0.012011467735245715,
seed-1729__h-1__c-32__first_difference,1729,1,32,,,,baseline,first_difference,validation,second_order_response,51,0.009229966082537839,0.011532217151606163,
seed-1729__h-1__c-32__first_difference,1729,1,32,,,,baseline,first_difference,validation,regime_change,51,0.02985660905729099,0.03446243413325521,
seed-1729__h-1__c-32__first_difference,1729,1,32,,,,baseline,first_difference,test,sine,51,0.009724709447678545,0.013180509753628913,
seed-1729__h-1__c-32__first_difference,1729,1,32,,,,baseline,first_difference,test,chirp,51,0.026320824057707436,0.03164615793348347,
seed-1729__h-1__c-32__first_difference,1729,1,32,,,,baseline,first_difference,test,ramp,51,0.0105823252779972,0.012993735591795334,
seed-1729__h-1__c-32__first_difference,1729,1,32,,,,baseline,first_difference,test,piecewise_linear,51,0.008240227373128694,0.010144438906045694,
seed-1729__h-1__c-32__first_difference,1729,1,32,,,,baseline,first_difference,test,first_order_response,51,0.008834637198940362,0.011008123947193516,
seed-1729__h-1__c-32__first_difference,1729,1,32,,,,baseline,first_difference,test,second_order_response,51,0.010343122885530298,0.01336356236829298,
seed-1729__h-1__c-32__first_difference,1729,1,32,,,,baseline,first_difference,test,regime_change,51,0.03313891733172972,0.03751910205226301,
seed-1729__h-1__c-32__segment,1729,1,32,0.1,segment,"dt,dy",secondary,vectorchain,validation,sine,51,0.011692940499068976,0.014896565577470388,0.9991652429682217
seed-1729__h-1__c-32__segment,1729,1,32,0.1,segment,"dt,dy",secondary,vectorchain,validation,chirp,51,0.016812125004840927,0.020167205961715534,1.1406092967586128
seed-1729__h-1__c-32__segment,1729,1,32,0.1,segment,"dt,dy",secondary,vectorchain,validation,ramp,51,0.011458268623857876,0.013923007940040137,0.9994155029931631
seed-1729__h-1__c-32__segment,1729,1,32,0.1,segment,"dt,dy",secondary,vectorchain,validation,piecewise_linear,51,0.014191864688701117,0.01731645796094329,1.0001051023303804
seed-1729__h-1__c-32__segment,1729,1,32,0.1,segment,"dt,dy",secondary,vectorchain,validation,first_order_response,51,0.010605380875765055,0.014042892470705235,0.9996391761330609
seed-1729__h-1__c-32__segment,1729,1,32,0.1,segment,"dt,dy",secondary,vectorchain,validation,second_order_response,51,0.010945466276173953,0.013819900832966454,1.000592244993318
seed-1729__h-1__c-32__segment,1729,1,32,0.1,segment,"dt,dy",secondary,vectorchain,validation,regime_change,51,0.023748813455638867,0.03021119057428717,1.4618644252139654
seed-1729__h-1__c-32__segment,1729,1,32,0.1,segment,"dt,dy",secondary,vectorchain,test,sine,51,0.011385101425110377,0.014820645259235685,1.0027166432345962
seed-1729__h-1__c-32__segment,1729,1,32,0.1,segment,"dt,dy",secondary,vectorchain,test,chirp,51,0.021485149706672466,0.026302840851828595,1.2739474778669784
seed-1729__h-1__c-32__segment,1729,1,32,0.1,segment,"dt,dy",secondary,vectorchain,test,ramp,51,0.011391873158418013,0.014162707931175552,1.000541597721021
seed-1729__h-1__c-32__segment,1729,1,32,0.1,segment,"dt,dy",secondary,vectorchain,test,piecewise_linear,51,0.0093457146243537,0.010946642704476133,1.0007944594379117
seed-1729__h-1__c-32__segment,1729,1,32,0.1,segment,"dt,dy",secondary,vectorchain,test,first_order_response,51,0.01046246056786908,0.01250784830457713,1.001015183465396
seed-1729__h-1__c-32__segment,1729,1,32,0.1,segment,"dt,dy",secondary,vectorchain,test,second_order_response,51,0.0113174128067197,0.014226337701939082,1.0003014045419212
seed-1729__h-1__c-32__segment,1729,1,32,0.1,segment,"dt,dy",secondary,vectorchain,test,regime_change,51,0.028518693682675005,0.0351867941863674,1.3557334420267688
seed-1729__h-1__c-32__absolute_geometry,1729,1,32,0.1,absolute_geometry,"dt,dy,theta,r",reference,vectorchain,validation,sine,51,0.011715705565158085,0.014909010979222153,1.0
seed-1729__h-1__c-32__absolute_geometry,1729,1,32,0.1,absolute_geometry,"dt,dy,theta,r",reference,vectorchain,validation,chirp,51,0.014777644569560664,0.017681081522855167,1.0
seed-1729__h-1__c-32__absolute_geometry,1729,1,32,0.1,absolute_geometry,"dt,dy,theta,r",reference,vectorchain,validation,ramp,51,0.011465026421894587,0.013931150655900306,1.0
seed-1729__h-1__c-32__absolute_geometry,1729,1,32,0.1,absolute_geometry,"dt,dy,theta,r",reference,vectorchain,validation,piecewise_linear,51,0.014190224186208283,0.01731463815212381,1.0
seed-1729__h-1__c-32__absolute_geometry,1729,1,32,0.1,absolute_geometry,"dt,dy,theta,r",reference,vectorchain,validation,first_order_response,51,0.01060944751802994,0.014047961310427876,1.0
seed-1729__h-1__c-32__absolute_geometry,1729,1,32,0.1,absolute_geometry,"dt,dy,theta,r",reference,vectorchain,validation,second_order_response,51,0.010936355811390845,0.01381172091040816,1.0
seed-1729__h-1__c-32__absolute_geometry,1729,1,32,0.1,absolute_geometry,"dt,dy,theta,r",reference,vectorchain,validation,regime_change,51,0.01626474720797642,0.020666205465575453,1.0
seed-1729__h-1__c-32__absolute_geometry,1729,1,32,0.1,absolute_geometry,"dt,dy,theta,r",reference,vectorchain,test,sine,51,0.011335674295117126,0.014780491935814252,1.0
seed-1729__h-1__c-32__absolute_geometry,1729,1,32,0.1,absolute_geometry,"dt,dy,theta,r",reference,vectorchain,test,chirp,51,0.016829039458078038,0.020646723125405848,1.0
seed-1729__h-1__c-32__absolute_geometry,1729,1,32,0.1,absolute_geometry,"dt,dy,theta,r",reference,vectorchain,test,ramp,51,0.01138301333234431,0.014155041592907876,1.0
seed-1729__h-1__c-32__absolute_geometry,1729,1,32,0.1,absolute_geometry,"dt,dy,theta,r",reference,vectorchain,test,piecewise_linear,51,0.009336806597899237,0.01093795294452792,1.0
seed-1729__h-1__c-32__absolute_geometry,1729,1,32,0.1,absolute_geometry,"dt,dy,theta,r",reference,vectorchain,test,first_order_response,51,0.010447414497526371,0.012495163421274432,1.0
seed-1729__h-1__c-32__absolute_geometry,1729,1,32,0.1,absolute_geometry,"dt,dy,theta,r",reference,vectorchain,test,second_order_response,51,0.011312905863303807,0.01422205111113875,1.0
seed-1729__h-1__c-32__absolute_geometry,1729,1,32,0.1,absolute_geometry,"dt,dy,theta,r",reference,vectorchain,test,regime_change,51,0.02136237244655472,0.025954065228164992,1.0
seed-1729__h-1__c-32__turning_matched,1729,1,32,0.1,turning_matched,"dt,dy,theta,delta_theta",capacity_control,vectorchain,validation,sine,51,0.011675788767925667,0.014887943998605402,0.9985869632367894
seed-1729__h-1__c-32__turning_matched,1729,1,32,0.1,turning_matched,"dt,dy,theta,delta_theta",capacity_control,vectorchain,validation,chirp,51,0.013096738158675786,0.016361756643201896,0.925382116588973
seed-1729__h-1__c-32__turning_matched,1729,1,32,0.1,turning_matched,"dt,dy,theta,delta_theta",capacity_control,vectorchain,validation,ramp,51,0.011452751516649306,0.013916546708602913,0.9989517055943108
seed-1729__h-1__c-32__turning_matched,1729,1,32,0.1,turning_matched,"dt,dy,theta,delta_theta",capacity_control,vectorchain,validation,piecewise_linear,51,0.014188193013326798,0.017310603269595142,0.9997669669736544
seed-1729__h-1__c-32__turning_matched,1729,1,32,0.1,turning_matched,"dt,dy,theta,delta_theta",capacity_control,vectorchain,validation,first_order_response,51,0.01059981990683236,0.014036720606199208,0.9991998337708744
seed-1729__h-1__c-32__turning_matched,1729,1,32,0.1,turning_matched,"dt,dy,theta,delta_theta",capacity_control,vectorchain,validation,second_order_response,51,0.010952964537831268,0.01382818372414137,1.0011919451486166
seed-1729__h-1__c-32__turning_matched,1729,1,32,0.1,turning_matched,"dt,dy,theta,delta_theta",capacity_control,vectorchain,validation,regime_change,51,0.01642974963317093,0.02108834070904438,1.0204263547157748
seed-1729__h-1__c-32__turning_matched,1729,1,32,0.1,turning_matched,"dt,dy,theta,delta_theta",capacity_control,vectorchain,test,sine,51,0.011355517252574918,0.014802377612528547,1.0014807136872939
seed-1729__h-1__c-32__turning_matched,1729,1,32,0.1,turning_matched,"dt,dy,theta,delta_theta",capacity_control,vectorchain,test,chirp,51,0.016196012775048403,0.02005671542734008,0.9714236639643914
seed-1729__h-1__c-32__turning_matched,1729,1,32,0.1,turning_matched,"dt,dy,theta,delta_theta",capacity_control,vectorchain,test,ramp,51,0.011395721143572629,0.014165653070002641,1.0007496606085624
seed-1729__h-1__c-32__turning_matched,1729,1,32,0.1,turning_matched,"dt,dy,theta,delta_theta",capacity_control,vectorchain,test,piecewise_linear,51,0.009356369542386793,0.010957104726866469,1.0017509475891584
seed-1729__h-1__c-32__turning_matched,1729,1,32,0.1,turning_matched,"dt,dy,theta,delta_theta",capacity_control,vectorchain,test,first_order_response,51,0.010470561766259193,0.01251435937050551,1.0015362703618902
seed-1729__h-1__c-32__turning_matched,1729,1,32,0.1,turning_matched,"dt,dy,theta,delta_theta",capacity_control,vectorchain,test,second_order_response,51,0.01132252728947086,0.014229625465676137,1.0005325782109906
seed-1729__h-1__c-32__turning_matched,1729,1,32,0.1,turning_matched,"dt,dy,theta,delta_theta",capacity_control,vectorchain,test,regime_change,51,0.01849061054871043,0.02304385908895545,0.8878708936875358
seed-1729__h-1__c-32__turning,1729,1,32,0.1,turning,"dt,dy,theta,r,delta_theta",primary,vectorchain,validation,sine,51,0.011716319082517588,0.01490967850395208,1.000044773240214
seed-1729__h-1__c-32__turning,1729,1,32,0.1,turning,"dt,dy,theta,r,delta_theta",primary,vectorchain,validation,chirp,51,0.013131228164933595,0.016422869749435055,0.9288385288086759
seed-1729__h-1__c-32__turning,1729,1,32,0.1,turning,"dt,dy,theta,r,delta_theta",primary,vectorchain,validation,ramp,51,0.011464303257017075,0.01393026379471283,0.9999363397030596
seed-1729__h-1__c-32__turning,1729,1,32,0.1,turning,"dt,dy,theta,r,delta_theta",primary,vectorchain,validation,piecewise_linear,51,0.014190971739840595,0.017315659756610913,1.0000590023584741
seed-1729__h-1__c-32__turning,1729,1,32,0.1,turning,"dt,dy,theta,r,delta_theta",primary,vectorchain,validation,first_order_response,51,0.010609118710434283,0.014047507432106096,0.9999676908049681
seed-1729__h-1__c-32__turning,1729,1,32,0.1,turning,"dt,dy,theta,r,delta_theta",primary,vectorchain,validation,second_order_response,51,0.010937493959611301,0.013812654955999027,1.0000676270246789
seed-1729__h-1__c-32__turning,1729,1,32,0.1,turning,"dt,dy,theta,r,delta_theta",primary,vectorchain,validation,regime_change,51,0.016281270537978152,0.020937075173053796,1.0131068912447203
seed-1729__h-1__c-32__turning,1729,1,32,0.1,turning,"dt,dy,theta,r,delta_theta",primary,vectorchain,test,sine,51,0.011340589683808138,0.01478351714406017,1.0002046757482128
seed-1729__h-1__c-32__turning,1729,1,32,0.1,turning,"dt,dy,theta,r,delta_theta",primary,vectorchain,test,chirp,51,0.016378065597349646,0.02013942132381846,0.9754294277834746
seed-1729__h-1__c-32__turning,1729,1,32,0.1,turning,"dt,dy,theta,r,delta_theta",primary,vectorchain,test,ramp,51,0.011384231533992996,0.014156126944419084,1.0000766759676463
seed-1729__h-1__c-32__turning,1729,1,32,0.1,turning,"dt,dy,theta,r,delta_theta",primary,vectorchain,test,piecewise_linear,51,0.00933766221893007,0.01093878741375208,1.0000762911696908
seed-1729__h-1__c-32__turning,1729,1,32,0.1,turning,"dt,dy,theta,r,delta_theta",primary,vectorchain,test,first_order_response,51,0.010449318709196324,0.012496795106936343,1.0001305853798705
seed-1729__h-1__c-32__turning,1729,1,32,0.1,turning,"dt,dy,theta,r,delta_theta",primary,vectorchain,test,second_order_response,51,0.011313367298329843,0.014222532691268438,1.0000338615102649
seed-1729__h-1__c-32__turning,1729,1,32,0.1,turning,"dt,dy,theta,r,delta_theta",primary,vectorchain,test,regime_change,51,0.0184039698280853,0.022954406652294042,0.8844243262278711
seed-1729__h-1__c-32__full_relational,1729,1,32,0.1,full_relational,"dt,dy,theta,r,delta_theta,delta_r",secondary,vectorchain,validation,sine,51,0.011713656733245342,0.014908015208120524,0.9999332101168201
seed-1729__h-1__c-32__full_relational,1729,1,32,0.1,full_relational,"dt,dy,theta,r,delta_theta,delta_r",secondary,vectorchain,validation,chirp,51,0.013188990950204203,0.016647928338222415,0.9415673083517395
seed-1729__h-1__c-32__full_relational,1729,1,32,0.1,full_relational,"dt,dy,theta,r,delta_theta,delta_r",secondary,vectorchain,validation,ramp,51,0.011463940326442651,0.013929834243791635,0.9999055058594091
seed-1729__h-1__c-32__full_relational,1729,1,32,0.1,full_relational,"dt,dy,theta,r,delta_theta,delta_r",secondary,vectorchain,validation,piecewise_linear,51,0.014190457901105643,0.017314875174653604,1.0000136891413907
seed-1729__h-1__c-32__full_relational,1729,1,32,0.1,full_relational,"dt,dy,theta,r,delta_theta,delta_r",secondary,vectorchain,validation,first_order_response,51,0.010608707745658372,0.014047051071344347,0.999935204898176
seed-1729__h-1__c-32__full_relational,1729,1,32,0.1,full_relational,"dt,dy,theta,r,delta_theta,delta_r",secondary,vectorchain,validation,second_order_response,51,0.010937901818832765,0.01381314960465804,1.0001034407123592
seed-1729__h-1__c-32__full_relational,1729,1,32,0.1,full_relational,"dt,dy,theta,r,delta_theta,delta_r",secondary,vectorchain,validation,regime_change,51,0.016481205808518314,0.02160798719963632,1.0455711008791446
seed-1729__h-1__c-32__full_relational,1729,1,32,0.1,full_relational,"dt,dy,theta,r,delta_theta,delta_r",secondary,vectorchain,test,sine,51,0.01133925763843724,0.014783228326786534,1.0001851353110685
seed-1729__h-1__c-32__full_relational,1729,1,32,0.1,full_relational,"dt,dy,theta,r,delta_theta,delta_r",secondary,vectorchain,test,chirp,51,0.01689349288671055,0.020695101518166104,1.0023431511366918
seed-1729__h-1__c-32__full_relational,1729,1,32,0.1,full_relational,"dt,dy,theta,r,delta_theta,delta_r",secondary,vectorchain,test,ramp,51,0.011384359638744034,0.01415618668701083,1.0000808965551558
seed-1729__h-1__c-32__full_relational,1729,1,32,0.1,full_relational,"dt,dy,theta,r,delta_theta,delta_r",secondary,vectorchain,test,piecewise_linear,51,0.009338398470237555,0.01093949011023917,1.0001405350451813
seed-1729__h-1__c-32__full_relational,1729,1,32,0.1,full_relational,"dt,dy,theta,r,delta_theta,delta_r",secondary,vectorchain,test,first_order_response,51,0.010449717704364486,0.012497083845972633,1.0001536934438913
seed-1729__h-1__c-32__full_relational,1729,1,32,0.1,full_relational,"dt,dy,theta,r,delta_theta,delta_r",secondary,vectorchain,test,second_order_response,51,0.011313660856548963,0.014222724090888098,1.0000473194579382
seed-1729__h-1__c-32__full_relational,1729,1,32,0.1,full_relational,"dt,dy,theta,r,delta_theta,delta_r",secondary,vectorchain,test,regime_change,51,0.018781122245567262,0.023393806944192214,0.9013542479197277
seed-1729__h-4__c-32__raw,1729,4,32,,,,baseline,raw,validation,sine,51,0.014499984499416668,0.017795077747970064,
seed-1729__h-4__c-32__raw,1729,4,32,,,,baseline,raw,validation,chirp,51,0.03411020673704572,0.040053294352207364,
seed-1729__h-4__c-32__raw,1729,4,32,,,,baseline,raw,validation,ramp,51,0.009839968294815432,0.012464863874844929,
seed-1729__h-4__c-32__raw,1729,4,32,,,,baseline,raw,validation,piecewise_linear,51,0.012682756659807054,0.016424244868584903,
seed-1729__h-4__c-32__raw,1729,4,32,,,,baseline,raw,validation,first_order_response,51,0.013814341809094986,0.016680175935559125,
seed-1729__h-4__c-32__raw,1729,4,32,,,,baseline,raw,validation,second_order_response,51,0.013460376946425035,0.016377064506552682,
seed-1729__h-4__c-32__raw,1729,4,32,,,,baseline,raw,validation,regime_change,51,0.06670112287618629,0.07585199247150513,
seed-1729__h-4__c-32__raw,1729,4,32,,,,baseline,raw,test,sine,52,0.014260216376213778,0.018109924695079275,
seed-1729__h-4__c-32__raw,1729,4,32,,,,baseline,raw,test,chirp,52,0.05293583101036135,0.060770644367838605,
seed-1729__h-4__c-32__raw,1729,4,32,,,,baseline,raw,test,ramp,52,0.01376404177573252,0.0164134708067434,
seed-1729__h-4__c-32__raw,1729,4,32,,,,baseline,raw,test,piecewise_linear,52,0.012362590365774426,0.015569873481231013,
seed-1729__h-4__c-32__raw,1729,4,32,,,,baseline,raw,test,first_order_response,52,0.01414323104375482,0.017415186673842193,
seed-1729__h-4__c-32__raw,1729,4,32,,,,baseline,raw,test,second_order_response,52,0.014184371502245332,0.017039324003800947,
seed-1729__h-4__c-32__raw,1729,4,32,,,,baseline,raw,test,regime_change,52,0.06924983014497481,0.07606044299504565,
seed-1729__h-4__c-32__first_difference,1729,4,32,,,,baseline,first_difference,validation,sine,51,0.01990336928026324,0.025008709601034965,
seed-1729__h-4__c-32__first_difference,1729,4,32,,,,baseline,first_difference,validation,chirp,51,0.05855823557134459,0.06605086605709395,
seed-1729__h-4__c-32__first_difference,1729,4,32,,,,baseline,first_difference,validation,ramp,51,0.00934221868995489,0.011469759575047821,
seed-1729__h-4__c-32__first_difference,1729,4,32,,,,baseline,first_difference,validation,piecewise_linear,51,0.013093901578812886,0.016155094523340723,
seed-1729__h-4__c-32__first_difference,1729,4,32,,,,baseline,first_difference,validation,first_order_response,51,0.011455669056057155,0.014223453147174759,
seed-1729__h-4__c-32__first_difference,1729,4,32,,,,baseline,first_difference,validation,second_order_response,51,0.010751265139616318,0.013249963816934402,
seed-1729__h-4__c-32__first_difference,1729,4,32,,,,baseline,first_difference,validation,regime_change,51,0.10285088905594653,0.11477075913389898,
seed-1729__h-4__c-32__first_difference,1729,4,32,,,,baseline,first_difference,test,sine,52,0.01874845753778755,0.023109555725616255,
seed-1729__h-4__c-32__first_difference,1729,4,32,,,,baseline,first_difference,test,chirp,52,0.08235567076612262,0.09400754093880637,
seed-1729__h-4__c-32__first_difference,1729,4,32,,,,baseline,first_difference,test,ramp,52,0.012130908598248981,0.014249059761940248,
seed-1729__h-4__c-32__first_difference,1729,4,32,,,,baseline,first_difference,test,piecewise_linear,52,0.011116287657394131,0.01382502164571395,
seed-1729__h-4__c-32__first_difference,1729,4,32,,,,baseline,first_difference,test,first_order_response,52,0.012142436002255728,0.015202468269831617,
seed-1729__h-4__c-32__first_difference,1729,4,32,,,,baseline,first_difference,test,second_order_response,52,0.011277268437640625,0.014153421003776454,
seed-1729__h-4__c-32__first_difference,1729,4,32,,,,baseline,first_difference,test,regime_change,52,0.10294018863726456,0.11359764831245096,
seed-1729__h-4__c-32__segment,1729,4,32,0.1,segment,"dt,dy",secondary,vectorchain,validation,sine,51,0.01996535461171769,0.024392059432469367,0.9991804735319684
seed-1729__h-4__c-32__segment,1729,4,32,0.1,segment,"dt,dy",secondary,vectorchain,validation,chirp,51,0.062441692114710234,0.07985586220397443,1.9896419346039385
seed-1729__h-4__c-32__segment,1729,4,32,0.1,segment,"dt,dy",secondary,vectorchain,validation,ramp,51,0.009709883885020703,0.01203638135522299,0.9990164456224349
seed-1729__h-4__c-32__segment,1729,4,32,0.1,segment,"dt,dy",secondary,vectorchain,validation,piecewise_linear,51,0.013857703605348562,0.016791939408794067,1.0021330039625014
seed-1729__h-4__c-32__segment,1729,4,32,0.1,segment,"dt,dy",secondary,vectorchain,validation,first_order_response,51,0.012074051115947164,0.014937410439040413,0.9999970529848845
seed-1729__h-4__c-32__segment,1729,4,32,0.1,segment,"dt,dy",secondary,vectorchain,validation,second_order_response,51,0.011468600577806187,0.013945758538273238,0.9981484623517753
seed-1729__h-4__c-32__segment,1729,4,32,0.1,segment,"dt,dy",secondary,vectorchain,validation,regime_change,51,0.11528350407680257,0.1514826854908422,3.5006694383280355
seed-1729__h-4__c-32__segment,1729,4,32,0.1,segment,"dt,dy",secondary,vectorchain,test,sine,52,0.018829542587812824,0.023212826693290445,0.9998756214585002
seed-1729__h-4__c-32__segment,1729,4,32,0.1,segment,"dt,dy",secondary,vectorchain,test,chirp,52,0.07187445546159402,0.10003223399990542,2.36889764550621
seed-1729__h-4__c-32__segment,1729,4,32,0.1,segment,"dt,dy",secondary,vectorchain,test,ramp,52,0.012601121785273773,0.014827616604843516,0.9995917646033458
seed-1729__h-4__c-32__segment,1729,4,32,0.1,segment,"dt,dy",secondary,vectorchain,test,piecewise_linear,52,0.0115385709332967,0.014656942509206497,1.0007584114119064
seed-1729__h-4__c-32__segment,1729,4,32,0.1,segment,"dt,dy",secondary,vectorchain,test,first_order_response,52,0.01250589899993266,0.015714528766206104,1.0003345533670291
seed-1729__h-4__c-32__segment,1729,4,32,0.1,segment,"dt,dy",secondary,vectorchain,test,second_order_response,52,0.011931801400122642,0.014831824023278295,1.0009331208124117
seed-1729__h-4__c-32__segment,1729,4,32,0.1,segment,"dt,dy",secondary,vectorchain,test,regime_change,52,0.1067388854634996,0.1461309222881763,3.0407295163287893
seed-1729__h-4__c-32__absolute_geometry,1729,4,32,0.1,absolute_geometry,"dt,dy,theta,r",reference,vectorchain,validation,sine,51,0.020025122096214005,0.024412065766504346,1.0
seed-1729__h-4__c-32__absolute_geometry,1729,4,32,0.1,absolute_geometry,"dt,dy,theta,r",reference,vectorchain,validation,chirp,51,0.03183085875089885,0.040135795700280454,1.0
seed-1729__h-4__c-32__absolute_geometry,1729,4,32,0.1,absolute_geometry,"dt,dy,theta,r",reference,vectorchain,validation,ramp,51,0.009699371290105395,0.012048231446003626,1.0
seed-1729__h-4__c-32__absolute_geometry,1729,4,32,0.1,absolute_geometry,"dt,dy,theta,r",reference,vectorchain,validation,piecewise_linear,51,0.013814994146704692,0.016756198371271683,1.0
seed-1729__h-4__c-32__absolute_geometry,1729,4,32,0.1,absolute_geometry,"dt,dy,theta,r",reference,vectorchain,validation,first_order_response,51,0.012073202926499124,0.014937454459944493,1.0
seed-1729__h-4__c-32__absolute_geometry,1729,4,32,0.1,absolute_geometry,"dt,dy,theta,r",reference,vectorchain,validation,second_order_response,51,0.011497370880669391,0.013971627532656924,1.0
seed-1729__h-4__c-32__absolute_geometry,1729,4,32,0.1,absolute_geometry,"dt,dy,theta,r",reference,vectorchain,validation,regime_change,51,0.035691341696631226,0.04327249063630306,1.0
seed-1729__h-4__c-32__absolute_geometry,1729,4,32,0.1,absolute_geometry,"dt,dy,theta,r",reference,vectorchain,test,sine,52,0.018745521043670728,0.023215714229966246,1.0
seed-1729__h-4__c-32__absolute_geometry,1729,4,32,0.1,absolute_geometry,"dt,dy,theta,r",reference,vectorchain,test,chirp,52,0.03152600349048052,0.04222733480683144,1.0
seed-1729__h-4__c-32__absolute_geometry,1729,4,32,0.1,absolute_geometry,"dt,dy,theta,r",reference,vectorchain,test,ramp,52,0.012598345222217215,0.014833672234912174,1.0
seed-1729__h-4__c-32__absolute_geometry,1729,4,32,0.1,absolute_geometry,"dt,dy,theta,r",reference,vectorchain,test,piecewise_linear,52,0.011551859795538811,0.014645834940850458,1.0
seed-1729__h-4__c-32__absolute_geometry,1729,4,32,0.1,absolute_geometry,"dt,dy,theta,r",reference,vectorchain,test,first_order_response,52,0.012509506916379773,0.0157092731759715,1.0
seed-1729__h-4__c-32__absolute_geometry,1729,4,32,0.1,absolute_geometry,"dt,dy,theta,r",reference,vectorchain,test,second_order_response,52,0.011939280973222619,0.0148179970418403,1.0
seed-1729__h-4__c-32__absolute_geometry,1729,4,32,0.1,absolute_geometry,"dt,dy,theta,r",reference,vectorchain,test,regime_change,52,0.03959787018458154,0.04805784977040865,1.0
seed-1729__h-4__c-32__turning_matched,1729,4,32,0.1,turning_matched,"dt,dy,theta,delta_theta",capacity_control,vectorchain,validation,sine,51,0.019913038617649623,0.02442483710110706,1.0005231566523238
seed-1729__h-4__c-32__turning_matched,1729,4,32,0.1,turning_matched,"dt,dy,theta,delta_theta",capacity_control,vectorchain,validation,chirp,51,0.026590703215294404,0.03475283372334952,0.8658812692507971
seed-1729__h-4__c-32__turning_matched,1729,4,32,0.1,turning_matched,"dt,dy,theta,delta_theta",capacity_control,vectorchain,validation,ramp,51,0.009701748727285249,0.012020875931570762,0.9977294995904201
seed-1729__h-4__c-32__turning_matched,1729,4,32,0.1,turning_matched,"dt,dy,theta,delta_theta",capacity_control,vectorchain,validation,piecewise_linear,51,0.013839787846663523,0.0167778317614737,1.001291067921415
seed-1729__h-4__c-32__turning_matched,1729,4,32,0.1,turning_matched,"dt,dy,theta,delta_theta",capacity_control,vectorchain,validation,first_order_response,51,0.012061667037176727,0.014923251382714314,0.9990491634790744
seed-1729__h-4__c-32__turning_matched,1729,4,32,0.1,turning_matched,"dt,dy,theta,delta_theta",capacity_control,vectorchain,validation,second_order_response,51,0.011445865763126227,0.01392981448484842,0.997007288684817
seed-1729__h-4__c-32__turning_matched,1729,4,32,0.1,turning_matched,"dt,dy,theta,delta_theta",capacity_control,vectorchain,validation,regime_change,51,0.029101636665006193,0.03485070926303723,0.8053779375897431
seed-1729__h-4__c-32__turning_matched,1729,4,32,0.1,turning_matched,"dt,dy,theta,delta_theta",capacity_control,vectorchain,test,sine,52,0.01878747232313289,0.0232291491835003,1.0005787008489582
seed-1729__h-4__c-32__turning_matched,1729,4,32,0.1,turning_matched,"dt,dy,theta,delta_theta",capacity_control,vectorchain,test,chirp,52,0.02648863504492083,0.0375826270476374,0.8900070823687734
seed-1729__h-4__c-32__turning_matched,1729,4,32,0.1,turning_matched,"dt,dy,theta,delta_theta",capacity_control,vectorchain,test,ramp,52,0.012591495139780005,0.014813845027765267,0.9986633648881467
seed-1729__h-4__c-32__turning_matched,1729,4,32,0.1,turning_matched,"dt,dy,theta,delta_theta",capacity_control,vectorchain,test,piecewise_linear,52,0.011503895359319774,0.014648964488104673,1.0002136817236336
seed-1729__h-4__c-32__turning_matched,1729,4,32,0.1,turning_matched,"dt,dy,theta,delta_theta",capacity_control,vectorchain,test,first_order_response,52,0.012491191318988107,0.015701091046240873,0.9994791528774772
seed-1729__h-4__c-32__turning_matched,1729,4,32,0.1,turning_matched,"dt,dy,theta,delta_theta",capacity_control,vectorchain,test,second_order_response,52,0.011905169988333443,0.014824263956891015,1.0004229259212982
seed-1729__h-4__c-32__turning_matched,1729,4,32,0.1,turning_matched,"dt,dy,theta,delta_theta",capacity_control,vectorchain,test,regime_change,52,0.02926192496100533,0.03754012775301464,0.7811445566615792
seed-1729__h-4__c-32__turning,1729,4,32,0.1,turning,"dt,dy,theta,r,delta_theta",primary,vectorchain,validation,sine,51,0.020024231160353723,0.02441159669134883,0.9999807851101171
seed-1729__h-4__c-32__turning,1729,4,32,0.1,turning,"dt,dy,theta,r,delta_theta",primary,vectorchain,validation,chirp,51,0.026486914741413264,0.034707696184535924,0.8647566487461814
seed-1729__h-4__c-32__turning,1729,4,32,0.1,turning,"dt,dy,theta,r,delta_theta",primary,vectorchain,validation,ramp,51,0.009699975847625514,0.012047235935736275,0.9999173729130443
seed-1729__h-4__c-32__turning,1729,4,32,0.1,turning,"dt,dy,theta,r,delta_theta",primary,vectorchain,validation,piecewise_linear,51,0.013818211535929794,0.01675882274763963,1.0001566212281447
seed-1729__h-4__c-32__turning,1729,4,32,0.1,turning,"dt,dy,theta,r,delta_theta",primary,vectorchain,validation,first_order_response,51,0.01207320889857419,0.014937268616297166,0.999987558546349
seed-1729__h-4__c-32__turning,1729,4,32,0.1,turning,"dt,dy,theta,r,delta_theta",primary,vectorchain,validation,second_order_response,51,0.01149501659772159,0.013969625417657843,0.9998567013760995
seed-1729__h-4__c-32__turning,1729,4,32,0.1,turning,"dt,dy,theta,r,delta_theta",primary,vectorchain,validation,regime_change,51,0.030153095054242487,0.03602406371763614,0.832493419905303
seed-1729__h-4__c-32__turning,1729,4,32,0.1,turning,"dt,dy,theta,r,delta_theta",primary,vectorchain,test,sine,52,0.018747017939726864,0.023212212415905233,0.999849161907046
seed-1729__h-4__c-32__turning,1729,4,32,0.1,turning,"dt,dy,theta,r,delta_theta",primary,vectorchain,test,chirp,52,0.027265264323189785,0.038313053621946105,0.9073045646193116
seed-1729__h-4__c-32__turning,1729,4,32,0.1,turning,"dt,dy,theta,r,delta_theta",primary,vectorchain,test,ramp,52,0.01259854390051791,0.014833120382105444,0.9999627972899772
seed-1729__h-4__c-32__turning,1729,4,32,0.1,turning,"dt,dy,theta,r,delta_theta",primary,vectorchain,test,piecewise_linear,52,0.011550572041735955,0.014646381113699813,1.0000372920254503
seed-1729__h-4__c-32__turning,1729,4,32,0.1,turning,"dt,dy,theta,r,delta_theta",primary,vectorchain,test,first_order_response,52,0.012509205948794495,0.01570948070287412,1.0000132104713118
seed-1729__h-4__c-32__turning,1729,4,32,0.1,turning,"dt,dy,theta,r,delta_theta",primary,vectorchain,test,second_order_response,52,0.011938646529266841,0.014818806527416632,1.0000546285421739
seed-1729__h-4__c-32__turning,1729,4,32,0.1,turning,"dt,dy,theta,r,delta_theta",primary,vectorchain,test,regime_change,52,0.02926536618929961,0.03757865336265796,0.7819462073768603
seed-1729__h-4__c-32__full_relational,1729,4,32,0.1,full_relational,"dt,dy,theta,r,delta_theta,delta_r",secondary,vectorchain,validation,sine,51,0.020017824471994308,0.024412278283702668,1.0000087054164262
seed-1729__h-4__c-32__full_relational,1729,4,32,0.1,full_relational,"dt,dy,theta,r,delta_theta,delta_r",secondary,vectorchain,validation,chirp,51,0.026436274776591544,0.0339262658094771,0.8452869867792365
seed-1729__h-4__c-32__full_relational,1729,4,32,0.1,full_relational,"dt,dy,theta,r,delta_theta,delta_r",secondary,vectorchain,validation,ramp,51,0.00969924607550743,0.01204593375701093,0.999809292425781
seed-1729__h-4__c-32__full_relational,1729,4,32,0.1,full_relational,"dt,dy,theta,r,delta_theta,delta_r",secondary,vectorchain,validation,piecewise_linear,51,0.013817132394789359,0.016757942754747165,1.0001041037732326
seed-1729__h-4__c-32__full_relational,1729,4,32,0.1,full_relational,"dt,dy,theta,r,delta_theta,delta_r",secondary,vectorchain,validation,first_order_response,51,0.012072368308995742,0.014936182165288863,0.9999148252027117
seed-1729__h-4__c-32__full_relational,1729,4,32,0.1,full_relational,"dt,dy,theta,r,delta_theta,delta_r",secondary,vectorchain,validation,second_order_response,51,0.011492869726698433,0.01396820802541984,0.9997552534785877
seed-1729__h-4__c-32__full_relational,1729,4,32,0.1,full_relational,"dt,dy,theta,r,delta_theta,delta_r",secondary,vectorchain,validation,regime_change,51,0.030183467240472363,0.038734016678316704,0.8951187257481582
seed-1729__h-4__c-32__full_relational,1729,4,32,0.1,full_relational,"dt,dy,theta,r,delta_theta,delta_r",secondary,vectorchain,test,sine,52,0.01874796490445232,0.023215452144071967,0.999988710840783
seed-1729__h-4__c-32__full_relational,1729,4,32,0.1,full_relational,"dt,dy,theta,r,delta_theta,delta_r",secondary,vectorchain,test,chirp,52,0.028601716218482915,0.03843624915815325,0.9102220003696545
seed-1729__h-4__c-32__full_relational,1729,4,32,0.1,full_relational,"dt,dy,theta,r,delta_theta,delta_r",secondary,vectorchain,test,ramp,52,0.01259787495328528,0.014832009784016404,0.9998879272192723
seed-1729__h-4__c-32__full_relational,1729,4,32,0.1,full_relational,"dt,dy,theta,r,delta_theta,delta_r",secondary,vectorchain,test,piecewise_linear,52,0.011547846958251912,0.014645810289595877,0.9999983168419773
seed-1729__h-4__c-32__full_relational,1729,4,32,0.1,full_relational,"dt,dy,theta,r,delta_theta,delta_r",secondary,vectorchain,test,first_order_response,52,0.012508158125235506,0.01570848653679031,0.9999499251701605
seed-1729__h-4__c-32__full_relational,1729,4,32,0.1,full_relational,"dt,dy,theta,r,delta_theta,delta_r",secondary,vectorchain,test,second_order_response,52,0.01193675877064637,0.01481828019375093,1.0000191086494234
seed-1729__h-4__c-32__full_relational,1729,4,32,0.1,full_relational,"dt,dy,theta,r,delta_theta,delta_r",secondary,vectorchain,test,regime_change,52,0.030706577407064308,0.037884265829356854,0.7883054695610596
seed-1729__h-16__c-32__raw,1729,16,32,,,,baseline,raw,validation,sine,51,0.03147719220698725,0.03808667061112778,
seed-1729__h-16__c-32__raw,1729,16,32,,,,baseline,raw,validation,chirp,51,0.18870375521241475,0.211424617750973,
seed-1729__h-16__c-32__raw,1729,16,32,,,,baseline,raw,validation,ramp,51,0.018207126586869266,0.021968516188559876,
seed-1729__h-16__c-32__raw,1729,16,32,,,,baseline,raw,validation,piecewise_linear,51,0.02927565515684303,0.034381587115840155,
seed-1729__h-16__c-32__raw,1729,16,32,,,,baseline,raw,validation,first_order_response,51,0.03572672123932302,0.04068206903486846,
seed-1729__h-16__c-32__raw,1729,16,32,,,,baseline,raw,validation,second_order_response,51,0.03898773558933959,0.04392911517293984,
seed-1729__h-16__c-32__raw,1729,16,32,,,,baseline,raw,validation,regime_change,51,0.3709163126455615,0.41799995207067764,
seed-1729__h-16__c-32__raw,1729,16,32,,,,baseline,raw,test,sine,52,0.02540764242802479,0.033879054353144956,
seed-1729__h-16__c-32__raw,1729,16,32,,,,baseline,raw,test,chirp,52,0.2848932154745103,0.32369689448523103,
seed-1729__h-16__c-32__raw,1729,16,32,,,,baseline,raw,test,ramp,52,0.028522552480684523,0.0334321523705819,
seed-1729__h-16__c-32__raw,1729,16,32,,,,baseline,raw,test,piecewise_linear,52,0.01845461346171429,0.023773652702192474,
seed-1729__h-16__c-32__raw,1729,16,32,,,,baseline,raw,test,first_order_response,52,0.03512940268974652,0.04120014284508577,
seed-1729__h-16__c-32__raw,1729,16,32,,,,baseline,raw,test,second_order_response,52,0.036993968407473675,0.04145343795312044,
seed-1729__h-16__c-32__raw,1729,16,32,,,,baseline,raw,test,regime_change,52,0.38408343601664624,0.4248032430322224,
seed-1729__h-16__c-32__first_difference,1729,16,32,,,,baseline,first_difference,validation,sine,51,0.08919173044685964,0.10051784823711189,
seed-1729__h-16__c-32__first_difference,1729,16,32,,,,baseline,first_difference,validation,chirp,51,0.27795499130878537,0.3106482285440044,
seed-1729__h-16__c-32__first_difference,1729,16,32,,,,baseline,first_difference,validation,ramp,51,0.019860445774649627,0.0249566869594158,
seed-1729__h-16__c-32__first_difference,1729,16,32,,,,baseline,first_difference,validation,piecewise_linear,51,0.029136996807268865,0.039015029257366024,
seed-1729__h-16__c-32__first_difference,1729,16,32,,,,baseline,first_difference,validation,first_order_response,51,0.024894158969475742,0.03150925138524204,
seed-1729__h-16__c-32__first_difference,1729,16,32,,,,baseline,first_difference,validation,second_order_response,51,0.02381099470829894,0.028834575004165718,
seed-1729__h-16__c-32__first_difference,1729,16,32,,,,baseline,first_difference,validation,regime_change,51,0.48089802324377473,0.5331429433188708,
seed-1729__h-16__c-32__first_difference,1729,16,32,,,,baseline,first_difference,test,sine,52,0.08065790262313767,0.09301911039456608,
seed-1729__h-16__c-32__first_difference,1729,16,32,,,,baseline,first_difference,test,chirp,52,0.3899165013650822,0.437551407966384,
seed-1729__h-16__c-32__first_difference,1729,16,32,,,,baseline,first_difference,test,ramp,52,0.0207435870120265,0.025227674215371535,
seed-1729__h-16__c-32__first_difference,1729,16,32,,,,baseline,first_difference,test,piecewise_linear,52,0.023797072744577267,0.03105065036625235,
seed-1729__h-16__c-32__first_difference,1729,16,32,,,,baseline,first_difference,test,first_order_response,52,0.02462771466217028,0.03079696125116268,
seed-1729__h-16__c-32__first_difference,1729,16,32,,,,baseline,first_difference,test,second_order_response,52,0.02106572548893989,0.027332407995073603,
seed-1729__h-16__c-32__first_difference,1729,16,32,,,,baseline,first_difference,test,regime_change,52,0.48239461930127453,0.531570351274743,
seed-1729__h-16__c-32__segment,1729,16,32,0.1,segment,"dt,dy",secondary,vectorchain,validation,sine,51,0.08651945431708141,0.09601352111334091,0.9999494915935939
seed-1729__h-16__c-32__segment,1729,16,32,0.1,segment,"dt,dy",secondary,vectorchain,validation,chirp,51,0.3157464232413162,0.42022747097535756,2.6273482992628066
seed-1729__h-16__c-32__segment,1729,16,32,0.1,segment,"dt,dy",secondary,vectorchain,validation,ramp,51,0.013927308081581779,0.016360343536073303,0.9376828067339884
seed-1729__h-16__c-32__segment,1729,16,32,0.1,segment,"dt,dy",secondary,vectorchain,validation,piecewise_linear,51,0.02573314308325877,0.038280572202903186,1.0122510911856497
seed-1729__h-16__c-32__segment,1729,16,32,0.1,segment,"dt,dy",secondary,vectorchain,validation,first_order_response,51,0.01609202113916077,0.019460718546303445,0.9695482294753569
seed-1729__h-16__c-32__segment,1729,16,32,0.1,segment,"dt,dy",secondary,vectorchain,validation,second_order_response,51,0.016879522400512652,0.02081469655671629,0.9338882600408233
seed-1729__h-16__c-32__segment,1729,16,32,0.1,segment,"dt,dy",secondary,vectorchain,validation,regime_change,51,0.761850509646927,0.9976616892403862,4.589530896274858
seed-1729__h-16__c-32__segment,1729,16,32,0.1,segment,"dt,dy",secondary,vectorchain,test,sine,52,0.08370644834378359,0.09275308786809937,0.9981607653964134
seed-1729__h-16__c-32__segment,1729,16,32,0.1,segment,"dt,dy",secondary,vectorchain,test,chirp,52,0.4445042576039606,0.6086945602649602,2.9784756808266355
seed-1729__h-16__c-32__segment,1729,16,32,0.1,segment,"dt,dy",secondary,vectorchain,test,ramp,52,0.013829505852266432,0.01643826193464131,0.9674890020475916
seed-1729__h-16__c-32__segment,1729,16,32,0.1,segment,"dt,dy",secondary,vectorchain,test,piecewise_linear,52,0.015070587258843039,0.01927031015732636,1.0369910703858618
seed-1729__h-16__c-32__segment,1729,16,32,0.1,segment,"dt,dy",secondary,vectorchain,test,first_order_response,52,0.016390162414553898,0.02100131570477263,0.9851622156157992
seed-1729__h-16__c-32__segment,1729,16,32,0.1,segment,"dt,dy",secondary,vectorchain,test,second_order_response,52,0.01522106892597666,0.01925318668938896,1.020679760690889
seed-1729__h-16__c-32__segment,1729,16,32,0.1,segment,"dt,dy",secondary,vectorchain,test,regime_change,52,0.6248087625674608,0.8854924015103856,4.238084570634342
seed-1729__h-16__c-32__absolute_geometry,1729,16,32,0.1,absolute_geometry,"dt,dy,theta,r",reference,vectorchain,validation,sine,51,0.08593214384899672,0.09601837084823817,1.0
seed-1729__h-16__c-32__absolute_geometry,1729,16,32,0.1,absolute_geometry,"dt,dy,theta,r",reference,vectorchain,validation,chirp,51,0.13724542245728072,0.15994357165864417,1.0
seed-1729__h-16__c-32__absolute_geometry,1729,16,32,0.1,absolute_geometry,"dt,dy,theta,r",reference,vectorchain,validation,ramp,51,0.014874357669698782,0.01744763092442472,1.0
seed-1729__h-16__c-32__absolute_geometry,1729,16,32,0.1,absolute_geometry,"dt,dy,theta,r",reference,vectorchain,validation,piecewise_linear,51,0.02593964463173177,0.037817269387247734,1.0
seed-1729__h-16__c-32__absolute_geometry,1729,16,32,0.1,absolute_geometry,"dt,dy,theta,r",reference,vectorchain,validation,first_order_response,51,0.01666790273805535,0.020071944803441138,1.0
seed-1729__h-16__c-32__absolute_geometry,1729,16,32,0.1,absolute_geometry,"dt,dy,theta,r",reference,vectorchain,validation,second_order_response,51,0.017883538249428024,0.022288208822548443,1.0
seed-1729__h-16__c-32__absolute_geometry,1729,16,32,0.1,absolute_geometry,"dt,dy,theta,r",reference,vectorchain,validation,regime_change,51,0.17147992401253206,0.21737770412443438,1.0
seed-1729__h-16__c-32__absolute_geometry,1729,16,32,0.1,absolute_geometry,"dt,dy,theta,r",reference,vectorchain,test,sine,52,0.08388309898439965,0.09292399689869903,1.0
seed-1729__h-16__c-32__absolute_geometry,1729,16,32,0.1,absolute_geometry,"dt,dy,theta,r",reference,vectorchain,test,chirp,52,0.15644946404569515,0.2043644553431523,1.0
seed-1729__h-16__c-32__absolute_geometry,1729,16,32,0.1,absolute_geometry,"dt,dy,theta,r",reference,vectorchain,test,ramp,52,0.01442983048979362,0.01699064475136297,1.0
seed-1729__h-16__c-32__absolute_geometry,1729,16,32,0.1,absolute_geometry,"dt,dy,theta,r",reference,vectorchain,test,piecewise_linear,52,0.014689057189778339,0.01858290848170556,1.0
seed-1729__h-16__c-32__absolute_geometry,1729,16,32,0.1,absolute_geometry,"dt,dy,theta,r",reference,vectorchain,test,first_order_response,52,0.016842837653191917,0.021317621983345407,1.0
seed-1729__h-16__c-32__absolute_geometry,1729,16,32,0.1,absolute_geometry,"dt,dy,theta,r",reference,vectorchain,test,second_order_response,52,0.0146562924961692,0.018863102248992035,1.0
seed-1729__h-16__c-32__absolute_geometry,1729,16,32,0.1,absolute_geometry,"dt,dy,theta,r",reference,vectorchain,test,regime_change,52,0.16144378876534082,0.20893693524804957,1.0
seed-1729__h-16__c-32__turning_matched,1729,16,32,0.1,turning_matched,"dt,dy,theta,delta_theta",capacity_control,vectorchain,validation,sine,51,0.08659431379183932,0.09604274357870969,1.0002538340346354
seed-1729__h-16__c-32__turning_matched,1729,16,32,0.1,turning_matched,"dt,dy,theta,delta_theta",capacity_control,vectorchain,validation,chirp,51,0.10776712761401393,0.1384486485408209,0.8656093339987535
seed-1729__h-16__c-32__turning_matched,1729,16,32,0.1,turning_matched,"dt,dy,theta,delta_theta",capacity_control,vectorchain,validation,ramp,51,0.013880119248724088,0.016311095329675913,0.9348601767385059
seed-1729__h-16__c-32__turning_matched,1729,16,32,0.1,turning_matched,"dt,dy,theta,delta_theta",capacity_control,vectorchain,validation,piecewise_linear,51,0.025738656789083943,0.038265610173392826,1.0118554510521132
seed-1729__h-16__c-32__turning_matched,1729,16,32,0.1,turning_matched,"dt,dy,theta,delta_theta",capacity_control,vectorchain,validation,first_order_response,51,0.01605242440527896,0.019422643736339427,0.9676513126425899
seed-1729__h-16__c-32__turning_matched,1729,16,32,0.1,turning_matched,"dt,dy,theta,delta_theta",capacity_control,vectorchain,validation,second_order_response,51,0.016833924123037334,0.020723161764405924,0.9297813893165251
seed-1729__h-16__c-32__turning_matched,1729,16,32,0.1,turning_matched,"dt,dy,theta,delta_theta",capacity_control,vectorchain,validation,regime_change,51,0.11604094522784587,0.16278095505309928,0.748839241396707
seed-1729__h-16__c-32__turning_matched,1729,16,32,0.1,turning_matched,"dt,dy,theta,delta_theta",capacity_control,vectorchain,test,sine,52,0.08383656771383005,0.0928521864383792,0.9992272129620284
seed-1729__h-16__c-32__turning_matched,1729,16,32,0.1,turning_matched,"dt,dy,theta,delta_theta",capacity_control,vectorchain,test,chirp,52,0.10966190515114715,0.14933574257847892,0.7307324667967646
seed-1729__h-16__c-32__turning_matched,1729,16,32,0.1,turning_matched,"dt,dy,theta,delta_theta",capacity_control,vectorchain,test,ramp,52,0.013808827005091182,0.016411211276573995,0.9658969107253864
seed-1729__h-16__c-32__turning_matched,1729,16,32,0.1,turning_matched,"dt,dy,theta,delta_theta",capacity_control,vectorchain,test,piecewise_linear,52,0.015141765346606294,0.01934698669981519,1.0411172566911067
seed-1729__h-16__c-32__turning_matched,1729,16,32,0.1,turning_matched,"dt,dy,theta,delta_theta",capacity_control,vectorchain,test,first_order_response,52,0.016354669141089632,0.02097629024595493,0.9839882826678724
seed-1729__h-16__c-32__turning_matched,1729,16,32,0.1,turning_matched,"dt,dy,theta,delta_theta",capacity_control,vectorchain,test,second_order_response,52,0.015255037456207151,0.019264765005792023,1.021293568337703
seed-1729__h-16__c-32__turning_matched,1729,16,32,0.1,turning_matched,"dt,dy,theta,delta_theta",capacity_control,vectorchain,test,regime_change,52,0.11025368580923302,0.16871010766861924,0.8074690454721511
seed-1729__h-16__c-32__turning,1729,16,32,0.1,turning,"dt,dy,theta,r,delta_theta",primary,vectorchain,validation,sine,51,0.08593759102367644,0.09602011819673902,1.0000181980644476
seed-1729__h-16__c-32__turning,1729,16,32,0.1,turning,"dt,dy,theta,r,delta_theta",primary,vectorchain,validation,chirp,51,0.109606824202787,0.1416508302130907,0.8856300302922187
seed-1729__h-16__c-32__turning,1729,16,32,0.1,turning,"dt,dy,theta,r,delta_theta",primary,vectorchain,validation,ramp,51,0.0148345629837292,0.017397725751952826,0.9971397164068829
seed-1729__h-16__c-32__turning,1729,16,32,0.1,turning,"dt,dy,theta,r,delta_theta",primary,vectorchain,validation,piecewise_linear,51,0.025917524982630186,0.037863027568848476,1.0012099811102748
seed-1729__h-16__c-32__turning,1729,16,32,0.1,turning,"dt,dy,theta,r,delta_theta",primary,vectorchain,validation,first_order_response,51,0.01664952199113145,0.020051863286178525,0.9989995230925919
seed-1729__h-16__c-32__turning,1729,16,32,0.1,turning,"dt,dy,theta,r,delta_theta",primary,vectorchain,validation,second_order_response,51,0.017851247376108017,0.022242330944825854,0.9979416076864743
seed-1729__h-16__c-32__turning,1729,16,32,0.1,turning,"dt,dy,theta,r,delta_theta",primary,vectorchain,validation,regime_change,51,0.12858966005470412,0.18248590265986742,0.8394876714467749
seed-1729__h-16__c-32__turning,1729,16,32,0.1,turning,"dt,dy,theta,r,delta_theta",primary,vectorchain,test,sine,52,0.08374611065918844,0.09281709076645385,0.9988495314901088
seed-1729__h-16__c-32__turning,1729,16,32,0.1,turning,"dt,dy,theta,r,delta_theta",primary,vectorchain,test,chirp,52,0.1161641152711479,0.16499789169596416,0.8073707896948763
seed-1729__h-16__c-32__turning,1729,16,32,0.1,turning,"dt,dy,theta,r,delta_theta",primary,vectorchain,test,ramp,52,0.014403192262906196,0.016963040093182863,0.9983753024923969
seed-1729__h-16__c-32__turning,1729,16,32,0.1,turning,"dt,dy,theta,r,delta_theta",primary,vectorchain,test,piecewise_linear,52,0.01470063922682151,0.01859917059610496,1.0008751113645857
seed-1729__h-16__c-32__turning,1729,16,32,0.1,turning,"dt,dy,theta,r,delta_theta",primary,vectorchain,test,first_order_response,52,0.016828674417799297,0.02131009721299775,0.9996470164283082
seed-1729__h-16__c-32__turning,1729,16,32,0.1,turning,"dt,dy,theta,r,delta_theta",primary,vectorchain,test,second_order_response,52,0.014671261450017712,0.018884493403676258,1.0011340210322703
seed-1729__h-16__c-32__turning,1729,16,32,0.1,turning,"dt,dy,theta,r,delta_theta",primary,vectorchain,test,regime_change,52,0.11061105554808558,0.17110697119390608,0.8189407535377514
seed-1729__h-16__c-32__full_relational,1729,16,32,0.1,full_relational,"dt,dy,theta,r,delta_theta,delta_r",secondary,vectorchain,validation,sine,51,0.085938252933695,0.09602049089776532,1.000022079624018
seed-1729__h-16__c-32__full_relational,1729,16,32,0.1,full_relational,"dt,dy,theta,r,delta_theta,delta_r",secondary,vectorchain,validation,chirp,51,0.11110159417940257,0.14352443672848594,0.8973442023340558
seed-1729__h-16__c-32__full_relational,1729,16,32,0.1,full_relational,"dt,dy,theta,r,delta_theta,delta_r",secondary,vectorchain,validation,ramp,51,0.014835359376364566,0.017398679550543056,0.997194382773587
seed-1729__h-16__c-32__full_relational,1729,16,32,0.1,full_relational,"dt,dy,theta,r,delta_theta,delta_r",secondary,vectorchain,validation,piecewise_linear,51,0.02591758699610293,0.037863160577522974,1.001213498251429
seed-1729__h-16__c-32__full_relational,1729,16,32,0.1,full_relational,"dt,dy,theta,r,delta_theta,delta_r",secondary,vectorchain,validation,first_order_response,51,0.016650186537192316,0.020052661321152222,0.9990392818195868
seed-1729__h-16__c-32__full_relational,1729,16,32,0.1,full_relational,"dt,dy,theta,r,delta_theta,delta_r",secondary,vectorchain,validation,second_order_response,51,0.017852471595579587,0.02224378005162959,0.9980066244321121
seed-1729__h-16__c-32__full_relational,1729,16,32,0.1,full_relational,"dt,dy,theta,r,delta_theta,delta_r",secondary,vectorchain,validation,regime_change,51,0.13555682027727933,0.18696433383128816,0.8600897437221225
seed-1729__h-16__c-32__full_relational,1729,16,32,0.1,full_relational,"dt,dy,theta,r,delta_theta,delta_r",secondary,vectorchain,test,sine,52,0.08374487090373642,0.09281610265794699,0.9988388979773475
seed-1729__h-16__c-32__full_relational,1729,16,32,0.1,full_relational,"dt,dy,theta,r,delta_theta,delta_r",secondary,vectorchain,test,chirp,52,0.11529960141018597,0.16600869410106361,0.8123168670516367
seed-1729__h-16__c-32__full_relational,1729,16,32,0.1,full_relational,"dt,dy,theta,r,delta_theta,delta_r",secondary,vectorchain,test,ramp,52,0.014403773636124634,0.016963654998714457,0.9984114933221502
seed-1729__h-16__c-32__full_relational,1729,16,32,0.1,full_relational,"dt,dy,theta,r,delta_theta,delta_r",secondary,vectorchain,test,piecewise_linear,52,0.01470046274894659,0.01859886234616163,1.0008585235444591
seed-1729__h-16__c-32__full_relational,1729,16,32,0.1,full_relational,"dt,dy,theta,r,delta_theta,delta_r",secondary,vectorchain,test,first_order_response,52,0.01682932016299711,0.021310684251868415,0.9996745541560681
seed-1729__h-16__c-32__full_relational,1729,16,32,0.1,full_relational,"dt,dy,theta,r,delta_theta,delta_r",secondary,vectorchain,test,second_order_response,52,0.014671398612270221,0.018884621888220238,1.00114083245397
seed-1729__h-16__c-32__full_relational,1729,16,32,0.1,full_relational,"dt,dy,theta,r,delta_theta,delta_r",secondary,vectorchain,test,regime_change,52,0.11996380548951516,0.1771378876452658,0.8478055229199567
seed-1729__h-1__c-64__raw,1729,1,64,,,,baseline,raw,validation,sine,51,0.011757101851168392,0.015029706769010236,
seed-1729__h-1__c-64__raw,1729,1,64,,,,baseline,raw,validation,chirp,51,0.015064843822573703,0.018710094712366558,
seed-1729__h-1__c-64__raw,1729,1,64,,,,baseline,raw,validation,ramp,51,0.011404794135632447,0.013940441072753294,
seed-1729__h-1__c-64__raw,1729,1,64,,,,baseline,raw,validation,piecewise_linear,51,0.014009206010980964,0.01712272390982129,
seed-1729__h-1__c-64__raw,1729,1,64,,,,baseline,raw,validation,first_order_response,51,0.010797650218949685,0.014392996526896433,
seed-1729__h-1__c-64__raw,1729,1,64,,,,baseline,raw,validation,second_order_response,51,0.010747164678325887,0.013537578768602718,
seed-1729__h-1__c-64__raw,1729,1,64,,,,baseline,raw,validation,regime_change,51,0.02563170870469631,0.03013148028170603,
seed-1729__h-1__c-64__raw,1729,1,64,,,,baseline,raw,test,sine,51,0.011282155173349484,0.014294061399136321,
seed-1729__h-1__c-64__raw,1729,1,64,,,,baseline,raw,test,chirp,51,0.02317149074000194,0.027794705774332816,
seed-1729__h-1__c-64__raw,1729,1,64,,,,baseline,raw,test,ramp,51,0.01126896209845602,0.01402255234725978,
seed-1729__h-1__c-64__raw,1729,1,64,,,,baseline,raw,test,piecewise_linear,51,0.009422655988401502,0.011016021616815318,
seed-1729__h-1__c-64__raw,1729,1,64,,,,baseline,raw,test,first_order_response,51,0.009777283973110448,0.012040765120832173,
seed-1729__h-1__c-64__raw,1729,1,64,,,,baseline,raw,test,second_order_response,51,0.011195563396740129,0.014245501707233297,
seed-1729__h-1__c-64__raw,1729,1,64,,,,baseline,raw,test,regime_change,51,0.028984929211407207,0.0336875907483785,
seed-1729__h-1__c-64__first_difference,1729,1,64,,,,baseline,first_difference,validation,sine,51,0.011682920873286273,0.015137475322367333,
seed-1729__h-1__c-64__first_difference,1729,1,64,,,,baseline,first_difference,validation,chirp,51,0.02655218841195044,0.03135309470530502,
seed-1729__h-1__c-64__first_difference,1729,1,64,,,,baseline,first_difference,validation,ramp,51,0.009935817749116208,0.012497154275445996,
seed-1729__h-1__c-64__first_difference,1729,1,64,,,,baseline,first_difference,validation,piecewise_linear,51,0.012819645991279568,0.015590658478815128,
seed-1729__h-1__c-64__first_difference,1729,1,64,,,,baseline,first_difference,validation,first_order_response,51,0.009129475585031289,0.01240872012333901,
seed-1729__h-1__c-64__first_difference,1729,1,64,,,,baseline,first_difference,validation,second_order_response,51,0.009561558547597968,0.011958382060876694,
seed-1729__h-1__c-64__first_difference,1729,1,64,,,,baseline,first_difference,validation,regime_change,51,0.04595975018216763,0.050419872240364996,
seed-1729__h-1__c-64__first_difference,1729,1,64,,,,baseline,first_difference,test,sine,51,0.011504759904008633,0.015363575562806238,
seed-1729__h-1__c-64__first_difference,1729,1,64,,,,baseline,first_difference,test,chirp,51,0.03807625167500739,0.0435738852029126,
seed-1729__h-1__c-64__first_difference,1729,1,64,,,,baseline,first_difference,test,ramp,51,0.010825866407560478,0.01330667837065006,
seed-1729__h-1__c-64__first_difference,1729,1,64,,,,baseline,first_difference,test,piecewise_linear,51,0.008312198686859966,0.010222303442826522,
seed-1729__h-1__c-64__first_difference,1729,1,64,,,,baseline,first_difference,test,first_order_response,51,0.009201072540331808,0.011374166337012796,
seed-1729__h-1__c-64__first_difference,1729,1,64,,,,baseline,first_difference,test,second_order_response,51,0.010703752594569052,0.013660532762564492,
seed-1729__h-1__c-64__first_difference,1729,1,64,,,,baseline,first_difference,test,regime_change,51,0.047070637856689454,0.053425641365017665,
seed-1729__h-1__c-64__segment,1729,1,64,0.1,segment,"dt,dy",secondary,vectorchain,validation,sine,51,0.012368974211299363,0.01565532261537966,1.0331752339380762
seed-1729__h-1__c-64__segment,1729,1,64,0.1,segment,"dt,dy",secondary,vectorchain,validation,chirp,51,0.018326481847919966,0.022840039163445434,1.455920267900647
seed-1729__h-1__c-64__segment,1729,1,64,0.1,segment,"dt,dy",secondary,vectorchain,validation,ramp,51,0.011204573991825376,0.013633087532218122,0.999058860211896
seed-1729__h-1__c-64__segment,1729,1,64,0.1,segment,"dt,dy",secondary,vectorchain,validation,piecewise_linear,51,0.014285944726247054,0.017482744612867168,0.9811646965039015
seed-1729__h-1__c-64__segment,1729,1,64,0.1,segment,"dt,dy",secondary,vectorchain,validation,first_order_response,51,0.010414106655821279,0.013868311359323466,1.0016127171730804
seed-1729__h-1__c-64__segment,1729,1,64,0.1,segment,"dt,dy",secondary,vectorchain,validation,second_order_response,51,0.010943095355644545,0.013746644256194101,0.9967806730411014
seed-1729__h-1__c-64__segment,1729,1,64,0.1,segment,"dt,dy",secondary,vectorchain,validation,regime_change,51,0.024471805334040524,0.02946340787157976,1.395619462040227
seed-1729__h-1__c-64__segment,1729,1,64,0.1,segment,"dt,dy",secondary,vectorchain,test,sine,51,0.013270377048263117,0.017415721351856234,1.1914607541710203
seed-1729__h-1__c-64__segment,1729,1,64,0.1,segment,"dt,dy",secondary,vectorchain,test,chirp,51,0.022785182322264383,0.026831045623644616,1.302909942036358
seed-1729__h-1__c-64__segment,1729,1,64,0.1,segment,"dt,dy",secondary,vectorchain,test,ramp,51,0.011482615612058473,0.014242403188067548,1.0042483058519032
seed-1729__h-1__c-64__segment,1729,1,64,0.1,segment,"dt,dy",secondary,vectorchain,test,piecewise_linear,51,0.009359875985477486,0.010966931622910202,0.9920068133721096
seed-1729__h-1__c-64__segment,1729,1,64,0.1,segment,"dt,dy",secondary,vectorchain,test,first_order_response,51,0.010517227555133074,0.01252267512580043,1.0026321493987578
seed-1729__h-1__c-64__segment,1729,1,64,0.1,segment,"dt,dy",secondary,vectorchain,test,second_order_response,51,0.011345489687428928,0.014226082856959553,0.999366354439556
seed-1729__h-1__c-64__segment,1729,1,64,0.1,segment,"dt,dy",secondary,vectorchain,test,regime_change,51,0.02696758141244583,0.03306662358926131,1.6784659715448282
seed-1729__h-1__c-64__absolute_geometry,1729,1,64,0.1,absolute_geometry,"dt,dy,theta,r",reference,vectorchain,validation,sine,51,0.012051108905108502,0.015152630552038542,1.0
seed-1729__h-1__c-64__absolute_geometry,1729,1,64,0.1,absolute_geometry,"dt,dy,theta,r",reference,vectorchain,validation,chirp,51,0.013114750045885294,0.015687699159775727,1.0
seed-1729__h-1__c-64__absolute_geometry,1729,1,64,0.1,absolute_geometry,"dt,dy,theta,r",reference,vectorchain,validation,ramp,51,0.011207404697001861,0.013645930260131623,1.0
seed-1729__h-1__c-64__absolute_geometry,1729,1,64,0.1,absolute_geometry,"dt,dy,theta,r",reference,vectorchain,validation,piecewise_linear,51,0.014632718082689946,0.017818358808833937,1.0
seed-1729__h-1__c-64__absolute_geometry,1729,1,64,0.1,absolute_geometry,"dt,dy,theta,r",reference,vectorchain,validation,first_order_response,51,0.010393454412664826,0.013845981706846679,1.0
seed-1729__h-1__c-64__absolute_geometry,1729,1,64,0.1,absolute_geometry,"dt,dy,theta,r",reference,vectorchain,validation,second_order_response,51,0.010955377419950483,0.01379104212991424,1.0
seed-1729__h-1__c-64__absolute_geometry,1729,1,64,0.1,absolute_geometry,"dt,dy,theta,r",reference,vectorchain,validation,regime_change,51,0.016293583489824875,0.02111134780859807,1.0
seed-1729__h-1__c-64__absolute_geometry,1729,1,64,0.1,absolute_geometry,"dt,dy,theta,r",reference,vectorchain,test,sine,51,0.011344075849557237,0.01461711708999893,1.0
seed-1729__h-1__c-64__absolute_geometry,1729,1,64,0.1,absolute_geometry,"dt,dy,theta,r",reference,vectorchain,test,chirp,51,0.016987617974278182,0.020593169764066388,1.0
seed-1729__h-1__c-64__absolute_geometry,1729,1,64,0.1,absolute_geometry,"dt,dy,theta,r",reference,vectorchain,test,ramp,51,0.011431137670151642,0.014182153064212269,1.0
seed-1729__h-1__c-64__absolute_geometry,1729,1,64,0.1,absolute_geometry,"dt,dy,theta,r",reference,vectorchain,test,piecewise_linear,51,0.009434456460623708,0.011055298688554894,1.0
seed-1729__h-1__c-64__absolute_geometry,1729,1,64,0.1,absolute_geometry,"dt,dy,theta,r",reference,vectorchain,test,first_order_response,51,0.010481366948805054,0.01248980010596092,1.0
seed-1729__h-1__c-64__absolute_geometry,1729,1,64,0.1,absolute_geometry,"dt,dy,theta,r",reference,vectorchain,test,second_order_response,51,0.011367857516337643,0.014235102866693496,1.0
seed-1729__h-1__c-64__absolute_geometry,1729,1,64,0.1,absolute_geometry,"dt,dy,theta,r",reference,vectorchain,test,regime_change,51,0.01586844164607651,0.019700502810210335,1.0
seed-1729__h-1__c-64__turning_matched,1729,1,64,0.1,turning_matched,"dt,dy,theta,delta_theta",capacity_control,vectorchain,validation,sine,51,0.012061675728327701,0.015185220437514779,1.0021507741091102
seed-1729__h-1__c-64__turning_matched,1729,1,64,0.1,turning_matched,"dt,dy,theta,delta_theta",capacity_control,vectorchain,validation,chirp,51,0.013047604959284842,0.015744622816873003,1.0036285535895049
seed-1729__h-1__c-64__turning_matched,1729,1,64,0.1,turning_matched,"dt,dy,theta,delta_theta",capacity_control,vectorchain,validation,ramp,51,0.011206927659163297,0.013644891594516949,0.9999238845872085
seed-1729__h-1__c-64__turning_matched,1729,1,64,0.1,turning_matched,"dt,dy,theta,delta_theta",capacity_control,vectorchain,validation,piecewise_linear,51,0.014632436819789773,0.01782034562454175,1.0001115038556092
seed-1729__h-1__c-64__turning_matched,1729,1,64,0.1,turning_matched,"dt,dy,theta,delta_theta",capacity_control,vectorchain,validation,first_order_response,51,0.010393305124489481,0.013845787594127378,0.999985980573757
seed-1729__h-1__c-64__turning_matched,1729,1,64,0.1,turning_matched,"dt,dy,theta,delta_theta",capacity_control,vectorchain,validation,second_order_response,51,0.010956601679709896,0.013791696372296035,1.000047439662328
seed-1729__h-1__c-64__turning_matched,1729,1,64,0.1,turning_matched,"dt,dy,theta,delta_theta",capacity_control,vectorchain,validation,regime_change,51,0.016517983745476274,0.021640735234533384,1.0250759653402948
seed-1729__h-1__c-64__turning_matched,1729,1,64,0.1,turning_matched,"dt,dy,theta,delta_theta",capacity_control,vectorchain,test,sine,51,0.011373269661541365,0.014641421427154931,1.0016627312353288
seed-1729__h-1__c-64__turning_matched,1729,1,64,0.1,turning_matched,"dt,dy,theta,delta_theta",capacity_control,vectorchain,test,chirp,51,0.01668430426724096,0.020768957544039582,1.0085362176870862
seed-1729__h-1__c-64__turning_matched,1729,1,64,0.1,turning_matched,"dt,dy,theta,delta_theta",capacity_control,vectorchain,test,ramp,51,0.01143307966413319,0.014184318355630702,1.0001526771999025
seed-1729__h-1__c-64__turning_matched,1729,1,64,0.1,turning_matched,"dt,dy,theta,delta_theta",capacity_control,vectorchain,test,piecewise_linear,51,0.009434847322924475,0.011055700553738664,1.0000363504591863
seed-1729__h-1__c-64__turning_matched,1729,1,64,0.1,turning_matched,"dt,dy,theta,delta_theta",capacity_control,vectorchain,test,first_order_response,51,0.010484303279724067,0.012492417253427136,1.0002095427824316
seed-1729__h-1__c-64__turning_matched,1729,1,64,0.1,turning_matched,"dt,dy,theta,delta_theta",capacity_control,vectorchain,test,second_order_response,51,0.011369112092140116,0.014236073260453955,1.000068169072577
seed-1729__h-1__c-64__turning_matched,1729,1,64,0.1,turning_matched,"dt,dy,theta,delta_theta",capacity_control,vectorchain,test,regime_change,51,0.015282967882283628,0.018990203674850183,0.9639451265684438
seed-1729__h-1__c-64__turning,1729,1,64,0.1,turning,"dt,dy,theta,r,delta_theta",primary,vectorchain,validation,sine,51,0.012066452982850362,0.015187310630545141,1.0022887166942729
seed-1729__h-1__c-64__turning,1729,1,64,0.1,turning,"dt,dy,theta,r,delta_theta",primary,vectorchain,validation,chirp,51,0.01305026023568924,0.01574500246330425,1.0036527538515942
seed-1729__h-1__c-64__turning,1729,1,64,0.1,turning,"dt,dy,theta,r,delta_theta",primary,vectorchain,validation,ramp,51,0.011207444688884722,0.013645866614334704,0.9999953359136603
seed-1729__h-1__c-64__turning,1729,1,64,0.1,turning,"dt,dy,theta,r,delta_theta",primary,vectorchain,validation,piecewise_linear,51,0.014630704524193808,0.0178191919895429,1.0000467596773588
seed-1729__h-1__c-64__turning,1729,1,64,0.1,turning,"dt,dy,theta,r,delta_theta",primary,vectorchain,validation,first_order_response,51,0.010393873751754504,0.013846439775130419,1.0000330831206798
seed-1729__h-1__c-64__turning,1729,1,64,0.1,turning,"dt,dy,theta,r,delta_theta",primary,vectorchain,validation,second_order_response,51,0.01095485694110162,0.013789920321338434,0.9999186567218605
seed-1729__h-1__c-64__turning,1729,1,64,0.1,turning,"dt,dy,theta,r,delta_theta",primary,vectorchain,validation,regime_change,51,0.01651054042024225,0.021633963946981496,1.024755223736619
seed-1729__h-1__c-64__turning,1729,1,64,0.1,turning,"dt,dy,theta,r,delta_theta",primary,vectorchain,test,sine,51,0.011368460866066509,0.014637399940734139,1.001387609513581
seed-1729__h-1__c-64__turning,1729,1,64,0.1,turning,"dt,dy,theta,r,delta_theta",primary,vectorchain,test,chirp,51,0.016713028777998646,0.020785590922965547,1.009343931075386
seed-1729__h-1__c-64__turning,1729,1,64,0.1,turning,"dt,dy,theta,r,delta_theta",primary,vectorchain,test,ramp,51,0.011431708857219253,0.01418281510508408,1.000046681266858
seed-1729__h-1__c-64__turning,1729,1,64,0.1,turning,"dt,dy,theta,r,delta_theta",primary,vectorchain,test,piecewise_linear,51,0.009432930938286494,0.011053341460519787,0.9998229601849534
seed-1729__h-1__c-64__turning,1729,1,64,0.1,turning,"dt,dy,theta,r,delta_theta",primary,vectorchain,test,first_order_response,51,0.010481458926724176,0.012489897943247015,1.0000078333748552
seed-1729__h-1__c-64__turning,1729,1,64,0.1,turning,"dt,dy,theta,r,delta_theta",primary,vectorchain,test,second_order_response,51,0.011367180506525867,0.014234714294733825,0.9999727032559365
seed-1729__h-1__c-64__turning,1729,1,64,0.1,turning,"dt,dy,theta,r,delta_theta",primary,vectorchain,test,regime_change,51,0.015303721801814609,0.019006701135149195,0.9647825397277902
seed-1729__h-1__c-64__full_relational,1729,1,64,0.1,full_relational,"dt,dy,theta,r,delta_theta,delta_r",secondary,vectorchain,validation,sine,51,0.012230099210152254,0.015360696575537947,1.0137313466981754
seed-1729__h-1__c-64__full_relational,1729,1,64,0.1,full_relational,"dt,dy,theta,r,delta_theta,delta_r",secondary,vectorchain,validation,chirp,51,0.017820043568675226,0.021614015532718783,1.3777683593103642
seed-1729__h-1__c-64__full_relational,1729,1,64,0.1,full_relational,"dt,dy,theta,r,delta_theta,delta_r",secondary,vectorchain,validation,ramp,51,0.011205927314567226,0.01364215364359723,0.9997232422808559
seed-1729__h-1__c-64__full_relational,1729,1,64,0.1,full_relational,"dt,dy,theta,r,delta_theta,delta_r",secondary,vectorchain,validation,piecewise_linear,51,0.01463364066570077,0.01782894457582199,1.00059409326648
seed-1729__h-1__c-64__full_relational,1729,1,64,0.1,full_relational,"dt,dy,theta,r,delta_theta,delta_r",secondary,vectorchain,validation,first_order_response,51,0.010394489293719533,0.013847025460800348,1.000075383167172
seed-1729__h-1__c-64__full_relational,1729,1,64,0.1,full_relational,"dt,dy,theta,r,delta_theta,delta_r",secondary,vectorchain,validation,second_order_response,51,0.010958318647880778,0.013790054097969963,0.9999283569773068
seed-1729__h-1__c-64__full_relational,1729,1,64,0.1,full_relational,"dt,dy,theta,r,delta_theta,delta_r",secondary,vectorchain,validation,regime_change,51,0.024257052250441676,0.030454631151496356,1.4425716172935688
seed-1729__h-1__c-64__full_relational,1729,1,64,0.1,full_relational,"dt,dy,theta,r,delta_theta,delta_r",secondary,vectorchain,test,sine,51,0.011322499083524815,0.01455761549545025,0.9959293207968217
seed-1729__h-1__c-64__full_relational,1729,1,64,0.1,full_relational,"dt,dy,theta,r,delta_theta,delta_r",secondary,vectorchain,test,chirp,51,0.023763445924639668,0.032163324253848595,1.5618442727535466
seed-1729__h-1__c-64__full_relational,1729,1,64,0.1,full_relational,"dt,dy,theta,r,delta_theta,delta_r",secondary,vectorchain,test,ramp,51,0.011440146675425368,0.014192349647768202,1.0007189728886556
seed-1729__h-1__c-64__full_relational,1729,1,64,0.1,full_relational,"dt,dy,theta,r,delta_theta,delta_r",secondary,vectorchain,test,piecewise_linear,51,0.009430741746623863,0.011050264236734851,0.9995446118678589
seed-1729__h-1__c-64__full_relational,1729,1,64,0.1,full_relational,"dt,dy,theta,r,delta_theta,delta_r",secondary,vectorchain,test,first_order_response,51,0.010491848492436538,0.012499214248958878,1.0007537464905836
seed-1729__h-1__c-64__full_relational,1729,1,64,0.1,full_relational,"dt,dy,theta,r,delta_theta,delta_r",secondary,vectorchain,test,second_order_response,51,0.011369761999174818,0.014237040240387628,1.0001360983276535
seed-1729__h-1__c-64__full_relational,1729,1,64,0.1,full_relational,"dt,dy,theta,r,delta_theta,delta_r",secondary,vectorchain,test,regime_change,51,0.022059852550220048,0.02759830735087158,1.4008935516390977
seed-1729__h-4__c-64__raw,1729,4,64,,,,baseline,raw,validation,sine,51,0.015108333501613638,0.01880741338923777,
seed-1729__h-4__c-64__raw,1729,4,64,,,,baseline,raw,validation,chirp,51,0.059579035792201876,0.067985303280968,
seed-1729__h-4__c-64__raw,1729,4,64,,,,baseline,raw,validation,ramp,51,0.009328193751286172,0.011836838020883004,
seed-1729__h-4__c-64__raw,1729,4,64,,,,baseline,raw,validation,piecewise_linear,51,0.01244973052603953,0.016263171504961815,
seed-1729__h-4__c-64__raw,1729,4,64,,,,baseline,raw,validation,first_order_response,51,0.014345273109090862,0.0171554742967118,
seed-1729__h-4__c-64__raw,1729,4,64,,,,baseline,raw,validation,second_order_response,51,0.014724365896223461,0.01823346187637251,
seed-1729__h-4__c-64__raw,1729,4,64,,,,baseline,raw,validation,regime_change,51,0.11157417827787446,0.12622009794840564,
seed-1729__h-4__c-64__raw,1729,4,64,,,,baseline,raw,test,sine,52,0.014188785842396615,0.01766928294199918,
seed-1729__h-4__c-64__raw,1729,4,64,,,,baseline,raw,test,chirp,52,0.08591902494184103,0.09773431285437245,
seed-1729__h-4__c-64__raw,1729,4,64,,,,baseline,raw,test,ramp,52,0.013740406519307757,0.01654073950438945,
seed-1729__h-4__c-64__raw,1729,4,64,,,,baseline,raw,test,piecewise_linear,52,0.011985469224182052,0.015030910744977892,
seed-1729__h-4__c-64__raw,1729,4,64,,,,baseline,raw,test,first_order_response,52,0.01460777355420004,0.01791286770123843,
seed-1729__h-4__c-64__raw,1729,4,64,,,,baseline,raw,test,second_order_response,52,0.014920007037508934,0.017815657860679516,
seed-1729__h-4__c-64__raw,1729,4,64,,,,baseline,raw,test,regime_change,52,0.11375979852219949,0.12805873817150554,
seed-1729__h-4__c-64__first_difference,1729,4,64,,,,baseline,first_difference,validation,sine,51,0.03150115313792159,0.037101558990010886,
seed-1729__h-4__c-64__first_difference,1729,4,64,,,,baseline,first_difference,validation,chirp,51,0.08940441918193269,0.10100033802268427,
seed-1729__h-4__c-64__first_difference,1729,4,64,,,,baseline,first_difference,validation,ramp,51,0.010702986081762312,0.013272660285446854,
seed-1729__h-4__c-64__first_difference,1729,4,64,,,,baseline,first_difference,validation,piecewise_linear,51,0.01558150093029362,0.018903284499943735,
seed-1729__h-4__c-64__first_difference,1729,4,64,,,,baseline,first_difference,validation,first_order_response,51,0.013657800611580923,0.016962686963120102,
seed-1729__h-4__c-64__first_difference,1729,4,64,,,,baseline,first_difference,validation,second_order_response,51,0.013348760359021286,0.016006025055621757,
seed-1729__h-4__c-64__first_difference,1729,4,64,,,,baseline,first_difference,validation,regime_change,51,0.14514354401799207,0.16113989857671446,
seed-1729__h-4__c-64__first_difference,1729,4,64,,,,baseline,first_difference,test,sine,52,0.02788672936356038,0.034572394195955404,
seed-1729__h-4__c-64__first_difference,1729,4,64,,,,baseline,first_difference,test,chirp,52,0.11630881219297752,0.13021880310757425,
seed-1729__h-4__c-64__first_difference,1729,4,64,,,,baseline,first_difference,test,ramp,52,0.013625538960093176,0.01610177925222955,
seed-1729__h-4__c-64__first_difference,1729,4,64,,,,baseline,first_difference,test,piecewise_linear,52,0.01316141367881332,0.01694112690393926,
seed-1729__h-4__c-64__first_difference,1729,4,64,,,,baseline,first_difference,test,first_order_response,52,0.01399135908378175,0.017099246575774864,
seed-1729__h-4__c-64__first_difference,1729,4,64,,,,baseline,first_difference,test,second_order_response,52,0.014148523473937588,0.017342442607819145,
seed-1729__h-4__c-64__first_difference,1729,4,64,,,,baseline,first_difference,test,regime_change,52,0.13972223519287016,0.15810181065807602,
seed-1729__h-4__c-64__segment,1729,4,64,0.1,segment,"dt,dy",secondary,vectorchain,validation,sine,51,0.03469188313527386,0.04147123969935949,2.0864065958094122
seed-1729__h-4__c-64__segment,1729,4,64,0.1,segment,"dt,dy",secondary,vectorchain,validation,chirp,51,0.07658745391253827,0.09270970303660277,3.1800619985551224
seed-1729__h-4__c-64__segment,1729,4,64,0.1,segment,"dt,dy",secondary,vectorchain,validation,ramp,51,0.009360615548981762,0.011263050117731925,1.0074699899459865
seed-1729__h-4__c-64__segment,1729,4,64,0.1,segment,"dt,dy",secondary,vectorchain,validation,piecewise_linear,51,0.01457963348097116,0.017844308844814763,1.0272424522280694
seed-1729__h-4__c-64__segment,1729,4,64,0.1,segment,"dt,dy",secondary,vectorchain,validation,first_order_response,51,0.011618080609774683,0.014387759468866567,1.0068410284186022
seed-1729__h-4__c-64__segment,1729,4,64,0.1,segment,"dt,dy",secondary,vectorchain,validation,second_order_response,51,0.011492904537920956,0.014262139665201823,1.007941832326147
seed-1729__h-4__c-64__segment,1729,4,64,0.1,segment,"dt,dy",secondary,vectorchain,validation,regime_change,51,0.09492724599442622,0.11708835870723373,2.030320151840061
seed-1729__h-4__c-64__segment,1729,4,64,0.1,segment,"dt,dy",secondary,vectorchain,test,sine,52,0.034150826829383765,0.04155696905505492,1.9548485390457766
seed-1729__h-4__c-64__segment,1729,4,64,0.1,segment,"dt,dy",secondary,vectorchain,test,chirp,52,0.07974538818469258,0.09445275056531946,2.1711521865896843
seed-1729__h-4__c-64__segment,1729,4,64,0.1,segment,"dt,dy",secondary,vectorchain,test,ramp,52,0.012087222007459266,0.014185779736857775,1.0056956917146271
seed-1729__h-4__c-64__segment,1729,4,64,0.1,segment,"dt,dy",secondary,vectorchain,test,piecewise_linear,52,0.011289064097664307,0.014203530852183706,1.0039960480890335
seed-1729__h-4__c-64__segment,1729,4,64,0.1,segment,"dt,dy",secondary,vectorchain,test,first_order_response,52,0.011975839098852328,0.015102037961036173,1.006838704193545
seed-1729__h-4__c-64__segment,1729,4,64,0.1,segment,"dt,dy",secondary,vectorchain,test,second_order_response,52,0.012180665858069869,0.014957686903947547,1.0159547891873595
seed-1729__h-4__c-64__segment,1729,4,64,0.1,segment,"dt,dy",secondary,vectorchain,test,regime_change,52,0.091399136367806,0.11175913483201151,2.1133949479186924
seed-1729__h-4__c-64__absolute_geometry,1729,4,64,0.1,absolute_geometry,"dt,dy,theta,r",reference,vectorchain,validation,sine,51,0.01602344682786335,0.019876873368141795,1.0
seed-1729__h-4__c-64__absolute_geometry,1729,4,64,0.1,absolute_geometry,"dt,dy,theta,r",reference,vectorchain,validation,chirp,51,0.02414197947823545,0.029153426278709628,1.0
seed-1729__h-4__c-64__absolute_geometry,1729,4,64,0.1,absolute_geometry,"dt,dy,theta,r",reference,vectorchain,validation,ramp,51,0.009145016124793801,0.011179539073253955,1.0
seed-1729__h-4__c-64__absolute_geometry,1729,4,64,0.1,absolute_geometry,"dt,dy,theta,r",reference,vectorchain,validation,piecewise_linear,51,0.013952853034884393,0.017371078080068436,1.0
seed-1729__h-4__c-64__absolute_geometry,1729,4,64,0.1,absolute_geometry,"dt,dy,theta,r",reference,vectorchain,validation,first_order_response,51,0.011522464711892331,0.014290001164796336,1.0
seed-1729__h-4__c-64__absolute_geometry,1729,4,64,0.1,absolute_geometry,"dt,dy,theta,r",reference,vectorchain,validation,second_order_response,51,0.011353294446667675,0.014149764607236699,1.0
seed-1729__h-4__c-64__absolute_geometry,1729,4,64,0.1,absolute_geometry,"dt,dy,theta,r",reference,vectorchain,validation,regime_change,51,0.0486759562977487,0.05766989930189956,1.0
seed-1729__h-4__c-64__absolute_geometry,1729,4,64,0.1,absolute_geometry,"dt,dy,theta,r",reference,vectorchain,test,sine,52,0.016673815091410464,0.02125840863115676,1.0
seed-1729__h-4__c-64__absolute_geometry,1729,4,64,0.1,absolute_geometry,"dt,dy,theta,r",reference,vectorchain,test,chirp,52,0.03612962796488688,0.043503514469743446,1.0
seed-1729__h-4__c-64__absolute_geometry,1729,4,64,0.1,absolute_geometry,"dt,dy,theta,r",reference,vectorchain,test,ramp,52,0.012031515147504461,0.014105439501955313,1.0
seed-1729__h-4__c-64__absolute_geometry,1729,4,64,0.1,absolute_geometry,"dt,dy,theta,r",reference,vectorchain,test,piecewise_linear,52,0.0111022888148845,0.01414699876480405,1.0
seed-1729__h-4__c-64__absolute_geometry,1729,4,64,0.1,absolute_geometry,"dt,dy,theta,r",reference,vectorchain,test,first_order_response,52,0.011926947200875107,0.014999461083622687,1.0
seed-1729__h-4__c-64__absolute_geometry,1729,4,64,0.1,absolute_geometry,"dt,dy,theta,r",reference,vectorchain,test,second_order_response,52,0.011910736320862366,0.014722787926332708,1.0
seed-1729__h-4__c-64__absolute_geometry,1729,4,64,0.1,absolute_geometry,"dt,dy,theta,r",reference,vectorchain,test,regime_change,52,0.04418259541345396,0.05288132960764093,1.0
seed-1729__h-4__c-64__turning_matched,1729,4,64,0.1,turning_matched,"dt,dy,theta,delta_theta",capacity_control,vectorchain,validation,sine,51,0.01617327151822358,0.020319106587647826,1.0222486309247627
seed-1729__h-4__c-64__turning_matched,1729,4,64,0.1,turning_matched,"dt,dy,theta,delta_theta",capacity_control,vectorchain,validation,chirp,51,0.02170260542690886,0.027419377770516572,0.9405199069359677
seed-1729__h-4__c-64__turning_matched,1729,4,64,0.1,turning_matched,"dt,dy,theta,delta_theta",capacity_control,vectorchain,validation,ramp,51,0.009151596574158453,0.011181787144902502,1.0002010880443117
seed-1729__h-4__c-64__turning_matched,1729,4,64,0.1,turning_matched,"dt,dy,theta,delta_theta",capacity_control,vectorchain,validation,piecewise_linear,51,0.013922370034350559,0.017352713578521126,0.9989428116399763
seed-1729__h-4__c-64__turning_matched,1729,4,64,0.1,turning_matched,"dt,dy,theta,delta_theta",capacity_control,vectorchain,validation,first_order_response,51,0.011525928668744028,0.01429416127293257,1.0002911202097367
seed-1729__h-4__c-64__turning_matched,1729,4,64,0.1,turning_matched,"dt,dy,theta,delta_theta",capacity_control,vectorchain,validation,second_order_response,51,0.011365421857864242,0.014157885278675965,1.0005739085889183
seed-1729__h-4__c-64__turning_matched,1729,4,64,0.1,turning_matched,"dt,dy,theta,delta_theta",capacity_control,vectorchain,validation,regime_change,51,0.04175451830856807,0.04927585302065025,0.8544466631143776
seed-1729__h-4__c-64__turning_matched,1729,4,64,0.1,turning_matched,"dt,dy,theta,delta_theta",capacity_control,vectorchain,test,sine,52,0.016992161079988202,0.021498869477747973,1.011311328649445
seed-1729__h-4__c-64__turning_matched,1729,4,64,0.1,turning_matched,"dt,dy,theta,delta_theta",capacity_control,vectorchain,test,chirp,52,0.030065035790624542,0.03622425398408685,0.8326741971451687
seed-1729__h-4__c-64__turning_matched,1729,4,64,0.1,turning_matched,"dt,dy,theta,delta_theta",capacity_control,vectorchain,test,ramp,52,0.01203432647327831,0.014108215917028405,1.0001968329361668
seed-1729__h-4__c-64__turning_matched,1729,4,64,0.1,turning_matched,"dt,dy,theta,delta_theta",capacity_control,vectorchain,test,piecewise_linear,52,0.011113623177454568,0.014144824985469455,0.9998463434279782
seed-1729__h-4__c-64__turning_matched,1729,4,64,0.1,turning_matched,"dt,dy,theta,delta_theta",capacity_control,vectorchain,test,first_order_response,52,0.011931395429852432,0.015004010294743365,1.0003032916379673
seed-1729__h-4__c-64__turning_matched,1729,4,64,0.1,turning_matched,"dt,dy,theta,delta_theta",capacity_control,vectorchain,test,second_order_response,52,0.011921637164071984,0.014730369975929981,1.000514987353972
seed-1729__h-4__c-64__turning_matched,1729,4,64,0.1,turning_matched,"dt,dy,theta,delta_theta",capacity_control,vectorchain,test,regime_change,52,0.03895363334827847,0.046620766995487437,0.8816110967972165
seed-1729__h-4__c-64__turning,1729,4,64,0.1,turning,"dt,dy,theta,r,delta_theta",primary,vectorchain,validation,sine,51,0.01618144696564263,0.02032499510726861,1.022544880717762
seed-1729__h-4__c-64__turning,1729,4,64,0.1,turning,"dt,dy,theta,r,delta_theta",primary,vectorchain,validation,chirp,51,0.02176129844016609,0.027468363873454874,0.9422001932415973
seed-1729__h-4__c-64__turning,1729,4,64,0.1,turning,"dt,dy,theta,r,delta_theta",primary,vectorchain,validation,ramp,51,0.009147871822472486,0.011182004005803282,1.0002204860623658
seed-1729__h-4__c-64__turning,1729,4,64,0.1,turning,"dt,dy,theta,r,delta_theta",primary,vectorchain,validation,piecewise_linear,51,0.013921471613680104,0.017350065172312756,0.9987903509696505
seed-1729__h-4__c-64__turning,1729,4,64,0.1,turning,"dt,dy,theta,r,delta_theta",primary,vectorchain,validation,first_order_response,51,0.011525596284277326,0.014293749856492085,1.0002623296984037
seed-1729__h-4__c-64__turning,1729,4,64,0.1,turning,"dt,dy,theta,r,delta_theta",primary,vectorchain,validation,second_order_response,51,0.011369416024090757,0.014162660852227553,1.0009114105675128
seed-1729__h-4__c-64__turning,1729,4,64,0.1,turning,"dt,dy,theta,r,delta_theta",primary,vectorchain,validation,regime_change,51,0.04182346004604791,0.04934706690432561,0.8556815167301705
seed-1729__h-4__c-64__turning,1729,4,64,0.1,turning,"dt,dy,theta,r,delta_theta",primary,vectorchain,test,sine,52,0.01699014827402129,0.02149235982760004,1.0110051133413813
seed-1729__h-4__c-64__turning,1729,4,64,0.1,turning,"dt,dy,theta,r,delta_theta",primary,vectorchain,test,chirp,52,0.03013941323075747,0.03630799570098143,0.8345991385646215
seed-1729__h-4__c-64__turning,1729,4,64,0.1,turning,"dt,dy,theta,r,delta_theta",primary,vectorchain,test,ramp,52,0.012034497142308764,0.01410886681839293,1.0002429783515177
seed-1729__h-4__c-64__turning,1729,4,64,0.1,turning,"dt,dy,theta,r,delta_theta",primary,vectorchain,test,piecewise_linear,52,0.011115287750487686,0.014143387477348725,0.9997447311959685
seed-1729__h-4__c-64__turning,1729,4,64,0.1,turning,"dt,dy,theta,r,delta_theta",primary,vectorchain,test,first_order_response,52,0.011933312141366174,0.01500369104775224,1.0002820077405428
seed-1729__h-4__c-64__turning,1729,4,64,0.1,turning,"dt,dy,theta,r,delta_theta",primary,vectorchain,test,second_order_response,52,0.011920375067653687,0.014727589304009464,1.0003261187827184
seed-1729__h-4__c-64__turning,1729,4,64,0.1,turning,"dt,dy,theta,r,delta_theta",primary,vectorchain,test,regime_change,52,0.03901355947436201,0.04666232556756624,0.882396980442487
seed-1729__h-4__c-64__full_relational,1729,4,64,0.1,full_relational,"dt,dy,theta,r,delta_theta,delta_r",secondary,vectorchain,validation,sine,51,0.015983845963897236,0.019742027213735802,0.9932159272784763
seed-1729__h-4__c-64__full_relational,1729,4,64,0.1,full_relational,"dt,dy,theta,r,delta_theta,delta_r",secondary,vectorchain,validation,chirp,51,0.04112311181679211,0.051477677755702105,1.7657505249492953
seed-1729__h-4__c-64__full_relational,1729,4,64,0.1,full_relational,"dt,dy,theta,r,delta_theta,delta_r",secondary,vectorchain,validation,ramp,51,0.009169131955208694,0.011183403981564569,1.000345712670736
seed-1729__h-4__c-64__full_relational,1729,4,64,0.1,full_relational,"dt,dy,theta,r,delta_theta,delta_r",secondary,vectorchain,validation,piecewise_linear,51,0.01408046977531434,0.017412816204432,1.0024027365585015
seed-1729__h-4__c-64__full_relational,1729,4,64,0.1,full_relational,"dt,dy,theta,r,delta_theta,delta_r",secondary,vectorchain,validation,first_order_response,51,0.011532125077591902,0.014298760311993314,1.0006129563669004
seed-1729__h-4__c-64__full_relational,1729,4,64,0.1,full_relational,"dt,dy,theta,r,delta_theta,delta_r",secondary,vectorchain,validation,second_order_response,51,0.011358724423899335,0.014146699835283104,0.9997834047393249
seed-1729__h-4__c-64__full_relational,1729,4,64,0.1,full_relational,"dt,dy,theta,r,delta_theta,delta_r",secondary,vectorchain,validation,regime_change,51,0.05152912751530812,0.06404436155259817,1.1105336116043583
seed-1729__h-4__c-64__full_relational,1729,4,64,0.1,full_relational,"dt,dy,theta,r,delta_theta,delta_r",secondary,vectorchain,test,sine,52,0.016579580572787914,0.021049311114191838,0.9901640089532167
seed-1729__h-4__c-64__full_relational,1729,4,64,0.1,full_relational,"dt,dy,theta,r,delta_theta,delta_r",secondary,vectorchain,test,chirp,52,0.05770481584187089,0.07167348629039212,1.6475332433254513
seed-1729__h-4__c-64__full_relational,1729,4,64,0.1,full_relational,"dt,dy,theta,r,delta_theta,delta_r",secondary,vectorchain,test,ramp,52,0.01203612434517879,0.014108822623190187,1.0002398451487033
seed-1729__h-4__c-64__full_relational,1729,4,64,0.1,full_relational,"dt,dy,theta,r,delta_theta,delta_r",secondary,vectorchain,test,piecewise_linear,52,0.011113994752397778,0.014147954965793678,1.0000675903776854
seed-1729__h-4__c-64__full_relational,1729,4,64,0.1,full_relational,"dt,dy,theta,r,delta_theta,delta_r",secondary,vectorchain,test,first_order_response,52,0.011928234712318873,0.015008508459473194,1.0006031800609414
seed-1729__h-4__c-64__full_relational,1729,4,64,0.1,full_relational,"dt,dy,theta,r,delta_theta,delta_r",secondary,vectorchain,test,second_order_response,52,0.011934253698166187,0.014745668205744316,1.0015540724709269
seed-1729__h-4__c-64__full_relational,1729,4,64,0.1,full_relational,"dt,dy,theta,r,delta_theta,delta_r",secondary,vectorchain,test,regime_change,52,0.054135672243960146,0.06284397400485094,1.188396253859897
seed-1729__h-16__c-64__raw,1729,16,64,,,,baseline,raw,validation,sine,51,0.0403456268356293,0.04936548099125566,
seed-1729__h-16__c-64__raw,1729,16,64,,,,baseline,raw,validation,chirp,51,0.28268170815154914,0.3227302048940899,
seed-1729__h-16__c-64__raw,1729,16,64,,,,baseline,raw,validation,ramp,51,0.014733950599929296,0.017264010918712314,
seed-1729__h-16__c-64__raw,1729,16,64,,,,baseline,raw,validation,piecewise_linear,51,0.029882644101083183,0.03624045694300253,
seed-1729__h-16__c-64__raw,1729,16,64,,,,baseline,raw,validation,first_order_response,51,0.03943267323901077,0.04287883975875517,
seed-1729__h-16__c-64__raw,1729,16,64,,,,baseline,raw,validation,second_order_response,51,0.053039880780064885,0.056455290172768284,
seed-1729__h-16__c-64__raw,1729,16,64,,,,baseline,raw,validation,regime_change,51,0.5240628759870752,0.6044538716121677,
seed-1729__h-16__c-64__raw,1729,16,64,,,,baseline,raw,test,sine,52,0.03404756728646913,0.04518176928489936,
seed-1729__h-16__c-64__raw,1729,16,64,,,,baseline,raw,test,chirp,52,0.38408272163867374,0.4398483039704869,
seed-1729__h-16__c-64__raw,1729,16,64,,,,baseline,raw,test,ramp,52,0.0309959274772356,0.03483972640651919,
seed-1729__h-16__c-64__raw,1729,16,64,,,,baseline,raw,test,piecewise_linear,52,0.019968516461035694,0.02460446834536981,
seed-1729__h-16__c-64__raw,1729,16,64,,,,baseline,raw,test,first_order_response,52,0.039564763630632355,0.043911613537600265,
seed-1729__h-16__c-64__raw,1729,16,64,,,,baseline,raw,test,second_order_response,52,0.04383518105169592,0.04706492888116486,
seed-1729__h-16__c-64__raw,1729,16,64,,,,baseline,raw,test,regime_change,52,0.5241367741212413,0.5946234798899789,
seed-1729__h-16__c-64__first_difference,1729,16,64,,,,baseline,first_difference,validation,sine,51,0.1312337667786698,0.1474265484857975,
seed-1729__h-16__c-64__first_difference,1729,16,64,,,,baseline,first_difference,validation,chirp,51,0.36529611421132974,0.4098886308170409,
seed-1729__h-16__c-64__first_difference,1729,16,64,,,,baseline,first_difference,validation,ramp,51,0.02588816344930228,0.034327676321623174,
seed-1729__h-16__c-64__first_difference,1729,16,64,,,,baseline,first_difference,validation,piecewise_linear,51,0.038412208145750276,0.04954129483040363,
seed-1729__h-16__c-64__first_difference,1729,16,64,,,,baseline,first_difference,validation,first_order_response,51,0.03559058585186036,0.04426763999261566,
seed-1729__h-16__c-64__first_difference,1729,16,64,,,,baseline,first_difference,validation,second_order_response,51,0.035302431844621486,0.04361323636178907,
seed-1729__h-16__c-64__first_difference,1729,16,64,,,,baseline,first_difference,validation,regime_change,51,0.5830968149634431,0.6474352892126128,
seed-1729__h-16__c-64__first_difference,1729,16,64,,,,baseline,first_difference,test,sine,52,0.11625000570906224,0.13561487288294505,
seed-1729__h-16__c-64__first_difference,1729,16,64,,,,baseline,first_difference,test,chirp,52,0.4819431148033848,0.5391924282869215,
seed-1729__h-16__c-64__first_difference,1729,16,64,,,,baseline,first_difference,test,ramp,52,0.02891803465420004,0.035366878942466866,
seed-1729__h-16__c-64__first_difference,1729,16,64,,,,baseline,first_difference,test,piecewise_linear,52,0.03336449396308367,0.04524662210310732,
seed-1729__h-16__c-64__first_difference,1729,16,64,,,,baseline,first_difference,test,first_order_response,52,0.035185164876255254,0.04356507692162247,
seed-1729__h-16__c-64__first_difference,1729,16,64,,,,baseline,first_difference,test,second_order_response,52,0.03200555441519758,0.041509108650639115,
seed-1729__h-16__c-64__first_difference,1729,16,64,,,,baseline,first_difference,test,regime_change,52,0.5524811095791338,0.6217335289619433,
seed-1729__h-16__c-64__segment,1729,16,64,0.1,segment,"dt,dy",secondary,vectorchain,validation,sine,51,0.14103245976177586,0.1717307434258445,2.793195975007576
seed-1729__h-16__c-64__segment,1729,16,64,0.1,segment,"dt,dy",secondary,vectorchain,validation,chirp,51,0.3068901263534909,0.37464260918704745,2.4181596710712294
seed-1729__h-16__c-64__segment,1729,16,64,0.1,segment,"dt,dy",secondary,vectorchain,validation,ramp,51,0.010870111811099226,0.013526008060227225,1.041053042433946
seed-1729__h-16__c-64__segment,1729,16,64,0.1,segment,"dt,dy",secondary,vectorchain,validation,piecewise_linear,51,0.029777038597745442,0.04581516526103392,1.0118230349075323
seed-1729__h-16__c-64__segment,1729,16,64,0.1,segment,"dt,dy",secondary,vectorchain,validation,first_order_response,51,0.013925596660226967,0.017453899643280528,1.0378742131423717
seed-1729__h-16__c-64__segment,1729,16,64,0.1,segment,"dt,dy",secondary,vectorchain,validation,second_order_response,51,0.018903392594391923,0.023282044693161214,1.0090847646272991
seed-1729__h-16__c-64__segment,1729,16,64,0.1,segment,"dt,dy",secondary,vectorchain,validation,regime_change,51,0.4051543777586239,0.4993022433113699,1.2898507269308892
seed-1729__h-16__c-64__segment,1729,16,64,0.1,segment,"dt,dy",secondary,vectorchain,test,sine,52,0.13667579699037707,0.15883346899165027,2.571977335630846
seed-1729__h-16__c-64__segment,1729,16,64,0.1,segment,"dt,dy",secondary,vectorchain,test,chirp,52,0.34497121021164784,0.4100884128912635,1.5361835858800172
seed-1729__h-16__c-64__segment,1729,16,64,0.1,segment,"dt,dy",secondary,vectorchain,test,ramp,52,0.012557198650649751,0.015398959038273166,1.0652462199850952
seed-1729__h-16__c-64__segment,1729,16,64,0.1,segment,"dt,dy",secondary,vectorchain,test,piecewise_linear,52,0.014086180191517257,0.01735044278313157,0.9363046115223093
seed-1729__h-16__c-64__segment,1729,16,64,0.1,segment,"dt,dy",secondary,vectorchain,test,first_order_response,52,0.014189836414658288,0.01894337016409407,1.039849762954094
seed-1729__h-16__c-64__segment,1729,16,64,0.1,segment,"dt,dy",secondary,vectorchain,test,second_order_response,52,0.019080960486030366,0.02321619732049101,1.1038154338550537
seed-1729__h-16__c-64__segment,1729,16,64,0.1,segment,"dt,dy",secondary,vectorchain,test,regime_change,52,0.3793469672313628,0.45348672042735255,1.4494697111914066
seed-1729__h-16__c-64__absolute_geometry,1729,16,64,0.1,absolute_geometry,"dt,dy,theta,r",reference,vectorchain,validation,sine,51,0.052611270299540124,0.0614818097127534,1.0
seed-1729__h-16__c-64__absolute_geometry,1729,16,64,0.1,absolute_geometry,"dt,dy,theta,r",reference,vectorchain,validation,chirp,51,0.13195993143614065,0.15492881370446607,1.0
seed-1729__h-16__c-64__absolute_geometry,1729,16,64,0.1,absolute_geometry,"dt,dy,theta,r",reference,vectorchain,validation,ramp,51,0.01085326763352149,0.012992621421675005,1.0
seed-1729__h-16__c-64__absolute_geometry,1729,16,64,0.1,absolute_geometry,"dt,dy,theta,r",reference,vectorchain,validation,piecewise_linear,51,0.03183467587158737,0.04527982036426048,1.0
seed-1729__h-16__c-64__absolute_geometry,1729,16,64,0.1,absolute_geometry,"dt,dy,theta,r",reference,vectorchain,validation,first_order_response,51,0.013716446547816159,0.016816970132088896,1.0
seed-1729__h-16__c-64__absolute_geometry,1729,16,64,0.1,absolute_geometry,"dt,dy,theta,r",reference,vectorchain,validation,second_order_response,51,0.01882761170137291,0.023072437033335187,1.0
seed-1729__h-16__c-64__absolute_geometry,1729,16,64,0.1,absolute_geometry,"dt,dy,theta,r",reference,vectorchain,validation,regime_change,51,0.3214183762546449,0.3871007961513695,1.0
seed-1729__h-16__c-64__absolute_geometry,1729,16,64,0.1,absolute_geometry,"dt,dy,theta,r",reference,vectorchain,test,sine,52,0.051142376640949117,0.06175539216121907,1.0
seed-1729__h-16__c-64__absolute_geometry,1729,16,64,0.1,absolute_geometry,"dt,dy,theta,r",reference,vectorchain,test,chirp,52,0.2027554742025765,0.26695273706907924,1.0
seed-1729__h-16__c-64__absolute_geometry,1729,16,64,0.1,absolute_geometry,"dt,dy,theta,r",reference,vectorchain,test,ramp,52,0.011846807044191412,0.014455774401610763,1.0
seed-1729__h-16__c-64__absolute_geometry,1729,16,64,0.1,absolute_geometry,"dt,dy,theta,r",reference,vectorchain,test,piecewise_linear,52,0.015205350273914807,0.018530767198638498,1.0
seed-1729__h-16__c-64__absolute_geometry,1729,16,64,0.1,absolute_geometry,"dt,dy,theta,r",reference,vectorchain,test,first_order_response,52,0.013692904220251276,0.0182174106673623,1.0
seed-1729__h-16__c-64__absolute_geometry,1729,16,64,0.1,absolute_geometry,"dt,dy,theta,r",reference,vectorchain,test,second_order_response,52,0.017369615031121582,0.021032680472140977,1.0
seed-1729__h-16__c-64__absolute_geometry,1729,16,64,0.1,absolute_geometry,"dt,dy,theta,r",reference,vectorchain,test,regime_change,52,0.25250094883868085,0.3128638818224111,1.0
seed-1729__h-16__c-64__turning_matched,1729,16,64,0.1,turning_matched,"dt,dy,theta,delta_theta",capacity_control,vectorchain,validation,sine,51,0.044989245211898586,0.054328441299034066,0.88365065297947
seed-1729__h-16__c-64__turning_matched,1729,16,64,0.1,turning_matched,"dt,dy,theta,delta_theta",capacity_control,vectorchain,validation,chirp,51,0.11392437076943289,0.13027770596694546,0.8408875202223923
seed-1729__h-16__c-64__turning_matched,1729,16,64,0.1,turning_matched,"dt,dy,theta,delta_theta",capacity_control,vectorchain,validation,ramp,51,0.01082064304192006,0.012971913902933297,0.998406209334541
seed-1729__h-16__c-64__turning_matched,1729,16,64,0.1,turning_matched,"dt,dy,theta,delta_theta",capacity_control,vectorchain,validation,piecewise_linear,51,0.0316585503351544,0.04571661414763572,1.0096465440865574
seed-1729__h-16__c-64__turning_matched,1729,16,64,0.1,turning_matched,"dt,dy,theta,delta_theta",capacity_control,vectorchain,validation,first_order_response,51,0.01369517811775491,0.01683754738539846,1.0012236005147146
seed-1729__h-16__c-64__turning_matched,1729,16,64,0.1,turning_matched,"dt,dy,theta,delta_theta",capacity_control,vectorchain,validation,second_order_response,51,0.018755188786040464,0.022924500509554847,0.9935881708739046
seed-1729__h-16__c-64__turning_matched,1729,16,64,0.1,turning_matched,"dt,dy,theta,delta_theta",capacity_control,vectorchain,validation,regime_change,51,0.3275756455022908,0.3788960488146246,0.9788046229345997
seed-1729__h-16__c-64__turning_matched,1729,16,64,0.1,turning_matched,"dt,dy,theta,delta_theta",capacity_control,vectorchain,test,sine,52,0.04635273139877457,0.056770123618856555,0.9192739553924629
seed-1729__h-16__c-64__turning_matched,1729,16,64,0.1,turning_matched,"dt,dy,theta,delta_theta",capacity_control,vectorchain,test,chirp,52,0.2079781950995046,0.246125002212189,0.9219796916654177
seed-1729__h-16__c-64__turning_matched,1729,16,64,0.1,turning_matched,"dt,dy,theta,delta_theta",capacity_control,vectorchain,test,ramp,52,0.011836738444789467,0.014453020390119304,0.9998094871007981
seed-1729__h-16__c-64__turning_matched,1729,16,64,0.1,turning_matched,"dt,dy,theta,delta_theta",capacity_control,vectorchain,test,piecewise_linear,52,0.015371879297269048,0.018709483206270368,1.0096442854047079
seed-1729__h-16__c-64__turning_matched,1729,16,64,0.1,turning_matched,"dt,dy,theta,delta_theta",capacity_control,vectorchain,test,first_order_response,52,0.013688653774501418,0.01824911367423376,1.0017402586706934
seed-1729__h-16__c-64__turning_matched,1729,16,64,0.1,turning_matched,"dt,dy,theta,delta_theta",capacity_control,vectorchain,test,second_order_response,52,0.01749938954398701,0.02115378130022746,1.005757745820695
seed-1729__h-16__c-64__turning_matched,1729,16,64,0.1,turning_matched,"dt,dy,theta,delta_theta",capacity_control,vectorchain,test,regime_change,52,0.2925741395405624,0.3422704365857153,1.0939915294536813
seed-1729__h-16__c-64__turning,1729,16,64,0.1,turning,"dt,dy,theta,r,delta_theta",primary,vectorchain,validation,sine,51,0.04499850465910333,0.054410138111556657,0.884979449462597
seed-1729__h-16__c-64__turning,1729,16,64,0.1,turning,"dt,dy,theta,r,delta_theta",primary,vectorchain,validation,chirp,51,0.1141768833245369,0.1305466813455354,0.8426236425882617
seed-1729__h-16__c-64__turning,1729,16,64,0.1,turning,"dt,dy,theta,r,delta_theta",primary,vectorchain,validation,ramp,51,0.010832219451209326,0.012979684603529745,0.9990042949974915
seed-1729__h-16__c-64__turning,1729,16,64,0.1,turning,"dt,dy,theta,r,delta_theta",primary,vectorchain,validation,piecewise_linear,51,0.03163551105233065,0.045694247919532596,1.009152588326062
seed-1729__h-16__c-64__turning,1729,16,64,0.1,turning,"dt,dy,theta,r,delta_theta",primary,vectorchain,validation,first_order_response,51,0.013702730072249808,0.01682713848938312,1.0006046485909386
seed-1729__h-16__c-64__turning,1729,16,64,0.1,turning,"dt,dy,theta,r,delta_theta",primary,vectorchain,validation,second_order_response,51,0.018784633121697484,0.022979861152973655,0.9959875985259912
seed-1729__h-16__c-64__turning,1729,16,64,0.1,turning,"dt,dy,theta,r,delta_theta",primary,vectorchain,validation,regime_change,51,0.32757256909433036,0.3790094268359022,0.9790975131130878
seed-1729__h-16__c-64__turning,1729,16,64,0.1,turning,"dt,dy,theta,r,delta_theta",primary,vectorchain,test,sine,52,0.046338617579519306,0.056743232509241376,0.9188385098601121
seed-1729__h-16__c-64__turning,1729,16,64,0.1,turning,"dt,dy,theta,r,delta_theta",primary,vectorchain,test,chirp,52,0.20827567160989544,0.2465627483520147,0.9236194805832306
seed-1729__h-16__c-64__turning,1729,16,64,0.1,turning,"dt,dy,theta,r,delta_theta",primary,vectorchain,test,ramp,52,0.011838025901901738,0.014452471180933629,0.9997714947269262
seed-1729__h-16__c-64__turning,1729,16,64,0.1,turning,"dt,dy,theta,r,delta_theta",primary,vectorchain,test,piecewise_linear,52,0.01531741306354774,0.01865050520492252,1.0064615784657216
seed-1729__h-16__c-64__turning,1729,16,64,0.1,turning,"dt,dy,theta,r,delta_theta",primary,vectorchain,test,first_order_response,52,0.013688477985032393,0.018234082651480202,1.0009151676065453
seed-1729__h-16__c-64__turning,1729,16,64,0.1,turning,"dt,dy,theta,r,delta_theta",primary,vectorchain,test,second_order_response,52,0.01744469803764418,0.021100289351590057,1.0032144680531154
seed-1729__h-16__c-64__turning,1729,16,64,0.1,turning,"dt,dy,theta,r,delta_theta",primary,vectorchain,test,regime_change,52,0.29263983123405135,0.3422680741918373,1.0939839785856673
seed-1729__h-16__c-64__full_relational,1729,16,64,0.1,full_relational,"dt,dy,theta,r,delta_theta,delta_r",secondary,vectorchain,validation,sine,51,0.0429946897942941,0.05305310451676807,0.8629073341307821
seed-1729__h-16__c-64__full_relational,1729,16,64,0.1,full_relational,"dt,dy,theta,r,delta_theta,delta_r",secondary,vectorchain,validation,chirp,51,0.21886838968301045,0.2803367011402531,1.8094549002034472
seed-1729__h-16__c-64__full_relational,1729,16,64,0.1,full_relational,"dt,dy,theta,r,delta_theta,delta_r",secondary,vectorchain,validation,ramp,51,0.010820441261460196,0.012981082260312735,0.9991118681143883
seed-1729__h-16__c-64__full_relational,1729,16,64,0.1,full_relational,"dt,dy,theta,r,delta_theta,delta_r",secondary,vectorchain,validation,piecewise_linear,51,0.03117094711540003,0.04594145880758322,1.014612214403681
seed-1729__h-16__c-64__full_relational,1729,16,64,0.1,full_relational,"dt,dy,theta,r,delta_theta,delta_r",secondary,vectorchain,validation,first_order_response,51,0.01372022769834564,0.01687324168713372,1.0033461173209466
seed-1729__h-16__c-64__full_relational,1729,16,64,0.1,full_relational,"dt,dy,theta,r,delta_theta,delta_r",secondary,vectorchain,validation,second_order_response,51,0.018772401147182483,0.022990598261763685,0.996452963704993
seed-1729__h-16__c-64__full_relational,1729,16,64,0.1,full_relational,"dt,dy,theta,r,delta_theta,delta_r",secondary,vectorchain,validation,regime_change,51,0.34335080371493887,0.40973836449827256,1.0584797772879058
seed-1729__h-16__c-64__full_relational,1729,16,64,0.1,full_relational,"dt,dy,theta,r,delta_theta,delta_r",secondary,vectorchain,test,sine,52,0.0455737780486177,0.056276968993860046,0.9112883429991504
seed-1729__h-16__c-64__full_relational,1729,16,64,0.1,full_relational,"dt,dy,theta,r,delta_theta,delta_r",secondary,vectorchain,test,chirp,52,0.3343961970221891,0.44230065060091583,1.6568500306721408
seed-1729__h-16__c-64__full_relational,1729,16,64,0.1,full_relational,"dt,dy,theta,r,delta_theta,delta_r",secondary,vectorchain,test,ramp,52,0.011863846470605146,0.01449349587397708,1.0026094397517793
seed-1729__h-16__c-64__full_relational,1729,16,64,0.1,full_relational,"dt,dy,theta,r,delta_theta,delta_r",secondary,vectorchain,test,piecewise_linear,52,0.015146240808564757,0.018468905253409204,0.996661663029589
seed-1729__h-16__c-64__full_relational,1729,16,64,0.1,full_relational,"dt,dy,theta,r,delta_theta,delta_r",secondary,vectorchain,test,first_order_response,52,0.013721551046264038,0.01828769030098531,1.0038578278168213
seed-1729__h-16__c-64__full_relational,1729,16,64,0.1,full_relational,"dt,dy,theta,r,delta_theta,delta_r",secondary,vectorchain,test,second_order_response,52,0.017566776368819405,0.021268762072687426,1.0112245132454303
seed-1729__h-16__c-64__full_relational,1729,16,64,0.1,full_relational,"dt,dy,theta,r,delta_theta,delta_r",secondary,vectorchain,test,regime_change,52,0.3662891646139794,0.42691251335323954,1.3645311528659136
seed-1729__h-1__c-128__raw,1729,1,128,,,,baseline,raw,validation,sine,51,0.011174377581928163,0.014619163887950584,
seed-1729__h-1__c-128__raw,1729,1,128,,,,baseline,raw,validation,chirp,51,0.020452135617322315,0.025376549748478115,
seed-1729__h-1__c-128__raw,1729,1,128,,,,baseline,raw,validation,ramp,51,0.011245614561731844,0.0137960773424532,
seed-1729__h-1__c-128__raw,1729,1,128,,,,baseline,raw,validation,piecewise_linear,51,0.013761629762406009,0.01689629501096172,
seed-1729__h-1__c-128__raw,1729,1,128,,,,baseline,raw,validation,first_order_response,51,0.01089775785708601,0.014510976005138818,
seed-1729__h-1__c-128__raw,1729,1,128,,,,baseline,raw,validation,second_order_response,51,0.010719247673657435,0.013502314898633993,
seed-1729__h-1__c-128__raw,1729,1,128,,,,baseline,raw,validation,regime_change,51,0.032364705261536765,0.03729085187812596,
seed-1729__h-1__c-128__raw,1729,1,128,,,,baseline,raw,test,sine,51,0.011683034365985088,0.01537907810557875,
seed-1729__h-1__c-128__raw,1729,1,128,,,,baseline,raw,test,chirp,51,0.029673764344189696,0.03381804033279223,
seed-1729__h-1__c-128__raw,1729,1,128,,,,baseline,raw,test,ramp,51,0.011188983081046955,0.01394599720971937,
seed-1729__h-1__c-128__raw,1729,1,128,,,,baseline,raw,test,piecewise_linear,51,0.00929867111325346,0.010906229633616184,
seed-1729__h-1__c-128__raw,1729,1,128,,,,baseline,raw,test,first_order_response,51,0.009515480310334218,0.01189415586075558,
seed-1729__h-1__c-128__raw,1729,1,128,,,,baseline,raw,test,second_order_response,51,0.011222803576633675,0.014274418344015705,
seed-1729__h-1__c-128__raw,1729,1,128,,,,baseline,raw,test,regime_change,51,0.03487769530426753,0.04039769669426038,
seed-1729__h-1__c-128__first_difference,1729,1,128,,,,baseline,first_difference,validation,sine,51,0.013668038206212017,0.017820322404668652,
seed-1729__h-1__c-128__first_difference,1729,1,128,,,,baseline,first_difference,validation,chirp,51,0.025106489636262854,0.029679021523817364,
seed-1729__h-1__c-128__first_difference,1729,1,128,,,,baseline,first_difference,validation,ramp,51,0.011189803680984354,0.013571823458125241,
seed-1729__h-1__c-128__first_difference,1729,1,128,,,,baseline,first_difference,validation,piecewise_linear,51,0.013845000043107457,0.016664117634072054,
seed-1729__h-1__c-128__first_difference,1729,1,128,,,,baseline,first_difference,validation,first_order_response,51,0.010186448855031059,0.013669969487016738,
seed-1729__h-1__c-128__first_difference,1729,1,128,,,,baseline,first_difference,validation,second_order_response,51,0.010698262604898052,0.01360404304795558,
seed-1729__h-1__c-128__first_difference,1729,1,128,,,,baseline,first_difference,validation,regime_change,51,0.03252268327085057,0.03830252494199834,
seed-1729__h-1__c-128__first_difference,1729,1,128,,,,baseline,first_difference,test,sine,51,0.014180497740845874,0.018704759485477493,
seed-1729__h-1__c-128__first_difference,1729,1,128,,,,baseline,first_difference,test,chirp,51,0.030830852787898672,0.03580320663877985,
seed-1729__h-1__c-128__first_difference,1729,1,128,,,,baseline,first_difference,test,ramp,51,0.011201171768811852,0.013904365694907791,
seed-1729__h-1__c-128__first_difference,1729,1,128,,,,baseline,first_difference,test,piecewise_linear,51,0.009254085301061952,0.010890293345290503,
seed-1729__h-1__c-128__first_difference,1729,1,128,,,,baseline,first_difference,test,first_order_response,51,0.010213763497843241,0.012240721030342417,
seed-1729__h-1__c-128__first_difference,1729,1,128,,,,baseline,first_difference,test,second_order_response,51,0.011445460341774464,0.014236482951091747,
seed-1729__h-1__c-128__first_difference,1729,1,128,,,,baseline,first_difference,test,regime_change,51,0.0339313552823748,0.039288948377800476,
seed-1729__h-1__c-128__segment,1729,1,128,0.1,segment,"dt,dy",secondary,vectorchain,validation,sine,51,0.014272201088561828,0.01727933202503904,1.09361590901677
seed-1729__h-1__c-128__segment,1729,1,128,0.1,segment,"dt,dy",secondary,vectorchain,validation,chirp,51,0.015321263606972236,0.019041995007995187,1.2902178413193648
seed-1729__h-1__c-128__segment,1729,1,128,0.1,segment,"dt,dy",secondary,vectorchain,validation,ramp,51,0.011186330682492305,0.013641520820915739,0.9983753970605587
seed-1729__h-1__c-128__segment,1729,1,128,0.1,segment,"dt,dy",secondary,vectorchain,validation,piecewise_linear,51,0.015082668313074343,0.01831362465909849,1.0408648932090134
seed-1729__h-1__c-128__segment,1729,1,128,0.1,segment,"dt,dy",secondary,vectorchain,validation,first_order_response,51,0.010399459091531883,0.013858874806061829,1.0048193588945797
seed-1729__h-1__c-128__segment,1729,1,128,0.1,segment,"dt,dy",secondary,vectorchain,validation,second_order_response,51,0.011310627426651093,0.014191673576412463,0.9977417080060283
seed-1729__h-1__c-128__segment,1729,1,128,0.1,segment,"dt,dy",secondary,vectorchain,validation,regime_change,51,0.021870427979012935,0.026699924950331366,1.3771837561906861
seed-1729__h-1__c-128__segment,1729,1,128,0.1,segment,"dt,dy",secondary,vectorchain,test,sine,51,0.01269658285594394,0.016204162868084713,1.0777452651735628
seed-1729__h-1__c-128__segment,1729,1,128,0.1,segment,"dt,dy",secondary,vectorchain,test,chirp,51,0.021219537697523654,0.02545183268145056,1.307052520189015
seed-1729__h-1__c-128__segment,1729,1,128,0.1,segment,"dt,dy",secondary,vectorchain,test,ramp,51,0.01147825984089371,0.014218841576997444,1.0088433610297494
seed-1729__h-1__c-128__segment,1729,1,128,0.1,segment,"dt,dy",secondary,vectorchain,test,piecewise_linear,51,0.008837284188079502,0.010599785994614747,0.9715597995021676
seed-1729__h-1__c-128__segment,1729,1,128,0.1,segment,"dt,dy",secondary,vectorchain,test,first_order_response,51,0.010262321743154926,0.012312208736321299,0.9973963314948275
seed-1729__h-1__c-128__segment,1729,1,128,0.1,segment,"dt,dy",secondary,vectorchain,test,second_order_response,51,0.011213866691076331,0.014142212759971134,0.9950897123794163
seed-1729__h-1__c-128__segment,1729,1,128,0.1,segment,"dt,dy",secondary,vectorchain,test,regime_change,51,0.02580910812690193,0.030311709117079876,1.5928358665932134
seed-1729__h-1__c-128__absolute_geometry,1729,1,128,0.1,absolute_geometry,"dt,dy,theta,r",reference,vectorchain,validation,sine,51,0.012402367343706134,0.015800183485419717,1.0
seed-1729__h-1__c-128__absolute_geometry,1729,1,128,0.1,absolute_geometry,"dt,dy,theta,r",reference,vectorchain,validation,chirp,51,0.01201267161504093,0.014758744142402356,1.0
seed-1729__h-1__c-128__absolute_geometry,1729,1,128,0.1,absolute_geometry,"dt,dy,theta,r",reference,vectorchain,validation,ramp,51,0.01120990330016551,0.013663718938867524,1.0
seed-1729__h-1__c-128__absolute_geometry,1729,1,128,0.1,absolute_geometry,"dt,dy,theta,r",reference,vectorchain,validation,piecewise_linear,51,0.01436435524867541,0.017594622297844163,1.0
seed-1729__h-1__c-128__absolute_geometry,1729,1,128,0.1,absolute_geometry,"dt,dy,theta,r",reference,vectorchain,validation,first_order_response,51,0.010340130917809005,0.013792404259914171,1.0
seed-1729__h-1__c-128__absolute_geometry,1729,1,128,0.1,absolute_geometry,"dt,dy,theta,r",reference,vectorchain,validation,second_order_response,51,0.011292505032522658,0.014223795058917911,1.0
seed-1729__h-1__c-128__absolute_geometry,1729,1,128,0.1,absolute_geometry,"dt,dy,theta,r",reference,vectorchain,validation,regime_change,51,0.015047126225749611,0.01938733653393053,1.0
seed-1729__h-1__c-128__absolute_geometry,1729,1,128,0.1,absolute_geometry,"dt,dy,theta,r",reference,vectorchain,test,sine,51,0.011812635519375937,0.01503524384816031,1.0
seed-1729__h-1__c-128__absolute_geometry,1729,1,128,0.1,absolute_geometry,"dt,dy,theta,r",reference,vectorchain,test,chirp,51,0.016546210815350817,0.0194726931690319,1.0
seed-1729__h-1__c-128__absolute_geometry,1729,1,128,0.1,absolute_geometry,"dt,dy,theta,r",reference,vectorchain,test,ramp,51,0.011361909117362269,0.014094201465016281,1.0
seed-1729__h-1__c-128__absolute_geometry,1729,1,128,0.1,absolute_geometry,"dt,dy,theta,r",reference,vectorchain,test,piecewise_linear,51,0.009293209164510683,0.010910070589629308,1.0
seed-1729__h-1__c-128__absolute_geometry,1729,1,128,0.1,absolute_geometry,"dt,dy,theta,r",reference,vectorchain,test,first_order_response,51,0.010307095837466609,0.012344349329888376,1.0
seed-1729__h-1__c-128__absolute_geometry,1729,1,128,0.1,absolute_geometry,"dt,dy,theta,r",reference,vectorchain,test,second_order_response,51,0.011365357679166688,0.014211997756619224,1.0
seed-1729__h-1__c-128__absolute_geometry,1729,1,128,0.1,absolute_geometry,"dt,dy,theta,r",reference,vectorchain,test,regime_change,51,0.015292964878086082,0.01903002672956575,1.0
seed-1729__h-1__c-128__turning_matched,1729,1,128,0.1,turning_matched,"dt,dy,theta,delta_theta",capacity_control,vectorchain,validation,sine,51,0.012382860699751268,0.01586425138933954,1.0040548835384693
seed-1729__h-1__c-128__turning_matched,1729,1,128,0.1,turning_matched,"dt,dy,theta,delta_theta",capacity_control,vectorchain,validation,chirp,51,0.01313030153552712,0.016090024980840282,1.0902028536840822
seed-1729__h-1__c-128__turning_matched,1729,1,128,0.1,turning_matched,"dt,dy,theta,delta_theta",capacity_control,vectorchain,validation,ramp,51,0.011220995704263995,0.013677123385818798,1.000981024786242
seed-1729__h-1__c-128__turning_matched,1729,1,128,0.1,turning_matched,"dt,dy,theta,delta_theta",capacity_control,vectorchain,validation,piecewise_linear,51,0.014444639493800314,0.017698749418903252,1.0059181219861622
seed-1729__h-1__c-128__turning_matched,1729,1,128,0.1,turning_matched,"dt,dy,theta,delta_theta",capacity_control,vectorchain,validation,first_order_response,51,0.010364042352251726,0.01381665826183773,1.0017585042800732
seed-1729__h-1__c-128__turning_matched,1729,1,128,0.1,turning_matched,"dt,dy,theta,delta_theta",capacity_control,vectorchain,validation,second_order_response,51,0.011234526873974679,0.01421218151212213,0.999183512786308
seed-1729__h-1__c-128__turning_matched,1729,1,128,0.1,turning_matched,"dt,dy,theta,delta_theta",capacity_control,vectorchain,validation,regime_change,51,0.01794216900062672,0.02238601851431796,1.1546721993059397
seed-1729__h-1__c-128__turning_matched,1729,1,128,0.1,turning_matched,"dt,dy,theta,delta_theta",capacity_control,vectorchain,test,sine,51,0.011558512882971961,0.014652902590541732,0.9745703321156737
seed-1729__h-1__c-128__turning_matched,1729,1,128,0.1,turning_matched,"dt,dy,theta,delta_theta",capacity_control,vectorchain,test,chirp,51,0.0196359130424881,0.02316084971341792,1.189401461439932
seed-1729__h-1__c-128__turning_matched,1729,1,128,0.1,turning_matched,"dt,dy,theta,delta_theta",capacity_control,vectorchain,test,ramp,51,0.011357737588915978,0.014090374450818965,0.9997284688879454
seed-1729__h-1__c-128__turning_matched,1729,1,128,0.1,turning_matched,"dt,dy,theta,delta_theta",capacity_control,vectorchain,test,piecewise_linear,51,0.009166429740839244,0.010802912406996898,0.9901780486430335
seed-1729__h-1__c-128__turning_matched,1729,1,128,0.1,turning_matched,"dt,dy,theta,delta_theta",capacity_control,vectorchain,test,first_order_response,51,0.010258568542764222,0.01230152713770968,0.9965310288104846
seed-1729__h-1__c-128__turning_matched,1729,1,128,0.1,turning_matched,"dt,dy,theta,delta_theta",capacity_control,vectorchain,test,second_order_response,51,0.011298236920415547,0.014174677166647229,0.9973740081717496
seed-1729__h-1__c-128__turning_matched,1729,1,128,0.1,turning_matched,"dt,dy,theta,delta_theta",capacity_control,vectorchain,test,regime_change,51,0.021003655349483976,0.025573948287400877,1.3438734821989635
seed-1729__h-1__c-128__turning,1729,1,128,0.1,turning,"dt,dy,theta,r,delta_theta",primary,vectorchain,validation,sine,51,0.012382631051144672,0.01586474004782268,1.0040858109314068
seed-1729__h-1__c-128__turning,1729,1,128,0.1,turning,"dt,dy,theta,r,delta_theta",primary,vectorchain,validation,chirp,51,0.013129360529548188,0.016089445797003714,1.0901636102477181
seed-1729__h-1__c-128__turning,1729,1,128,0.1,turning,"dt,dy,theta,r,delta_theta",primary,vectorchain,validation,ramp,51,0.011221064553436117,0.013677190343299431,1.0009859251710445
seed-1729__h-1__c-128__turning,1729,1,128,0.1,turning,"dt,dy,theta,r,delta_theta",primary,vectorchain,validation,piecewise_linear,51,0.014444419057725722,0.017698494525951233,1.0059036350055548
seed-1729__h-1__c-128__turning,1729,1,128,0.1,turning,"dt,dy,theta,r,delta_theta",primary,vectorchain,validation,first_order_response,51,0.01036407725731238,0.013816691902872807,1.001760943378757
seed-1729__h-1__c-128__turning,1729,1,128,0.1,turning,"dt,dy,theta,r,delta_theta",primary,vectorchain,validation,second_order_response,51,0.011233908447674697,0.014211601533434095,0.9991427375441428
seed-1729__h-1__c-128__turning,1729,1,128,0.1,turning,"dt,dy,theta,r,delta_theta",primary,vectorchain,validation,regime_change,51,0.01793208685576717,0.022376256105466875,1.1541686536624214
seed-1729__h-1__c-128__turning,1729,1,128,0.1,turning,"dt,dy,theta,r,delta_theta",primary,vectorchain,test,sine,51,0.011558360359338016,0.014653088978459699,0.9745827288496308
seed-1729__h-1__c-128__turning,1729,1,128,0.1,turning,"dt,dy,theta,r,delta_theta",primary,vectorchain,test,chirp,51,0.019627500956446164,0.02315056886274261,1.1888734989960077
seed-1729__h-1__c-128__turning,1729,1,128,0.1,turning,"dt,dy,theta,r,delta_theta",primary,vectorchain,test,ramp,51,0.011357642303724203,0.014090280955701903,0.9997218353005589
seed-1729__h-1__c-128__turning,1729,1,128,0.1,turning,"dt,dy,theta,r,delta_theta",primary,vectorchain,test,piecewise_linear,51,0.009166474806388034,0.010802937036465711,0.9901803061416088
seed-1729__h-1__c-128__turning,1729,1,128,0.1,turning,"dt,dy,theta,r,delta_theta",primary,vectorchain,test,first_order_response,51,0.01025844136791741,0.012301413061206589,0.9965217876184184
seed-1729__h-1__c-128__turning,1729,1,128,0.1,turning,"dt,dy,theta,r,delta_theta",primary,vectorchain,test,second_order_response,51,0.01129812970848921,0.014174620141694497,0.9973699957201781
seed-1729__h-1__c-128__turning,1729,1,128,0.1,turning,"dt,dy,theta,r,delta_theta",primary,vectorchain,test,regime_change,51,0.021002576792673183,0.02556945781418194,1.343637514415904
seed-1729__h-1__c-128__full_relational,1729,1,128,0.1,full_relational,"dt,dy,theta,r,delta_theta,delta_r",secondary,vectorchain,validation,sine,51,0.012556258573161483,0.015852825601900454,1.0033317408325868
seed-1729__h-1__c-128__full_relational,1729,1,128,0.1,full_relational,"dt,dy,theta,r,delta_theta,delta_r",secondary,vectorchain,validation,chirp,51,0.013111605734930474,0.016399390909331735,1.1111643884533338
seed-1729__h-1__c-128__full_relational,1729,1,128,0.1,full_relational,"dt,dy,theta,r,delta_theta,delta_r",secondary,vectorchain,validation,ramp,51,0.011249093369092045,0.013707158639312999,1.003179200380206
seed-1729__h-1__c-128__full_relational,1729,1,128,0.1,full_relational,"dt,dy,theta,r,delta_theta,delta_r",secondary,vectorchain,validation,piecewise_linear,51,0.014379829465186953,0.01758689308748785,0.9995607060938579
seed-1729__h-1__c-128__full_relational,1729,1,128,0.1,full_relational,"dt,dy,theta,r,delta_theta,delta_r",secondary,vectorchain,validation,first_order_response,51,0.010387810433582025,0.013842636966462228,1.0036420558447559
seed-1729__h-1__c-128__full_relational,1729,1,128,0.1,full_relational,"dt,dy,theta,r,delta_theta,delta_r",secondary,vectorchain,validation,second_order_response,51,0.011179210352107526,0.01416668081226343,0.9959845985956699
seed-1729__h-1__c-128__full_relational,1729,1,128,0.1,full_relational,"dt,dy,theta,r,delta_theta,delta_r",secondary,vectorchain,validation,regime_change,51,0.01675351318418861,0.021365838443121055,1.1020512490577483
seed-1729__h-1__c-128__full_relational,1729,1,128,0.1,full_relational,"dt,dy,theta,r,delta_theta,delta_r",secondary,vectorchain,test,sine,51,0.011726670146200383,0.014841659482541682,0.9871246274703875
seed-1729__h-1__c-128__full_relational,1729,1,128,0.1,full_relational,"dt,dy,theta,r,delta_theta,delta_r",secondary,vectorchain,test,chirp,51,0.018291414837041147,0.021847084616064456,1.1219344148455352
seed-1729__h-1__c-128__full_relational,1729,1,128,0.1,full_relational,"dt,dy,theta,r,delta_theta,delta_r",secondary,vectorchain,test,ramp,51,0.011324717362196639,0.014058785520141014,0.9974871974859183
seed-1729__h-1__c-128__full_relational,1729,1,128,0.1,full_relational,"dt,dy,theta,r,delta_theta,delta_r",secondary,vectorchain,test,piecewise_linear,51,0.009077450821704821,0.010753931274521381,0.9856885146777742
seed-1729__h-1__c-128__full_relational,1729,1,128,0.1,full_relational,"dt,dy,theta,r,delta_theta,delta_r",secondary,vectorchain,test,first_order_response,51,0.01019262968246724,0.012245454050614902,0.9919886195188897
seed-1729__h-1__c-128__full_relational,1729,1,128,0.1,full_relational,"dt,dy,theta,r,delta_theta,delta_r",secondary,vectorchain,test,second_order_response,51,0.011228002406264356,0.014139304211390707,0.9948850579296876
seed-1729__h-1__c-128__full_relational,1729,1,128,0.1,full_relational,"dt,dy,theta,r,delta_theta,delta_r",secondary,vectorchain,test,regime_change,51,0.01984825839192031,0.024223813647622782,1.2729258866456437
seed-1729__h-4__c-128__raw,1729,4,128,,,,baseline,raw,validation,sine,51,0.018203884851858868,0.02302312676116278,
seed-1729__h-4__c-128__raw,1729,4,128,,,,baseline,raw,validation,chirp,51,0.0944448345000905,0.10773652203741388,
seed-1729__h-4__c-128__raw,1729,4,128,,,,baseline,raw,validation,ramp,51,0.009234648772486823,0.011354179921741068,
seed-1729__h-4__c-128__raw,1729,4,128,,,,baseline,raw,validation,piecewise_linear,51,0.012511359351997658,0.01644016608434562,
seed-1729__h-4__c-128__raw,1729,4,128,,,,baseline,raw,validation,first_order_response,51,0.01546784082088583,0.01827808833685411,
seed-1729__h-4__c-128__raw,1729,4,128,,,,baseline,raw,validation,second_order_response,51,0.019541295011835297,0.023454724663576506,
seed-1729__h-4__c-128__raw,1729,4,128,,,,baseline,raw,validation,regime_change,51,0.13930892554599542,0.15791558490393423,
seed-1729__h-4__c-128__raw,1729,4,128,,,,baseline,raw,test,sine,52,0.022373912725820174,0.02766596002429626,
seed-1729__h-4__c-128__raw,1729,4,128,,,,baseline,raw,test,chirp,52,0.11447415383757344,0.12993301542551516,
seed-1729__h-4__c-128__raw,1729,4,128,,,,baseline,raw,test,ramp,52,0.01421973554127275,0.017209132208081585,
seed-1729__h-4__c-128__raw,1729,4,128,,,,baseline,raw,test,piecewise_linear,52,0.012048830747358245,0.0152031507340098,
seed-1729__h-4__c-128__raw,1729,4,128,,,,baseline,raw,test,first_order_response,52,0.016044137145074282,0.01915409614682833,
seed-1729__h-4__c-128__raw,1729,4,128,,,,baseline,raw,test,second_order_response,52,0.016894020317493662,0.019859168707618512,
seed-1729__h-4__c-128__raw,1729,4,128,,,,baseline,raw,test,regime_change,52,0.1341318666262319,0.1518514586822507,
seed-1729__h-4__c-128__first_difference,1729,4,128,,,,baseline,first_difference,validation,sine,51,0.043137787370352204,0.050644962162684486,
seed-1729__h-4__c-128__first_difference,1729,4,128,,,,baseline,first_difference,validation,chirp,51,0.0890834567861031,0.09884308950614132,
seed-1729__h-4__c-128__first_difference,1729,4,128,,,,baseline,first_difference,validation,ramp,51,0.013692854238913586,0.01753180033947167,
seed-1729__h-4__c-128__first_difference,1729,4,128,,,,baseline,first_difference,validation,piecewise_linear,51,0.01894724094393056,0.02372578980089195,
seed-1729__h-4__c-128__first_difference,1729,4,128,,,,baseline,first_difference,validation,first_order_response,51,0.01853581135491946,0.022531501897336288,
seed-1729__h-4__c-128__first_difference,1729,4,128,,,,baseline,first_difference,validation,second_order_response,51,0.018345863087936252,0.022266834038991577,
seed-1729__h-4__c-128__first_difference,1729,4,128,,,,baseline,first_difference,validation,regime_change,51,0.1105133808031352,0.12498795612152487,
seed-1729__h-4__c-128__first_difference,1729,4,128,,,,baseline,first_difference,test,sine,52,0.03915251542101841,0.04926866735838385,
seed-1729__h-4__c-128__first_difference,1729,4,128,,,,baseline,first_difference,test,chirp,52,0.09542191084828641,0.10894688437259333,
seed-1729__h-4__c-128__first_difference,1729,4,128,,,,baseline,first_difference,test,ramp,52,0.01759580792666813,0.020966972042699417,
seed-1729__h-4__c-128__first_difference,1729,4,128,,,,baseline,first_difference,test,piecewise_linear,52,0.016846085143248448,0.022645738165949367,
seed-1729__h-4__c-128__first_difference,1729,4,128,,,,baseline,first_difference,test,first_order_response,52,0.018584208938332035,0.021722547813659586,
seed-1729__h-4__c-128__first_difference,1729,4,128,,,,baseline,first_difference,test,second_order_response,52,0.018361208130908583,0.022050238352850592,
seed-1729__h-4__c-128__first_difference,1729,4,128,,,,baseline,first_difference,test,regime_change,52,0.10206051542801463,0.11630317677585292,
seed-1729__h-4__c-128__segment,1729,4,128,0.1,segment,"dt,dy",secondary,vectorchain,validation,sine,51,0.037700902009131516,0.04333932610921189,1.894683732396737
seed-1729__h-4__c-128__segment,1729,4,128,0.1,segment,"dt,dy",secondary,vectorchain,validation,chirp,51,0.06603364832672319,0.07655534743452216,2.514469161782218
seed-1729__h-4__c-128__segment,1729,4,128,0.1,segment,"dt,dy",secondary,vectorchain,validation,ramp,51,0.009464544722119644,0.01134572373413582,1.0218441063998351
seed-1729__h-4__c-128__segment,1729,4,128,0.1,segment,"dt,dy",secondary,vectorchain,validation,piecewise_linear,51,0.016617470499462914,0.020888338050802497,1.267102290624752
seed-1729__h-4__c-128__segment,1729,4,128,0.1,segment,"dt,dy",secondary,vectorchain,validation,first_order_response,51,0.011459428912053355,0.014212551600900852,1.0111458783169276
seed-1729__h-4__c-128__segment,1729,4,128,0.1,segment,"dt,dy",secondary,vectorchain,validation,second_order_response,51,0.01327327817071882,0.016465550377262116,0.9096029932010495
seed-1729__h-4__c-128__segment,1729,4,128,0.1,segment,"dt,dy",secondary,vectorchain,validation,regime_change,51,0.09469360780821692,0.1101028385318919,1.7666769613431264
seed-1729__h-4__c-128__segment,1729,4,128,0.1,segment,"dt,dy",secondary,vectorchain,test,sine,52,0.02763353217751961,0.032492724987018586,1.555467252974149
seed-1729__h-4__c-128__segment,1729,4,128,0.1,segment,"dt,dy",secondary,vectorchain,test,chirp,52,0.08056790308122502,0.09282131799075763,1.801139082790666
seed-1729__h-4__c-128__segment,1729,4,128,0.1,segment,"dt,dy",secondary,vectorchain,test,ramp,52,0.01209680175000008,0.014262906981073395,1.0165893042397536
seed-1729__h-4__c-128__segment,1729,4,128,0.1,segment,"dt,dy",secondary,vectorchain,test,piecewise_linear,52,0.012910776174860712,0.015414906971285482,1.0988163293233952
seed-1729__h-4__c-128__segment,1729,4,128,0.1,segment,"dt,dy",secondary,vectorchain,test,first_order_response,52,0.011879577386210786,0.014850110485707465,1.0098672433049571
seed-1729__h-4__c-128__segment,1729,4,128,0.1,segment,"dt,dy",secondary,vectorchain,test,second_order_response,52,0.012674086405254716,0.015840957866034674,1.061851976872145
seed-1729__h-4__c-128__segment,1729,4,128,0.1,segment,"dt,dy",secondary,vectorchain,test,regime_change,52,0.09795030112523727,0.11131927022020938,2.0817971832646913
seed-1729__h-4__c-128__absolute_geometry,1729,4,128,0.1,absolute_geometry,"dt,dy,theta,r",reference,vectorchain,validation,sine,51,0.01805264242838228,0.02287417439024956,1.0
seed-1729__h-4__c-128__absolute_geometry,1729,4,128,0.1,absolute_geometry,"dt,dy,theta,r",reference,vectorchain,validation,chirp,51,0.024592040518725683,0.03044592814980514,1.0
seed-1729__h-4__c-128__absolute_geometry,1729,4,128,0.1,absolute_geometry,"dt,dy,theta,r",reference,vectorchain,validation,ramp,51,0.00897689391567101,0.011103184588605316,1.0
seed-1729__h-4__c-128__absolute_geometry,1729,4,128,0.1,absolute_geometry,"dt,dy,theta,r",reference,vectorchain,validation,piecewise_linear,51,0.012933089030214678,0.01648512373890776,1.0
seed-1729__h-4__c-128__absolute_geometry,1729,4,128,0.1,absolute_geometry,"dt,dy,theta,r",reference,vectorchain,validation,first_order_response,51,0.011333232529100038,0.014055886401433912,1.0
seed-1729__h-4__c-128__absolute_geometry,1729,4,128,0.1,absolute_geometry,"dt,dy,theta,r",reference,vectorchain,validation,second_order_response,51,0.013451399985308813,0.01810190874517355,1.0
seed-1729__h-4__c-128__absolute_geometry,1729,4,128,0.1,absolute_geometry,"dt,dy,theta,r",reference,vectorchain,validation,regime_change,51,0.05093986299377883,0.062321998271933986,1.0
seed-1729__h-4__c-128__absolute_geometry,1729,4,128,0.1,absolute_geometry,"dt,dy,theta,r",reference,vectorchain,test,sine,52,0.016895771480775958,0.02088936615341178,1.0
seed-1729__h-4__c-128__absolute_geometry,1729,4,128,0.1,absolute_geometry,"dt,dy,theta,r",reference,vectorchain,test,chirp,52,0.04574300705880947,0.05153478644577589,1.0
seed-1729__h-4__c-128__absolute_geometry,1729,4,128,0.1,absolute_geometry,"dt,dy,theta,r",reference,vectorchain,test,ramp,52,0.01195548634144734,0.014030156447238809,1.0
seed-1729__h-4__c-128__absolute_geometry,1729,4,128,0.1,absolute_geometry,"dt,dy,theta,r",reference,vectorchain,test,piecewise_linear,52,0.011044048287547216,0.01402864751816833,1.0
seed-1729__h-4__c-128__absolute_geometry,1729,4,128,0.1,absolute_geometry,"dt,dy,theta,r",reference,vectorchain,test,first_order_response,52,0.011718046091605674,0.014705012549083215,1.0
seed-1729__h-4__c-128__absolute_geometry,1729,4,128,0.1,absolute_geometry,"dt,dy,theta,r",reference,vectorchain,test,second_order_response,52,0.011889303286526036,0.014918235508396143,1.0
seed-1729__h-4__c-128__absolute_geometry,1729,4,128,0.1,absolute_geometry,"dt,dy,theta,r",reference,vectorchain,test,regime_change,52,0.044272353100391654,0.05347267789345242,1.0
seed-1729__h-4__c-128__turning_matched,1729,4,128,0.1,turning_matched,"dt,dy,theta,delta_theta",capacity_control,vectorchain,validation,sine,51,0.016682032650863907,0.021533566726322412,0.9413920851937458
seed-1729__h-4__c-128__turning_matched,1729,4,128,0.1,turning_matched,"dt,dy,theta,delta_theta",capacity_control,vectorchain,validation,chirp,51,0.0335777247764498,0.0394978768694845,1.2973122932938832
seed-1729__h-4__c-128__turning_matched,1729,4,128,0.1,turning_matched,"dt,dy,theta,delta_theta",capacity_control,vectorchain,validation,ramp,51,0.008992859571492038,0.011137157798202386,1.0030597716651433
seed-1729__h-4__c-128__turning_matched,1729,4,128,0.1,turning_matched,"dt,dy,theta,delta_theta",capacity_control,vectorchain,validation,piecewise_linear,51,0.013181677897520273,0.016882276541459903,1.024091587593898
seed-1729__h-4__c-128__turning_matched,1729,4,128,0.1,turning_matched,"dt,dy,theta,delta_theta",capacity_control,vectorchain,validation,first_order_response,51,0.011389186538367199,0.014106355304506369,1.0035905884290093
seed-1729__h-4__c-128__turning_matched,1729,4,128,0.1,turning_matched,"dt,dy,theta,delta_theta",capacity_control,vectorchain,validation,second_order_response,51,0.013783397996575287,0.018516211664764762,1.0228872504785813
seed-1729__h-4__c-128__turning_matched,1729,4,128,0.1,turning_matched,"dt,dy,theta,delta_theta",capacity_control,vectorchain,validation,regime_change,51,0.06464818401180328,0.07577270337716732,1.2158259599851553
seed-1729__h-4__c-128__turning_matched,1729,4,128,0.1,turning_matched,"dt,dy,theta,delta_theta",capacity_control,vectorchain,test,sine,52,0.01606567086132639,0.01990229732292218,0.9527477845311078
seed-1729__h-4__c-128__turning_matched,1729,4,128,0.1,turning_matched,"dt,dy,theta,delta_theta",capacity_control,vectorchain,test,chirp,52,0.06001654284309483,0.07004340471652613,1.3591480541056424
seed-1729__h-4__c-128__turning_matched,1729,4,128,0.1,turning_matched,"dt,dy,theta,delta_theta",capacity_control,vectorchain,test,ramp,52,0.012003369361872507,0.014083868599229464,1.0038283359271611
seed-1729__h-4__c-128__turning_matched,1729,4,128,0.1,turning_matched,"dt,dy,theta,delta_theta",capacity_control,vectorchain,test,piecewise_linear,52,0.011466341484703137,0.014209882303231842,1.0129189064611395
seed-1729__h-4__c-128__turning_matched,1729,4,128,0.1,turning_matched,"dt,dy,theta,delta_theta",capacity_control,vectorchain,test,first_order_response,52,0.011814608002360753,0.014761745466807885,1.00385806659704
seed-1729__h-4__c-128__turning_matched,1729,4,128,0.1,turning_matched,"dt,dy,theta,delta_theta",capacity_control,vectorchain,test,second_order_response,52,0.011971014612268325,0.0149885647992189,1.0047143169702057
seed-1729__h-4__c-128__turning_matched,1729,4,128,0.1,turning_matched,"dt,dy,theta,delta_theta",capacity_control,vectorchain,test,regime_change,52,0.06830839777280691,0.07760425955876067,1.451288071141526
seed-1729__h-4__c-128__turning,1729,4,128,0.1,turning,"dt,dy,theta,r,delta_theta",primary,vectorchain,validation,sine,51,0.016682864922123685,0.021535108960547847,0.9414595077026033
seed-1729__h-4__c-128__turning,1729,4,128,0.1,turning,"dt,dy,theta,r,delta_theta",primary,vectorchain,validation,chirp,51,0.03357052446417991,0.039488978837743126,1.2970200364213846
seed-1729__h-4__c-128__turning,1729,4,128,0.1,turning,"dt,dy,theta,r,delta_theta",primary,vectorchain,validation,ramp,51,0.00899270345789397,0.0111371865912801,1.003062364892112
seed-1729__h-4__c-128__turning,1729,4,128,0.1,turning,"dt,dy,theta,r,delta_theta",primary,vectorchain,validation,piecewise_linear,51,0.0131809729072812,0.01688148240729538,1.024043414818425
seed-1729__h-4__c-128__turning,1729,4,128,0.1,turning,"dt,dy,theta,r,delta_theta",primary,vectorchain,validation,first_order_response,51,0.01138926281993784,0.014106371774810798,1.0035917602017426
seed-1729__h-4__c-128__turning,1729,4,128,0.1,turning,"dt,dy,theta,r,delta_theta",primary,vectorchain,validation,second_order_response,51,0.013783414501769661,0.0185156463233212,1.022856019438169
seed-1729__h-4__c-128__turning,1729,4,128,0.1,turning,"dt,dy,theta,r,delta_theta",primary,vectorchain,validation,regime_change,51,0.06461295724746796,0.07572921677754287,1.2151281871147361
seed-1729__h-4__c-128__turning,1729,4,128,0.1,turning,"dt,dy,theta,r,delta_theta",primary,vectorchain,test,sine,52,0.01606583185721215,0.019903481208755118,0.9528044586218505
seed-1729__h-4__c-128__turning,1729,4,128,0.1,turning,"dt,dy,theta,r,delta_theta",primary,vectorchain,test,chirp,52,0.05998757618383426,0.07000606599665225,1.3584235198163004
seed-1729__h-4__c-128__turning,1729,4,128,0.1,turning,"dt,dy,theta,r,delta_theta",primary,vectorchain,test,ramp,52,0.01200339829403164,0.014083914316631634,1.0038315944369534
seed-1729__h-4__c-128__turning,1729,4,128,0.1,turning,"dt,dy,theta,r,delta_theta",primary,vectorchain,test,piecewise_linear,52,0.01146636952997193,0.014209910513848905,1.0129209173903488
seed-1729__h-4__c-128__turning,1729,4,128,0.1,turning,"dt,dy,theta,r,delta_theta",primary,vectorchain,test,first_order_response,52,0.011814692637357379,0.014761776212656378,1.0038601574384036
seed-1729__h-4__c-128__turning,1729,4,128,0.1,turning,"dt,dy,theta,r,delta_theta",primary,vectorchain,test,second_order_response,52,0.011970775473632993,0.014988321282204934,1.0046979935240563
seed-1729__h-4__c-128__turning,1729,4,128,0.1,turning,"dt,dy,theta,r,delta_theta",primary,vectorchain,test,regime_change,52,0.06828594955567993,0.0775724674157,1.450693521844331
seed-1729__h-4__c-128__full_relational,1729,4,128,0.1,full_relational,"dt,dy,theta,r,delta_theta,delta_r",secondary,vectorchain,validation,sine,51,0.01733934712491976,0.022387206014541392,0.9787109966287683
seed-1729__h-4__c-128__full_relational,1729,4,128,0.1,full_relational,"dt,dy,theta,r,delta_theta,delta_r",secondary,vectorchain,validation,chirp,51,0.03561156938331717,0.0422808729319378,1.3887201179711253
seed-1729__h-4__c-128__full_relational,1729,4,128,0.1,full_relational,"dt,dy,theta,r,delta_theta,delta_r",secondary,vectorchain,validation,ramp,51,0.008940006201529616,0.011154452197489511,1.0046173787776895
seed-1729__h-4__c-128__full_relational,1729,4,128,0.1,full_relational,"dt,dy,theta,r,delta_theta,delta_r",secondary,vectorchain,validation,piecewise_linear,51,0.012894241843952286,0.01651411701190638,1.0017587537380865
seed-1729__h-4__c-128__full_relational,1729,4,128,0.1,full_relational,"dt,dy,theta,r,delta_theta,delta_r",secondary,vectorchain,validation,first_order_response,51,0.011432839510664077,0.014120270895384118,1.0045806071642438
seed-1729__h-4__c-128__full_relational,1729,4,128,0.1,full_relational,"dt,dy,theta,r,delta_theta,delta_r",secondary,vectorchain,validation,second_order_response,51,0.013821628799083125,0.01849466923268902,1.0216971863599846
seed-1729__h-4__c-128__full_relational,1729,4,128,0.1,full_relational,"dt,dy,theta,r,delta_theta,delta_r",secondary,vectorchain,validation,regime_change,51,0.061533236338628894,0.0725836778922902,1.1646558182486495
seed-1729__h-4__c-128__full_relational,1729,4,128,0.1,full_relational,"dt,dy,theta,r,delta_theta,delta_r",secondary,vectorchain,test,sine,52,0.01565876044228898,0.019489785490119652,0.9330003288269453
seed-1729__h-4__c-128__full_relational,1729,4,128,0.1,full_relational,"dt,dy,theta,r,delta_theta,delta_r",secondary,vectorchain,test,chirp,52,0.056950180581952406,0.06702637929993487,1.3006045803732784
seed-1729__h-4__c-128__full_relational,1729,4,128,0.1,full_relational,"dt,dy,theta,r,delta_theta,delta_r",secondary,vectorchain,test,ramp,52,0.012017431400268971,0.014106320945146043,1.0054286278412972
seed-1729__h-4__c-128__full_relational,1729,4,128,0.1,full_relational,"dt,dy,theta,r,delta_theta,delta_r",secondary,vectorchain,test,piecewise_linear,52,0.01160988523664238,0.014294532206131043,1.0189529808642188
seed-1729__h-4__c-128__full_relational,1729,4,128,0.1,full_relational,"dt,dy,theta,r,delta_theta,delta_r",secondary,vectorchain,test,first_order_response,52,0.01185068396622224,0.014780738098359131,1.005149641934895
seed-1729__h-4__c-128__full_relational,1729,4,128,0.1,full_relational,"dt,dy,theta,r,delta_theta,delta_r",secondary,vectorchain,test,second_order_response,52,0.011893296003444045,0.014915465011975043,0.9998142879283853
seed-1729__h-4__c-128__full_relational,1729,4,128,0.1,full_relational,"dt,dy,theta,r,delta_theta,delta_r",secondary,vectorchain,test,regime_change,52,0.06575140538187782,0.07487644619219323,1.400274853288424
seed-1729__h-16__c-128__raw,1729,16,128,,,,baseline,raw,validation,sine,51,0.07073346235413949,0.07847474178637862,
seed-1729__h-16__c-128__raw,1729,16,128,,,,baseline,raw,validation,chirp,51,0.38516382271373106,0.43731217329906097,
seed-1729__h-16__c-128__raw,1729,16,128,,,,baseline,raw,validation,ramp,51,0.013673966951578378,0.016054114462990193,
seed-1729__h-16__c-128__raw,1729,16,128,,,,baseline,raw,validation,piecewise_linear,51,0.032304875130327516,0.041430482956222425,
seed-1729__h-16__c-128__raw,1729,16,128,,,,baseline,raw,validation,first_order_response,51,0.048151006262968,0.05061249150579021,
seed-1729__h-16__c-128__raw,1729,16,128,,,,baseline,raw,validation,second_order_response,51,0.0796501058264971,0.08232096695871588,
seed-1729__h-16__c-128__raw,1729,16,128,,,,baseline,raw,validation,regime_change,51,0.5698585248317071,0.6469922664679632,
seed-1729__h-16__c-128__raw,1729,16,128,,,,baseline,raw,test,sine,52,0.09870415699516163,0.10866038976612936,
seed-1729__h-16__c-128__raw,1729,16,128,,,,baseline,raw,test,chirp,52,0.47272256455629613,0.5351587315809965,
seed-1729__h-16__c-128__raw,1729,16,128,,,,baseline,raw,test,ramp,52,0.03780513860287911,0.04133005563372002,
seed-1729__h-16__c-128__raw,1729,16,128,,,,baseline,raw,test,piecewise_linear,52,0.022779130718143723,0.02749498020144483,
seed-1729__h-16__c-128__raw,1729,16,128,,,,baseline,raw,test,first_order_response,52,0.04953121269002519,0.05238835370589339,
seed-1729__h-16__c-128__raw,1729,16,128,,,,baseline,raw,test,second_order_response,52,0.05774638708257447,0.059991978435753275,
seed-1729__h-16__c-128__raw,1729,16,128,,,,baseline,raw,test,regime_change,52,0.5200257476005196,0.5901171303164384,
seed-1729__h-16__c-128__first_difference,1729,16,128,,,,baseline,first_difference,validation,sine,51,0.16404069494746581,0.18700154639439429,
seed-1729__h-16__c-128__first_difference,1729,16,128,,,,baseline,first_difference,validation,chirp,51,0.3147694541690634,0.35034585159276194,
seed-1729__h-16__c-128__first_difference,1729,16,128,,,,baseline,first_difference,validation,ramp,51,0.043526121229247164,0.05504871747191992,
seed-1729__h-16__c-128__first_difference,1729,16,128,,,,baseline,first_difference,validation,piecewise_linear,51,0.05104757447284385,0.06544386325363528,
seed-1729__h-16__c-128__first_difference,1729,16,128,,,,baseline,first_difference,validation,first_order_response,51,0.055867287265227786,0.06936857604125259,
seed-1729__h-16__c-128__first_difference,1729,16,128,,,,baseline,first_difference,validation,second_order_response,51,0.05915334126831423,0.0722575837591551,
seed-1729__h-16__c-128__first_difference,1729,16,128,,,,baseline,first_difference,validation,regime_change,51,0.43597324228640005,0.4975988277649269,
seed-1729__h-16__c-128__first_difference,1729,16,128,,,,baseline,first_difference,test,sine,52,0.1455305618109905,0.17423827474685968,
seed-1729__h-16__c-128__first_difference,1729,16,128,,,,baseline,first_difference,test,chirp,52,0.3682045598216984,0.4133363953168053,
seed-1729__h-16__c-128__first_difference,1729,16,128,,,,baseline,first_difference,test,ramp,52,0.04831753001330468,0.05896008392668408,
seed-1729__h-16__c-128__first_difference,1729,16,128,,,,baseline,first_difference,test,piecewise_linear,52,0.053227169713179076,0.07200604015952455,
seed-1729__h-16__c-128__first_difference,1729,16,128,,,,baseline,first_difference,test,first_order_response,52,0.05782472842865188,0.0689838309234135,
seed-1729__h-16__c-128__first_difference,1729,16,128,,,,baseline,first_difference,test,second_order_response,52,0.048905313971773,0.06079008889740315,
seed-1729__h-16__c-128__first_difference,1729,16,128,,,,baseline,first_difference,test,regime_change,52,0.36805959921531495,0.4233552178730829,
seed-1729__h-16__c-128__segment,1729,16,128,0.1,segment,"dt,dy",secondary,vectorchain,validation,sine,51,0.1428584522051588,0.16165806708635064,2.3590653241659445
seed-1729__h-16__c-128__segment,1729,16,128,0.1,segment,"dt,dy",secondary,vectorchain,validation,chirp,51,0.23977469933919346,0.27504638950600224,1.769043757210911
seed-1729__h-16__c-128__segment,1729,16,128,0.1,segment,"dt,dy",secondary,vectorchain,validation,ramp,51,0.011747174590192108,0.014695373282944816,1.1552447592029
seed-1729__h-16__c-128__segment,1729,16,128,0.1,segment,"dt,dy",secondary,vectorchain,validation,piecewise_linear,51,0.055614580701071135,0.06668012812369753,1.5006779916327517
seed-1729__h-16__c-128__segment,1729,16,128,0.1,segment,"dt,dy",secondary,vectorchain,validation,first_order_response,51,0.013497489994051164,0.016498613393345754,1.045553396111899
seed-1729__h-16__c-128__segment,1729,16,128,0.1,segment,"dt,dy",secondary,vectorchain,validation,second_order_response,51,0.03438193885072558,0.04218185437472211,0.8931112027114516
seed-1729__h-16__c-128__segment,1729,16,128,0.1,segment,"dt,dy",secondary,vectorchain,validation,regime_change,51,0.39175112908921816,0.4519042332089819,1.177975366958656
seed-1729__h-16__c-128__segment,1729,16,128,0.1,segment,"dt,dy",secondary,vectorchain,test,sine,52,0.10144692206337108,0.11061161324074095,2.0738892845912247
seed-1729__h-16__c-128__segment,1729,16,128,0.1,segment,"dt,dy",secondary,vectorchain,test,chirp,52,0.33827111639392593,0.3850407087908726,1.2077238487419253
seed-1729__h-16__c-128__segment,1729,16,128,0.1,segment,"dt,dy",secondary,vectorchain,test,ramp,52,0.012989627112392287,0.01586888736730624,1.1769304266017484
seed-1729__h-16__c-128__segment,1729,16,128,0.1,segment,"dt,dy",secondary,vectorchain,test,piecewise_linear,52,0.0158690527717165,0.019518837665010856,1.1412708244965823
seed-1729__h-16__c-128__segment,1729,16,128,0.1,segment,"dt,dy",secondary,vectorchain,test,first_order_response,52,0.013164942471972106,0.017817358450153146,1.0392169336702877
seed-1729__h-16__c-128__segment,1729,16,128,0.1,segment,"dt,dy",secondary,vectorchain,test,second_order_response,52,0.025720896784090317,0.03065930097890105,1.2576293121544424
seed-1729__h-16__c-128__segment,1729,16,128,0.1,segment,"dt,dy",secondary,vectorchain,test,regime_change,52,0.4083620188616676,0.45638388043021544,1.3248768187395492
seed-1729__h-16__c-128__absolute_geometry,1729,16,128,0.1,absolute_geometry,"dt,dy,theta,r",reference,vectorchain,validation,sine,51,0.05300801246961078,0.06852632075523614,1.0
seed-1729__h-16__c-128__absolute_geometry,1729,16,128,0.1,absolute_geometry,"dt,dy,theta,r",reference,vectorchain,validation,chirp,51,0.12813075759574233,0.1554774371096635,1.0
seed-1729__h-16__c-128__absolute_geometry,1729,16,128,0.1,absolute_geometry,"dt,dy,theta,r",reference,vectorchain,validation,ramp,51,0.010320837773084087,0.012720571260660282,1.0
seed-1729__h-16__c-128__absolute_geometry,1729,16,128,0.1,absolute_geometry,"dt,dy,theta,r",reference,vectorchain,validation,piecewise_linear,51,0.03348282575857511,0.044433335129509643,1.0
seed-1729__h-16__c-128__absolute_geometry,1729,16,128,0.1,absolute_geometry,"dt,dy,theta,r",reference,vectorchain,validation,first_order_response,51,0.012911282188698033,0.015779790352840106,1.0
seed-1729__h-16__c-128__absolute_geometry,1729,16,128,0.1,absolute_geometry,"dt,dy,theta,r",reference,vectorchain,validation,second_order_response,51,0.034443688141559625,0.04723023767550962,1.0
seed-1729__h-16__c-128__absolute_geometry,1729,16,128,0.1,absolute_geometry,"dt,dy,theta,r",reference,vectorchain,validation,regime_change,51,0.32522901115295144,0.383627914372884,1.0
seed-1729__h-16__c-128__absolute_geometry,1729,16,128,0.1,absolute_geometry,"dt,dy,theta,r",reference,vectorchain,test,sine,52,0.04445465880096015,0.05333535115040778,1.0
seed-1729__h-16__c-128__absolute_geometry,1729,16,128,0.1,absolute_geometry,"dt,dy,theta,r",reference,vectorchain,test,chirp,52,0.275324600568576,0.31881519040297657,1.0
seed-1729__h-16__c-128__absolute_geometry,1729,16,128,0.1,absolute_geometry,"dt,dy,theta,r",reference,vectorchain,test,ramp,52,0.01103591686858764,0.013483284150555807,1.0
seed-1729__h-16__c-128__absolute_geometry,1729,16,128,0.1,absolute_geometry,"dt,dy,theta,r",reference,vectorchain,test,piecewise_linear,52,0.013463252320418805,0.0171027220236009,1.0
seed-1729__h-16__c-128__absolute_geometry,1729,16,128,0.1,absolute_geometry,"dt,dy,theta,r",reference,vectorchain,test,first_order_response,52,0.012725409200010572,0.017144984721550023,1.0
seed-1729__h-16__c-128__absolute_geometry,1729,16,128,0.1,absolute_geometry,"dt,dy,theta,r",reference,vectorchain,test,second_order_response,52,0.020461211574224033,0.0243786469372113,1.0
seed-1729__h-16__c-128__absolute_geometry,1729,16,128,0.1,absolute_geometry,"dt,dy,theta,r",reference,vectorchain,test,regime_change,52,0.28840457297120076,0.34447268906433604,1.0
seed-1729__h-16__c-128__turning_matched,1729,16,128,0.1,turning_matched,"dt,dy,theta,delta_theta",capacity_control,vectorchain,validation,sine,51,0.036541973101019753,0.05172822385698909,0.7548664992792058
seed-1729__h-16__c-128__turning_matched,1729,16,128,0.1,turning_matched,"dt,dy,theta,delta_theta",capacity_control,vectorchain,validation,chirp,51,0.2281922867630035,0.26843645091541274,1.726529944831001
seed-1729__h-16__c-128__turning_matched,1729,16,128,0.1,turning_matched,"dt,dy,theta,delta_theta",capacity_control,vectorchain,validation,ramp,51,0.010655269335059106,0.013078536454916466,1.0281406539785858
seed-1729__h-16__c-128__turning_matched,1729,16,128,0.1,turning_matched,"dt,dy,theta,delta_theta",capacity_control,vectorchain,validation,piecewise_linear,51,0.03496079496459252,0.048135076294024595,1.0833100003347824
seed-1729__h-16__c-128__turning_matched,1729,16,128,0.1,turning_matched,"dt,dy,theta,delta_theta",capacity_control,vectorchain,validation,first_order_response,51,0.013352669470554867,0.01607186628287921,1.0185094936946697
seed-1729__h-16__c-128__turning_matched,1729,16,128,0.1,turning_matched,"dt,dy,theta,delta_theta",capacity_control,vectorchain,validation,second_order_response,51,0.036521401120195376,0.05052076704036375,1.0696699726023267
seed-1729__h-16__c-128__turning_matched,1729,16,128,0.1,turning_matched,"dt,dy,theta,delta_theta",capacity_control,vectorchain,validation,regime_change,51,0.4467192757182036,0.49417705222917263,1.2881676064605547
seed-1729__h-16__c-128__turning_matched,1729,16,128,0.1,turning_matched,"dt,dy,theta,delta_theta",capacity_control,vectorchain,test,sine,52,0.028951046174401505,0.03945281164013513,0.7397122319280631
seed-1729__h-16__c-128__turning_matched,1729,16,128,0.1,turning_matched,"dt,dy,theta,delta_theta",capacity_control,vectorchain,test,chirp,52,0.38927392933583016,0.4415991067402409,1.3851256779266625
seed-1729__h-16__c-128__turning_matched,1729,16,128,0.1,turning_matched,"dt,dy,theta,delta_theta",capacity_control,vectorchain,test,ramp,52,0.01130604589512077,0.01377612374061748,1.0217187138379489
seed-1729__h-16__c-128__turning_matched,1729,16,128,0.1,turning_matched,"dt,dy,theta,delta_theta",capacity_control,vectorchain,test,piecewise_linear,52,0.013378289086885545,0.017828605545734212,1.0424425726578277
seed-1729__h-16__c-128__turning_matched,1729,16,128,0.1,turning_matched,"dt,dy,theta,delta_theta",capacity_control,vectorchain,test,first_order_response,52,0.013173635080814861,0.017474819847392305,1.0192379947371841
seed-1729__h-16__c-128__turning_matched,1729,16,128,0.1,turning_matched,"dt,dy,theta,delta_theta",capacity_control,vectorchain,test,second_order_response,52,0.019759433988444146,0.023881534704857592,0.9796087029098026
seed-1729__h-16__c-128__turning_matched,1729,16,128,0.1,turning_matched,"dt,dy,theta,delta_theta",capacity_control,vectorchain,test,regime_change,52,0.46637792499847885,0.5215862560793694,1.5141585171704408
seed-1729__h-16__c-128__turning,1729,16,128,0.1,turning,"dt,dy,theta,r,delta_theta",primary,vectorchain,validation,sine,51,0.03654713364869475,0.05174063162641923,0.7550475650258182
seed-1729__h-16__c-128__turning,1729,16,128,0.1,turning,"dt,dy,theta,r,delta_theta",primary,vectorchain,validation,chirp,51,0.2281330242986623,0.2683599060038077,1.72603762316023
seed-1729__h-16__c-128__turning,1729,16,128,0.1,turning,"dt,dy,theta,r,delta_theta",primary,vectorchain,validation,ramp,51,0.010656685750047723,0.013079790669287553,1.0282392513092706
seed-1729__h-16__c-128__turning,1729,16,128,0.1,turning,"dt,dy,theta,r,delta_theta",primary,vectorchain,validation,piecewise_linear,51,0.034955278615456754,0.04813006870944275,1.08319730151154
seed-1729__h-16__c-128__turning,1729,16,128,0.1,turning,"dt,dy,theta,r,delta_theta",primary,vectorchain,validation,first_order_response,51,0.01335339631002904,0.016072611488646287,1.018556719022156
seed-1729__h-16__c-128__turning,1729,16,128,0.1,turning,"dt,dy,theta,r,delta_theta",primary,vectorchain,validation,second_order_response,51,0.03652886867075719,0.050520702239363585,1.0696686005787384
seed-1729__h-16__c-128__turning,1729,16,128,0.1,turning,"dt,dy,theta,r,delta_theta",primary,vectorchain,validation,regime_change,51,0.4465169306795139,0.4939326880937354,1.2875306243060192
seed-1729__h-16__c-128__turning,1729,16,128,0.1,turning,"dt,dy,theta,r,delta_theta",primary,vectorchain,test,sine,52,0.02896699816967744,0.03946702750370143,0.7399787692857382
seed-1729__h-16__c-128__turning,1729,16,128,0.1,turning,"dt,dy,theta,r,delta_theta",primary,vectorchain,test,chirp,52,0.3891213292343379,0.4414115788280237,1.3845374753633524
seed-1729__h-16__c-128__turning,1729,16,128,0.1,turning,"dt,dy,theta,r,delta_theta",primary,vectorchain,test,ramp,52,0.011306904297272295,0.013777019285860248,1.021785132763247
seed-1729__h-16__c-128__turning,1729,16,128,0.1,turning,"dt,dy,theta,r,delta_theta",primary,vectorchain,test,piecewise_linear,52,0.013377847828659414,0.017829665749496425,1.0425045630100507
seed-1729__h-16__c-128__turning,1729,16,128,0.1,turning,"dt,dy,theta,r,delta_theta",primary,vectorchain,test,first_order_response,52,0.01317465149672998,0.017475557813644658,1.0192810374265968
seed-1729__h-16__c-128__turning,1729,16,128,0.1,turning,"dt,dy,theta,r,delta_theta",primary,vectorchain,test,second_order_response,52,0.019756518072830305,0.023878572353213022,0.9794871887153438
seed-1729__h-16__c-128__turning,1729,16,128,0.1,turning,"dt,dy,theta,r,delta_theta",primary,vectorchain,test,regime_change,52,0.4661855499677643,0.5213545483137982,1.5134858723630962
seed-1729__h-16__c-128__full_relational,1729,16,128,0.1,full_relational,"dt,dy,theta,r,delta_theta,delta_r",secondary,vectorchain,validation,sine,51,0.042529749060471835,0.058309842267946714,0.8509116150598414
seed-1729__h-16__c-128__full_relational,1729,16,128,0.1,full_relational,"dt,dy,theta,r,delta_theta,delta_r",secondary,vectorchain,validation,chirp,51,0.24657698711325535,0.286995599884313,1.8458987054300702
seed-1729__h-16__c-128__full_relational,1729,16,128,0.1,full_relational,"dt,dy,theta,r,delta_theta,delta_r",secondary,vectorchain,validation,ramp,51,0.01098817349572628,0.013430163734451533,1.0557830665974681
seed-1729__h-16__c-128__full_relational,1729,16,128,0.1,full_relational,"dt,dy,theta,r,delta_theta,delta_r",secondary,vectorchain,validation,piecewise_linear,51,0.032217952978744004,0.04544031297087563,1.0226626661813918
seed-1729__h-16__c-128__full_relational,1729,16,128,0.1,full_relational,"dt,dy,theta,r,delta_theta,delta_r",secondary,vectorchain,validation,first_order_response,51,0.013535862077505905,0.01629417046440308,1.0325973983216066
seed-1729__h-16__c-128__full_relational,1729,16,128,0.1,full_relational,"dt,dy,theta,r,delta_theta,delta_r",secondary,vectorchain,validation,second_order_response,51,0.03761838207435927,0.051000607367258616,1.0798295726913958
seed-1729__h-16__c-128__full_relational,1729,16,128,0.1,full_relational,"dt,dy,theta,r,delta_theta,delta_r",secondary,vectorchain,validation,regime_change,51,0.41489630583365816,0.4612527532943712,1.2023440839762154
seed-1729__h-16__c-128__full_relational,1729,16,128,0.1,full_relational,"dt,dy,theta,r,delta_theta,delta_r",secondary,vectorchain,test,sine,52,0.03209710573684189,0.040596327187659396,0.7611523372776934
seed-1729__h-16__c-128__full_relational,1729,16,128,0.1,full_relational,"dt,dy,theta,r,delta_theta,delta_r",secondary,vectorchain,test,chirp,52,0.3829431111760255,0.43469537270985714,1.3634713332210115
seed-1729__h-16__c-128__full_relational,1729,16,128,0.1,full_relational,"dt,dy,theta,r,delta_theta,delta_r",secondary,vectorchain,test,ramp,52,0.0115051768311119,0.014041467736357288,1.0413981919811777
seed-1729__h-16__c-128__full_relational,1729,16,128,0.1,full_relational,"dt,dy,theta,r,delta_theta,delta_r",secondary,vectorchain,test,piecewise_linear,52,0.013994793076488527,0.019049542885933957,1.1138310533052307
seed-1729__h-16__c-128__full_relational,1729,16,128,0.1,full_relational,"dt,dy,theta,r,delta_theta,delta_r",secondary,vectorchain,test,first_order_response,52,0.013477496467908225,0.017693078761246286,1.0319681847839355
seed-1729__h-16__c-128__full_relational,1729,16,128,0.1,full_relational,"dt,dy,theta,r,delta_theta,delta_r",secondary,vectorchain,test,second_order_response,52,0.01905207591450978,0.023195090613325323,0.9514511069078486
seed-1729__h-16__c-128__full_relational,1729,16,128,0.1,full_relational,"dt,dy,theta,r,delta_theta,delta_r",secondary,vectorchain,test,regime_change,52,0.45553653811760597,0.5098049678112431,1.479957581531314
seed-2718__h-1__c-32__raw,2718,1,32,,,,baseline,raw,validation,sine,51,0.011693698575371265,0.014992750218799662,
seed-2718__h-1__c-32__raw,2718,1,32,,,,baseline,raw,validation,chirp,51,0.012844762885463358,0.015480806619988432,
seed-2718__h-1__c-32__raw,2718,1,32,,,,baseline,raw,validation,ramp,51,0.012171632385667788,0.014435369592217166,
seed-2718__h-1__c-32__raw,2718,1,32,,,,baseline,raw,validation,piecewise_linear,51,0.014220273321440019,0.018407056318285882,
seed-2718__h-1__c-32__raw,2718,1,32,,,,baseline,raw,validation,first_order_response,51,0.009922335199557425,0.012486843797248298,
seed-2718__h-1__c-32__raw,2718,1,32,,,,baseline,raw,validation,second_order_response,51,0.01260850364108214,0.015633493124471275,
seed-2718__h-1__c-32__raw,2718,1,32,,,,baseline,raw,validation,regime_change,51,0.019417876878732924,0.02343621414234431,
seed-2718__h-1__c-32__raw,2718,1,32,,,,baseline,raw,test,sine,51,0.012410413427382748,0.014889649999644152,
seed-2718__h-1__c-32__raw,2718,1,32,,,,baseline,raw,test,chirp,51,0.015372567251384634,0.018560667561997306,
seed-2718__h-1__c-32__raw,2718,1,32,,,,baseline,raw,test,ramp,51,0.013126691426510741,0.015599297607596492,
seed-2718__h-1__c-32__raw,2718,1,32,,,,baseline,raw,test,piecewise_linear,51,0.010049112913938299,0.012341905440432201,
seed-2718__h-1__c-32__raw,2718,1,32,,,,baseline,raw,test,first_order_response,51,0.013695395812452693,0.015783962683508623,
seed-2718__h-1__c-32__raw,2718,1,32,,,,baseline,raw,test,second_order_response,51,0.010981421544614524,0.013796523690549775,
seed-2718__h-1__c-32__raw,2718,1,32,,,,baseline,raw,test,regime_change,51,0.016620902347379053,0.021137345562888626,
seed-2718__h-1__c-32__first_difference,2718,1,32,,,,baseline,first_difference,validation,sine,51,0.011802211088381111,0.014596392173819625,
seed-2718__h-1__c-32__first_difference,2718,1,32,,,,baseline,first_difference,validation,chirp,51,0.02003396648124314,0.02408869094493465,
seed-2718__h-1__c-32__first_difference,2718,1,32,,,,baseline,first_difference,validation,ramp,51,0.011106046729160235,0.01317787309927032,
seed-2718__h-1__c-32__first_difference,2718,1,32,,,,baseline,first_difference,validation,piecewise_linear,51,0.011589769118795243,0.01526683466462057,
seed-2718__h-1__c-32__first_difference,2718,1,32,,,,baseline,first_difference,validation,first_order_response,51,0.00809951662137709,0.010863506914751197,
seed-2718__h-1__c-32__first_difference,2718,1,32,,,,baseline,first_difference,validation,second_order_response,51,0.010738966351920261,0.012924790711836396,
seed-2718__h-1__c-32__first_difference,2718,1,32,,,,baseline,first_difference,validation,regime_change,51,0.030610901277453733,0.0361183000109624,
seed-2718__h-1__c-32__first_difference,2718,1,32,,,,baseline,first_difference,test,sine,51,0.011897916514067866,0.01395432959434367,
seed-2718__h-1__c-32__first_difference,2718,1,32,,,,baseline,first_difference,test,chirp,51,0.026191311200235445,0.02994299309296997,
seed-2718__h-1__c-32__first_difference,2718,1,32,,,,baseline,first_difference,test,ramp,51,0.010868402729562578,0.012655272441142264,
seed-2718__h-1__c-32__first_difference,2718,1,32,,,,baseline,first_difference,test,piecewise_linear,51,0.009134287949809718,0.010761072396630909,
seed-2718__h-1__c-32__first_difference,2718,1,32,,,,baseline,first_difference,test,first_order_response,51,0.01091557219925923,0.012732310849769314,
seed-2718__h-1__c-32__first_difference,2718,1,32,,,,baseline,first_difference,test,second_order_response,51,0.008662963774871472,0.011164855749270574,
seed-2718__h-1__c-32__first_difference,2718,1,32,,,,baseline,first_difference,test,regime_change,51,0.03029758466021372,0.035197164775096094,
seed-2718__h-1__c-32__segment,2718,1,32,0.1,segment,"dt,dy",secondary,vectorchain,validation,sine,51,0.0121777213139851,0.015667653275181808,1.0001624260077127
seed-2718__h-1__c-32__segment,2718,1,32,0.1,segment,"dt,dy",secondary,vectorchain,validation,chirp,51,0.019188190651349985,0.023846542641767998,1.6597046474676453
seed-2718__h-1__c-32__segment,2718,1,32,0.1,segment,"dt,dy",secondary,vectorchain,validation,ramp,51,0.01191280348679047,0.014026003537537404,0.9960157829490388
seed-2718__h-1__c-32__segment,2718,1,32,0.1,segment,"dt,dy",secondary,vectorchain,validation,piecewise_linear,51,0.013917133963616544,0.018095843208917665,0.9713628315814108
seed-2718__h-1__c-32__segment,2718,1,32,0.1,segment,"dt,dy",secondary,vectorchain,validation,first_order_response,51,0.009862033693503877,0.01252571359218532,1.0030864804593402
seed-2718__h-1__c-32__segment,2718,1,32,0.1,segment,"dt,dy",secondary,vectorchain,validation,second_order_response,51,0.011968666509931261,0.014743732259160484,0.9968966976059811
seed-2718__h-1__c-32__segment,2718,1,32,0.1,segment,"dt,dy",secondary,vectorchain,validation,regime_change,51,0.03221518680908254,0.04181963499122021,1.8551007970088464
seed-2718__h-1__c-32__segment,2718,1,32,0.1,segment,"dt,dy",secondary,vectorchain,test,sine,51,0.012724902487744461,0.015450558568175128,1.0026696311044077
seed-2718__h-1__c-32__segment,2718,1,32,0.1,segment,"dt,dy",secondary,vectorchain,test,chirp,51,0.022673980391035766,0.029863426388697673,1.752288163500656
seed-2718__h-1__c-32__segment,2718,1,32,0.1,segment,"dt,dy",secondary,vectorchain,test,ramp,51,0.012680372203496684,0.014968712454129516,0.9983617584002499
seed-2718__h-1__c-32__segment,2718,1,32,0.1,segment,"dt,dy",secondary,vectorchain,test,piecewise_linear,51,0.009893401731218847,0.01214531547000649,0.9982667421646844
seed-2718__h-1__c-32__segment,2718,1,32,0.1,segment,"dt,dy",secondary,vectorchain,test,first_order_response,51,0.013151555689432387,0.015043568636581007,0.9978902250190134
seed-2718__h-1__c-32__segment,2718,1,32,0.1,segment,"dt,dy",secondary,vectorchain,test,second_order_response,51,0.010278511960831137,0.012929605105952887,0.9978991521137293
seed-2718__h-1__c-32__segment,2718,1,32,0.1,segment,"dt,dy",secondary,vectorchain,test,regime_change,51,0.02901945743019019,0.03615802073290671,1.7119691960122176
seed-2718__h-1__c-32__absolute_geometry,2718,1,32,0.1,absolute_geometry,"dt,dy,theta,r",reference,vectorchain,validation,sine,51,0.012185778474209916,0.015665108854090254,1.0
seed-2718__h-1__c-32__absolute_geometry,2718,1,32,0.1,absolute_geometry,"dt,dy,theta,r",reference,vectorchain,validation,chirp,51,0.01215266230955835,0.014367943524260613,1.0
seed-2718__h-1__c-32__absolute_geometry,2718,1,32,0.1,absolute_geometry,"dt,dy,theta,r",reference,vectorchain,validation,ramp,51,0.011946004820652393,0.014082109719194123,1.0
seed-2718__h-1__c-32__absolute_geometry,2718,1,32,0.1,absolute_geometry,"dt,dy,theta,r",reference,vectorchain,validation,piecewise_linear,51,0.014255937007382454,0.01862933460142492,1.0
seed-2718__h-1__c-32__absolute_geometry,2718,1,32,0.1,absolute_geometry,"dt,dy,theta,r",reference,vectorchain,validation,first_order_response,51,0.009841529384764644,0.012487172179261614,1.0
seed-2718__h-1__c-32__absolute_geometry,2718,1,32,0.1,absolute_geometry,"dt,dy,theta,r",reference,vectorchain,validation,second_order_response,51,0.01199957708290809,0.014789628950087943,1.0
seed-2718__h-1__c-32__absolute_geometry,2718,1,32,0.1,absolute_geometry,"dt,dy,theta,r",reference,vectorchain,validation,regime_change,51,0.018269749530344992,0.02254305267867382,1.0
seed-2718__h-1__c-32__absolute_geometry,2718,1,32,0.1,absolute_geometry,"dt,dy,theta,r",reference,vectorchain,test,sine,51,0.012689654544376353,0.015409421098310163,1.0
seed-2718__h-1__c-32__absolute_geometry,2718,1,32,0.1,absolute_geometry,"dt,dy,theta,r",reference,vectorchain,test,chirp,51,0.014063310741934704,0.017042531594254243,1.0
seed-2718__h-1__c-32__absolute_geometry,2718,1,32,0.1,absolute_geometry,"dt,dy,theta,r",reference,vectorchain,test,ramp,51,0.01269970904376735,0.014993275061051026,1.0
seed-2718__h-1__c-32__absolute_geometry,2718,1,32,0.1,absolute_geometry,"dt,dy,theta,r",reference,vectorchain,test,piecewise_linear,51,0.009909368381095966,0.012166402983304911,1.0
seed-2718__h-1__c-32__absolute_geometry,2718,1,32,0.1,absolute_geometry,"dt,dy,theta,r",reference,vectorchain,test,first_order_response,51,0.01316846001575973,0.015075374284074556,1.0
seed-2718__h-1__c-32__absolute_geometry,2718,1,32,0.1,absolute_geometry,"dt,dy,theta,r",reference,vectorchain,test,second_order_response,51,0.010295007931355848,0.012956825425260325,1.0
seed-2718__h-1__c-32__absolute_geometry,2718,1,32,0.1,absolute_geometry,"dt,dy,theta,r",reference,vectorchain,test,regime_change,51,0.018217187712090827,0.02112071923789957,1.0
seed-2718__h-1__c-32__turning_matched,2718,1,32,0.1,turning_matched,"dt,dy,theta,delta_theta",capacity_control,vectorchain,validation,sine,51,0.012130926394810258,0.01564559413515179,0.9987542557718412
seed-2718__h-1__c-32__turning_matched,2718,1,32,0.1,turning_matched,"dt,dy,theta,delta_theta",capacity_control,vectorchain,validation,chirp,51,0.022163423797078002,0.03006210815458085,2.09230417030943
seed-2718__h-1__c-32__turning_matched,2718,1,32,0.1,turning_matched,"dt,dy,theta,delta_theta",capacity_control,vectorchain,validation,ramp,51,0.011908298033500703,0.014020280153920222,0.9956093535338937
seed-2718__h-1__c-32__turning_matched,2718,1,32,0.1,turning_matched,"dt,dy,theta,delta_theta",capacity_control,vectorchain,validation,piecewise_linear,51,0.016051354138022132,0.02537085334468201,1.3618765182703543
seed-2718__h-1__c-32__turning_matched,2718,1,32,0.1,turning_matched,"dt,dy,theta,delta_theta",capacity_control,vectorchain,validation,first_order_response,51,0.009859149929540624,0.012523271949822666,1.002890948410322
seed-2718__h-1__c-32__turning_matched,2718,1,32,0.1,turning_matched,"dt,dy,theta,delta_theta",capacity_control,vectorchain,validation,second_order_response,51,0.011943801683242375,0.014721577264477271,0.9953986887811498
seed-2718__h-1__c-32__turning_matched,2718,1,32,0.1,turning_matched,"dt,dy,theta,delta_theta",capacity_control,vectorchain,validation,regime_change,51,0.028025358025180892,0.0368562624711345,1.6349277534182967
seed-2718__h-1__c-32__turning_matched,2718,1,32,0.1,turning_matched,"dt,dy,theta,delta_theta",capacity_control,vectorchain,test,sine,51,0.012716565580847897,0.015462070417712862,1.0034166967770433
seed-2718__h-1__c-32__turning_matched,2718,1,32,0.1,turning_matched,"dt,dy,theta,delta_theta",capacity_control,vectorchain,test,chirp,51,0.018718129057062986,0.024258665450962356,1.4234191274224175
seed-2718__h-1__c-32__turning_matched,2718,1,32,0.1,turning_matched,"dt,dy,theta,delta_theta",capacity_control,vectorchain,test,ramp,51,0.012678761095097801,0.014964635004595762,0.9980898065073411
seed-2718__h-1__c-32__turning_matched,2718,1,32,0.1,turning_matched,"dt,dy,theta,delta_theta",capacity_control,vectorchain,test,piecewise_linear,51,0.009874052795861092,0.012122569341122937,0.9963971568061551
seed-2718__h-1__c-32__turning_matched,2718,1,32,0.1,turning_matched,"dt,dy,theta,delta_theta",capacity_control,vectorchain,test,first_order_response,51,0.01314314417027571,0.015031709660741927,0.9971035794859995
seed-2718__h-1__c-32__turning_matched,2718,1,32,0.1,turning_matched,"dt,dy,theta,delta_theta",capacity_control,vectorchain,test,second_order_response,51,0.010271987307707996,0.012914872858842037,0.9967621261349636
seed-2718__h-1__c-32__turning_matched,2718,1,32,0.1,turning_matched,"dt,dy,theta,delta_theta",capacity_control,vectorchain,test,regime_change,51,0.024765019111592155,0.03327357220312262,1.5753995793578681
seed-2718__h-1__c-32__turning,2718,1,32,0.1,turning,"dt,dy,theta,r,delta_theta",primary,vectorchain,validation,sine,51,0.012178492889929468,0.01566137361365371,0.9997615566880936
seed-2718__h-1__c-32__turning,2718,1,32,0.1,turning,"dt,dy,theta,r,delta_theta",primary,vectorchain,validation,chirp,51,0.022178662342309887,0.030305228062670303,2.109225165835264
seed-2718__h-1__c-32__turning,2718,1,32,0.1,turning,"dt,dy,theta,r,delta_theta",primary,vectorchain,validation,ramp,51,0.011945406174491765,0.014081331479820556,0.9999447355979263
seed-2718__h-1__c-32__turning,2718,1,32,0.1,turning,"dt,dy,theta,r,delta_theta",primary,vectorchain,validation,piecewise_linear,51,0.016053362074470796,0.025431318920752868,1.3651222367763836
seed-2718__h-1__c-32__turning,2718,1,32,0.1,turning,"dt,dy,theta,r,delta_theta",primary,vectorchain,validation,first_order_response,51,0.009841193293708006,0.012486871649506407,0.9999759329213298
seed-2718__h-1__c-32__turning,2718,1,32,0.1,turning,"dt,dy,theta,r,delta_theta",primary,vectorchain,validation,second_order_response,51,0.011996424457724137,0.014786759010679636,0.9998059491946693
seed-2718__h-1__c-32__turning,2718,1,32,0.1,turning,"dt,dy,theta,r,delta_theta",primary,vectorchain,validation,regime_change,51,0.02853811630715903,0.03768815731548258,1.6718302464482253
seed-2718__h-1__c-32__turning,2718,1,32,0.1,turning,"dt,dy,theta,r,delta_theta",primary,vectorchain,test,sine,51,0.012691375645203371,0.015411493717647017,1.0001345033874816
seed-2718__h-1__c-32__turning,2718,1,32,0.1,turning,"dt,dy,theta,r,delta_theta",primary,vectorchain,test,chirp,51,0.019230372373687972,0.024984861107132925,1.466029912806873
seed-2718__h-1__c-32__turning,2718,1,32,0.1,turning,"dt,dy,theta,r,delta_theta",primary,vectorchain,test,ramp,51,0.012699484739414502,0.014992741298032481,0.9999643998381693
seed-2718__h-1__c-32__turning,2718,1,32,0.1,turning,"dt,dy,theta,r,delta_theta",primary,vectorchain,test,piecewise_linear,51,0.00990692202148003,0.01216332650168478,0.9997471330166892
seed-2718__h-1__c-32__turning,2718,1,32,0.1,turning,"dt,dy,theta,r,delta_theta",primary,vectorchain,test,first_order_response,51,0.01316738767497478,0.015073810648287387,0.999896278808227
seed-2718__h-1__c-32__turning,2718,1,32,0.1,turning,"dt,dy,theta,r,delta_theta",primary,vectorchain,test,second_order_response,51,0.010294170680750201,0.012954874421426222,0.9998494226965272
seed-2718__h-1__c-32__turning,2718,1,32,0.1,turning,"dt,dy,theta,r,delta_theta",primary,vectorchain,test,regime_change,51,0.025262421633753144,0.03383063490362799,1.6017747559903839
seed-2718__h-1__c-32__full_relational,2718,1,32,0.1,full_relational,"dt,dy,theta,r,delta_theta,delta_r",secondary,vectorchain,validation,sine,51,0.012184413981886112,0.015664206667018666,0.9999424078645102
seed-2718__h-1__c-32__full_relational,2718,1,32,0.1,full_relational,"dt,dy,theta,r,delta_theta,delta_r",secondary,vectorchain,validation,chirp,51,0.023642063608004586,0.033291223752008894,2.3170486225670275
seed-2718__h-1__c-32__full_relational,2718,1,32,0.1,full_relational,"dt,dy,theta,r,delta_theta,delta_r",secondary,vectorchain,validation,ramp,51,0.011947463729864063,0.014084607613879809,1.000177380714644
seed-2718__h-1__c-32__full_relational,2718,1,32,0.1,full_relational,"dt,dy,theta,r,delta_theta,delta_r",secondary,vectorchain,validation,piecewise_linear,51,0.016420344905455304,0.027369749387929153,1.469174824195583
seed-2718__h-1__c-32__full_relational,2718,1,32,0.1,full_relational,"dt,dy,theta,r,delta_theta,delta_r",secondary,vectorchain,validation,first_order_response,51,0.009840479189196248,0.012485354891868479,0.9998544676595272
seed-2718__h-1__c-32__full_relational,2718,1,32,0.1,full_relational,"dt,dy,theta,r,delta_theta,delta_r",secondary,vectorchain,validation,second_order_response,51,0.012000179830494184,0.014791056036386807,1.0000964923666227
seed-2718__h-1__c-32__full_relational,2718,1,32,0.1,full_relational,"dt,dy,theta,r,delta_theta,delta_r",secondary,vectorchain,validation,regime_change,51,0.035684996951835225,0.048494802095834205,2.151208302933669
seed-2718__h-1__c-32__full_relational,2718,1,32,0.1,full_relational,"dt,dy,theta,r,delta_theta,delta_r",secondary,vectorchain,test,sine,51,0.012689319390720353,0.015407976585822308,0.9999062578354735
seed-2718__h-1__c-32__full_relational,2718,1,32,0.1,full_relational,"dt,dy,theta,r,delta_theta,delta_r",secondary,vectorchain,test,chirp,51,0.02510549067129852,0.03428485063587267,2.0117228738148003
seed-2718__h-1__c-32__full_relational,2718,1,32,0.1,full_relational,"dt,dy,theta,r,delta_theta,delta_r",secondary,vectorchain,test,ramp,51,0.012700559874425777,0.014994356568465613,1.000072132833566
seed-2718__h-1__c-32__full_relational,2718,1,32,0.1,full_relational,"dt,dy,theta,r,delta_theta,delta_r",secondary,vectorchain,test,piecewise_linear,51,0.009909448042260176,0.012166591659730962,1.0000155079875548
seed-2718__h-1__c-32__full_relational,2718,1,32,0.1,full_relational,"dt,dy,theta,r,delta_theta,delta_r",secondary,vectorchain,test,first_order_response,51,0.013168974370566527,0.015076517867017648,1.000075857681643
seed-2718__h-1__c-32__full_relational,2718,1,32,0.1,full_relational,"dt,dy,theta,r,delta_theta,delta_r",secondary,vectorchain,test,second_order_response,51,0.010295671601178636,0.012957644801085738,1.0000632389338067
seed-2718__h-1__c-32__full_relational,2718,1,32,0.1,full_relational,"dt,dy,theta,r,delta_theta,delta_r",secondary,vectorchain,test,regime_change,51,0.030267624853539007,0.04190106714498547,1.9838844820112516
seed-2718__h-4__c-32__raw,2718,4,32,,,,baseline,raw,validation,sine,51,0.016241069483369647,0.019512433912044585,
seed-2718__h-4__c-32__raw,2718,4,32,,,,baseline,raw,validation,chirp,51,0.03412436284701423,0.03942148978152117,
seed-2718__h-4__c-32__raw,2718,4,32,,,,baseline,raw,validation,ramp,51,0.014298397257701961,0.01740233987397544,
seed-2718__h-4__c-32__raw,2718,4,32,,,,baseline,raw,validation,piecewise_linear,51,0.01768103963800201,0.020890275781266496,
seed-2718__h-4__c-32__raw,2718,4,32,,,,baseline,raw,validation,first_order_response,51,0.014474651503710344,0.018378205556493964,
seed-2718__h-4__c-32__raw,2718,4,32,,,,baseline,raw,validation,second_order_response,51,0.015785521497143143,0.02002086351186654,
seed-2718__h-4__c-32__raw,2718,4,32,,,,baseline,raw,validation,regime_change,51,0.06749446677911,0.07575292177819669,
seed-2718__h-4__c-32__raw,2718,4,32,,,,baseline,raw,test,sine,52,0.014601033635319125,0.018011894596174204,
seed-2718__h-4__c-32__raw,2718,4,32,,,,baseline,raw,test,chirp,52,0.05380092910209869,0.0609587257928153,
seed-2718__h-4__c-32__raw,2718,4,32,,,,baseline,raw,test,ramp,52,0.013074008198519348,0.016832651972838807,
seed-2718__h-4__c-32__raw,2718,4,32,,,,baseline,raw,test,piecewise_linear,52,0.012196939073865206,0.015283189347396666,
seed-2718__h-4__c-32__raw,2718,4,32,,,,baseline,raw,test,first_order_response,52,0.01346408209842179,0.016965925375011355,
seed-2718__h-4__c-32__raw,2718,4,32,,,,baseline,raw,test,second_order_response,52,0.014572519831565933,0.018466502200698606,
seed-2718__h-4__c-32__raw,2718,4,32,,,,baseline,raw,test,regime_change,52,0.06828382931211963,0.07639190735271965,
seed-2718__h-4__c-32__first_difference,2718,4,32,,,,baseline,first_difference,validation,sine,51,0.019837045957323926,0.025037659626763208,
seed-2718__h-4__c-32__first_difference,2718,4,32,,,,baseline,first_difference,validation,chirp,51,0.05944818405969581,0.06665030147765354,
seed-2718__h-4__c-32__first_difference,2718,4,32,,,,baseline,first_difference,validation,ramp,51,0.012072777072595917,0.015051458134476156,
seed-2718__h-4__c-32__first_difference,2718,4,32,,,,baseline,first_difference,validation,piecewise_linear,51,0.015883062087564247,0.018874234526017327,
seed-2718__h-4__c-32__first_difference,2718,4,32,,,,baseline,first_difference,validation,first_order_response,51,0.01157795699101738,0.014674671101210804,
seed-2718__h-4__c-32__first_difference,2718,4,32,,,,baseline,first_difference,validation,second_order_response,51,0.013486593425362323,0.01643472615187985,
seed-2718__h-4__c-32__first_difference,2718,4,32,,,,baseline,first_difference,validation,regime_change,51,0.104523602025229,0.11594168412683652,
seed-2718__h-4__c-32__first_difference,2718,4,32,,,,baseline,first_difference,test,sine,52,0.019347576479616106,0.023304749898702,
seed-2718__h-4__c-32__first_difference,2718,4,32,,,,baseline,first_difference,test,chirp,52,0.08461494023874076,0.0947867263725535,
seed-2718__h-4__c-32__first_difference,2718,4,32,,,,baseline,first_difference,test,ramp,52,0.010461544478296954,0.013703587172204748,
seed-2718__h-4__c-32__first_difference,2718,4,32,,,,baseline,first_difference,test,piecewise_linear,52,0.010200438791550102,0.012937962500772086,
seed-2718__h-4__c-32__first_difference,2718,4,32,,,,baseline,first_difference,test,first_order_response,52,0.011090132212010665,0.01353112997642523,
seed-2718__h-4__c-32__first_difference,2718,4,32,,,,baseline,first_difference,test,second_order_response,52,0.012175322481848262,0.015541843151055642,
seed-2718__h-4__c-32__first_difference,2718,4,32,,,,baseline,first_difference,test,regime_change,52,0.1053998593278444,0.1160076220536477,
seed-2718__h-4__c-32__segment,2718,4,32,0.1,segment,"dt,dy",secondary,vectorchain,validation,sine,51,0.019977693887455676,0.025143454112283664,0.9992617124449377
seed-2718__h-4__c-32__segment,2718,4,32,0.1,segment,"dt,dy",secondary,vectorchain,validation,chirp,51,0.06534511822868419,0.08269222856997982,1.9174878361984873
seed-2718__h-4__c-32__segment,2718,4,32,0.1,segment,"dt,dy",secondary,vectorchain,validation,ramp,51,0.012970722702395092,0.016153677647636474,0.9992007411744376
seed-2718__h-4__c-32__segment,2718,4,32,0.1,segment,"dt,dy",secondary,vectorchain,validation,piecewise_linear,51,0.019816492084548287,0.02846092803707092,1.3405496823746277
seed-2718__h-4__c-32__segment,2718,4,32,0.1,segment,"dt,dy",secondary,vectorchain,validation,first_order_response,51,0.012676675223868021,0.016403598114491897,1.0009957267050567
seed-2718__h-4__c-32__segment,2718,4,32,0.1,segment,"dt,dy",secondary,vectorchain,validation,second_order_response,51,0.014773536831251393,0.018039160015795995,0.9985406874298947
seed-2718__h-4__c-32__segment,2718,4,32,0.1,segment,"dt,dy",secondary,vectorchain,validation,regime_change,51,0.11960267948259512,0.16188178551580562,1.9824596681491344
seed-2718__h-4__c-32__segment,2718,4,32,0.1,segment,"dt,dy",secondary,vectorchain,test,sine,52,0.018456555312049074,0.023128565538590416,1.000027622794081
seed-2718__h-4__c-32__segment,2718,4,32,0.1,segment,"dt,dy",secondary,vectorchain,test,chirp,52,0.0776562923699797,0.1049226983169495,1.841428905121496
seed-2718__h-4__c-32__segment,2718,4,32,0.1,segment,"dt,dy",secondary,vectorchain,test,ramp,52,0.011929412465774501,0.015398496981405402,0.9999582129833692
seed-2718__h-4__c-32__segment,2718,4,32,0.1,segment,"dt,dy",secondary,vectorchain,test,piecewise_linear,52,0.011222175430513237,0.0143507764136135,1.0007427690863644
seed-2718__h-4__c-32__segment,2718,4,32,0.1,segment,"dt,dy",secondary,vectorchain,test,first_order_response,52,0.011568166841998868,0.014656485921882898,0.9989573177898545
seed-2718__h-4__c-32__segment,2718,4,32,0.1,segment,"dt,dy",secondary,vectorchain,test,second_order_response,52,0.012646136902851025,0.016400041508113777,1.0008879018760006
seed-2718__h-4__c-32__segment,2718,4,32,0.1,segment,"dt,dy",secondary,vectorchain,test,regime_change,52,0.10991863070781879,0.15319282211297494,1.9338216975116518
seed-2718__h-4__c-32__absolute_geometry,2718,4,32,0.1,absolute_geometry,"dt,dy,theta,r",reference,vectorchain,validation,sine,51,0.020006492797970413,0.02516203092657685,1.0
seed-2718__h-4__c-32__absolute_geometry,2718,4,32,0.1,absolute_geometry,"dt,dy,theta,r",reference,vectorchain,validation,chirp,51,0.03628385156699293,0.043125294986966475,1.0
seed-2718__h-4__c-32__absolute_geometry,2718,4,32,0.1,absolute_geometry,"dt,dy,theta,r",reference,vectorchain,validation,ramp,51,0.012979075424847025,0.01616659894452221,1.0
seed-2718__h-4__c-32__absolute_geometry,2718,4,32,0.1,absolute_geometry,"dt,dy,theta,r",reference,vectorchain,validation,piecewise_linear,51,0.017820252810940372,0.021230789437550496,1.0
seed-2718__h-4__c-32__absolute_geometry,2718,4,32,0.1,absolute_geometry,"dt,dy,theta,r",reference,vectorchain,validation,first_order_response,51,0.012677827722259262,0.016387280861315023,1.0
seed-2718__h-4__c-32__absolute_geometry,2718,4,32,0.1,absolute_geometry,"dt,dy,theta,r",reference,vectorchain,validation,second_order_response,51,0.014792863641146242,0.01806552326097627,1.0
seed-2718__h-4__c-32__absolute_geometry,2718,4,32,0.1,absolute_geometry,"dt,dy,theta,r",reference,vectorchain,validation,regime_change,51,0.06459319313505812,0.08165703853483275,1.0
seed-2718__h-4__c-32__absolute_geometry,2718,4,32,0.1,absolute_geometry,"dt,dy,theta,r",reference,vectorchain,test,sine,52,0.018376224682109362,0.0231279266806342,1.0
seed-2718__h-4__c-32__absolute_geometry,2718,4,32,0.1,absolute_geometry,"dt,dy,theta,r",reference,vectorchain,test,chirp,52,0.043237687518515325,0.05697895695301187,1.0
seed-2718__h-4__c-32__absolute_geometry,2718,4,32,0.1,absolute_geometry,"dt,dy,theta,r",reference,vectorchain,test,ramp,52,0.011920176389582334,0.015399140465544137,1.0
seed-2718__h-4__c-32__absolute_geometry,2718,4,32,0.1,absolute_geometry,"dt,dy,theta,r",reference,vectorchain,test,piecewise_linear,52,0.01120983594604079,0.014340125012059942,1.0
seed-2718__h-4__c-32__absolute_geometry,2718,4,32,0.1,absolute_geometry,"dt,dy,theta,r",reference,vectorchain,test,first_order_response,52,0.011574552666307001,0.014671783929977785,1.0
seed-2718__h-4__c-32__absolute_geometry,2718,4,32,0.1,absolute_geometry,"dt,dy,theta,r",reference,vectorchain,test,second_order_response,52,0.012636971505662477,0.016385492798318954,1.0
seed-2718__h-4__c-32__absolute_geometry,2718,4,32,0.1,absolute_geometry,"dt,dy,theta,r",reference,vectorchain,test,regime_change,52,0.06021265684296892,0.0792176560590338,1.0
seed-2718__h-4__c-32__turning_matched,2718,4,32,0.1,turning_matched,"dt,dy,theta,delta_theta",capacity_control,vectorchain,validation,sine,51,0.019915411142803506,0.025214218118443227,1.002074045295416
seed-2718__h-4__c-32__turning_matched,2718,4,32,0.1,turning_matched,"dt,dy,theta,delta_theta",capacity_control,vectorchain,validation,chirp,51,0.03425961486287528,0.04852359687545119,1.1251771585589436
seed-2718__h-4__c-32__turning_matched,2718,4,32,0.1,turning_matched,"dt,dy,theta,delta_theta",capacity_control,vectorchain,validation,ramp,51,0.012963073084104462,0.016137968877627563,0.9982290606086726
seed-2718__h-4__c-32__turning_matched,2718,4,32,0.1,turning_matched,"dt,dy,theta,delta_theta",capacity_control,vectorchain,validation,piecewise_linear,51,0.022000166716442452,0.04082114221684323,1.9227331294918146
seed-2718__h-4__c-32__turning_matched,2718,4,32,0.1,turning_matched,"dt,dy,theta,delta_theta",capacity_control,vectorchain,validation,first_order_response,51,0.012664616335421602,0.016390158831677114,1.0001756222027587
seed-2718__h-4__c-32__turning_matched,2718,4,32,0.1,turning_matched,"dt,dy,theta,delta_theta",capacity_control,vectorchain,validation,second_order_response,51,0.014765768523926802,0.01800101432562685,0.9964291687310954
seed-2718__h-4__c-32__turning_matched,2718,4,32,0.1,turning_matched,"dt,dy,theta,delta_theta",capacity_control,vectorchain,validation,regime_change,51,0.03751639215479376,0.05187875818283224,0.6353250021515552
seed-2718__h-4__c-32__turning_matched,2718,4,32,0.1,turning_matched,"dt,dy,theta,delta_theta",capacity_control,vectorchain,test,sine,52,0.018487592527798077,0.02322043982443158,1.0040000621359133
seed-2718__h-4__c-32__turning_matched,2718,4,32,0.1,turning_matched,"dt,dy,theta,delta_theta",capacity_control,vectorchain,test,chirp,52,0.034703782223504204,0.04511386622518683,0.7917636376248572
seed-2718__h-4__c-32__turning_matched,2718,4,32,0.1,turning_matched,"dt,dy,theta,delta_theta",capacity_control,vectorchain,test,ramp,52,0.011912453413553327,0.015377454555980948,0.9985917454541238
seed-2718__h-4__c-32__turning_matched,2718,4,32,0.1,turning_matched,"dt,dy,theta,delta_theta",capacity_control,vectorchain,test,piecewise_linear,52,0.011221554410536296,0.014325721436676086,0.9989955753264533
seed-2718__h-4__c-32__turning_matched,2718,4,32,0.1,turning_matched,"dt,dy,theta,delta_theta",capacity_control,vectorchain,test,first_order_response,52,0.011553679858733347,0.014636972330538671,0.9976273096983125
seed-2718__h-4__c-32__turning_matched,2718,4,32,0.1,turning_matched,"dt,dy,theta,delta_theta",capacity_control,vectorchain,test,second_order_response,52,0.012635590173718516,0.016378406541539173,0.9995675286140611
seed-2718__h-4__c-32__turning_matched,2718,4,32,0.1,turning_matched,"dt,dy,theta,delta_theta",capacity_control,vectorchain,test,regime_change,52,0.03414150780599752,0.04767155527295184,0.6017794219690937
seed-2718__h-4__c-32__turning,2718,4,32,0.1,turning,"dt,dy,theta,r,delta_theta",primary,vectorchain,validation,sine,51,0.019997875904669882,0.025165662643099104,1.0001443332031843
seed-2718__h-4__c-32__turning,2718,4,32,0.1,turning,"dt,dy,theta,r,delta_theta",primary,vectorchain,validation,chirp,51,0.03473770434583878,0.04875898108981481,1.1306353059045966
seed-2718__h-4__c-32__turning,2718,4,32,0.1,turning,"dt,dy,theta,r,delta_theta",primary,vectorchain,validation,ramp,51,0.012977636603632178,0.01616458098434478,0.9998751771981012
seed-2718__h-4__c-32__turning,2718,4,32,0.1,turning,"dt,dy,theta,r,delta_theta",primary,vectorchain,validation,piecewise_linear,51,0.021983247586340217,0.040791951112733184,1.9213581874909103
seed-2718__h-4__c-32__turning,2718,4,32,0.1,turning,"dt,dy,theta,r,delta_theta",primary,vectorchain,validation,first_order_response,51,0.012676752399100223,0.016386520180143777,0.9999535810011627
seed-2718__h-4__c-32__turning,2718,4,32,0.1,turning,"dt,dy,theta,r,delta_theta",primary,vectorchain,validation,second_order_response,51,0.014791452818066672,0.018061024475794413,0.9997509739896894
seed-2718__h-4__c-32__turning,2718,4,32,0.1,turning,"dt,dy,theta,r,delta_theta",primary,vectorchain,validation,regime_change,51,0.038960731314795334,0.0535603836455638,0.655918762259745
seed-2718__h-4__c-32__turning,2718,4,32,0.1,turning,"dt,dy,theta,r,delta_theta",primary,vectorchain,test,sine,52,0.018382469217810102,0.023136393740693692,1.0003660968048027
seed-2718__h-4__c-32__turning,2718,4,32,0.1,turning,"dt,dy,theta,r,delta_theta",primary,vectorchain,test,chirp,52,0.03577231754363748,0.04627875821624705,0.8122078867538973
seed-2718__h-4__c-32__turning,2718,4,32,0.1,turning,"dt,dy,theta,r,delta_theta",primary,vectorchain,test,ramp,52,0.011918559404483423,0.015397137640870076,0.9998699391905319
seed-2718__h-4__c-32__turning,2718,4,32,0.1,turning,"dt,dy,theta,r,delta_theta",primary,vectorchain,test,piecewise_linear,52,0.011209249252962008,0.01433787764318189,0.9998432810818482
seed-2718__h-4__c-32__turning,2718,4,32,0.1,turning,"dt,dy,theta,r,delta_theta",primary,vectorchain,test,first_order_response,52,0.011573039887481113,0.014669226292631428,0.9998256764577121
seed-2718__h-4__c-32__turning,2718,4,32,0.1,turning,"dt,dy,theta,r,delta_theta",primary,vectorchain,test,second_order_response,52,0.012636082567909988,0.0163839084742446,0.9999033093423644
seed-2718__h-4__c-32__turning,2718,4,32,0.1,turning,"dt,dy,theta,r,delta_theta",primary,vectorchain,test,regime_change,52,0.0350851872976338,0.048141277561016695,0.6077089370725804
seed-2718__h-4__c-32__full_relational,2718,4,32,0.1,full_relational,"dt,dy,theta,r,delta_theta,delta_r",secondary,vectorchain,validation,sine,51,0.020003676181383045,0.02516371219697505,1.000066817754223
seed-2718__h-4__c-32__full_relational,2718,4,32,0.1,full_relational,"dt,dy,theta,r,delta_theta,delta_r",secondary,vectorchain,validation,chirp,51,0.036077043450903415,0.05303465947485939,1.2297807931722617
seed-2718__h-4__c-32__full_relational,2718,4,32,0.1,full_relational,"dt,dy,theta,r,delta_theta,delta_r",secondary,vectorchain,validation,ramp,51,0.012978553267874164,0.016165840287424713,0.9999530725602768
seed-2718__h-4__c-32__full_relational,2718,4,32,0.1,full_relational,"dt,dy,theta,r,delta_theta,delta_r",secondary,vectorchain,validation,piecewise_linear,51,0.022508700186998555,0.04407942585458498,2.076202864911963
seed-2718__h-4__c-32__full_relational,2718,4,32,0.1,full_relational,"dt,dy,theta,r,delta_theta,delta_r",secondary,vectorchain,validation,first_order_response,51,0.01267739571208274,0.016386925864221163,0.9999783370348708
seed-2718__h-4__c-32__full_relational,2718,4,32,0.1,full_relational,"dt,dy,theta,r,delta_theta,delta_r",secondary,vectorchain,validation,second_order_response,51,0.01479236365027885,0.018063780488267064,0.9999035304605337
seed-2718__h-4__c-32__full_relational,2718,4,32,0.1,full_relational,"dt,dy,theta,r,delta_theta,delta_r",secondary,vectorchain,validation,regime_change,51,0.04513909410202148,0.05946373796510046,0.7282132567143589
seed-2718__h-4__c-32__full_relational,2718,4,32,0.1,full_relational,"dt,dy,theta,r,delta_theta,delta_r",secondary,vectorchain,test,sine,52,0.01837740971887508,0.0231307842066574,1.0001235530561239
seed-2718__h-4__c-32__full_relational,2718,4,32,0.1,full_relational,"dt,dy,theta,r,delta_theta,delta_r",secondary,vectorchain,test,chirp,52,0.04083628970331655,0.052996839009970355,0.9301124808878934
seed-2718__h-4__c-32__full_relational,2718,4,32,0.1,full_relational,"dt,dy,theta,r,delta_theta,delta_r",secondary,vectorchain,test,ramp,52,0.011919481955494523,0.015398352980724095,0.9999488617678497
seed-2718__h-4__c-32__full_relational,2718,4,32,0.1,full_relational,"dt,dy,theta,r,delta_theta,delta_r",secondary,vectorchain,test,piecewise_linear,52,0.011209538242932748,0.014339131088115815,0.9999306893110561
seed-2718__h-4__c-32__full_relational,2718,4,32,0.1,full_relational,"dt,dy,theta,r,delta_theta,delta_r",secondary,vectorchain,test,first_order_response,52,0.011573941551995938,0.014670803074410101,0.9999331468093884
seed-2718__h-4__c-32__full_relational,2718,4,32,0.1,full_relational,"dt,dy,theta,r,delta_theta,delta_r",secondary,vectorchain,test,second_order_response,52,0.012636572084879049,0.016384793748812906,0.9999573372913069
seed-2718__h-4__c-32__full_relational,2718,4,32,0.1,full_relational,"dt,dy,theta,r,delta_theta,delta_r",secondary,vectorchain,test,regime_change,52,0.03764087360571277,0.05106291969024754,0.6445901359691194
seed-2718__h-16__c-32__raw,2718,16,32,,,,baseline,raw,validation,sine,51,0.032135870043195985,0.04059431241634203,
seed-2718__h-16__c-32__raw,2718,16,32,,,,baseline,raw,validation,chirp,51,0.18780194027144226,0.21085294766666526,
seed-2718__h-16__c-32__raw,2718,16,32,,,,baseline,raw,validation,ramp,51,0.022015370655781206,0.02681138582766963,
seed-2718__h-16__c-32__raw,2718,16,32,,,,baseline,raw,validation,piecewise_linear,51,0.03273922619799745,0.03878806551923162,
seed-2718__h-16__c-32__raw,2718,16,32,,,,baseline,raw,validation,first_order_response,51,0.033011436960352476,0.03753485913682404,
seed-2718__h-16__c-32__raw,2718,16,32,,,,baseline,raw,validation,second_order_response,51,0.04025116915647662,0.04554711959078671,
seed-2718__h-16__c-32__raw,2718,16,32,,,,baseline,raw,validation,regime_change,51,0.37041783570699965,0.4143455382120559,
seed-2718__h-16__c-32__raw,2718,16,32,,,,baseline,raw,test,sine,52,0.02767655496711718,0.03457639127512602,
seed-2718__h-16__c-32__raw,2718,16,32,,,,baseline,raw,test,chirp,52,0.2835579777119599,0.3208537928178325,
seed-2718__h-16__c-32__raw,2718,16,32,,,,baseline,raw,test,ramp,52,0.029245909275716846,0.034859639780411754,
seed-2718__h-16__c-32__raw,2718,16,32,,,,baseline,raw,test,piecewise_linear,52,0.018532934515090724,0.022873026948586058,
seed-2718__h-16__c-32__raw,2718,16,32,,,,baseline,raw,test,first_order_response,52,0.03528971395444331,0.04043952956193195,
seed-2718__h-16__c-32__raw,2718,16,32,,,,baseline,raw,test,second_order_response,52,0.03856994511299004,0.04348605206488357,
seed-2718__h-16__c-32__raw,2718,16,32,,,,baseline,raw,test,regime_change,52,0.3873188085275551,0.4288580704227141,
seed-2718__h-16__c-32__first_difference,2718,16,32,,,,baseline,first_difference,validation,sine,51,0.0892398981878065,0.09946886730843356,
seed-2718__h-16__c-32__first_difference,2718,16,32,,,,baseline,first_difference,validation,chirp,51,0.2786671205393442,0.3141442067099154,
seed-2718__h-16__c-32__first_difference,2718,16,32,,,,baseline,first_difference,validation,ramp,51,0.02296932981614692,0.02999864209609696,
seed-2718__h-16__c-32__first_difference,2718,16,32,,,,baseline,first_difference,validation,piecewise_linear,51,0.0396678758267662,0.04862761274060574,
seed-2718__h-16__c-32__first_difference,2718,16,32,,,,baseline,first_difference,validation,first_order_response,51,0.02402712247681456,0.03008007004216993,
seed-2718__h-16__c-32__first_difference,2718,16,32,,,,baseline,first_difference,validation,second_order_response,51,0.02625414600425456,0.03386961361530874,
seed-2718__h-16__c-32__first_difference,2718,16,32,,,,baseline,first_difference,validation,regime_change,51,0.4789148430166712,0.5308135132627395,
seed-2718__h-16__c-32__first_difference,2718,16,32,,,,baseline,first_difference,test,sine,52,0.0828725500080001,0.09327240593331115,
seed-2718__h-16__c-32__first_difference,2718,16,32,,,,baseline,first_difference,test,chirp,52,0.38905800397850915,0.4345532914201524,
seed-2718__h-16__c-32__first_difference,2718,16,32,,,,baseline,first_difference,test,ramp,52,0.025775333433025793,0.03257340520791716,
seed-2718__h-16__c-32__first_difference,2718,16,32,,,,baseline,first_difference,test,piecewise_linear,52,0.02062897363227329,0.027477270735575595,
seed-2718__h-16__c-32__first_difference,2718,16,32,,,,baseline,first_difference,test,first_order_response,52,0.024487732051657492,0.028850776914488476,
seed-2718__h-16__c-32__first_difference,2718,16,32,,,,baseline,first_difference,test,second_order_response,52,0.026621321772488014,0.032763627115330075,
seed-2718__h-16__c-32__first_difference,2718,16,32,,,,baseline,first_difference,test,regime_change,52,0.4853774408641532,0.5342964504042663,
seed-2718__h-16__c-32__segment,2718,16,32,0.1,segment,"dt,dy",secondary,vectorchain,validation,sine,51,0.08766641597331665,0.09767017645126988,0.9998971507522483
seed-2718__h-16__c-32__segment,2718,16,32,0.1,segment,"dt,dy",secondary,vectorchain,validation,chirp,51,0.3545396628065355,0.448683065730849,1.4648822688212404
seed-2718__h-16__c-32__segment,2718,16,32,0.1,segment,"dt,dy",secondary,vectorchain,validation,ramp,51,0.015931413308024736,0.02039562914710209,0.9620449992212923
seed-2718__h-16__c-32__segment,2718,16,32,0.1,segment,"dt,dy",secondary,vectorchain,validation,piecewise_linear,51,0.045689441727071615,0.13802188998947212,2.585748710704992
seed-2718__h-16__c-32__segment,2718,16,32,0.1,segment,"dt,dy",secondary,vectorchain,validation,first_order_response,51,0.013361270883544028,0.017282517853412834,1.0001442136576144
seed-2718__h-16__c-32__segment,2718,16,32,0.1,segment,"dt,dy",secondary,vectorchain,validation,second_order_response,51,0.019533004209604233,0.02416614079691938,0.9419957656094569
seed-2718__h-16__c-32__segment,2718,16,32,0.1,segment,"dt,dy",secondary,vectorchain,validation,regime_change,51,0.7360990474986813,0.9742454417072264,1.527614813996752
seed-2718__h-16__c-32__segment,2718,16,32,0.1,segment,"dt,dy",secondary,vectorchain,test,sine,52,0.08310390891095001,0.09197783997300381,0.9978770243562899
seed-2718__h-16__c-32__segment,2718,16,32,0.1,segment,"dt,dy",secondary,vectorchain,test,chirp,52,0.42576152745965234,0.5844073099526018,1.386612591646204
seed-2718__h-16__c-32__segment,2718,16,32,0.1,segment,"dt,dy",secondary,vectorchain,test,ramp,52,0.014632374917759285,0.019394062946492374,0.9739749237582709
seed-2718__h-16__c-32__segment,2718,16,32,0.1,segment,"dt,dy",secondary,vectorchain,test,piecewise_linear,52,0.013481929768805757,0.01740449713715755,1.0114534337535959
seed-2718__h-16__c-32__segment,2718,16,32,0.1,segment,"dt,dy",secondary,vectorchain,test,first_order_response,52,0.01419458309261516,0.017579156834100287,0.9576032310211413
seed-2718__h-16__c-32__segment,2718,16,32,0.1,segment,"dt,dy",secondary,vectorchain,test,second_order_response,52,0.016219629138610393,0.020808128802116542,1.0003907102216807
seed-2718__h-16__c-32__segment,2718,16,32,0.1,segment,"dt,dy",secondary,vectorchain,test,regime_change,52,0.6321654939799044,0.8903872570951225,1.5334116093489454
seed-2718__h-16__c-32__absolute_geometry,2718,16,32,0.1,absolute_geometry,"dt,dy,theta,r",reference,vectorchain,validation,sine,51,0.08738472122175696,0.09768022278870392,1.0
seed-2718__h-16__c-32__absolute_geometry,2718,16,32,0.1,absolute_geometry,"dt,dy,theta,r",reference,vectorchain,validation,chirp,51,0.2554701022035511,0.3062929187421285,1.0
seed-2718__h-16__c-32__absolute_geometry,2718,16,32,0.1,absolute_geometry,"dt,dy,theta,r",reference,vectorchain,validation,ramp,51,0.016554940951126477,0.02120028601948029,1.0
seed-2718__h-16__c-32__absolute_geometry,2718,16,32,0.1,absolute_geometry,"dt,dy,theta,r",reference,vectorchain,validation,piecewise_linear,51,0.032464802390365456,0.05337792083896703,1.0
seed-2718__h-16__c-32__absolute_geometry,2718,16,32,0.1,absolute_geometry,"dt,dy,theta,r",reference,vectorchain,validation,first_order_response,51,0.013462568656017285,0.01728002583768311,1.0
seed-2718__h-16__c-32__absolute_geometry,2718,16,32,0.1,absolute_geometry,"dt,dy,theta,r",reference,vectorchain,validation,second_order_response,51,0.020549056628022283,0.025654192597441516,1.0
seed-2718__h-16__c-32__absolute_geometry,2718,16,32,0.1,absolute_geometry,"dt,dy,theta,r",reference,vectorchain,validation,regime_change,51,0.4897633865676165,0.6377559531242526,1.0
seed-2718__h-16__c-32__absolute_geometry,2718,16,32,0.1,absolute_geometry,"dt,dy,theta,r",reference,vectorchain,test,sine,52,0.08347330392368775,0.09217352211544988,1.0
seed-2718__h-16__c-32__absolute_geometry,2718,16,32,0.1,absolute_geometry,"dt,dy,theta,r",reference,vectorchain,test,chirp,52,0.3201117012989188,0.42146401487583934,1.0
seed-2718__h-16__c-32__absolute_geometry,2718,16,32,0.1,absolute_geometry,"dt,dy,theta,r",reference,vectorchain,test,ramp,52,0.015017976461748314,0.01991228159309957,1.0
seed-2718__h-16__c-32__absolute_geometry,2718,16,32,0.1,absolute_geometry,"dt,dy,theta,r",reference,vectorchain,test,piecewise_linear,52,0.013269944965683548,0.017207413170340306,1.0
seed-2718__h-16__c-32__absolute_geometry,2718,16,32,0.1,absolute_geometry,"dt,dy,theta,r",reference,vectorchain,test,first_order_response,52,0.014774438589433688,0.018357453551357313,1.0
seed-2718__h-16__c-32__absolute_geometry,2718,16,32,0.1,absolute_geometry,"dt,dy,theta,r",reference,vectorchain,test,second_order_response,52,0.016098204517815462,0.020800002028712943,1.0
seed-2718__h-16__c-32__absolute_geometry,2718,16,32,0.1,absolute_geometry,"dt,dy,theta,r",reference,vectorchain,test,regime_change,52,0.4169999833619839,0.5806576992547763,1.0
seed-2718__h-16__c-32__turning_matched,2718,16,32,0.1,turning_matched,"dt,dy,theta,delta_theta",capacity_control,vectorchain,validation,sine,51,0.08787960006693654,0.09776872876450184,1.000906078766726
seed-2718__h-16__c-32__turning_matched,2718,16,32,0.1,turning_matched,"dt,dy,theta,delta_theta",capacity_control,vectorchain,validation,chirp,51,0.18324064791213113,0.2186774936072468,0.713948903896645
seed-2718__h-16__c-32__turning_matched,2718,16,32,0.1,turning_matched,"dt,dy,theta,delta_theta",capacity_control,vectorchain,validation,ramp,51,0.01589988831377111,0.020347986555914306,0.9597977375030302
seed-2718__h-16__c-32__turning_matched,2718,16,32,0.1,turning_matched,"dt,dy,theta,delta_theta",capacity_control,vectorchain,validation,piecewise_linear,51,0.02972499408219782,0.04252714376555294,0.7967178769261317
seed-2718__h-16__c-32__turning_matched,2718,16,32,0.1,turning_matched,"dt,dy,theta,delta_theta",capacity_control,vectorchain,validation,first_order_response,51,0.013326059510825064,0.017238265779942474,0.9975833336053486
seed-2718__h-16__c-32__turning_matched,2718,16,32,0.1,turning_matched,"dt,dy,theta,delta_theta",capacity_control,vectorchain,validation,second_order_response,51,0.01952050534470876,0.024032433259017903,0.9367838480098825
seed-2718__h-16__c-32__turning_matched,2718,16,32,0.1,turning_matched,"dt,dy,theta,delta_theta",capacity_control,vectorchain,validation,regime_change,51,0.3550880211067417,0.45720022108176056,0.7168889899686836
seed-2718__h-16__c-32__turning_matched,2718,16,32,0.1,turning_matched,"dt,dy,theta,delta_theta",capacity_control,vectorchain,test,sine,52,0.08354864159706049,0.09235668806867908,1.0019871862225227
seed-2718__h-16__c-32__turning_matched,2718,16,32,0.1,turning_matched,"dt,dy,theta,delta_theta",capacity_control,vectorchain,test,chirp,52,0.2280875780688379,0.2932325155817659,0.6957474546626486
seed-2718__h-16__c-32__turning_matched,2718,16,32,0.1,turning_matched,"dt,dy,theta,delta_theta",capacity_control,vectorchain,test,ramp,52,0.01459489965132932,0.019347730048790292,0.9716480734932496
seed-2718__h-16__c-32__turning_matched,2718,16,32,0.1,turning_matched,"dt,dy,theta,delta_theta",capacity_control,vectorchain,test,piecewise_linear,52,0.013517524905573754,0.01743004383144607,1.0129380668030628
seed-2718__h-16__c-32__turning_matched,2718,16,32,0.1,turning_matched,"dt,dy,theta,delta_theta",capacity_control,vectorchain,test,first_order_response,52,0.014139816056596323,0.017514923059581307,0.9541041741209411
seed-2718__h-16__c-32__turning_matched,2718,16,32,0.1,turning_matched,"dt,dy,theta,delta_theta",capacity_control,vectorchain,test,second_order_response,52,0.016146224576238256,0.020738753404773307,0.9970553549054906
seed-2718__h-16__c-32__turning_matched,2718,16,32,0.1,turning_matched,"dt,dy,theta,delta_theta",capacity_control,vectorchain,test,regime_change,52,0.31445788772360805,0.42798777658963577,0.7370741439214892
seed-2718__h-16__c-32__turning,2718,16,32,0.1,turning,"dt,dy,theta,r,delta_theta",primary,vectorchain,validation,sine,51,0.08736393339685039,0.09767614159923221,0.9999582188762967
seed-2718__h-16__c-32__turning,2718,16,32,0.1,turning,"dt,dy,theta,r,delta_theta",primary,vectorchain,validation,chirp,51,0.1875454474255121,0.22357532008988665,0.729939565720477
seed-2718__h-16__c-32__turning,2718,16,32,0.1,turning,"dt,dy,theta,r,delta_theta",primary,vectorchain,validation,ramp,51,0.016546970807608554,0.02118871755318461,0.9994543249895284
seed-2718__h-16__c-32__turning,2718,16,32,0.1,turning,"dt,dy,theta,r,delta_theta",primary,vectorchain,validation,piecewise_linear,51,0.029212450592982823,0.04073065188391054,0.7630617911624668
seed-2718__h-16__c-32__turning,2718,16,32,0.1,turning,"dt,dy,theta,r,delta_theta",primary,vectorchain,validation,first_order_response,51,0.013458715419826555,0.017274561672721542,0.999683787222722
seed-2718__h-16__c-32__turning,2718,16,32,0.1,turning,"dt,dy,theta,r,delta_theta",primary,vectorchain,validation,second_order_response,51,0.02053382560658739,0.025631606681026372,0.9991196013544625
seed-2718__h-16__c-32__turning,2718,16,32,0.1,turning,"dt,dy,theta,r,delta_theta",primary,vectorchain,validation,regime_change,51,0.3687194162883733,0.4760820360068653,0.746495636261213
seed-2718__h-16__c-32__turning,2718,16,32,0.1,turning,"dt,dy,theta,r,delta_theta",primary,vectorchain,test,sine,52,0.08348982863162241,0.09218964967818415,1.000174969583066
seed-2718__h-16__c-32__turning,2718,16,32,0.1,turning,"dt,dy,theta,r,delta_theta",primary,vectorchain,test,chirp,52,0.23785841988847378,0.30674726781409695,0.727813661397552
seed-2718__h-16__c-32__turning,2718,16,32,0.1,turning,"dt,dy,theta,r,delta_theta",primary,vectorchain,test,ramp,52,0.0150108284304912,0.019903356946277047,0.9995518018976983
seed-2718__h-16__c-32__turning,2718,16,32,0.1,turning,"dt,dy,theta,r,delta_theta",primary,vectorchain,test,piecewise_linear,52,0.01326169133963549,0.0172027227706929,0.9997274198276652
seed-2718__h-16__c-32__turning,2718,16,32,0.1,turning,"dt,dy,theta,r,delta_theta",primary,vectorchain,test,first_order_response,52,0.014763760990530022,0.018343690955334953,0.9992502992866708
seed-2718__h-16__c-32__turning,2718,16,32,0.1,turning,"dt,dy,theta,r,delta_theta",primary,vectorchain,test,second_order_response,52,0.016092385969129683,0.02079331932342262,0.9996787161231475
seed-2718__h-16__c-32__turning,2718,16,32,0.1,turning,"dt,dy,theta,r,delta_theta",primary,vectorchain,test,regime_change,52,0.3195034273936246,0.44025452199039455,0.7581997492764205
seed-2718__h-16__c-32__full_relational,2718,16,32,0.1,full_relational,"dt,dy,theta,r,delta_theta,delta_r",secondary,vectorchain,validation,sine,51,0.08738276655560626,0.09767988465437479,0.9999965383542392
seed-2718__h-16__c-32__full_relational,2718,16,32,0.1,full_relational,"dt,dy,theta,r,delta_theta,delta_r",secondary,vectorchain,validation,chirp,51,0.14938587854005825,0.18690327030158102,0.6102108761415311
seed-2718__h-16__c-32__full_relational,2718,16,32,0.1,full_relational,"dt,dy,theta,r,delta_theta,delta_r",secondary,vectorchain,validation,ramp,51,0.016554176254166237,0.02119916143671987,0.9999469543590408
seed-2718__h-16__c-32__full_relational,2718,16,32,0.1,full_relational,"dt,dy,theta,r,delta_theta,delta_r",secondary,vectorchain,validation,piecewise_linear,51,0.03404849651141859,0.06179644182700661,1.1577154159570389
seed-2718__h-16__c-32__full_relational,2718,16,32,0.1,full_relational,"dt,dy,theta,r,delta_theta,delta_r",secondary,vectorchain,validation,first_order_response,51,0.013462058817409441,0.017279291101416985,0.9999574806037312
seed-2718__h-16__c-32__full_relational,2718,16,32,0.1,full_relational,"dt,dy,theta,r,delta_theta,delta_r",secondary,vectorchain,validation,second_order_response,51,0.02054729995868777,0.025651479009235572,0.999894224376946
seed-2718__h-16__c-32__full_relational,2718,16,32,0.1,full_relational,"dt,dy,theta,r,delta_theta,delta_r",secondary,vectorchain,validation,regime_change,51,0.2832358721769606,0.35072316544809157,0.5499331895374107
seed-2718__h-16__c-32__full_relational,2718,16,32,0.1,full_relational,"dt,dy,theta,r,delta_theta,delta_r",secondary,vectorchain,test,sine,52,0.08347710855906443,0.0921768545374797,1.0000361537885647
seed-2718__h-16__c-32__full_relational,2718,16,32,0.1,full_relational,"dt,dy,theta,r,delta_theta,delta_r",secondary,vectorchain,test,chirp,52,0.19198409760324633,0.24460097382686308,0.5803602803407095
seed-2718__h-16__c-32__full_relational,2718,16,32,0.1,full_relational,"dt,dy,theta,r,delta_theta,delta_r",secondary,vectorchain,test,ramp,52,0.015017288704357727,0.019911387107154923,0.9999550786814426
seed-2718__h-16__c-32__full_relational,2718,16,32,0.1,full_relational,"dt,dy,theta,r,delta_theta,delta_r",secondary,vectorchain,test,piecewise_linear,52,0.013268582748439058,0.017206477842441024,0.999945643898358
seed-2718__h-16__c-32__full_relational,2718,16,32,0.1,full_relational,"dt,dy,theta,r,delta_theta,delta_r",secondary,vectorchain,test,first_order_response,52,0.014773211038916025,0.018355920463472557,0.9999164868983343
seed-2718__h-16__c-32__full_relational,2718,16,32,0.1,full_relational,"dt,dy,theta,r,delta_theta,delta_r",secondary,vectorchain,test,second_order_response,52,0.016097244248363653,0.020798939597388197,0.9999489215759075
seed-2718__h-16__c-32__full_relational,2718,16,32,0.1,full_relational,"dt,dy,theta,r,delta_theta,delta_r",secondary,vectorchain,test,regime_change,52,0.2482171160172004,0.3275927945604705,0.5641754083014957
seed-2718__h-1__c-64__raw,2718,1,64,,,,baseline,raw,validation,sine,51,0.011623808237774511,0.01496616690203425,
seed-2718__h-1__c-64__raw,2718,1,64,,,,baseline,raw,validation,chirp,51,0.017100731092355038,0.020755154691439293,
seed-2718__h-1__c-64__raw,2718,1,64,,,,baseline,raw,validation,ramp,51,0.012006568468406222,0.014261339774312296,
seed-2718__h-1__c-64__raw,2718,1,64,,,,baseline,raw,validation,piecewise_linear,51,0.014026732418357132,0.01825595792260233,
seed-2718__h-1__c-64__raw,2718,1,64,,,,baseline,raw,validation,first_order_response,51,0.009771776854829235,0.012299102654935477,
seed-2718__h-1__c-64__raw,2718,1,64,,,,baseline,raw,validation,second_order_response,51,0.012766399429721026,0.015937654473743106,
seed-2718__h-1__c-64__raw,2718,1,64,,,,baseline,raw,validation,regime_change,51,0.027930271593768694,0.03390957384616306,
seed-2718__h-1__c-64__raw,2718,1,64,,,,baseline,raw,test,sine,51,0.012176058161197862,0.014611316506198213,
seed-2718__h-1__c-64__raw,2718,1,64,,,,baseline,raw,test,chirp,51,0.023224855644435216,0.02748246413214364,
seed-2718__h-1__c-64__raw,2718,1,64,,,,baseline,raw,test,ramp,51,0.013110299855008856,0.015569229977453733,
seed-2718__h-1__c-64__raw,2718,1,64,,,,baseline,raw,test,piecewise_linear,51,0.009978690973324727,0.012245442503862433,
seed-2718__h-1__c-64__raw,2718,1,64,,,,baseline,raw,test,first_order_response,51,0.013681229511507284,0.01585537333926814,
seed-2718__h-1__c-64__raw,2718,1,64,,,,baseline,raw,test,second_order_response,51,0.0109738270704776,0.013910174277094433,
seed-2718__h-1__c-64__raw,2718,1,64,,,,baseline,raw,test,regime_change,51,0.025430966527292213,0.030507737393646976,
seed-2718__h-1__c-64__first_difference,2718,1,64,,,,baseline,first_difference,validation,sine,51,0.013815905887396895,0.01694496142922557,
seed-2718__h-1__c-64__first_difference,2718,1,64,,,,baseline,first_difference,validation,chirp,51,0.030095286207079103,0.03500847723505772,
seed-2718__h-1__c-64__first_difference,2718,1,64,,,,baseline,first_difference,validation,ramp,51,0.011382929286566383,0.013294355122042854,
seed-2718__h-1__c-64__first_difference,2718,1,64,,,,baseline,first_difference,validation,piecewise_linear,51,0.01273890328229183,0.01624142761449817,
seed-2718__h-1__c-64__first_difference,2718,1,64,,,,baseline,first_difference,validation,first_order_response,51,0.00869048857291736,0.011307312984698642,
seed-2718__h-1__c-64__first_difference,2718,1,64,,,,baseline,first_difference,validation,second_order_response,51,0.011027575561603777,0.013471938507174848,
seed-2718__h-1__c-64__first_difference,2718,1,64,,,,baseline,first_difference,validation,regime_change,51,0.046248007367211005,0.052529191765172435,
seed-2718__h-1__c-64__first_difference,2718,1,64,,,,baseline,first_difference,test,sine,51,0.013896538361251121,0.0164515647613449,
seed-2718__h-1__c-64__first_difference,2718,1,64,,,,baseline,first_difference,test,chirp,51,0.03671646521295838,0.04261962429716803,
seed-2718__h-1__c-64__first_difference,2718,1,64,,,,baseline,first_difference,test,ramp,51,0.01175705183089045,0.013646574044977072,
seed-2718__h-1__c-64__first_difference,2718,1,64,,,,baseline,first_difference,test,piecewise_linear,51,0.009075031279034607,0.011059970144685793,
seed-2718__h-1__c-64__first_difference,2718,1,64,,,,baseline,first_difference,test,first_order_response,51,0.011725366490636447,0.013580431992989318,
seed-2718__h-1__c-64__first_difference,2718,1,64,,,,baseline,first_difference,test,second_order_response,51,0.008914748276688854,0.01137239808519507,
seed-2718__h-1__c-64__first_difference,2718,1,64,,,,baseline,first_difference,test,regime_change,51,0.04177012360924201,0.047422219342758205,
seed-2718__h-1__c-64__segment,2718,1,64,0.1,segment,"dt,dy",secondary,vectorchain,validation,sine,51,0.013399819109224316,0.016722706719887945,1.1157821747574885
seed-2718__h-1__c-64__segment,2718,1,64,0.1,segment,"dt,dy",secondary,vectorchain,validation,chirp,51,0.02336832976962322,0.027460378573877595,1.7875111681867129
seed-2718__h-1__c-64__segment,2718,1,64,0.1,segment,"dt,dy",secondary,vectorchain,validation,ramp,51,0.011746489620150678,0.0137009325323148,0.9979813761627272
seed-2718__h-1__c-64__segment,2718,1,64,0.1,segment,"dt,dy",secondary,vectorchain,validation,piecewise_linear,51,0.01333768949646699,0.017675933806302953,0.9800036846616664
seed-2718__h-1__c-64__segment,2718,1,64,0.1,segment,"dt,dy",secondary,vectorchain,validation,first_order_response,51,0.009884832227970243,0.012577587993574226,1.002177171353575
seed-2718__h-1__c-64__segment,2718,1,64,0.1,segment,"dt,dy",secondary,vectorchain,validation,second_order_response,51,0.01187943454424656,0.014611390624168148,1.0046849306835508
seed-2718__h-1__c-64__segment,2718,1,64,0.1,segment,"dt,dy",secondary,vectorchain,validation,regime_change,51,0.0286027378725216,0.03491546095902368,1.6145724369986527
seed-2718__h-1__c-64__segment,2718,1,64,0.1,segment,"dt,dy",secondary,vectorchain,test,sine,51,0.013555306975591232,0.01711775712009164,1.113493176971961
seed-2718__h-1__c-64__segment,2718,1,64,0.1,segment,"dt,dy",secondary,vectorchain,test,chirp,51,0.023051437288501515,0.02803821595371291,1.7029802043492552
seed-2718__h-1__c-64__segment,2718,1,64,0.1,segment,"dt,dy",secondary,vectorchain,test,ramp,51,0.012664548332708882,0.014913884636517001,1.0006109875149263
seed-2718__h-1__c-64__segment,2718,1,64,0.1,segment,"dt,dy",secondary,vectorchain,test,piecewise_linear,51,0.009756950591024459,0.012038132929846578,1.0056879646507695
seed-2718__h-1__c-64__segment,2718,1,64,0.1,segment,"dt,dy",secondary,vectorchain,test,first_order_response,51,0.013021131277767928,0.014853349815608699,1.0010220167230417
seed-2718__h-1__c-64__segment,2718,1,64,0.1,segment,"dt,dy",secondary,vectorchain,test,second_order_response,51,0.009985334277854273,0.012591720357045567,1.0007055786176724
seed-2718__h-1__c-64__segment,2718,1,64,0.1,segment,"dt,dy",secondary,vectorchain,test,regime_change,51,0.021770884831528888,0.02647993576194644,1.3715625463796424
seed-2718__h-1__c-64__absolute_geometry,2718,1,64,0.1,absolute_geometry,"dt,dy,theta,r",reference,vectorchain,validation,sine,51,0.011473760223982249,0.014987429534373561,1.0
seed-2718__h-1__c-64__absolute_geometry,2718,1,64,0.1,absolute_geometry,"dt,dy,theta,r",reference,vectorchain,validation,chirp,51,0.012568176902578991,0.015362353568808162,1.0
seed-2718__h-1__c-64__absolute_geometry,2718,1,64,0.1,absolute_geometry,"dt,dy,theta,r",reference,vectorchain,validation,ramp,51,0.011752336085715211,0.013728645503381395,1.0
seed-2718__h-1__c-64__absolute_geometry,2718,1,64,0.1,absolute_geometry,"dt,dy,theta,r",reference,vectorchain,validation,piecewise_linear,51,0.013685019392024975,0.018036599334221217,1.0
seed-2718__h-1__c-64__absolute_geometry,2718,1,64,0.1,absolute_geometry,"dt,dy,theta,r",reference,vectorchain,validation,first_order_response,51,0.009864604754447445,0.01255026391849108,1.0
seed-2718__h-1__c-64__absolute_geometry,2718,1,64,0.1,absolute_geometry,"dt,dy,theta,r",reference,vectorchain,validation,second_order_response,51,0.011797205849516584,0.014543256475666549,1.0
seed-2718__h-1__c-64__absolute_geometry,2718,1,64,0.1,absolute_geometry,"dt,dy,theta,r",reference,vectorchain,validation,regime_change,51,0.017091304866959228,0.02162520563272369,1.0
seed-2718__h-1__c-64__absolute_geometry,2718,1,64,0.1,absolute_geometry,"dt,dy,theta,r",reference,vectorchain,test,sine,51,0.01268419158429385,0.015373023808409636,1.0
seed-2718__h-1__c-64__absolute_geometry,2718,1,64,0.1,absolute_geometry,"dt,dy,theta,r",reference,vectorchain,test,chirp,51,0.013785862526795435,0.01646420544531632,1.0
seed-2718__h-1__c-64__absolute_geometry,2718,1,64,0.1,absolute_geometry,"dt,dy,theta,r",reference,vectorchain,test,ramp,51,0.012659128668102313,0.014904778003244272,1.0
seed-2718__h-1__c-64__absolute_geometry,2718,1,64,0.1,absolute_geometry,"dt,dy,theta,r",reference,vectorchain,test,piecewise_linear,51,0.009700447023056015,0.011970047721538445,1.0
seed-2718__h-1__c-64__absolute_geometry,2718,1,64,0.1,absolute_geometry,"dt,dy,theta,r",reference,vectorchain,test,first_order_response,51,0.013007713449357894,0.01483818494245792,1.0
seed-2718__h-1__c-64__absolute_geometry,2718,1,64,0.1,absolute_geometry,"dt,dy,theta,r",reference,vectorchain,test,second_order_response,51,0.009995453544516168,0.012582842172658993,1.0
seed-2718__h-1__c-64__absolute_geometry,2718,1,64,0.1,absolute_geometry,"dt,dy,theta,r",reference,vectorchain,test,regime_change,51,0.015764720813850594,0.01930640044950375,1.0
seed-2718__h-1__c-64__turning_matched,2718,1,64,0.1,turning_matched,"dt,dy,theta,delta_theta",capacity_control,vectorchain,validation,sine,51,0.01163525851139419,0.015288858009607602,1.0201120862348487
seed-2718__h-1__c-64__turning_matched,2718,1,64,0.1,turning_matched,"dt,dy,theta,delta_theta",capacity_control,vectorchain,validation,chirp,51,0.014165477992011616,0.017283037052257012,1.1250253403455457
seed-2718__h-1__c-64__turning_matched,2718,1,64,0.1,turning_matched,"dt,dy,theta,delta_theta",capacity_control,vectorchain,validation,ramp,51,0.01175324724454511,0.013726909996497815,0.9998735849881802
seed-2718__h-1__c-64__turning_matched,2718,1,64,0.1,turning_matched,"dt,dy,theta,delta_theta",capacity_control,vectorchain,validation,piecewise_linear,51,0.01371170885219192,0.018024022465961118,0.9993027029082895
seed-2718__h-1__c-64__turning_matched,2718,1,64,0.1,turning_matched,"dt,dy,theta,delta_theta",capacity_control,vectorchain,validation,first_order_response,51,0.00986750349564931,0.012551435301519752,1.0000933353303387
seed-2718__h-1__c-64__turning_matched,2718,1,64,0.1,turning_matched,"dt,dy,theta,delta_theta",capacity_control,vectorchain,validation,second_order_response,51,0.011825058134806317,0.014568287692297122,1.001721156239832
seed-2718__h-1__c-64__turning_matched,2718,1,64,0.1,turning_matched,"dt,dy,theta,delta_theta",capacity_control,vectorchain,validation,regime_change,51,0.020034332014218042,0.023345906624001503,1.0795692314099439
seed-2718__h-1__c-64__turning_matched,2718,1,64,0.1,turning_matched,"dt,dy,theta,delta_theta",capacity_control,vectorchain,test,sine,51,0.013409012861346672,0.01621506451915544,1.054773915739672
seed-2718__h-1__c-64__turning_matched,2718,1,64,0.1,turning_matched,"dt,dy,theta,delta_theta",capacity_control,vectorchain,test,chirp,51,0.014315792643048712,0.017758558036492796,1.0786161588833119
seed-2718__h-1__c-64__turning_matched,2718,1,64,0.1,turning_matched,"dt,dy,theta,delta_theta",capacity_control,vectorchain,test,ramp,51,0.012662020842442728,0.014908787525257266,1.0002690091735766
seed-2718__h-1__c-64__turning_matched,2718,1,64,0.1,turning_matched,"dt,dy,theta,delta_theta",capacity_control,vectorchain,test,piecewise_linear,51,0.009719225392642814,0.011991055595966296,1.0017550368149368
seed-2718__h-1__c-64__turning_matched,2718,1,64,0.1,turning_matched,"dt,dy,theta,delta_theta",capacity_control,vectorchain,test,first_order_response,51,0.013012770822737442,0.014845519689495226,1.0004943156501789
seed-2718__h-1__c-64__turning_matched,2718,1,64,0.1,turning_matched,"dt,dy,theta,delta_theta",capacity_control,vectorchain,test,second_order_response,51,0.009993288357652416,0.012587610937399438,1.0003789894743182
seed-2718__h-1__c-64__turning_matched,2718,1,64,0.1,turning_matched,"dt,dy,theta,delta_theta",capacity_control,vectorchain,test,regime_change,51,0.0164281908129653,0.02019135214512663,1.0458372184881115
seed-2718__h-1__c-64__turning,2718,1,64,0.1,turning,"dt,dy,theta,r,delta_theta",primary,vectorchain,validation,sine,51,0.011636129101276444,0.015292006840683584,1.0203221843753445
seed-2718__h-1__c-64__turning,2718,1,64,0.1,turning,"dt,dy,theta,r,delta_theta",primary,vectorchain,validation,chirp,51,0.014163799771185884,0.017276448029309464,1.1245964332176088
seed-2718__h-1__c-64__turning,2718,1,64,0.1,turning,"dt,dy,theta,r,delta_theta",primary,vectorchain,validation,ramp,51,0.011754471712200487,0.013729732428767268,1.000079172077508
seed-2718__h-1__c-64__turning,2718,1,64,0.1,turning,"dt,dy,theta,r,delta_theta",primary,vectorchain,validation,piecewise_linear,51,0.013712621941746895,0.018026021657297126,0.9994135437214031
seed-2718__h-1__c-64__turning,2718,1,64,0.1,turning,"dt,dy,theta,r,delta_theta",primary,vectorchain,validation,first_order_response,51,0.009866333317573046,0.01254852570659867,0.9998614999729328
seed-2718__h-1__c-64__turning,2718,1,64,0.1,turning,"dt,dy,theta,r,delta_theta",primary,vectorchain,validation,second_order_response,51,0.011827450596813217,0.014571373756042968,1.001933355189291
seed-2718__h-1__c-64__turning,2718,1,64,0.1,turning,"dt,dy,theta,r,delta_theta",primary,vectorchain,validation,regime_change,51,0.020046352554393233,0.023354966538287992,1.0799881830000633
seed-2718__h-1__c-64__turning,2718,1,64,0.1,turning,"dt,dy,theta,r,delta_theta",primary,vectorchain,test,sine,51,0.013405593302957952,0.016210469082889103,1.054474987153884
seed-2718__h-1__c-64__turning,2718,1,64,0.1,turning,"dt,dy,theta,r,delta_theta",primary,vectorchain,test,chirp,51,0.014316980461996913,0.0177660772282234,1.079072858221496
seed-2718__h-1__c-64__turning,2718,1,64,0.1,turning,"dt,dy,theta,r,delta_theta",primary,vectorchain,test,ramp,51,0.012662809144369612,0.014909795735409546,1.0003366525931605
seed-2718__h-1__c-64__turning,2718,1,64,0.1,turning,"dt,dy,theta,r,delta_theta",primary,vectorchain,test,piecewise_linear,51,0.009720815819771498,0.01199274442098796,1.0018961243912734
seed-2718__h-1__c-64__turning,2718,1,64,0.1,turning,"dt,dy,theta,r,delta_theta",primary,vectorchain,test,first_order_response,51,0.013013542412832157,0.014847212465881247,1.000608398093051
seed-2718__h-1__c-64__turning,2718,1,64,0.1,turning,"dt,dy,theta,r,delta_theta",primary,vectorchain,test,second_order_response,51,0.00999347547255369,0.012588894900655618,1.0004810302723002
seed-2718__h-1__c-64__turning,2718,1,64,0.1,turning,"dt,dy,theta,r,delta_theta",primary,vectorchain,test,regime_change,51,0.016424221658690074,0.020194780058384425,1.046014771692126
seed-2718__h-1__c-64__full_relational,2718,1,64,0.1,full_relational,"dt,dy,theta,r,delta_theta,delta_r",secondary,vectorchain,validation,sine,51,0.011807975243267061,0.015315070968095444,1.0218610825138787
seed-2718__h-1__c-64__full_relational,2718,1,64,0.1,full_relational,"dt,dy,theta,r,delta_theta,delta_r",secondary,vectorchain,validation,chirp,51,0.018720032499443016,0.02391779451288307,1.5569095194792246
seed-2718__h-1__c-64__full_relational,2718,1,64,0.1,full_relational,"dt,dy,theta,r,delta_theta,delta_r",secondary,vectorchain,validation,ramp,51,0.011752340730156765,0.013722672696900147,0.9995649383998023
seed-2718__h-1__c-64__full_relational,2718,1,64,0.1,full_relational,"dt,dy,theta,r,delta_theta,delta_r",secondary,vectorchain,validation,piecewise_linear,51,0.013686670005851513,0.018166371511532022,1.0071949359691428
seed-2718__h-1__c-64__full_relational,2718,1,64,0.1,full_relational,"dt,dy,theta,r,delta_theta,delta_r",secondary,vectorchain,validation,first_order_response,51,0.00987044944847343,0.01255549961717737,1.000417178373323
seed-2718__h-1__c-64__full_relational,2718,1,64,0.1,full_relational,"dt,dy,theta,r,delta_theta,delta_r",secondary,vectorchain,validation,second_order_response,51,0.011835969584483314,0.014576945790173155,1.0023164904341042
seed-2718__h-1__c-64__full_relational,2718,1,64,0.1,full_relational,"dt,dy,theta,r,delta_theta,delta_r",secondary,vectorchain,validation,regime_change,51,0.02623228732079832,0.03172049526910646,1.4668297637413619
seed-2718__h-1__c-64__full_relational,2718,1,64,0.1,full_relational,"dt,dy,theta,r,delta_theta,delta_r",secondary,vectorchain,test,sine,51,0.013344137566239919,0.0160951620254052,1.0469743770643565
seed-2718__h-1__c-64__full_relational,2718,1,64,0.1,full_relational,"dt,dy,theta,r,delta_theta,delta_r",secondary,vectorchain,test,chirp,51,0.020494747352434842,0.025858795425038952,1.5706069455295317
seed-2718__h-1__c-64__full_relational,2718,1,64,0.1,full_relational,"dt,dy,theta,r,delta_theta,delta_r",secondary,vectorchain,test,ramp,51,0.01266276050684184,0.014909952200831543,1.0003471502618921
seed-2718__h-1__c-64__full_relational,2718,1,64,0.1,full_relational,"dt,dy,theta,r,delta_theta,delta_r",secondary,vectorchain,test,piecewise_linear,51,0.009726806978171137,0.012000035643420986,1.0025052466439697
seed-2718__h-1__c-64__full_relational,2718,1,64,0.1,full_relational,"dt,dy,theta,r,delta_theta,delta_r",secondary,vectorchain,test,first_order_response,51,0.013014603494351353,0.01484751558109568,1.0006288261451077
seed-2718__h-1__c-64__full_relational,2718,1,64,0.1,full_relational,"dt,dy,theta,r,delta_theta,delta_r",secondary,vectorchain,test,second_order_response,51,0.00999181671477587,0.012588665747965683,1.0004628187516604
seed-2718__h-1__c-64__full_relational,2718,1,64,0.1,full_relational,"dt,dy,theta,r,delta_theta,delta_r",secondary,vectorchain,test,regime_change,51,0.020641859002123994,0.025415914804800554,1.3164502037174848
seed-2718__h-4__c-64__raw,2718,4,64,,,,baseline,raw,validation,sine,51,0.016556923343688135,0.020337048829859736,
seed-2718__h-4__c-64__raw,2718,4,64,,,,baseline,raw,validation,chirp,51,0.059372655937258954,0.06735053213614364,
seed-2718__h-4__c-64__raw,2718,4,64,,,,baseline,raw,validation,ramp,51,0.013619911525361753,0.01651315053755139,
seed-2718__h-4__c-64__raw,2718,4,64,,,,baseline,raw,validation,piecewise_linear,51,0.017298961949226876,0.02034411863511295,
seed-2718__h-4__c-64__raw,2718,4,64,,,,baseline,raw,validation,first_order_response,51,0.014779923516805233,0.018612502412110227,
seed-2718__h-4__c-64__raw,2718,4,64,,,,baseline,raw,validation,second_order_response,51,0.01664580130011849,0.021183257358074376,
seed-2718__h-4__c-64__raw,2718,4,64,,,,baseline,raw,validation,regime_change,51,0.11076671140528864,0.12594952917723098,
seed-2718__h-4__c-64__raw,2718,4,64,,,,baseline,raw,test,sine,52,0.013406864636760033,0.01776831354943915,
seed-2718__h-4__c-64__raw,2718,4,64,,,,baseline,raw,test,chirp,52,0.08642747582948676,0.09794579241574625,
seed-2718__h-4__c-64__raw,2718,4,64,,,,baseline,raw,test,ramp,52,0.013031073437588643,0.016743967585872523,
seed-2718__h-4__c-64__raw,2718,4,64,,,,baseline,raw,test,piecewise_linear,52,0.012128587050741517,0.01478133458815913,
seed-2718__h-4__c-64__raw,2718,4,64,,,,baseline,raw,test,first_order_response,52,0.014367883095911372,0.017539849127880622,
seed-2718__h-4__c-64__raw,2718,4,64,,,,baseline,raw,test,second_order_response,52,0.015144922877694035,0.019063341808643344,
seed-2718__h-4__c-64__raw,2718,4,64,,,,baseline,raw,test,regime_change,52,0.11513114545384352,0.12837860199113293,
seed-2718__h-4__c-64__first_difference,2718,4,64,,,,baseline,first_difference,validation,sine,51,0.030709674321218572,0.03703788738837325,
seed-2718__h-4__c-64__first_difference,2718,4,64,,,,baseline,first_difference,validation,chirp,51,0.08973132221787694,0.10195639373113677,
seed-2718__h-4__c-64__first_difference,2718,4,64,,,,baseline,first_difference,validation,ramp,51,0.014633124088854376,0.018201357089044648,
seed-2718__h-4__c-64__first_difference,2718,4,64,,,,baseline,first_difference,validation,piecewise_linear,51,0.02021297891100848,0.02375296875123207,
seed-2718__h-4__c-64__first_difference,2718,4,64,,,,baseline,first_difference,validation,first_order_response,51,0.01496265144430979,0.018975087300193868,
seed-2718__h-4__c-64__first_difference,2718,4,64,,,,baseline,first_difference,validation,second_order_response,51,0.017131218556842784,0.020762184883288206,
seed-2718__h-4__c-64__first_difference,2718,4,64,,,,baseline,first_difference,validation,regime_change,51,0.1465107108617203,0.16365679629718502,
seed-2718__h-4__c-64__first_difference,2718,4,64,,,,baseline,first_difference,test,sine,52,0.029735966497854132,0.035467659005682634,
seed-2718__h-4__c-64__first_difference,2718,4,64,,,,baseline,first_difference,test,chirp,52,0.11475330426800179,0.1316851741947126,
seed-2718__h-4__c-64__first_difference,2718,4,64,,,,baseline,first_difference,test,ramp,52,0.014390864431102868,0.017911082814850824,
seed-2718__h-4__c-64__first_difference,2718,4,64,,,,baseline,first_difference,test,piecewise_linear,52,0.013135571122800517,0.016362284466429778,
seed-2718__h-4__c-64__first_difference,2718,4,64,,,,baseline,first_difference,test,first_order_response,52,0.013411947658285255,0.016994313166316485,
seed-2718__h-4__c-64__first_difference,2718,4,64,,,,baseline,first_difference,test,second_order_response,52,0.014125042123216688,0.018263800597375722,
seed-2718__h-4__c-64__first_difference,2718,4,64,,,,baseline,first_difference,test,regime_change,52,0.14016230435968213,0.15784725837479588,
seed-2718__h-4__c-64__segment,2718,4,64,0.1,segment,"dt,dy",secondary,vectorchain,validation,sine,51,0.03657192757263204,0.0438369323703009,1.8682194438544275
seed-2718__h-4__c-64__segment,2718,4,64,0.1,segment,"dt,dy",secondary,vectorchain,validation,chirp,51,0.07770798305636448,0.09441657013092684,3.028197282572525
seed-2718__h-4__c-64__segment,2718,4,64,0.1,segment,"dt,dy",secondary,vectorchain,validation,ramp,51,0.012959056245852049,0.015847155897419585,1.0064079892393143
seed-2718__h-4__c-64__segment,2718,4,64,0.1,segment,"dt,dy",secondary,vectorchain,validation,piecewise_linear,51,0.01735954680304562,0.0206480533570902,0.8936808501843513
seed-2718__h-4__c-64__segment,2718,4,64,0.1,segment,"dt,dy",secondary,vectorchain,validation,first_order_response,51,0.012328571116507123,0.015999878674421854,1.0052454831458313
seed-2718__h-4__c-64__segment,2718,4,64,0.1,segment,"dt,dy",secondary,vectorchain,validation,second_order_response,51,0.014589654389173692,0.01778468983467452,1.012099706019728
seed-2718__h-4__c-64__segment,2718,4,64,0.1,segment,"dt,dy",secondary,vectorchain,validation,regime_change,51,0.09515832559228045,0.11719783185104922,2.369502000911394
seed-2718__h-4__c-64__segment,2718,4,64,0.1,segment,"dt,dy",secondary,vectorchain,test,sine,52,0.034700404437880736,0.04143632472998516,2.021962379544792
seed-2718__h-4__c-64__segment,2718,4,64,0.1,segment,"dt,dy",secondary,vectorchain,test,chirp,52,0.0811271580267364,0.09708703475395414,2.253471795833727
seed-2718__h-4__c-64__segment,2718,4,64,0.1,segment,"dt,dy",secondary,vectorchain,test,ramp,52,0.011511848352296187,0.01484670836622732,1.0087993945691853
seed-2718__h-4__c-64__segment,2718,4,64,0.1,segment,"dt,dy",secondary,vectorchain,test,piecewise_linear,52,0.010964423098470046,0.013839692546213134,1.0054352828342281
seed-2718__h-4__c-64__segment,2718,4,64,0.1,segment,"dt,dy",secondary,vectorchain,test,first_order_response,52,0.011235663483847889,0.01434939013258108,1.0055041449881057
seed-2718__h-4__c-64__segment,2718,4,64,0.1,segment,"dt,dy",secondary,vectorchain,test,second_order_response,52,0.012329273194819464,0.01616047439075475,1.011082421703224
seed-2718__h-4__c-64__segment,2718,4,64,0.1,segment,"dt,dy",secondary,vectorchain,test,regime_change,52,0.08944389403677973,0.11053764087284698,2.298701204404168
seed-2718__h-4__c-64__absolute_geometry,2718,4,64,0.1,absolute_geometry,"dt,dy,theta,r",reference,vectorchain,validation,sine,51,0.019507542374970682,0.023464552044195883,1.0
seed-2718__h-4__c-64__absolute_geometry,2718,4,64,0.1,absolute_geometry,"dt,dy,theta,r",reference,vectorchain,validation,chirp,51,0.024866477004955267,0.03117913442241707,1.0
seed-2718__h-4__c-64__absolute_geometry,2718,4,64,0.1,absolute_geometry,"dt,dy,theta,r",reference,vectorchain,validation,ramp,51,0.012874419211621774,0.015746254070774554,1.0
seed-2718__h-4__c-64__absolute_geometry,2718,4,64,0.1,absolute_geometry,"dt,dy,theta,r",reference,vectorchain,validation,piecewise_linear,51,0.018174617496107697,0.023104504648198354,1.0
seed-2718__h-4__c-64__absolute_geometry,2718,4,64,0.1,absolute_geometry,"dt,dy,theta,r",reference,vectorchain,validation,first_order_response,51,0.012293915216336817,0.01591638952144463,1.0
seed-2718__h-4__c-64__absolute_geometry,2718,4,64,0.1,absolute_geometry,"dt,dy,theta,r",reference,vectorchain,validation,second_order_response,51,0.014629918439491893,0.01757207291820699,1.0
seed-2718__h-4__c-64__absolute_geometry,2718,4,64,0.1,absolute_geometry,"dt,dy,theta,r",reference,vectorchain,validation,regime_change,51,0.0420977921200642,0.04946095500487901,1.0
seed-2718__h-4__c-64__absolute_geometry,2718,4,64,0.1,absolute_geometry,"dt,dy,theta,r",reference,vectorchain,test,sine,52,0.016001049658227774,0.020493123486953202,1.0
seed-2718__h-4__c-64__absolute_geometry,2718,4,64,0.1,absolute_geometry,"dt,dy,theta,r",reference,vectorchain,test,chirp,52,0.03262978245232668,0.04308331479162552,1.0
seed-2718__h-4__c-64__absolute_geometry,2718,4,64,0.1,absolute_geometry,"dt,dy,theta,r",reference,vectorchain,test,ramp,52,0.011403377610277352,0.014717205864866433,1.0
seed-2718__h-4__c-64__absolute_geometry,2718,4,64,0.1,absolute_geometry,"dt,dy,theta,r",reference,vectorchain,test,piecewise_linear,52,0.01101365175394053,0.013764876548991133,1.0
seed-2718__h-4__c-64__absolute_geometry,2718,4,64,0.1,absolute_geometry,"dt,dy,theta,r",reference,vectorchain,test,first_order_response,52,0.011207191999687456,0.01427084135267371,1.0
seed-2718__h-4__c-64__absolute_geometry,2718,4,64,0.1,absolute_geometry,"dt,dy,theta,r",reference,vectorchain,test,second_order_response,52,0.012273375091480972,0.01598334027361641,1.0
seed-2718__h-4__c-64__absolute_geometry,2718,4,64,0.1,absolute_geometry,"dt,dy,theta,r",reference,vectorchain,test,regime_change,52,0.04017748017831606,0.04808699828453727,1.0
seed-2718__h-4__c-64__turning_matched,2718,4,64,0.1,turning_matched,"dt,dy,theta,delta_theta",capacity_control,vectorchain,validation,sine,51,0.019162888732177797,0.023142428449325955,0.9862719052013776
seed-2718__h-4__c-64__turning_matched,2718,4,64,0.1,turning_matched,"dt,dy,theta,delta_theta",capacity_control,vectorchain,validation,chirp,51,0.017733993950785357,0.022890904732388234,0.7341738363310755
seed-2718__h-4__c-64__turning_matched,2718,4,64,0.1,turning_matched,"dt,dy,theta,delta_theta",capacity_control,vectorchain,validation,ramp,51,0.012879820997774684,0.015753555189771732,1.000463673389516
seed-2718__h-4__c-64__turning_matched,2718,4,64,0.1,turning_matched,"dt,dy,theta,delta_theta",capacity_control,vectorchain,validation,piecewise_linear,51,0.01797757431183735,0.022528139018322183,0.9750539715673534
seed-2718__h-4__c-64__turning_matched,2718,4,64,0.1,turning_matched,"dt,dy,theta,delta_theta",capacity_control,vectorchain,validation,first_order_response,51,0.012298575527646839,0.015921196476923655,1.0003020129328042
seed-2718__h-4__c-64__turning_matched,2718,4,64,0.1,turning_matched,"dt,dy,theta,delta_theta",capacity_control,vectorchain,validation,second_order_response,51,0.014631278999913967,0.01759876258914746,1.0015188686653362
seed-2718__h-4__c-64__turning_matched,2718,4,64,0.1,turning_matched,"dt,dy,theta,delta_theta",capacity_control,vectorchain,validation,regime_change,51,0.03061920109816133,0.03693573279982235,0.7467654596677091
seed-2718__h-4__c-64__turning_matched,2718,4,64,0.1,turning_matched,"dt,dy,theta,delta_theta",capacity_control,vectorchain,test,sine,52,0.017374852359848952,0.022095907532409687,1.0782108225950469
seed-2718__h-4__c-64__turning_matched,2718,4,64,0.1,turning_matched,"dt,dy,theta,delta_theta",capacity_control,vectorchain,test,chirp,52,0.02259438287210267,0.030643570774901745,0.7112630707063934
seed-2718__h-4__c-64__turning_matched,2718,4,64,0.1,turning_matched,"dt,dy,theta,delta_theta",capacity_control,vectorchain,test,ramp,52,0.011411501231406298,0.014726350398103872,1.0006213498215222
seed-2718__h-4__c-64__turning_matched,2718,4,64,0.1,turning_matched,"dt,dy,theta,delta_theta",capacity_control,vectorchain,test,piecewise_linear,52,0.010994842333565825,0.013761762252553328,0.9997737504999249
seed-2718__h-4__c-64__turning_matched,2718,4,64,0.1,turning_matched,"dt,dy,theta,delta_theta",capacity_control,vectorchain,test,first_order_response,52,0.011212084216793221,0.014278288209001127,1.0005218232158415
seed-2718__h-4__c-64__turning_matched,2718,4,64,0.1,turning_matched,"dt,dy,theta,delta_theta",capacity_control,vectorchain,test,second_order_response,52,0.012276991160963584,0.01599287529600106,1.0005965600569982
seed-2718__h-4__c-64__turning_matched,2718,4,64,0.1,turning_matched,"dt,dy,theta,delta_theta",capacity_control,vectorchain,test,regime_change,52,0.0341413636789159,0.040671144539803965,0.8457825605821204
seed-2718__h-4__c-64__turning,2718,4,64,0.1,turning,"dt,dy,theta,r,delta_theta",primary,vectorchain,validation,sine,51,0.019160784284897914,0.023148466788199793,0.9865292439676352
seed-2718__h-4__c-64__turning,2718,4,64,0.1,turning,"dt,dy,theta,r,delta_theta",primary,vectorchain,validation,chirp,51,0.017708356738360943,0.022884923937792283,0.7339820159131344
seed-2718__h-4__c-64__turning,2718,4,64,0.1,turning,"dt,dy,theta,r,delta_theta",primary,vectorchain,validation,ramp,51,0.012880329389754102,0.015753501072732736,1.000460236569638
seed-2718__h-4__c-64__turning,2718,4,64,0.1,turning,"dt,dy,theta,r,delta_theta",primary,vectorchain,validation,piecewise_linear,51,0.01797644618335068,0.02253506726059935,0.9753538369997727
seed-2718__h-4__c-64__turning,2718,4,64,0.1,turning,"dt,dy,theta,r,delta_theta",primary,vectorchain,validation,first_order_response,51,0.012299018819026014,0.01592009373940584,1.0002327297881355
seed-2718__h-4__c-64__turning,2718,4,64,0.1,turning,"dt,dy,theta,r,delta_theta",primary,vectorchain,validation,second_order_response,51,0.014633291912168481,0.01760216546015593,1.001712520889767
seed-2718__h-4__c-64__turning,2718,4,64,0.1,turning,"dt,dy,theta,r,delta_theta",primary,vectorchain,validation,regime_change,51,0.03071371572290056,0.037033538073241105,0.7487428835449697
seed-2718__h-4__c-64__turning,2718,4,64,0.1,turning,"dt,dy,theta,r,delta_theta",primary,vectorchain,test,sine,52,0.017363252998109424,0.022083374881825876,1.0775992686466314
seed-2718__h-4__c-64__turning,2718,4,64,0.1,turning,"dt,dy,theta,r,delta_theta",primary,vectorchain,test,chirp,52,0.022660072559504304,0.030712094445847698,0.7128535627861549
seed-2718__h-4__c-64__turning,2718,4,64,0.1,turning,"dt,dy,theta,r,delta_theta",primary,vectorchain,test,ramp,52,0.011410917794553978,0.014726005213543841,1.0005978953313697
seed-2718__h-4__c-64__turning,2718,4,64,0.1,turning,"dt,dy,theta,r,delta_theta",primary,vectorchain,test,piecewise_linear,52,0.010992485113759028,0.01376078228996532,0.9997025575194053
seed-2718__h-4__c-64__turning,2718,4,64,0.1,turning,"dt,dy,theta,r,delta_theta",primary,vectorchain,test,first_order_response,52,0.011212900133885715,0.014278279011233951,1.0005211787011314
seed-2718__h-4__c-64__turning,2718,4,64,0.1,turning,"dt,dy,theta,r,delta_theta",primary,vectorchain,test,second_order_response,52,0.012276215397978334,0.0159906211214267,1.0004555272981523
seed-2718__h-4__c-64__turning,2718,4,64,0.1,turning,"dt,dy,theta,r,delta_theta",primary,vectorchain,test,regime_change,52,0.03417901008848942,0.04065537737580068,0.8454546722845397
seed-2718__h-4__c-64__full_relational,2718,4,64,0.1,full_relational,"dt,dy,theta,r,delta_theta,delta_r",secondary,vectorchain,validation,sine,51,0.0190019928241442,0.023280409947898106,0.992152328501693
seed-2718__h-4__c-64__full_relational,2718,4,64,0.1,full_relational,"dt,dy,theta,r,delta_theta,delta_r",secondary,vectorchain,validation,chirp,51,0.06445793946729672,0.08267087741106526,2.6514808362231768
seed-2718__h-4__c-64__full_relational,2718,4,64,0.1,full_relational,"dt,dy,theta,r,delta_theta,delta_r",secondary,vectorchain,validation,ramp,51,0.012882886609285486,0.015758162096895196,1.0007562450133929
seed-2718__h-4__c-64__full_relational,2718,4,64,0.1,full_relational,"dt,dy,theta,r,delta_theta,delta_r",secondary,vectorchain,validation,piecewise_linear,51,0.019348622058948713,0.025165465649313695,1.089201696054369
seed-2718__h-4__c-64__full_relational,2718,4,64,0.1,full_relational,"dt,dy,theta,r,delta_theta,delta_r",secondary,vectorchain,validation,first_order_response,51,0.012298289560435433,0.01592966030987146,1.0008337813301786
seed-2718__h-4__c-64__full_relational,2718,4,64,0.1,full_relational,"dt,dy,theta,r,delta_theta,delta_r",secondary,vectorchain,validation,second_order_response,51,0.014621408550344746,0.017590819844930133,1.0010668591469205
seed-2718__h-4__c-64__full_relational,2718,4,64,0.1,full_relational,"dt,dy,theta,r,delta_theta,delta_r",secondary,vectorchain,validation,regime_change,51,0.05753304742554288,0.07056256042188816,1.4266315807069962
seed-2718__h-4__c-64__full_relational,2718,4,64,0.1,full_relational,"dt,dy,theta,r,delta_theta,delta_r",secondary,vectorchain,test,sine,52,0.016264902981512803,0.020908712570238155,1.0202794407377447
seed-2718__h-4__c-64__full_relational,2718,4,64,0.1,full_relational,"dt,dy,theta,r,delta_theta,delta_r",secondary,vectorchain,test,chirp,52,0.07468058238709739,0.108868264407494,2.52692405247926
seed-2718__h-4__c-64__full_relational,2718,4,64,0.1,full_relational,"dt,dy,theta,r,delta_theta,delta_r",secondary,vectorchain,test,ramp,52,0.011418840502310445,0.014733517052521392,1.0011083073651839
seed-2718__h-4__c-64__full_relational,2718,4,64,0.1,full_relational,"dt,dy,theta,r,delta_theta,delta_r",secondary,vectorchain,test,piecewise_linear,52,0.011000025439353002,0.013765726936377518,1.000061779514212
seed-2718__h-4__c-64__full_relational,2718,4,64,0.1,full_relational,"dt,dy,theta,r,delta_theta,delta_r",secondary,vectorchain,test,first_order_response,52,0.011209873240234813,0.014282044752161384,1.0007850552893698
seed-2718__h-4__c-64__full_relational,2718,4,64,0.1,full_relational,"dt,dy,theta,r,delta_theta,delta_r",secondary,vectorchain,test,second_order_response,52,0.012282432957910962,0.016009766842098924,1.0016533820859796
seed-2718__h-4__c-64__full_relational,2718,4,64,0.1,full_relational,"dt,dy,theta,r,delta_theta,delta_r",secondary,vectorchain,test,regime_change,52,0.05461720673364971,0.06904809706773112,1.4358995057076382
seed-2718__h-16__c-64__raw,2718,16,64,,,,baseline,raw,validation,sine,51,0.04170419926524305,0.05152989409477343,
seed-2718__h-16__c-64__raw,2718,16,64,,,,baseline,raw,validation,chirp,51,0.28151810149426765,0.32207475242918054,
seed-2718__h-16__c-64__raw,2718,16,64,,,,baseline,raw,validation,ramp,51,0.017642760330121892,0.02201716504114747,
seed-2718__h-16__c-64__raw,2718,16,64,,,,baseline,raw,validation,piecewise_linear,51,0.03391442578003783,0.03917595698677924,
seed-2718__h-16__c-64__raw,2718,16,64,,,,baseline,raw,validation,first_order_response,51,0.03741193972175903,0.04033708624973618,
seed-2718__h-16__c-64__raw,2718,16,64,,,,baseline,raw,validation,second_order_response,51,0.05330827428291787,0.05668534382556707,
seed-2718__h-16__c-64__raw,2718,16,64,,,,baseline,raw,validation,regime_change,51,0.5225112512217426,0.6013999382851337,
seed-2718__h-16__c-64__raw,2718,16,64,,,,baseline,raw,test,sine,52,0.03602351484724102,0.046813728787520624,
seed-2718__h-16__c-64__raw,2718,16,64,,,,baseline,raw,test,chirp,52,0.37971043385218245,0.43762550070340395,
seed-2718__h-16__c-64__raw,2718,16,64,,,,baseline,raw,test,ramp,52,0.02970584787163791,0.03496392534860251,
seed-2718__h-16__c-64__raw,2718,16,64,,,,baseline,raw,test,piecewise_linear,52,0.019255983037059263,0.02388870339532055,
seed-2718__h-16__c-64__raw,2718,16,64,,,,baseline,raw,test,first_order_response,52,0.0397954906460736,0.04313477145869229,
seed-2718__h-16__c-64__raw,2718,16,64,,,,baseline,raw,test,second_order_response,52,0.04451762473695428,0.048168201400248044,
seed-2718__h-16__c-64__raw,2718,16,64,,,,baseline,raw,test,regime_change,52,0.5271955382782858,0.5979314473028673,
seed-2718__h-16__c-64__first_difference,2718,16,64,,,,baseline,first_difference,validation,sine,51,0.12913126816145695,0.1425072562822676,
seed-2718__h-16__c-64__first_difference,2718,16,64,,,,baseline,first_difference,validation,chirp,51,0.36557929220679625,0.4126999596734067,
seed-2718__h-16__c-64__first_difference,2718,16,64,,,,baseline,first_difference,validation,ramp,51,0.03355746254125085,0.045584592661926354,
seed-2718__h-16__c-64__first_difference,2718,16,64,,,,baseline,first_difference,validation,piecewise_linear,51,0.0577906443851285,0.06993380431485738,
seed-2718__h-16__c-64__first_difference,2718,16,64,,,,baseline,first_difference,validation,first_order_response,51,0.03904547613228553,0.04750306767218666,
seed-2718__h-16__c-64__first_difference,2718,16,64,,,,baseline,first_difference,validation,second_order_response,51,0.03847326284060334,0.051970094777177504,
seed-2718__h-16__c-64__first_difference,2718,16,64,,,,baseline,first_difference,validation,regime_change,51,0.5769610522738365,0.6504101760622286,
seed-2718__h-16__c-64__first_difference,2718,16,64,,,,baseline,first_difference,test,sine,52,0.1226975017434878,0.13880287536995015,
seed-2718__h-16__c-64__first_difference,2718,16,64,,,,baseline,first_difference,test,chirp,52,0.47355430881910543,0.5343614484233641,
seed-2718__h-16__c-64__first_difference,2718,16,64,,,,baseline,first_difference,test,ramp,52,0.04169110039266885,0.05138521109406496,
seed-2718__h-16__c-64__first_difference,2718,16,64,,,,baseline,first_difference,test,piecewise_linear,52,0.032843399673748004,0.04329308873181901,
seed-2718__h-16__c-64__first_difference,2718,16,64,,,,baseline,first_difference,test,first_order_response,52,0.043465169427141244,0.05031761982789618,
seed-2718__h-16__c-64__first_difference,2718,16,64,,,,baseline,first_difference,test,second_order_response,52,0.039840213737949215,0.04934681111397292,
seed-2718__h-16__c-64__first_difference,2718,16,64,,,,baseline,first_difference,test,regime_change,52,0.5463984700234165,0.6152493983819124,
seed-2718__h-16__c-64__segment,2718,16,64,0.1,segment,"dt,dy",secondary,vectorchain,validation,sine,51,0.14356851413936872,0.17414601863355217,2.6396579504370816
seed-2718__h-16__c-64__segment,2718,16,64,0.1,segment,"dt,dy",secondary,vectorchain,validation,chirp,51,0.30938965907242977,0.37241487211398805,2.160223489053203
seed-2718__h-16__c-64__segment,2718,16,64,0.1,segment,"dt,dy",secondary,vectorchain,validation,ramp,51,0.014107899430325619,0.018556069633597544,1.0401184050843642
seed-2718__h-16__c-64__segment,2718,16,64,0.1,segment,"dt,dy",secondary,vectorchain,validation,piecewise_linear,51,0.031201972172406237,0.04539803286654439,0.8704416079652475
seed-2718__h-16__c-64__segment,2718,16,64,0.1,segment,"dt,dy",secondary,vectorchain,validation,first_order_response,51,0.012223353851072122,0.015548159671054003,1.057387547357476
seed-2718__h-16__c-64__segment,2718,16,64,0.1,segment,"dt,dy",secondary,vectorchain,validation,second_order_response,51,0.019897344587270292,0.02532928462955336,1.023614956837686
seed-2718__h-16__c-64__segment,2718,16,64,0.1,segment,"dt,dy",secondary,vectorchain,validation,regime_change,51,0.40932343513736413,0.48731413029773074,1.3588439560254424
seed-2718__h-16__c-64__segment,2718,16,64,0.1,segment,"dt,dy",secondary,vectorchain,test,sine,52,0.13773670003083802,0.15648512123575678,2.5325325897158364
seed-2718__h-16__c-64__segment,2718,16,64,0.1,segment,"dt,dy",secondary,vectorchain,test,chirp,52,0.34079343660620254,0.4073287130355262,1.4370480943993953
seed-2718__h-16__c-64__segment,2718,16,64,0.1,segment,"dt,dy",secondary,vectorchain,test,ramp,52,0.01526035638045763,0.019001210542094884,1.063035097467495
seed-2718__h-16__c-64__segment,2718,16,64,0.1,segment,"dt,dy",secondary,vectorchain,test,piecewise_linear,52,0.011699744701266264,0.014801693490230876,0.9235783393260707
seed-2718__h-16__c-64__segment,2718,16,64,0.1,segment,"dt,dy",secondary,vectorchain,test,first_order_response,52,0.013388774592368714,0.01648215686900723,1.0376818205305867
seed-2718__h-16__c-64__segment,2718,16,64,0.1,segment,"dt,dy",secondary,vectorchain,test,second_order_response,52,0.018207643824144974,0.022961374036821035,1.0835892957017192
seed-2718__h-16__c-64__segment,2718,16,64,0.1,segment,"dt,dy",secondary,vectorchain,test,regime_change,52,0.37531677905331823,0.4432796810684838,1.41498435240314
seed-2718__h-16__c-64__absolute_geometry,2718,16,64,0.1,absolute_geometry,"dt,dy,theta,r",reference,vectorchain,validation,sine,51,0.05441462301648801,0.0659729487317539,1.0
seed-2718__h-16__c-64__absolute_geometry,2718,16,64,0.1,absolute_geometry,"dt,dy,theta,r",reference,vectorchain,validation,chirp,51,0.14113235407470526,0.17239645527473293,1.0
seed-2718__h-16__c-64__absolute_geometry,2718,16,64,0.1,absolute_geometry,"dt,dy,theta,r",reference,vectorchain,validation,ramp,51,0.013920575289619657,0.017840343505980415,1.0
seed-2718__h-16__c-64__absolute_geometry,2718,16,64,0.1,absolute_geometry,"dt,dy,theta,r",reference,vectorchain,validation,piecewise_linear,51,0.031318270568906084,0.05215517324897561,1.0
seed-2718__h-16__c-64__absolute_geometry,2718,16,64,0.1,absolute_geometry,"dt,dy,theta,r",reference,vectorchain,validation,first_order_response,51,0.011673938869144253,0.014704315092333466,1.0
seed-2718__h-16__c-64__absolute_geometry,2718,16,64,0.1,absolute_geometry,"dt,dy,theta,r",reference,vectorchain,validation,second_order_response,51,0.02014173849398711,0.02474493407931886,1.0
seed-2718__h-16__c-64__absolute_geometry,2718,16,64,0.1,absolute_geometry,"dt,dy,theta,r",reference,vectorchain,validation,regime_change,51,0.2808438362705807,0.3586240554972204,1.0
seed-2718__h-16__c-64__absolute_geometry,2718,16,64,0.1,absolute_geometry,"dt,dy,theta,r",reference,vectorchain,test,sine,52,0.053357430844085604,0.06178997335363619,1.0
seed-2718__h-16__c-64__absolute_geometry,2718,16,64,0.1,absolute_geometry,"dt,dy,theta,r",reference,vectorchain,test,chirp,52,0.196998054361988,0.28344821208351173,1.0
seed-2718__h-16__c-64__absolute_geometry,2718,16,64,0.1,absolute_geometry,"dt,dy,theta,r",reference,vectorchain,test,ramp,52,0.01423691020319289,0.017874490303624143,1.0
seed-2718__h-16__c-64__absolute_geometry,2718,16,64,0.1,absolute_geometry,"dt,dy,theta,r",reference,vectorchain,test,piecewise_linear,52,0.012263877077216885,0.01602646235838703,1.0
seed-2718__h-16__c-64__absolute_geometry,2718,16,64,0.1,absolute_geometry,"dt,dy,theta,r",reference,vectorchain,test,first_order_response,52,0.012695706185587217,0.01588363267324042,1.0
seed-2718__h-16__c-64__absolute_geometry,2718,16,64,0.1,absolute_geometry,"dt,dy,theta,r",reference,vectorchain,test,second_order_response,52,0.016490539115319468,0.02119010784612036,1.0
seed-2718__h-16__c-64__absolute_geometry,2718,16,64,0.1,absolute_geometry,"dt,dy,theta,r",reference,vectorchain,test,regime_change,52,0.2544448893494258,0.31327532372753053,1.0
seed-2718__h-16__c-64__turning_matched,2718,16,64,0.1,turning_matched,"dt,dy,theta,delta_theta",capacity_control,vectorchain,validation,sine,51,0.04565598949546108,0.056584920127927214,0.8576988177078696
seed-2718__h-16__c-64__turning_matched,2718,16,64,0.1,turning_matched,"dt,dy,theta,delta_theta",capacity_control,vectorchain,validation,chirp,51,0.08659303172392706,0.10658527667987083,0.6182567762777682
seed-2718__h-16__c-64__turning_matched,2718,16,64,0.1,turning_matched,"dt,dy,theta,delta_theta",capacity_control,vectorchain,validation,ramp,51,0.013903453178447033,0.017857797484409566,1.0009783431817498
seed-2718__h-16__c-64__turning_matched,2718,16,64,0.1,turning_matched,"dt,dy,theta,delta_theta",capacity_control,vectorchain,validation,piecewise_linear,51,0.031743364079723176,0.05658744318832355,1.0849823644183754
seed-2718__h-16__c-64__turning_matched,2718,16,64,0.1,turning_matched,"dt,dy,theta,delta_theta",capacity_control,vectorchain,validation,first_order_response,51,0.011714973319128777,0.014765528989773844,1.0041629886911423
seed-2718__h-16__c-64__turning_matched,2718,16,64,0.1,turning_matched,"dt,dy,theta,delta_theta",capacity_control,vectorchain,validation,second_order_response,51,0.020091740317288873,0.02471206262099702,0.9986715883656643
seed-2718__h-16__c-64__turning_matched,2718,16,64,0.1,turning_matched,"dt,dy,theta,delta_theta",capacity_control,vectorchain,validation,regime_change,51,0.2924064975706047,0.34510267301861625,0.9622964988785898
seed-2718__h-16__c-64__turning_matched,2718,16,64,0.1,turning_matched,"dt,dy,theta,delta_theta",capacity_control,vectorchain,test,sine,52,0.0490323470945901,0.05878788962136562,0.9514147106830901
seed-2718__h-16__c-64__turning_matched,2718,16,64,0.1,turning_matched,"dt,dy,theta,delta_theta",capacity_control,vectorchain,test,chirp,52,0.189525591661133,0.22611759083232735,0.7977386386395933
seed-2718__h-16__c-64__turning_matched,2718,16,64,0.1,turning_matched,"dt,dy,theta,delta_theta",capacity_control,vectorchain,test,ramp,52,0.014269326775627762,0.017919797433865313,1.002534736905588
seed-2718__h-16__c-64__turning_matched,2718,16,64,0.1,turning_matched,"dt,dy,theta,delta_theta",capacity_control,vectorchain,test,piecewise_linear,52,0.012235872304645222,0.015982176792139688,0.9972367222873633
seed-2718__h-16__c-64__turning_matched,2718,16,64,0.1,turning_matched,"dt,dy,theta,delta_theta",capacity_control,vectorchain,test,first_order_response,52,0.012746954965820977,0.015918634760215957,1.0022036575445683
seed-2718__h-16__c-64__turning_matched,2718,16,64,0.1,turning_matched,"dt,dy,theta,delta_theta",capacity_control,vectorchain,test,second_order_response,52,0.016593907742361753,0.021308250764522543,1.0055753807040586
seed-2718__h-16__c-64__turning_matched,2718,16,64,0.1,turning_matched,"dt,dy,theta,delta_theta",capacity_control,vectorchain,test,regime_change,52,0.27039113542452925,0.32270632829212664,1.0301045242005678
seed-2718__h-16__c-64__turning,2718,16,64,0.1,turning,"dt,dy,theta,r,delta_theta",primary,vectorchain,validation,sine,51,0.04569145083109075,0.056651808311076995,0.8587126905820646
seed-2718__h-16__c-64__turning,2718,16,64,0.1,turning,"dt,dy,theta,r,delta_theta",primary,vectorchain,validation,chirp,51,0.08675413698048713,0.10656417401064353,0.618134368486995
seed-2718__h-16__c-64__turning,2718,16,64,0.1,turning,"dt,dy,theta,r,delta_theta",primary,vectorchain,validation,ramp,51,0.013911069499801726,0.017857468177557952,1.0009598846329275
seed-2718__h-16__c-64__turning,2718,16,64,0.1,turning,"dt,dy,theta,r,delta_theta",primary,vectorchain,validation,piecewise_linear,51,0.03173263236142836,0.05660351298298768,1.0852904794846874
seed-2718__h-16__c-64__turning,2718,16,64,0.1,turning,"dt,dy,theta,r,delta_theta",primary,vectorchain,validation,first_order_response,51,0.011701857580426614,0.0147442201419029,1.00271383259396
seed-2718__h-16__c-64__turning,2718,16,64,0.1,turning,"dt,dy,theta,r,delta_theta",primary,vectorchain,validation,second_order_response,51,0.02011723619809082,0.02474743610828539,1.000101112775589
seed-2718__h-16__c-64__turning,2718,16,64,0.1,turning,"dt,dy,theta,r,delta_theta",primary,vectorchain,validation,regime_change,51,0.2923696451436576,0.34506517752974647,0.962191945131302
seed-2718__h-16__c-64__turning,2718,16,64,0.1,turning,"dt,dy,theta,r,delta_theta",primary,vectorchain,test,sine,52,0.04900755774174856,0.058753693715129784,0.9508612890779354
seed-2718__h-16__c-64__turning,2718,16,64,0.1,turning,"dt,dy,theta,r,delta_theta",primary,vectorchain,test,chirp,52,0.18979237065432258,0.22649970279627335,0.7990867225140239
seed-2718__h-16__c-64__turning,2718,16,64,0.1,turning,"dt,dy,theta,r,delta_theta",primary,vectorchain,test,ramp,52,0.014262857887019762,0.017913100994648486,1.0021601002528455
seed-2718__h-16__c-64__turning,2718,16,64,0.1,turning,"dt,dy,theta,r,delta_theta",primary,vectorchain,test,piecewise_linear,52,0.012212388429628225,0.01594734097166885,0.9950630784917562
seed-2718__h-16__c-64__turning,2718,16,64,0.1,turning,"dt,dy,theta,r,delta_theta",primary,vectorchain,test,first_order_response,52,0.01272968801376938,0.01591059062716841,1.001697215900328
seed-2718__h-16__c-64__turning,2718,16,64,0.1,turning,"dt,dy,theta,r,delta_theta",primary,vectorchain,test,second_order_response,52,0.016569491059185513,0.021274743054927804,1.0039940905172382
seed-2718__h-16__c-64__turning,2718,16,64,0.1,turning,"dt,dy,theta,r,delta_theta",primary,vectorchain,test,regime_change,52,0.27032921050271086,0.32258408022006274,1.0297142985338623
seed-2718__h-16__c-64__full_relational,2718,16,64,0.1,full_relational,"dt,dy,theta,r,delta_theta,delta_r",secondary,vectorchain,validation,sine,51,0.0450474791487097,0.06007260222492914,0.9105641536379467
seed-2718__h-16__c-64__full_relational,2718,16,64,0.1,full_relational,"dt,dy,theta,r,delta_theta,delta_r",secondary,vectorchain,validation,chirp,51,0.4081059971098724,0.5336237309655487,3.0953289040378467
seed-2718__h-16__c-64__full_relational,2718,16,64,0.1,full_relational,"dt,dy,theta,r,delta_theta,delta_r",secondary,vectorchain,validation,ramp,51,0.013897336861878851,0.017907455404142823,1.003761805266805
seed-2718__h-16__c-64__full_relational,2718,16,64,0.1,full_relational,"dt,dy,theta,r,delta_theta,delta_r",secondary,vectorchain,validation,piecewise_linear,51,0.038368240276109626,0.07669481555634439,1.470512142491076
seed-2718__h-16__c-64__full_relational,2718,16,64,0.1,full_relational,"dt,dy,theta,r,delta_theta,delta_r",secondary,vectorchain,validation,first_order_response,51,0.011773322695779848,0.014850911783918737,1.0099696375291702
seed-2718__h-16__c-64__full_relational,2718,16,64,0.1,full_relational,"dt,dy,theta,r,delta_theta,delta_r",secondary,vectorchain,validation,second_order_response,51,0.020048113525571704,0.024743652557810664,0.9999482107527913
seed-2718__h-16__c-64__full_relational,2718,16,64,0.1,full_relational,"dt,dy,theta,r,delta_theta,delta_r",secondary,vectorchain,validation,regime_change,51,0.41873946452650324,0.5204236552169884,1.4511677263128326
seed-2718__h-16__c-64__full_relational,2718,16,64,0.1,full_relational,"dt,dy,theta,r,delta_theta,delta_r",secondary,vectorchain,test,sine,52,0.046863490109371665,0.05635966976308725,0.9121167513785733
seed-2718__h-16__c-64__full_relational,2718,16,64,0.1,full_relational,"dt,dy,theta,r,delta_theta,delta_r",secondary,vectorchain,test,chirp,52,0.4750047928233092,0.7266616219293066,2.563648634746766
seed-2718__h-16__c-64__full_relational,2718,16,64,0.1,full_relational,"dt,dy,theta,r,delta_theta,delta_r",secondary,vectorchain,test,ramp,52,0.014359415928797813,0.018016586567715757,1.007949668028453
seed-2718__h-16__c-64__full_relational,2718,16,64,0.1,full_relational,"dt,dy,theta,r,delta_theta,delta_r",secondary,vectorchain,test,piecewise_linear,52,0.012105498605380757,0.015787325552313693,0.9850786280386955
seed-2718__h-16__c-64__full_relational,2718,16,64,0.1,full_relational,"dt,dy,theta,r,delta_theta,delta_r",secondary,vectorchain,test,first_order_response,52,0.012820538485314928,0.01598006651232201,1.0060712710414195
seed-2718__h-16__c-64__full_relational,2718,16,64,0.1,full_relational,"dt,dy,theta,r,delta_theta,delta_r",secondary,vectorchain,test,second_order_response,52,0.016767148536952776,0.02149289806936693,1.0142892252104325
seed-2718__h-16__c-64__full_relational,2718,16,64,0.1,full_relational,"dt,dy,theta,r,delta_theta,delta_r",secondary,vectorchain,test,regime_change,52,0.3814883918163327,0.48237741380352617,1.5397874561708895
seed-2718__h-1__c-128__raw,2718,1,128,,,,baseline,raw,validation,sine,51,0.011383852885519756,0.014784861457918673,
seed-2718__h-1__c-128__raw,2718,1,128,,,,baseline,raw,validation,chirp,51,0.025713172682899296,0.030551089524493074,
seed-2718__h-1__c-128__raw,2718,1,128,,,,baseline,raw,validation,ramp,51,0.011759956770541632,0.01395504833186231,
seed-2718__h-1__c-128__raw,2718,1,128,,,,baseline,raw,validation,piecewise_linear,51,0.014078019322441371,0.018268103110120018,
seed-2718__h-1__c-128__raw,2718,1,128,,,,baseline,raw,validation,first_order_response,51,0.009724428661610328,0.012256558752415074,
seed-2718__h-1__c-128__raw,2718,1,128,,,,baseline,raw,validation,second_order_response,51,0.013415423910931788,0.016837950524089963,
seed-2718__h-1__c-128__raw,2718,1,128,,,,baseline,raw,validation,regime_change,51,0.0381849078060201,0.04442345539642721,
seed-2718__h-1__c-128__raw,2718,1,128,,,,baseline,raw,test,sine,51,0.012340726173169893,0.014961580591766378,
seed-2718__h-1__c-128__raw,2718,1,128,,,,baseline,raw,test,chirp,51,0.031485545703482026,0.036386488965240285,
seed-2718__h-1__c-128__raw,2718,1,128,,,,baseline,raw,test,ramp,51,0.013157198033241266,0.015614975615956156,
seed-2718__h-1__c-128__raw,2718,1,128,,,,baseline,raw,test,piecewise_linear,51,0.010059450505012172,0.012308560618737486,
seed-2718__h-1__c-128__raw,2718,1,128,,,,baseline,raw,test,first_order_response,51,0.013753468388964995,0.016041234935763385,
seed-2718__h-1__c-128__raw,2718,1,128,,,,baseline,raw,test,second_order_response,51,0.011136087174049474,0.014208401200953668,
seed-2718__h-1__c-128__raw,2718,1,128,,,,baseline,raw,test,regime_change,51,0.031565048238114235,0.03569356533312993,
seed-2718__h-1__c-128__first_difference,2718,1,128,,,,baseline,first_difference,validation,sine,51,0.015331532367523413,0.019627213149718593,
seed-2718__h-1__c-128__first_difference,2718,1,128,,,,baseline,first_difference,validation,chirp,51,0.0313106404734955,0.03576434629248729,
seed-2718__h-1__c-128__first_difference,2718,1,128,,,,baseline,first_difference,validation,ramp,51,0.012078171783294485,0.01417901540657705,
seed-2718__h-1__c-128__first_difference,2718,1,128,,,,baseline,first_difference,validation,piecewise_linear,51,0.014578766085129348,0.01812676267541381,
seed-2718__h-1__c-128__first_difference,2718,1,128,,,,baseline,first_difference,validation,first_order_response,51,0.009701824598225587,0.012282460038984184,
seed-2718__h-1__c-128__first_difference,2718,1,128,,,,baseline,first_difference,validation,second_order_response,51,0.011841840862844243,0.014753039952525799,
seed-2718__h-1__c-128__first_difference,2718,1,128,,,,baseline,first_difference,validation,regime_change,51,0.03975522312180803,0.045415777743517384,
seed-2718__h-1__c-128__first_difference,2718,1,128,,,,baseline,first_difference,test,sine,51,0.016423953039604137,0.020133974841952798,
seed-2718__h-1__c-128__first_difference,2718,1,128,,,,baseline,first_difference,test,chirp,51,0.03380512024151544,0.03906875247035795,
seed-2718__h-1__c-128__first_difference,2718,1,128,,,,baseline,first_difference,test,ramp,51,0.012714074065352294,0.01496698701647784,
seed-2718__h-1__c-128__first_difference,2718,1,128,,,,baseline,first_difference,test,piecewise_linear,51,0.009599189207378652,0.011795781643622464,
seed-2718__h-1__c-128__first_difference,2718,1,128,,,,baseline,first_difference,test,first_order_response,51,0.01302605242351587,0.014892834702265883,
seed-2718__h-1__c-128__first_difference,2718,1,128,,,,baseline,first_difference,test,second_order_response,51,0.009978666977378294,0.01249746654642581,
seed-2718__h-1__c-128__first_difference,2718,1,128,,,,baseline,first_difference,test,regime_change,51,0.029676243675912102,0.03385847966897081,
seed-2718__h-1__c-128__segment,2718,1,128,0.1,segment,"dt,dy",secondary,vectorchain,validation,sine,51,0.014932346519443203,0.018080153152611213,1.1706928035701851
seed-2718__h-1__c-128__segment,2718,1,128,0.1,segment,"dt,dy",secondary,vectorchain,validation,chirp,51,0.0198008159968546,0.023626146308691687,1.6758459852327154
seed-2718__h-1__c-128__segment,2718,1,128,0.1,segment,"dt,dy",secondary,vectorchain,validation,ramp,51,0.011799958689718828,0.013824933177963534,0.9942190921465791
seed-2718__h-1__c-128__segment,2718,1,128,0.1,segment,"dt,dy",secondary,vectorchain,validation,piecewise_linear,51,0.01299996606837623,0.017402498119967833,0.9764983235047338
seed-2718__h-1__c-128__segment,2718,1,128,0.1,segment,"dt,dy",secondary,vectorchain,validation,first_order_response,51,0.009745219574601055,0.01234450833280584,1.0013755202796037
seed-2718__h-1__c-128__segment,2718,1,128,0.1,segment,"dt,dy",secondary,vectorchain,validation,second_order_response,51,0.012553478777203008,0.015309347527603564,1.0116014204761352
seed-2718__h-1__c-128__segment,2718,1,128,0.1,segment,"dt,dy",secondary,vectorchain,validation,regime_change,51,0.027845219499576645,0.0328570937690178,1.5066694072114015
seed-2718__h-1__c-128__segment,2718,1,128,0.1,segment,"dt,dy",secondary,vectorchain,test,sine,51,0.01276410759406334,0.016110297298874796,1.0660615266788525
seed-2718__h-1__c-128__segment,2718,1,128,0.1,segment,"dt,dy",secondary,vectorchain,test,chirp,51,0.021763417678296645,0.027129030111885517,1.662945327548792
seed-2718__h-1__c-128__segment,2718,1,128,0.1,segment,"dt,dy",secondary,vectorchain,test,ramp,51,0.012654599676906237,0.014898573592238507,0.9992248546212323
seed-2718__h-1__c-128__segment,2718,1,128,0.1,segment,"dt,dy",secondary,vectorchain,test,piecewise_linear,51,0.010193012532942495,0.012720408168592559,1.0463472453745866
seed-2718__h-1__c-128__segment,2718,1,128,0.1,segment,"dt,dy",secondary,vectorchain,test,first_order_response,51,0.013111233028170926,0.014998912503512488,1.0043827999121198
seed-2718__h-1__c-128__segment,2718,1,128,0.1,segment,"dt,dy",secondary,vectorchain,test,second_order_response,51,0.009783208710434753,0.01247745790821037,0.9982983666678801
seed-2718__h-1__c-128__segment,2718,1,128,0.1,segment,"dt,dy",secondary,vectorchain,test,regime_change,51,0.022599161489566442,0.026525843561349176,1.2919733832477789
seed-2718__h-1__c-128__absolute_geometry,2718,1,128,0.1,absolute_geometry,"dt,dy,theta,r",reference,vectorchain,validation,sine,51,0.01241097544794657,0.015443977358939386,1.0
seed-2718__h-1__c-128__absolute_geometry,2718,1,128,0.1,absolute_geometry,"dt,dy,theta,r",reference,vectorchain,validation,chirp,51,0.011633305778489594,0.014098041536562118,1.0
seed-2718__h-1__c-128__absolute_geometry,2718,1,128,0.1,absolute_geometry,"dt,dy,theta,r",reference,vectorchain,validation,ramp,51,0.011818233778482864,0.013905318543133855,1.0
seed-2718__h-1__c-128__absolute_geometry,2718,1,128,0.1,absolute_geometry,"dt,dy,theta,r",reference,vectorchain,validation,piecewise_linear,51,0.013651070047671974,0.017821329234349138,1.0
seed-2718__h-1__c-128__absolute_geometry,2718,1,128,0.1,absolute_geometry,"dt,dy,theta,r",reference,vectorchain,validation,first_order_response,51,0.00972579074550104,0.012327551535670665,1.0
seed-2718__h-1__c-128__absolute_geometry,2718,1,128,0.1,absolute_geometry,"dt,dy,theta,r",reference,vectorchain,validation,second_order_response,51,0.01242546534634206,0.015133774249148288,1.0
seed-2718__h-1__c-128__absolute_geometry,2718,1,128,0.1,absolute_geometry,"dt,dy,theta,r",reference,vectorchain,validation,regime_change,51,0.017542484523730324,0.021807765931765283,1.0
seed-2718__h-1__c-128__absolute_geometry,2718,1,128,0.1,absolute_geometry,"dt,dy,theta,r",reference,vectorchain,test,sine,51,0.012345205073393517,0.01511197702543858,1.0
seed-2718__h-1__c-128__absolute_geometry,2718,1,128,0.1,absolute_geometry,"dt,dy,theta,r",reference,vectorchain,test,chirp,51,0.013956698124146122,0.016313843673907272,1.0
seed-2718__h-1__c-128__absolute_geometry,2718,1,128,0.1,absolute_geometry,"dt,dy,theta,r",reference,vectorchain,test,ramp,51,0.012672425882131919,0.01491013111146638,1.0
seed-2718__h-1__c-128__absolute_geometry,2718,1,128,0.1,absolute_geometry,"dt,dy,theta,r",reference,vectorchain,test,piecewise_linear,51,0.009676212881041495,0.01215696626987222,1.0
seed-2718__h-1__c-128__absolute_geometry,2718,1,128,0.1,absolute_geometry,"dt,dy,theta,r",reference,vectorchain,test,first_order_response,51,0.013061401136049684,0.014933462127014565,1.0
seed-2718__h-1__c-128__absolute_geometry,2718,1,128,0.1,absolute_geometry,"dt,dy,theta,r",reference,vectorchain,test,second_order_response,51,0.009890173709166228,0.012498726157248584,1.0
seed-2718__h-1__c-128__absolute_geometry,2718,1,128,0.1,absolute_geometry,"dt,dy,theta,r",reference,vectorchain,test,regime_change,51,0.01705928281877132,0.02053126163843111,1.0
seed-2718__h-1__c-128__turning_matched,2718,1,128,0.1,turning_matched,"dt,dy,theta,delta_theta",capacity_control,vectorchain,validation,sine,51,0.012126545101608715,0.015124147375240777,0.9792909574868366
seed-2718__h-1__c-128__turning_matched,2718,1,128,0.1,turning_matched,"dt,dy,theta,delta_theta",capacity_control,vectorchain,validation,chirp,51,0.01340663173538682,0.016464094753971658,1.1678285037870952
seed-2718__h-1__c-128__turning_matched,2718,1,128,0.1,turning_matched,"dt,dy,theta,delta_theta",capacity_control,vectorchain,validation,ramp,51,0.011816589497926794,0.013900515186764719,0.9996545669662844
seed-2718__h-1__c-128__turning_matched,2718,1,128,0.1,turning_matched,"dt,dy,theta,delta_theta",capacity_control,vectorchain,validation,piecewise_linear,51,0.013467737311353036,0.017765279762729284,0.9968549219374825
seed-2718__h-1__c-128__turning_matched,2718,1,128,0.1,turning_matched,"dt,dy,theta,delta_theta",capacity_control,vectorchain,validation,first_order_response,51,0.009725562438240767,0.012323353261575997,0.9996594397449875
seed-2718__h-1__c-128__turning_matched,2718,1,128,0.1,turning_matched,"dt,dy,theta,delta_theta",capacity_control,vectorchain,validation,second_order_response,51,0.012527477041839145,0.015231119073515023,1.0064322899736802
seed-2718__h-1__c-128__turning_matched,2718,1,128,0.1,turning_matched,"dt,dy,theta,delta_theta",capacity_control,vectorchain,validation,regime_change,51,0.022592193264064784,0.02713615215001542,1.244334345614412
seed-2718__h-1__c-128__turning_matched,2718,1,128,0.1,turning_matched,"dt,dy,theta,delta_theta",capacity_control,vectorchain,test,sine,51,0.012250829778906366,0.014990642283627712,0.9919709551168175
seed-2718__h-1__c-128__turning_matched,2718,1,128,0.1,turning_matched,"dt,dy,theta,delta_theta",capacity_control,vectorchain,test,chirp,51,0.018010027910814234,0.022058750245931097,1.3521491738462812
seed-2718__h-1__c-128__turning_matched,2718,1,128,0.1,turning_matched,"dt,dy,theta,delta_theta",capacity_control,vectorchain,test,ramp,51,0.012673217124851277,0.014912304024766362,1.0001457340169404
seed-2718__h-1__c-128__turning_matched,2718,1,128,0.1,turning_matched,"dt,dy,theta,delta_theta",capacity_control,vectorchain,test,piecewise_linear,51,0.009791700145840543,0.012256569757671781,1.0081931203549033
seed-2718__h-1__c-128__turning_matched,2718,1,128,0.1,turning_matched,"dt,dy,theta,delta_theta",capacity_control,vectorchain,test,first_order_response,51,0.01307603116629656,0.014955386187722977,1.0014681164034127
seed-2718__h-1__c-128__turning_matched,2718,1,128,0.1,turning_matched,"dt,dy,theta,delta_theta",capacity_control,vectorchain,test,second_order_response,51,0.009867144884267046,0.012497684644798562,0.9999166705121051
seed-2718__h-1__c-128__turning_matched,2718,1,128,0.1,turning_matched,"dt,dy,theta,delta_theta",capacity_control,vectorchain,test,regime_change,51,0.018483618864895912,0.022287653868185497,1.08554721383837
seed-2718__h-1__c-128__turning,2718,1,128,0.1,turning,"dt,dy,theta,r,delta_theta",primary,vectorchain,validation,sine,51,0.012126475852560856,0.015124174211302098,0.9792926951260922
seed-2718__h-1__c-128__turning,2718,1,128,0.1,turning,"dt,dy,theta,r,delta_theta",primary,vectorchain,validation,chirp,51,0.013406019619878008,0.01646349334554949,1.1677858447822533
seed-2718__h-1__c-128__turning,2718,1,128,0.1,turning,"dt,dy,theta,r,delta_theta",primary,vectorchain,validation,ramp,51,0.011816597800371751,0.013900526593030357,0.9996553872470714
seed-2718__h-1__c-128__turning,2718,1,128,0.1,turning,"dt,dy,theta,r,delta_theta",primary,vectorchain,validation,piecewise_linear,51,0.013467547354735524,0.017765242068969785,0.9968528068449996
seed-2718__h-1__c-128__turning,2718,1,128,0.1,turning,"dt,dy,theta,r,delta_theta",primary,vectorchain,validation,first_order_response,51,0.00972556020426931,0.012323341019469752,0.9996584466762334
seed-2718__h-1__c-128__turning,2718,1,128,0.1,turning,"dt,dy,theta,r,delta_theta",primary,vectorchain,validation,second_order_response,51,0.01252761879499741,0.015231229813783394,1.0064396073993631
seed-2718__h-1__c-128__turning,2718,1,128,0.1,turning,"dt,dy,theta,r,delta_theta",primary,vectorchain,validation,regime_change,51,0.022594600202409523,0.027138149164140646,1.2444259191452116
seed-2718__h-1__c-128__turning,2718,1,128,0.1,turning,"dt,dy,theta,r,delta_theta",primary,vectorchain,test,sine,51,0.012250854636047163,0.014990770022873634,0.9919794079648934
seed-2718__h-1__c-128__turning,2718,1,128,0.1,turning,"dt,dy,theta,r,delta_theta",primary,vectorchain,test,chirp,51,0.018012917115649608,0.022061434635312436,1.352313720561022
seed-2718__h-1__c-128__turning,2718,1,128,0.1,turning,"dt,dy,theta,r,delta_theta",primary,vectorchain,test,ramp,51,0.012673223283832143,0.014912312910316193,1.0001463299573627
seed-2718__h-1__c-128__turning,2718,1,128,0.1,turning,"dt,dy,theta,r,delta_theta",primary,vectorchain,test,piecewise_linear,51,0.009791789478986233,0.012256621245938923,1.008197355644037
seed-2718__h-1__c-128__turning,2718,1,128,0.1,turning,"dt,dy,theta,r,delta_theta",primary,vectorchain,test,first_order_response,51,0.013076046331681584,0.014955411609891717,1.0014698187661015
seed-2718__h-1__c-128__turning,2718,1,128,0.1,turning,"dt,dy,theta,r,delta_theta",primary,vectorchain,test,second_order_response,51,0.009867132776041152,0.012497692222550255,0.9999172767940252
seed-2718__h-1__c-128__turning,2718,1,128,0.1,turning,"dt,dy,theta,r,delta_theta",primary,vectorchain,test,regime_change,51,0.01848537360702258,0.02228992232592461,1.0856577018239142
seed-2718__h-1__c-128__full_relational,2718,1,128,0.1,full_relational,"dt,dy,theta,r,delta_theta,delta_r",secondary,vectorchain,validation,sine,51,0.012342449303926804,0.015216282898638914,0.9852567473385555
seed-2718__h-1__c-128__full_relational,2718,1,128,0.1,full_relational,"dt,dy,theta,r,delta_theta,delta_r",secondary,vectorchain,validation,chirp,51,0.013205951826473803,0.016211666066675713,1.1499232730044158
seed-2718__h-1__c-128__full_relational,2718,1,128,0.1,full_relational,"dt,dy,theta,r,delta_theta,delta_r",secondary,vectorchain,validation,ramp,51,0.011844130605277968,0.013945830617940295,1.0029134229957244
seed-2718__h-1__c-128__full_relational,2718,1,128,0.1,full_relational,"dt,dy,theta,r,delta_theta,delta_r",secondary,vectorchain,validation,piecewise_linear,51,0.013535057580419143,0.017776792288393312,0.9975009189623194
seed-2718__h-1__c-128__full_relational,2718,1,128,0.1,full_relational,"dt,dy,theta,r,delta_theta,delta_r",secondary,vectorchain,validation,first_order_response,51,0.009716119232013756,0.012299453868641355,0.9977207422781396
seed-2718__h-1__c-128__full_relational,2718,1,128,0.1,full_relational,"dt,dy,theta,r,delta_theta,delta_r",secondary,vectorchain,validation,second_order_response,51,0.012621768697225607,0.015346711667386137,1.0140703445639037
seed-2718__h-1__c-128__full_relational,2718,1,128,0.1,full_relational,"dt,dy,theta,r,delta_theta,delta_r",secondary,vectorchain,validation,regime_change,51,0.021222612875499057,0.025782448428712523,1.182259957731741
seed-2718__h-1__c-128__full_relational,2718,1,128,0.1,full_relational,"dt,dy,theta,r,delta_theta,delta_r",secondary,vectorchain,test,sine,51,0.012332158515093233,0.015016206017472097,0.9936625758624918
seed-2718__h-1__c-128__full_relational,2718,1,128,0.1,full_relational,"dt,dy,theta,r,delta_theta,delta_r",secondary,vectorchain,test,chirp,51,0.01785236859389182,0.021582059514239013,1.3229291603889672
seed-2718__h-1__c-128__full_relational,2718,1,128,0.1,full_relational,"dt,dy,theta,r,delta_theta,delta_r",secondary,vectorchain,test,ramp,51,0.012688131514958904,0.014931673202233051,1.0014447955290013
seed-2718__h-1__c-128__full_relational,2718,1,128,0.1,full_relational,"dt,dy,theta,r,delta_theta,delta_r",secondary,vectorchain,test,piecewise_linear,51,0.009923670969274344,0.012282089367113468,1.0102922961587326
seed-2718__h-1__c-128__full_relational,2718,1,128,0.1,full_relational,"dt,dy,theta,r,delta_theta,delta_r",secondary,vectorchain,test,first_order_response,51,0.013087808948131073,0.014980536482865795,1.0031522734280132
seed-2718__h-1__c-128__full_relational,2718,1,128,0.1,full_relational,"dt,dy,theta,r,delta_theta,delta_r",secondary,vectorchain,test,second_order_response,51,0.009881420497637173,0.012519009292609436,1.0016228162058811
seed-2718__h-1__c-128__full_relational,2718,1,128,0.1,full_relational,"dt,dy,theta,r,delta_theta,delta_r",secondary,vectorchain,test,regime_change,51,0.017894026108878865,0.021650916520882878,1.0545341490537514
seed-2718__h-4__c-128__raw,2718,4,128,,,,baseline,raw,validation,sine,51,0.01953142682719985,0.0240787473140124,
seed-2718__h-4__c-128__raw,2718,4,128,,,,baseline,raw,validation,chirp,51,0.09376899211181904,0.1068776393307025,
seed-2718__h-4__c-128__raw,2718,4,128,,,,baseline,raw,validation,ramp,51,0.013141158604640466,0.015961514860021862,
seed-2718__h-4__c-128__raw,2718,4,128,,,,baseline,raw,validation,piecewise_linear,51,0.01733618187717137,0.020261533123013965,
seed-2718__h-4__c-128__raw,2718,4,128,,,,baseline,raw,validation,first_order_response,51,0.015798004747436152,0.019512469543806914,
seed-2718__h-4__c-128__raw,2718,4,128,,,,baseline,raw,validation,second_order_response,51,0.020856042027127077,0.02551167706504143,
seed-2718__h-4__c-128__raw,2718,4,128,,,,baseline,raw,validation,regime_change,51,0.13960474880250595,0.15795730352439785,
seed-2718__h-4__c-128__raw,2718,4,128,,,,baseline,raw,test,sine,52,0.023258978869066194,0.02772488267041672,
seed-2718__h-4__c-128__raw,2718,4,128,,,,baseline,raw,test,chirp,52,0.11483807137046377,0.1304905101481291,
seed-2718__h-4__c-128__raw,2718,4,128,,,,baseline,raw,test,ramp,52,0.01353006894121836,0.01719547270101544,
seed-2718__h-4__c-128__raw,2718,4,128,,,,baseline,raw,test,piecewise_linear,52,0.012653350746259454,0.01505144455224024,
seed-2718__h-4__c-128__raw,2718,4,128,,,,baseline,raw,test,first_order_response,52,0.015767367286041327,0.01876819243455968,
seed-2718__h-4__c-128__raw,2718,4,128,,,,baseline,raw,test,second_order_response,52,0.016921612724982535,0.020876080339037033,
seed-2718__h-4__c-128__raw,2718,4,128,,,,baseline,raw,test,regime_change,52,0.1339991689181028,0.1521356743791214,
seed-2718__h-4__c-128__first_difference,2718,4,128,,,,baseline,first_difference,validation,sine,51,0.04055664131474732,0.04997324981247516,
seed-2718__h-4__c-128__first_difference,2718,4,128,,,,baseline,first_difference,validation,chirp,51,0.09130408144631935,0.10076259854668967,
seed-2718__h-4__c-128__first_difference,2718,4,128,,,,baseline,first_difference,validation,ramp,51,0.018406335133504183,0.02332728848388404,
seed-2718__h-4__c-128__first_difference,2718,4,128,,,,baseline,first_difference,validation,piecewise_linear,51,0.026730811885516362,0.031137286399117323,
seed-2718__h-4__c-128__first_difference,2718,4,128,,,,baseline,first_difference,validation,first_order_response,51,0.02017941862298591,0.02543308858119987,
seed-2718__h-4__c-128__first_difference,2718,4,128,,,,baseline,first_difference,validation,second_order_response,51,0.022023750722519612,0.027409602403384012,
seed-2718__h-4__c-128__first_difference,2718,4,128,,,,baseline,first_difference,validation,regime_change,51,0.11683776818764427,0.13456151570043376,
seed-2718__h-4__c-128__first_difference,2718,4,128,,,,baseline,first_difference,test,sine,52,0.043353362394508155,0.05119609845333675,
seed-2718__h-4__c-128__first_difference,2718,4,128,,,,baseline,first_difference,test,chirp,52,0.10191263554953428,0.11603568682153345,
seed-2718__h-4__c-128__first_difference,2718,4,128,,,,baseline,first_difference,test,ramp,52,0.019852251760508803,0.024425098002589078,
seed-2718__h-4__c-128__first_difference,2718,4,128,,,,baseline,first_difference,test,piecewise_linear,52,0.017199985250039875,0.0217537241176666,
seed-2718__h-4__c-128__first_difference,2718,4,128,,,,baseline,first_difference,test,first_order_response,52,0.017507274982385027,0.022403062053193437,
seed-2718__h-4__c-128__first_difference,2718,4,128,,,,baseline,first_difference,test,second_order_response,52,0.018511324700770496,0.023465320469972562,
seed-2718__h-4__c-128__first_difference,2718,4,128,,,,baseline,first_difference,test,regime_change,52,0.10015709784654733,0.11518756952736864,
seed-2718__h-4__c-128__segment,2718,4,128,0.1,segment,"dt,dy",secondary,vectorchain,validation,sine,51,0.03822522435678291,0.043584749653852055,1.8826697180309613
seed-2718__h-4__c-128__segment,2718,4,128,0.1,segment,"dt,dy",secondary,vectorchain,validation,chirp,51,0.06619568003999549,0.07508058909247713,2.527663670907201
seed-2718__h-4__c-128__segment,2718,4,128,0.1,segment,"dt,dy",secondary,vectorchain,validation,ramp,51,0.012756466733918472,0.0158496149880421,1.0158159583115076
seed-2718__h-4__c-128__segment,2718,4,128,0.1,segment,"dt,dy",secondary,vectorchain,validation,piecewise_linear,51,0.018344495803852293,0.02364392446083534,1.0891408788818304
seed-2718__h-4__c-128__segment,2718,4,128,0.1,segment,"dt,dy",secondary,vectorchain,validation,first_order_response,51,0.012351143794527328,0.015945362691146752,1.0090793638922224
seed-2718__h-4__c-128__segment,2718,4,128,0.1,segment,"dt,dy",secondary,vectorchain,validation,second_order_response,51,0.01627988248780324,0.01982438332245789,0.9924735083518013
seed-2718__h-4__c-128__segment,2718,4,128,0.1,segment,"dt,dy",secondary,vectorchain,validation,regime_change,51,0.09411971138980656,0.10863879296696652,1.6729680861043255
seed-2718__h-4__c-128__segment,2718,4,128,0.1,segment,"dt,dy",secondary,vectorchain,test,sine,52,0.026987481355052502,0.03198727887440545,1.7390778146914658
seed-2718__h-4__c-128__segment,2718,4,128,0.1,segment,"dt,dy",secondary,vectorchain,test,chirp,52,0.0751650849542106,0.08995059862243117,1.5839557310847403
seed-2718__h-4__c-128__segment,2718,4,128,0.1,segment,"dt,dy",secondary,vectorchain,test,ramp,52,0.01148077181913215,0.014771028065229407,1.019146025217711
seed-2718__h-4__c-128__segment,2718,4,128,0.1,segment,"dt,dy",secondary,vectorchain,test,piecewise_linear,52,0.012541290887860419,0.015975692047055814,1.1606979977490912
seed-2718__h-4__c-128__segment,2718,4,128,0.1,segment,"dt,dy",secondary,vectorchain,test,first_order_response,52,0.011411053591145645,0.014339643441224521,1.0129133898989582
seed-2718__h-4__c-128__segment,2718,4,128,0.1,segment,"dt,dy",secondary,vectorchain,test,second_order_response,52,0.012499235427249834,0.016887019458477235,1.0437872569567008
seed-2718__h-4__c-128__segment,2718,4,128,0.1,segment,"dt,dy",secondary,vectorchain,test,regime_change,52,0.0953547463096341,0.10959003285972396,1.814894504368801
seed-2718__h-4__c-128__absolute_geometry,2718,4,128,0.1,absolute_geometry,"dt,dy,theta,r",reference,vectorchain,validation,sine,51,0.01878238886816292,0.02315050230873012,1.0
seed-2718__h-4__c-128__absolute_geometry,2718,4,128,0.1,absolute_geometry,"dt,dy,theta,r",reference,vectorchain,validation,chirp,51,0.023838602419431584,0.029703551922922577,1.0
seed-2718__h-4__c-128__absolute_geometry,2718,4,128,0.1,absolute_geometry,"dt,dy,theta,r",reference,vectorchain,validation,ramp,51,0.01270757847900109,0.015602841103606387,1.0
seed-2718__h-4__c-128__absolute_geometry,2718,4,128,0.1,absolute_geometry,"dt,dy,theta,r",reference,vectorchain,validation,piecewise_linear,51,0.017745667595642473,0.021708784344876893,1.0
seed-2718__h-4__c-128__absolute_geometry,2718,4,128,0.1,absolute_geometry,"dt,dy,theta,r",reference,vectorchain,validation,first_order_response,51,0.01224561544491264,0.0158018915674207,1.0
seed-2718__h-4__c-128__absolute_geometry,2718,4,128,0.1,absolute_geometry,"dt,dy,theta,r",reference,vectorchain,validation,second_order_response,51,0.016373333784725493,0.019974722907597005,1.0
seed-2718__h-4__c-128__absolute_geometry,2718,4,128,0.1,absolute_geometry,"dt,dy,theta,r",reference,vectorchain,validation,regime_change,51,0.05280424078793335,0.06493775575835573,1.0
seed-2718__h-4__c-128__absolute_geometry,2718,4,128,0.1,absolute_geometry,"dt,dy,theta,r",reference,vectorchain,test,sine,52,0.014378745641710874,0.01839324186886968,1.0
seed-2718__h-4__c-128__absolute_geometry,2718,4,128,0.1,absolute_geometry,"dt,dy,theta,r",reference,vectorchain,test,chirp,52,0.04754725709942057,0.05678858118138839,1.0
seed-2718__h-4__c-128__absolute_geometry,2718,4,128,0.1,absolute_geometry,"dt,dy,theta,r",reference,vectorchain,test,ramp,52,0.011213752535086476,0.014493534488420348,1.0
seed-2718__h-4__c-128__absolute_geometry,2718,4,128,0.1,absolute_geometry,"dt,dy,theta,r",reference,vectorchain,test,piecewise_linear,52,0.011183982654619314,0.013763866292555877,1.0
seed-2718__h-4__c-128__absolute_geometry,2718,4,128,0.1,absolute_geometry,"dt,dy,theta,r",reference,vectorchain,test,first_order_response,52,0.011251592336261686,0.014156830765812024,1.0
seed-2718__h-4__c-128__absolute_geometry,2718,4,128,0.1,absolute_geometry,"dt,dy,theta,r",reference,vectorchain,test,second_order_response,52,0.012247324252708284,0.016178602819614377,1.0
seed-2718__h-4__c-128__absolute_geometry,2718,4,128,0.1,absolute_geometry,"dt,dy,theta,r",reference,vectorchain,test,regime_change,52,0.05039234206110133,0.06038369315457159,1.0
seed-2718__h-4__c-128__turning_matched,2718,4,128,0.1,turning_matched,"dt,dy,theta,delta_theta",capacity_control,vectorchain,validation,sine,51,0.017662721372647763,0.02179755941790249,0.9415588105698497
seed-2718__h-4__c-128__turning_matched,2718,4,128,0.1,turning_matched,"dt,dy,theta,delta_theta",capacity_control,vectorchain,validation,chirp,51,0.03574773977033051,0.04245745695167517,1.4293730615734965
seed-2718__h-4__c-128__turning_matched,2718,4,128,0.1,turning_matched,"dt,dy,theta,delta_theta",capacity_control,vectorchain,validation,ramp,51,0.012724031593380666,0.015631402024583154,1.0018304948943026
seed-2718__h-4__c-128__turning_matched,2718,4,128,0.1,turning_matched,"dt,dy,theta,delta_theta",capacity_control,vectorchain,validation,piecewise_linear,51,0.01800435406338133,0.02223806406040266,1.0243809007044042
seed-2718__h-4__c-128__turning_matched,2718,4,128,0.1,turning_matched,"dt,dy,theta,delta_theta",capacity_control,vectorchain,validation,first_order_response,51,0.012275844605778146,0.015823179038549524,1.001347147019583
seed-2718__h-4__c-128__turning_matched,2718,4,128,0.1,turning_matched,"dt,dy,theta,delta_theta",capacity_control,vectorchain,validation,second_order_response,51,0.016778931340814582,0.020612169024555264,1.031912638783881
seed-2718__h-4__c-128__turning_matched,2718,4,128,0.1,turning_matched,"dt,dy,theta,delta_theta",capacity_control,vectorchain,validation,regime_change,51,0.07180177907223571,0.08329800547604742,1.2827361294408335
seed-2718__h-4__c-128__turning_matched,2718,4,128,0.1,turning_matched,"dt,dy,theta,delta_theta",capacity_control,vectorchain,test,sine,52,0.013950830379838198,0.017922491905141762,0.9744063625605525
seed-2718__h-4__c-128__turning_matched,2718,4,128,0.1,turning_matched,"dt,dy,theta,delta_theta",capacity_control,vectorchain,test,chirp,52,0.06611461555276396,0.07729167030484893,1.361042461299951
seed-2718__h-4__c-128__turning_matched,2718,4,128,0.1,turning_matched,"dt,dy,theta,delta_theta",capacity_control,vectorchain,test,ramp,52,0.01123966617628799,0.014521533405857632,1.001931821217223
seed-2718__h-4__c-128__turning_matched,2718,4,128,0.1,turning_matched,"dt,dy,theta,delta_theta",capacity_control,vectorchain,test,piecewise_linear,52,0.010843088429631454,0.013754927973886047,0.9993505953574495
seed-2718__h-4__c-128__turning_matched,2718,4,128,0.1,turning_matched,"dt,dy,theta,delta_theta",capacity_control,vectorchain,test,first_order_response,52,0.011308401219498028,0.014204172883009661,1.0033441183256895
seed-2718__h-4__c-128__turning_matched,2718,4,128,0.1,turning_matched,"dt,dy,theta,delta_theta",capacity_control,vectorchain,test,second_order_response,52,0.012226978217733777,0.01621788323555508,1.0024279238682516
seed-2718__h-4__c-128__turning_matched,2718,4,128,0.1,turning_matched,"dt,dy,theta,delta_theta",capacity_control,vectorchain,test,regime_change,52,0.06939447107493811,0.08261456632370248,1.368160210277695
seed-2718__h-4__c-128__turning,2718,4,128,0.1,turning,"dt,dy,theta,r,delta_theta",primary,vectorchain,validation,sine,51,0.017662495090698116,0.0217976373943367,0.9415621788092584
seed-2718__h-4__c-128__turning,2718,4,128,0.1,turning,"dt,dy,theta,r,delta_theta",primary,vectorchain,validation,chirp,51,0.035744702144185146,0.04245416692281117,1.429262299437287
seed-2718__h-4__c-128__turning,2718,4,128,0.1,turning,"dt,dy,theta,r,delta_theta",primary,vectorchain,validation,ramp,51,0.01272406938940876,0.015631409799090758,1.0018309931694278
seed-2718__h-4__c-128__turning,2718,4,128,0.1,turning,"dt,dy,theta,r,delta_theta",primary,vectorchain,validation,piecewise_linear,51,0.018004279631986968,0.022238158797383844,1.0243852646973242
seed-2718__h-4__c-128__turning,2718,4,128,0.1,turning,"dt,dy,theta,r,delta_theta",primary,vectorchain,validation,first_order_response,51,0.012275882438048632,0.015823173600349,1.0013468028708776
seed-2718__h-4__c-128__turning,2718,4,128,0.1,turning,"dt,dy,theta,r,delta_theta",primary,vectorchain,validation,second_order_response,51,0.016778530889972273,0.020611716596757847,1.0318899887676827
seed-2718__h-4__c-128__turning,2718,4,128,0.1,turning,"dt,dy,theta,r,delta_theta",primary,vectorchain,validation,regime_change,51,0.07178854584542611,0.0832817029585446,1.2824850810744026
seed-2718__h-4__c-128__turning,2718,4,128,0.1,turning,"dt,dy,theta,r,delta_theta",primary,vectorchain,test,sine,52,0.013950371902518612,0.017922396278076694,0.9744011635278996
seed-2718__h-4__c-128__turning,2718,4,128,0.1,turning,"dt,dy,theta,r,delta_theta",primary,vectorchain,test,chirp,52,0.06610339230808066,0.07727782070510564,1.3607985812900059
seed-2718__h-4__c-128__turning,2718,4,128,0.1,turning,"dt,dy,theta,r,delta_theta",primary,vectorchain,test,ramp,52,0.011239649002174409,0.014521532069358769,1.00193172900377
seed-2718__h-4__c-128__turning,2718,4,128,0.1,turning,"dt,dy,theta,r,delta_theta",primary,vectorchain,test,piecewise_linear,52,0.01084287324003207,0.013754901296871236,0.9993486571655023
seed-2718__h-4__c-128__turning,2718,4,128,0.1,turning,"dt,dy,theta,r,delta_theta",primary,vectorchain,test,first_order_response,52,0.011308450387520867,0.014204198997583448,1.0033459629881156
seed-2718__h-4__c-128__turning,2718,4,128,0.1,turning,"dt,dy,theta,r,delta_theta",primary,vectorchain,test,second_order_response,52,0.012226909339129751,0.01621777795005479,1.0024214161678362
seed-2718__h-4__c-128__turning,2718,4,128,0.1,turning,"dt,dy,theta,r,delta_theta",primary,vectorchain,test,regime_change,52,0.06938403730114705,0.0826003858762142,1.367925371254981
seed-2718__h-4__c-128__full_relational,2718,4,128,0.1,full_relational,"dt,dy,theta,r,delta_theta,delta_r",secondary,vectorchain,validation,sine,51,0.018594008008638332,0.022871519327579217,0.9879491607814618
seed-2718__h-4__c-128__full_relational,2718,4,128,0.1,full_relational,"dt,dy,theta,r,delta_theta,delta_r",secondary,vectorchain,validation,chirp,51,0.03661617568587511,0.04376728629245349,1.4734697859038792
seed-2718__h-4__c-128__full_relational,2718,4,128,0.1,full_relational,"dt,dy,theta,r,delta_theta,delta_r",secondary,vectorchain,validation,ramp,51,0.012744013882276313,0.015631507080648907,1.0018372280312395
seed-2718__h-4__c-128__full_relational,2718,4,128,0.1,full_relational,"dt,dy,theta,r,delta_theta,delta_r",secondary,vectorchain,validation,piecewise_linear,51,0.017804881576352,0.021759542462726014,1.0023381372739602
seed-2718__h-4__c-128__full_relational,2718,4,128,0.1,full_relational,"dt,dy,theta,r,delta_theta,delta_r",secondary,vectorchain,validation,first_order_response,51,0.012289421847912492,0.01581615010456073,1.0009023310329144
seed-2718__h-4__c-128__full_relational,2718,4,128,0.1,full_relational,"dt,dy,theta,r,delta_theta,delta_r",secondary,vectorchain,validation,second_order_response,51,0.01675591766515331,0.020573793463694704,1.029991432615561
seed-2718__h-4__c-128__full_relational,2718,4,128,0.1,full_relational,"dt,dy,theta,r,delta_theta,delta_r",secondary,vectorchain,validation,regime_change,51,0.0663982982477814,0.07886560971199696,1.2144800631156567
seed-2718__h-4__c-128__full_relational,2718,4,128,0.1,full_relational,"dt,dy,theta,r,delta_theta,delta_r",secondary,vectorchain,test,sine,52,0.013791044512239023,0.018190441994175483,0.988974218023119
seed-2718__h-4__c-128__full_relational,2718,4,128,0.1,full_relational,"dt,dy,theta,r,delta_theta,delta_r",secondary,vectorchain,test,chirp,52,0.06235973994178618,0.07305757326543204,1.2864835103394971
seed-2718__h-4__c-128__full_relational,2718,4,128,0.1,full_relational,"dt,dy,theta,r,delta_theta,delta_r",secondary,vectorchain,test,ramp,52,0.011221440635090925,0.014515900018656196,1.0015431384424356
seed-2718__h-4__c-128__full_relational,2718,4,128,0.1,full_relational,"dt,dy,theta,r,delta_theta,delta_r",secondary,vectorchain,test,piecewise_linear,52,0.010752605550393146,0.013822779986554462,1.0042803157736608
seed-2718__h-4__c-128__full_relational,2718,4,128,0.1,full_relational,"dt,dy,theta,r,delta_theta,delta_r",secondary,vectorchain,test,first_order_response,52,0.011325416251849822,0.014211207150652438,1.003840999849467
seed-2718__h-4__c-128__full_relational,2718,4,128,0.1,full_relational,"dt,dy,theta,r,delta_theta,delta_r",secondary,vectorchain,test,second_order_response,52,0.012189279010191163,0.016131963069740015,0.9971171954467034
seed-2718__h-4__c-128__full_relational,2718,4,128,0.1,full_relational,"dt,dy,theta,r,delta_theta,delta_r",secondary,vectorchain,test,regime_change,52,0.06353026898421708,0.0764861749430775,1.2666693762384889
seed-2718__h-16__c-128__raw,2718,16,128,,,,baseline,raw,validation,sine,51,0.07090712232691876,0.08026954643088714,
seed-2718__h-16__c-128__raw,2718,16,128,,,,baseline,raw,validation,chirp,51,0.3840989067725309,0.43619604032517195,
seed-2718__h-16__c-128__raw,2718,16,128,,,,baseline,raw,validation,ramp,51,0.015937978947328332,0.020673758502032576,
seed-2718__h-16__c-128__raw,2718,16,128,,,,baseline,raw,validation,piecewise_linear,51,0.03376735161986975,0.043331891635817264,
seed-2718__h-16__c-128__raw,2718,16,128,,,,baseline,raw,validation,first_order_response,51,0.04630992575403801,0.04833954823408151,
seed-2718__h-16__c-128__raw,2718,16,128,,,,baseline,raw,validation,second_order_response,51,0.07881570415553044,0.08161016347900898,
seed-2718__h-16__c-128__raw,2718,16,128,,,,baseline,raw,validation,regime_change,51,0.5686989929396328,0.6461348119703919,
seed-2718__h-16__c-128__raw,2718,16,128,,,,baseline,raw,test,sine,52,0.09880114834258216,0.10912780632046735,
seed-2718__h-16__c-128__raw,2718,16,128,,,,baseline,raw,test,chirp,52,0.470182351932183,0.5340288029510194,
seed-2718__h-16__c-128__raw,2718,16,128,,,,baseline,raw,test,ramp,52,0.03560657358540385,0.04027074938705628,
seed-2718__h-16__c-128__raw,2718,16,128,,,,baseline,raw,test,piecewise_linear,52,0.022575188471160437,0.02737358990067601,
seed-2718__h-16__c-128__raw,2718,16,128,,,,baseline,raw,test,first_order_response,52,0.04916753257746168,0.051301562646617185,
seed-2718__h-16__c-128__raw,2718,16,128,,,,baseline,raw,test,second_order_response,52,0.05792823399968987,0.06053768413115122,
seed-2718__h-16__c-128__raw,2718,16,128,,,,baseline,raw,test,regime_change,52,0.5233637791543951,0.5939062167250911,
seed-2718__h-16__c-128__first_difference,2718,16,128,,,,baseline,first_difference,validation,sine,51,0.14978734245602648,0.1785235534477566,
seed-2718__h-16__c-128__first_difference,2718,16,128,,,,baseline,first_difference,validation,chirp,51,0.33196141650242145,0.36479574358206096,
seed-2718__h-16__c-128__first_difference,2718,16,128,,,,baseline,first_difference,validation,ramp,51,0.0489054230211482,0.06735219813077471,
seed-2718__h-16__c-128__first_difference,2718,16,128,,,,baseline,first_difference,validation,piecewise_linear,51,0.08355047771054835,0.10087453465893993,
seed-2718__h-16__c-128__first_difference,2718,16,128,,,,baseline,first_difference,validation,first_order_response,51,0.05937529093896937,0.07289358437018514,
seed-2718__h-16__c-128__first_difference,2718,16,128,,,,baseline,first_difference,validation,second_order_response,51,0.06030094391309824,0.07888551555326226,
seed-2718__h-16__c-128__first_difference,2718,16,128,,,,baseline,first_difference,validation,regime_change,51,0.4584746192952233,0.5351072524551282,
seed-2718__h-16__c-128__first_difference,2718,16,128,,,,baseline,first_difference,test,sine,52,0.1582473884831409,0.18292157386901325,
seed-2718__h-16__c-128__first_difference,2718,16,128,,,,baseline,first_difference,test,chirp,52,0.3784977412605153,0.42992808998723286,
seed-2718__h-16__c-128__first_difference,2718,16,128,,,,baseline,first_difference,test,ramp,52,0.06204321358844193,0.07552084823255267,
seed-2718__h-16__c-128__first_difference,2718,16,128,,,,baseline,first_difference,test,piecewise_linear,52,0.050381389087156385,0.06664258569285451,
seed-2718__h-16__c-128__first_difference,2718,16,128,,,,baseline,first_difference,test,first_order_response,52,0.06180883764155573,0.07305409024812602,
seed-2718__h-16__c-128__first_difference,2718,16,128,,,,baseline,first_difference,test,second_order_response,52,0.0600663689513411,0.07349178984481318,
seed-2718__h-16__c-128__first_difference,2718,16,128,,,,baseline,first_difference,test,regime_change,52,0.36810725549581363,0.42585157245341854,
seed-2718__h-16__c-128__segment,2718,16,128,0.1,segment,"dt,dy",secondary,vectorchain,validation,sine,51,0.1438221659100015,0.1610311626868034,2.4517326203769807
seed-2718__h-16__c-128__segment,2718,16,128,0.1,segment,"dt,dy",secondary,vectorchain,validation,chirp,51,0.2430822622107274,0.2735492109097806,1.5783297054609933
seed-2718__h-16__c-128__segment,2718,16,128,0.1,segment,"dt,dy",secondary,vectorchain,validation,ramp,51,0.014764664034788062,0.019059836946462974,1.124294301386086
seed-2718__h-16__c-128__segment,2718,16,128,0.1,segment,"dt,dy",secondary,vectorchain,validation,piecewise_linear,51,0.04877558723828638,0.05954641940923294,1.4114177824764829
seed-2718__h-16__c-128__segment,2718,16,128,0.1,segment,"dt,dy",secondary,vectorchain,validation,first_order_response,51,0.012088386972919996,0.01513470277309496,1.0713894778812174
seed-2718__h-16__c-128__segment,2718,16,128,0.1,segment,"dt,dy",secondary,vectorchain,validation,second_order_response,51,0.0312515633344862,0.03758479823576266,1.0760613623833022
seed-2718__h-16__c-128__segment,2718,16,128,0.1,segment,"dt,dy",secondary,vectorchain,validation,regime_change,51,0.3850160000361342,0.4418534966585087,1.017420746359605
seed-2718__h-16__c-128__segment,2718,16,128,0.1,segment,"dt,dy",secondary,vectorchain,test,sine,52,0.09726531225326399,0.10953671047707185,2.55352200945343
seed-2718__h-16__c-128__segment,2718,16,128,0.1,segment,"dt,dy",secondary,vectorchain,test,chirp,52,0.3293591985437748,0.37702373634089975,0.9625084796747356
seed-2718__h-16__c-128__segment,2718,16,128,0.1,segment,"dt,dy",secondary,vectorchain,test,ramp,52,0.01538154835166444,0.019052778987830858,1.154205010361959
seed-2718__h-16__c-128__segment,2718,16,128,0.1,segment,"dt,dy",secondary,vectorchain,test,piecewise_linear,52,0.017976250852917396,0.023905120705066188,1.482088293495404
seed-2718__h-16__c-128__segment,2718,16,128,0.1,segment,"dt,dy",secondary,vectorchain,test,first_order_response,52,0.012134876370103412,0.015276328662262556,1.0429016630890806
seed-2718__h-16__c-128__segment,2718,16,128,0.1,segment,"dt,dy",secondary,vectorchain,test,second_order_response,52,0.02515745107459933,0.03108432840710869,1.218964631998656
seed-2718__h-16__c-128__segment,2718,16,128,0.1,segment,"dt,dy",secondary,vectorchain,test,regime_change,52,0.4024307451220366,0.4485546362955409,1.08551508427103
seed-2718__h-16__c-128__absolute_geometry,2718,16,128,0.1,absolute_geometry,"dt,dy,theta,r",reference,vectorchain,validation,sine,51,0.046098548692803595,0.06568055641485208,1.0
seed-2718__h-16__c-128__absolute_geometry,2718,16,128,0.1,absolute_geometry,"dt,dy,theta,r",reference,vectorchain,validation,chirp,51,0.1350261747797867,0.17331563231896677,1.0
seed-2718__h-16__c-128__absolute_geometry,2718,16,128,0.1,absolute_geometry,"dt,dy,theta,r",reference,vectorchain,validation,ramp,51,0.013552597125967647,0.016952711512426114,1.0
seed-2718__h-16__c-128__absolute_geometry,2718,16,128,0.1,absolute_geometry,"dt,dy,theta,r",reference,vectorchain,validation,piecewise_linear,51,0.030698288254313946,0.04218908118385217,1.0
seed-2718__h-16__c-128__absolute_geometry,2718,16,128,0.1,absolute_geometry,"dt,dy,theta,r",reference,vectorchain,validation,first_order_response,51,0.011256971284501677,0.014126238016659812,1.0
seed-2718__h-16__c-128__absolute_geometry,2718,16,128,0.1,absolute_geometry,"dt,dy,theta,r",reference,vectorchain,validation,second_order_response,51,0.02757034780524964,0.034928117995537356,1.0
seed-2718__h-16__c-128__absolute_geometry,2718,16,128,0.1,absolute_geometry,"dt,dy,theta,r",reference,vectorchain,validation,regime_change,51,0.3591132560534391,0.4342878776941478,1.0
seed-2718__h-16__c-128__absolute_geometry,2718,16,128,0.1,absolute_geometry,"dt,dy,theta,r",reference,vectorchain,test,sine,52,0.03664385345091689,0.042896325182064,1.0
seed-2718__h-16__c-128__absolute_geometry,2718,16,128,0.1,absolute_geometry,"dt,dy,theta,r",reference,vectorchain,test,chirp,52,0.33112479924554294,0.39170952184058566,1.0
seed-2718__h-16__c-128__absolute_geometry,2718,16,128,0.1,absolute_geometry,"dt,dy,theta,r",reference,vectorchain,test,ramp,52,0.012916443923097754,0.016507274545495085,1.0
seed-2718__h-16__c-128__absolute_geometry,2718,16,128,0.1,absolute_geometry,"dt,dy,theta,r",reference,vectorchain,test,piecewise_linear,52,0.012910670131878703,0.016129349924684712,1.0
seed-2718__h-16__c-128__absolute_geometry,2718,16,128,0.1,absolute_geometry,"dt,dy,theta,r",reference,vectorchain,test,first_order_response,52,0.011504618824978831,0.014647909005163521,1.0
seed-2718__h-16__c-128__absolute_geometry,2718,16,128,0.1,absolute_geometry,"dt,dy,theta,r",reference,vectorchain,test,second_order_response,52,0.01983979920747012,0.025500599107737654,1.0
seed-2718__h-16__c-128__absolute_geometry,2718,16,128,0.1,absolute_geometry,"dt,dy,theta,r",reference,vectorchain,test,regime_change,52,0.3406961870196593,0.4132182433897403,1.0
seed-2718__h-16__c-128__turning_matched,2718,16,128,0.1,turning_matched,"dt,dy,theta,delta_theta",capacity_control,vectorchain,validation,sine,51,0.03517491140007361,0.05067784204246742,0.7715805834892081
seed-2718__h-16__c-128__turning_matched,2718,16,128,0.1,turning_matched,"dt,dy,theta,delta_theta",capacity_control,vectorchain,validation,chirp,51,0.20624918161746814,0.24185875370742277,1.3954814719904236
seed-2718__h-16__c-128__turning_matched,2718,16,128,0.1,turning_matched,"dt,dy,theta,delta_theta",capacity_control,vectorchain,validation,ramp,51,0.013711802902121388,0.01709014599167351,1.0081069319882345
seed-2718__h-16__c-128__turning_matched,2718,16,128,0.1,turning_matched,"dt,dy,theta,delta_theta",capacity_control,vectorchain,validation,piecewise_linear,51,0.035170098973520254,0.050031202885821247,1.1858803624519474
seed-2718__h-16__c-128__turning_matched,2718,16,128,0.1,turning_matched,"dt,dy,theta,delta_theta",capacity_control,vectorchain,validation,first_order_response,51,0.011296823847849786,0.014044737411471074,0.9942305513263602
seed-2718__h-16__c-128__turning_matched,2718,16,128,0.1,turning_matched,"dt,dy,theta,delta_theta",capacity_control,vectorchain,validation,second_order_response,51,0.03179127310283797,0.039693439184630475,1.1364322346168771
seed-2718__h-16__c-128__turning_matched,2718,16,128,0.1,turning_matched,"dt,dy,theta,delta_theta",capacity_control,vectorchain,validation,regime_change,51,0.3723197844252567,0.42077384979695476,0.9688823276188463
seed-2718__h-16__c-128__turning_matched,2718,16,128,0.1,turning_matched,"dt,dy,theta,delta_theta",capacity_control,vectorchain,test,sine,52,0.031567037493459495,0.03725910425316639,0.8685849917219792
seed-2718__h-16__c-128__turning_matched,2718,16,128,0.1,turning_matched,"dt,dy,theta,delta_theta",capacity_control,vectorchain,test,chirp,52,0.36293126489396915,0.4166229441585006,1.0636017786875602
seed-2718__h-16__c-128__turning_matched,2718,16,128,0.1,turning_matched,"dt,dy,theta,delta_theta",capacity_control,vectorchain,test,ramp,52,0.012977110985714541,0.016608650354162556,1.006141280826709
seed-2718__h-16__c-128__turning_matched,2718,16,128,0.1,turning_matched,"dt,dy,theta,delta_theta",capacity_control,vectorchain,test,piecewise_linear,52,0.013294704032060194,0.017081064113767287,1.0590051175978301
seed-2718__h-16__c-128__turning_matched,2718,16,128,0.1,turning_matched,"dt,dy,theta,delta_theta",capacity_control,vectorchain,test,first_order_response,52,0.011723580115407969,0.014823262188634995,1.011971209229226
seed-2718__h-16__c-128__turning_matched,2718,16,128,0.1,turning_matched,"dt,dy,theta,delta_theta",capacity_control,vectorchain,test,second_order_response,52,0.019667639393331254,0.025344730950593836,0.9938876668549907
seed-2718__h-16__c-128__turning_matched,2718,16,128,0.1,turning_matched,"dt,dy,theta,delta_theta",capacity_control,vectorchain,test,regime_change,52,0.4160967390869414,0.47655083875252513,1.153266697141081
seed-2718__h-16__c-128__turning,2718,16,128,0.1,turning,"dt,dy,theta,r,delta_theta",primary,vectorchain,validation,sine,51,0.035173351645585944,0.05068305789430002,0.771659995907697
seed-2718__h-16__c-128__turning,2718,16,128,0.1,turning,"dt,dy,theta,r,delta_theta",primary,vectorchain,validation,chirp,51,0.2062067971301366,0.2418118580056657,1.3952108922329627
seed-2718__h-16__c-128__turning,2718,16,128,0.1,turning,"dt,dy,theta,r,delta_theta",primary,vectorchain,validation,ramp,51,0.013712125735173188,0.017090277674869554,1.00811469966575
seed-2718__h-16__c-128__turning,2718,16,128,0.1,turning,"dt,dy,theta,r,delta_theta",primary,vectorchain,validation,piecewise_linear,51,0.035167809105860835,0.05002799100827867,1.1858042319117117
seed-2718__h-16__c-128__turning,2718,16,128,0.1,turning,"dt,dy,theta,r,delta_theta",primary,vectorchain,validation,first_order_response,51,0.011296862846425547,0.01404466273427226,0.994225264908368
seed-2718__h-16__c-128__turning,2718,16,128,0.1,turning,"dt,dy,theta,r,delta_theta",primary,vectorchain,validation,second_order_response,51,0.03178506158952602,0.039686324467337684,1.1362285386349265
seed-2718__h-16__c-128__turning,2718,16,128,0.1,turning,"dt,dy,theta,r,delta_theta",primary,vectorchain,validation,regime_change,51,0.372159214135428,0.420595158094178,0.9684708685108337
seed-2718__h-16__c-128__turning,2718,16,128,0.1,turning,"dt,dy,theta,r,delta_theta",primary,vectorchain,test,sine,52,0.031571985737939685,0.03726022147363278,0.8686110363880818
seed-2718__h-16__c-128__turning,2718,16,128,0.1,turning,"dt,dy,theta,r,delta_theta",primary,vectorchain,test,chirp,52,0.3628293151244109,0.4164929694085092,1.0632699645683101
seed-2718__h-16__c-128__turning,2718,16,128,0.1,turning,"dt,dy,theta,r,delta_theta",primary,vectorchain,test,ramp,52,0.012976852108532926,0.016608582581097982,1.0061371751783545
seed-2718__h-16__c-128__turning,2718,16,128,0.1,turning,"dt,dy,theta,r,delta_theta",primary,vectorchain,test,piecewise_linear,52,0.01329362934996681,0.017079377067343648,1.058900522779594
seed-2718__h-16__c-128__turning,2718,16,128,0.1,turning,"dt,dy,theta,r,delta_theta",primary,vectorchain,test,first_order_response,52,0.011723917826555073,0.014823562871375888,1.0119917365782685
seed-2718__h-16__c-128__turning,2718,16,128,0.1,turning,"dt,dy,theta,r,delta_theta",primary,vectorchain,test,second_order_response,52,0.01966620170772916,0.025342942387684954,0.9938175287809272
seed-2718__h-16__c-128__turning,2718,16,128,0.1,turning,"dt,dy,theta,r,delta_theta",primary,vectorchain,test,regime_change,52,0.4159672802298642,0.47638707975806804,1.1528703956779276
seed-2718__h-16__c-128__full_relational,2718,16,128,0.1,full_relational,"dt,dy,theta,r,delta_theta,delta_r",secondary,vectorchain,validation,sine,51,0.03833205917254581,0.05615117503277068,0.8549132056389437
seed-2718__h-16__c-128__full_relational,2718,16,128,0.1,full_relational,"dt,dy,theta,r,delta_theta,delta_r",secondary,vectorchain,validation,chirp,51,0.21831843633801873,0.25904415853748197,1.4946381643217392
seed-2718__h-16__c-128__full_relational,2718,16,128,0.1,full_relational,"dt,dy,theta,r,delta_theta,delta_r",secondary,vectorchain,validation,ramp,51,0.013852532883675056,0.017179731513387333,1.0133913681474975
seed-2718__h-16__c-128__full_relational,2718,16,128,0.1,full_relational,"dt,dy,theta,r,delta_theta,delta_r",secondary,vectorchain,validation,piecewise_linear,51,0.03324578717287728,0.04656646755408727,1.1037563807365052
seed-2718__h-16__c-128__full_relational,2718,16,128,0.1,full_relational,"dt,dy,theta,r,delta_theta,delta_r",secondary,vectorchain,validation,first_order_response,51,0.011336047332162631,0.014032890123129221,0.993391878756361
seed-2718__h-16__c-128__full_relational,2718,16,128,0.1,full_relational,"dt,dy,theta,r,delta_theta,delta_r",secondary,vectorchain,validation,second_order_response,51,0.031065887122308233,0.039169978285396735,1.121445429450317
seed-2718__h-16__c-128__full_relational,2718,16,128,0.1,full_relational,"dt,dy,theta,r,delta_theta,delta_r",secondary,vectorchain,validation,regime_change,51,0.34442177596210866,0.4027465476779192,0.9273722992598887
seed-2718__h-16__c-128__full_relational,2718,16,128,0.1,full_relational,"dt,dy,theta,r,delta_theta,delta_r",secondary,vectorchain,test,sine,52,0.030741070404197025,0.035899616359417706,0.8368925824543173
seed-2718__h-16__c-128__full_relational,2718,16,128,0.1,full_relational,"dt,dy,theta,r,delta_theta,delta_r",secondary,vectorchain,test,chirp,52,0.35859968450967866,0.41013806305354455,1.0470464468833074
seed-2718__h-16__c-128__full_relational,2718,16,128,0.1,full_relational,"dt,dy,theta,r,delta_theta,delta_r",secondary,vectorchain,test,ramp,52,0.012836188364291937,0.01661170565047265,1.0063263686982211
seed-2718__h-16__c-128__full_relational,2718,16,128,0.1,full_relational,"dt,dy,theta,r,delta_theta,delta_r",secondary,vectorchain,test,piecewise_linear,52,0.01441990400068299,0.01894640074314909,1.1746537108822408
seed-2718__h-16__c-128__full_relational,2718,16,128,0.1,full_relational,"dt,dy,theta,r,delta_theta,delta_r",secondary,vectorchain,test,first_order_response,52,0.011843682621386077,0.014926013613076453,1.0189859595533326
seed-2718__h-16__c-128__full_relational,2718,16,128,0.1,full_relational,"dt,dy,theta,r,delta_theta,delta_r",secondary,vectorchain,test,second_order_response,52,0.018978039472449772,0.02450427858053398,0.9609295247145248
seed-2718__h-16__c-128__full_relational,2718,16,128,0.1,full_relational,"dt,dy,theta,r,delta_theta,delta_r",secondary,vectorchain,test,regime_change,52,0.40649608695075173,0.46796379112632364,1.1324857956112753
seed-31415__h-1__c-32__raw,31415,1,32,,,,baseline,raw,validation,sine,51,0.012016144995874995,0.013743141365380669,
seed-31415__h-1__c-32__raw,31415,1,32,,,,baseline,raw,validation,chirp,51,0.011374941488673013,0.014498765915592151,
seed-31415__h-1__c-32__raw,31415,1,32,,,,baseline,raw,validation,ramp,51,0.011450704365920177,0.014343961515371083,
seed-31415__h-1__c-32__raw,31415,1,32,,,,baseline,raw,validation,piecewise_linear,51,0.011979128189742139,0.0159316576652576,
seed-31415__h-1__c-32__raw,31415,1,32,,,,baseline,raw,validation,first_order_response,51,0.01349526986984345,0.01645367555303063,
seed-31415__h-1__c-32__raw,31415,1,32,,,,baseline,raw,validation,second_order_response,51,0.011734537674745195,0.014527763066262007,
seed-31415__h-1__c-32__raw,31415,1,32,,,,baseline,raw,validation,regime_change,51,0.018752494714712804,0.023170790540405575,
seed-31415__h-1__c-32__raw,31415,1,32,,,,baseline,raw,test,sine,51,0.011632673145635658,0.013737859741376226,
seed-31415__h-1__c-32__raw,31415,1,32,,,,baseline,raw,test,chirp,51,0.014474127921119908,0.017586902391154624,
seed-31415__h-1__c-32__raw,31415,1,32,,,,baseline,raw,test,ramp,51,0.009813623669394391,0.012096284135612381,
seed-31415__h-1__c-32__raw,31415,1,32,,,,baseline,raw,test,piecewise_linear,51,0.011319155969314841,0.013946992744983039,
seed-31415__h-1__c-32__raw,31415,1,32,,,,baseline,raw,test,first_order_response,51,0.010674003815085566,0.01400246397349945,
seed-31415__h-1__c-32__raw,31415,1,32,,,,baseline,raw,test,second_order_response,51,0.010945002227625527,0.012810599778696261,
seed-31415__h-1__c-32__raw,31415,1,32,,,,baseline,raw,test,regime_change,51,0.0173467834512846,0.021109720899796805,
seed-31415__h-1__c-32__first_difference,31415,1,32,,,,baseline,first_difference,validation,sine,51,0.01066226336019543,0.012857301291630931,
seed-31415__h-1__c-32__first_difference,31415,1,32,,,,baseline,first_difference,validation,chirp,51,0.01895881678809977,0.02186252209301567,
seed-31415__h-1__c-32__first_difference,31415,1,32,,,,baseline,first_difference,validation,ramp,51,0.009413279983222986,0.011343214367219728,
seed-31415__h-1__c-32__first_difference,31415,1,32,,,,baseline,first_difference,validation,piecewise_linear,51,0.011005785279502031,0.013579609031591573,
seed-31415__h-1__c-32__first_difference,31415,1,32,,,,baseline,first_difference,validation,first_order_response,51,0.010915743410846645,0.01305954129827571,
seed-31415__h-1__c-32__first_difference,31415,1,32,,,,baseline,first_difference,validation,second_order_response,51,0.010129742928298763,0.012974619398215126,
seed-31415__h-1__c-32__first_difference,31415,1,32,,,,baseline,first_difference,validation,regime_change,51,0.034881990554231364,0.03946434609496943,
seed-31415__h-1__c-32__first_difference,31415,1,32,,,,baseline,first_difference,test,sine,51,0.009758401690741514,0.012003633458876005,
seed-31415__h-1__c-32__first_difference,31415,1,32,,,,baseline,first_difference,test,chirp,51,0.024899312643446244,0.03013968811844276,
seed-31415__h-1__c-32__first_difference,31415,1,32,,,,baseline,first_difference,test,ramp,51,0.009085545096195783,0.010776556702328664,
seed-31415__h-1__c-32__first_difference,31415,1,32,,,,baseline,first_difference,test,piecewise_linear,51,0.008196580241700665,0.010651251171822257,
seed-31415__h-1__c-32__first_difference,31415,1,32,,,,baseline,first_difference,test,first_order_response,51,0.008959327684304024,0.011738500723680826,
seed-31415__h-1__c-32__first_difference,31415,1,32,,,,baseline,first_difference,test,second_order_response,51,0.009932647190390484,0.011816995534912436,
seed-31415__h-1__c-32__first_difference,31415,1,32,,,,baseline,first_difference,test,regime_change,51,0.034333516635552036,0.0391211378841091,
seed-31415__h-1__c-32__segment,31415,1,32,0.1,segment,"dt,dy",secondary,vectorchain,validation,sine,51,0.011832408151542828,0.013951247745332082,1.0001667848917046
seed-31415__h-1__c-32__segment,31415,1,32,0.1,segment,"dt,dy",secondary,vectorchain,validation,chirp,51,0.018927980113107302,0.023730960863309163,1.4134669891082294
seed-31415__h-1__c-32__segment,31415,1,32,0.1,segment,"dt,dy",secondary,vectorchain,validation,ramp,51,0.011223824352933008,0.014111339557176902,1.0001698803372927
seed-31415__h-1__c-32__segment,31415,1,32,0.1,segment,"dt,dy",secondary,vectorchain,validation,piecewise_linear,51,0.012282823717238132,0.016337842843895584,1.0012979920144947
seed-31415__h-1__c-32__segment,31415,1,32,0.1,segment,"dt,dy",secondary,vectorchain,validation,first_order_response,51,0.012970095283939897,0.01573150196664503,0.9998916893476554
seed-31415__h-1__c-32__segment,31415,1,32,0.1,segment,"dt,dy",secondary,vectorchain,validation,second_order_response,51,0.010867086850632776,0.01379135246436016,0.999421549197508
seed-31415__h-1__c-32__segment,31415,1,32,0.1,segment,"dt,dy",secondary,vectorchain,validation,regime_change,51,0.025998125783193077,0.03166267225237786,1.5110335253431804
seed-31415__h-1__c-32__segment,31415,1,32,0.1,segment,"dt,dy",secondary,vectorchain,test,sine,51,0.010692275727768617,0.013322791024978919,0.9916367808033115
seed-31415__h-1__c-32__segment,31415,1,32,0.1,segment,"dt,dy",secondary,vectorchain,test,chirp,51,0.018149737836217466,0.023425836572593783,1.3542553834504412
seed-31415__h-1__c-32__segment,31415,1,32,0.1,segment,"dt,dy",secondary,vectorchain,test,ramp,51,0.009830336182899678,0.01175136453087901,0.9999375443265274
seed-31415__h-1__c-32__segment,31415,1,32,0.1,segment,"dt,dy",secondary,vectorchain,test,piecewise_linear,51,0.010960557921186003,0.013540931084544378,1.0001633174789097
seed-31415__h-1__c-32__segment,31415,1,32,0.1,segment,"dt,dy",secondary,vectorchain,test,first_order_response,51,0.010766086343347013,0.013992152446410725,1.000490869004298
seed-31415__h-1__c-32__segment,31415,1,32,0.1,segment,"dt,dy",secondary,vectorchain,test,second_order_response,51,0.010784417698030362,0.012702580711227556,1.0005474342166623
seed-31415__h-1__c-32__segment,31415,1,32,0.1,segment,"dt,dy",secondary,vectorchain,test,regime_change,51,0.024924143820313053,0.029250168596389674,1.716584021082734
seed-31415__h-1__c-32__absolute_geometry,31415,1,32,0.1,absolute_geometry,"dt,dy,theta,r",reference,vectorchain,validation,sine,51,0.011823009440960002,0.013948921276007668,1.0
seed-31415__h-1__c-32__absolute_geometry,31415,1,32,0.1,absolute_geometry,"dt,dy,theta,r",reference,vectorchain,validation,chirp,51,0.01299578237885777,0.016789186479891735,1.0
seed-31415__h-1__c-32__absolute_geometry,31415,1,32,0.1,absolute_geometry,"dt,dy,theta,r",reference,vectorchain,validation,ramp,51,0.01122710378923496,0.014108942725227898,1.0
seed-31415__h-1__c-32__absolute_geometry,31415,1,32,0.1,absolute_geometry,"dt,dy,theta,r",reference,vectorchain,validation,piecewise_linear,51,0.012268255280871757,0.01631666394439257,1.0
seed-31415__h-1__c-32__absolute_geometry,31415,1,32,0.1,absolute_geometry,"dt,dy,theta,r",reference,vectorchain,validation,first_order_response,51,0.012971410195789502,0.015733206040454743,1.0
seed-31415__h-1__c-32__absolute_geometry,31415,1,32,0.1,absolute_geometry,"dt,dy,theta,r",reference,vectorchain,validation,second_order_response,51,0.01087481782693588,0.013799334700591573,1.0
seed-31415__h-1__c-32__absolute_geometry,31415,1,32,0.1,absolute_geometry,"dt,dy,theta,r",reference,vectorchain,validation,regime_change,51,0.01816221622899733,0.020954314858888885,1.0
seed-31415__h-1__c-32__absolute_geometry,31415,1,32,0.1,absolute_geometry,"dt,dy,theta,r",reference,vectorchain,test,sine,51,0.010787065360635076,0.013435152147327881,1.0
seed-31415__h-1__c-32__absolute_geometry,31415,1,32,0.1,absolute_geometry,"dt,dy,theta,r",reference,vectorchain,test,chirp,51,0.013627194881848666,0.017297946058673394,1.0
seed-31415__h-1__c-32__absolute_geometry,31415,1,32,0.1,absolute_geometry,"dt,dy,theta,r",reference,vectorchain,test,ramp,51,0.009825340393397879,0.011752098516106549,1.0
seed-31415__h-1__c-32__absolute_geometry,31415,1,32,0.1,absolute_geometry,"dt,dy,theta,r",reference,vectorchain,test,piecewise_linear,51,0.010959390537073264,0.013538719974930407,1.0
seed-31415__h-1__c-32__absolute_geometry,31415,1,32,0.1,absolute_geometry,"dt,dy,theta,r",reference,vectorchain,test,first_order_response,51,0.010759798136955082,0.01398528750225967,1.0
seed-31415__h-1__c-32__absolute_geometry,31415,1,32,0.1,absolute_geometry,"dt,dy,theta,r",reference,vectorchain,test,second_order_response,51,0.010779734490877444,0.012695630688586517,1.0
seed-31415__h-1__c-32__absolute_geometry,31415,1,32,0.1,absolute_geometry,"dt,dy,theta,r",reference,vectorchain,test,regime_change,51,0.013953730974608676,0.017039753508797172,1.0
seed-31415__h-1__c-32__turning_matched,31415,1,32,0.1,turning_matched,"dt,dy,theta,delta_theta",capacity_control,vectorchain,validation,sine,51,0.011789856908984991,0.013903813962641698,0.9967662507749933
seed-31415__h-1__c-32__turning_matched,31415,1,32,0.1,turning_matched,"dt,dy,theta,delta_theta",capacity_control,vectorchain,validation,chirp,51,0.013779806514053741,0.017980602291839988,1.0709632842172074
seed-31415__h-1__c-32__turning_matched,31415,1,32,0.1,turning_matched,"dt,dy,theta,delta_theta",capacity_control,vectorchain,validation,ramp,51,0.011217194630241949,0.014105386139502367,0.9997479197559452
seed-31415__h-1__c-32__turning_matched,31415,1,32,0.1,turning_matched,"dt,dy,theta,delta_theta",capacity_control,vectorchain,validation,piecewise_linear,51,0.012264140508701775,0.016314864973322088,0.9998897463919946
seed-31415__h-1__c-32__turning_matched,31415,1,32,0.1,turning_matched,"dt,dy,theta,delta_theta",capacity_control,vectorchain,validation,first_order_response,51,0.012960536211008549,0.015717702201704705,0.9990145785474256
seed-31415__h-1__c-32__turning_matched,31415,1,32,0.1,turning_matched,"dt,dy,theta,delta_theta",capacity_control,vectorchain,validation,second_order_response,51,0.010854876626463263,0.013786836214839613,0.9990942689612838
seed-31415__h-1__c-32__turning_matched,31415,1,32,0.1,turning_matched,"dt,dy,theta,delta_theta",capacity_control,vectorchain,validation,regime_change,51,0.017063779074140646,0.019723210201245924,0.9412481550490436
seed-31415__h-1__c-32__turning_matched,31415,1,32,0.1,turning_matched,"dt,dy,theta,delta_theta",capacity_control,vectorchain,test,sine,51,0.010793628603477018,0.013448959587624003,1.0010277100061622
seed-31415__h-1__c-32__turning_matched,31415,1,32,0.1,turning_matched,"dt,dy,theta,delta_theta",capacity_control,vectorchain,test,chirp,51,0.013772649286334215,0.018516728849915988,1.0704582374756269
seed-31415__h-1__c-32__turning_matched,31415,1,32,0.1,turning_matched,"dt,dy,theta,delta_theta",capacity_control,vectorchain,test,ramp,51,0.009828178644413254,0.011747848740233663,0.9996383815310038
seed-31415__h-1__c-32__turning_matched,31415,1,32,0.1,turning_matched,"dt,dy,theta,delta_theta",capacity_control,vectorchain,test,piecewise_linear,51,0.010965330085326377,0.013544516047703339,1.0004281108394046
seed-31415__h-1__c-32__turning_matched,31415,1,32,0.1,turning_matched,"dt,dy,theta,delta_theta",capacity_control,vectorchain,test,first_order_response,51,0.010764778355270815,0.013991406326328185,1.0004375186471872
seed-31415__h-1__c-32__turning_matched,31415,1,32,0.1,turning_matched,"dt,dy,theta,delta_theta",capacity_control,vectorchain,test,second_order_response,51,0.01077579758132602,0.01269405696347349,0.9998760419902226
seed-31415__h-1__c-32__turning_matched,31415,1,32,0.1,turning_matched,"dt,dy,theta,delta_theta",capacity_control,vectorchain,test,regime_change,51,0.013015047030013051,0.01620641733729844,0.9510945876612298
seed-31415__h-1__c-32__turning,31415,1,32,0.1,turning,"dt,dy,theta,r,delta_theta",primary,vectorchain,validation,sine,51,0.011817177503233021,0.013944134968428798,0.9996568689804636
seed-31415__h-1__c-32__turning,31415,1,32,0.1,turning,"dt,dy,theta,r,delta_theta",primary,vectorchain,validation,chirp,51,0.013812508773475049,0.018004836153679465,1.0724067050683905
seed-31415__h-1__c-32__turning,31415,1,32,0.1,turning,"dt,dy,theta,r,delta_theta",primary,vectorchain,validation,ramp,51,0.011229112650036214,0.01410839769010516,0.999961369527586
seed-31415__h-1__c-32__turning,31415,1,32,0.1,turning,"dt,dy,theta,r,delta_theta",primary,vectorchain,validation,piecewise_linear,51,0.012262738643733036,0.016308140845218703,0.9994776444987215
seed-31415__h-1__c-32__turning,31415,1,32,0.1,turning,"dt,dy,theta,r,delta_theta",primary,vectorchain,validation,first_order_response,51,0.012972872334162515,0.015735252408007848,1.0001300667866322
seed-31415__h-1__c-32__turning,31415,1,32,0.1,turning,"dt,dy,theta,r,delta_theta",primary,vectorchain,validation,second_order_response,51,0.010879661246952336,0.013803481403831346,1.0003005002291594
seed-31415__h-1__c-32__turning,31415,1,32,0.1,turning,"dt,dy,theta,r,delta_theta",primary,vectorchain,validation,regime_change,51,0.017088712423262375,0.019773853995892914,0.9436650221710677
seed-31415__h-1__c-32__turning,31415,1,32,0.1,turning,"dt,dy,theta,r,delta_theta",primary,vectorchain,test,sine,51,0.010813206091552325,0.013463568766865379,1.002115094732526
seed-31415__h-1__c-32__turning,31415,1,32,0.1,turning,"dt,dy,theta,r,delta_theta",primary,vectorchain,test,chirp,51,0.013828819770544473,0.018589098976482456,1.0746419785001966
seed-31415__h-1__c-32__turning,31415,1,32,0.1,turning,"dt,dy,theta,r,delta_theta",primary,vectorchain,test,ramp,51,0.009823293605415135,0.011752745040931621,1.000055013564104
seed-31415__h-1__c-32__turning,31415,1,32,0.1,turning,"dt,dy,theta,r,delta_theta",primary,vectorchain,test,piecewise_linear,51,0.010958461336733566,0.013537509753171641,0.9999106103264558
seed-31415__h-1__c-32__turning,31415,1,32,0.1,turning,"dt,dy,theta,r,delta_theta",primary,vectorchain,test,first_order_response,51,0.010757157356166717,0.013982365604960587,0.9997910734907229
seed-31415__h-1__c-32__turning,31415,1,32,0.1,turning,"dt,dy,theta,r,delta_theta",primary,vectorchain,test,second_order_response,51,0.010778537535565569,0.012693449557868221,0.999828198317059
seed-31415__h-1__c-32__turning,31415,1,32,0.1,turning,"dt,dy,theta,r,delta_theta",primary,vectorchain,test,regime_change,51,0.012976152297319292,0.016137001019139393,0.9470208011405967
seed-31415__h-1__c-32__full_relational,31415,1,32,0.1,full_relational,"dt,dy,theta,r,delta_theta,delta_r",secondary,vectorchain,validation,sine,51,0.011818734588115724,0.013946052332197836,0.9997943250411222
seed-31415__h-1__c-32__full_relational,31415,1,32,0.1,full_relational,"dt,dy,theta,r,delta_theta,delta_r",secondary,vectorchain,validation,chirp,51,0.014723650969209169,0.019448840120039394,1.1584146821725463
seed-31415__h-1__c-32__full_relational,31415,1,32,0.1,full_relational,"dt,dy,theta,r,delta_theta,delta_r",secondary,vectorchain,validation,ramp,51,0.011229370797902538,0.014108580771210093,0.9999743457731133
seed-31415__h-1__c-32__full_relational,31415,1,32,0.1,full_relational,"dt,dy,theta,r,delta_theta,delta_r",secondary,vectorchain,validation,piecewise_linear,51,0.012263265468922563,0.016308772081067333,0.9995163310740398
seed-31415__h-1__c-32__full_relational,31415,1,32,0.1,full_relational,"dt,dy,theta,r,delta_theta,delta_r",secondary,vectorchain,validation,first_order_response,51,0.012973207953416103,0.015735737939477072,1.0001609270873222
seed-31415__h-1__c-32__full_relational,31415,1,32,0.1,full_relational,"dt,dy,theta,r,delta_theta,delta_r",secondary,vectorchain,validation,second_order_response,51,0.010880132633847123,0.013803704550075185,1.0003166710264246
seed-31415__h-1__c-32__full_relational,31415,1,32,0.1,full_relational,"dt,dy,theta,r,delta_theta,delta_r",secondary,vectorchain,validation,regime_change,51,0.017295220308847774,0.020507689471738023,0.978685755647057
seed-31415__h-1__c-32__full_relational,31415,1,32,0.1,full_relational,"dt,dy,theta,r,delta_theta,delta_r",secondary,vectorchain,test,sine,51,0.010811064964546327,0.01346102351232161,1.0019256473399056
seed-31415__h-1__c-32__full_relational,31415,1,32,0.1,full_relational,"dt,dy,theta,r,delta_theta,delta_r",secondary,vectorchain,test,chirp,51,0.014209333642859461,0.020184302695623102,1.16686123468991
seed-31415__h-1__c-32__full_relational,31415,1,32,0.1,full_relational,"dt,dy,theta,r,delta_theta,delta_r",secondary,vectorchain,test,ramp,51,0.009823320228860153,0.011752874930530942,1.0000660660241514
seed-31415__h-1__c-32__full_relational,31415,1,32,0.1,full_relational,"dt,dy,theta,r,delta_theta,delta_r",secondary,vectorchain,test,piecewise_linear,51,0.010958287324613418,0.013537369223349718,0.9999002304809325
seed-31415__h-1__c-32__full_relational,31415,1,32,0.1,full_relational,"dt,dy,theta,r,delta_theta,delta_r",secondary,vectorchain,test,first_order_response,51,0.010757140060027884,0.01398232712944991,0.9997883223488053
seed-31415__h-1__c-32__full_relational,31415,1,32,0.1,full_relational,"dt,dy,theta,r,delta_theta,delta_r",secondary,vectorchain,test,second_order_response,51,0.010778779543366205,0.012693670833769113,0.9998456276127214
seed-31415__h-1__c-32__full_relational,31415,1,32,0.1,full_relational,"dt,dy,theta,r,delta_theta,delta_r",secondary,vectorchain,test,regime_change,51,0.012830032071786448,0.016510671057413693,0.9689501112143243
seed-31415__h-4__c-32__raw,31415,4,32,,,,baseline,raw,validation,sine,51,0.013033701377797137,0.015460339093589083,
seed-31415__h-4__c-32__raw,31415,4,32,,,,baseline,raw,validation,chirp,51,0.03393031396839633,0.03823671366946969,
seed-31415__h-4__c-32__raw,31415,4,32,,,,baseline,raw,validation,ramp,51,0.015423843805115214,0.018522440438984943,
seed-31415__h-4__c-32__raw,31415,4,32,,,,baseline,raw,validation,piecewise_linear,51,0.012288340898516359,0.014970019637681044,
seed-31415__h-4__c-32__raw,31415,4,32,,,,baseline,raw,validation,first_order_response,51,0.015514771571766475,0.01825995452609877,
seed-31415__h-4__c-32__raw,31415,4,32,,,,baseline,raw,validation,second_order_response,51,0.012521088425920595,0.015165768964569675,
seed-31415__h-4__c-32__raw,31415,4,32,,,,baseline,raw,validation,regime_change,51,0.06720547709273514,0.07596614375715156,
seed-31415__h-4__c-32__raw,31415,4,32,,,,baseline,raw,test,sine,52,0.012547113450562778,0.01658588368094642,
seed-31415__h-4__c-32__raw,31415,4,32,,,,baseline,raw,test,chirp,52,0.053420439600155224,0.060625113908078364,
seed-31415__h-4__c-32__raw,31415,4,32,,,,baseline,raw,test,ramp,52,0.009941129116953929,0.01286310837579478,
seed-31415__h-4__c-32__raw,31415,4,32,,,,baseline,raw,test,piecewise_linear,52,0.013845600407186333,0.017509414158554636,
seed-31415__h-4__c-32__raw,31415,4,32,,,,baseline,raw,test,first_order_response,52,0.016358353546008043,0.01997824994255868,
seed-31415__h-4__c-32__raw,31415,4,32,,,,baseline,raw,test,second_order_response,52,0.01578251899101014,0.019263045145726194,
seed-31415__h-4__c-32__raw,31415,4,32,,,,baseline,raw,test,regime_change,52,0.0682570557837402,0.0755420217147693,
seed-31415__h-4__c-32__first_difference,31415,4,32,,,,baseline,first_difference,validation,sine,51,0.01898101704161415,0.022997940215619694,
seed-31415__h-4__c-32__first_difference,31415,4,32,,,,baseline,first_difference,validation,chirp,51,0.057586843966926544,0.06488644089610046,
seed-31415__h-4__c-32__first_difference,31415,4,32,,,,baseline,first_difference,validation,ramp,51,0.013276237089050425,0.01624184208678543,
seed-31415__h-4__c-32__first_difference,31415,4,32,,,,baseline,first_difference,validation,piecewise_linear,51,0.011686635557567653,0.014298452450390905,
seed-31415__h-4__c-32__first_difference,31415,4,32,,,,baseline,first_difference,validation,first_order_response,51,0.01299535107154548,0.01555121809147639,
seed-31415__h-4__c-32__first_difference,31415,4,32,,,,baseline,first_difference,validation,second_order_response,51,0.010352731985626569,0.012119037752745166,
seed-31415__h-4__c-32__first_difference,31415,4,32,,,,baseline,first_difference,validation,regime_change,51,0.1052470171093903,0.11640843220825006,
seed-31415__h-4__c-32__first_difference,31415,4,32,,,,baseline,first_difference,test,sine,52,0.01761052461363924,0.022611762854490288,
seed-31415__h-4__c-32__first_difference,31415,4,32,,,,baseline,first_difference,test,chirp,52,0.08431525926193059,0.09486615311174545,
seed-31415__h-4__c-32__first_difference,31415,4,32,,,,baseline,first_difference,test,ramp,52,0.008063052979748722,0.010211738114436446,
seed-31415__h-4__c-32__first_difference,31415,4,32,,,,baseline,first_difference,test,piecewise_linear,52,0.012370761514904006,0.015536743999451014,
seed-31415__h-4__c-32__first_difference,31415,4,32,,,,baseline,first_difference,test,first_order_response,52,0.013234456373918544,0.016268784584834314,
seed-31415__h-4__c-32__first_difference,31415,4,32,,,,baseline,first_difference,test,second_order_response,52,0.01355241365610981,0.016307883787601625,
seed-31415__h-4__c-32__first_difference,31415,4,32,,,,baseline,first_difference,test,regime_change,52,0.10424346970094879,0.11503106825157526,
seed-31415__h-4__c-32__segment,31415,4,32,0.1,segment,"dt,dy",secondary,vectorchain,validation,sine,51,0.01829114027476772,0.022431559799940114,0.9982843613350155
seed-31415__h-4__c-32__segment,31415,4,32,0.1,segment,"dt,dy",secondary,vectorchain,validation,chirp,51,0.06418132578533467,0.07974027902540883,1.9354857895278723
seed-31415__h-4__c-32__segment,31415,4,32,0.1,segment,"dt,dy",secondary,vectorchain,validation,ramp,51,0.01453602361034271,0.017607581957998587,1.0001144688994759
seed-31415__h-4__c-32__segment,31415,4,32,0.1,segment,"dt,dy",secondary,vectorchain,validation,piecewise_linear,51,0.012606428269940986,0.015111891558421119,1.003279939578626
seed-31415__h-4__c-32__segment,31415,4,32,0.1,segment,"dt,dy",secondary,vectorchain,validation,first_order_response,51,0.014381186205988078,0.016621974333542615,1.000760936055985
seed-31415__h-4__c-32__segment,31415,4,32,0.1,segment,"dt,dy",secondary,vectorchain,validation,second_order_response,51,0.011017074474500812,0.012849915993369564,0.9987930495610923
seed-31415__h-4__c-32__segment,31415,4,32,0.1,segment,"dt,dy",secondary,vectorchain,validation,regime_change,51,0.09888503286279218,0.1241001179813386,2.3390803134323632
seed-31415__h-4__c-32__segment,31415,4,32,0.1,segment,"dt,dy",secondary,vectorchain,test,sine,52,0.016714055717270776,0.021820575951190226,0.9976703749649236
seed-31415__h-4__c-32__segment,31415,4,32,0.1,segment,"dt,dy",secondary,vectorchain,test,chirp,52,0.06757620299911624,0.0900032297709346,1.8345075345293942
seed-31415__h-4__c-32__segment,31415,4,32,0.1,segment,"dt,dy",secondary,vectorchain,test,ramp,52,0.008465575157425397,0.010993104635224753,0.999649963392526
seed-31415__h-4__c-32__segment,31415,4,32,0.1,segment,"dt,dy",secondary,vectorchain,test,piecewise_linear,52,0.013212128910078972,0.016427872700017436,1.0011227693583655
seed-31415__h-4__c-32__segment,31415,4,32,0.1,segment,"dt,dy",secondary,vectorchain,test,first_order_response,52,0.014665503300782643,0.017934546611868364,1.000455719140973
seed-31415__h-4__c-32__segment,31415,4,32,0.1,segment,"dt,dy",secondary,vectorchain,test,second_order_response,52,0.014548162722249292,0.017578574492232452,1.0012685954160498
seed-31415__h-4__c-32__segment,31415,4,32,0.1,segment,"dt,dy",secondary,vectorchain,test,regime_change,52,0.09467987530087899,0.11798753839421403,2.5428913218014126
seed-31415__h-4__c-32__absolute_geometry,31415,4,32,0.1,absolute_geometry,"dt,dy,theta,r",reference,vectorchain,validation,sine,51,0.018339313338339908,0.022470110390131894,1.0
seed-31415__h-4__c-32__absolute_geometry,31415,4,32,0.1,absolute_geometry,"dt,dy,theta,r",reference,vectorchain,validation,chirp,51,0.032881562740067635,0.04119910332426675,1.0
seed-31415__h-4__c-32__absolute_geometry,31415,4,32,0.1,absolute_geometry,"dt,dy,theta,r",reference,vectorchain,validation,ramp,51,0.014538315961508544,0.017605566668157435,1.0
seed-31415__h-4__c-32__absolute_geometry,31415,4,32,0.1,absolute_geometry,"dt,dy,theta,r",reference,vectorchain,validation,piecewise_linear,51,0.012569637387318621,0.015062487509486194,1.0
seed-31415__h-4__c-32__absolute_geometry,31415,4,32,0.1,absolute_geometry,"dt,dy,theta,r",reference,vectorchain,validation,first_order_response,51,0.014378832006801852,0.01660933569114926,1.0
seed-31415__h-4__c-32__absolute_geometry,31415,4,32,0.1,absolute_geometry,"dt,dy,theta,r",reference,vectorchain,validation,second_order_response,51,0.011025808240092728,0.01286544394658764,1.0
seed-31415__h-4__c-32__absolute_geometry,31415,4,32,0.1,absolute_geometry,"dt,dy,theta,r",reference,vectorchain,validation,regime_change,51,0.04458432254961118,0.05305509061347033,1.0
seed-31415__h-4__c-32__absolute_geometry,31415,4,32,0.1,absolute_geometry,"dt,dy,theta,r",reference,vectorchain,test,sine,52,0.016757122710978574,0.02187152841133265,1.0
seed-31415__h-4__c-32__absolute_geometry,31415,4,32,0.1,absolute_geometry,"dt,dy,theta,r",reference,vectorchain,test,chirp,52,0.03726236565964709,0.049061248360597824,1.0
seed-31415__h-4__c-32__absolute_geometry,31415,4,32,0.1,absolute_geometry,"dt,dy,theta,r",reference,vectorchain,test,ramp,52,0.008446268244382753,0.01099695397168555,1.0
seed-31415__h-4__c-32__absolute_geometry,31415,4,32,0.1,absolute_geometry,"dt,dy,theta,r",reference,vectorchain,test,piecewise_linear,52,0.013200152070911908,0.016409448673858757,1.0
seed-31415__h-4__c-32__absolute_geometry,31415,4,32,0.1,absolute_geometry,"dt,dy,theta,r",reference,vectorchain,test,first_order_response,52,0.014658262859954741,0.017926377218641525,1.0
seed-31415__h-4__c-32__absolute_geometry,31415,4,32,0.1,absolute_geometry,"dt,dy,theta,r",reference,vectorchain,test,second_order_response,52,0.01451995416657986,0.01755630264717147,1.0
seed-31415__h-4__c-32__absolute_geometry,31415,4,32,0.1,absolute_geometry,"dt,dy,theta,r",reference,vectorchain,test,regime_change,52,0.038263573096267836,0.046398970094652076,1.0
seed-31415__h-4__c-32__turning_matched,31415,4,32,0.1,turning_matched,"dt,dy,theta,delta_theta",capacity_control,vectorchain,validation,sine,51,0.018305766004345816,0.02249086263169048,1.0009235487141932
seed-31415__h-4__c-32__turning_matched,31415,4,32,0.1,turning_matched,"dt,dy,theta,delta_theta",capacity_control,vectorchain,validation,chirp,51,0.03174324052290661,0.04042023559810515,0.9810950320925348
seed-31415__h-4__c-32__turning_matched,31415,4,32,0.1,turning_matched,"dt,dy,theta,delta_theta",capacity_control,vectorchain,validation,ramp,51,0.014516328018113386,0.017584051643687683,0.9987779419501068
seed-31415__h-4__c-32__turning_matched,31415,4,32,0.1,turning_matched,"dt,dy,theta,delta_theta",capacity_control,vectorchain,validation,piecewise_linear,51,0.01259800606113267,0.015093176093152524,1.0020374180325131
seed-31415__h-4__c-32__turning_matched,31415,4,32,0.1,turning_matched,"dt,dy,theta,delta_theta",capacity_control,vectorchain,validation,first_order_response,51,0.01435680626498823,0.016601655207150037,0.9995375803017026
seed-31415__h-4__c-32__turning_matched,31415,4,32,0.1,turning_matched,"dt,dy,theta,delta_theta",capacity_control,vectorchain,validation,second_order_response,51,0.01102154832576854,0.012820884393342268,0.9965364931493723
seed-31415__h-4__c-32__turning_matched,31415,4,32,0.1,turning_matched,"dt,dy,theta,delta_theta",capacity_control,vectorchain,validation,regime_change,51,0.043027986544083505,0.05197308001663276,0.9796059042718352
seed-31415__h-4__c-32__turning_matched,31415,4,32,0.1,turning_matched,"dt,dy,theta,delta_theta",capacity_control,vectorchain,test,sine,52,0.016807326706684243,0.0219013997922601,1.0013657655910309
seed-31415__h-4__c-32__turning_matched,31415,4,32,0.1,turning_matched,"dt,dy,theta,delta_theta",capacity_control,vectorchain,test,chirp,52,0.03574921474939815,0.04762029730004456,0.970629547581783
seed-31415__h-4__c-32__turning_matched,31415,4,32,0.1,turning_matched,"dt,dy,theta,delta_theta",capacity_control,vectorchain,test,ramp,52,0.00846762601090169,0.010977889933610723,0.9982664255825829
seed-31415__h-4__c-32__turning_matched,31415,4,32,0.1,turning_matched,"dt,dy,theta,delta_theta",capacity_control,vectorchain,test,piecewise_linear,52,0.013195571279599382,0.016423163025355316,1.0008357594316015
seed-31415__h-4__c-32__turning_matched,31415,4,32,0.1,turning_matched,"dt,dy,theta,delta_theta",capacity_control,vectorchain,test,first_order_response,52,0.014640865283486423,0.017912352815550453,0.9992176666305734
seed-31415__h-4__c-32__turning_matched,31415,4,32,0.1,turning_matched,"dt,dy,theta,delta_theta",capacity_control,vectorchain,test,second_order_response,52,0.014536963477311078,0.017558334154510077,1.0001157138481511
seed-31415__h-4__c-32__turning_matched,31415,4,32,0.1,turning_matched,"dt,dy,theta,delta_theta",capacity_control,vectorchain,test,regime_change,52,0.03648865326058588,0.04534435815574691,0.9772707899172374
seed-31415__h-4__c-32__turning,31415,4,32,0.1,turning,"dt,dy,theta,r,delta_theta",primary,vectorchain,validation,sine,51,0.018339258881294108,0.02246971570618035,0.9999824351574296
seed-31415__h-4__c-32__turning,31415,4,32,0.1,turning,"dt,dy,theta,r,delta_theta",primary,vectorchain,validation,chirp,51,0.03128490052223561,0.040106120924983474,0.9734707236057853
seed-31415__h-4__c-32__turning,31415,4,32,0.1,turning,"dt,dy,theta,r,delta_theta",primary,vectorchain,validation,ramp,51,0.014538650257473548,0.017605904032631032,1.0000191623751713
seed-31415__h-4__c-32__turning,31415,4,32,0.1,turning,"dt,dy,theta,r,delta_theta",primary,vectorchain,validation,piecewise_linear,51,0.012568933944124455,0.015061678880594632,0.9999463150498181
seed-31415__h-4__c-32__turning,31415,4,32,0.1,turning,"dt,dy,theta,r,delta_theta",primary,vectorchain,validation,first_order_response,51,0.014379164577678653,0.016609444399241755,1.000006544999422
seed-31415__h-4__c-32__turning,31415,4,32,0.1,turning,"dt,dy,theta,r,delta_theta",primary,vectorchain,validation,second_order_response,51,0.011025897824711042,0.012866265260874248,1.0000638387831788
seed-31415__h-4__c-32__turning,31415,4,32,0.1,turning,"dt,dy,theta,r,delta_theta",primary,vectorchain,validation,regime_change,51,0.04251127596952751,0.051394888993240934,0.9687079674912876
seed-31415__h-4__c-32__turning,31415,4,32,0.1,turning,"dt,dy,theta,r,delta_theta",primary,vectorchain,test,sine,52,0.016757578587482513,0.021872215332031205,1.0000314070734169
seed-31415__h-4__c-32__turning,31415,4,32,0.1,turning,"dt,dy,theta,r,delta_theta",primary,vectorchain,test,chirp,52,0.035814993177545225,0.0475742207202647,0.9696903831430554
seed-31415__h-4__c-32__turning,31415,4,32,0.1,turning,"dt,dy,theta,r,delta_theta",primary,vectorchain,test,ramp,52,0.00844611630453011,0.01099730550481522,1.0000319664091142
seed-31415__h-4__c-32__turning,31415,4,32,0.1,turning,"dt,dy,theta,r,delta_theta",primary,vectorchain,test,piecewise_linear,52,0.013200349593298391,0.016409257266923175,0.9999883355657228
seed-31415__h-4__c-32__turning,31415,4,32,0.1,turning,"dt,dy,theta,r,delta_theta",primary,vectorchain,test,first_order_response,52,0.014658502408717071,0.01792659822055419,1.0000123283087246
seed-31415__h-4__c-32__turning,31415,4,32,0.1,turning,"dt,dy,theta,r,delta_theta",primary,vectorchain,test,second_order_response,52,0.014519622723579241,0.017556240696710836,0.9999964713264587
seed-31415__h-4__c-32__turning,31415,4,32,0.1,turning,"dt,dy,theta,r,delta_theta",primary,vectorchain,test,regime_change,52,0.03586487037595337,0.04442386810168576,0.9574322018584209
seed-31415__h-4__c-32__full_relational,31415,4,32,0.1,full_relational,"dt,dy,theta,r,delta_theta,delta_r",secondary,vectorchain,validation,sine,51,0.018339342586412195,0.02246966189674606,0.9999800404458169
seed-31415__h-4__c-32__full_relational,31415,4,32,0.1,full_relational,"dt,dy,theta,r,delta_theta,delta_r",secondary,vectorchain,validation,chirp,51,0.03146843721658249,0.0402392680605965,0.9767025205350793
seed-31415__h-4__c-32__full_relational,31415,4,32,0.1,full_relational,"dt,dy,theta,r,delta_theta,delta_r",secondary,vectorchain,validation,ramp,51,0.014538713539527324,0.01760597552302033,1.0000232230447677
seed-31415__h-4__c-32__full_relational,31415,4,32,0.1,full_relational,"dt,dy,theta,r,delta_theta,delta_r",secondary,vectorchain,validation,piecewise_linear,51,0.012568893836589948,0.015061649737470179,0.999944380234972
seed-31415__h-4__c-32__full_relational,31415,4,32,0.1,full_relational,"dt,dy,theta,r,delta_theta,delta_r",secondary,vectorchain,validation,first_order_response,51,0.014379232470277392,0.016609487555979994,1.0000091433416458
seed-31415__h-4__c-32__full_relational,31415,4,32,0.1,full_relational,"dt,dy,theta,r,delta_theta,delta_r",secondary,vectorchain,validation,second_order_response,51,0.01102590132223007,0.01286638725137985,1.000073320811635
seed-31415__h-4__c-32__full_relational,31415,4,32,0.1,full_relational,"dt,dy,theta,r,delta_theta,delta_r",secondary,vectorchain,validation,regime_change,51,0.0421625644591632,0.050944148469561995,0.960212260133764
seed-31415__h-4__c-32__full_relational,31415,4,32,0.1,full_relational,"dt,dy,theta,r,delta_theta,delta_r",secondary,vectorchain,test,sine,52,0.016757319363673064,0.02187204402913125,1.00002357484072
seed-31415__h-4__c-32__full_relational,31415,4,32,0.1,full_relational,"dt,dy,theta,r,delta_theta,delta_r",secondary,vectorchain,test,chirp,52,0.036132955855033316,0.04789900632248197,0.9763103859572951
seed-31415__h-4__c-32__full_relational,31415,4,32,0.1,full_relational,"dt,dy,theta,r,delta_theta,delta_r",secondary,vectorchain,test,ramp,52,0.008446113271795785,0.010997365760660792,1.0000374457305452
seed-31415__h-4__c-32__full_relational,31415,4,32,0.1,full_relational,"dt,dy,theta,r,delta_theta,delta_r",secondary,vectorchain,test,piecewise_linear,52,0.0132003972008423,0.01640924373477706,0.9999875109099781
seed-31415__h-4__c-32__full_relational,31415,4,32,0.1,full_relational,"dt,dy,theta,r,delta_theta,delta_r",secondary,vectorchain,test,first_order_response,52,0.014658561993688144,0.017926654672310093,1.0000154773976462
seed-31415__h-4__c-32__full_relational,31415,4,32,0.1,full_relational,"dt,dy,theta,r,delta_theta,delta_r",secondary,vectorchain,test,second_order_response,52,0.01451961011625714,0.017556264747942422,0.9999978412750219
seed-31415__h-4__c-32__full_relational,31415,4,32,0.1,full_relational,"dt,dy,theta,r,delta_theta,delta_r",secondary,vectorchain,test,regime_change,52,0.03564954750891318,0.04405083607750777,0.9493925401284941
seed-31415__h-16__c-32__raw,31415,16,32,,,,baseline,raw,validation,sine,51,0.033909181859625256,0.04116816041939014,
seed-31415__h-16__c-32__raw,31415,16,32,,,,baseline,raw,validation,chirp,51,0.19044187315645134,0.21000456272348056,
seed-31415__h-16__c-32__raw,31415,16,32,,,,baseline,raw,validation,ramp,51,0.021001535710415197,0.026071218129518597,
seed-31415__h-16__c-32__raw,31415,16,32,,,,baseline,raw,validation,piecewise_linear,51,0.027980273981065826,0.033703620169996514,
seed-31415__h-16__c-32__raw,31415,16,32,,,,baseline,raw,validation,first_order_response,51,0.03432525699558763,0.03954873941756177,
seed-31415__h-16__c-32__raw,31415,16,32,,,,baseline,raw,validation,second_order_response,51,0.03912199386790842,0.0436205610391336,
seed-31415__h-16__c-32__raw,31415,16,32,,,,baseline,raw,validation,regime_change,51,0.37278839767522154,0.41632744715702164,
seed-31415__h-16__c-32__raw,31415,16,32,,,,baseline,raw,test,sine,52,0.02661026134577429,0.03447559228551544,
seed-31415__h-16__c-32__raw,31415,16,32,,,,baseline,raw,test,chirp,52,0.28218315457725174,0.3193971820899749,
seed-31415__h-16__c-32__raw,31415,16,32,,,,baseline,raw,test,ramp,52,0.02849181679750462,0.03311372079992771,
seed-31415__h-16__c-32__raw,31415,16,32,,,,baseline,raw,test,piecewise_linear,52,0.021959436784919743,0.02654899069211236,
seed-31415__h-16__c-32__raw,31415,16,32,,,,baseline,raw,test,first_order_response,52,0.03464079699425474,0.04138683981168219,
seed-31415__h-16__c-32__raw,31415,16,32,,,,baseline,raw,test,second_order_response,52,0.03640814409234987,0.04125010892481865,
seed-31415__h-16__c-32__raw,31415,16,32,,,,baseline,raw,test,regime_change,52,0.3876881472006132,0.42744925273434825,
seed-31415__h-16__c-32__first_difference,31415,16,32,,,,baseline,first_difference,validation,sine,51,0.085089268172664,0.09645803302125097,
seed-31415__h-16__c-32__first_difference,31415,16,32,,,,baseline,first_difference,validation,chirp,51,0.28354132524163805,0.31459684542091776,
seed-31415__h-16__c-32__first_difference,31415,16,32,,,,baseline,first_difference,validation,ramp,51,0.021918148331169174,0.026375052438255,
seed-31415__h-16__c-32__first_difference,31415,16,32,,,,baseline,first_difference,validation,piecewise_linear,51,0.03210552168712343,0.03947134620437929,
seed-31415__h-16__c-32__first_difference,31415,16,32,,,,baseline,first_difference,validation,first_order_response,51,0.022581405532892045,0.027554383800465976,
seed-31415__h-16__c-32__first_difference,31415,16,32,,,,baseline,first_difference,validation,second_order_response,51,0.02447384636208201,0.02965090061031347,
seed-31415__h-16__c-32__first_difference,31415,16,32,,,,baseline,first_difference,validation,regime_change,51,0.485203196322448,0.5356849525392233,
seed-31415__h-16__c-32__first_difference,31415,16,32,,,,baseline,first_difference,test,sine,52,0.08290069755318608,0.09498044022911582,
seed-31415__h-16__c-32__first_difference,31415,16,32,,,,baseline,first_difference,test,chirp,52,0.38608714913025366,0.43430895538717745,
seed-31415__h-16__c-32__first_difference,31415,16,32,,,,baseline,first_difference,test,ramp,52,0.017427686622110288,0.021713594308183943,
seed-31415__h-16__c-32__first_difference,31415,16,32,,,,baseline,first_difference,test,piecewise_linear,52,0.021194878685991774,0.02493482800423216,
seed-31415__h-16__c-32__first_difference,31415,16,32,,,,baseline,first_difference,test,first_order_response,52,0.025027252392580527,0.030690248681505508,
seed-31415__h-16__c-32__first_difference,31415,16,32,,,,baseline,first_difference,test,second_order_response,52,0.02250243415968543,0.02674655127455272,
seed-31415__h-16__c-32__first_difference,31415,16,32,,,,baseline,first_difference,test,regime_change,52,0.48720976686706663,0.5389371381811635,
seed-31415__h-16__c-32__segment,31415,16,32,0.1,segment,"dt,dy",secondary,vectorchain,validation,sine,51,0.08681165444993075,0.09635100158793392,0.999315350392672
seed-31415__h-16__c-32__segment,31415,16,32,0.1,segment,"dt,dy",secondary,vectorchain,validation,chirp,51,0.31228583649666675,0.3813612383771899,1.6343296737738866
seed-31415__h-16__c-32__segment,31415,16,32,0.1,segment,"dt,dy",secondary,vectorchain,validation,ramp,51,0.015670243442132685,0.019694130205741955,0.9774134089243854
seed-31415__h-16__c-32__segment,31415,16,32,0.1,segment,"dt,dy",secondary,vectorchain,validation,piecewise_linear,51,0.027540106127920027,0.038615812711671395,1.0138225756873331
seed-31415__h-16__c-32__segment,31415,16,32,0.1,segment,"dt,dy",secondary,vectorchain,validation,first_order_response,51,0.015933867217322165,0.019551522890667646,0.9894823700334993
seed-31415__h-16__c-32__segment,31415,16,32,0.1,segment,"dt,dy",secondary,vectorchain,validation,second_order_response,51,0.017356019464291723,0.021280502617788234,0.9530770504738352
seed-31415__h-16__c-32__segment,31415,16,32,0.1,segment,"dt,dy",secondary,vectorchain,validation,regime_change,51,0.5591694746276265,0.6918899253926447,2.4457814146194803
seed-31415__h-16__c-32__segment,31415,16,32,0.1,segment,"dt,dy",secondary,vectorchain,test,sine,52,0.08054427516941423,0.09000520124479608,0.9964409851920412
seed-31415__h-16__c-32__segment,31415,16,32,0.1,segment,"dt,dy",secondary,vectorchain,test,chirp,52,0.3761833394552913,0.49212801649672633,1.8031716372548308
seed-31415__h-16__c-32__segment,31415,16,32,0.1,segment,"dt,dy",secondary,vectorchain,test,ramp,52,0.01193081094629649,0.015657567748742475,0.9671696738402736
seed-31415__h-16__c-32__segment,31415,16,32,0.1,segment,"dt,dy",secondary,vectorchain,test,piecewise_linear,52,0.015379094325602931,0.019318339789957735,1.023859039854129
seed-31415__h-16__c-32__segment,31415,16,32,0.1,segment,"dt,dy",secondary,vectorchain,test,first_order_response,52,0.016866677656332627,0.020631915932987726,0.9915207825682911
seed-31415__h-16__c-32__segment,31415,16,32,0.1,segment,"dt,dy",secondary,vectorchain,test,second_order_response,52,0.01726365458396025,0.02056268665963264,1.0184795874033832
seed-31415__h-16__c-32__segment,31415,16,32,0.1,segment,"dt,dy",secondary,vectorchain,test,regime_change,52,0.46356170790626106,0.614496741634792,2.426992342750357
seed-31415__h-16__c-32__absolute_geometry,31415,16,32,0.1,absolute_geometry,"dt,dy,theta,r",reference,vectorchain,validation,sine,51,0.087459113940808,0.0964170134583379,1.0
seed-31415__h-16__c-32__absolute_geometry,31415,16,32,0.1,absolute_geometry,"dt,dy,theta,r",reference,vectorchain,validation,chirp,51,0.19416706116325166,0.23334413154022687,1.0
seed-31415__h-16__c-32__absolute_geometry,31415,16,32,0.1,absolute_geometry,"dt,dy,theta,r",reference,vectorchain,validation,ramp,51,0.015844653624341162,0.02014923268488281,1.0
seed-31415__h-16__c-32__absolute_geometry,31415,16,32,0.1,absolute_geometry,"dt,dy,theta,r",reference,vectorchain,validation,piecewise_linear,51,0.027061633251695454,0.03808932020032336,1.0
seed-31415__h-16__c-32__absolute_geometry,31415,16,32,0.1,absolute_geometry,"dt,dy,theta,r",reference,vectorchain,validation,first_order_response,51,0.016072361241862624,0.019759344363058963,1.0
seed-31415__h-16__c-32__absolute_geometry,31415,16,32,0.1,absolute_geometry,"dt,dy,theta,r",reference,vectorchain,validation,second_order_response,51,0.018437469269264088,0.02232820799452504,1.0
seed-31415__h-16__c-32__absolute_geometry,31415,16,32,0.1,absolute_geometry,"dt,dy,theta,r",reference,vectorchain,validation,regime_change,51,0.24256423414969328,0.2828911534190762,1.0
seed-31415__h-16__c-32__absolute_geometry,31415,16,32,0.1,absolute_geometry,"dt,dy,theta,r",reference,vectorchain,test,sine,52,0.08115698931827063,0.09032667521945581,1.0
seed-31415__h-16__c-32__absolute_geometry,31415,16,32,0.1,absolute_geometry,"dt,dy,theta,r",reference,vectorchain,test,chirp,52,0.2244687888874925,0.2729235566537347,1.0
seed-31415__h-16__c-32__absolute_geometry,31415,16,32,0.1,absolute_geometry,"dt,dy,theta,r",reference,vectorchain,test,ramp,52,0.012423655240558978,0.01618905986430701,1.0
seed-31415__h-16__c-32__absolute_geometry,31415,16,32,0.1,absolute_geometry,"dt,dy,theta,r",reference,vectorchain,test,piecewise_linear,52,0.014932368815272835,0.018868163524453575,1.0
seed-31415__h-16__c-32__absolute_geometry,31415,16,32,0.1,absolute_geometry,"dt,dy,theta,r",reference,vectorchain,test,first_order_response,52,0.016942192119349272,0.020808354495148163,1.0
seed-31415__h-16__c-32__absolute_geometry,31415,16,32,0.1,absolute_geometry,"dt,dy,theta,r",reference,vectorchain,test,second_order_response,52,0.017254684335962025,0.02018959134179338,1.0
seed-31415__h-16__c-32__absolute_geometry,31415,16,32,0.1,absolute_geometry,"dt,dy,theta,r",reference,vectorchain,test,regime_change,52,0.2003997751100551,0.2531926989676538,1.0
seed-31415__h-16__c-32__turning_matched,31415,16,32,0.1,turning_matched,"dt,dy,theta,delta_theta",capacity_control,vectorchain,validation,sine,51,0.08681568923797595,0.09639505883462078,0.999772295127907
seed-31415__h-16__c-32__turning_matched,31415,16,32,0.1,turning_matched,"dt,dy,theta,delta_theta",capacity_control,vectorchain,validation,chirp,51,0.19629529393442624,0.24497376710544683,1.0498389888293167
seed-31415__h-16__c-32__turning_matched,31415,16,32,0.1,turning_matched,"dt,dy,theta,delta_theta",capacity_control,vectorchain,validation,ramp,51,0.01565113361732285,0.019619465880233954,0.973707842232309
seed-31415__h-16__c-32__turning_matched,31415,16,32,0.1,turning_matched,"dt,dy,theta,delta_theta",capacity_control,vectorchain,validation,piecewise_linear,51,0.027661094566494175,0.038676076449095154,1.015404744576324
seed-31415__h-16__c-32__turning_matched,31415,16,32,0.1,turning_matched,"dt,dy,theta,delta_theta",capacity_control,vectorchain,validation,first_order_response,51,0.015911129984203368,0.019507709599839277,0.9872650246589088
seed-31415__h-16__c-32__turning_matched,31415,16,32,0.1,turning_matched,"dt,dy,theta,delta_theta",capacity_control,vectorchain,validation,second_order_response,51,0.017179835812437254,0.02106643375992672,0.9434896775008674
seed-31415__h-16__c-32__turning_matched,31415,16,32,0.1,turning_matched,"dt,dy,theta,delta_theta",capacity_control,vectorchain,validation,regime_change,51,0.2799441562079363,0.3609860494126798,1.2760598733814537
seed-31415__h-16__c-32__turning_matched,31415,16,32,0.1,turning_matched,"dt,dy,theta,delta_theta",capacity_control,vectorchain,test,sine,52,0.08077596052465409,0.09015715684787443,0.9981232745346873
seed-31415__h-16__c-32__turning_matched,31415,16,32,0.1,turning_matched,"dt,dy,theta,delta_theta",capacity_control,vectorchain,test,chirp,52,0.22182109622395604,0.3071062343955332,1.1252463442910754
seed-31415__h-16__c-32__turning_matched,31415,16,32,0.1,turning_matched,"dt,dy,theta,delta_theta",capacity_control,vectorchain,test,ramp,52,0.011867194564816276,0.015577567341983406,0.9622280399572924
seed-31415__h-16__c-32__turning_matched,31415,16,32,0.1,turning_matched,"dt,dy,theta,delta_theta",capacity_control,vectorchain,test,piecewise_linear,52,0.015555463427676266,0.019467096286127302,1.0317430342861666
seed-31415__h-16__c-32__turning_matched,31415,16,32,0.1,turning_matched,"dt,dy,theta,delta_theta",capacity_control,vectorchain,test,first_order_response,52,0.016839797959725435,0.0205971036169713,0.989847785502399
seed-31415__h-16__c-32__turning_matched,31415,16,32,0.1,turning_matched,"dt,dy,theta,delta_theta",capacity_control,vectorchain,test,second_order_response,52,0.017257137021920027,0.020620990047676133,1.021367381765164
seed-31415__h-16__c-32__turning_matched,31415,16,32,0.1,turning_matched,"dt,dy,theta,delta_theta",capacity_control,vectorchain,test,regime_change,52,0.21677950826487147,0.29366827904909215,1.1598607710509428
seed-31415__h-16__c-32__turning,31415,16,32,0.1,turning,"dt,dy,theta,r,delta_theta",primary,vectorchain,validation,sine,51,0.08746995027901958,0.09641465554848401,0.9999755446702888
seed-31415__h-16__c-32__turning,31415,16,32,0.1,turning,"dt,dy,theta,r,delta_theta",primary,vectorchain,validation,chirp,51,0.19446373949089724,0.24285549717482902,1.040761109233049
seed-31415__h-16__c-32__turning,31415,16,32,0.1,turning,"dt,dy,theta,r,delta_theta",primary,vectorchain,validation,ramp,51,0.015832242583779518,0.02012430088897359,0.9987626429105697
seed-31415__h-16__c-32__turning,31415,16,32,0.1,turning,"dt,dy,theta,r,delta_theta",primary,vectorchain,validation,piecewise_linear,51,0.027090483469192992,0.0381456570324373,1.0014790716089879
seed-31415__h-16__c-32__turning,31415,16,32,0.1,turning,"dt,dy,theta,r,delta_theta",primary,vectorchain,validation,first_order_response,51,0.016070492799225573,0.01975558526211336,0.9998097557855903
seed-31415__h-16__c-32__turning,31415,16,32,0.1,turning,"dt,dy,theta,r,delta_theta",primary,vectorchain,validation,second_order_response,51,0.01838625281120509,0.02228391433993065,0.99801624677604
seed-31415__h-16__c-32__turning,31415,16,32,0.1,turning,"dt,dy,theta,r,delta_theta",primary,vectorchain,validation,regime_change,51,0.27939728489737375,0.3576601279610181,1.2643029788604905
seed-31415__h-16__c-32__turning,31415,16,32,0.1,turning,"dt,dy,theta,r,delta_theta",primary,vectorchain,test,sine,52,0.08097892716807623,0.09019414165273651,0.9985327305981616
seed-31415__h-16__c-32__turning,31415,16,32,0.1,turning,"dt,dy,theta,r,delta_theta",primary,vectorchain,test,chirp,52,0.22239488577658406,0.30509808042655184,1.1178884086346486
seed-31415__h-16__c-32__turning,31415,16,32,0.1,turning,"dt,dy,theta,r,delta_theta",primary,vectorchain,test,ramp,52,0.012392026486017524,0.016157170870539438,0.9980302133641571
seed-31415__h-16__c-32__turning,31415,16,32,0.1,turning,"dt,dy,theta,r,delta_theta",primary,vectorchain,test,piecewise_linear,52,0.014946664648667788,0.01888329882591955,1.0008021608168893
seed-31415__h-16__c-32__turning,31415,16,32,0.1,turning,"dt,dy,theta,r,delta_theta",primary,vectorchain,test,first_order_response,52,0.016941721844715756,0.02080445881731861,0.999812782993943
seed-31415__h-16__c-32__turning,31415,16,32,0.1,turning,"dt,dy,theta,r,delta_theta",primary,vectorchain,test,second_order_response,52,0.017270746673025607,0.02021802068898046,1.0014081190008155
seed-31415__h-16__c-32__turning,31415,16,32,0.1,turning,"dt,dy,theta,r,delta_theta",primary,vectorchain,test,regime_change,52,0.2123374577884345,0.2876739923352698,1.1361859702440358
seed-31415__h-16__c-32__full_relational,31415,16,32,0.1,full_relational,"dt,dy,theta,r,delta_theta,delta_r",secondary,vectorchain,validation,sine,51,0.08746891548727277,0.09641449738418585,0.9999739042513162
seed-31415__h-16__c-32__full_relational,31415,16,32,0.1,full_relational,"dt,dy,theta,r,delta_theta,delta_r",secondary,vectorchain,validation,chirp,51,0.1963082332019253,0.24509339711017814,1.0503516651239448
seed-31415__h-16__c-32__full_relational,31415,16,32,0.1,full_relational,"dt,dy,theta,r,delta_theta,delta_r",secondary,vectorchain,validation,ramp,51,0.015832204007156233,0.020124320593633612,0.9987636208465701
seed-31415__h-16__c-32__full_relational,31415,16,32,0.1,full_relational,"dt,dy,theta,r,delta_theta,delta_r",secondary,vectorchain,validation,piecewise_linear,51,0.027090281494474337,0.03814486624071544,1.0014583101010979
seed-31415__h-16__c-32__full_relational,31415,16,32,0.1,full_relational,"dt,dy,theta,r,delta_theta,delta_r",secondary,vectorchain,validation,first_order_response,51,0.016070300348461117,0.019755348494814997,0.9997977732372823
seed-31415__h-16__c-32__full_relational,31415,16,32,0.1,full_relational,"dt,dy,theta,r,delta_theta,delta_r",secondary,vectorchain,validation,second_order_response,51,0.018386292478076164,0.022283828430350823,0.9980123991954437
seed-31415__h-16__c-32__full_relational,31415,16,32,0.1,full_relational,"dt,dy,theta,r,delta_theta,delta_r",secondary,vectorchain,validation,regime_change,51,0.287011661571599,0.36661587378253624,1.2959608999841357
seed-31415__h-16__c-32__full_relational,31415,16,32,0.1,full_relational,"dt,dy,theta,r,delta_theta,delta_r",secondary,vectorchain,test,sine,52,0.08098211613643859,0.09019663683265389,0.9985603545521189
seed-31415__h-16__c-32__full_relational,31415,16,32,0.1,full_relational,"dt,dy,theta,r,delta_theta,delta_r",secondary,vectorchain,test,chirp,52,0.22439803650736143,0.30994000793239623,1.1356293745124584
seed-31415__h-16__c-32__full_relational,31415,16,32,0.1,full_relational,"dt,dy,theta,r,delta_theta,delta_r",secondary,vectorchain,test,ramp,52,0.012392148394340016,0.016157250421917263,0.9980351272614737
seed-31415__h-16__c-32__full_relational,31415,16,32,0.1,full_relational,"dt,dy,theta,r,delta_theta,delta_r",secondary,vectorchain,test,piecewise_linear,52,0.014946699609152793,0.01888327353505691,1.000800820418148
seed-31415__h-16__c-32__full_relational,31415,16,32,0.1,full_relational,"dt,dy,theta,r,delta_theta,delta_r",secondary,vectorchain,test,first_order_response,52,0.016941545415416707,0.0208042617572209,0.9998033127545853
seed-31415__h-16__c-32__full_relational,31415,16,32,0.1,full_relational,"dt,dy,theta,r,delta_theta,delta_r",secondary,vectorchain,test,second_order_response,52,0.017270366047551645,0.020217622434175533,1.0013883932521273
seed-31415__h-16__c-32__full_relational,31415,16,32,0.1,full_relational,"dt,dy,theta,r,delta_theta,delta_r",secondary,vectorchain,test,regime_change,52,0.21715700402809765,0.29446868366192785,1.1630220178645325
seed-31415__h-1__c-64__raw,31415,1,64,,,,baseline,raw,validation,sine,51,0.012005620394444912,0.013737492951382267,
seed-31415__h-1__c-64__raw,31415,1,64,,,,baseline,raw,validation,chirp,51,0.015829082526416283,0.019076494330192355,
seed-31415__h-1__c-64__raw,31415,1,64,,,,baseline,raw,validation,ramp,51,0.011283738782758684,0.014142838247953128,
seed-31415__h-1__c-64__raw,31415,1,64,,,,baseline,raw,validation,piecewise_linear,51,0.011818697579039238,0.015721036088041724,
seed-31415__h-1__c-64__raw,31415,1,64,,,,baseline,raw,validation,first_order_response,51,0.013610870717749184,0.016587508409255363,
seed-31415__h-1__c-64__raw,31415,1,64,,,,baseline,raw,validation,second_order_response,51,0.01229879040882896,0.014912809282518131,
seed-31415__h-1__c-64__raw,31415,1,64,,,,baseline,raw,validation,regime_change,51,0.027491868370433065,0.033520720774743884,
seed-31415__h-1__c-64__raw,31415,1,64,,,,baseline,raw,test,sine,51,0.011532123371182208,0.013541742969996792,
seed-31415__h-1__c-64__raw,31415,1,64,,,,baseline,raw,test,chirp,51,0.02070929671517555,0.024773472161836767,
seed-31415__h-1__c-64__raw,31415,1,64,,,,baseline,raw,test,ramp,51,0.009848341859848255,0.012139205389215221,
seed-31415__h-1__c-64__raw,31415,1,64,,,,baseline,raw,test,piecewise_linear,51,0.01125476713897732,0.013864256189426194,
seed-31415__h-1__c-64__raw,31415,1,64,,,,baseline,raw,test,first_order_response,51,0.010493798297677439,0.013806748191085358,
seed-31415__h-1__c-64__raw,31415,1,64,,,,baseline,raw,test,second_order_response,51,0.010968607240332363,0.012845101963449311,
seed-31415__h-1__c-64__raw,31415,1,64,,,,baseline,raw,test,regime_change,51,0.02849376414452915,0.03295147158355422,
seed-31415__h-1__c-64__first_difference,31415,1,64,,,,baseline,first_difference,validation,sine,51,0.011565097076715748,0.0146393730856494,
seed-31415__h-1__c-64__first_difference,31415,1,64,,,,baseline,first_difference,validation,chirp,51,0.029587412391990427,0.03369416440468699,
seed-31415__h-1__c-64__first_difference,31415,1,64,,,,baseline,first_difference,validation,ramp,51,0.009455366552588863,0.012063213387966535,
seed-31415__h-1__c-64__first_difference,31415,1,64,,,,baseline,first_difference,validation,piecewise_linear,51,0.011207298536763997,0.01454926611380742,
seed-31415__h-1__c-64__first_difference,31415,1,64,,,,baseline,first_difference,validation,first_order_response,51,0.011507974110230882,0.013563438175804497,
seed-31415__h-1__c-64__first_difference,31415,1,64,,,,baseline,first_difference,validation,second_order_response,51,0.010418788126880523,0.013161947953560425,
seed-31415__h-1__c-64__first_difference,31415,1,64,,,,baseline,first_difference,validation,regime_change,51,0.04643872047453785,0.055112541940960436,
seed-31415__h-1__c-64__first_difference,31415,1,64,,,,baseline,first_difference,test,sine,51,0.011979321472475107,0.015040938010452714,
seed-31415__h-1__c-64__first_difference,31415,1,64,,,,baseline,first_difference,test,chirp,51,0.03605873429545155,0.04156510143964024,
seed-31415__h-1__c-64__first_difference,31415,1,64,,,,baseline,first_difference,test,ramp,51,0.00910706263484614,0.010616217615883682,
seed-31415__h-1__c-64__first_difference,31415,1,64,,,,baseline,first_difference,test,piecewise_linear,51,0.00944748778825286,0.011871358296452484,
seed-31415__h-1__c-64__first_difference,31415,1,64,,,,baseline,first_difference,test,first_order_response,51,0.009703030613445508,0.012567431170930652,
seed-31415__h-1__c-64__first_difference,31415,1,64,,,,baseline,first_difference,test,second_order_response,51,0.010165974648030051,0.011954550571284658,
seed-31415__h-1__c-64__first_difference,31415,1,64,,,,baseline,first_difference,test,regime_change,51,0.04743474902968213,0.0540715959349975,
seed-31415__h-1__c-64__segment,31415,1,64,0.1,segment,"dt,dy",secondary,vectorchain,validation,sine,51,0.012840533507119811,0.01581364933968395,1.1097929603507488
seed-31415__h-1__c-64__segment,31415,1,64,0.1,segment,"dt,dy",secondary,vectorchain,validation,chirp,51,0.020192133296489258,0.024873547999489327,1.6961841998560536
seed-31415__h-1__c-64__segment,31415,1,64,0.1,segment,"dt,dy",secondary,vectorchain,validation,ramp,51,0.01100132270306863,0.013985913439875486,1.0014469313957668
seed-31415__h-1__c-64__segment,31415,1,64,0.1,segment,"dt,dy",secondary,vectorchain,validation,piecewise_linear,51,0.012249428944443442,0.01672521266943167,1.0193814410466866
seed-31415__h-1__c-64__segment,31415,1,64,0.1,segment,"dt,dy",secondary,vectorchain,validation,first_order_response,51,0.012784592006770536,0.015457809727370729,1.0006228101305956
seed-31415__h-1__c-64__segment,31415,1,64,0.1,segment,"dt,dy",secondary,vectorchain,validation,second_order_response,51,0.010904445294074328,0.013822542297151831,0.9996294025785561
seed-31415__h-1__c-64__segment,31415,1,64,0.1,segment,"dt,dy",secondary,vectorchain,validation,regime_change,51,0.027292956924551543,0.033180572022714766,1.6213237947108514
seed-31415__h-1__c-64__segment,31415,1,64,0.1,segment,"dt,dy",secondary,vectorchain,test,sine,51,0.01400601987861026,0.01701779519961358,1.2077936572686794
seed-31415__h-1__c-64__segment,31415,1,64,0.1,segment,"dt,dy",secondary,vectorchain,test,chirp,51,0.01990827597640249,0.02487447360434209,1.6081135353176517
seed-31415__h-1__c-64__segment,31415,1,64,0.1,segment,"dt,dy",secondary,vectorchain,test,ramp,51,0.009821999861321614,0.011693424945859758,1.0007506990670867
seed-31415__h-1__c-64__segment,31415,1,64,0.1,segment,"dt,dy",secondary,vectorchain,test,piecewise_linear,51,0.0109547538142435,0.013502542660447772,0.9990095499124714
seed-31415__h-1__c-64__segment,31415,1,64,0.1,segment,"dt,dy",secondary,vectorchain,test,first_order_response,51,0.01070420055622001,0.013977819283573039,1.0018150799092171
seed-31415__h-1__c-64__segment,31415,1,64,0.1,segment,"dt,dy",secondary,vectorchain,test,second_order_response,51,0.010835363113552486,0.012719338422100001,1.0046230136483836
seed-31415__h-1__c-64__segment,31415,1,64,0.1,segment,"dt,dy",secondary,vectorchain,test,regime_change,51,0.02389494163726777,0.028598976038265993,1.6815461169286168
seed-31415__h-1__c-64__absolute_geometry,31415,1,64,0.1,absolute_geometry,"dt,dy,theta,r",reference,vectorchain,validation,sine,51,0.01199969980865621,0.014249188726774824,1.0
seed-31415__h-1__c-64__absolute_geometry,31415,1,64,0.1,absolute_geometry,"dt,dy,theta,r",reference,vectorchain,validation,chirp,51,0.01120645920905554,0.014664414396502583,1.0
seed-31415__h-1__c-64__absolute_geometry,31415,1,64,0.1,absolute_geometry,"dt,dy,theta,r",reference,vectorchain,validation,ramp,51,0.011011122150219807,0.013965706021369116,1.0
seed-31415__h-1__c-64__absolute_geometry,31415,1,64,0.1,absolute_geometry,"dt,dy,theta,r",reference,vectorchain,validation,piecewise_linear,51,0.012353850968161498,0.016407217157356185,1.0
seed-31415__h-1__c-64__absolute_geometry,31415,1,64,0.1,absolute_geometry,"dt,dy,theta,r",reference,vectorchain,validation,first_order_response,51,0.012777981092353353,0.015448188439111499,1.0
seed-31415__h-1__c-64__absolute_geometry,31415,1,64,0.1,absolute_geometry,"dt,dy,theta,r",reference,vectorchain,validation,second_order_response,51,0.010891092017589825,0.013827666794810572,1.0
seed-31415__h-1__c-64__absolute_geometry,31415,1,64,0.1,absolute_geometry,"dt,dy,theta,r",reference,vectorchain,validation,regime_change,51,0.017479998771903336,0.02046511136822748,1.0
seed-31415__h-1__c-64__absolute_geometry,31415,1,64,0.1,absolute_geometry,"dt,dy,theta,r",reference,vectorchain,test,sine,51,0.011704332287402607,0.014089985567648905,1.0
seed-31415__h-1__c-64__absolute_geometry,31415,1,64,0.1,absolute_geometry,"dt,dy,theta,r",reference,vectorchain,test,chirp,51,0.012167784192314159,0.01546810785311164,1.0
seed-31415__h-1__c-64__absolute_geometry,31415,1,64,0.1,absolute_geometry,"dt,dy,theta,r",reference,vectorchain,test,ramp,51,0.009796387105223485,0.011684653287537572,1.0
seed-31415__h-1__c-64__absolute_geometry,31415,1,64,0.1,absolute_geometry,"dt,dy,theta,r",reference,vectorchain,test,piecewise_linear,51,0.010973976267992515,0.013515929514017961,1.0
seed-31415__h-1__c-64__absolute_geometry,31415,1,64,0.1,absolute_geometry,"dt,dy,theta,r",reference,vectorchain,test,first_order_response,51,0.010683586408342851,0.01395249439131989,1.0
seed-31415__h-1__c-64__absolute_geometry,31415,1,64,0.1,absolute_geometry,"dt,dy,theta,r",reference,vectorchain,test,second_order_response,51,0.010780571918300312,0.01266080733698158,1.0
seed-31415__h-1__c-64__absolute_geometry,31415,1,64,0.1,absolute_geometry,"dt,dy,theta,r",reference,vectorchain,test,regime_change,51,0.013844282661393295,0.017007547845611686,1.0
seed-31415__h-1__c-64__turning_matched,31415,1,64,0.1,turning_matched,"dt,dy,theta,delta_theta",capacity_control,vectorchain,validation,sine,51,0.011793415550350878,0.014150314408945345,0.9930610563362327
seed-31415__h-1__c-64__turning_matched,31415,1,64,0.1,turning_matched,"dt,dy,theta,delta_theta",capacity_control,vectorchain,validation,chirp,51,0.011407874239009226,0.015248653706179956,1.0398406164665335
seed-31415__h-1__c-64__turning_matched,31415,1,64,0.1,turning_matched,"dt,dy,theta,delta_theta",capacity_control,vectorchain,validation,ramp,51,0.011008924846701995,0.013968494806260745,1.0001996880707185
seed-31415__h-1__c-64__turning_matched,31415,1,64,0.1,turning_matched,"dt,dy,theta,delta_theta",capacity_control,vectorchain,validation,piecewise_linear,51,0.012281882730115252,0.01633285856434476,0.9954679338794461
seed-31415__h-1__c-64__turning_matched,31415,1,64,0.1,turning_matched,"dt,dy,theta,delta_theta",capacity_control,vectorchain,validation,first_order_response,51,0.012778284703248998,0.015448731197516653,1.000035134113446
seed-31415__h-1__c-64__turning_matched,31415,1,64,0.1,turning_matched,"dt,dy,theta,delta_theta",capacity_control,vectorchain,validation,second_order_response,51,0.010890609192186684,0.013825611447497983,0.9998513597888141
seed-31415__h-1__c-64__turning_matched,31415,1,64,0.1,turning_matched,"dt,dy,theta,delta_theta",capacity_control,vectorchain,validation,regime_change,51,0.015861359086549377,0.019215094285898897,0.9389196051838123
seed-31415__h-1__c-64__turning_matched,31415,1,64,0.1,turning_matched,"dt,dy,theta,delta_theta",capacity_control,vectorchain,test,sine,51,0.01194437298002295,0.014484313590924605,1.0279864036327397
seed-31415__h-1__c-64__turning_matched,31415,1,64,0.1,turning_matched,"dt,dy,theta,delta_theta",capacity_control,vectorchain,test,chirp,51,0.011902632819970711,0.014917197718472887,0.9643841289529198
seed-31415__h-1__c-64__turning_matched,31415,1,64,0.1,turning_matched,"dt,dy,theta,delta_theta",capacity_control,vectorchain,test,ramp,51,0.009800424893250333,0.011685620949717042,1.000082814796097
seed-31415__h-1__c-64__turning_matched,31415,1,64,0.1,turning_matched,"dt,dy,theta,delta_theta",capacity_control,vectorchain,test,piecewise_linear,51,0.010970205309139556,0.013513824702345686,0.9998442717779719
seed-31415__h-1__c-64__turning_matched,31415,1,64,0.1,turning_matched,"dt,dy,theta,delta_theta",capacity_control,vectorchain,test,first_order_response,51,0.010687231013574262,0.01395683779214929,1.0003112992349312
seed-31415__h-1__c-64__turning_matched,31415,1,64,0.1,turning_matched,"dt,dy,theta,delta_theta",capacity_control,vectorchain,test,second_order_response,51,0.01078838968667389,0.012669477169216094,1.0006847772028875
seed-31415__h-1__c-64__turning_matched,31415,1,64,0.1,turning_matched,"dt,dy,theta,delta_theta",capacity_control,vectorchain,test,regime_change,51,0.01132327585149075,0.01500052314221326,0.881992117757512
seed-31415__h-1__c-64__turning,31415,1,64,0.1,turning,"dt,dy,theta,r,delta_theta",primary,vectorchain,validation,sine,51,0.011796867067902214,0.014156559349161232,0.9934993227060332
seed-31415__h-1__c-64__turning,31415,1,64,0.1,turning,"dt,dy,theta,r,delta_theta",primary,vectorchain,validation,chirp,51,0.011411690406140517,0.015253202265475007,1.04015079314131
seed-31415__h-1__c-64__turning,31415,1,64,0.1,turning,"dt,dy,theta,r,delta_theta",primary,vectorchain,validation,ramp,51,0.01101005456203996,0.013968485193349103,1.0001989997480782
seed-31415__h-1__c-64__turning,31415,1,64,0.1,turning,"dt,dy,theta,r,delta_theta",primary,vectorchain,validation,piecewise_linear,51,0.012281987025158685,0.016332671640164668,0.9954565410772237
seed-31415__h-1__c-64__turning,31415,1,64,0.1,turning,"dt,dy,theta,r,delta_theta",primary,vectorchain,validation,first_order_response,51,0.012779798146366175,0.015450682541465937,1.0001614495035627
seed-31415__h-1__c-64__turning,31415,1,64,0.1,turning,"dt,dy,theta,r,delta_theta",primary,vectorchain,validation,second_order_response,51,0.010893834393880704,0.01382787648028466,1.0000151641977781
seed-31415__h-1__c-64__turning,31415,1,64,0.1,turning,"dt,dy,theta,r,delta_theta",primary,vectorchain,validation,regime_change,51,0.01585927839452026,0.01921616663183114,0.9389720039180752
seed-31415__h-1__c-64__turning,31415,1,64,0.1,turning,"dt,dy,theta,r,delta_theta",primary,vectorchain,test,sine,51,0.011947128371049626,0.01448729214831071,1.028197798979584
seed-31415__h-1__c-64__turning,31415,1,64,0.1,turning,"dt,dy,theta,r,delta_theta",primary,vectorchain,test,chirp,51,0.011899177022981244,0.014915459285442792,0.9642717407379807
seed-31415__h-1__c-64__turning,31415,1,64,0.1,turning,"dt,dy,theta,r,delta_theta",primary,vectorchain,test,ramp,51,0.009799712508372376,0.011685914256250346,1.0001079166562965
seed-31415__h-1__c-64__turning,31415,1,64,0.1,turning,"dt,dy,theta,r,delta_theta",primary,vectorchain,test,piecewise_linear,51,0.010968992194354212,0.01351281681550066,0.9997697014834184
seed-31415__h-1__c-64__turning,31415,1,64,0.1,turning,"dt,dy,theta,r,delta_theta",primary,vectorchain,test,first_order_response,51,0.010685806237899347,0.013955364620538707,1.0002057144148075
seed-31415__h-1__c-64__turning,31415,1,64,0.1,turning,"dt,dy,theta,r,delta_theta",primary,vectorchain,test,second_order_response,51,0.010788379963474135,0.01266895631054823,1.000643637751508
seed-31415__h-1__c-64__turning,31415,1,64,0.1,turning,"dt,dy,theta,r,delta_theta",primary,vectorchain,test,regime_change,51,0.011323311200997953,0.015002027234613592,0.8820805545159432
seed-31415__h-1__c-64__full_relational,31415,1,64,0.1,full_relational,"dt,dy,theta,r,delta_theta,delta_r",secondary,vectorchain,validation,sine,51,0.011792205319430928,0.014149382016534475,0.9929956215645591
seed-31415__h-1__c-64__full_relational,31415,1,64,0.1,full_relational,"dt,dy,theta,r,delta_theta,delta_r",secondary,vectorchain,validation,chirp,51,0.01185844541470008,0.015567324599181549,1.061571514433901
seed-31415__h-1__c-64__full_relational,31415,1,64,0.1,full_relational,"dt,dy,theta,r,delta_theta,delta_r",secondary,vectorchain,validation,ramp,51,0.0110113336638118,0.013968623653084013,1.0002089140148327
seed-31415__h-1__c-64__full_relational,31415,1,64,0.1,full_relational,"dt,dy,theta,r,delta_theta,delta_r",secondary,vectorchain,validation,piecewise_linear,51,0.012263538425289605,0.016302959000404016,0.9936455916958821
seed-31415__h-1__c-64__full_relational,31415,1,64,0.1,full_relational,"dt,dy,theta,r,delta_theta,delta_r",secondary,vectorchain,validation,first_order_response,51,0.012781741817242887,0.015453204779134741,1.000324720276621
seed-31415__h-1__c-64__full_relational,31415,1,64,0.1,full_relational,"dt,dy,theta,r,delta_theta,delta_r",secondary,vectorchain,validation,second_order_response,51,0.01089821488195671,0.013830805833930253,1.0002270114811314
seed-31415__h-1__c-64__full_relational,31415,1,64,0.1,full_relational,"dt,dy,theta,r,delta_theta,delta_r",secondary,vectorchain,validation,regime_change,51,0.015747280131164526,0.018960279744050464,0.9264684370829616
seed-31415__h-1__c-64__full_relational,31415,1,64,0.1,full_relational,"dt,dy,theta,r,delta_theta,delta_r",secondary,vectorchain,test,sine,51,0.012019584284833277,0.014561757712152838,1.0334827982781714
seed-31415__h-1__c-64__full_relational,31415,1,64,0.1,full_relational,"dt,dy,theta,r,delta_theta,delta_r",secondary,vectorchain,test,chirp,51,0.013031846297290296,0.016102491009795696,1.0410123308363433
seed-31415__h-1__c-64__full_relational,31415,1,64,0.1,full_relational,"dt,dy,theta,r,delta_theta,delta_r",secondary,vectorchain,test,ramp,51,0.009799041558427583,0.011686332890710718,1.0001437443740788
seed-31415__h-1__c-64__full_relational,31415,1,64,0.1,full_relational,"dt,dy,theta,r,delta_theta,delta_r",secondary,vectorchain,test,piecewise_linear,51,0.010967147265742628,0.013511422597369302,0.9996665477839326
seed-31415__h-1__c-64__full_relational,31415,1,64,0.1,full_relational,"dt,dy,theta,r,delta_theta,delta_r",secondary,vectorchain,test,first_order_response,51,0.010684241725146168,0.01395378815070476,1.0000927260279475
seed-31415__h-1__c-64__full_relational,31415,1,64,0.1,full_relational,"dt,dy,theta,r,delta_theta,delta_r",secondary,vectorchain,test,second_order_response,51,0.010788915428336127,0.012668894158733502,1.0006387287584972
seed-31415__h-1__c-64__full_relational,31415,1,64,0.1,full_relational,"dt,dy,theta,r,delta_theta,delta_r",secondary,vectorchain,test,regime_change,51,0.01073112391025617,0.01441393413190001,0.8475021950691801
seed-31415__h-4__c-64__raw,31415,4,64,,,,baseline,raw,validation,sine,51,0.013860678463775377,0.01680294249314238,
seed-31415__h-4__c-64__raw,31415,4,64,,,,baseline,raw,validation,chirp,51,0.05854018877343796,0.06641986660898305,
seed-31415__h-4__c-64__raw,31415,4,64,,,,baseline,raw,validation,ramp,51,0.0146274954677811,0.01753409389907595,
seed-31415__h-4__c-64__raw,31415,4,64,,,,baseline,raw,validation,piecewise_linear,51,0.011808181158224346,0.014994757847687354,
seed-31415__h-4__c-64__raw,31415,4,64,,,,baseline,raw,validation,first_order_response,51,0.015560613579782617,0.018483404727972167,
seed-31415__h-4__c-64__raw,31415,4,64,,,,baseline,raw,validation,second_order_response,51,0.014196953239534151,0.01712111491109022,
seed-31415__h-4__c-64__raw,31415,4,64,,,,baseline,raw,validation,regime_change,51,0.1118269516715515,0.12609200668149373,
seed-31415__h-4__c-64__raw,31415,4,64,,,,baseline,raw,test,sine,52,0.01129317840622703,0.01610516974250385,
seed-31415__h-4__c-64__raw,31415,4,64,,,,baseline,raw,test,chirp,52,0.08638595721169073,0.09752719269085369,
seed-31415__h-4__c-64__raw,31415,4,64,,,,baseline,raw,test,ramp,52,0.010454137064211574,0.013443373809449535,
seed-31415__h-4__c-64__raw,31415,4,64,,,,baseline,raw,test,piecewise_linear,52,0.013100680535209101,0.016830598912444497,
seed-31415__h-4__c-64__raw,31415,4,64,,,,baseline,raw,test,first_order_response,52,0.016660936612822627,0.02024240602184986,
seed-31415__h-4__c-64__raw,31415,4,64,,,,baseline,raw,test,second_order_response,52,0.016033360542918138,0.01980610579927523,
seed-31415__h-4__c-64__raw,31415,4,64,,,,baseline,raw,test,regime_change,52,0.11512198290732845,0.12792589118304887,
seed-31415__h-4__c-64__first_difference,31415,4,64,,,,baseline,first_difference,validation,sine,51,0.029399737344437113,0.034278784192227824,
seed-31415__h-4__c-64__first_difference,31415,4,64,,,,baseline,first_difference,validation,chirp,51,0.09026224665519827,0.10133054173281991,
seed-31415__h-4__c-64__first_difference,31415,4,64,,,,baseline,first_difference,validation,ramp,51,0.015611888825245222,0.01926800323338405,
seed-31415__h-4__c-64__first_difference,31415,4,64,,,,baseline,first_difference,validation,piecewise_linear,51,0.014957306283588868,0.017708178589379057,
seed-31415__h-4__c-64__first_difference,31415,4,64,,,,baseline,first_difference,validation,first_order_response,51,0.01601979644721687,0.018477259690757506,
seed-31415__h-4__c-64__first_difference,31415,4,64,,,,baseline,first_difference,validation,second_order_response,51,0.013098247553093507,0.01543335502981779,
seed-31415__h-4__c-64__first_difference,31415,4,64,,,,baseline,first_difference,validation,regime_change,51,0.1450627649437251,0.16372566804844965,
seed-31415__h-4__c-64__first_difference,31415,4,64,,,,baseline,first_difference,test,sine,52,0.02851661817577432,0.03472571253706931,
seed-31415__h-4__c-64__first_difference,31415,4,64,,,,baseline,first_difference,test,chirp,52,0.11484540698347365,0.13062122489386213,
seed-31415__h-4__c-64__first_difference,31415,4,64,,,,baseline,first_difference,test,ramp,52,0.010363036708695216,0.012795952416414886,
seed-31415__h-4__c-64__first_difference,31415,4,64,,,,baseline,first_difference,test,piecewise_linear,52,0.01507466445756878,0.018482535474701058,
seed-31415__h-4__c-64__first_difference,31415,4,64,,,,baseline,first_difference,test,first_order_response,52,0.01710056776824524,0.020866683996467728,
seed-31415__h-4__c-64__first_difference,31415,4,64,,,,baseline,first_difference,test,second_order_response,52,0.0161592966492581,0.019572530142115893,
seed-31415__h-4__c-64__first_difference,31415,4,64,,,,baseline,first_difference,test,regime_change,52,0.14127339138307662,0.1585599088198956,
seed-31415__h-4__c-64__segment,31415,4,64,0.1,segment,"dt,dy",secondary,vectorchain,validation,sine,51,0.034914411142735725,0.042557342597448686,1.944193242590272
seed-31415__h-4__c-64__segment,31415,4,64,0.1,segment,"dt,dy",secondary,vectorchain,validation,chirp,51,0.07504911161802652,0.0884078391760236,2.8933259100887785
seed-31415__h-4__c-64__segment,31415,4,64,0.1,segment,"dt,dy",secondary,vectorchain,validation,ramp,51,0.013974051969799341,0.016982233967074725,1.0066174661968414
seed-31415__h-4__c-64__segment,31415,4,64,0.1,segment,"dt,dy",secondary,vectorchain,validation,piecewise_linear,51,0.01380947376750991,0.016825028403885594,0.9919566987673618
seed-31415__h-4__c-64__segment,31415,4,64,0.1,segment,"dt,dy",secondary,vectorchain,validation,first_order_response,51,0.013725656266143652,0.016025794944203663,1.007296157892133
seed-31415__h-4__c-64__segment,31415,4,64,0.1,segment,"dt,dy",secondary,vectorchain,validation,second_order_response,51,0.01115182801078709,0.01332245076742448,1.0153828785534704
seed-31415__h-4__c-64__segment,31415,4,64,0.1,segment,"dt,dy",secondary,vectorchain,validation,regime_change,51,0.0966061732460051,0.1153167411289566,2.176977716171417
seed-31415__h-4__c-64__segment,31415,4,64,0.1,segment,"dt,dy",secondary,vectorchain,test,sine,52,0.034902368094684985,0.042173138576322516,2.0397327940454058
seed-31415__h-4__c-64__segment,31415,4,64,0.1,segment,"dt,dy",secondary,vectorchain,test,chirp,52,0.07879622034778172,0.09142158251990432,2.0537860221095574
seed-31415__h-4__c-64__segment,31415,4,64,0.1,segment,"dt,dy",secondary,vectorchain,test,ramp,52,0.008631756446366549,0.010839529529375856,1.0107198045796963
seed-31415__h-4__c-64__segment,31415,4,64,0.1,segment,"dt,dy",secondary,vectorchain,test,piecewise_linear,52,0.01310549989740169,0.015993708002961706,1.0049117761165196
seed-31415__h-4__c-64__segment,31415,4,64,0.1,segment,"dt,dy",secondary,vectorchain,test,first_order_response,52,0.014032830672226505,0.017490467660004998,1.006724770825393
seed-31415__h-4__c-64__segment,31415,4,64,0.1,segment,"dt,dy",secondary,vectorchain,test,second_order_response,52,0.014669926698815838,0.01720285385861666,1.013394146991208
seed-31415__h-4__c-64__segment,31415,4,64,0.1,segment,"dt,dy",secondary,vectorchain,test,regime_change,52,0.08301567296879732,0.10106966775617951,2.0539339653902102
seed-31415__h-4__c-64__absolute_geometry,31415,4,64,0.1,absolute_geometry,"dt,dy,theta,r",reference,vectorchain,validation,sine,51,0.016921703435796288,0.021889461224928974,1.0
seed-31415__h-4__c-64__absolute_geometry,31415,4,64,0.1,absolute_geometry,"dt,dy,theta,r",reference,vectorchain,validation,chirp,51,0.02573668160169047,0.0305557831794037,1.0
seed-31415__h-4__c-64__absolute_geometry,31415,4,64,0.1,absolute_geometry,"dt,dy,theta,r",reference,vectorchain,validation,ramp,51,0.013962216013972848,0.0168705933856247,1.0
seed-31415__h-4__c-64__absolute_geometry,31415,4,64,0.1,absolute_geometry,"dt,dy,theta,r",reference,vectorchain,validation,piecewise_linear,51,0.013896938846395738,0.01696145449170607,1.0
seed-31415__h-4__c-64__absolute_geometry,31415,4,64,0.1,absolute_geometry,"dt,dy,theta,r",reference,vectorchain,validation,first_order_response,51,0.01365702520169233,0.015909715150447142,1.0
seed-31415__h-4__c-64__absolute_geometry,31415,4,64,0.1,absolute_geometry,"dt,dy,theta,r",reference,vectorchain,validation,second_order_response,51,0.011102731113880184,0.013120617895787095,1.0
seed-31415__h-4__c-64__absolute_geometry,31415,4,64,0.1,absolute_geometry,"dt,dy,theta,r",reference,vectorchain,validation,regime_change,51,0.04480716797962263,0.05297102504648534,1.0
seed-31415__h-4__c-64__absolute_geometry,31415,4,64,0.1,absolute_geometry,"dt,dy,theta,r",reference,vectorchain,test,sine,52,0.015574070591268398,0.02067581533200751,1.0
seed-31415__h-4__c-64__absolute_geometry,31415,4,64,0.1,absolute_geometry,"dt,dy,theta,r",reference,vectorchain,test,chirp,52,0.037880762490699375,0.04451368425713607,1.0
seed-31415__h-4__c-64__absolute_geometry,31415,4,64,0.1,absolute_geometry,"dt,dy,theta,r",reference,vectorchain,test,ramp,52,0.008316660779760813,0.010724564295921193,1.0
seed-31415__h-4__c-64__absolute_geometry,31415,4,64,0.1,absolute_geometry,"dt,dy,theta,r",reference,vectorchain,test,piecewise_linear,52,0.01288977783226758,0.01591553446091494,1.0
seed-31415__h-4__c-64__absolute_geometry,31415,4,64,0.1,absolute_geometry,"dt,dy,theta,r",reference,vectorchain,test,first_order_response,52,0.01396396653784713,0.017373633953265022,1.0
seed-31415__h-4__c-64__absolute_geometry,31415,4,64,0.1,absolute_geometry,"dt,dy,theta,r",reference,vectorchain,test,second_order_response,52,0.014429181788004033,0.016975481760667707,1.0
seed-31415__h-4__c-64__absolute_geometry,31415,4,64,0.1,absolute_geometry,"dt,dy,theta,r",reference,vectorchain,test,regime_change,52,0.04461611946933881,0.04920784672694095,1.0
seed-31415__h-4__c-64__turning_matched,31415,4,64,0.1,turning_matched,"dt,dy,theta,delta_theta",capacity_control,vectorchain,validation,sine,51,0.01756387743100838,0.02231444474278424,1.0194149830134362
seed-31415__h-4__c-64__turning_matched,31415,4,64,0.1,turning_matched,"dt,dy,theta,delta_theta",capacity_control,vectorchain,validation,chirp,51,0.02315876603509265,0.02968094432111392,0.971369123378272
seed-31415__h-4__c-64__turning_matched,31415,4,64,0.1,turning_matched,"dt,dy,theta,delta_theta",capacity_control,vectorchain,validation,ramp,51,0.013961096927602895,0.016875067773735788,1.0002652181822427
seed-31415__h-4__c-64__turning_matched,31415,4,64,0.1,turning_matched,"dt,dy,theta,delta_theta",capacity_control,vectorchain,validation,piecewise_linear,51,0.013759380491135459,0.016647325132716245,0.9814798100514652
seed-31415__h-4__c-64__turning_matched,31415,4,64,0.1,turning_matched,"dt,dy,theta,delta_theta",capacity_control,vectorchain,validation,first_order_response,51,0.013660999282102569,0.015915892234137835,1.0003882585974846
seed-31415__h-4__c-64__turning_matched,31415,4,64,0.1,turning_matched,"dt,dy,theta,delta_theta",capacity_control,vectorchain,validation,second_order_response,51,0.011103509535115897,0.013128655170906577,1.0006125683396407
seed-31415__h-4__c-64__turning_matched,31415,4,64,0.1,turning_matched,"dt,dy,theta,delta_theta",capacity_control,vectorchain,validation,regime_change,51,0.036786324725830585,0.045040885366011335,0.8502928785403941
seed-31415__h-4__c-64__turning_matched,31415,4,64,0.1,turning_matched,"dt,dy,theta,delta_theta",capacity_control,vectorchain,test,sine,52,0.016387030226339267,0.021600796742405608,1.044737360802704
seed-31415__h-4__c-64__turning_matched,31415,4,64,0.1,turning_matched,"dt,dy,theta,delta_theta",capacity_control,vectorchain,test,chirp,52,0.03135750504597384,0.03827506330900128,0.8598493687447437
seed-31415__h-4__c-64__turning_matched,31415,4,64,0.1,turning_matched,"dt,dy,theta,delta_theta",capacity_control,vectorchain,test,ramp,52,0.008326148794877388,0.010728274216787905,1.000345927420858
seed-31415__h-4__c-64__turning_matched,31415,4,64,0.1,turning_matched,"dt,dy,theta,delta_theta",capacity_control,vectorchain,test,piecewise_linear,52,0.012899792975070426,0.015915342327706854,0.9999879279449547
seed-31415__h-4__c-64__turning_matched,31415,4,64,0.1,turning_matched,"dt,dy,theta,delta_theta",capacity_control,vectorchain,test,first_order_response,52,0.013967533822398502,0.01738008436239209,1.0003712757586822
seed-31415__h-4__c-64__turning_matched,31415,4,64,0.1,turning_matched,"dt,dy,theta,delta_theta",capacity_control,vectorchain,test,second_order_response,52,0.014442009870970041,0.016986612931934954,1.0006557204928959
seed-31415__h-4__c-64__turning_matched,31415,4,64,0.1,turning_matched,"dt,dy,theta,delta_theta",capacity_control,vectorchain,test,regime_change,52,0.03251792163039161,0.03866798382938109,0.7858093048442747
seed-31415__h-4__c-64__turning,31415,4,64,0.1,turning,"dt,dy,theta,r,delta_theta",primary,vectorchain,validation,sine,51,0.01756199977232669,0.022322244054376807,1.0197712874246057
seed-31415__h-4__c-64__turning,31415,4,64,0.1,turning,"dt,dy,theta,r,delta_theta",primary,vectorchain,validation,chirp,51,0.023177816164238932,0.029684017563728127,0.9714697014782069
seed-31415__h-4__c-64__turning,31415,4,64,0.1,turning,"dt,dy,theta,r,delta_theta",primary,vectorchain,validation,ramp,51,0.013963256667043145,0.016875734894571153,1.000304761594861
seed-31415__h-4__c-64__turning,31415,4,64,0.1,turning,"dt,dy,theta,r,delta_theta",primary,vectorchain,validation,piecewise_linear,51,0.013757897234019885,0.01664691857125436,0.9814558403228029
seed-31415__h-4__c-64__turning,31415,4,64,0.1,turning,"dt,dy,theta,r,delta_theta",primary,vectorchain,validation,first_order_response,51,0.013661562975448124,0.01591531665430158,1.0003520807130404
seed-31415__h-4__c-64__turning,31415,4,64,0.1,turning,"dt,dy,theta,r,delta_theta",primary,vectorchain,validation,second_order_response,51,0.011104805523071465,0.013133558530647519,1.0009862824268803
seed-31415__h-4__c-64__turning,31415,4,64,0.1,turning,"dt,dy,theta,r,delta_theta",primary,vectorchain,validation,regime_change,51,0.036825318834530864,0.045095875974757796,0.85133100473671
seed-31415__h-4__c-64__turning,31415,4,64,0.1,turning,"dt,dy,theta,r,delta_theta",primary,vectorchain,test,sine,52,0.01638329043979581,0.02159391688330759,1.0444046116952304
seed-31415__h-4__c-64__turning,31415,4,64,0.1,turning,"dt,dy,theta,r,delta_theta",primary,vectorchain,test,chirp,52,0.03140140329746619,0.03832279982064254,0.8609217695679491
seed-31415__h-4__c-64__turning,31415,4,64,0.1,turning,"dt,dy,theta,r,delta_theta",primary,vectorchain,test,ramp,52,0.008324049419182246,0.010728880418407855,1.0004024520127408
seed-31415__h-4__c-64__turning,31415,4,64,0.1,turning,"dt,dy,theta,r,delta_theta",primary,vectorchain,test,piecewise_linear,52,0.012900534346461765,0.015913786044143757,0.9998901440114702
seed-31415__h-4__c-64__turning,31415,4,64,0.1,turning,"dt,dy,theta,r,delta_theta",primary,vectorchain,test,first_order_response,52,0.013970183637333362,0.017380642304256004,1.0004033900455043
seed-31415__h-4__c-64__turning,31415,4,64,0.1,turning,"dt,dy,theta,r,delta_theta",primary,vectorchain,test,second_order_response,52,0.014439214031468521,0.016984763718061922,1.0005467860956807
seed-31415__h-4__c-64__turning,31415,4,64,0.1,turning,"dt,dy,theta,r,delta_theta",primary,vectorchain,test,regime_change,52,0.03254706091695659,0.038724813383412895,0.7869641928918489
seed-31415__h-4__c-64__full_relational,31415,4,64,0.1,full_relational,"dt,dy,theta,r,delta_theta,delta_r",secondary,vectorchain,validation,sine,51,0.017286607338185375,0.022310677307904855,1.0192428711994144
seed-31415__h-4__c-64__full_relational,31415,4,64,0.1,full_relational,"dt,dy,theta,r,delta_theta,delta_r",secondary,vectorchain,validation,chirp,51,0.030614082308540357,0.0372290250950141,1.218395381209163
seed-31415__h-4__c-64__full_relational,31415,4,64,0.1,full_relational,"dt,dy,theta,r,delta_theta,delta_r",secondary,vectorchain,validation,ramp,51,0.013957927709850076,0.016880059940358336,1.0005611275500068
seed-31415__h-4__c-64__full_relational,31415,4,64,0.1,full_relational,"dt,dy,theta,r,delta_theta,delta_r",secondary,vectorchain,validation,piecewise_linear,51,0.013859225543218914,0.016908511781607093,0.9968786456300157
seed-31415__h-4__c-64__full_relational,31415,4,64,0.1,full_relational,"dt,dy,theta,r,delta_theta,delta_r",secondary,vectorchain,validation,first_order_response,51,0.013664815165947001,0.015923905514826007,1.0008919307633528
seed-31415__h-4__c-64__full_relational,31415,4,64,0.1,full_relational,"dt,dy,theta,r,delta_theta,delta_r",secondary,vectorchain,validation,second_order_response,51,0.011102577487315742,0.013130890349624665,1.0007829245481548
seed-31415__h-4__c-64__full_relational,31415,4,64,0.1,full_relational,"dt,dy,theta,r,delta_theta,delta_r",secondary,vectorchain,validation,regime_change,51,0.04348055727935013,0.053138881901472604,1.0031688428690961
seed-31415__h-4__c-64__full_relational,31415,4,64,0.1,full_relational,"dt,dy,theta,r,delta_theta,delta_r",secondary,vectorchain,test,sine,52,0.016452149389367295,0.02183323202189406,1.0559792526341052
seed-31415__h-4__c-64__full_relational,31415,4,64,0.1,full_relational,"dt,dy,theta,r,delta_theta,delta_r",secondary,vectorchain,test,chirp,52,0.04898768960313022,0.059428765757289316,1.3350673337662942
seed-31415__h-4__c-64__full_relational,31415,4,64,0.1,full_relational,"dt,dy,theta,r,delta_theta,delta_r",secondary,vectorchain,test,ramp,52,0.008341378867187544,0.010732619997619444,1.0007511448927875
seed-31415__h-4__c-64__full_relational,31415,4,64,0.1,full_relational,"dt,dy,theta,r,delta_theta,delta_r",secondary,vectorchain,test,piecewise_linear,52,0.012908829327197582,0.015917324416230543,1.0001124659256653
seed-31415__h-4__c-64__full_relational,31415,4,64,0.1,full_relational,"dt,dy,theta,r,delta_theta,delta_r",secondary,vectorchain,test,first_order_response,52,0.013968045620937269,0.017386866833106248,1.0007616644783022
seed-31415__h-4__c-64__full_relational,31415,4,64,0.1,full_relational,"dt,dy,theta,r,delta_theta,delta_r",secondary,vectorchain,test,second_order_response,52,0.014461095908139432,0.01700234086928163,1.0015822295350791
seed-31415__h-4__c-64__full_relational,31415,4,64,0.1,full_relational,"dt,dy,theta,r,delta_theta,delta_r",secondary,vectorchain,test,regime_change,52,0.03837233799213681,0.04737048781626783,0.9626612617115964
seed-31415__h-16__c-64__raw,31415,16,64,,,,baseline,raw,validation,sine,51,0.04215336849923754,0.051521241369351864,
seed-31415__h-16__c-64__raw,31415,16,64,,,,baseline,raw,validation,chirp,51,0.2820743414514798,0.3213223182955025,
seed-31415__h-16__c-64__raw,31415,16,64,,,,baseline,raw,validation,ramp,51,0.01654104110570201,0.02072541845761945,
seed-31415__h-16__c-64__raw,31415,16,64,,,,baseline,raw,validation,piecewise_linear,51,0.029512614984797344,0.036050938790586705,
seed-31415__h-16__c-64__raw,31415,16,64,,,,baseline,raw,validation,first_order_response,51,0.03800995608397197,0.04164002402467056,
seed-31415__h-16__c-64__raw,31415,16,64,,,,baseline,raw,validation,second_order_response,51,0.05290870974442042,0.05557973371138493,
seed-31415__h-16__c-64__raw,31415,16,64,,,,baseline,raw,validation,regime_change,51,0.5235497187431515,0.6031121907312813,
seed-31415__h-16__c-64__raw,31415,16,64,,,,baseline,raw,test,sine,52,0.03278783097057599,0.04325889284208021,
seed-31415__h-16__c-64__raw,31415,16,64,,,,baseline,raw,test,chirp,52,0.37924966652259245,0.436222703654562,
seed-31415__h-16__c-64__raw,31415,16,64,,,,baseline,raw,test,ramp,52,0.031006270165989537,0.034633520403711794,
seed-31415__h-16__c-64__raw,31415,16,64,,,,baseline,raw,test,piecewise_linear,52,0.021988098037904844,0.02667790536938518,
seed-31415__h-16__c-64__raw,31415,16,64,,,,baseline,raw,test,first_order_response,52,0.039664215328332836,0.04434238529884828,
seed-31415__h-16__c-64__raw,31415,16,64,,,,baseline,raw,test,second_order_response,52,0.04376837315860364,0.04721790727237217,
seed-31415__h-16__c-64__raw,31415,16,64,,,,baseline,raw,test,regime_change,52,0.5262049679873557,0.5965178546492417,
seed-31415__h-16__c-64__first_difference,31415,16,64,,,,baseline,first_difference,validation,sine,51,0.12301331652328161,0.13842826923713483,
seed-31415__h-16__c-64__first_difference,31415,16,64,,,,baseline,first_difference,validation,chirp,51,0.377508450119205,0.4214768305207446,
seed-31415__h-16__c-64__first_difference,31415,16,64,,,,baseline,first_difference,validation,ramp,51,0.0346347963287455,0.04241626858797157,
seed-31415__h-16__c-64__first_difference,31415,16,64,,,,baseline,first_difference,validation,piecewise_linear,51,0.04536106681074765,0.05384377205919064,
seed-31415__h-16__c-64__first_difference,31415,16,64,,,,baseline,first_difference,validation,first_order_response,51,0.03483722991220478,0.042511112025244144,
seed-31415__h-16__c-64__first_difference,31415,16,64,,,,baseline,first_difference,validation,second_order_response,51,0.03964088353441619,0.04704472642521677,
seed-31415__h-16__c-64__first_difference,31415,16,64,,,,baseline,first_difference,validation,regime_change,51,0.5872200229152262,0.6588234926927509,
seed-31415__h-16__c-64__first_difference,31415,16,64,,,,baseline,first_difference,test,sine,52,0.1214364105500551,0.1405528337158956,
seed-31415__h-16__c-64__first_difference,31415,16,64,,,,baseline,first_difference,test,chirp,52,0.4780117219465472,0.5369218652820585,
seed-31415__h-16__c-64__first_difference,31415,16,64,,,,baseline,first_difference,test,ramp,52,0.03001872200352446,0.040108092512639436,
seed-31415__h-16__c-64__first_difference,31415,16,64,,,,baseline,first_difference,test,piecewise_linear,52,0.035639772732064645,0.042694565671543935,
seed-31415__h-16__c-64__first_difference,31415,16,64,,,,baseline,first_difference,test,first_order_response,52,0.04271171259187656,0.05124259286206456,
seed-31415__h-16__c-64__first_difference,31415,16,64,,,,baseline,first_difference,test,second_order_response,52,0.036771794720718724,0.04619160658660069,
seed-31415__h-16__c-64__first_difference,31415,16,64,,,,baseline,first_difference,test,regime_change,52,0.5574324908758961,0.6265244916111276,
seed-31415__h-16__c-64__segment,31415,16,64,0.1,segment,"dt,dy",secondary,vectorchain,validation,sine,51,0.14255039425462251,0.17376196011524475,2.441602516044367
seed-31415__h-16__c-64__segment,31415,16,64,0.1,segment,"dt,dy",secondary,vectorchain,validation,chirp,51,0.31007456664457633,0.362045782122241,2.607400842908111
seed-31415__h-16__c-64__segment,31415,16,64,0.1,segment,"dt,dy",secondary,vectorchain,validation,ramp,51,0.01489766915941041,0.01818110116562963,1.0466225140084
seed-31415__h-16__c-64__segment,31415,16,64,0.1,segment,"dt,dy",secondary,vectorchain,validation,piecewise_linear,51,0.02877572690534567,0.04362302771136074,0.9906195896594017
seed-31415__h-16__c-64__segment,31415,16,64,0.1,segment,"dt,dy",secondary,vectorchain,validation,first_order_response,51,0.014362282527894107,0.017678005506850312,1.0560092736169275
seed-31415__h-16__c-64__segment,31415,16,64,0.1,segment,"dt,dy",secondary,vectorchain,validation,second_order_response,51,0.020082100793202662,0.02370680426627492,1.014117460184007
seed-31415__h-16__c-64__segment,31415,16,64,0.1,segment,"dt,dy",secondary,vectorchain,validation,regime_change,51,0.3936352102908149,0.4710135099819542,1.45344434434186
seed-31415__h-16__c-64__segment,31415,16,64,0.1,segment,"dt,dy",secondary,vectorchain,test,sine,52,0.13743768910663923,0.16137083699597324,2.524983783992024
seed-31415__h-16__c-64__segment,31415,16,64,0.1,segment,"dt,dy",secondary,vectorchain,test,chirp,52,0.3316033463215419,0.38250391062778205,1.473693433031699
seed-31415__h-16__c-64__segment,31415,16,64,0.1,segment,"dt,dy",secondary,vectorchain,test,ramp,52,0.011442081836704735,0.014498346473269226,1.0719973744052176
seed-31415__h-16__c-64__segment,31415,16,64,0.1,segment,"dt,dy",secondary,vectorchain,test,piecewise_linear,52,0.014321155155852954,0.018106564160432128,0.9559687315528033
seed-31415__h-16__c-64__segment,31415,16,64,0.1,segment,"dt,dy",secondary,vectorchain,test,first_order_response,52,0.015926575721886004,0.01939657741392613,1.0395971514902176
seed-31415__h-16__c-64__segment,31415,16,64,0.1,segment,"dt,dy",secondary,vectorchain,test,second_order_response,52,0.019469436805498237,0.023957050824652763,1.108830864363171
seed-31415__h-16__c-64__segment,31415,16,64,0.1,segment,"dt,dy",secondary,vectorchain,test,regime_change,52,0.34628492236062797,0.408428467208119,1.3548555457053884
seed-31415__h-16__c-64__absolute_geometry,31415,16,64,0.1,absolute_geometry,"dt,dy,theta,r",reference,vectorchain,validation,sine,51,0.059032078615165594,0.07116717769309805,1.0
seed-31415__h-16__c-64__absolute_geometry,31415,16,64,0.1,absolute_geometry,"dt,dy,theta,r",reference,vectorchain,validation,chirp,51,0.1205707739731255,0.1388531353385775,1.0
seed-31415__h-16__c-64__absolute_geometry,31415,16,64,0.1,absolute_geometry,"dt,dy,theta,r",reference,vectorchain,validation,ramp,51,0.013976270412379553,0.01737121160904409,1.0
seed-31415__h-16__c-64__absolute_geometry,31415,16,64,0.1,absolute_geometry,"dt,dy,theta,r",reference,vectorchain,validation,piecewise_linear,51,0.028723983552254185,0.04403610444081705,1.0
seed-31415__h-16__c-64__absolute_geometry,31415,16,64,0.1,absolute_geometry,"dt,dy,theta,r",reference,vectorchain,validation,first_order_response,51,0.013616167060263789,0.01674038850653417,1.0
seed-31415__h-16__c-64__absolute_geometry,31415,16,64,0.1,absolute_geometry,"dt,dy,theta,r",reference,vectorchain,validation,second_order_response,51,0.020167028579694754,0.02337678345659627,1.0
seed-31415__h-16__c-64__absolute_geometry,31415,16,64,0.1,absolute_geometry,"dt,dy,theta,r",reference,vectorchain,validation,regime_change,51,0.2627176524828985,0.3240671112145238,1.0
seed-31415__h-16__c-64__absolute_geometry,31415,16,64,0.1,absolute_geometry,"dt,dy,theta,r",reference,vectorchain,test,sine,52,0.05467080544291421,0.06390965281402496,1.0
seed-31415__h-16__c-64__absolute_geometry,31415,16,64,0.1,absolute_geometry,"dt,dy,theta,r",reference,vectorchain,test,chirp,52,0.19786468537279278,0.2595546007427682,1.0
seed-31415__h-16__c-64__absolute_geometry,31415,16,64,0.1,absolute_geometry,"dt,dy,theta,r",reference,vectorchain,test,ramp,52,0.010375315995718367,0.013524610059155626,1.0
seed-31415__h-16__c-64__absolute_geometry,31415,16,64,0.1,absolute_geometry,"dt,dy,theta,r",reference,vectorchain,test,piecewise_linear,52,0.015177827108342505,0.01894054016915511,1.0
seed-31415__h-16__c-64__absolute_geometry,31415,16,64,0.1,absolute_geometry,"dt,dy,theta,r",reference,vectorchain,test,first_order_response,52,0.015274542483646594,0.018657782378608843,1.0
seed-31415__h-16__c-64__absolute_geometry,31415,16,64,0.1,absolute_geometry,"dt,dy,theta,r",reference,vectorchain,test,second_order_response,52,0.017596507144388242,0.021605685406684536,1.0
seed-31415__h-16__c-64__absolute_geometry,31415,16,64,0.1,absolute_geometry,"dt,dy,theta,r",reference,vectorchain,test,regime_change,52,0.2500329287783659,0.30145536068605444,1.0
seed-31415__h-16__c-64__turning_matched,31415,16,64,0.1,turning_matched,"dt,dy,theta,delta_theta",capacity_control,vectorchain,validation,sine,51,0.05564435699201914,0.06768759622904603,0.9511069347296953
seed-31415__h-16__c-64__turning_matched,31415,16,64,0.1,turning_matched,"dt,dy,theta,delta_theta",capacity_control,vectorchain,validation,chirp,51,0.09101142518782716,0.11286043138987605,0.8128043426219999
seed-31415__h-16__c-64__turning_matched,31415,16,64,0.1,turning_matched,"dt,dy,theta,delta_theta",capacity_control,vectorchain,validation,ramp,51,0.013989936946338533,0.017371719875697786,1.0000292591366184
seed-31415__h-16__c-64__turning_matched,31415,16,64,0.1,turning_matched,"dt,dy,theta,delta_theta",capacity_control,vectorchain,validation,piecewise_linear,51,0.02903095308207305,0.04423577086736343,1.0045341528066982
seed-31415__h-16__c-64__turning_matched,31415,16,64,0.1,turning_matched,"dt,dy,theta,delta_theta",capacity_control,vectorchain,validation,first_order_response,51,0.013656574343825091,0.016786206395454247,1.0027369668811565
seed-31415__h-16__c-64__turning_matched,31415,16,64,0.1,turning_matched,"dt,dy,theta,delta_theta",capacity_control,vectorchain,validation,second_order_response,51,0.020077790793237415,0.023298648824376753,0.9966575969544916
seed-31415__h-16__c-64__turning_matched,31415,16,64,0.1,turning_matched,"dt,dy,theta,delta_theta",capacity_control,vectorchain,validation,regime_change,51,0.262564269559896,0.31561387713106115,0.9739151743853858
seed-31415__h-16__c-64__turning_matched,31415,16,64,0.1,turning_matched,"dt,dy,theta,delta_theta",capacity_control,vectorchain,test,sine,52,0.05255119974027776,0.0630797437706128,0.9870143396674809
seed-31415__h-16__c-64__turning_matched,31415,16,64,0.1,turning_matched,"dt,dy,theta,delta_theta",capacity_control,vectorchain,test,chirp,52,0.19525089200567217,0.23077673175421115,0.8891259530510985
seed-31415__h-16__c-64__turning_matched,31415,16,64,0.1,turning_matched,"dt,dy,theta,delta_theta",capacity_control,vectorchain,test,ramp,52,0.010390188074392083,0.01352562074938047,1.000074729712755
seed-31415__h-16__c-64__turning_matched,31415,16,64,0.1,turning_matched,"dt,dy,theta,delta_theta",capacity_control,vectorchain,test,piecewise_linear,52,0.015194131320235327,0.018958204743489297,1.0009326330810224
seed-31415__h-16__c-64__turning_matched,31415,16,64,0.1,turning_matched,"dt,dy,theta,delta_theta",capacity_control,vectorchain,test,first_order_response,52,0.015302535324876125,0.018685812107941395,1.0015023076571354
seed-31415__h-16__c-64__turning_matched,31415,16,64,0.1,turning_matched,"dt,dy,theta,delta_theta",capacity_control,vectorchain,test,second_order_response,52,0.017696439654968123,0.021735052745340593,1.0059876526118459
seed-31415__h-16__c-64__turning_matched,31415,16,64,0.1,turning_matched,"dt,dy,theta,delta_theta",capacity_control,vectorchain,test,regime_change,52,0.2641660730714658,0.3081911338543405,1.0223441810852416
seed-31415__h-16__c-64__turning,31415,16,64,0.1,turning,"dt,dy,theta,r,delta_theta",primary,vectorchain,validation,sine,51,0.05568667564185694,0.06774711231234341,0.9519432202931616
seed-31415__h-16__c-64__turning,31415,16,64,0.1,turning,"dt,dy,theta,r,delta_theta",primary,vectorchain,validation,chirp,51,0.09119962717796638,0.11301247786581257,0.813899359133984
seed-31415__h-16__c-64__turning,31415,16,64,0.1,turning,"dt,dy,theta,r,delta_theta",primary,vectorchain,validation,ramp,51,0.013989300479238877,0.017376038298044138,1.0002778556331404
seed-31415__h-16__c-64__turning,31415,16,64,0.1,turning,"dt,dy,theta,r,delta_theta",primary,vectorchain,validation,piecewise_linear,51,0.02902014539426819,0.044228745815511276,1.004374623440026
seed-31415__h-16__c-64__turning,31415,16,64,0.1,turning,"dt,dy,theta,r,delta_theta",primary,vectorchain,validation,first_order_response,51,0.013642215978784797,0.016769443300976142,1.0017356105224577
seed-31415__h-16__c-64__turning,31415,16,64,0.1,turning,"dt,dy,theta,r,delta_theta",primary,vectorchain,validation,second_order_response,51,0.020137180701951904,0.02335708126919703,0.999157189977149
seed-31415__h-16__c-64__turning,31415,16,64,0.1,turning,"dt,dy,theta,r,delta_theta",primary,vectorchain,validation,regime_change,51,0.2626322738414408,0.31578320186500114,0.9744376733619261
seed-31415__h-16__c-64__turning,31415,16,64,0.1,turning,"dt,dy,theta,r,delta_theta",primary,vectorchain,test,sine,52,0.05254443127772404,0.06305274754994519,0.9865919274108196
seed-31415__h-16__c-64__turning,31415,16,64,0.1,turning,"dt,dy,theta,r,delta_theta",primary,vectorchain,test,chirp,52,0.19535181585202557,0.2311113773052915,0.8904152600027869
seed-31415__h-16__c-64__turning,31415,16,64,0.1,turning,"dt,dy,theta,r,delta_theta",primary,vectorchain,test,ramp,52,0.010387460573631203,0.013529671015346127,1.000374203483011
seed-31415__h-16__c-64__turning,31415,16,64,0.1,turning,"dt,dy,theta,r,delta_theta",primary,vectorchain,test,piecewise_linear,52,0.015148310591456021,0.0189093395699213,0.9983527080560975
seed-31415__h-16__c-64__turning,31415,16,64,0.1,turning,"dt,dy,theta,r,delta_theta",primary,vectorchain,test,first_order_response,52,0.015294987810022835,0.018678664613664204,1.0011192238515603
seed-31415__h-16__c-64__turning,31415,16,64,0.1,turning,"dt,dy,theta,r,delta_theta",primary,vectorchain,test,second_order_response,52,0.017660501483729767,0.021686593388886618,1.0037447542477431
seed-31415__h-16__c-64__turning,31415,16,64,0.1,turning,"dt,dy,theta,r,delta_theta",primary,vectorchain,test,regime_change,52,0.26419671007207474,0.3083028447697764,1.0227147530836354
seed-31415__h-16__c-64__full_relational,31415,16,64,0.1,full_relational,"dt,dy,theta,r,delta_theta,delta_r",secondary,vectorchain,validation,sine,51,0.055605096074099664,0.06940921280497278,0.9752980946398305
seed-31415__h-16__c-64__full_relational,31415,16,64,0.1,full_relational,"dt,dy,theta,r,delta_theta,delta_r",secondary,vectorchain,validation,chirp,51,0.17972894656161167,0.21835348519115522,1.5725499079205176
seed-31415__h-16__c-64__full_relational,31415,16,64,0.1,full_relational,"dt,dy,theta,r,delta_theta,delta_r",secondary,vectorchain,validation,ramp,51,0.014037759696383262,0.017407498614420015,1.0020889162018516
seed-31415__h-16__c-64__full_relational,31415,16,64,0.1,full_relational,"dt,dy,theta,r,delta_theta,delta_r",secondary,vectorchain,validation,piecewise_linear,51,0.02903859860610444,0.045514201601612125,1.0335655748746255
seed-31415__h-16__c-64__full_relational,31415,16,64,0.1,full_relational,"dt,dy,theta,r,delta_theta,delta_r",secondary,vectorchain,validation,first_order_response,51,0.01370657563540944,0.016840038936260803,1.005952695165213
seed-31415__h-16__c-64__full_relational,31415,16,64,0.1,full_relational,"dt,dy,theta,r,delta_theta,delta_r",secondary,vectorchain,validation,second_order_response,51,0.02014097195051993,0.02340211839687781,1.0010837650239
seed-31415__h-16__c-64__full_relational,31415,16,64,0.1,full_relational,"dt,dy,theta,r,delta_theta,delta_r",secondary,vectorchain,validation,regime_change,51,0.2943363783340582,0.37175622357075616,1.1471581370213881
seed-31415__h-16__c-64__full_relational,31415,16,64,0.1,full_relational,"dt,dy,theta,r,delta_theta,delta_r",secondary,vectorchain,test,sine,52,0.052680938535545944,0.0641638691456448,1.003977745464517
seed-31415__h-16__c-64__full_relational,31415,16,64,0.1,full_relational,"dt,dy,theta,r,delta_theta,delta_r",secondary,vectorchain,test,chirp,52,0.28682229149967414,0.3935089519300846,1.5160931488171616
seed-31415__h-16__c-64__full_relational,31415,16,64,0.1,full_relational,"dt,dy,theta,r,delta_theta,delta_r",secondary,vectorchain,test,ramp,52,0.010445917744754611,0.013563824787573288,1.0028995089874044
seed-31415__h-16__c-64__full_relational,31415,16,64,0.1,full_relational,"dt,dy,theta,r,delta_theta,delta_r",secondary,vectorchain,test,piecewise_linear,52,0.01498912265563113,0.018729926331699082,0.9888802623592007
seed-31415__h-16__c-64__full_relational,31415,16,64,0.1,full_relational,"dt,dy,theta,r,delta_theta,delta_r",secondary,vectorchain,test,first_order_response,52,0.015349913426262806,0.018738029001766333,1.004300973263012
seed-31415__h-16__c-64__full_relational,31415,16,64,0.1,full_relational,"dt,dy,theta,r,delta_theta,delta_r",secondary,vectorchain,test,second_order_response,52,0.017811158887277332,0.021875962349404202,1.0125095287482084
seed-31415__h-16__c-64__full_relational,31415,16,64,0.1,full_relational,"dt,dy,theta,r,delta_theta,delta_r",secondary,vectorchain,test,regime_change,52,0.33035853632619777,0.38784836028154096,1.2865863768316232
seed-31415__h-1__c-128__raw,31415,1,128,,,,baseline,raw,validation,sine,51,0.011584019074781996,0.01339085046040914,
seed-31415__h-1__c-128__raw,31415,1,128,,,,baseline,raw,validation,chirp,51,0.024092369226536084,0.02851499127041404,
seed-31415__h-1__c-128__raw,31415,1,128,,,,baseline,raw,validation,ramp,51,0.011140663753946125,0.01403142816035575,
seed-31415__h-1__c-128__raw,31415,1,128,,,,baseline,raw,validation,piecewise_linear,51,0.01145259162350011,0.015275073697927272,
seed-31415__h-1__c-128__raw,31415,1,128,,,,baseline,raw,validation,first_order_response,51,0.013850167801696673,0.016923547285276355,
seed-31415__h-1__c-128__raw,31415,1,128,,,,baseline,raw,validation,second_order_response,51,0.013523807975818614,0.015982861943487074,
seed-31415__h-1__c-128__raw,31415,1,128,,,,baseline,raw,validation,regime_change,51,0.03556214448533944,0.042111795707204795,
seed-31415__h-1__c-128__raw,31415,1,128,,,,baseline,raw,test,sine,51,0.011704002299744637,0.014526278403949641,
seed-31415__h-1__c-128__raw,31415,1,128,,,,baseline,raw,test,chirp,51,0.028417267796223403,0.03235565060565058,
seed-31415__h-1__c-128__raw,31415,1,128,,,,baseline,raw,test,ramp,51,0.010016079872237916,0.012346386749885826,
seed-31415__h-1__c-128__raw,31415,1,128,,,,baseline,raw,test,piecewise_linear,51,0.011308596239588489,0.013961671479852427,
seed-31415__h-1__c-128__raw,31415,1,128,,,,baseline,raw,test,first_order_response,51,0.01047269247920704,0.013790178831495305,
seed-31415__h-1__c-128__raw,31415,1,128,,,,baseline,raw,test,second_order_response,51,0.011194489239400592,0.013138263217046982,
seed-31415__h-1__c-128__raw,31415,1,128,,,,baseline,raw,test,regime_change,51,0.03596419111839051,0.040446038029686306,
seed-31415__h-1__c-128__first_difference,31415,1,128,,,,baseline,first_difference,validation,sine,51,0.013155418099852666,0.016756924535663572,
seed-31415__h-1__c-128__first_difference,31415,1,128,,,,baseline,first_difference,validation,chirp,51,0.03037251944496916,0.03488046360775958,
seed-31415__h-1__c-128__first_difference,31415,1,128,,,,baseline,first_difference,validation,ramp,51,0.010716455362561184,0.013495861113420804,
seed-31415__h-1__c-128__first_difference,31415,1,128,,,,baseline,first_difference,validation,piecewise_linear,51,0.011429363674358038,0.015251940091804944,
seed-31415__h-1__c-128__first_difference,31415,1,128,,,,baseline,first_difference,validation,first_order_response,51,0.01251962674656771,0.015037608972373587,
seed-31415__h-1__c-128__first_difference,31415,1,128,,,,baseline,first_difference,validation,second_order_response,51,0.011153808018728607,0.014081814742034135,
seed-31415__h-1__c-128__first_difference,31415,1,128,,,,baseline,first_difference,validation,regime_change,51,0.03893115638302124,0.045531754838018204,
seed-31415__h-1__c-128__first_difference,31415,1,128,,,,baseline,first_difference,test,sine,51,0.017065806760939134,0.020321063039824654,
seed-31415__h-1__c-128__first_difference,31415,1,128,,,,baseline,first_difference,test,chirp,51,0.03212913548233515,0.03639996870320099,
seed-31415__h-1__c-128__first_difference,31415,1,128,,,,baseline,first_difference,test,ramp,51,0.009514982699484194,0.01137165946999625,
seed-31415__h-1__c-128__first_difference,31415,1,128,,,,baseline,first_difference,test,piecewise_linear,51,0.010710258773888445,0.013200190639552033,
seed-31415__h-1__c-128__first_difference,31415,1,128,,,,baseline,first_difference,test,first_order_response,51,0.010226610820123737,0.013392911622693847,
seed-31415__h-1__c-128__first_difference,31415,1,128,,,,baseline,first_difference,test,second_order_response,51,0.010376583762886193,0.012192367993911579,
seed-31415__h-1__c-128__first_difference,31415,1,128,,,,baseline,first_difference,test,regime_change,51,0.036915451389634646,0.041075283070658004,
seed-31415__h-1__c-128__segment,31415,1,128,0.1,segment,"dt,dy",secondary,vectorchain,validation,sine,51,0.012186236201533482,0.01594529060173729,1.0807314886574049
seed-31415__h-1__c-128__segment,31415,1,128,0.1,segment,"dt,dy",secondary,vectorchain,validation,chirp,51,0.017843040282673386,0.02225728024396804,1.6129378722462704
seed-31415__h-1__c-128__segment,31415,1,128,0.1,segment,"dt,dy",secondary,vectorchain,validation,ramp,51,0.011046651113249617,0.013938798141307912,1.0015384547652852
seed-31415__h-1__c-128__segment,31415,1,128,0.1,segment,"dt,dy",secondary,vectorchain,validation,piecewise_linear,51,0.012358189532895211,0.01650412478407803,1.0455842558340986
seed-31415__h-1__c-128__segment,31415,1,128,0.1,segment,"dt,dy",secondary,vectorchain,validation,first_order_response,51,0.012853609619222377,0.015548647898409379,1.0028576384905195
seed-31415__h-1__c-128__segment,31415,1,128,0.1,segment,"dt,dy",secondary,vectorchain,validation,second_order_response,51,0.010827605064688184,0.013746589580894414,0.9916483391244914
seed-31415__h-1__c-128__segment,31415,1,128,0.1,segment,"dt,dy",secondary,vectorchain,validation,regime_change,51,0.02783314617411867,0.03335070081200126,1.5113553795759125
seed-31415__h-1__c-128__segment,31415,1,128,0.1,segment,"dt,dy",secondary,vectorchain,test,sine,51,0.013456949453764206,0.016237283432310026,1.1200685025371784
seed-31415__h-1__c-128__segment,31415,1,128,0.1,segment,"dt,dy",secondary,vectorchain,test,chirp,51,0.02109059762173374,0.025169200567183758,1.509699638977837
seed-31415__h-1__c-128__segment,31415,1,128,0.1,segment,"dt,dy",secondary,vectorchain,test,ramp,51,0.00973125669828523,0.011655414409820007,0.9980323856269786
seed-31415__h-1__c-128__segment,31415,1,128,0.1,segment,"dt,dy",secondary,vectorchain,test,piecewise_linear,51,0.010851140913530217,0.013352939183632747,0.9922639095815387
seed-31415__h-1__c-128__segment,31415,1,128,0.1,segment,"dt,dy",secondary,vectorchain,test,first_order_response,51,0.010566924635551861,0.013806272431303532,1.0018447822780094
seed-31415__h-1__c-128__segment,31415,1,128,0.1,segment,"dt,dy",secondary,vectorchain,test,second_order_response,51,0.010916043932269755,0.012843695037344765,0.9934515497001366
seed-31415__h-1__c-128__segment,31415,1,128,0.1,segment,"dt,dy",secondary,vectorchain,test,regime_change,51,0.026990809234722822,0.029966381082255324,1.5481207721338646
seed-31415__h-1__c-128__absolute_geometry,31415,1,128,0.1,absolute_geometry,"dt,dy,theta,r",reference,vectorchain,validation,sine,51,0.012585670131433413,0.014754164905055335,1.0
seed-31415__h-1__c-128__absolute_geometry,31415,1,128,0.1,absolute_geometry,"dt,dy,theta,r",reference,vectorchain,validation,chirp,51,0.010608829794588418,0.0137992173331334,1.0
seed-31415__h-1__c-128__absolute_geometry,31415,1,128,0.1,absolute_geometry,"dt,dy,theta,r",reference,vectorchain,validation,ramp,51,0.011099238480201395,0.013917386871155664,1.0
seed-31415__h-1__c-128__absolute_geometry,31415,1,128,0.1,absolute_geometry,"dt,dy,theta,r",reference,vectorchain,validation,piecewise_linear,51,0.011912839773753965,0.015784595733905844,1.0
seed-31415__h-1__c-128__absolute_geometry,31415,1,128,0.1,absolute_geometry,"dt,dy,theta,r",reference,vectorchain,validation,first_order_response,51,0.012819527688196594,0.01550434209367232,1.0
seed-31415__h-1__c-128__absolute_geometry,31415,1,128,0.1,absolute_geometry,"dt,dy,theta,r",reference,vectorchain,validation,second_order_response,51,0.01083313762920596,0.013862363338430066,1.0
seed-31415__h-1__c-128__absolute_geometry,31415,1,128,0.1,absolute_geometry,"dt,dy,theta,r",reference,vectorchain,validation,regime_change,51,0.017317634481105397,0.02206674966238549,1.0
seed-31415__h-1__c-128__absolute_geometry,31415,1,128,0.1,absolute_geometry,"dt,dy,theta,r",reference,vectorchain,test,sine,51,0.011958789851073761,0.014496687832511443,1.0
seed-31415__h-1__c-128__absolute_geometry,31415,1,128,0.1,absolute_geometry,"dt,dy,theta,r",reference,vectorchain,test,chirp,51,0.012105376022368724,0.016671660982991898,1.0
seed-31415__h-1__c-128__absolute_geometry,31415,1,128,0.1,absolute_geometry,"dt,dy,theta,r",reference,vectorchain,test,ramp,51,0.009674176614282434,0.011678392983708544,1.0
seed-31415__h-1__c-128__absolute_geometry,31415,1,128,0.1,absolute_geometry,"dt,dy,theta,r",reference,vectorchain,test,piecewise_linear,51,0.010922322876657379,0.013457044093505326,1.0
seed-31415__h-1__c-128__absolute_geometry,31415,1,128,0.1,absolute_geometry,"dt,dy,theta,r",reference,vectorchain,test,first_order_response,51,0.010547974269467878,0.013780849763883211,1.0
seed-31415__h-1__c-128__absolute_geometry,31415,1,128,0.1,absolute_geometry,"dt,dy,theta,r",reference,vectorchain,test,second_order_response,51,0.010815988029100504,0.012928355732316795,1.0
seed-31415__h-1__c-128__absolute_geometry,31415,1,128,0.1,absolute_geometry,"dt,dy,theta,r",reference,vectorchain,test,regime_change,51,0.015575645441217418,0.019356617146187454,1.0
seed-31415__h-1__c-128__turning_matched,31415,1,128,0.1,turning_matched,"dt,dy,theta,delta_theta",capacity_control,vectorchain,validation,sine,51,0.012518274892357097,0.014564575741784512,0.9871501257786632
seed-31415__h-1__c-128__turning_matched,31415,1,128,0.1,turning_matched,"dt,dy,theta,delta_theta",capacity_control,vectorchain,validation,chirp,51,0.010875451960691854,0.014190575437013624,1.0283608913775515
seed-31415__h-1__c-128__turning_matched,31415,1,128,0.1,turning_matched,"dt,dy,theta,delta_theta",capacity_control,vectorchain,validation,ramp,51,0.011110933816908378,0.013928235066828124,1.0007794707277229
seed-31415__h-1__c-128__turning_matched,31415,1,128,0.1,turning_matched,"dt,dy,theta,delta_theta",capacity_control,vectorchain,validation,piecewise_linear,51,0.011988624026523063,0.01590243748558929,1.0074656173442769
seed-31415__h-1__c-128__turning_matched,31415,1,128,0.1,turning_matched,"dt,dy,theta,delta_theta",capacity_control,vectorchain,validation,first_order_response,51,0.012857702828919201,0.015553223447788795,1.0031527525528752
seed-31415__h-1__c-128__turning_matched,31415,1,128,0.1,turning_matched,"dt,dy,theta,delta_theta",capacity_control,vectorchain,validation,second_order_response,51,0.01095010875598927,0.013925901527027317,1.00458350333533
seed-31415__h-1__c-128__turning_matched,31415,1,128,0.1,turning_matched,"dt,dy,theta,delta_theta",capacity_control,vectorchain,validation,regime_change,51,0.017299589193412245,0.02155769918234434,0.9769313338924188
seed-31415__h-1__c-128__turning_matched,31415,1,128,0.1,turning_matched,"dt,dy,theta,delta_theta",capacity_control,vectorchain,test,sine,51,0.011907601187180414,0.014326579919223707,0.9882657393707382
seed-31415__h-1__c-128__turning_matched,31415,1,128,0.1,turning_matched,"dt,dy,theta,delta_theta",capacity_control,vectorchain,test,chirp,51,0.013845309489635596,0.017475046959709657,1.0481887184208794
seed-31415__h-1__c-128__turning_matched,31415,1,128,0.1,turning_matched,"dt,dy,theta,delta_theta",capacity_control,vectorchain,test,ramp,51,0.009676130792991702,0.011685161971068527,1.000579616336719
seed-31415__h-1__c-128__turning_matched,31415,1,128,0.1,turning_matched,"dt,dy,theta,delta_theta",capacity_control,vectorchain,test,piecewise_linear,51,0.01083584517687992,0.013383391029883184,0.9945268022375219
seed-31415__h-1__c-128__turning_matched,31415,1,128,0.1,turning_matched,"dt,dy,theta,delta_theta",capacity_control,vectorchain,test,first_order_response,51,0.010533369023652504,0.013768158658893513,0.9990790767472875
seed-31415__h-1__c-128__turning_matched,31415,1,128,0.1,turning_matched,"dt,dy,theta,delta_theta",capacity_control,vectorchain,test,second_order_response,51,0.010856900633940212,0.012942193974677642,1.0010703791454512
seed-31415__h-1__c-128__turning_matched,31415,1,128,0.1,turning_matched,"dt,dy,theta,delta_theta",capacity_control,vectorchain,test,regime_change,51,0.019196332672646303,0.022571868323680466,1.1661060480356868
seed-31415__h-1__c-128__turning,31415,1,128,0.1,turning,"dt,dy,theta,r,delta_theta",primary,vectorchain,validation,sine,51,0.012518514256237682,0.014564910820546678,0.9871728365701125
seed-31415__h-1__c-128__turning,31415,1,128,0.1,turning,"dt,dy,theta,r,delta_theta",primary,vectorchain,validation,chirp,51,0.010873538782787653,0.014187687415452592,1.028151602583027
seed-31415__h-1__c-128__turning,31415,1,128,0.1,turning,"dt,dy,theta,r,delta_theta",primary,vectorchain,validation,ramp,51,0.011111017681973246,0.01392826485202761,1.0007816108708232
seed-31415__h-1__c-128__turning,31415,1,128,0.1,turning,"dt,dy,theta,r,delta_theta",primary,vectorchain,validation,piecewise_linear,51,0.0119887249725093,0.015902640033102634,1.007478449317725
seed-31415__h-1__c-128__turning,31415,1,128,0.1,turning,"dt,dy,theta,r,delta_theta",primary,vectorchain,validation,first_order_response,51,0.012857811049955334,0.015553360171533623,1.0031615709692905
seed-31415__h-1__c-128__turning,31415,1,128,0.1,turning,"dt,dy,theta,r,delta_theta",primary,vectorchain,validation,second_order_response,51,0.010950426131759953,0.013926096016499799,1.0045975333724697
seed-31415__h-1__c-128__turning,31415,1,128,0.1,turning,"dt,dy,theta,r,delta_theta",primary,vectorchain,validation,regime_change,51,0.017291715290710986,0.021548952895524717,0.9765349779744228
seed-31415__h-1__c-128__turning,31415,1,128,0.1,turning,"dt,dy,theta,r,delta_theta",primary,vectorchain,test,sine,51,0.011907499465953198,0.014326720659384439,0.9882754478063726
seed-31415__h-1__c-128__turning,31415,1,128,0.1,turning,"dt,dy,theta,r,delta_theta",primary,vectorchain,test,chirp,51,0.01384235045554318,0.0174706450630433,1.0479246837412608
seed-31415__h-1__c-128__turning,31415,1,128,0.1,turning,"dt,dy,theta,r,delta_theta",primary,vectorchain,test,ramp,51,0.009676106415810634,0.011685212609122017,1.0005839523830877
seed-31415__h-1__c-128__turning,31415,1,128,0.1,turning,"dt,dy,theta,r,delta_theta",primary,vectorchain,test,piecewise_linear,51,0.010835815297416753,0.013383398605474838,0.9945273651837084
seed-31415__h-1__c-128__turning,31415,1,128,0.1,turning,"dt,dy,theta,r,delta_theta",primary,vectorchain,test,first_order_response,51,0.01053330148971899,0.013768095413517804,0.9990744873803912
seed-31415__h-1__c-128__turning,31415,1,128,0.1,turning,"dt,dy,theta,r,delta_theta",primary,vectorchain,test,second_order_response,51,0.010856843676772848,0.012941976042463941,1.0010535222289019
seed-31415__h-1__c-128__turning,31415,1,128,0.1,turning,"dt,dy,theta,r,delta_theta",primary,vectorchain,test,regime_change,51,0.01919009650992486,0.02256448557058795,1.1657246408385118
seed-31415__h-1__c-128__full_relational,31415,1,128,0.1,full_relational,"dt,dy,theta,r,delta_theta,delta_r",secondary,vectorchain,validation,sine,51,0.012636638435336498,0.01495213255359139,1.0134177467725214
seed-31415__h-1__c-128__full_relational,31415,1,128,0.1,full_relational,"dt,dy,theta,r,delta_theta,delta_r",secondary,vectorchain,validation,chirp,51,0.010700573836292318,0.014172734647410626,1.0270680072108416
seed-31415__h-1__c-128__full_relational,31415,1,128,0.1,full_relational,"dt,dy,theta,r,delta_theta,delta_r",secondary,vectorchain,validation,ramp,51,0.011130768069704129,0.01393394180496586,1.0011895145233412
seed-31415__h-1__c-128__full_relational,31415,1,128,0.1,full_relational,"dt,dy,theta,r,delta_theta,delta_r",secondary,vectorchain,validation,piecewise_linear,51,0.011949913275718869,0.015903337236931804,1.0075226192059452
seed-31415__h-1__c-128__full_relational,31415,1,128,0.1,full_relational,"dt,dy,theta,r,delta_theta,delta_r",secondary,vectorchain,validation,first_order_response,51,0.012879239807197154,0.015580544620817559,1.0049149152337356
seed-31415__h-1__c-128__full_relational,31415,1,128,0.1,full_relational,"dt,dy,theta,r,delta_theta,delta_r",secondary,vectorchain,validation,second_order_response,51,0.010842732817403018,0.013881581757090776,1.0013863738953828
seed-31415__h-1__c-128__full_relational,31415,1,128,0.1,full_relational,"dt,dy,theta,r,delta_theta,delta_r",secondary,vectorchain,validation,regime_change,51,0.017767211975000904,0.022132567612889537,1.0029826753604876
seed-31415__h-1__c-128__full_relational,31415,1,128,0.1,full_relational,"dt,dy,theta,r,delta_theta,delta_r",secondary,vectorchain,test,sine,51,0.011444316251818727,0.013956164317602977,0.9627139991456363
seed-31415__h-1__c-128__full_relational,31415,1,128,0.1,full_relational,"dt,dy,theta,r,delta_theta,delta_r",secondary,vectorchain,test,chirp,51,0.013803538490784006,0.017531024389537315,1.05154635806367
seed-31415__h-1__c-128__full_relational,31415,1,128,0.1,full_relational,"dt,dy,theta,r,delta_theta,delta_r",secondary,vectorchain,test,ramp,51,0.009668858148503393,0.011697753461059716,1.0016578032078711
seed-31415__h-1__c-128__full_relational,31415,1,128,0.1,full_relational,"dt,dy,theta,r,delta_theta,delta_r",secondary,vectorchain,test,piecewise_linear,51,0.01080074640077344,0.013364662632562556,0.993135085216273
seed-31415__h-1__c-128__full_relational,31415,1,128,0.1,full_relational,"dt,dy,theta,r,delta_theta,delta_r",secondary,vectorchain,test,first_order_response,51,0.010520452347694179,0.013754312979190199,0.9980743723973713
seed-31415__h-1__c-128__full_relational,31415,1,128,0.1,full_relational,"dt,dy,theta,r,delta_theta,delta_r",secondary,vectorchain,test,second_order_response,51,0.010881891530589397,0.012996564560210781,1.0052759089636965
seed-31415__h-1__c-128__full_relational,31415,1,128,0.1,full_relational,"dt,dy,theta,r,delta_theta,delta_r",secondary,vectorchain,test,regime_change,51,0.01831908734246534,0.02197737942076867,1.1353936100914932
seed-31415__h-4__c-128__raw,31415,4,128,,,,baseline,raw,validation,sine,51,0.017118946424741523,0.02108183060842244,
seed-31415__h-4__c-128__raw,31415,4,128,,,,baseline,raw,validation,chirp,51,0.09401808622946364,0.10603054804490651,
seed-31415__h-4__c-128__raw,31415,4,128,,,,baseline,raw,validation,ramp,51,0.014099594469271406,0.016883106186899376,
seed-31415__h-4__c-128__raw,31415,4,128,,,,baseline,raw,validation,piecewise_linear,51,0.012047884591225896,0.015366036364324608,
seed-31415__h-4__c-128__raw,31415,4,128,,,,baseline,raw,validation,first_order_response,51,0.016251121899285355,0.019426833278415753,
seed-31415__h-4__c-128__raw,31415,4,128,,,,baseline,raw,validation,second_order_response,51,0.01962532334908144,0.022522662048430536,
seed-31415__h-4__c-128__raw,31415,4,128,,,,baseline,raw,validation,regime_change,51,0.13895660863115186,0.1581625392841831,
seed-31415__h-4__c-128__raw,31415,4,128,,,,baseline,raw,test,sine,52,0.021416237096030664,0.026524078726197234,
seed-31415__h-4__c-128__raw,31415,4,128,,,,baseline,raw,test,chirp,52,0.11465766837153611,0.12979107537757725,
seed-31415__h-4__c-128__raw,31415,4,128,,,,baseline,raw,test,ramp,52,0.011436915661965268,0.014486087902911466,
seed-31415__h-4__c-128__raw,31415,4,128,,,,baseline,raw,test,piecewise_linear,52,0.013326771059642388,0.016970761858372044,
seed-31415__h-4__c-128__raw,31415,4,128,,,,baseline,raw,test,first_order_response,52,0.017721583268807423,0.02136007870739623,
seed-31415__h-4__c-128__raw,31415,4,128,,,,baseline,raw,test,second_order_response,52,0.017863978651958226,0.02174734541616967,
seed-31415__h-4__c-128__raw,31415,4,128,,,,baseline,raw,test,regime_change,52,0.13460958012576782,0.15193145201495972,
seed-31415__h-4__c-128__first_difference,31415,4,128,,,,baseline,first_difference,validation,sine,51,0.03903505728376624,0.046396777654468646,
seed-31415__h-4__c-128__first_difference,31415,4,128,,,,baseline,first_difference,validation,chirp,51,0.08918103437895405,0.09995233245009215,
seed-31415__h-4__c-128__first_difference,31415,4,128,,,,baseline,first_difference,validation,ramp,51,0.020424896664774827,0.02565124464120336,
seed-31415__h-4__c-128__first_difference,31415,4,128,,,,baseline,first_difference,validation,piecewise_linear,51,0.018678606281037326,0.022914526682488057,
seed-31415__h-4__c-128__first_difference,31415,4,128,,,,baseline,first_difference,validation,first_order_response,51,0.021110449935466073,0.02480224352728418,
seed-31415__h-4__c-128__first_difference,31415,4,128,,,,baseline,first_difference,validation,second_order_response,51,0.018151537875884,0.021640500557981834,
seed-31415__h-4__c-128__first_difference,31415,4,128,,,,baseline,first_difference,validation,regime_change,51,0.11326444318075272,0.13228207428616595,
seed-31415__h-4__c-128__first_difference,31415,4,128,,,,baseline,first_difference,test,sine,52,0.04177158761880492,0.050028810882036735,
seed-31415__h-4__c-128__first_difference,31415,4,128,,,,baseline,first_difference,test,chirp,52,0.0991203306873487,0.11274806607965909,
seed-31415__h-4__c-128__first_difference,31415,4,128,,,,baseline,first_difference,test,ramp,52,0.014576362085314161,0.01845929546829762,
seed-31415__h-4__c-128__first_difference,31415,4,128,,,,baseline,first_difference,test,piecewise_linear,52,0.01994544487944702,0.023641863405950793,
seed-31415__h-4__c-128__first_difference,31415,4,128,,,,baseline,first_difference,test,first_order_response,52,0.02369302949977347,0.02765779786513795,
seed-31415__h-4__c-128__first_difference,31415,4,128,,,,baseline,first_difference,test,second_order_response,52,0.020656188026240713,0.025216289966922278,
seed-31415__h-4__c-128__first_difference,31415,4,128,,,,baseline,first_difference,test,regime_change,52,0.10198791772066224,0.11716711722276078,
seed-31415__h-4__c-128__segment,31415,4,128,0.1,segment,"dt,dy",secondary,vectorchain,validation,sine,51,0.03804849126041761,0.04355768976907248,1.8934208228942724
seed-31415__h-4__c-128__segment,31415,4,128,0.1,segment,"dt,dy",secondary,vectorchain,validation,chirp,51,0.05968460895163536,0.07026332491310727,2.045010668401195
seed-31415__h-4__c-128__segment,31415,4,128,0.1,segment,"dt,dy",secondary,vectorchain,validation,ramp,51,0.0138738674430347,0.01682849915402904,1.0106782450863998
seed-31415__h-4__c-128__segment,31415,4,128,0.1,segment,"dt,dy",secondary,vectorchain,validation,piecewise_linear,51,0.015526909541809011,0.01959664993124639,1.2435203613948838
seed-31415__h-4__c-128__segment,31415,4,128,0.1,segment,"dt,dy",secondary,vectorchain,validation,first_order_response,51,0.013633814111215115,0.01574841706188304,1.0074528404671703
seed-31415__h-4__c-128__segment,31415,4,128,0.1,segment,"dt,dy",secondary,vectorchain,validation,second_order_response,51,0.012232647654776647,0.015026863740379412,1.0473379756330707
seed-31415__h-4__c-128__segment,31415,4,128,0.1,segment,"dt,dy",secondary,vectorchain,validation,regime_change,51,0.0984322232349038,0.1142087035047677,1.4830862820867623
seed-31415__h-4__c-128__segment,31415,4,128,0.1,segment,"dt,dy",secondary,vectorchain,test,sine,52,0.02746748657057292,0.03181597505489116,1.419687026179593
seed-31415__h-4__c-128__segment,31415,4,128,0.1,segment,"dt,dy",secondary,vectorchain,test,chirp,52,0.07944673954370153,0.09138809158662185,1.6360400742619945
seed-31415__h-4__c-128__segment,31415,4,128,0.1,segment,"dt,dy",secondary,vectorchain,test,ramp,52,0.008512483844389102,0.01059328074841017,1.0145688089780212
seed-31415__h-4__c-128__segment,31415,4,128,0.1,segment,"dt,dy",secondary,vectorchain,test,piecewise_linear,52,0.013484584268780528,0.016346465509760474,1.0450617205503299
seed-31415__h-4__c-128__segment,31415,4,128,0.1,segment,"dt,dy",secondary,vectorchain,test,first_order_response,52,0.013914008982002603,0.017261479497256118,1.009688956983105
seed-31415__h-4__c-128__segment,31415,4,128,0.1,segment,"dt,dy",secondary,vectorchain,test,second_order_response,52,0.015002484336466162,0.017702892475016278,1.0187476677723781
seed-31415__h-4__c-128__segment,31415,4,128,0.1,segment,"dt,dy",secondary,vectorchain,test,regime_change,52,0.09033654006051536,0.101354420177637,1.6330094717072658
seed-31415__h-4__c-128__absolute_geometry,31415,4,128,0.1,absolute_geometry,"dt,dy,theta,r",reference,vectorchain,validation,sine,51,0.016957762964638745,0.023004759027890294,1.0
seed-31415__h-4__c-128__absolute_geometry,31415,4,128,0.1,absolute_geometry,"dt,dy,theta,r",reference,vectorchain,validation,chirp,51,0.02723098534745469,0.034358414847801104,1.0
seed-31415__h-4__c-128__absolute_geometry,31415,4,128,0.1,absolute_geometry,"dt,dy,theta,r",reference,vectorchain,validation,ramp,51,0.013852189206101076,0.01665069891020601,1.0
seed-31415__h-4__c-128__absolute_geometry,31415,4,128,0.1,absolute_geometry,"dt,dy,theta,r",reference,vectorchain,validation,piecewise_linear,51,0.012623330599172585,0.015759010097160294,1.0
seed-31415__h-4__c-128__absolute_geometry,31415,4,128,0.1,absolute_geometry,"dt,dy,theta,r",reference,vectorchain,validation,first_order_response,51,0.013527574700114382,0.015631914893981812,1.0
seed-31415__h-4__c-128__absolute_geometry,31415,4,128,0.1,absolute_geometry,"dt,dy,theta,r",reference,vectorchain,validation,second_order_response,51,0.01179465668951746,0.01434767390277844,1.0
seed-31415__h-4__c-128__absolute_geometry,31415,4,128,0.1,absolute_geometry,"dt,dy,theta,r",reference,vectorchain,validation,regime_change,51,0.06345297370274877,0.07700745727623577,1.0
seed-31415__h-4__c-128__absolute_geometry,31415,4,128,0.1,absolute_geometry,"dt,dy,theta,r",reference,vectorchain,test,sine,52,0.01586633043435886,0.022410555614154337,1.0
seed-31415__h-4__c-128__absolute_geometry,31415,4,128,0.1,absolute_geometry,"dt,dy,theta,r",reference,vectorchain,test,chirp,52,0.04456703804150512,0.055859323389646394,1.0
seed-31415__h-4__c-128__absolute_geometry,31415,4,128,0.1,absolute_geometry,"dt,dy,theta,r",reference,vectorchain,test,ramp,52,0.008043144161502562,0.010441165404129486,1.0
seed-31415__h-4__c-128__absolute_geometry,31415,4,128,0.1,absolute_geometry,"dt,dy,theta,r",reference,vectorchain,test,piecewise_linear,52,0.012571192800042942,0.01564162688989548,1.0
seed-31415__h-4__c-128__absolute_geometry,31415,4,128,0.1,absolute_geometry,"dt,dy,theta,r",reference,vectorchain,test,first_order_response,52,0.013769355621276366,0.017095838651967107,1.0
seed-31415__h-4__c-128__absolute_geometry,31415,4,128,0.1,absolute_geometry,"dt,dy,theta,r",reference,vectorchain,test,second_order_response,52,0.014817458112234836,0.017377112149592363,1.0
seed-31415__h-4__c-128__absolute_geometry,31415,4,128,0.1,absolute_geometry,"dt,dy,theta,r",reference,vectorchain,test,regime_change,52,0.04769969099830511,0.06206603325556574,1.0
seed-31415__h-4__c-128__turning_matched,31415,4,128,0.1,turning_matched,"dt,dy,theta,delta_theta",capacity_control,vectorchain,validation,sine,51,0.01629504518725826,0.022153467279615226,0.9629949721601958
seed-31415__h-4__c-128__turning_matched,31415,4,128,0.1,turning_matched,"dt,dy,theta,delta_theta",capacity_control,vectorchain,validation,chirp,51,0.029453882491545336,0.03677608863273188,1.0703662784107022
seed-31415__h-4__c-128__turning_matched,31415,4,128,0.1,turning_matched,"dt,dy,theta,delta_theta",capacity_control,vectorchain,validation,ramp,51,0.013862778172453044,0.016661061766657666,1.0006223676560089
seed-31415__h-4__c-128__turning_matched,31415,4,128,0.1,turning_matched,"dt,dy,theta,delta_theta",capacity_control,vectorchain,validation,piecewise_linear,51,0.012794306747454659,0.01601701777462628,1.0163720738723607
seed-31415__h-4__c-128__turning_matched,31415,4,128,0.1,turning_matched,"dt,dy,theta,delta_theta",capacity_control,vectorchain,validation,first_order_response,51,0.013543002137240176,0.01563643687920917,1.0002892790331848
seed-31415__h-4__c-128__turning_matched,31415,4,128,0.1,turning_matched,"dt,dy,theta,delta_theta",capacity_control,vectorchain,validation,second_order_response,51,0.01195485439130559,0.014639538658941307,1.0203423048321685
seed-31415__h-4__c-128__turning_matched,31415,4,128,0.1,turning_matched,"dt,dy,theta,delta_theta",capacity_control,vectorchain,validation,regime_change,51,0.05406371040549769,0.06966922533538014,0.9047075153444888
seed-31415__h-4__c-128__turning_matched,31415,4,128,0.1,turning_matched,"dt,dy,theta,delta_theta",capacity_control,vectorchain,test,sine,52,0.015327689130164525,0.02150803394254768,0.9597278315118332
seed-31415__h-4__c-128__turning_matched,31415,4,128,0.1,turning_matched,"dt,dy,theta,delta_theta",capacity_control,vectorchain,test,chirp,52,0.05332329559327613,0.061669266833298354,1.104010272432495
seed-31415__h-4__c-128__turning_matched,31415,4,128,0.1,turning_matched,"dt,dy,theta,delta_theta",capacity_control,vectorchain,test,ramp,52,0.008043113303667889,0.010445963218755065,1.0004595094934212
seed-31415__h-4__c-128__turning_matched,31415,4,128,0.1,turning_matched,"dt,dy,theta,delta_theta",capacity_control,vectorchain,test,piecewise_linear,52,0.01256957350502325,0.015634573551133478,0.9995490661673718
seed-31415__h-4__c-128__turning_matched,31415,4,128,0.1,turning_matched,"dt,dy,theta,delta_theta",capacity_control,vectorchain,test,first_order_response,52,0.013795302755229602,0.01711268971787613,1.000985682320246
seed-31415__h-4__c-128__turning_matched,31415,4,128,0.1,turning_matched,"dt,dy,theta,delta_theta",capacity_control,vectorchain,test,second_order_response,52,0.014879722119359647,0.01745548583724363,1.0045101675684993
seed-31415__h-4__c-128__turning_matched,31415,4,128,0.1,turning_matched,"dt,dy,theta,delta_theta",capacity_control,vectorchain,test,regime_change,52,0.05592642108394487,0.06713115539208438,1.0816086008858061
seed-31415__h-4__c-128__turning,31415,4,128,0.1,turning,"dt,dy,theta,r,delta_theta",primary,vectorchain,validation,sine,51,0.01629502664288639,0.022153275810638584,0.9629866491442316
seed-31415__h-4__c-128__turning,31415,4,128,0.1,turning,"dt,dy,theta,r,delta_theta",primary,vectorchain,validation,chirp,51,0.02945416724626508,0.03677716845309054,1.0703977065299402
seed-31415__h-4__c-128__turning,31415,4,128,0.1,turning,"dt,dy,theta,r,delta_theta",primary,vectorchain,validation,ramp,51,0.013862822009922383,0.016661091448386355,1.0006241502675888
seed-31415__h-4__c-128__turning,31415,4,128,0.1,turning,"dt,dy,theta,r,delta_theta",primary,vectorchain,validation,piecewise_linear,51,0.012794620957308602,0.016017399712954895,1.0163963100601834
seed-31415__h-4__c-128__turning,31415,4,128,0.1,turning,"dt,dy,theta,r,delta_theta",primary,vectorchain,validation,first_order_response,51,0.013543039019379675,0.01563643826588861,1.0002893677414106
seed-31415__h-4__c-128__turning,31415,4,128,0.1,turning,"dt,dy,theta,r,delta_theta",primary,vectorchain,validation,second_order_response,51,0.0119551192905904,0.014639886051185012,1.0203665172756669
seed-31415__h-4__c-128__turning,31415,4,128,0.1,turning,"dt,dy,theta,r,delta_theta",primary,vectorchain,validation,regime_change,51,0.054067501301268805,0.06967377899566606,0.9047666480628901
seed-31415__h-4__c-128__turning,31415,4,128,0.1,turning,"dt,dy,theta,r,delta_theta",primary,vectorchain,test,sine,52,0.015327839841276484,0.02150816980234632,0.9597338938246547
seed-31415__h-4__c-128__turning,31415,4,128,0.1,turning,"dt,dy,theta,r,delta_theta",primary,vectorchain,test,chirp,52,0.05332529110426967,0.06167220248794736,1.104062826857985
seed-31415__h-4__c-128__turning,31415,4,128,0.1,turning,"dt,dy,theta,r,delta_theta",primary,vectorchain,test,ramp,52,0.008043085635061353,0.010445983067560363,1.0004614105077745
seed-31415__h-4__c-128__turning,31415,4,128,0.1,turning,"dt,dy,theta,r,delta_theta",primary,vectorchain,test,piecewise_linear,52,0.012569601412433441,0.015634589294461772,0.9995500726693427
seed-31415__h-4__c-128__turning,31415,4,128,0.1,turning,"dt,dy,theta,r,delta_theta",primary,vectorchain,test,first_order_response,52,0.01379536912465806,0.017112725133797746,1.0009877539309073
seed-31415__h-4__c-128__turning,31415,4,128,0.1,turning,"dt,dy,theta,r,delta_theta",primary,vectorchain,test,second_order_response,52,0.014879757222648825,0.01745553276045673,1.0045128678568267
seed-31415__h-4__c-128__turning,31415,4,128,0.1,turning,"dt,dy,theta,r,delta_theta",primary,vectorchain,test,regime_change,52,0.055927050842388706,0.0671340348821058,1.0816549948612284
seed-31415__h-4__c-128__full_relational,31415,4,128,0.1,full_relational,"dt,dy,theta,r,delta_theta,delta_r",secondary,vectorchain,validation,sine,51,0.016544426189465486,0.022636587007416248,0.9839958323394005
seed-31415__h-4__c-128__full_relational,31415,4,128,0.1,full_relational,"dt,dy,theta,r,delta_theta,delta_r",secondary,vectorchain,validation,chirp,51,0.03155004330504151,0.03859062557627758,1.1231782882657444
seed-31415__h-4__c-128__full_relational,31415,4,128,0.1,full_relational,"dt,dy,theta,r,delta_theta,delta_r",secondary,vectorchain,validation,ramp,51,0.013864931054988075,0.016655688701623903,1.0002996745929287
seed-31415__h-4__c-128__full_relational,31415,4,128,0.1,full_relational,"dt,dy,theta,r,delta_theta,delta_r",secondary,vectorchain,validation,piecewise_linear,51,0.01275495795931486,0.015889571014984543,1.008284842576995
seed-31415__h-4__c-128__full_relational,31415,4,128,0.1,full_relational,"dt,dy,theta,r,delta_theta,delta_r",secondary,vectorchain,validation,first_order_response,51,0.01353402838272824,0.01562790576862018,0.9997435294787091
seed-31415__h-4__c-128__full_relational,31415,4,128,0.1,full_relational,"dt,dy,theta,r,delta_theta,delta_r",secondary,vectorchain,validation,second_order_response,51,0.012073278745429841,0.014749418369963635,1.0280006689521566
seed-31415__h-4__c-128__full_relational,31415,4,128,0.1,full_relational,"dt,dy,theta,r,delta_theta,delta_r",secondary,vectorchain,validation,regime_change,51,0.0544730828610007,0.07021876161237621,0.9118436589912633
seed-31415__h-4__c-128__full_relational,31415,4,128,0.1,full_relational,"dt,dy,theta,r,delta_theta,delta_r",secondary,vectorchain,test,sine,52,0.014965009895020793,0.021202276667855874,0.9460843824177513
seed-31415__h-4__c-128__full_relational,31415,4,128,0.1,full_relational,"dt,dy,theta,r,delta_theta,delta_r",secondary,vectorchain,test,chirp,52,0.053561311290397644,0.06175090483673636,1.1054717653128965
seed-31415__h-4__c-128__full_relational,31415,4,128,0.1,full_relational,"dt,dy,theta,r,delta_theta,delta_r",secondary,vectorchain,test,ramp,52,0.008026507762699978,0.010447770847841828,1.00063263471621
seed-31415__h-4__c-128__full_relational,31415,4,128,0.1,full_relational,"dt,dy,theta,r,delta_theta,delta_r",secondary,vectorchain,test,piecewise_linear,52,0.012551965323569059,0.01565981159034326,1.001162583698984
seed-31415__h-4__c-128__full_relational,31415,4,128,0.1,full_relational,"dt,dy,theta,r,delta_theta,delta_r",secondary,vectorchain,test,first_order_response,52,0.01378258204584105,0.017099425844319276,1.000209828393049
seed-31415__h-4__c-128__full_relational,31415,4,128,0.1,full_relational,"dt,dy,theta,r,delta_theta,delta_r",secondary,vectorchain,test,second_order_response,52,0.01486111255513527,0.017452790345919882,1.0043550502336658
seed-31415__h-4__c-128__full_relational,31415,4,128,0.1,full_relational,"dt,dy,theta,r,delta_theta,delta_r",secondary,vectorchain,test,regime_change,52,0.0579273961321544,0.06833535985320772,1.1010105893480762
seed-31415__h-16__c-128__raw,31415,16,128,,,,baseline,raw,validation,sine,51,0.07125297472654497,0.07866921694348149,
seed-31415__h-16__c-128__raw,31415,16,128,,,,baseline,raw,validation,chirp,51,0.38485515218263544,0.4354677079634766,
seed-31415__h-16__c-128__raw,31415,16,128,,,,baseline,raw,validation,ramp,51,0.014769239384597418,0.018757549941686255,
seed-31415__h-16__c-128__raw,31415,16,128,,,,baseline,raw,validation,piecewise_linear,51,0.03138551203962928,0.04145295280506527,
seed-31415__h-16__c-128__raw,31415,16,128,,,,baseline,raw,validation,first_order_response,51,0.04681261264867147,0.04926000860483659,
seed-31415__h-16__c-128__raw,31415,16,128,,,,baseline,raw,validation,second_order_response,51,0.07898742081469223,0.08119794288171453,
seed-31415__h-16__c-128__raw,31415,16,128,,,,baseline,raw,validation,regime_change,51,0.5683194035251377,0.6476630372811124,
seed-31415__h-16__c-128__raw,31415,16,128,,,,baseline,raw,test,sine,52,0.09682004178235083,0.10742377994690756,
seed-31415__h-16__c-128__raw,31415,16,128,,,,baseline,raw,test,chirp,52,0.4693266600254921,0.5315530229480026,
seed-31415__h-16__c-128__raw,31415,16,128,,,,baseline,raw,test,ramp,52,0.037692842082905596,0.041016196085332635,
seed-31415__h-16__c-128__raw,31415,16,128,,,,baseline,raw,test,piecewise_linear,52,0.02437202067365117,0.02929646968838615,
seed-31415__h-16__c-128__raw,31415,16,128,,,,baseline,raw,test,first_order_response,52,0.05000724219137482,0.05296072676167974,
seed-31415__h-16__c-128__raw,31415,16,128,,,,baseline,raw,test,second_order_response,52,0.05821168727507027,0.060729636862195645,
seed-31415__h-16__c-128__raw,31415,16,128,,,,baseline,raw,test,regime_change,52,0.5213973147359988,0.5920882492516857,
seed-31415__h-16__c-128__first_difference,31415,16,128,,,,baseline,first_difference,validation,sine,51,0.1470611138387886,0.17247701225990444,
seed-31415__h-16__c-128__first_difference,31415,16,128,,,,baseline,first_difference,validation,chirp,51,0.3352087023186728,0.37219309216414087,
seed-31415__h-16__c-128__first_difference,31415,16,128,,,,baseline,first_difference,validation,ramp,51,0.05722609222811065,0.07077486036067501,
seed-31415__h-16__c-128__first_difference,31415,16,128,,,,baseline,first_difference,validation,piecewise_linear,51,0.06022737606434113,0.07449495556731707,
seed-31415__h-16__c-128__first_difference,31415,16,128,,,,baseline,first_difference,validation,first_order_response,51,0.057117173090512764,0.07060758216945726,
seed-31415__h-16__c-128__first_difference,31415,16,128,,,,baseline,first_difference,validation,second_order_response,51,0.06280705510022151,0.07361709889304914,
seed-31415__h-16__c-128__first_difference,31415,16,128,,,,baseline,first_difference,validation,regime_change,51,0.45455126825683057,0.5330963296242978,
seed-31415__h-16__c-128__first_difference,31415,16,128,,,,baseline,first_difference,test,sine,52,0.15828877739537314,0.1833282486009358,
seed-31415__h-16__c-128__first_difference,31415,16,128,,,,baseline,first_difference,test,chirp,52,0.37182610947078654,0.42318981672519573,
seed-31415__h-16__c-128__first_difference,31415,16,128,,,,baseline,first_difference,test,ramp,52,0.04710265854783432,0.06307579730690167,
seed-31415__h-16__c-128__first_difference,31415,16,128,,,,baseline,first_difference,test,piecewise_linear,52,0.05424818737330084,0.06583787447602314,
seed-31415__h-16__c-128__first_difference,31415,16,128,,,,baseline,first_difference,test,first_order_response,52,0.06334962544528445,0.07558189643530304,
seed-31415__h-16__c-128__first_difference,31415,16,128,,,,baseline,first_difference,test,second_order_response,52,0.05423048875228149,0.0699878839904328,
seed-31415__h-16__c-128__first_difference,31415,16,128,,,,baseline,first_difference,test,regime_change,52,0.3799228415317616,0.4384278664480739,
seed-31415__h-16__c-128__segment,31415,16,128,0.1,segment,"dt,dy",secondary,vectorchain,validation,sine,51,0.146879884260556,0.1651129529717361,2.2925602551736692
seed-31415__h-16__c-128__segment,31415,16,128,0.1,segment,"dt,dy",secondary,vectorchain,validation,chirp,51,0.2372781676712593,0.26798981516754466,1.4571819733137865
seed-31415__h-16__c-128__segment,31415,16,128,0.1,segment,"dt,dy",secondary,vectorchain,validation,ramp,51,0.014448939132964436,0.01790181186700107,1.0773267327585885
seed-31415__h-16__c-128__segment,31415,16,128,0.1,segment,"dt,dy",secondary,vectorchain,validation,piecewise_linear,51,0.04676855811775677,0.05928949234099069,1.4599990735963482
seed-31415__h-16__c-128__segment,31415,16,128,0.1,segment,"dt,dy",secondary,vectorchain,validation,first_order_response,51,0.013093886747621441,0.01606773718706835,1.0536324692335373
seed-31415__h-16__c-128__segment,31415,16,128,0.1,segment,"dt,dy",secondary,vectorchain,validation,second_order_response,51,0.031058508192464324,0.03690715818891768,1.179298494873624
seed-31415__h-16__c-128__segment,31415,16,128,0.1,segment,"dt,dy",secondary,vectorchain,validation,regime_change,51,0.4058805903607888,0.4629543879635602,1.0427062027253877
seed-31415__h-16__c-128__segment,31415,16,128,0.1,segment,"dt,dy",secondary,vectorchain,test,sine,52,0.09963018877596747,0.10974429121238453,1.4872912515277055
seed-31415__h-16__c-128__segment,31415,16,128,0.1,segment,"dt,dy",secondary,vectorchain,test,chirp,52,0.3222136431794651,0.367730677003016,1.0492915898960449
seed-31415__h-16__c-128__segment,31415,16,128,0.1,segment,"dt,dy",secondary,vectorchain,test,ramp,52,0.011538219556220449,0.014171790045050666,1.1319115004920544
seed-31415__h-16__c-128__segment,31415,16,128,0.1,segment,"dt,dy",secondary,vectorchain,test,piecewise_linear,52,0.014255211204910604,0.01766037189055891,1.0523094296003854
seed-31415__h-16__c-128__segment,31415,16,128,0.1,segment,"dt,dy",secondary,vectorchain,test,first_order_response,52,0.014429237700836862,0.017902906892228298,1.0298411852673262
seed-31415__h-16__c-128__segment,31415,16,128,0.1,segment,"dt,dy",secondary,vectorchain,test,second_order_response,52,0.02489245846226468,0.03000768752298453,1.0365641010224096
seed-31415__h-16__c-128__segment,31415,16,128,0.1,segment,"dt,dy",secondary,vectorchain,test,regime_change,52,0.3802453337386228,0.42623355672592655,1.0320408731814883
seed-31415__h-16__c-128__absolute_geometry,31415,16,128,0.1,absolute_geometry,"dt,dy,theta,r",reference,vectorchain,validation,sine,51,0.046694766930258334,0.0720212053746994,1.0
seed-31415__h-16__c-128__absolute_geometry,31415,16,128,0.1,absolute_geometry,"dt,dy,theta,r",reference,vectorchain,validation,chirp,51,0.1466362181718194,0.1839096420868475,1.0
seed-31415__h-16__c-128__absolute_geometry,31415,16,128,0.1,absolute_geometry,"dt,dy,theta,r",reference,vectorchain,validation,ramp,51,0.01322796865061652,0.016616882624978523,1.0
seed-31415__h-16__c-128__absolute_geometry,31415,16,128,0.1,absolute_geometry,"dt,dy,theta,r",reference,vectorchain,validation,piecewise_linear,51,0.026997158426308926,0.040609267096961665,1.0
seed-31415__h-16__c-128__absolute_geometry,31415,16,128,0.1,absolute_geometry,"dt,dy,theta,r",reference,vectorchain,validation,first_order_response,51,0.01231132560758069,0.015249850072252226,1.0
seed-31415__h-16__c-128__absolute_geometry,31415,16,128,0.1,absolute_geometry,"dt,dy,theta,r",reference,vectorchain,validation,second_order_response,51,0.02486800543039305,0.03129585796077246,1.0
seed-31415__h-16__c-128__absolute_geometry,31415,16,128,0.1,absolute_geometry,"dt,dy,theta,r",reference,vectorchain,validation,regime_change,51,0.36368544111847756,0.4439931274538377,1.0
seed-31415__h-16__c-128__absolute_geometry,31415,16,128,0.1,absolute_geometry,"dt,dy,theta,r",reference,vectorchain,test,sine,52,0.049878100254396054,0.07378802981571912,1.0
seed-31415__h-16__c-128__absolute_geometry,31415,16,128,0.1,absolute_geometry,"dt,dy,theta,r",reference,vectorchain,test,chirp,52,0.2951293903537297,0.35045613682984694,1.0
seed-31415__h-16__c-128__absolute_geometry,31415,16,128,0.1,absolute_geometry,"dt,dy,theta,r",reference,vectorchain,test,ramp,52,0.00954272948004085,0.012520227985041264,1.0
seed-31415__h-16__c-128__absolute_geometry,31415,16,128,0.1,absolute_geometry,"dt,dy,theta,r",reference,vectorchain,test,piecewise_linear,52,0.01320386090714106,0.016782489440644314,1.0
seed-31415__h-16__c-128__absolute_geometry,31415,16,128,0.1,absolute_geometry,"dt,dy,theta,r",reference,vectorchain,test,first_order_response,52,0.013972304351163969,0.01738414344691513,1.0
seed-31415__h-16__c-128__absolute_geometry,31415,16,128,0.1,absolute_geometry,"dt,dy,theta,r",reference,vectorchain,test,second_order_response,52,0.022185203788866244,0.02894918654175521,1.0
seed-31415__h-16__c-128__absolute_geometry,31415,16,128,0.1,absolute_geometry,"dt,dy,theta,r",reference,vectorchain,test,regime_change,52,0.3279058032236213,0.4130006551116234,1.0
seed-31415__h-16__c-128__turning_matched,31415,16,128,0.1,turning_matched,"dt,dy,theta,delta_theta",capacity_control,vectorchain,validation,sine,51,0.03650431048139204,0.05755442647905405,0.7991316748951909
seed-31415__h-16__c-128__turning_matched,31415,16,128,0.1,turning_matched,"dt,dy,theta,delta_theta",capacity_control,vectorchain,validation,chirp,51,0.21873235955152118,0.25263131033709046,1.3736708280786636
seed-31415__h-16__c-128__turning_matched,31415,16,128,0.1,turning_matched,"dt,dy,theta,delta_theta",capacity_control,vectorchain,validation,ramp,51,0.013347198172680303,0.01677793958818453,1.009692369311432
seed-31415__h-16__c-128__turning_matched,31415,16,128,0.1,turning_matched,"dt,dy,theta,delta_theta",capacity_control,vectorchain,validation,piecewise_linear,51,0.029978476258314003,0.04417322754478204,1.0877622449898148
seed-31415__h-16__c-128__turning_matched,31415,16,128,0.1,turning_matched,"dt,dy,theta,delta_theta",capacity_control,vectorchain,validation,first_order_response,51,0.012233237256654097,0.015193035820726793,0.9962744386825935
seed-31415__h-16__c-128__turning_matched,31415,16,128,0.1,turning_matched,"dt,dy,theta,delta_theta",capacity_control,vectorchain,validation,second_order_response,51,0.026574637325595576,0.03337269288978636,1.0663613354718409
seed-31415__h-16__c-128__turning_matched,31415,16,128,0.1,turning_matched,"dt,dy,theta,delta_theta",capacity_control,vectorchain,validation,regime_change,51,0.3537185741883758,0.4077292467342151,0.9183233287245128
seed-31415__h-16__c-128__turning_matched,31415,16,128,0.1,turning_matched,"dt,dy,theta,delta_theta",capacity_control,vectorchain,test,sine,52,0.039292984342722735,0.05907263292635584,0.8005720314512524
seed-31415__h-16__c-128__turning_matched,31415,16,128,0.1,turning_matched,"dt,dy,theta,delta_theta",capacity_control,vectorchain,test,chirp,52,0.35895930495536543,0.40103445207517047,1.1443213855601
seed-31415__h-16__c-128__turning_matched,31415,16,128,0.1,turning_matched,"dt,dy,theta,delta_theta",capacity_control,vectorchain,test,ramp,52,0.009675450204606497,0.012669515013091695,1.0119236669035736
seed-31415__h-16__c-128__turning_matched,31415,16,128,0.1,turning_matched,"dt,dy,theta,delta_theta",capacity_control,vectorchain,test,piecewise_linear,52,0.013271562861235108,0.01696501895966465,1.0108761885217268
seed-31415__h-16__c-128__turning_matched,31415,16,128,0.1,turning_matched,"dt,dy,theta,delta_theta",capacity_control,vectorchain,test,first_order_response,52,0.014018331391287027,0.017533745022419507,1.0086056339768021
seed-31415__h-16__c-128__turning_matched,31415,16,128,0.1,turning_matched,"dt,dy,theta,delta_theta",capacity_control,vectorchain,test,second_order_response,52,0.022380169787727777,0.030366453606021346,1.0489570600618405
seed-31415__h-16__c-128__turning_matched,31415,16,128,0.1,turning_matched,"dt,dy,theta,delta_theta",capacity_control,vectorchain,test,regime_change,52,0.430853526286942,0.4867136145103613,1.1784814587735102
seed-31415__h-16__c-128__turning,31415,16,128,0.1,turning,"dt,dy,theta,r,delta_theta",primary,vectorchain,validation,sine,51,0.036506926184193315,0.05756092739996437,0.7992219388789231
seed-31415__h-16__c-128__turning,31415,16,128,0.1,turning,"dt,dy,theta,r,delta_theta",primary,vectorchain,validation,chirp,51,0.21870936669151186,0.25259840012490803,1.3734918803529816
seed-31415__h-16__c-128__turning,31415,16,128,0.1,turning,"dt,dy,theta,r,delta_theta",primary,vectorchain,validation,ramp,51,0.013347586296506817,0.016778522273825282,1.009727435193156
seed-31415__h-16__c-128__turning,31415,16,128,0.1,turning,"dt,dy,theta,r,delta_theta",primary,vectorchain,validation,piecewise_linear,51,0.029976043722105234,0.04417262202596974,1.0877473341368105
seed-31415__h-16__c-128__turning,31415,16,128,0.1,turning,"dt,dy,theta,r,delta_theta",primary,vectorchain,validation,first_order_response,51,0.012233018213100109,0.015193013068981468,0.9962729467501995
seed-31415__h-16__c-128__turning,31415,16,128,0.1,turning,"dt,dy,theta,r,delta_theta",primary,vectorchain,validation,second_order_response,51,0.026574186105163555,0.033372304672281514,1.0663489307151048
seed-31415__h-16__c-128__turning,31415,16,128,0.1,turning,"dt,dy,theta,r,delta_theta",primary,vectorchain,validation,regime_change,51,0.35363382873692384,0.4076203819543488,0.9180781339835703
seed-31415__h-16__c-128__turning,31415,16,128,0.1,turning,"dt,dy,theta,r,delta_theta",primary,vectorchain,test,sine,52,0.03930136301067854,0.059073381085102135,0.800582170748211
seed-31415__h-16__c-128__turning,31415,16,128,0.1,turning,"dt,dy,theta,r,delta_theta",primary,vectorchain,test,chirp,52,0.35888882912570796,0.4009514919601377,1.1440846651654075
seed-31415__h-16__c-128__turning,31415,16,128,0.1,turning,"dt,dy,theta,r,delta_theta",primary,vectorchain,test,ramp,52,0.009676145623626304,0.012670140603016102,1.0119736332400615
seed-31415__h-16__c-128__turning,31415,16,128,0.1,turning,"dt,dy,theta,r,delta_theta",primary,vectorchain,test,piecewise_linear,52,0.013273476335297936,0.01696677400084423,1.0109807642573938
seed-31415__h-16__c-128__turning,31415,16,128,0.1,turning,"dt,dy,theta,r,delta_theta",primary,vectorchain,test,first_order_response,52,0.014018503786032902,0.017534180572326995,1.0086306884126919
seed-31415__h-16__c-128__turning,31415,16,128,0.1,turning,"dt,dy,theta,r,delta_theta",primary,vectorchain,test,second_order_response,52,0.022378105820985743,0.03036223712053666,1.048811408802224
seed-31415__h-16__c-128__turning,31415,16,128,0.1,turning,"dt,dy,theta,r,delta_theta",primary,vectorchain,test,regime_change,52,0.43078580235676645,0.4866048996173468,1.1782182270045796
seed-31415__h-16__c-128__full_relational,31415,16,128,0.1,full_relational,"dt,dy,theta,r,delta_theta,delta_r",secondary,vectorchain,validation,sine,51,0.03961392636472514,0.06437987067765953,0.89390159943471
seed-31415__h-16__c-128__full_relational,31415,16,128,0.1,full_relational,"dt,dy,theta,r,delta_theta,delta_r",secondary,vectorchain,validation,chirp,51,0.2381022711918722,0.26701297396116813,1.451870445352054
seed-31415__h-16__c-128__full_relational,31415,16,128,0.1,full_relational,"dt,dy,theta,r,delta_theta,delta_r",secondary,vectorchain,validation,ramp,51,0.013438577672724952,0.01693017482278814,1.018853849117203
seed-31415__h-16__c-128__full_relational,31415,16,128,0.1,full_relational,"dt,dy,theta,r,delta_theta,delta_r",secondary,vectorchain,validation,piecewise_linear,51,0.028774663017418156,0.04205387148235233,1.0355732690752932
seed-31415__h-16__c-128__full_relational,31415,16,128,0.1,full_relational,"dt,dy,theta,r,delta_theta,delta_r",secondary,vectorchain,validation,first_order_response,51,0.012187466804413738,0.015159680761766135,0.9940872001981083
seed-31415__h-16__c-128__full_relational,31415,16,128,0.1,full_relational,"dt,dy,theta,r,delta_theta,delta_r",secondary,vectorchain,validation,second_order_response,51,0.02719501061714427,0.03436020408597236,1.0979153896033425
seed-31415__h-16__c-128__full_relational,31415,16,128,0.1,full_relational,"dt,dy,theta,r,delta_theta,delta_r",secondary,vectorchain,validation,regime_change,51,0.34230389608015155,0.40105744192371184,0.9032965087177168
seed-31415__h-16__c-128__full_relational,31415,16,128,0.1,full_relational,"dt,dy,theta,r,delta_theta,delta_r",secondary,vectorchain,test,sine,52,0.03739129829804844,0.05524337969980871,0.7486767140656216
seed-31415__h-16__c-128__full_relational,31415,16,128,0.1,full_relational,"dt,dy,theta,r,delta_theta,delta_r",secondary,vectorchain,test,chirp,52,0.35577772712459227,0.39908381537315046,1.1387553917108695
seed-31415__h-16__c-128__full_relational,31415,16,128,0.1,full_relational,"dt,dy,theta,r,delta_theta,delta_r",secondary,vectorchain,test,ramp,52,0.009944173932319457,0.012871287209075735,1.0280393635366627
seed-31415__h-16__c-128__full_relational,31415,16,128,0.1,full_relational,"dt,dy,theta,r,delta_theta,delta_r",secondary,vectorchain,test,piecewise_linear,52,0.014025905196668973,0.017916177121149176,1.0675518184900068
seed-31415__h-16__c-128__full_relational,31415,16,128,0.1,full_relational,"dt,dy,theta,r,delta_theta,delta_r",secondary,vectorchain,test,first_order_response,52,0.013998966263543593,0.017525128800424297,1.0081099971327137
seed-31415__h-16__c-128__full_relational,31415,16,128,0.1,full_relational,"dt,dy,theta,r,delta_theta,delta_r",secondary,vectorchain,test,second_order_response,52,0.021919112165707542,0.030572739230283606,1.05608284316337
seed-31415__h-16__c-128__full_relational,31415,16,128,0.1,full_relational,"dt,dy,theta,r,delta_theta,delta_r",secondary,vectorchain,test,regime_change,52,0.43503116156774446,0.49336436010074547,1.1945849334485965
seed-104729__h-1__c-32__raw,104729,1,32,,,,baseline,raw,validation,sine,51,0.011945419138802597,0.015219080015618723,
seed-104729__h-1__c-32__raw,104729,1,32,,,,baseline,raw,validation,chirp,51,0.011690757856923722,0.01499301598110121,
seed-104729__h-1__c-32__raw,104729,1,32,,,,baseline,raw,validation,ramp,51,0.012381405873981177,0.01445378595731303,
seed-104729__h-1__c-32__raw,104729,1,32,,,,baseline,raw,validation,piecewise_linear,51,0.012866127687044726,0.015352590104704314,
seed-104729__h-1__c-32__raw,104729,1,32,,,,baseline,raw,validation,first_order_response,51,0.010373955665613272,0.0130547448824217,
seed-104729__h-1__c-32__raw,104729,1,32,,,,baseline,raw,validation,second_order_response,51,0.011167922421234966,0.013741472864324481,
seed-104729__h-1__c-32__raw,104729,1,32,,,,baseline,raw,validation,regime_change,51,0.012165041016948893,0.015397503681922563,
seed-104729__h-1__c-32__raw,104729,1,32,,,,baseline,raw,test,sine,51,0.011376439780781383,0.014453700663229372,
seed-104729__h-1__c-32__raw,104729,1,32,,,,baseline,raw,test,chirp,51,0.013609392370431118,0.01787128955674303,
seed-104729__h-1__c-32__raw,104729,1,32,,,,baseline,raw,test,ramp,51,0.01057387714629042,0.013671516676082062,
seed-104729__h-1__c-32__raw,104729,1,32,,,,baseline,raw,test,piecewise_linear,51,0.013135048824002044,0.016210744347736877,
seed-104729__h-1__c-32__raw,104729,1,32,,,,baseline,raw,test,first_order_response,51,0.009354759123796503,0.011743215793333584,
seed-104729__h-1__c-32__raw,104729,1,32,,,,baseline,raw,test,second_order_response,51,0.012593570644297765,0.01702601896461418,
seed-104729__h-1__c-32__raw,104729,1,32,,,,baseline,raw,test,regime_change,51,0.016657242642357174,0.020163091735342867,
seed-104729__h-1__c-32__first_difference,104729,1,32,,,,baseline,first_difference,validation,sine,51,0.01075947533310848,0.013516756944672073,
seed-104729__h-1__c-32__first_difference,104729,1,32,,,,baseline,first_difference,validation,chirp,51,0.018190866500068667,0.022312483385382317,
seed-104729__h-1__c-32__first_difference,104729,1,32,,,,baseline,first_difference,validation,ramp,51,0.010332298429098347,0.012573604448651231,
seed-104729__h-1__c-32__first_difference,104729,1,32,,,,baseline,first_difference,validation,piecewise_linear,51,0.011017121633344213,0.013709151272109905,
seed-104729__h-1__c-32__first_difference,104729,1,32,,,,baseline,first_difference,validation,first_order_response,51,0.008285197186235738,0.01060018405809853,
seed-104729__h-1__c-32__first_difference,104729,1,32,,,,baseline,first_difference,validation,second_order_response,51,0.009492598565409214,0.011561119231483737,
seed-104729__h-1__c-32__first_difference,104729,1,32,,,,baseline,first_difference,validation,regime_change,51,0.027689440926531222,0.03177461434073055,
seed-104729__h-1__c-32__first_difference,104729,1,32,,,,baseline,first_difference,test,sine,51,0.011729673300600818,0.01504118257705271,
seed-104729__h-1__c-32__first_difference,104729,1,32,,,,baseline,first_difference,test,chirp,51,0.025548407968246027,0.030218612574925682,
seed-104729__h-1__c-32__first_difference,104729,1,32,,,,baseline,first_difference,test,ramp,51,0.008619624490993382,0.011731368449337257,
seed-104729__h-1__c-32__first_difference,104729,1,32,,,,baseline,first_difference,test,piecewise_linear,51,0.01101383728209257,0.013488265909188288,
seed-104729__h-1__c-32__first_difference,104729,1,32,,,,baseline,first_difference,test,first_order_response,51,0.009035019069188768,0.011141587786305356,
seed-104729__h-1__c-32__first_difference,104729,1,32,,,,baseline,first_difference,test,second_order_response,51,0.01086689244726889,0.014919865744693776,
seed-104729__h-1__c-32__first_difference,104729,1,32,,,,baseline,first_difference,test,regime_change,51,0.029905658635931195,0.034300203361715624,
seed-104729__h-1__c-32__segment,104729,1,32,0.1,segment,"dt,dy",secondary,vectorchain,validation,sine,51,0.012112295698352671,0.015269497624276571,1.0014143310541792
seed-104729__h-1__c-32__segment,104729,1,32,0.1,segment,"dt,dy",secondary,vectorchain,validation,chirp,51,0.016606351786920753,0.021613681991104507,1.0144892745034952
seed-104729__h-1__c-32__segment,104729,1,32,0.1,segment,"dt,dy",secondary,vectorchain,validation,ramp,51,0.012175472281010999,0.014278450780452572,1.0001081634358335
seed-104729__h-1__c-32__segment,104729,1,32,0.1,segment,"dt,dy",secondary,vectorchain,validation,piecewise_linear,51,0.012819991856140942,0.01524292521070005,0.9999970006025701
seed-104729__h-1__c-32__segment,104729,1,32,0.1,segment,"dt,dy",secondary,vectorchain,validation,first_order_response,51,0.010285284701940695,0.013118931819872037,0.999412288534465
seed-104729__h-1__c-32__segment,104729,1,32,0.1,segment,"dt,dy",secondary,vectorchain,validation,second_order_response,51,0.010818952820320806,0.013588269884504428,0.999947750023846
seed-104729__h-1__c-32__segment,104729,1,32,0.1,segment,"dt,dy",secondary,vectorchain,validation,regime_change,51,0.02613086798167544,0.030653433295678875,0.9631859000783564
seed-104729__h-1__c-32__segment,104729,1,32,0.1,segment,"dt,dy",secondary,vectorchain,test,sine,51,0.01230300286335386,0.015852322928838466,0.9990478012005786
seed-104729__h-1__c-32__segment,104729,1,32,0.1,segment,"dt,dy",secondary,vectorchain,test,chirp,51,0.017554501834100664,0.022946595789040156,0.9883841895321457
seed-104729__h-1__c-32__segment,104729,1,32,0.1,segment,"dt,dy",secondary,vectorchain,test,ramp,51,0.010412764382652755,0.01347002990723634,1.0002685056625764
seed-104729__h-1__c-32__segment,104729,1,32,0.1,segment,"dt,dy",secondary,vectorchain,test,piecewise_linear,51,0.013051626623437569,0.01610015345649316,0.9995928037856116
seed-104729__h-1__c-32__segment,104729,1,32,0.1,segment,"dt,dy",secondary,vectorchain,test,first_order_response,51,0.00928429658435329,0.011573656361936286,0.9997882642806051
seed-104729__h-1__c-32__segment,104729,1,32,0.1,segment,"dt,dy",secondary,vectorchain,test,second_order_response,51,0.012502710677965923,0.016861296057020768,0.9997641216915861
seed-104729__h-1__c-32__segment,104729,1,32,0.1,segment,"dt,dy",secondary,vectorchain,test,regime_change,51,0.028202772714593125,0.03279894111294342,0.9850001622263335
seed-104729__h-1__c-32__absolute_geometry,104729,1,32,0.1,absolute_geometry,"dt,dy,theta,r",reference,vectorchain,validation,sine,51,0.012088353381280972,0.015247932000536202,1.0
seed-104729__h-1__c-32__absolute_geometry,104729,1,32,0.1,absolute_geometry,"dt,dy,theta,r",reference,vectorchain,validation,chirp,51,0.016441522635453055,0.02130498816922686,1.0
seed-104729__h-1__c-32__absolute_geometry,104729,1,32,0.1,absolute_geometry,"dt,dy,theta,r",reference,vectorchain,validation,ramp,51,0.012172604663511484,0.014276906541188003,1.0
seed-104729__h-1__c-32__absolute_geometry,104729,1,32,0.1,absolute_geometry,"dt,dy,theta,r",reference,vectorchain,validation,piecewise_linear,51,0.012812668689136929,0.015242970930427882,1.0
seed-104729__h-1__c-32__absolute_geometry,104729,1,32,0.1,absolute_geometry,"dt,dy,theta,r",reference,vectorchain,validation,first_order_response,51,0.010288214042459805,0.013126646500524421,1.0
seed-104729__h-1__c-32__absolute_geometry,104729,1,32,0.1,absolute_geometry,"dt,dy,theta,r",reference,vectorchain,validation,second_order_response,51,0.010815068008002034,0.0135889799083806,1.0
seed-104729__h-1__c-32__absolute_geometry,104729,1,32,0.1,absolute_geometry,"dt,dy,theta,r",reference,vectorchain,validation,regime_change,51,0.026848483927570756,0.03182504363195639,1.0
seed-104729__h-1__c-32__absolute_geometry,104729,1,32,0.1,absolute_geometry,"dt,dy,theta,r",reference,vectorchain,test,sine,51,0.012315845292403937,0.015867431878423002,1.0
seed-104729__h-1__c-32__absolute_geometry,104729,1,32,0.1,absolute_geometry,"dt,dy,theta,r",reference,vectorchain,test,chirp,51,0.0180195432994515,0.023216271599712648,1.0
seed-104729__h-1__c-32__absolute_geometry,104729,1,32,0.1,absolute_geometry,"dt,dy,theta,r",reference,vectorchain,test,ramp,51,0.010409133232589286,0.013466414098796214,1.0
seed-104729__h-1__c-32__absolute_geometry,104729,1,32,0.1,absolute_geometry,"dt,dy,theta,r",reference,vectorchain,test,piecewise_linear,51,0.01306013785821788,0.016106712048665622,1.0
seed-104729__h-1__c-32__absolute_geometry,104729,1,32,0.1,absolute_geometry,"dt,dy,theta,r",reference,vectorchain,test,first_order_response,51,0.009285513904913409,0.011576107437372331,1.0
seed-104729__h-1__c-32__absolute_geometry,104729,1,32,0.1,absolute_geometry,"dt,dy,theta,r",reference,vectorchain,test,second_order_response,51,0.012505929949637487,0.01686527420937221,1.0
seed-104729__h-1__c-32__absolute_geometry,104729,1,32,0.1,absolute_geometry,"dt,dy,theta,r",reference,vectorchain,test,regime_change,51,0.027974918275619626,0.03329841188940522,1.0
seed-104729__h-1__c-32__turning_matched,104729,1,32,0.1,turning_matched,"dt,dy,theta,delta_theta",capacity_control,vectorchain,validation,sine,51,0.012098781541828122,0.015257260524136357,1.0006117894282207
seed-104729__h-1__c-32__turning_matched,104729,1,32,0.1,turning_matched,"dt,dy,theta,delta_theta",capacity_control,vectorchain,validation,chirp,51,0.016303976627982983,0.02120165331206571,0.9951497341214014
seed-104729__h-1__c-32__turning_matched,104729,1,32,0.1,turning_matched,"dt,dy,theta,delta_theta",capacity_control,vectorchain,validation,ramp,51,0.012172960533452086,0.014276499339504594,0.9999714782973305
seed-104729__h-1__c-32__turning_matched,104729,1,32,0.1,turning_matched,"dt,dy,theta,delta_theta",capacity_control,vectorchain,validation,piecewise_linear,51,0.012813179770508025,0.015241861282712613,0.999927202661454
seed-104729__h-1__c-32__turning_matched,104729,1,32,0.1,turning_matched,"dt,dy,theta,delta_theta",capacity_control,vectorchain,validation,first_order_response,51,0.010286003371015852,0.013122380812140176,0.9996750359367051
seed-104729__h-1__c-32__turning_matched,104729,1,32,0.1,turning_matched,"dt,dy,theta,delta_theta",capacity_control,vectorchain,validation,second_order_response,51,0.010816293919761561,0.013587544677461334,0.9998943827329982
seed-104729__h-1__c-32__turning_matched,104729,1,32,0.1,turning_matched,"dt,dy,theta,delta_theta",capacity_control,vectorchain,validation,regime_change,51,0.027606455691415857,0.03299008126927992,1.0366075739218685
seed-104729__h-1__c-32__turning_matched,104729,1,32,0.1,turning_matched,"dt,dy,theta,delta_theta",capacity_control,vectorchain,test,sine,51,0.012316627083658568,0.015863747375448736,0.9997677946247069
seed-104729__h-1__c-32__turning_matched,104729,1,32,0.1,turning_matched,"dt,dy,theta,delta_theta",capacity_control,vectorchain,test,chirp,51,0.01807195740641006,0.023618926740437845,1.0173436608456192
seed-104729__h-1__c-32__turning_matched,104729,1,32,0.1,turning_matched,"dt,dy,theta,delta_theta",capacity_control,vectorchain,test,ramp,51,0.010410088063417509,0.01346728851064017,1.000064932790388
seed-104729__h-1__c-32__turning_matched,104729,1,32,0.1,turning_matched,"dt,dy,theta,delta_theta",capacity_control,vectorchain,test,piecewise_linear,51,0.013056884202770205,0.016104021954203896,0.9998329830164221
seed-104729__h-1__c-32__turning_matched,104729,1,32,0.1,turning_matched,"dt,dy,theta,delta_theta",capacity_control,vectorchain,test,first_order_response,51,0.009284569781270352,0.011574543951761461,0.9998649385711623
seed-104729__h-1__c-32__turning_matched,104729,1,32,0.1,turning_matched,"dt,dy,theta,delta_theta",capacity_control,vectorchain,test,second_order_response,51,0.012503999130665666,0.01686342025288452,0.9998900725559113
seed-104729__h-1__c-32__turning_matched,104729,1,32,0.1,turning_matched,"dt,dy,theta,delta_theta",capacity_control,vectorchain,test,regime_change,51,0.02862169544448698,0.03432991602948762,1.030977577654705
seed-104729__h-1__c-32__turning,104729,1,32,0.1,turning,"dt,dy,theta,r,delta_theta",primary,vectorchain,validation,sine,51,0.01208891194755347,0.015248551621747103,1.0000406364096377
seed-104729__h-1__c-32__turning,104729,1,32,0.1,turning,"dt,dy,theta,r,delta_theta",primary,vectorchain,validation,chirp,51,0.0163219008585572,0.02122881953194641,0.9964248448919363
seed-104729__h-1__c-32__turning,104729,1,32,0.1,turning,"dt,dy,theta,r,delta_theta",primary,vectorchain,validation,ramp,51,0.012172816956266694,0.014277314249550477,1.0000285571920848
seed-104729__h-1__c-32__turning,104729,1,32,0.1,turning,"dt,dy,theta,r,delta_theta",primary,vectorchain,validation,piecewise_linear,51,0.01281359648783559,0.015243612008541397,1.0000420572942401
seed-104729__h-1__c-32__turning,104729,1,32,0.1,turning,"dt,dy,theta,r,delta_theta",primary,vectorchain,validation,first_order_response,51,0.010288864299890902,0.013127651102106948,1.0000765314722604
seed-104729__h-1__c-32__turning,104729,1,32,0.1,turning,"dt,dy,theta,r,delta_theta",primary,vectorchain,validation,second_order_response,51,0.010814924808892425,0.013589500125138454,1.000038282252337
seed-104729__h-1__c-32__turning,104729,1,32,0.1,turning,"dt,dy,theta,r,delta_theta",primary,vectorchain,validation,regime_change,51,0.027600885353405564,0.033038929322052865,1.0381424674270543
seed-104729__h-1__c-32__turning,104729,1,32,0.1,turning,"dt,dy,theta,r,delta_theta",primary,vectorchain,test,sine,51,0.012314179844532008,0.01586568077617061,0.9998896417349822
seed-104729__h-1__c-32__turning,104729,1,32,0.1,turning,"dt,dy,theta,r,delta_theta",primary,vectorchain,test,chirp,51,0.018051059375029502,0.02361817461823904,1.0173112645068885
seed-104729__h-1__c-32__turning,104729,1,32,0.1,turning,"dt,dy,theta,r,delta_theta",primary,vectorchain,test,ramp,51,0.010409317510711091,0.013466485114102367,1.0000052735127283
seed-104729__h-1__c-32__turning,104729,1,32,0.1,turning,"dt,dy,theta,r,delta_theta",primary,vectorchain,test,piecewise_linear,51,0.013060570411686732,0.016107098492957793,1.0000239927485512
seed-104729__h-1__c-32__turning,104729,1,32,0.1,turning,"dt,dy,theta,r,delta_theta",primary,vectorchain,test,first_order_response,51,0.0092857946602688,0.011576518633048781,1.0000355210660123
seed-104729__h-1__c-32__turning,104729,1,32,0.1,turning,"dt,dy,theta,r,delta_theta",primary,vectorchain,test,second_order_response,51,0.012506328973799885,0.016865608212143956,1.0000198041708424
seed-104729__h-1__c-32__turning,104729,1,32,0.1,turning,"dt,dy,theta,r,delta_theta",primary,vectorchain,test,regime_change,51,0.028693066839544992,0.034405048935716165,1.0332339286926489
seed-104729__h-1__c-32__full_relational,104729,1,32,0.1,full_relational,"dt,dy,theta,r,delta_theta,delta_r",secondary,vectorchain,validation,sine,51,0.01208085734999912,0.015241429635378258,0.9995735575711043
seed-104729__h-1__c-32__full_relational,104729,1,32,0.1,full_relational,"dt,dy,theta,r,delta_theta,delta_r",secondary,vectorchain,validation,chirp,51,0.016550191744744775,0.0219206763820373,1.02889878219692
seed-104729__h-1__c-32__full_relational,104729,1,32,0.1,full_relational,"dt,dy,theta,r,delta_theta,delta_r",secondary,vectorchain,validation,ramp,51,0.012171861012942705,0.014276440567910043,0.9999673617476856
seed-104729__h-1__c-32__full_relational,104729,1,32,0.1,full_relational,"dt,dy,theta,r,delta_theta,delta_r",secondary,vectorchain,validation,piecewise_linear,51,0.012810531928737368,0.015242764208422042,0.999986438207697
seed-104729__h-1__c-32__full_relational,104729,1,32,0.1,full_relational,"dt,dy,theta,r,delta_theta,delta_r",secondary,vectorchain,validation,first_order_response,51,0.010288768917432559,0.013128279641853247,1.0001244142080585
seed-104729__h-1__c-32__full_relational,104729,1,32,0.1,full_relational,"dt,dy,theta,r,delta_theta,delta_r",secondary,vectorchain,validation,second_order_response,51,0.010814227053369738,0.013589106238938286,1.0000092965445926
seed-104729__h-1__c-32__full_relational,104729,1,32,0.1,full_relational,"dt,dy,theta,r,delta_theta,delta_r",secondary,vectorchain,validation,regime_change,51,0.03080590887973131,0.038238548255732925,1.2015238281507512
seed-104729__h-1__c-32__full_relational,104729,1,32,0.1,full_relational,"dt,dy,theta,r,delta_theta,delta_r",secondary,vectorchain,test,sine,51,0.012318885874920565,0.015872770855885586,1.0003364739488716
seed-104729__h-1__c-32__full_relational,104729,1,32,0.1,full_relational,"dt,dy,theta,r,delta_theta,delta_r",secondary,vectorchain,test,chirp,51,0.01956370800685241,0.02643775005518798,1.1387595093225564
seed-104729__h-1__c-32__full_relational,104729,1,32,0.1,full_relational,"dt,dy,theta,r,delta_theta,delta_r",secondary,vectorchain,test,ramp,51,0.0104085455822425,0.01346553457624103,0.9999346876942347
seed-104729__h-1__c-32__full_relational,104729,1,32,0.1,full_relational,"dt,dy,theta,r,delta_theta,delta_r",secondary,vectorchain,test,piecewise_linear,51,0.013062070980238788,0.016108264567500433,1.0000963895567339
seed-104729__h-1__c-32__full_relational,104729,1,32,0.1,full_relational,"dt,dy,theta,r,delta_theta,delta_r",secondary,vectorchain,test,first_order_response,51,0.00928574310620005,0.011576629706315593,1.0000451161105826
seed-104729__h-1__c-32__full_relational,104729,1,32,0.1,full_relational,"dt,dy,theta,r,delta_theta,delta_r",secondary,vectorchain,test,second_order_response,51,0.012506766484370546,0.01686618935764251,1.000054262282305
seed-104729__h-1__c-32__full_relational,104729,1,32,0.1,full_relational,"dt,dy,theta,r,delta_theta,delta_r",secondary,vectorchain,test,regime_change,51,0.031018337587561062,0.03801080279784865,1.1415199897248793
seed-104729__h-4__c-32__raw,104729,4,32,,,,baseline,raw,validation,sine,51,0.01552240369102118,0.01949304413129246,
seed-104729__h-4__c-32__raw,104729,4,32,,,,baseline,raw,validation,chirp,51,0.03381401309250419,0.039052235701283626,
seed-104729__h-4__c-32__raw,104729,4,32,,,,baseline,raw,validation,ramp,51,0.013330287326889121,0.01694619229925892,
seed-104729__h-4__c-32__raw,104729,4,32,,,,baseline,raw,validation,piecewise_linear,51,0.010815775975324718,0.013519909330709423,
seed-104729__h-4__c-32__raw,104729,4,32,,,,baseline,raw,validation,first_order_response,51,0.01596162296790285,0.019518553736708088,
seed-104729__h-4__c-32__raw,104729,4,32,,,,baseline,raw,validation,second_order_response,51,0.013843805944134622,0.017346640112636754,
seed-104729__h-4__c-32__raw,104729,4,32,,,,baseline,raw,validation,regime_change,51,0.06679740194994949,0.07510055247749459,
seed-104729__h-4__c-32__raw,104729,4,32,,,,baseline,raw,test,sine,52,0.011948686310316203,0.014474111337391904,
seed-104729__h-4__c-32__raw,104729,4,32,,,,baseline,raw,test,chirp,52,0.054133348110524546,0.060844283695465386,
seed-104729__h-4__c-32__raw,104729,4,32,,,,baseline,raw,test,ramp,52,0.011671739754464505,0.014147146351839232,
seed-104729__h-4__c-32__raw,104729,4,32,,,,baseline,raw,test,piecewise_linear,52,0.01363871161945565,0.017522378746830308,
seed-104729__h-4__c-32__raw,104729,4,32,,,,baseline,raw,test,first_order_response,52,0.011513418170683964,0.014613724957466658,
seed-104729__h-4__c-32__raw,104729,4,32,,,,baseline,raw,test,second_order_response,52,0.014371747799116381,0.01855645345733726,
seed-104729__h-4__c-32__raw,104729,4,32,,,,baseline,raw,test,regime_change,52,0.0678762159001903,0.0760015652984612,
seed-104729__h-4__c-32__first_difference,104729,4,32,,,,baseline,first_difference,validation,sine,51,0.020600176030039535,0.02496294776617138,
seed-104729__h-4__c-32__first_difference,104729,4,32,,,,baseline,first_difference,validation,chirp,51,0.05722021509751128,0.06504204960035896,
seed-104729__h-4__c-32__first_difference,104729,4,32,,,,baseline,first_difference,validation,ramp,51,0.012297577481431135,0.015432379300979815,
seed-104729__h-4__c-32__first_difference,104729,4,32,,,,baseline,first_difference,validation,piecewise_linear,51,0.010052013715493318,0.013066182625447953,
seed-104729__h-4__c-32__first_difference,104729,4,32,,,,baseline,first_difference,validation,first_order_response,51,0.013990649476720879,0.01701630482655396,
seed-104729__h-4__c-32__first_difference,104729,4,32,,,,baseline,first_difference,validation,second_order_response,51,0.012203024020581153,0.015067701430777423,
seed-104729__h-4__c-32__first_difference,104729,4,32,,,,baseline,first_difference,validation,regime_change,51,0.10320496673454944,0.11499226254569082,
seed-104729__h-4__c-32__first_difference,104729,4,32,,,,baseline,first_difference,test,sine,52,0.01773732062951721,0.02136006838627049,
seed-104729__h-4__c-32__first_difference,104729,4,32,,,,baseline,first_difference,test,chirp,52,0.08391300288387334,0.09365759999969357,
seed-104729__h-4__c-32__first_difference,104729,4,32,,,,baseline,first_difference,test,ramp,52,0.00991120165691199,0.012105407538280086,
seed-104729__h-4__c-32__first_difference,104729,4,32,,,,baseline,first_difference,test,piecewise_linear,52,0.012205745612630449,0.015547709317032431,
seed-104729__h-4__c-32__first_difference,104729,4,32,,,,baseline,first_difference,test,first_order_response,52,0.009129719713129762,0.011991551235792677,
seed-104729__h-4__c-32__first_difference,104729,4,32,,,,baseline,first_difference,test,second_order_response,52,0.012376717453224845,0.01594438605100599,
seed-104729__h-4__c-32__first_difference,104729,4,32,,,,baseline,first_difference,test,regime_change,52,0.10138246607848907,0.1122113316079615,
seed-104729__h-4__c-32__segment,104729,4,32,0.1,segment,"dt,dy",secondary,vectorchain,validation,sine,51,0.020505693204725405,0.024382430639101168,0.9987593712541126
seed-104729__h-4__c-32__segment,104729,4,32,0.1,segment,"dt,dy",secondary,vectorchain,validation,chirp,51,0.061799938353968485,0.07557762537113201,1.1874946266304303
seed-104729__h-4__c-32__segment,104729,4,32,0.1,segment,"dt,dy",secondary,vectorchain,validation,ramp,51,0.012694248164844529,0.01595082152369264,1.0004585270035231
seed-104729__h-4__c-32__segment,104729,4,32,0.1,segment,"dt,dy",secondary,vectorchain,validation,piecewise_linear,51,0.009801772130867623,0.013520415030374686,1.002851926541204
seed-104729__h-4__c-32__segment,104729,4,32,0.1,segment,"dt,dy",secondary,vectorchain,validation,first_order_response,51,0.014211596908583285,0.017641903041586023,1.000810723951427
seed-104729__h-4__c-32__segment,104729,4,32,0.1,segment,"dt,dy",secondary,vectorchain,validation,second_order_response,51,0.012430876648678485,0.015558193817529688,1.0008528115466813
seed-104729__h-4__c-32__segment,104729,4,32,0.1,segment,"dt,dy",secondary,vectorchain,validation,regime_change,51,0.10248151191485462,0.1292916598616894,1.146429151925484
seed-104729__h-4__c-32__segment,104729,4,32,0.1,segment,"dt,dy",secondary,vectorchain,test,sine,52,0.017340059097409745,0.02092893825976309,0.9984624483665864
seed-104729__h-4__c-32__segment,104729,4,32,0.1,segment,"dt,dy",secondary,vectorchain,test,chirp,52,0.06921911270362999,0.08942930738330648,1.1713351671547463
seed-104729__h-4__c-32__segment,104729,4,32,0.1,segment,"dt,dy",secondary,vectorchain,test,ramp,52,0.01052856871119263,0.012914843848090012,1.0006851928299367
seed-104729__h-4__c-32__segment,104729,4,32,0.1,segment,"dt,dy",secondary,vectorchain,test,piecewise_linear,52,0.012877564501760724,0.016502531506213867,1.000942520879013
seed-104729__h-4__c-32__segment,104729,4,32,0.1,segment,"dt,dy",secondary,vectorchain,test,first_order_response,52,0.00960377979611508,0.012570759321011368,1.0008111926738545
seed-104729__h-4__c-32__segment,104729,4,32,0.1,segment,"dt,dy",secondary,vectorchain,test,second_order_response,52,0.013110540372403407,0.016806280747043285,1.001234760063068
seed-104729__h-4__c-32__segment,104729,4,32,0.1,segment,"dt,dy",secondary,vectorchain,test,regime_change,52,0.0958462352128852,0.12161616355488661,1.170846132276396
seed-104729__h-4__c-32__absolute_geometry,104729,4,32,0.1,absolute_geometry,"dt,dy,theta,r",reference,vectorchain,validation,sine,51,0.0205241705471977,0.02441271775851762,1.0
seed-104729__h-4__c-32__absolute_geometry,104729,4,32,0.1,absolute_geometry,"dt,dy,theta,r",reference,vectorchain,validation,chirp,51,0.051691504936097,0.06364460409019866,1.0
seed-104729__h-4__c-32__absolute_geometry,104729,4,32,0.1,absolute_geometry,"dt,dy,theta,r",reference,vectorchain,validation,ramp,51,0.012674558303721994,0.01594351099337121,1.0
seed-104729__h-4__c-32__absolute_geometry,104729,4,32,0.1,absolute_geometry,"dt,dy,theta,r",reference,vectorchain,validation,piecewise_linear,51,0.009828095415995745,0.01348196545526522,1.0
seed-104729__h-4__c-32__absolute_geometry,104729,4,32,0.1,absolute_geometry,"dt,dy,theta,r",reference,vectorchain,validation,first_order_response,51,0.014206968054083693,0.01762761191440056,1.0
seed-104729__h-4__c-32__absolute_geometry,104729,4,32,0.1,absolute_geometry,"dt,dy,theta,r",reference,vectorchain,validation,second_order_response,51,0.01243537712610383,0.015544936915835432,1.0
seed-104729__h-4__c-32__absolute_geometry,104729,4,32,0.1,absolute_geometry,"dt,dy,theta,r",reference,vectorchain,validation,regime_change,51,0.08627299835266346,0.11277771473670023,1.0
seed-104729__h-4__c-32__absolute_geometry,104729,4,32,0.1,absolute_geometry,"dt,dy,theta,r",reference,vectorchain,test,sine,52,0.01736682687429205,0.02096116713653212,1.0
seed-104729__h-4__c-32__absolute_geometry,104729,4,32,0.1,absolute_geometry,"dt,dy,theta,r",reference,vectorchain,test,chirp,52,0.05595553298343968,0.07634817931791156,1.0
seed-104729__h-4__c-32__absolute_geometry,104729,4,32,0.1,absolute_geometry,"dt,dy,theta,r",reference,vectorchain,test,ramp,52,0.010523035940808879,0.012906000748913697,1.0
seed-104729__h-4__c-32__absolute_geometry,104729,4,32,0.1,absolute_geometry,"dt,dy,theta,r",reference,vectorchain,test,piecewise_linear,52,0.01286931640165124,0.016486992171859765,1.0
seed-104729__h-4__c-32__absolute_geometry,104729,4,32,0.1,absolute_geometry,"dt,dy,theta,r",reference,vectorchain,test,first_order_response,52,0.009595922162947277,0.012560570278422077,1.0
seed-104729__h-4__c-32__absolute_geometry,104729,4,32,0.1,absolute_geometry,"dt,dy,theta,r",reference,vectorchain,test,second_order_response,52,0.013098013168907529,0.01678555461456877,1.0
seed-104729__h-4__c-32__absolute_geometry,104729,4,32,0.1,absolute_geometry,"dt,dy,theta,r",reference,vectorchain,test,regime_change,52,0.07576675408952446,0.10387032096048063,1.0
seed-104729__h-4__c-32__turning_matched,104729,4,32,0.1,turning_matched,"dt,dy,theta,delta_theta",capacity_control,vectorchain,validation,sine,51,0.020462650814245087,0.024421044246793887,1.000341071746236
seed-104729__h-4__c-32__turning_matched,104729,4,32,0.1,turning_matched,"dt,dy,theta,delta_theta",capacity_control,vectorchain,validation,chirp,51,0.05144319476600535,0.06517163418524378,1.0239930802756032
seed-104729__h-4__c-32__turning_matched,104729,4,32,0.1,turning_matched,"dt,dy,theta,delta_theta",capacity_control,vectorchain,validation,ramp,51,0.012683779500248035,0.01593391431583748,0.9993980825467039
seed-104729__h-4__c-32__turning_matched,104729,4,32,0.1,turning_matched,"dt,dy,theta,delta_theta",capacity_control,vectorchain,validation,piecewise_linear,51,0.009828782996534181,0.013504752845970093,1.00169021280914
seed-104729__h-4__c-32__turning_matched,104729,4,32,0.1,turning_matched,"dt,dy,theta,delta_theta",capacity_control,vectorchain,validation,first_order_response,51,0.014190431785551717,0.01762429303187454,0.9998117225099953
seed-104729__h-4__c-32__turning_matched,104729,4,32,0.1,turning_matched,"dt,dy,theta,delta_theta",capacity_control,vectorchain,validation,second_order_response,51,0.012412071613495895,0.015517563378266123,0.99823907052711
seed-104729__h-4__c-32__turning_matched,104729,4,32,0.1,turning_matched,"dt,dy,theta,delta_theta",capacity_control,vectorchain,validation,regime_change,51,0.0894146036237633,0.12014716032237277,1.0653448742322704
seed-104729__h-4__c-32__turning_matched,104729,4,32,0.1,turning_matched,"dt,dy,theta,delta_theta",capacity_control,vectorchain,test,sine,52,0.01737407052211481,0.020977975830329412,1.0008018968451426
seed-104729__h-4__c-32__turning_matched,104729,4,32,0.1,turning_matched,"dt,dy,theta,delta_theta",capacity_control,vectorchain,test,chirp,52,0.05511558791280439,0.07890732844577612,1.0335194519466973
seed-104729__h-4__c-32__turning_matched,104729,4,32,0.1,turning_matched,"dt,dy,theta,delta_theta",capacity_control,vectorchain,test,ramp,52,0.01050996931243031,0.01289569015434397,0.9992011007305578
seed-104729__h-4__c-32__turning_matched,104729,4,32,0.1,turning_matched,"dt,dy,theta,delta_theta",capacity_control,vectorchain,test,piecewise_linear,52,0.012898159903935027,0.01649947235819789,1.0007569716906535
seed-104729__h-4__c-32__turning_matched,104729,4,32,0.1,turning_matched,"dt,dy,theta,delta_theta",capacity_control,vectorchain,test,first_order_response,52,0.009589706449936232,0.012554363801483951,0.9995058761823268
seed-104729__h-4__c-32__turning_matched,104729,4,32,0.1,turning_matched,"dt,dy,theta,delta_theta",capacity_control,vectorchain,test,second_order_response,52,0.013092944269102968,0.01678925514484431,1.0002204592198776
seed-104729__h-4__c-32__turning_matched,104729,4,32,0.1,turning_matched,"dt,dy,theta,delta_theta",capacity_control,vectorchain,test,regime_change,52,0.08027764037395091,0.11017948092920822,1.0607407381664684
seed-104729__h-4__c-32__turning,104729,4,32,0.1,turning,"dt,dy,theta,r,delta_theta",primary,vectorchain,validation,sine,51,0.020525409942197457,0.024411728010610968,0.9999594576926484
seed-104729__h-4__c-32__turning,104729,4,32,0.1,turning,"dt,dy,theta,r,delta_theta",primary,vectorchain,validation,chirp,51,0.051217379851880664,0.06495346793228743,1.0205651973297503
seed-104729__h-4__c-32__turning,104729,4,32,0.1,turning,"dt,dy,theta,r,delta_theta",primary,vectorchain,validation,ramp,51,0.01267697723021642,0.015943644842656507,1.0000083952201841
seed-104729__h-4__c-32__turning,104729,4,32,0.1,turning,"dt,dy,theta,r,delta_theta",primary,vectorchain,validation,piecewise_linear,51,0.009825197485471789,0.013486845569233344,1.0003619734811158
seed-104729__h-4__c-32__turning,104729,4,32,0.1,turning,"dt,dy,theta,r,delta_theta",primary,vectorchain,validation,first_order_response,51,0.014206572900394303,0.01762871769070618,1.0000627297850093
seed-104729__h-4__c-32__turning,104729,4,32,0.1,turning,"dt,dy,theta,r,delta_theta",primary,vectorchain,validation,second_order_response,51,0.012433709523602114,0.01554453186086704,0.9999739429648004
seed-104729__h-4__c-32__turning,104729,4,32,0.1,turning,"dt,dy,theta,r,delta_theta",primary,vectorchain,validation,regime_change,51,0.0895676446041293,0.11981202289337872,1.0623732106391883
seed-104729__h-4__c-32__turning,104729,4,32,0.1,turning,"dt,dy,theta,r,delta_theta",primary,vectorchain,test,sine,52,0.01736023546880745,0.020951625573332713,0.9995447980955803
seed-104729__h-4__c-32__turning,104729,4,32,0.1,turning,"dt,dy,theta,r,delta_theta",primary,vectorchain,test,chirp,52,0.05543671748751808,0.07886255496497355,1.032933013852134
seed-104729__h-4__c-32__turning,104729,4,32,0.1,turning,"dt,dy,theta,r,delta_theta",primary,vectorchain,test,ramp,52,0.010522971267715491,0.012906237769826372,1.0000183651711545
seed-104729__h-4__c-32__turning,104729,4,32,0.1,turning,"dt,dy,theta,r,delta_theta",primary,vectorchain,test,piecewise_linear,52,0.01287145184954445,0.01648886267831412,1.0001134534689442
seed-104729__h-4__c-32__turning,104729,4,32,0.1,turning,"dt,dy,theta,r,delta_theta",primary,vectorchain,test,first_order_response,52,0.00959597008043241,0.012561087385711798,1.0000411690933022
seed-104729__h-4__c-32__turning,104729,4,32,0.1,turning,"dt,dy,theta,r,delta_theta",primary,vectorchain,test,second_order_response,52,0.013098219392307129,0.01678757889593077,1.0001205966325502
seed-104729__h-4__c-32__turning,104729,4,32,0.1,turning,"dt,dy,theta,r,delta_theta",primary,vectorchain,test,regime_change,52,0.0799820778139359,0.10978502927969717,1.0569431986396471
seed-104729__h-4__c-32__full_relational,104729,4,32,0.1,full_relational,"dt,dy,theta,r,delta_theta,delta_r",secondary,vectorchain,validation,sine,51,0.020519380272509262,0.02441275508245937,1.0000015288728654
seed-104729__h-4__c-32__full_relational,104729,4,32,0.1,full_relational,"dt,dy,theta,r,delta_theta,delta_r",secondary,vectorchain,validation,chirp,51,0.05110334815290996,0.06593543990576158,1.035994187540491
seed-104729__h-4__c-32__full_relational,104729,4,32,0.1,full_relational,"dt,dy,theta,r,delta_theta,delta_r",secondary,vectorchain,validation,ramp,51,0.012676330096968901,0.015942532295089518,0.9999386146324922
seed-104729__h-4__c-32__full_relational,104729,4,32,0.1,full_relational,"dt,dy,theta,r,delta_theta,delta_r",secondary,vectorchain,validation,piecewise_linear,51,0.009827063337647553,0.013485857703959854,1.000288700390722
seed-104729__h-4__c-32__full_relational,104729,4,32,0.1,full_relational,"dt,dy,theta,r,delta_theta,delta_r",secondary,vectorchain,validation,first_order_response,51,0.014205255549257497,0.01762758379737317,0.9999984049440431
seed-104729__h-4__c-32__full_relational,104729,4,32,0.1,full_relational,"dt,dy,theta,r,delta_theta,delta_r",secondary,vectorchain,validation,second_order_response,51,0.012432551724554175,0.015542061855937614,0.9998150484679748
seed-104729__h-4__c-32__full_relational,104729,4,32,0.1,full_relational,"dt,dy,theta,r,delta_theta,delta_r",secondary,vectorchain,validation,regime_change,51,0.0939747483382133,0.12663299196232006,1.1228547435809233
seed-104729__h-4__c-32__full_relational,104729,4,32,0.1,full_relational,"dt,dy,theta,r,delta_theta,delta_r",secondary,vectorchain,test,sine,52,0.017363429898689657,0.020958543253820242,0.999874821726539
seed-104729__h-4__c-32__full_relational,104729,4,32,0.1,full_relational,"dt,dy,theta,r,delta_theta,delta_r",secondary,vectorchain,test,chirp,52,0.055866575538256136,0.08127241969851234,1.0644971553296168
seed-104729__h-4__c-32__full_relational,104729,4,32,0.1,full_relational,"dt,dy,theta,r,delta_theta,delta_r",secondary,vectorchain,test,ramp,52,0.010521777542695558,0.01290496541138303,0.9999197785936317
seed-104729__h-4__c-32__full_relational,104729,4,32,0.1,full_relational,"dt,dy,theta,r,delta_theta,delta_r",secondary,vectorchain,test,piecewise_linear,52,0.012872839381291535,0.016488714138862798,1.0001044439752917
seed-104729__h-4__c-32__full_relational,104729,4,32,0.1,full_relational,"dt,dy,theta,r,delta_theta,delta_r",secondary,vectorchain,test,first_order_response,52,0.009594837636176513,0.012559997913879354,0.9999544316436247
seed-104729__h-4__c-32__full_relational,104729,4,32,0.1,full_relational,"dt,dy,theta,r,delta_theta,delta_r",secondary,vectorchain,test,second_order_response,52,0.01309704907367591,0.016786519203518573,1.000057465420235
seed-104729__h-4__c-32__full_relational,104729,4,32,0.1,full_relational,"dt,dy,theta,r,delta_theta,delta_r",secondary,vectorchain,test,regime_change,52,0.08332904087683651,0.11447941494644334,1.102137876227408
seed-104729__h-16__c-32__raw,104729,16,32,,,,baseline,raw,validation,sine,51,0.034096990401615526,0.041829201466835456,
seed-104729__h-16__c-32__raw,104729,16,32,,,,baseline,raw,validation,chirp,51,0.18845523057882346,0.2103978220444761,
seed-104729__h-16__c-32__raw,104729,16,32,,,,baseline,raw,validation,ramp,51,0.018553891838295207,0.023880563874121095,
seed-104729__h-16__c-32__raw,104729,16,32,,,,baseline,raw,validation,piecewise_linear,51,0.028453681678796118,0.03442222703811808,
seed-104729__h-16__c-32__raw,104729,16,32,,,,baseline,raw,validation,first_order_response,51,0.03545444717479814,0.04071715962909369,
seed-104729__h-16__c-32__raw,104729,16,32,,,,baseline,raw,validation,second_order_response,51,0.036250336695444474,0.040855466020154024,
seed-104729__h-16__c-32__raw,104729,16,32,,,,baseline,raw,validation,regime_change,51,0.36973589200424156,0.41213925934138707,
seed-104729__h-16__c-32__raw,104729,16,32,,,,baseline,raw,test,sine,52,0.02591408061703051,0.033310516116968614,
seed-104729__h-16__c-32__raw,104729,16,32,,,,baseline,raw,test,chirp,52,0.28353466245717585,0.31850783233695545,
seed-104729__h-16__c-32__raw,104729,16,32,,,,baseline,raw,test,ramp,52,0.027681331683206196,0.032578167099037506,
seed-104729__h-16__c-32__raw,104729,16,32,,,,baseline,raw,test,piecewise_linear,52,0.022127213576371423,0.028027293561190145,
seed-104729__h-16__c-32__raw,104729,16,32,,,,baseline,raw,test,first_order_response,52,0.032279015862187725,0.035907337822259,
seed-104729__h-16__c-32__raw,104729,16,32,,,,baseline,raw,test,second_order_response,52,0.0377586915165509,0.04263535143365575,
seed-104729__h-16__c-32__raw,104729,16,32,,,,baseline,raw,test,regime_change,52,0.38178219783356376,0.4254068575770976,
seed-104729__h-16__c-32__first_difference,104729,16,32,,,,baseline,first_difference,validation,sine,51,0.08514467610672238,0.09672489706334583,
seed-104729__h-16__c-32__first_difference,104729,16,32,,,,baseline,first_difference,validation,chirp,51,0.27409511140308856,0.30813007975574824,
seed-104729__h-16__c-32__first_difference,104729,16,32,,,,baseline,first_difference,validation,ramp,51,0.024917282506798186,0.031246170393473275,
seed-104729__h-16__c-32__first_difference,104729,16,32,,,,baseline,first_difference,validation,piecewise_linear,51,0.03287917709884854,0.04435518742729513,
seed-104729__h-16__c-32__first_difference,104729,16,32,,,,baseline,first_difference,validation,first_order_response,51,0.028991841972103714,0.037754082947041405,
seed-104729__h-16__c-32__first_difference,104729,16,32,,,,baseline,first_difference,validation,second_order_response,51,0.024953021475236717,0.03255146470159829,
seed-104729__h-16__c-32__first_difference,104729,16,32,,,,baseline,first_difference,validation,regime_change,51,0.4754999580481175,0.5249344569247915,
seed-104729__h-16__c-32__first_difference,104729,16,32,,,,baseline,first_difference,test,sine,52,0.0819076452019903,0.0937122332407432,
seed-104729__h-16__c-32__first_difference,104729,16,32,,,,baseline,first_difference,test,chirp,52,0.3755629723768442,0.4211726269470865,
seed-104729__h-16__c-32__first_difference,104729,16,32,,,,baseline,first_difference,test,ramp,52,0.025104088534703237,0.030285612847031726,
seed-104729__h-16__c-32__first_difference,104729,16,32,,,,baseline,first_difference,test,piecewise_linear,52,0.030148314619706247,0.03646277198241243,
seed-104729__h-16__c-32__first_difference,104729,16,32,,,,baseline,first_difference,test,first_order_response,52,0.019576413741845114,0.02584363011311982,
seed-104729__h-16__c-32__first_difference,104729,16,32,,,,baseline,first_difference,test,second_order_response,52,0.026565645690713,0.037208225841908346,
seed-104729__h-16__c-32__first_difference,104729,16,32,,,,baseline,first_difference,test,regime_change,52,0.47086024147646177,0.5242897436268492,
seed-104729__h-16__c-32__segment,104729,16,32,0.1,segment,"dt,dy",secondary,vectorchain,validation,sine,51,0.0844742031273762,0.09374844087843215,0.9991534213656795
seed-104729__h-16__c-32__segment,104729,16,32,0.1,segment,"dt,dy",secondary,vectorchain,validation,chirp,51,0.2967089695395695,0.3535318895712541,1.1241730248567745
seed-104729__h-16__c-32__segment,104729,16,32,0.1,segment,"dt,dy",secondary,vectorchain,validation,ramp,51,0.014898968945690077,0.0176074279210516,0.979207479552533
seed-104729__h-16__c-32__segment,104729,16,32,0.1,segment,"dt,dy",secondary,vectorchain,validation,piecewise_linear,51,0.022870509568934997,0.03827985602877933,1.0134036841998286
seed-104729__h-16__c-32__segment,104729,16,32,0.1,segment,"dt,dy",secondary,vectorchain,validation,first_order_response,51,0.015820168514960424,0.020155662030343875,0.992256556830961
seed-104729__h-16__c-32__segment,104729,16,32,0.1,segment,"dt,dy",secondary,vectorchain,validation,second_order_response,51,0.017321685214326588,0.02104871899319898,0.9657590252009319
seed-104729__h-16__c-32__segment,104729,16,32,0.1,segment,"dt,dy",secondary,vectorchain,validation,regime_change,51,0.5661693324568967,0.6987434190739977,1.2084652289436602
seed-104729__h-16__c-32__segment,104729,16,32,0.1,segment,"dt,dy",secondary,vectorchain,test,sine,52,0.08386920812989193,0.09213801837602723,0.9954347023264148
seed-104729__h-16__c-32__segment,104729,16,32,0.1,segment,"dt,dy",secondary,vectorchain,test,chirp,52,0.3650479848332497,0.47025596461472025,1.1636309505184548
seed-104729__h-16__c-32__segment,104729,16,32,0.1,segment,"dt,dy",secondary,vectorchain,test,ramp,52,0.013970960532684745,0.017666430255517833,0.9788141573032392
seed-104729__h-16__c-32__segment,104729,16,32,0.1,segment,"dt,dy",secondary,vectorchain,test,piecewise_linear,52,0.01954840546050425,0.023330087200870857,1.0228703232867458
seed-104729__h-16__c-32__segment,104729,16,32,0.1,segment,"dt,dy",secondary,vectorchain,test,first_order_response,52,0.010717565441852907,0.013652706358415492,1.0044024251504278
seed-104729__h-16__c-32__segment,104729,16,32,0.1,segment,"dt,dy",secondary,vectorchain,test,second_order_response,52,0.016444781417143367,0.022117722673489548,1.0146495749097382
seed-104729__h-16__c-32__segment,104729,16,32,0.1,segment,"dt,dy",secondary,vectorchain,test,regime_change,52,0.45795333362964113,0.6162021026940946,1.2270392297469277
seed-104729__h-16__c-32__absolute_geometry,104729,16,32,0.1,absolute_geometry,"dt,dy,theta,r",reference,vectorchain,validation,sine,51,0.0843694287564328,0.09382787355148456,1.0
seed-104729__h-16__c-32__absolute_geometry,104729,16,32,0.1,absolute_geometry,"dt,dy,theta,r",reference,vectorchain,validation,chirp,51,0.2570203875691668,0.31448174058107814,1.0
seed-104729__h-16__c-32__absolute_geometry,104729,16,32,0.1,absolute_geometry,"dt,dy,theta,r",reference,vectorchain,validation,ramp,51,0.014716898636238375,0.01798130456386796,1.0
seed-104729__h-16__c-32__absolute_geometry,104729,16,32,0.1,absolute_geometry,"dt,dy,theta,r",reference,vectorchain,validation,piecewise_linear,51,0.023092160188446273,0.0377735512763649,1.0
seed-104729__h-16__c-32__absolute_geometry,104729,16,32,0.1,absolute_geometry,"dt,dy,theta,r",reference,vectorchain,validation,first_order_response,51,0.01617444904937244,0.020312954237073945,1.0
seed-104729__h-16__c-32__absolute_geometry,104729,16,32,0.1,absolute_geometry,"dt,dy,theta,r",reference,vectorchain,validation,second_order_response,51,0.018050941597008045,0.02179500107578044,1.0
seed-104729__h-16__c-32__absolute_geometry,104729,16,32,0.1,absolute_geometry,"dt,dy,theta,r",reference,vectorchain,validation,regime_change,51,0.4671035817309401,0.5782073015743955,1.0
seed-104729__h-16__c-32__absolute_geometry,104729,16,32,0.1,absolute_geometry,"dt,dy,theta,r",reference,vectorchain,test,sine,52,0.08401997596284819,0.09256058499939063,1.0
seed-104729__h-16__c-32__absolute_geometry,104729,16,32,0.1,absolute_geometry,"dt,dy,theta,r",reference,vectorchain,test,chirp,52,0.2986018022311263,0.4041280995535553,1.0
seed-104729__h-16__c-32__absolute_geometry,104729,16,32,0.1,absolute_geometry,"dt,dy,theta,r",reference,vectorchain,test,ramp,52,0.014021988456987992,0.01804880949432848,1.0
seed-104729__h-16__c-32__absolute_geometry,104729,16,32,0.1,absolute_geometry,"dt,dy,theta,r",reference,vectorchain,test,piecewise_linear,52,0.019160355230165117,0.022808450562829194,1.0
seed-104729__h-16__c-32__absolute_geometry,104729,16,32,0.1,absolute_geometry,"dt,dy,theta,r",reference,vectorchain,test,first_order_response,52,0.010756043708532757,0.01359286478860378,1.0
seed-104729__h-16__c-32__absolute_geometry,104729,16,32,0.1,absolute_geometry,"dt,dy,theta,r",reference,vectorchain,test,second_order_response,52,0.01626670327209404,0.02179838559086482,1.0
seed-104729__h-16__c-32__absolute_geometry,104729,16,32,0.1,absolute_geometry,"dt,dy,theta,r",reference,vectorchain,test,regime_change,52,0.3642279396499663,0.5021861467470636,1.0
seed-104729__h-16__c-32__turning_matched,104729,16,32,0.1,turning_matched,"dt,dy,theta,delta_theta",capacity_control,vectorchain,validation,sine,51,0.08462042930474255,0.09383055664788516,1.000028595941686
seed-104729__h-16__c-32__turning_matched,104729,16,32,0.1,turning_matched,"dt,dy,theta,delta_theta",capacity_control,vectorchain,validation,chirp,51,0.25598056843236217,0.320996456337608,1.0207157202338437
seed-104729__h-16__c-32__turning_matched,104729,16,32,0.1,turning_matched,"dt,dy,theta,delta_theta",capacity_control,vectorchain,validation,ramp,51,0.01486465277632697,0.017523768588548403,0.9745549065311457
seed-104729__h-16__c-32__turning_matched,104729,16,32,0.1,turning_matched,"dt,dy,theta,delta_theta",capacity_control,vectorchain,validation,piecewise_linear,51,0.022976510793622736,0.038215393223875384,1.0116971249083204
seed-104729__h-16__c-32__turning_matched,104729,16,32,0.1,turning_matched,"dt,dy,theta,delta_theta",capacity_control,vectorchain,validation,first_order_response,51,0.015724116989805217,0.02007195238463589,0.9881355587362968
seed-104729__h-16__c-32__turning_matched,104729,16,32,0.1,turning_matched,"dt,dy,theta,delta_theta",capacity_control,vectorchain,validation,second_order_response,51,0.01702996552891638,0.020804070678090963,0.9545340514439964
seed-104729__h-16__c-32__turning_matched,104729,16,32,0.1,turning_matched,"dt,dy,theta,delta_theta",capacity_control,vectorchain,validation,regime_change,51,0.453275407552534,0.577817064909506,0.9993250921186452
seed-104729__h-16__c-32__turning_matched,104729,16,32,0.1,turning_matched,"dt,dy,theta,delta_theta",capacity_control,vectorchain,test,sine,52,0.08417676661906964,0.09252330856308402,0.999597275273197
seed-104729__h-16__c-32__turning_matched,104729,16,32,0.1,turning_matched,"dt,dy,theta,delta_theta",capacity_control,vectorchain,test,chirp,52,0.2957934288427986,0.4165737437502496,1.0307962851641426
seed-104729__h-16__c-32__turning_matched,104729,16,32,0.1,turning_matched,"dt,dy,theta,delta_theta",capacity_control,vectorchain,test,ramp,52,0.013917012007015624,0.017568321887668294,0.9733784321447256
seed-104729__h-16__c-32__turning_matched,104729,16,32,0.1,turning_matched,"dt,dy,theta,delta_theta",capacity_control,vectorchain,test,piecewise_linear,52,0.01966430032945269,0.0235246495036511,1.0314005959698591
seed-104729__h-16__c-32__turning_matched,104729,16,32,0.1,turning_matched,"dt,dy,theta,delta_theta",capacity_control,vectorchain,test,first_order_response,52,0.010702278743105257,0.013648357143848378,1.0040824620937245
seed-104729__h-16__c-32__turning_matched,104729,16,32,0.1,turning_matched,"dt,dy,theta,delta_theta",capacity_control,vectorchain,test,second_order_response,52,0.016486029586052428,0.02212948675294204,1.015189251547875
seed-104729__h-16__c-32__turning_matched,104729,16,32,0.1,turning_matched,"dt,dy,theta,delta_theta",capacity_control,vectorchain,test,regime_change,52,0.3498888478730988,0.48872083063113453,0.9731866038058768
seed-104729__h-16__c-32__turning,104729,16,32,0.1,turning,"dt,dy,theta,r,delta_theta",primary,vectorchain,validation,sine,51,0.08436741327035299,0.09382446534296124,0.9999636759483689
seed-104729__h-16__c-32__turning,104729,16,32,0.1,turning,"dt,dy,theta,r,delta_theta",primary,vectorchain,validation,chirp,51,0.25645402941831236,0.3219400884434808,1.023716314494513
seed-104729__h-16__c-32__turning,104729,16,32,0.1,turning,"dt,dy,theta,r,delta_theta",primary,vectorchain,validation,ramp,51,0.014724674337952904,0.017952441837379162,0.998394848027501
seed-104729__h-16__c-32__turning,104729,16,32,0.1,turning,"dt,dy,theta,r,delta_theta",primary,vectorchain,validation,piecewise_linear,51,0.023059971951262647,0.03782001406908986,1.0012300350683212
seed-104729__h-16__c-32__turning,104729,16,32,0.1,turning,"dt,dy,theta,r,delta_theta",primary,vectorchain,validation,first_order_response,51,0.016145498203433258,0.020303676804639455,0.9995432750782475
seed-104729__h-16__c-32__turning,104729,16,32,0.1,turning,"dt,dy,theta,r,delta_theta",primary,vectorchain,validation,second_order_response,51,0.018017294312233596,0.02175606880974818,0.9982137066248865
seed-104729__h-16__c-32__turning,104729,16,32,0.1,turning,"dt,dy,theta,r,delta_theta",primary,vectorchain,validation,regime_change,51,0.45882312140304643,0.5811650337260855,1.0051153490169296
seed-104729__h-16__c-32__turning,104729,16,32,0.1,turning,"dt,dy,theta,r,delta_theta",primary,vectorchain,test,sine,52,0.08396139636228322,0.09246102714968352,0.9989244034087753
seed-104729__h-16__c-32__turning,104729,16,32,0.1,turning,"dt,dy,theta,r,delta_theta",primary,vectorchain,test,chirp,52,0.29996910304629076,0.41918784314740487,1.0372647772092223
seed-104729__h-16__c-32__turning,104729,16,32,0.1,turning,"dt,dy,theta,r,delta_theta",primary,vectorchain,test,ramp,52,0.014015937050496611,0.01802078521188984,0.9984473057656548
seed-104729__h-16__c-32__turning,104729,16,32,0.1,turning,"dt,dy,theta,r,delta_theta",primary,vectorchain,test,piecewise_linear,52,0.019180550414763846,0.022833573787830744,1.0011014875794542
seed-104729__h-16__c-32__turning,104729,16,32,0.1,turning,"dt,dy,theta,r,delta_theta",primary,vectorchain,test,first_order_response,52,0.010746420511542518,0.013590983540590603,0.9998616003291114
seed-104729__h-16__c-32__turning,104729,16,32,0.1,turning,"dt,dy,theta,r,delta_theta",primary,vectorchain,test,second_order_response,52,0.016268845496164308,0.02181889442475583,1.0009408418713175
seed-104729__h-16__c-32__turning,104729,16,32,0.1,turning,"dt,dy,theta,r,delta_theta",primary,vectorchain,test,regime_change,52,0.3496517972546591,0.48989371280869537,0.9755221564394136
seed-104729__h-16__c-32__full_relational,104729,16,32,0.1,full_relational,"dt,dy,theta,r,delta_theta,delta_r",secondary,vectorchain,validation,sine,51,0.08436763517835644,0.09382106010455946,0.9999273835517399
seed-104729__h-16__c-32__full_relational,104729,16,32,0.1,full_relational,"dt,dy,theta,r,delta_theta,delta_r",secondary,vectorchain,validation,chirp,51,0.25646835005946594,0.32264044401009323,1.0259433295362077
seed-104729__h-16__c-32__full_relational,104729,16,32,0.1,full_relational,"dt,dy,theta,r,delta_theta,delta_r",secondary,vectorchain,validation,ramp,51,0.01472275007212795,0.017947600355086156,0.9981255971355087
seed-104729__h-16__c-32__full_relational,104729,16,32,0.1,full_relational,"dt,dy,theta,r,delta_theta,delta_r",secondary,vectorchain,validation,piecewise_linear,51,0.023063437078171253,0.03781673439451058,1.0011432104392235
seed-104729__h-16__c-32__full_relational,104729,16,32,0.1,full_relational,"dt,dy,theta,r,delta_theta,delta_r",secondary,vectorchain,validation,first_order_response,51,0.016138636366320038,0.02029827567780815,0.9992773793957058
seed-104729__h-16__c-32__full_relational,104729,16,32,0.1,full_relational,"dt,dy,theta,r,delta_theta,delta_r",secondary,vectorchain,validation,second_order_response,51,0.018003483494169754,0.021744003690811316,0.9976601338631823
seed-104729__h-16__c-32__full_relational,104729,16,32,0.1,full_relational,"dt,dy,theta,r,delta_theta,delta_r",secondary,vectorchain,validation,regime_change,51,0.4710528015451534,0.5943945809320386,1.027995632904612
seed-104729__h-16__c-32__full_relational,104729,16,32,0.1,full_relational,"dt,dy,theta,r,delta_theta,delta_r",secondary,vectorchain,test,sine,52,0.08397829173582286,0.09248206713309312,0.9991517138067135
seed-104729__h-16__c-32__full_relational,104729,16,32,0.1,full_relational,"dt,dy,theta,r,delta_theta,delta_r",secondary,vectorchain,test,chirp,52,0.3036395235528543,0.42473750078999584,1.0509971993019243
seed-104729__h-16__c-32__full_relational,104729,16,32,0.1,full_relational,"dt,dy,theta,r,delta_theta,delta_r",secondary,vectorchain,test,ramp,52,0.014012389361925512,0.018015330644132525,0.99814509371344
seed-104729__h-16__c-32__full_relational,104729,16,32,0.1,full_relational,"dt,dy,theta,r,delta_theta,delta_r",secondary,vectorchain,test,piecewise_linear,52,0.019184197702783488,0.022838433330556334,1.0013145464504285
seed-104729__h-16__c-32__full_relational,104729,16,32,0.1,full_relational,"dt,dy,theta,r,delta_theta,delta_r",secondary,vectorchain,test,first_order_response,52,0.010742017225667424,0.013587984550117092,0.9996409705707675
seed-104729__h-16__c-32__full_relational,104729,16,32,0.1,full_relational,"dt,dy,theta,r,delta_theta,delta_r",secondary,vectorchain,test,second_order_response,52,0.016265731873317715,0.021817623843153822,1.0008825539950568
seed-104729__h-16__c-32__full_relational,104729,16,32,0.1,full_relational,"dt,dy,theta,r,delta_theta,delta_r",secondary,vectorchain,test,regime_change,52,0.35758642203410507,0.4977561608791619,0.9911785980226712
seed-104729__h-1__c-64__raw,104729,1,64,,,,baseline,raw,validation,sine,51,0.011726983393043388,0.01500436108906539,
seed-104729__h-1__c-64__raw,104729,1,64,,,,baseline,raw,validation,chirp,51,0.015899508744494792,0.019619454230990874,
seed-104729__h-1__c-64__raw,104729,1,64,,,,baseline,raw,validation,ramp,51,0.012194829340404204,0.014240780124938898,
seed-104729__h-1__c-64__raw,104729,1,64,,,,baseline,raw,validation,piecewise_linear,51,0.012538717944318623,0.015087106468292939,
seed-104729__h-1__c-64__raw,104729,1,64,,,,baseline,raw,validation,first_order_response,51,0.01031613756715652,0.01274706379491478,
seed-104729__h-1__c-64__raw,104729,1,64,,,,baseline,raw,validation,second_order_response,51,0.01113912619225093,0.01362039243730203,
seed-104729__h-1__c-64__raw,104729,1,64,,,,baseline,raw,validation,regime_change,51,0.021735335901392185,0.02627900608379854,
seed-104729__h-1__c-64__raw,104729,1,64,,,,baseline,raw,test,sine,51,0.011151131382049387,0.014203609742573549,
seed-104729__h-1__c-64__raw,104729,1,64,,,,baseline,raw,test,chirp,51,0.020230872317415837,0.02497271927985027,
seed-104729__h-1__c-64__raw,104729,1,64,,,,baseline,raw,test,ramp,51,0.010585291454092842,0.013626324677494361,
seed-104729__h-1__c-64__raw,104729,1,64,,,,baseline,raw,test,piecewise_linear,51,0.01284282240784951,0.01580931194693897,
seed-104729__h-1__c-64__raw,104729,1,64,,,,baseline,raw,test,first_order_response,51,0.009286487571375646,0.011727179718415559,
seed-104729__h-1__c-64__raw,104729,1,64,,,,baseline,raw,test,second_order_response,51,0.012517755580422152,0.0168958588111992,
seed-104729__h-1__c-64__raw,104729,1,64,,,,baseline,raw,test,regime_change,51,0.028054889424189232,0.03226880332475091,
seed-104729__h-1__c-64__first_difference,104729,1,64,,,,baseline,first_difference,validation,sine,51,0.012394670304131345,0.015674885457785677,
seed-104729__h-1__c-64__first_difference,104729,1,64,,,,baseline,first_difference,validation,chirp,51,0.028976592090722425,0.03341980532165347,
seed-104729__h-1__c-64__first_difference,104729,1,64,,,,baseline,first_difference,validation,ramp,51,0.010674597035135958,0.012859745715335063,
seed-104729__h-1__c-64__first_difference,104729,1,64,,,,baseline,first_difference,validation,piecewise_linear,51,0.01157137292868416,0.014154578022473453,
seed-104729__h-1__c-64__first_difference,104729,1,64,,,,baseline,first_difference,validation,first_order_response,51,0.00890408633846902,0.011442569522242775,
seed-104729__h-1__c-64__first_difference,104729,1,64,,,,baseline,first_difference,validation,second_order_response,51,0.00983748052007439,0.012006909441832617,
seed-104729__h-1__c-64__first_difference,104729,1,64,,,,baseline,first_difference,validation,regime_change,51,0.04055511401533069,0.047554207592877026,
seed-104729__h-1__c-64__first_difference,104729,1,64,,,,baseline,first_difference,test,sine,51,0.014230457198531466,0.0179747385600187,
seed-104729__h-1__c-64__first_difference,104729,1,64,,,,baseline,first_difference,test,chirp,51,0.035349312336574894,0.04074046119623656,
seed-104729__h-1__c-64__first_difference,104729,1,64,,,,baseline,first_difference,test,ramp,51,0.008946075797464363,0.012103885186191436,
seed-104729__h-1__c-64__first_difference,104729,1,64,,,,baseline,first_difference,test,piecewise_linear,51,0.011675788316121484,0.014305730137187049,
seed-104729__h-1__c-64__first_difference,104729,1,64,,,,baseline,first_difference,test,first_order_response,51,0.009025735333710934,0.011122895784048792,
seed-104729__h-1__c-64__first_difference,104729,1,64,,,,baseline,first_difference,test,second_order_response,51,0.011233271519608928,0.015324422285638331,
seed-104729__h-1__c-64__first_difference,104729,1,64,,,,baseline,first_difference,test,regime_change,51,0.04392938934251705,0.05030897347258713,
seed-104729__h-1__c-64__segment,104729,1,64,0.1,segment,"dt,dy",secondary,vectorchain,validation,sine,51,0.013181221088918137,0.016971936230297514,1.0480035396281175
seed-104729__h-1__c-64__segment,104729,1,64,0.1,segment,"dt,dy",secondary,vectorchain,validation,chirp,51,0.02145710652674907,0.02542416484779146,1.644561896464215
seed-104729__h-1__c-64__segment,104729,1,64,0.1,segment,"dt,dy",secondary,vectorchain,validation,ramp,51,0.012063395620301695,0.014145808087840238,1.0018191631607494
seed-104729__h-1__c-64__segment,104729,1,64,0.1,segment,"dt,dy",secondary,vectorchain,validation,piecewise_linear,51,0.01265245917778984,0.01514056937806458,0.9969424784567111
seed-104729__h-1__c-64__segment,104729,1,64,0.1,segment,"dt,dy",secondary,vectorchain,validation,first_order_response,51,0.010127547742376168,0.012963371996245348,1.0023250667997008
seed-104729__h-1__c-64__segment,104729,1,64,0.1,segment,"dt,dy",secondary,vectorchain,validation,second_order_response,51,0.010714895491647758,0.013347813663587381,1.0010992918385015
seed-104729__h-1__c-64__segment,104729,1,64,0.1,segment,"dt,dy",secondary,vectorchain,validation,regime_change,51,0.0258941444916298,0.031032383273234893,1.8875602937879887
seed-104729__h-1__c-64__segment,104729,1,64,0.1,segment,"dt,dy",secondary,vectorchain,test,sine,51,0.014017878501881726,0.0179058632415357,1.19730147318848
seed-104729__h-1__c-64__segment,104729,1,64,0.1,segment,"dt,dy",secondary,vectorchain,test,chirp,51,0.02082229116354932,0.02551295342604871,1.538140045758216
seed-104729__h-1__c-64__segment,104729,1,64,0.1,segment,"dt,dy",secondary,vectorchain,test,ramp,51,0.010313553524214316,0.013381372415111014,1.0007177324838215
seed-104729__h-1__c-64__segment,104729,1,64,0.1,segment,"dt,dy",secondary,vectorchain,test,piecewise_linear,51,0.012926809278228247,0.01599354775572903,0.9997881523582263
seed-104729__h-1__c-64__segment,104729,1,64,0.1,segment,"dt,dy",secondary,vectorchain,test,first_order_response,51,0.009237585854235874,0.011533017056458473,1.001554415417979
seed-104729__h-1__c-64__segment,104729,1,64,0.1,segment,"dt,dy",secondary,vectorchain,test,second_order_response,51,0.012416380539204385,0.016764434372239942,0.9998186590258383
seed-104729__h-1__c-64__segment,104729,1,64,0.1,segment,"dt,dy",secondary,vectorchain,test,regime_change,51,0.028619760479323412,0.03311416703590071,1.7707962194385682
seed-104729__h-1__c-64__absolute_geometry,104729,1,64,0.1,absolute_geometry,"dt,dy,theta,r",reference,vectorchain,validation,sine,51,0.01241937621048622,0.016194540942409394,1.0
seed-104729__h-1__c-64__absolute_geometry,104729,1,64,0.1,absolute_geometry,"dt,dy,theta,r",reference,vectorchain,validation,chirp,51,0.012313434547391021,0.015459536611211204,1.0
seed-104729__h-1__c-64__absolute_geometry,104729,1,64,0.1,absolute_geometry,"dt,dy,theta,r",reference,vectorchain,validation,ramp,51,0.012049438900528259,0.014120121283376207,1.0
seed-104729__h-1__c-64__absolute_geometry,104729,1,64,0.1,absolute_geometry,"dt,dy,theta,r",reference,vectorchain,validation,piecewise_linear,51,0.01260549435935336,0.015187003969880502,1.0
seed-104729__h-1__c-64__absolute_geometry,104729,1,64,0.1,absolute_geometry,"dt,dy,theta,r",reference,vectorchain,validation,first_order_response,51,0.010106157310626753,0.012933301206998425,1.0
seed-104729__h-1__c-64__absolute_geometry,104729,1,64,0.1,absolute_geometry,"dt,dy,theta,r",reference,vectorchain,validation,second_order_response,51,0.01072795489756149,0.01333315663331891,1.0
seed-104729__h-1__c-64__absolute_geometry,104729,1,64,0.1,absolute_geometry,"dt,dy,theta,r",reference,vectorchain,validation,regime_change,51,0.013451438545944943,0.016440472590657524,1.0
seed-104729__h-1__c-64__absolute_geometry,104729,1,64,0.1,absolute_geometry,"dt,dy,theta,r",reference,vectorchain,test,sine,51,0.011608339058229566,0.014955183504327774,1.0
seed-104729__h-1__c-64__absolute_geometry,104729,1,64,0.1,absolute_geometry,"dt,dy,theta,r",reference,vectorchain,test,chirp,51,0.01285983898375263,0.016586885892742147,1.0
seed-104729__h-1__c-64__absolute_geometry,104729,1,64,0.1,absolute_geometry,"dt,dy,theta,r",reference,vectorchain,test,ramp,51,0.010312785345902683,0.013371775057785688,1.0
seed-104729__h-1__c-64__absolute_geometry,104729,1,64,0.1,absolute_geometry,"dt,dy,theta,r",reference,vectorchain,test,piecewise_linear,51,0.012927534912455298,0.015996936669037967,1.0
seed-104729__h-1__c-64__absolute_geometry,104729,1,64,0.1,absolute_geometry,"dt,dy,theta,r",reference,vectorchain,test,first_order_response,51,0.009223539469852753,0.011515117779841643,1.0
seed-104729__h-1__c-64__absolute_geometry,104729,1,64,0.1,absolute_geometry,"dt,dy,theta,r",reference,vectorchain,test,second_order_response,51,0.012400686293178287,0.016767475002491126,1.0
seed-104729__h-1__c-64__absolute_geometry,104729,1,64,0.1,absolute_geometry,"dt,dy,theta,r",reference,vectorchain,test,regime_change,51,0.015138811330078083,0.01870015684040684,1.0
seed-104729__h-1__c-64__turning_matched,104729,1,64,0.1,turning_matched,"dt,dy,theta,delta_theta",capacity_control,vectorchain,validation,sine,51,0.012110431229076894,0.015658096408979246,0.966874977479273
seed-104729__h-1__c-64__turning_matched,104729,1,64,0.1,turning_matched,"dt,dy,theta,delta_theta",capacity_control,vectorchain,validation,chirp,51,0.012919828595995551,0.016518682024269395,1.0685108124321205
seed-104729__h-1__c-64__turning_matched,104729,1,64,0.1,turning_matched,"dt,dy,theta,delta_theta",capacity_control,vectorchain,validation,ramp,51,0.012049333181360504,0.01412080659278031,1.0000485342434635
seed-104729__h-1__c-64__turning_matched,104729,1,64,0.1,turning_matched,"dt,dy,theta,delta_theta",capacity_control,vectorchain,validation,piecewise_linear,51,0.01260706520387523,0.015158545972112136,0.998126161168799
seed-104729__h-1__c-64__turning_matched,104729,1,64,0.1,turning_matched,"dt,dy,theta,delta_theta",capacity_control,vectorchain,validation,first_order_response,51,0.010107081285347267,0.01293607934299563,1.000214804863255
seed-104729__h-1__c-64__turning_matched,104729,1,64,0.1,turning_matched,"dt,dy,theta,delta_theta",capacity_control,vectorchain,validation,second_order_response,51,0.010726698301608351,0.013333783928976923,1.000047047797852
seed-104729__h-1__c-64__turning_matched,104729,1,64,0.1,turning_matched,"dt,dy,theta,delta_theta",capacity_control,vectorchain,validation,regime_change,51,0.018481251883403955,0.02452435753058674,1.4917063603465373
seed-104729__h-1__c-64__turning_matched,104729,1,64,0.1,turning_matched,"dt,dy,theta,delta_theta",capacity_control,vectorchain,test,sine,51,0.011906064669821706,0.015379091662651112,1.0283452328218283
seed-104729__h-1__c-64__turning_matched,104729,1,64,0.1,turning_matched,"dt,dy,theta,delta_theta",capacity_control,vectorchain,test,chirp,51,0.01369123155480673,0.0178349806565968,1.0752458762859627
seed-104729__h-1__c-64__turning_matched,104729,1,64,0.1,turning_matched,"dt,dy,theta,delta_theta",capacity_control,vectorchain,test,ramp,51,0.010312082490252844,0.013371372080854907,0.9999698636172805
seed-104729__h-1__c-64__turning_matched,104729,1,64,0.1,turning_matched,"dt,dy,theta,delta_theta",capacity_control,vectorchain,test,piecewise_linear,51,0.012928290762413957,0.01599792655324691,1.0000618796104168
seed-104729__h-1__c-64__turning_matched,104729,1,64,0.1,turning_matched,"dt,dy,theta,delta_theta",capacity_control,vectorchain,test,first_order_response,51,0.009224399315643981,0.011516031402506378,1.0000793411480633
seed-104729__h-1__c-64__turning_matched,104729,1,64,0.1,turning_matched,"dt,dy,theta,delta_theta",capacity_control,vectorchain,test,second_order_response,51,0.012402049275839783,0.016768409525537143,1.0000557342739964
seed-104729__h-1__c-64__turning_matched,104729,1,64,0.1,turning_matched,"dt,dy,theta,delta_theta",capacity_control,vectorchain,test,regime_change,51,0.014941965981687094,0.019782984687770386,1.0579047468213634
seed-104729__h-1__c-64__turning,104729,1,64,0.1,turning,"dt,dy,theta,r,delta_theta",primary,vectorchain,validation,sine,51,0.01211396841037467,0.0156606105053641,0.9670302209279014
seed-104729__h-1__c-64__turning,104729,1,64,0.1,turning,"dt,dy,theta,r,delta_theta",primary,vectorchain,validation,chirp,51,0.012917365239163129,0.01651847685717684,1.0684975412004067
seed-104729__h-1__c-64__turning,104729,1,64,0.1,turning,"dt,dy,theta,r,delta_theta",primary,vectorchain,validation,ramp,51,0.012049551258727607,0.014120619434311954,1.000035279508281
seed-104729__h-1__c-64__turning,104729,1,64,0.1,turning,"dt,dy,theta,r,delta_theta",primary,vectorchain,validation,piecewise_linear,51,0.012606736477972991,0.015158177189403137,0.9981018783866433
seed-104729__h-1__c-64__turning,104729,1,64,0.1,turning,"dt,dy,theta,r,delta_theta",primary,vectorchain,validation,first_order_response,51,0.010106685999952748,0.012934579457800046,1.000098834070371
seed-104729__h-1__c-64__turning,104729,1,64,0.1,turning,"dt,dy,theta,r,delta_theta",primary,vectorchain,validation,second_order_response,51,0.010727297760711485,0.013333479185467836,1.0000241917317705
seed-104729__h-1__c-64__turning,104729,1,64,0.1,turning,"dt,dy,theta,r,delta_theta",primary,vectorchain,validation,regime_change,51,0.01849391335026186,0.024538473050478647,1.4925649439312894
seed-104729__h-1__c-64__turning,104729,1,64,0.1,turning,"dt,dy,theta,r,delta_theta",primary,vectorchain,test,sine,51,0.011907990230332637,0.015380115820218497,1.0284137146005434
seed-104729__h-1__c-64__turning,104729,1,64,0.1,turning,"dt,dy,theta,r,delta_theta",primary,vectorchain,test,chirp,51,0.01369604190090687,0.01784064000573543,1.0755870704784847
seed-104729__h-1__c-64__turning,104729,1,64,0.1,turning,"dt,dy,theta,r,delta_theta",primary,vectorchain,test,ramp,51,0.010312550654333954,0.01337172429362309,0.9999962036332215
seed-104729__h-1__c-64__turning,104729,1,64,0.1,turning,"dt,dy,theta,r,delta_theta",primary,vectorchain,test,piecewise_linear,51,0.012927784867978333,0.01599718737640935,1.0000156722112847
seed-104729__h-1__c-64__turning,104729,1,64,0.1,turning,"dt,dy,theta,r,delta_theta",primary,vectorchain,test,first_order_response,51,0.00922398524775137,0.011515620676420984,1.0000436727256252
seed-104729__h-1__c-64__turning,104729,1,64,0.1,turning,"dt,dy,theta,r,delta_theta",primary,vectorchain,test,second_order_response,51,0.012401322565182693,0.016767751750069455,1.0000165050240593
seed-104729__h-1__c-64__turning,104729,1,64,0.1,turning,"dt,dy,theta,r,delta_theta",primary,vectorchain,test,regime_change,51,0.01494578629265657,0.019788128945486528,1.0581798385096335
seed-104729__h-1__c-64__full_relational,104729,1,64,0.1,full_relational,"dt,dy,theta,r,delta_theta,delta_r",secondary,vectorchain,validation,sine,51,0.012194408463580744,0.015763967239508802,0.9734124169106252
seed-104729__h-1__c-64__full_relational,104729,1,64,0.1,full_relational,"dt,dy,theta,r,delta_theta,delta_r",secondary,vectorchain,validation,chirp,51,0.014265529610330936,0.01819487345267219,1.176935241349817
seed-104729__h-1__c-64__full_relational,104729,1,64,0.1,full_relational,"dt,dy,theta,r,delta_theta,delta_r",secondary,vectorchain,validation,ramp,51,0.012049907321160439,0.014120716537320905,1.0000421564328488
seed-104729__h-1__c-64__full_relational,104729,1,64,0.1,full_relational,"dt,dy,theta,r,delta_theta,delta_r",secondary,vectorchain,validation,piecewise_linear,51,0.012611339368017503,0.015146258669183135,0.9973170942222591
seed-104729__h-1__c-64__full_relational,104729,1,64,0.1,full_relational,"dt,dy,theta,r,delta_theta,delta_r",secondary,vectorchain,validation,first_order_response,51,0.010106551093791407,0.012933520532513496,1.0000169582005058
seed-104729__h-1__c-64__full_relational,104729,1,64,0.1,full_relational,"dt,dy,theta,r,delta_theta,delta_r",secondary,vectorchain,validation,second_order_response,51,0.010727701056510091,0.013333357103162526,1.0000150354375283
seed-104729__h-1__c-64__full_relational,104729,1,64,0.1,full_relational,"dt,dy,theta,r,delta_theta,delta_r",secondary,vectorchain,validation,regime_change,51,0.019707718953023305,0.02654662162967915,1.6147115895418087
seed-104729__h-1__c-64__full_relational,104729,1,64,0.1,full_relational,"dt,dy,theta,r,delta_theta,delta_r",secondary,vectorchain,test,sine,51,0.011975977807547484,0.015459675395047294,1.033733580773083
seed-104729__h-1__c-64__full_relational,104729,1,64,0.1,full_relational,"dt,dy,theta,r,delta_theta,delta_r",secondary,vectorchain,test,chirp,51,0.01451258956291497,0.019392565255413823,1.169150459032177
seed-104729__h-1__c-64__full_relational,104729,1,64,0.1,full_relational,"dt,dy,theta,r,delta_theta,delta_r",secondary,vectorchain,test,ramp,51,0.010312994996807517,0.013372146403885739,1.000027770890435
seed-104729__h-1__c-64__full_relational,104729,1,64,0.1,full_relational,"dt,dy,theta,r,delta_theta,delta_r",secondary,vectorchain,test,piecewise_linear,51,0.012927335714629723,0.015996418705164224,0.9999676210586778
seed-104729__h-1__c-64__full_relational,104729,1,64,0.1,full_relational,"dt,dy,theta,r,delta_theta,delta_r",secondary,vectorchain,test,first_order_response,51,0.009223763954313804,0.011515454385901791,1.000029231664546
seed-104729__h-1__c-64__full_relational,104729,1,64,0.1,full_relational,"dt,dy,theta,r,delta_theta,delta_r",secondary,vectorchain,test,second_order_response,51,0.01240083635833152,0.016767124127871687,0.9999790740931842
seed-104729__h-1__c-64__full_relational,104729,1,64,0.1,full_relational,"dt,dy,theta,r,delta_theta,delta_r",secondary,vectorchain,test,regime_change,51,0.015805923445349947,0.021987048696323976,1.1757681437630993
seed-104729__h-4__c-64__raw,104729,4,64,,,,baseline,raw,validation,sine,51,0.016401906866100727,0.019971151804730903,
seed-104729__h-4__c-64__raw,104729,4,64,,,,baseline,raw,validation,chirp,51,0.05875745417229977,0.06701733368964247,
seed-104729__h-4__c-64__raw,104729,4,64,,,,baseline,raw,validation,ramp,51,0.012629719669934486,0.016088653901836253,
seed-104729__h-4__c-64__raw,104729,4,64,,,,baseline,raw,validation,piecewise_linear,51,0.011335291374295337,0.01382020586460905,
seed-104729__h-4__c-64__raw,104729,4,64,,,,baseline,raw,validation,first_order_response,51,0.016707407194677257,0.019789695677899823,
seed-104729__h-4__c-64__raw,104729,4,64,,,,baseline,raw,validation,second_order_response,51,0.015423156701910253,0.01906501120177866,
seed-104729__h-4__c-64__raw,104729,4,64,,,,baseline,raw,validation,regime_change,51,0.11136565108959341,0.12570921203651206,
seed-104729__h-4__c-64__raw,104729,4,64,,,,baseline,raw,test,sine,52,0.01137771184575846,0.014406465949205697,
seed-104729__h-4__c-64__raw,104729,4,64,,,,baseline,raw,test,chirp,52,0.08535625948071804,0.09791003246958155,
seed-104729__h-4__c-64__raw,104729,4,64,,,,baseline,raw,test,ramp,52,0.012082517765075441,0.014618665192149088,
seed-104729__h-4__c-64__raw,104729,4,64,,,,baseline,raw,test,piecewise_linear,52,0.013165760010592413,0.01667713932913354,
seed-104729__h-4__c-64__raw,104729,4,64,,,,baseline,raw,test,first_order_response,52,0.012578711975845713,0.015548653902268932,
seed-104729__h-4__c-64__raw,104729,4,64,,,,baseline,raw,test,second_order_response,52,0.01494808074146074,0.019247714480152847,
seed-104729__h-4__c-64__raw,104729,4,64,,,,baseline,raw,test,regime_change,52,0.11524962894537291,0.12812875824207628,
seed-104729__h-4__c-64__first_difference,104729,4,64,,,,baseline,first_difference,validation,sine,51,0.030063630882309494,0.03675075783283232,
seed-104729__h-4__c-64__first_difference,104729,4,64,,,,baseline,first_difference,validation,chirp,51,0.08840171203100342,0.09992075347499633,
seed-104729__h-4__c-64__first_difference,104729,4,64,,,,baseline,first_difference,validation,ramp,51,0.014392736257886481,0.018152970988210587,
seed-104729__h-4__c-64__first_difference,104729,4,64,,,,baseline,first_difference,validation,piecewise_linear,51,0.011894511143612419,0.01586199119453231,
seed-104729__h-4__c-64__first_difference,104729,4,64,,,,baseline,first_difference,validation,first_order_response,51,0.016392436377187902,0.020719523497274198,
seed-104729__h-4__c-64__first_difference,104729,4,64,,,,baseline,first_difference,validation,second_order_response,51,0.014183567211081,0.017951081648025852,
seed-104729__h-4__c-64__first_difference,104729,4,64,,,,baseline,first_difference,validation,regime_change,51,0.1440932858422068,0.16095130748907246,
seed-104729__h-4__c-64__first_difference,104729,4,64,,,,baseline,first_difference,test,sine,52,0.02815929567073073,0.03307693103885334,
seed-104729__h-4__c-64__first_difference,104729,4,64,,,,baseline,first_difference,test,chirp,52,0.11318306167180872,0.12840837344980294,
seed-104729__h-4__c-64__first_difference,104729,4,64,,,,baseline,first_difference,test,ramp,52,0.012481009695426423,0.01541427020139693,
seed-104729__h-4__c-64__first_difference,104729,4,64,,,,baseline,first_difference,test,piecewise_linear,52,0.015271533984289432,0.019672829206091015,
seed-104729__h-4__c-64__first_difference,104729,4,64,,,,baseline,first_difference,test,first_order_response,52,0.011513142037724024,0.014848661801629973,
seed-104729__h-4__c-64__first_difference,104729,4,64,,,,baseline,first_difference,test,second_order_response,52,0.015572300797585493,0.019531381487905196,
seed-104729__h-4__c-64__first_difference,104729,4,64,,,,baseline,first_difference,test,regime_change,52,0.14075196274268983,0.15693542438471186,
seed-104729__h-4__c-64__segment,104729,4,64,0.1,segment,"dt,dy",secondary,vectorchain,validation,sine,51,0.03271175519211158,0.039541157758341376,1.570289811392361
seed-104729__h-4__c-64__segment,104729,4,64,0.1,segment,"dt,dy",secondary,vectorchain,validation,chirp,51,0.0758830363460718,0.08867230640131434,3.0638660036230663
seed-104729__h-4__c-64__segment,104729,4,64,0.1,segment,"dt,dy",secondary,vectorchain,validation,ramp,51,0.012269343423790354,0.015457761658755755,1.0061406889438635
seed-104729__h-4__c-64__segment,104729,4,64,0.1,segment,"dt,dy",secondary,vectorchain,validation,piecewise_linear,51,0.010611143046291538,0.014786949839797071,1.0664953972387115
seed-104729__h-4__c-64__segment,104729,4,64,0.1,segment,"dt,dy",secondary,vectorchain,validation,first_order_response,51,0.013877522564989149,0.017248164464896146,1.0067956308685435
seed-104729__h-4__c-64__segment,104729,4,64,0.1,segment,"dt,dy",secondary,vectorchain,validation,second_order_response,51,0.012417817593876525,0.015554050015668048,1.0212143571852768
seed-104729__h-4__c-64__segment,104729,4,64,0.1,segment,"dt,dy",secondary,vectorchain,validation,regime_change,51,0.10331739115424331,0.12253592120712052,2.412717012817457
seed-104729__h-4__c-64__segment,104729,4,64,0.1,segment,"dt,dy",secondary,vectorchain,test,sine,52,0.03423908444240748,0.04034691467439527,2.0771221907734727
seed-104729__h-4__c-64__segment,104729,4,64,0.1,segment,"dt,dy",secondary,vectorchain,test,chirp,52,0.07827086518759666,0.09343921072038223,2.0886111629573576
seed-104729__h-4__c-64__segment,104729,4,64,0.1,segment,"dt,dy",secondary,vectorchain,test,ramp,52,0.010127968282158504,0.012318155611836596,1.0087501897112376
seed-104729__h-4__c-64__segment,104729,4,64,0.1,segment,"dt,dy",secondary,vectorchain,test,piecewise_linear,52,0.012536646020061616,0.016208936387384135,1.004677349493637
seed-104729__h-4__c-64__segment,104729,4,64,0.1,segment,"dt,dy",secondary,vectorchain,test,first_order_response,52,0.009246068900665582,0.012115458375225608,1.0064870832866466
seed-104729__h-4__c-64__segment,104729,4,64,0.1,segment,"dt,dy",secondary,vectorchain,test,second_order_response,52,0.012615532734339767,0.016112847427434882,1.007573345627642
seed-104729__h-4__c-64__segment,104729,4,64,0.1,segment,"dt,dy",secondary,vectorchain,test,regime_change,52,0.09459716419810724,0.11260138735148069,2.4802292228166554
seed-104729__h-4__c-64__absolute_geometry,104729,4,64,0.1,absolute_geometry,"dt,dy,theta,r",reference,vectorchain,validation,sine,51,0.01897410934539046,0.025180802595465235,1.0
seed-104729__h-4__c-64__absolute_geometry,104729,4,64,0.1,absolute_geometry,"dt,dy,theta,r",reference,vectorchain,validation,chirp,51,0.021168971662317966,0.02894131345706961,1.0
seed-104729__h-4__c-64__absolute_geometry,104729,4,64,0.1,absolute_geometry,"dt,dy,theta,r",reference,vectorchain,validation,ramp,51,0.012134252906182487,0.015363419677402792,1.0
seed-104729__h-4__c-64__absolute_geometry,104729,4,64,0.1,absolute_geometry,"dt,dy,theta,r",reference,vectorchain,validation,piecewise_linear,51,0.010015499247147815,0.013864991708433354,1.0
seed-104729__h-4__c-64__absolute_geometry,104729,4,64,0.1,absolute_geometry,"dt,dy,theta,r",reference,vectorchain,validation,first_order_response,51,0.01377927704305832,0.017131743460206,1.0
seed-104729__h-4__c-64__absolute_geometry,104729,4,64,0.1,absolute_geometry,"dt,dy,theta,r",reference,vectorchain,validation,second_order_response,51,0.012367261388432922,0.015230935509503525,1.0
seed-104729__h-4__c-64__absolute_geometry,104729,4,64,0.1,absolute_geometry,"dt,dy,theta,r",reference,vectorchain,validation,regime_change,51,0.04090683448989658,0.05078752317663183,1.0
seed-104729__h-4__c-64__absolute_geometry,104729,4,64,0.1,absolute_geometry,"dt,dy,theta,r",reference,vectorchain,test,sine,52,0.01658852037171011,0.01942443003768161,1.0
seed-104729__h-4__c-64__absolute_geometry,104729,4,64,0.1,absolute_geometry,"dt,dy,theta,r",reference,vectorchain,test,chirp,52,0.03408065431427494,0.044737485070259556,1.0
seed-104729__h-4__c-64__absolute_geometry,104729,4,64,0.1,absolute_geometry,"dt,dy,theta,r",reference,vectorchain,test,ramp,52,0.009985571989323436,0.012211304381873535,1.0
seed-104729__h-4__c-64__absolute_geometry,104729,4,64,0.1,absolute_geometry,"dt,dy,theta,r",reference,vectorchain,test,piecewise_linear,52,0.012654409916680863,0.016133474488654025,1.0
seed-104729__h-4__c-64__absolute_geometry,104729,4,64,0.1,absolute_geometry,"dt,dy,theta,r",reference,vectorchain,test,first_order_response,52,0.009167626327213312,0.012037370947337967,1.0
seed-104729__h-4__c-64__absolute_geometry,104729,4,64,0.1,absolute_geometry,"dt,dy,theta,r",reference,vectorchain,test,second_order_response,52,0.012535922769083194,0.015991736479886533,1.0
seed-104729__h-4__c-64__absolute_geometry,104729,4,64,0.1,absolute_geometry,"dt,dy,theta,r",reference,vectorchain,test,regime_change,52,0.03316567386846504,0.04539958900395734,1.0
seed-104729__h-4__c-64__turning_matched,104729,4,64,0.1,turning_matched,"dt,dy,theta,delta_theta",capacity_control,vectorchain,validation,sine,51,0.01886223578467917,0.024220988819875427,0.9618831142513837
seed-104729__h-4__c-64__turning_matched,104729,4,64,0.1,turning_matched,"dt,dy,theta,delta_theta",capacity_control,vectorchain,validation,chirp,51,0.02704368256040033,0.035360967852092084,1.2218162767403467
seed-104729__h-4__c-64__turning_matched,104729,4,64,0.1,turning_matched,"dt,dy,theta,delta_theta",capacity_control,vectorchain,validation,ramp,51,0.012139139039831742,0.015365777947019713,1.0001534990038963
seed-104729__h-4__c-64__turning_matched,104729,4,64,0.1,turning_matched,"dt,dy,theta,delta_theta",capacity_control,vectorchain,validation,piecewise_linear,51,0.009988125005807189,0.013839134717342232,0.9981350878792524
seed-104729__h-4__c-64__turning_matched,104729,4,64,0.1,turning_matched,"dt,dy,theta,delta_theta",capacity_control,vectorchain,validation,first_order_response,51,0.013782869243045778,0.017135774764808744,1.0002353119874874
seed-104729__h-4__c-64__turning_matched,104729,4,64,0.1,turning_matched,"dt,dy,theta,delta_theta",capacity_control,vectorchain,validation,second_order_response,51,0.012366267827328168,0.015239649306237536,1.0005721117214745
seed-104729__h-4__c-64__turning_matched,104729,4,64,0.1,turning_matched,"dt,dy,theta,delta_theta",capacity_control,vectorchain,validation,regime_change,51,0.0564124008889679,0.07410974525793435,1.459211645352169
seed-104729__h-4__c-64__turning_matched,104729,4,64,0.1,turning_matched,"dt,dy,theta,delta_theta",capacity_control,vectorchain,test,sine,52,0.016404083939527983,0.019255332499297895,0.9912945945875538
seed-104729__h-4__c-64__turning_matched,104729,4,64,0.1,turning_matched,"dt,dy,theta,delta_theta",capacity_control,vectorchain,test,chirp,52,0.03632512605299266,0.047197973381541046,1.0549983600423074
seed-104729__h-4__c-64__turning_matched,104729,4,64,0.1,turning_matched,"dt,dy,theta,delta_theta",capacity_control,vectorchain,test,ramp,52,0.009988908247519933,0.012213910869927057,1.0002134487825387
seed-104729__h-4__c-64__turning_matched,104729,4,64,0.1,turning_matched,"dt,dy,theta,delta_theta",capacity_control,vectorchain,test,piecewise_linear,52,0.012649665456684752,0.016133298605287547,0.9999890982338242
seed-104729__h-4__c-64__turning_matched,104729,4,64,0.1,turning_matched,"dt,dy,theta,delta_theta",capacity_control,vectorchain,test,first_order_response,52,0.009170477602660152,0.012040116610629177,1.0002280949306308
seed-104729__h-4__c-64__turning_matched,104729,4,64,0.1,turning_matched,"dt,dy,theta,delta_theta",capacity_control,vectorchain,test,second_order_response,52,0.012538800605120946,0.015995640263091783,1.0002441125271269
seed-104729__h-4__c-64__turning_matched,104729,4,64,0.1,turning_matched,"dt,dy,theta,delta_theta",capacity_control,vectorchain,test,regime_change,52,0.042078658417533436,0.05188182566850007,1.1427818358438815
seed-104729__h-4__c-64__turning,104729,4,64,0.1,turning,"dt,dy,theta,r,delta_theta",primary,vectorchain,validation,sine,51,0.018876200716578855,0.02422990743550861,0.9622372973874999
seed-104729__h-4__c-64__turning,104729,4,64,0.1,turning,"dt,dy,theta,r,delta_theta",primary,vectorchain,validation,chirp,51,0.027012515914801236,0.0353330458718728,1.2208514974375446
seed-104729__h-4__c-64__turning,104729,4,64,0.1,turning,"dt,dy,theta,r,delta_theta",primary,vectorchain,validation,ramp,51,0.012137276280329175,0.015365991833236616,1.0001674207883293
seed-104729__h-4__c-64__turning,104729,4,64,0.1,turning,"dt,dy,theta,r,delta_theta",primary,vectorchain,validation,piecewise_linear,51,0.009986876645214075,0.013838561132456675,0.9980937185876135
seed-104729__h-4__c-64__turning,104729,4,64,0.1,turning,"dt,dy,theta,r,delta_theta",primary,vectorchain,validation,first_order_response,51,0.013781734705898932,0.017135493488346906,1.0002188935498373
seed-104729__h-4__c-64__turning,104729,4,64,0.1,turning,"dt,dy,theta,r,delta_theta",primary,vectorchain,validation,second_order_response,51,0.012371817335812314,0.015243819575641436,1.000845914299215
seed-104729__h-4__c-64__turning,104729,4,64,0.1,turning,"dt,dy,theta,r,delta_theta",primary,vectorchain,validation,regime_change,51,0.05641831270809154,0.07409627951981136,1.4589465066472127
seed-104729__h-4__c-64__turning,104729,4,64,0.1,turning,"dt,dy,theta,r,delta_theta",primary,vectorchain,test,sine,52,0.016394442355050283,0.019248563718219435,0.9909461271645545
seed-104729__h-4__c-64__turning,104729,4,64,0.1,turning,"dt,dy,theta,r,delta_theta",primary,vectorchain,test,chirp,52,0.036337536067542,0.04722263260212568,1.0555495582275856
seed-104729__h-4__c-64__turning,104729,4,64,0.1,turning,"dt,dy,theta,r,delta_theta",primary,vectorchain,test,ramp,52,0.00998826674092461,0.012213861878423824,1.0002094368030072
seed-104729__h-4__c-64__turning,104729,4,64,0.1,turning,"dt,dy,theta,r,delta_theta",primary,vectorchain,test,piecewise_linear,52,0.012646929713932702,0.01613170034525229,0.9998900333959072
seed-104729__h-4__c-64__turning,104729,4,64,0.1,turning,"dt,dy,theta,r,delta_theta",primary,vectorchain,test,first_order_response,52,0.00916975599310077,0.012039647064039167,1.0001890875267663
seed-104729__h-4__c-64__turning,104729,4,64,0.1,turning,"dt,dy,theta,r,delta_theta",primary,vectorchain,test,second_order_response,52,0.012536347050681945,0.015993293958336506,1.0000973927035337
seed-104729__h-4__c-64__turning,104729,4,64,0.1,turning,"dt,dy,theta,r,delta_theta",primary,vectorchain,test,regime_change,52,0.04208506457580592,0.05188633184109964,1.1428810916454966
seed-104729__h-4__c-64__full_relational,104729,4,64,0.1,full_relational,"dt,dy,theta,r,delta_theta,delta_r",secondary,vectorchain,validation,sine,51,0.0190792831506622,0.024573170681032964,0.9758692395872363
seed-104729__h-4__c-64__full_relational,104729,4,64,0.1,full_relational,"dt,dy,theta,r,delta_theta,delta_r",secondary,vectorchain,validation,chirp,51,0.02660535300924268,0.037279710376397296,1.2881139769864465
seed-104729__h-4__c-64__full_relational,104729,4,64,0.1,full_relational,"dt,dy,theta,r,delta_theta,delta_r",secondary,vectorchain,validation,ramp,51,0.012140484592939635,0.015368495214009842,1.000330365030288
seed-104729__h-4__c-64__full_relational,104729,4,64,0.1,full_relational,"dt,dy,theta,r,delta_theta,delta_r",secondary,vectorchain,validation,piecewise_linear,51,0.009954855509426722,0.013834956612176298,0.9978337458190626
seed-104729__h-4__c-64__full_relational,104729,4,64,0.1,full_relational,"dt,dy,theta,r,delta_theta,delta_r",secondary,vectorchain,validation,first_order_response,51,0.013784261563579326,0.01713916195974178,1.0004330265365584
seed-104729__h-4__c-64__full_relational,104729,4,64,0.1,full_relational,"dt,dy,theta,r,delta_theta,delta_r",secondary,vectorchain,validation,second_order_response,51,0.01237539171592625,0.015255754262701208,1.001629496309153
seed-104729__h-4__c-64__full_relational,104729,4,64,0.1,full_relational,"dt,dy,theta,r,delta_theta,delta_r",secondary,vectorchain,validation,regime_change,51,0.06113233093280423,0.07607692905559817,1.4979452490922496
seed-104729__h-4__c-64__full_relational,104729,4,64,0.1,full_relational,"dt,dy,theta,r,delta_theta,delta_r",secondary,vectorchain,test,sine,52,0.016741031588933548,0.019688402394721992,1.0135897092747792
seed-104729__h-4__c-64__full_relational,104729,4,64,0.1,full_relational,"dt,dy,theta,r,delta_theta,delta_r",secondary,vectorchain,test,chirp,52,0.04381195502894079,0.053496109381376736,1.195778200257835
seed-104729__h-4__c-64__full_relational,104729,4,64,0.1,full_relational,"dt,dy,theta,r,delta_theta,delta_r",secondary,vectorchain,test,ramp,52,0.009991426119171467,0.012216389478562845,1.000416425349028
seed-104729__h-4__c-64__full_relational,104729,4,64,0.1,full_relational,"dt,dy,theta,r,delta_theta,delta_r",secondary,vectorchain,test,piecewise_linear,52,0.012640137018226203,0.016130533042678016,0.9998176805635961
seed-104729__h-4__c-64__full_relational,104729,4,64,0.1,full_relational,"dt,dy,theta,r,delta_theta,delta_r",secondary,vectorchain,test,first_order_response,52,0.00917190702062883,0.012041916613958223,1.0003776295206106
seed-104729__h-4__c-64__full_relational,104729,4,64,0.1,full_relational,"dt,dy,theta,r,delta_theta,delta_r",secondary,vectorchain,test,second_order_response,52,0.012537090553536237,0.015995172221956455,1.0002148448402863
seed-104729__h-4__c-64__full_relational,104729,4,64,0.1,full_relational,"dt,dy,theta,r,delta_theta,delta_r",secondary,vectorchain,test,regime_change,52,0.04941616515286194,0.061812770094191984,1.361527085384054
seed-104729__h-16__c-64__raw,104729,16,64,,,,baseline,raw,validation,sine,51,0.040992649917263486,0.049969184474939414,
seed-104729__h-16__c-64__raw,104729,16,64,,,,baseline,raw,validation,chirp,51,0.2816613140227383,0.32146632245433215,
seed-104729__h-16__c-64__raw,104729,16,64,,,,baseline,raw,validation,ramp,51,0.015423756357339894,0.01952234968478267,
seed-104729__h-16__c-64__raw,104729,16,64,,,,baseline,raw,validation,piecewise_linear,51,0.031112530585987033,0.03641917220408092,
seed-104729__h-16__c-64__raw,104729,16,64,,,,baseline,raw,validation,first_order_response,51,0.03993707436520564,0.04355684191833356,
seed-104729__h-16__c-64__raw,104729,16,64,,,,baseline,raw,validation,second_order_response,51,0.05157575927031221,0.0546239976588452,
seed-104729__h-16__c-64__raw,104729,16,64,,,,baseline,raw,validation,regime_change,51,0.5209731972127163,0.5994738299609947,
seed-104729__h-16__c-64__raw,104729,16,64,,,,baseline,raw,test,sine,52,0.034157692776741716,0.044140210121820705,
seed-104729__h-16__c-64__raw,104729,16,64,,,,baseline,raw,test,chirp,52,0.3778848904144357,0.4353352613779837,
seed-104729__h-16__c-64__raw,104729,16,64,,,,baseline,raw,test,ramp,52,0.030799144287544735,0.034981770622103,
seed-104729__h-16__c-64__raw,104729,16,64,,,,baseline,raw,test,piecewise_linear,52,0.022432503024558938,0.02763520128130431,
seed-104729__h-16__c-64__raw,104729,16,64,,,,baseline,raw,test,first_order_response,52,0.03810838461039609,0.04031165638019079,
seed-104729__h-16__c-64__raw,104729,16,64,,,,baseline,raw,test,second_order_response,52,0.04512607042724928,0.048508089495471064,
seed-104729__h-16__c-64__raw,104729,16,64,,,,baseline,raw,test,regime_change,52,0.5238734627286376,0.5951350802379209,
seed-104729__h-16__c-64__first_difference,104729,16,64,,,,baseline,first_difference,validation,sine,51,0.12499274871569371,0.14011985993281745,
seed-104729__h-16__c-64__first_difference,104729,16,64,,,,baseline,first_difference,validation,chirp,51,0.3622772449308956,0.41051204638701766,
seed-104729__h-16__c-64__first_difference,104729,16,64,,,,baseline,first_difference,validation,ramp,51,0.036061463323209794,0.045949691660651056,
seed-104729__h-16__c-64__first_difference,104729,16,64,,,,baseline,first_difference,validation,piecewise_linear,51,0.0442296064756752,0.056312622350959615,
seed-104729__h-16__c-64__first_difference,104729,16,64,,,,baseline,first_difference,validation,first_order_response,51,0.04347905211773044,0.05676235842061328,
seed-104729__h-16__c-64__first_difference,104729,16,64,,,,baseline,first_difference,validation,second_order_response,51,0.03619821007219279,0.049263053473194596,
seed-104729__h-16__c-64__first_difference,104729,16,64,,,,baseline,first_difference,validation,regime_change,51,0.5695613271282732,0.6385152670342534,
seed-104729__h-16__c-64__first_difference,104729,16,64,,,,baseline,first_difference,test,sine,52,0.12030453585178004,0.13861231891241113,
seed-104729__h-16__c-64__first_difference,104729,16,64,,,,baseline,first_difference,test,chirp,52,0.4530718634268428,0.516572353624388,
seed-104729__h-16__c-64__first_difference,104729,16,64,,,,baseline,first_difference,test,ramp,52,0.03850121637847841,0.044449960802903796,
seed-104729__h-16__c-64__first_difference,104729,16,64,,,,baseline,first_difference,test,piecewise_linear,52,0.043947708009967945,0.055465060815914624,
seed-104729__h-16__c-64__first_difference,104729,16,64,,,,baseline,first_difference,test,first_order_response,52,0.03213385083563192,0.04117623391218873,
seed-104729__h-16__c-64__first_difference,104729,16,64,,,,baseline,first_difference,test,second_order_response,52,0.03898304868472887,0.05410162865839354,
seed-104729__h-16__c-64__first_difference,104729,16,64,,,,baseline,first_difference,test,regime_change,52,0.5487489256482859,0.6158810365974798,
seed-104729__h-16__c-64__segment,104729,16,64,0.1,segment,"dt,dy",secondary,vectorchain,validation,sine,51,0.13367760241405985,0.16027629209345706,2.3186271272336025
seed-104729__h-16__c-64__segment,104729,16,64,0.1,segment,"dt,dy",secondary,vectorchain,validation,chirp,51,0.31547953997358547,0.36172730976457323,2.9626480438560527
seed-104729__h-16__c-64__segment,104729,16,64,0.1,segment,"dt,dy",secondary,vectorchain,validation,ramp,51,0.013844460818511768,0.016511764096920446,1.0627975420280364
seed-104729__h-16__c-64__segment,104729,16,64,0.1,segment,"dt,dy",secondary,vectorchain,validation,piecewise_linear,51,0.02503243022953907,0.04374485321713274,1.0830599950418953
seed-104729__h-16__c-64__segment,104729,16,64,0.1,segment,"dt,dy",secondary,vectorchain,validation,first_order_response,51,0.014205208370063432,0.01843244917916324,1.0426440057506228
seed-104729__h-16__c-64__segment,104729,16,64,0.1,segment,"dt,dy",secondary,vectorchain,validation,second_order_response,51,0.0198153453570896,0.024102943198484345,1.0495266968645525
seed-104729__h-16__c-64__segment,104729,16,64,0.1,segment,"dt,dy",secondary,vectorchain,validation,regime_change,51,0.42048734605039245,0.4935661812424285,1.286649439199538
seed-104729__h-16__c-64__segment,104729,16,64,0.1,segment,"dt,dy",secondary,vectorchain,test,sine,52,0.13746195802210492,0.15855403959512468,2.5413907775836635
seed-104729__h-16__c-64__segment,104729,16,64,0.1,segment,"dt,dy",secondary,vectorchain,test,chirp,52,0.326179548715331,0.39208598333784805,1.25413454231732
seed-104729__h-16__c-64__segment,104729,16,64,0.1,segment,"dt,dy",secondary,vectorchain,test,ramp,52,0.012188221527911462,0.015330159309186955,1.0690681566422113
seed-104729__h-16__c-64__segment,104729,16,64,0.1,segment,"dt,dy",secondary,vectorchain,test,piecewise_linear,52,0.01723541393424969,0.020582435564311944,0.9495814012999598
seed-104729__h-16__c-64__segment,104729,16,64,0.1,segment,"dt,dy",secondary,vectorchain,test,first_order_response,52,0.01084605181733474,0.014162611419731528,1.0686323316293498
seed-104729__h-16__c-64__segment,104729,16,64,0.1,segment,"dt,dy",secondary,vectorchain,test,second_order_response,52,0.019380087408730907,0.02374536410101547,1.0715277773475733
seed-104729__h-16__c-64__segment,104729,16,64,0.1,segment,"dt,dy",secondary,vectorchain,test,regime_change,52,0.3924505395048748,0.44485643292481714,1.2783114773173827
seed-104729__h-16__c-64__absolute_geometry,104729,16,64,0.1,absolute_geometry,"dt,dy,theta,r",reference,vectorchain,validation,sine,51,0.053176220006987636,0.06912551406430137,1.0
seed-104729__h-16__c-64__absolute_geometry,104729,16,64,0.1,absolute_geometry,"dt,dy,theta,r",reference,vectorchain,validation,chirp,51,0.09952130134072282,0.12209594403720155,1.0
seed-104729__h-16__c-64__absolute_geometry,104729,16,64,0.1,absolute_geometry,"dt,dy,theta,r",reference,vectorchain,validation,ramp,51,0.013091362673735923,0.015536133124106217,1.0
seed-104729__h-16__c-64__absolute_geometry,104729,16,64,0.1,absolute_geometry,"dt,dy,theta,r",reference,vectorchain,validation,piecewise_linear,51,0.024858929508510305,0.04039005541465004,1.0
seed-104729__h-16__c-64__absolute_geometry,104729,16,64,0.1,absolute_geometry,"dt,dy,theta,r",reference,vectorchain,validation,first_order_response,51,0.013897376163866635,0.017678564378158304,1.0
seed-104729__h-16__c-64__absolute_geometry,104729,16,64,0.1,absolute_geometry,"dt,dy,theta,r",reference,vectorchain,validation,second_order_response,51,0.018903918912341014,0.022965536055911277,1.0
seed-104729__h-16__c-64__absolute_geometry,104729,16,64,0.1,absolute_geometry,"dt,dy,theta,r",reference,vectorchain,validation,regime_change,51,0.3095354382839096,0.3836057951803021,1.0
seed-104729__h-16__c-64__absolute_geometry,104729,16,64,0.1,absolute_geometry,"dt,dy,theta,r",reference,vectorchain,test,sine,52,0.05539848079051383,0.062388689293142376,1.0
seed-104729__h-16__c-64__absolute_geometry,104729,16,64,0.1,absolute_geometry,"dt,dy,theta,r",reference,vectorchain,test,chirp,52,0.22867788793846167,0.3126347055343627,1.0
seed-104729__h-16__c-64__absolute_geometry,104729,16,64,0.1,absolute_geometry,"dt,dy,theta,r",reference,vectorchain,test,ramp,52,0.01119027274802749,0.01433973990707643,1.0
seed-104729__h-16__c-64__absolute_geometry,104729,16,64,0.1,absolute_geometry,"dt,dy,theta,r",reference,vectorchain,test,piecewise_linear,52,0.017639406175392208,0.021675272426497572,1.0
seed-104729__h-16__c-64__absolute_geometry,104729,16,64,0.1,absolute_geometry,"dt,dy,theta,r",reference,vectorchain,test,first_order_response,52,0.00997793704661983,0.013253025386325073,1.0
seed-104729__h-16__c-64__absolute_geometry,104729,16,64,0.1,absolute_geometry,"dt,dy,theta,r",reference,vectorchain,test,second_order_response,52,0.018018554561288196,0.0221602879579977,1.0
seed-104729__h-16__c-64__absolute_geometry,104729,16,64,0.1,absolute_geometry,"dt,dy,theta,r",reference,vectorchain,test,regime_change,52,0.2613038853266137,0.3480031594947238,1.0
seed-104729__h-16__c-64__turning_matched,104729,16,64,0.1,turning_matched,"dt,dy,theta,delta_theta",capacity_control,vectorchain,validation,sine,51,0.05159877837701341,0.06448599504430953,0.932882683292943
seed-104729__h-16__c-64__turning_matched,104729,16,64,0.1,turning_matched,"dt,dy,theta,delta_theta",capacity_control,vectorchain,validation,chirp,51,0.10874260000492915,0.13981719558202468,1.1451420166702968
seed-104729__h-16__c-64__turning_matched,104729,16,64,0.1,turning_matched,"dt,dy,theta,delta_theta",capacity_control,vectorchain,validation,ramp,51,0.013113505640008873,0.015558346173226736,1.001429766914526
seed-104729__h-16__c-64__turning_matched,104729,16,64,0.1,turning_matched,"dt,dy,theta,delta_theta",capacity_control,vectorchain,validation,piecewise_linear,51,0.02539020651479108,0.04132317665470463,1.023102747210298
seed-104729__h-16__c-64__turning_matched,104729,16,64,0.1,turning_matched,"dt,dy,theta,delta_theta",capacity_control,vectorchain,validation,first_order_response,51,0.013911544418053076,0.01770618691145772,1.0015624873552258
seed-104729__h-16__c-64__turning_matched,104729,16,64,0.1,turning_matched,"dt,dy,theta,delta_theta",capacity_control,vectorchain,validation,second_order_response,51,0.01896169277095547,0.023011388681087087,1.0019965841452243
seed-104729__h-16__c-64__turning_matched,104729,16,64,0.1,turning_matched,"dt,dy,theta,delta_theta",capacity_control,vectorchain,validation,regime_change,51,0.4116199968911469,0.5063004894242669,1.319845778623589
seed-104729__h-16__c-64__turning_matched,104729,16,64,0.1,turning_matched,"dt,dy,theta,delta_theta",capacity_control,vectorchain,test,sine,52,0.05358149947989949,0.06085253735400891,0.9753777173949651
seed-104729__h-16__c-64__turning_matched,104729,16,64,0.1,turning_matched,"dt,dy,theta,delta_theta",capacity_control,vectorchain,test,chirp,52,0.26963264384989527,0.31622411824248287,1.011481171618439
seed-104729__h-16__c-64__turning_matched,104729,16,64,0.1,turning_matched,"dt,dy,theta,delta_theta",capacity_control,vectorchain,test,ramp,52,0.011217155720666545,0.014360137826975004,1.0014224748866267
seed-104729__h-16__c-64__turning_matched,104729,16,64,0.1,turning_matched,"dt,dy,theta,delta_theta",capacity_control,vectorchain,test,piecewise_linear,52,0.017573673900620267,0.02158394301308721,0.9957864698715982
seed-104729__h-16__c-64__turning_matched,104729,16,64,0.1,turning_matched,"dt,dy,theta,delta_theta",capacity_control,vectorchain,test,first_order_response,52,0.01000522655684457,0.013283848936257576,1.0023257746087402
seed-104729__h-16__c-64__turning_matched,104729,16,64,0.1,turning_matched,"dt,dy,theta,delta_theta",capacity_control,vectorchain,test,second_order_response,52,0.01805936763611006,0.022212666215239752,1.0023636090533359
seed-104729__h-16__c-64__turning_matched,104729,16,64,0.1,turning_matched,"dt,dy,theta,delta_theta",capacity_control,vectorchain,test,regime_change,52,0.29196477500433765,0.3724989063152376,1.0703894380041832
seed-104729__h-16__c-64__turning,104729,16,64,0.1,turning,"dt,dy,theta,r,delta_theta",primary,vectorchain,validation,sine,51,0.05163107215756173,0.06456952503732787,0.9340910648022744
seed-104729__h-16__c-64__turning,104729,16,64,0.1,turning,"dt,dy,theta,r,delta_theta",primary,vectorchain,validation,chirp,51,0.108703140950437,0.13970905755445995,1.1442563359180207
seed-104729__h-16__c-64__turning,104729,16,64,0.1,turning,"dt,dy,theta,r,delta_theta",primary,vectorchain,validation,ramp,51,0.01310812046035259,0.015555265737722986,1.0012314913539897
seed-104729__h-16__c-64__turning,104729,16,64,0.1,turning,"dt,dy,theta,r,delta_theta",primary,vectorchain,validation,piecewise_linear,51,0.025372475022691285,0.04131528409387484,1.0229073386933063
seed-104729__h-16__c-64__turning,104729,16,64,0.1,turning,"dt,dy,theta,r,delta_theta",primary,vectorchain,validation,first_order_response,51,0.013915216649846723,0.017691152107130875,1.0007120334379709
seed-104729__h-16__c-64__turning,104729,16,64,0.1,turning,"dt,dy,theta,r,delta_theta",primary,vectorchain,validation,second_order_response,51,0.019029888384243274,0.023067541612254733,1.0044416797454723
seed-104729__h-16__c-64__turning,104729,16,64,0.1,turning,"dt,dy,theta,r,delta_theta",primary,vectorchain,validation,regime_change,51,0.4116319437450366,0.506340714380042,1.3199506387593862
seed-104729__h-16__c-64__turning,104729,16,64,0.1,turning,"dt,dy,theta,r,delta_theta",primary,vectorchain,test,sine,52,0.05353967807926251,0.06081595196391298,0.9747913067729367
seed-104729__h-16__c-64__turning,104729,16,64,0.1,turning,"dt,dy,theta,r,delta_theta",primary,vectorchain,test,chirp,52,0.26976897262460847,0.3165549183520639,1.0125392758651048
seed-104729__h-16__c-64__turning,104729,16,64,0.1,turning,"dt,dy,theta,r,delta_theta",primary,vectorchain,test,ramp,52,0.011204630525852792,0.0143550070187428,1.001064671449085
seed-104729__h-16__c-64__turning,104729,16,64,0.1,turning,"dt,dy,theta,r,delta_theta",primary,vectorchain,test,piecewise_linear,52,0.01753656808898787,0.021529370176429374,0.99326872358523
seed-104729__h-16__c-64__turning,104729,16,64,0.1,turning,"dt,dy,theta,r,delta_theta",primary,vectorchain,test,first_order_response,52,0.009971896719759775,0.013247778317722532,0.9996040852220841
seed-104729__h-16__c-64__turning,104729,16,64,0.1,turning,"dt,dy,theta,r,delta_theta",primary,vectorchain,test,second_order_response,52,0.018002928531551957,0.0221575934469674,0.999878408121979
seed-104729__h-16__c-64__turning,104729,16,64,0.1,turning,"dt,dy,theta,r,delta_theta",primary,vectorchain,test,regime_change,52,0.29197155852049445,0.37269414021180364,1.0709504498549076
seed-104729__h-16__c-64__full_relational,104729,16,64,0.1,full_relational,"dt,dy,theta,r,delta_theta,delta_r",secondary,vectorchain,validation,sine,51,0.05386542929329598,0.06843053205961362,0.9899460855503908
seed-104729__h-16__c-64__full_relational,104729,16,64,0.1,full_relational,"dt,dy,theta,r,delta_theta,delta_r",secondary,vectorchain,validation,chirp,51,0.1608542289494388,0.20801685019649102,1.7037163014449532
seed-104729__h-16__c-64__full_relational,104729,16,64,0.1,full_relational,"dt,dy,theta,r,delta_theta,delta_r",secondary,vectorchain,validation,ramp,51,0.01314448823042424,0.01559404746003034,1.0037277188256235
seed-104729__h-16__c-64__full_relational,104729,16,64,0.1,full_relational,"dt,dy,theta,r,delta_theta,delta_r",secondary,vectorchain,validation,piecewise_linear,51,0.02475126930954827,0.04111461093494291,1.0179389583117548
seed-104729__h-16__c-64__full_relational,104729,16,64,0.1,full_relational,"dt,dy,theta,r,delta_theta,delta_r",secondary,vectorchain,validation,first_order_response,51,0.01394118295614876,0.01773128677499028,1.0029822781818818
seed-104729__h-16__c-64__full_relational,104729,16,64,0.1,full_relational,"dt,dy,theta,r,delta_theta,delta_r",secondary,vectorchain,validation,second_order_response,51,0.019151880293855162,0.02317366564379378,1.0090626923480384
seed-104729__h-16__c-64__full_relational,104729,16,64,0.1,full_relational,"dt,dy,theta,r,delta_theta,delta_r",secondary,vectorchain,validation,regime_change,51,0.4177038271163608,0.5007370648284986,1.3053428053482419
seed-104729__h-16__c-64__full_relational,104729,16,64,0.1,full_relational,"dt,dy,theta,r,delta_theta,delta_r",secondary,vectorchain,test,sine,52,0.05602084077627083,0.06311997961963345,1.0117215209163155
seed-104729__h-16__c-64__full_relational,104729,16,64,0.1,full_relational,"dt,dy,theta,r,delta_theta,delta_r",secondary,vectorchain,test,chirp,52,0.3145985363724396,0.3847152891080316,1.2305584834238639
seed-104729__h-16__c-64__full_relational,104729,16,64,0.1,full_relational,"dt,dy,theta,r,delta_theta,delta_r",secondary,vectorchain,test,ramp,52,0.011245729970811073,0.014389692120735017,1.0034834811497477
seed-104729__h-16__c-64__full_relational,104729,16,64,0.1,full_relational,"dt,dy,theta,r,delta_theta,delta_r",secondary,vectorchain,test,piecewise_linear,52,0.01744728912109668,0.021366477350132196,0.9857535780732388
seed-104729__h-16__c-64__full_relational,104729,16,64,0.1,full_relational,"dt,dy,theta,r,delta_theta,delta_r",secondary,vectorchain,test,first_order_response,52,0.010003692039053158,0.01328356824302517,1.0023045950497924
seed-104729__h-16__c-64__full_relational,104729,16,64,0.1,full_relational,"dt,dy,theta,r,delta_theta,delta_r",secondary,vectorchain,test,second_order_response,52,0.01804840425244381,0.022225126604482358,1.002925893680062
seed-104729__h-16__c-64__full_relational,104729,16,64,0.1,full_relational,"dt,dy,theta,r,delta_theta,delta_r",secondary,vectorchain,test,regime_change,52,0.355320675048578,0.4540362608977315,1.3046900538402018
seed-104729__h-1__c-128__raw,104729,1,128,,,,baseline,raw,validation,sine,51,0.011824567180430163,0.014961363294364973,
seed-104729__h-1__c-128__raw,104729,1,128,,,,baseline,raw,validation,chirp,51,0.02478645722633816,0.028709077751818857,
seed-104729__h-1__c-128__raw,104729,1,128,,,,baseline,raw,validation,ramp,51,0.012108131405113406,0.014147890020404683,
seed-104729__h-1__c-128__raw,104729,1,128,,,,baseline,raw,validation,piecewise_linear,51,0.01233000824081283,0.01492338505790691,
seed-104729__h-1__c-128__raw,104729,1,128,,,,baseline,raw,validation,first_order_response,51,0.010346003571461568,0.012633233741083213,
seed-104729__h-1__c-128__raw,104729,1,128,,,,baseline,raw,validation,second_order_response,51,0.011306990207967728,0.013841697302694187,
seed-104729__h-1__c-128__raw,104729,1,128,,,,baseline,raw,validation,regime_change,51,0.03251642846214149,0.03709964432776394,
seed-104729__h-1__c-128__raw,104729,1,128,,,,baseline,raw,test,sine,51,0.012486062851169107,0.01566491215749837,
seed-104729__h-1__c-128__raw,104729,1,128,,,,baseline,raw,test,chirp,51,0.028221040479489107,0.033338868191852174,
seed-104729__h-1__c-128__raw,104729,1,128,,,,baseline,raw,test,ramp,51,0.01055922243279956,0.013588543546751028,
seed-104729__h-1__c-128__raw,104729,1,128,,,,baseline,raw,test,piecewise_linear,51,0.012677006949474707,0.015577043634943154,
seed-104729__h-1__c-128__raw,104729,1,128,,,,baseline,raw,test,first_order_response,51,0.009286249202732357,0.011785748726738716,
seed-104729__h-1__c-128__raw,104729,1,128,,,,baseline,raw,test,second_order_response,51,0.012585646327162484,0.016972122235127816,
seed-104729__h-1__c-128__raw,104729,1,128,,,,baseline,raw,test,regime_change,51,0.0360921529781622,0.040661265318256194,
seed-104729__h-1__c-128__first_difference,104729,1,128,,,,baseline,first_difference,validation,sine,51,0.015373943136334101,0.01881653032810734,
seed-104729__h-1__c-128__first_difference,104729,1,128,,,,baseline,first_difference,validation,chirp,51,0.03159965486874652,0.035196661405654805,
seed-104729__h-1__c-128__first_difference,104729,1,128,,,,baseline,first_difference,validation,ramp,51,0.011767315701172808,0.013822183549483674,
seed-104729__h-1__c-128__first_difference,104729,1,128,,,,baseline,first_difference,validation,piecewise_linear,51,0.01232488772975966,0.014997378298751805,
seed-104729__h-1__c-128__first_difference,104729,1,128,,,,baseline,first_difference,validation,first_order_response,51,0.009893133850155871,0.012653091022594534,
seed-104729__h-1__c-128__first_difference,104729,1,128,,,,baseline,first_difference,validation,second_order_response,51,0.01063316928071279,0.013091081062055433,
seed-104729__h-1__c-128__first_difference,104729,1,128,,,,baseline,first_difference,validation,regime_change,51,0.03619963277516196,0.040637097762544774,
seed-104729__h-1__c-128__first_difference,104729,1,128,,,,baseline,first_difference,test,sine,51,0.018129334429309862,0.022075517995714132,
seed-104729__h-1__c-128__first_difference,104729,1,128,,,,baseline,first_difference,test,chirp,51,0.031023567447550325,0.03690169647173633,
seed-104729__h-1__c-128__first_difference,104729,1,128,,,,baseline,first_difference,test,ramp,51,0.010110061026455142,0.013109214866546455,
seed-104729__h-1__c-128__first_difference,104729,1,128,,,,baseline,first_difference,test,piecewise_linear,51,0.012744949487490892,0.015764059364409735,
seed-104729__h-1__c-128__first_difference,104729,1,128,,,,baseline,first_difference,test,first_order_response,51,0.009098930780804936,0.011351137994460154,
seed-104729__h-1__c-128__first_difference,104729,1,128,,,,baseline,first_difference,test,second_order_response,51,0.012144329491647718,0.01644920464505802,
seed-104729__h-1__c-128__first_difference,104729,1,128,,,,baseline,first_difference,test,regime_change,51,0.03617773444912192,0.041192739216480825,
seed-104729__h-1__c-128__segment,104729,1,128,0.1,segment,"dt,dy",secondary,vectorchain,validation,sine,51,0.013622338806997352,0.017363976385263245,1.1073330622521833
seed-104729__h-1__c-128__segment,104729,1,128,0.1,segment,"dt,dy",secondary,vectorchain,validation,chirp,51,0.018236055465158312,0.021465944413819927,1.4129773799137069
seed-104729__h-1__c-128__segment,104729,1,128,0.1,segment,"dt,dy",secondary,vectorchain,validation,ramp,51,0.012038839011034792,0.014131034066628419,1.0034815706624662
seed-104729__h-1__c-128__segment,104729,1,128,0.1,segment,"dt,dy",secondary,vectorchain,validation,piecewise_linear,51,0.013442280946793936,0.01576864534758852,1.0248428622858923
seed-104729__h-1__c-128__segment,104729,1,128,0.1,segment,"dt,dy",secondary,vectorchain,validation,first_order_response,51,0.010074371659979441,0.012803872098448767,1.0032898316090917
seed-104729__h-1__c-128__segment,104729,1,128,0.1,segment,"dt,dy",secondary,vectorchain,validation,second_order_response,51,0.010885762988811018,0.013546045024469452,0.9999445715589743
seed-104729__h-1__c-128__segment,104729,1,128,0.1,segment,"dt,dy",secondary,vectorchain,validation,regime_change,51,0.02236242379796043,0.026383873128795973,1.4911156523379723
seed-104729__h-1__c-128__segment,104729,1,128,0.1,segment,"dt,dy",secondary,vectorchain,test,sine,51,0.012378974482516576,0.016148001248147168,1.1210968506197547
seed-104729__h-1__c-128__segment,104729,1,128,0.1,segment,"dt,dy",secondary,vectorchain,test,chirp,51,0.02025235274692731,0.02515869468850675,1.4028417827602464
seed-104729__h-1__c-128__segment,104729,1,128,0.1,segment,"dt,dy",secondary,vectorchain,test,ramp,51,0.01028374868928317,0.013342372951138437,0.9993491066544109
seed-104729__h-1__c-128__segment,104729,1,128,0.1,segment,"dt,dy",secondary,vectorchain,test,piecewise_linear,51,0.013032613344426009,0.016176012524489112,1.015204406800523
seed-104729__h-1__c-128__segment,104729,1,128,0.1,segment,"dt,dy",secondary,vectorchain,test,first_order_response,51,0.009161480616585255,0.01144924221294029,1.0014872487903637
seed-104729__h-1__c-128__segment,104729,1,128,0.1,segment,"dt,dy",secondary,vectorchain,test,second_order_response,51,0.012482177102637701,0.016865144710080177,1.0025090135870083
seed-104729__h-1__c-128__segment,104729,1,128,0.1,segment,"dt,dy",secondary,vectorchain,test,regime_change,51,0.027530418143063097,0.03125209231678531,1.6809792012878533
seed-104729__h-1__c-128__absolute_geometry,104729,1,128,0.1,absolute_geometry,"dt,dy,theta,r",reference,vectorchain,validation,sine,51,0.012234795799869436,0.015680897624375984,1.0
seed-104729__h-1__c-128__absolute_geometry,104729,1,128,0.1,absolute_geometry,"dt,dy,theta,r",reference,vectorchain,validation,chirp,51,0.011401724870231717,0.015191994379365715,1.0
seed-104729__h-1__c-128__absolute_geometry,104729,1,128,0.1,absolute_geometry,"dt,dy,theta,r",reference,vectorchain,validation,ramp,51,0.012017828634805374,0.01408200656570062,1.0
seed-104729__h-1__c-128__absolute_geometry,104729,1,128,0.1,absolute_geometry,"dt,dy,theta,r",reference,vectorchain,validation,piecewise_linear,51,0.012910895170270732,0.01538640305540779,1.0
seed-104729__h-1__c-128__absolute_geometry,104729,1,128,0.1,absolute_geometry,"dt,dy,theta,r",reference,vectorchain,validation,first_order_response,51,0.010042443150746939,0.012761887637108532,1.0
seed-104729__h-1__c-128__absolute_geometry,104729,1,128,0.1,absolute_geometry,"dt,dy,theta,r",reference,vectorchain,validation,second_order_response,51,0.010740271912234992,0.013546795902247206,1.0
seed-104729__h-1__c-128__absolute_geometry,104729,1,128,0.1,absolute_geometry,"dt,dy,theta,r",reference,vectorchain,validation,regime_change,51,0.01515549295521463,0.017694048806628632,1.0
seed-104729__h-1__c-128__absolute_geometry,104729,1,128,0.1,absolute_geometry,"dt,dy,theta,r",reference,vectorchain,test,sine,51,0.011248523236788007,0.014403752217500542,1.0
seed-104729__h-1__c-128__absolute_geometry,104729,1,128,0.1,absolute_geometry,"dt,dy,theta,r",reference,vectorchain,test,chirp,51,0.013708107057823896,0.0179340927805873,1.0
seed-104729__h-1__c-128__absolute_geometry,104729,1,128,0.1,absolute_geometry,"dt,dy,theta,r",reference,vectorchain,test,ramp,51,0.010302694643492642,0.01335106306924675,1.0
seed-104729__h-1__c-128__absolute_geometry,104729,1,128,0.1,absolute_geometry,"dt,dy,theta,r",reference,vectorchain,test,piecewise_linear,51,0.012871820545680703,0.01593374931800067,1.0
seed-104729__h-1__c-128__absolute_geometry,104729,1,128,0.1,absolute_geometry,"dt,dy,theta,r",reference,vectorchain,test,first_order_response,51,0.009150927374574892,0.011432239628381831,1.0
seed-104729__h-1__c-128__absolute_geometry,104729,1,128,0.1,absolute_geometry,"dt,dy,theta,r",reference,vectorchain,test,second_order_response,51,0.012412026116509637,0.016822935735745823,1.0
seed-104729__h-1__c-128__absolute_geometry,104729,1,128,0.1,absolute_geometry,"dt,dy,theta,r",reference,vectorchain,test,regime_change,51,0.014622292021583915,0.018591599641948012,1.0
seed-104729__h-1__c-128__turning_matched,104729,1,128,0.1,turning_matched,"dt,dy,theta,delta_theta",capacity_control,vectorchain,validation,sine,51,0.012269768145647612,0.01572546306310337,1.0028420208966933
seed-104729__h-1__c-128__turning_matched,104729,1,128,0.1,turning_matched,"dt,dy,theta,delta_theta",capacity_control,vectorchain,validation,chirp,51,0.012097643497422057,0.015517358921857618,1.0214168419476133
seed-104729__h-1__c-128__turning_matched,104729,1,128,0.1,turning_matched,"dt,dy,theta,delta_theta",capacity_control,vectorchain,validation,ramp,51,0.01202398988595217,0.014091657893566001,1.0006853659540884
seed-104729__h-1__c-128__turning_matched,104729,1,128,0.1,turning_matched,"dt,dy,theta,delta_theta",capacity_control,vectorchain,validation,piecewise_linear,51,0.012957321600104484,0.015360567916481443,0.998320911077572
seed-104729__h-1__c-128__turning_matched,104729,1,128,0.1,turning_matched,"dt,dy,theta,delta_theta",capacity_control,vectorchain,validation,first_order_response,51,0.010049119492717752,0.012763020308886437,1.0000887542509473
seed-104729__h-1__c-128__turning_matched,104729,1,128,0.1,turning_matched,"dt,dy,theta,delta_theta",capacity_control,vectorchain,validation,second_order_response,51,0.010779275118466497,0.013487673127028374,0.995635663543951
seed-104729__h-1__c-128__turning_matched,104729,1,128,0.1,turning_matched,"dt,dy,theta,delta_theta",capacity_control,vectorchain,validation,regime_change,51,0.015247514301445393,0.0178409615568407,1.008302947042682
seed-104729__h-1__c-128__turning_matched,104729,1,128,0.1,turning_matched,"dt,dy,theta,delta_theta",capacity_control,vectorchain,test,sine,51,0.011294834361168914,0.014425527951776413,1.0015118098358713
seed-104729__h-1__c-128__turning_matched,104729,1,128,0.1,turning_matched,"dt,dy,theta,delta_theta",capacity_control,vectorchain,test,chirp,51,0.015178045789369697,0.019612518549949637,1.0935885516985362
seed-104729__h-1__c-128__turning_matched,104729,1,128,0.1,turning_matched,"dt,dy,theta,delta_theta",capacity_control,vectorchain,test,ramp,51,0.010299618856560682,0.01335102672910669,0.9999972781088763
seed-104729__h-1__c-128__turning_matched,104729,1,128,0.1,turning_matched,"dt,dy,theta,delta_theta",capacity_control,vectorchain,test,piecewise_linear,51,0.012834561054111376,0.015914895128109646,0.9988167135358578
seed-104729__h-1__c-128__turning_matched,104729,1,128,0.1,turning_matched,"dt,dy,theta,delta_theta",capacity_control,vectorchain,test,first_order_response,51,0.009152419803265343,0.01143573029309701,1.0003053351599203
seed-104729__h-1__c-128__turning_matched,104729,1,128,0.1,turning_matched,"dt,dy,theta,delta_theta",capacity_control,vectorchain,test,second_order_response,51,0.012422382446043032,0.016827440944765962,1.000267801594853
seed-104729__h-1__c-128__turning_matched,104729,1,128,0.1,turning_matched,"dt,dy,theta,delta_theta",capacity_control,vectorchain,test,regime_change,51,0.016250806490004502,0.02054746283311849,1.1052014473653728
seed-104729__h-1__c-128__turning,104729,1,128,0.1,turning,"dt,dy,theta,r,delta_theta",primary,vectorchain,validation,sine,51,0.012270030894687796,0.015725746154513807,1.002860074162343
seed-104729__h-1__c-128__turning,104729,1,128,0.1,turning,"dt,dy,theta,r,delta_theta",primary,vectorchain,validation,chirp,51,0.012096187298794586,0.015515118296063809,1.021269354676498
seed-104729__h-1__c-128__turning,104729,1,128,0.1,turning,"dt,dy,theta,r,delta_theta",primary,vectorchain,validation,ramp,51,0.012023990130305284,0.014091650149293882,1.000684816013135
seed-104729__h-1__c-128__turning,104729,1,128,0.1,turning,"dt,dy,theta,r,delta_theta",primary,vectorchain,validation,piecewise_linear,51,0.012957221143812883,0.015360531694933672,0.9983185569505132
seed-104729__h-1__c-128__turning,104729,1,128,0.1,turning,"dt,dy,theta,r,delta_theta",primary,vectorchain,validation,first_order_response,51,0.010049111142638125,0.012762985993678394,1.000086065369097
seed-104729__h-1__c-128__turning,104729,1,128,0.1,turning,"dt,dy,theta,r,delta_theta",primary,vectorchain,validation,second_order_response,51,0.010779490342324328,0.0134876507111522,0.9956340088444682
seed-104729__h-1__c-128__turning,104729,1,128,0.1,turning,"dt,dy,theta,r,delta_theta",primary,vectorchain,validation,regime_change,51,0.015241670414482815,0.017832530398027305,1.0078264501761063
seed-104729__h-1__c-128__turning,104729,1,128,0.1,turning,"dt,dy,theta,r,delta_theta",primary,vectorchain,test,sine,51,0.011295673252849702,0.014426238520275074,1.0015611420159818
seed-104729__h-1__c-128__turning,104729,1,128,0.1,turning,"dt,dy,theta,r,delta_theta",primary,vectorchain,test,chirp,51,0.015168716456385732,0.019602652811361507,1.0930384408728127
seed-104729__h-1__c-128__turning,104729,1,128,0.1,turning,"dt,dy,theta,r,delta_theta",primary,vectorchain,test,ramp,51,0.010299631501293887,0.013351041589822662,0.9999983911824866
seed-104729__h-1__c-128__turning,104729,1,128,0.1,turning,"dt,dy,theta,r,delta_theta",primary,vectorchain,test,piecewise_linear,51,0.012834485811819082,0.015914841850029327,0.9988133698105829
seed-104729__h-1__c-128__turning,104729,1,128,0.1,turning,"dt,dy,theta,r,delta_theta",primary,vectorchain,test,first_order_response,51,0.009152414800689512,0.011435726156894668,1.0003049733583418
seed-104729__h-1__c-128__turning,104729,1,128,0.1,turning,"dt,dy,theta,r,delta_theta",primary,vectorchain,test,second_order_response,51,0.012422354655744525,0.016827422691141274,1.0002667165509
seed-104729__h-1__c-128__turning,104729,1,128,0.1,turning,"dt,dy,theta,r,delta_theta",primary,vectorchain,test,regime_change,51,0.01625098841949134,0.02054166838627646,1.1048897772049981
seed-104729__h-1__c-128__full_relational,104729,1,128,0.1,full_relational,"dt,dy,theta,r,delta_theta,delta_r",secondary,vectorchain,validation,sine,51,0.012395780564827886,0.015942217401709733,1.0166648481224396
seed-104729__h-1__c-128__full_relational,104729,1,128,0.1,full_relational,"dt,dy,theta,r,delta_theta,delta_r",secondary,vectorchain,validation,chirp,51,0.012264502598183808,0.01560745647398274,1.0273474360404793
seed-104729__h-1__c-128__full_relational,104729,1,128,0.1,full_relational,"dt,dy,theta,r,delta_theta,delta_r",secondary,vectorchain,validation,ramp,51,0.012026379944122827,0.014093209676218852,1.0007955620859827
seed-104729__h-1__c-128__full_relational,104729,1,128,0.1,full_relational,"dt,dy,theta,r,delta_theta,delta_r",secondary,vectorchain,validation,piecewise_linear,51,0.01289953284028206,0.015310181882820018,0.995046199406496
seed-104729__h-1__c-128__full_relational,104729,1,128,0.1,full_relational,"dt,dy,theta,r,delta_theta,delta_r",secondary,vectorchain,validation,first_order_response,51,0.01004929918965726,0.012753796825770335,0.9993660176638235
seed-104729__h-1__c-128__full_relational,104729,1,128,0.1,full_relational,"dt,dy,theta,r,delta_theta,delta_r",secondary,vectorchain,validation,second_order_response,51,0.010748088010687131,0.013516187921139814,0.9977405741307201
seed-104729__h-1__c-128__full_relational,104729,1,128,0.1,full_relational,"dt,dy,theta,r,delta_theta,delta_r",secondary,vectorchain,validation,regime_change,51,0.015230728998613151,0.017883698261003382,1.0107182621935407
seed-104729__h-1__c-128__full_relational,104729,1,128,0.1,full_relational,"dt,dy,theta,r,delta_theta,delta_r",secondary,vectorchain,test,sine,51,0.011454527163843925,0.014602352894508404,1.0137881209013413
seed-104729__h-1__c-128__full_relational,104729,1,128,0.1,full_relational,"dt,dy,theta,r,delta_theta,delta_r",secondary,vectorchain,test,chirp,51,0.015295940131541313,0.019879766950431723,1.1084902478005754
seed-104729__h-1__c-128__full_relational,104729,1,128,0.1,full_relational,"dt,dy,theta,r,delta_theta,delta_r",secondary,vectorchain,test,ramp,51,0.010304219737797961,0.013355410192492069,1.0003256012815438
seed-104729__h-1__c-128__full_relational,104729,1,128,0.1,full_relational,"dt,dy,theta,r,delta_theta,delta_r",secondary,vectorchain,test,piecewise_linear,51,0.012838602945689942,0.015906341813405587,0.9982799086361851
seed-104729__h-1__c-128__full_relational,104729,1,128,0.1,full_relational,"dt,dy,theta,r,delta_theta,delta_r",secondary,vectorchain,test,first_order_response,51,0.009151562029068052,0.011436131678199265,1.0003404450872224
seed-104729__h-1__c-128__full_relational,104729,1,128,0.1,full_relational,"dt,dy,theta,r,delta_theta,delta_r",secondary,vectorchain,test,second_order_response,51,0.012419022352689435,0.016824335347924466,1.0000831966667785
seed-104729__h-1__c-128__full_relational,104729,1,128,0.1,full_relational,"dt,dy,theta,r,delta_theta,delta_r",secondary,vectorchain,test,regime_change,51,0.01607995035276526,0.020463441750809587,1.1006821438128518
seed-104729__h-4__c-128__raw,104729,4,128,,,,baseline,raw,validation,sine,51,0.018842929346615942,0.022975005168654448,
seed-104729__h-4__c-128__raw,104729,4,128,,,,baseline,raw,validation,chirp,51,0.09408049284866771,0.10645379181777075,
seed-104729__h-4__c-128__raw,104729,4,128,,,,baseline,raw,validation,ramp,51,0.01227288722316873,0.01548366137065601,
seed-104729__h-4__c-128__raw,104729,4,128,,,,baseline,raw,validation,piecewise_linear,51,0.011225927937795841,0.01412951812440632,
seed-104729__h-4__c-128__raw,104729,4,128,,,,baseline,raw,validation,first_order_response,51,0.01759819355348427,0.020666575629350512,
seed-104729__h-4__c-128__raw,104729,4,128,,,,baseline,raw,validation,second_order_response,51,0.020361828899139522,0.02399706025457588,
seed-104729__h-4__c-128__raw,104729,4,128,,,,baseline,raw,validation,regime_change,51,0.1384296226754036,0.1574952181429199,
seed-104729__h-4__c-128__raw,104729,4,128,,,,baseline,raw,test,sine,52,0.021657888656221976,0.025676943400386266,
seed-104729__h-4__c-128__raw,104729,4,128,,,,baseline,raw,test,chirp,52,0.11491410835848084,0.13053706331794462,
seed-104729__h-4__c-128__raw,104729,4,128,,,,baseline,raw,test,ramp,52,0.01267899929549976,0.01544211940971571,
seed-104729__h-4__c-128__raw,104729,4,128,,,,baseline,raw,test,piecewise_linear,52,0.013340496488186611,0.016718774273552648,
seed-104729__h-4__c-128__raw,104729,4,128,,,,baseline,raw,test,first_order_response,52,0.014033397883342754,0.01704223532756526,
seed-104729__h-4__c-128__raw,104729,4,128,,,,baseline,raw,test,second_order_response,52,0.017136638540796147,0.02117814393090979,
seed-104729__h-4__c-128__raw,104729,4,128,,,,baseline,raw,test,regime_change,52,0.13404291153131823,0.15197801911869455,
seed-104729__h-4__c-128__first_difference,104729,4,128,,,,baseline,first_difference,validation,sine,51,0.040817840521951275,0.04845806584909535,
seed-104729__h-4__c-128__first_difference,104729,4,128,,,,baseline,first_difference,validation,chirp,51,0.08933943540364918,0.09989454036493428,
seed-104729__h-4__c-128__first_difference,104729,4,128,,,,baseline,first_difference,validation,ramp,51,0.018652011555986437,0.023177586013439163,
seed-104729__h-4__c-128__first_difference,104729,4,128,,,,baseline,first_difference,validation,piecewise_linear,51,0.015485024321793694,0.02065484116417884,
seed-104729__h-4__c-128__first_difference,104729,4,128,,,,baseline,first_difference,validation,first_order_response,51,0.02006516268589583,0.026119517740683405,
seed-104729__h-4__c-128__first_difference,104729,4,128,,,,baseline,first_difference,validation,second_order_response,51,0.01736732986551278,0.02284649467028584,
seed-104729__h-4__c-128__first_difference,104729,4,128,,,,baseline,first_difference,validation,regime_change,51,0.11377107920320768,0.13022702716204776,
seed-104729__h-4__c-128__first_difference,104729,4,128,,,,baseline,first_difference,test,sine,52,0.04104839296293964,0.04803029963259615,
seed-104729__h-4__c-128__first_difference,104729,4,128,,,,baseline,first_difference,test,chirp,52,0.0980137115600853,0.11297956767366005,
seed-104729__h-4__c-128__first_difference,104729,4,128,,,,baseline,first_difference,test,ramp,52,0.01682319819553158,0.02167192482989658,
seed-104729__h-4__c-128__first_difference,104729,4,128,,,,baseline,first_difference,test,piecewise_linear,52,0.020693553486689963,0.02615291301588001,
seed-104729__h-4__c-128__first_difference,104729,4,128,,,,baseline,first_difference,test,first_order_response,52,0.01537284009297064,0.02005473254830028,
seed-104729__h-4__c-128__first_difference,104729,4,128,,,,baseline,first_difference,test,second_order_response,52,0.01995506341199266,0.025832360796705246,
seed-104729__h-4__c-128__first_difference,104729,4,128,,,,baseline,first_difference,test,regime_change,52,0.10177134582091697,0.11717445952216801,
seed-104729__h-4__c-128__segment,104729,4,128,0.1,segment,"dt,dy",secondary,vectorchain,validation,sine,51,0.03587380248231291,0.04257532023282974,1.946359336694672
seed-104729__h-4__c-128__segment,104729,4,128,0.1,segment,"dt,dy",secondary,vectorchain,validation,chirp,51,0.061697702844650926,0.07072153203251129,2.039274223980684
seed-104729__h-4__c-128__segment,104729,4,128,0.1,segment,"dt,dy",secondary,vectorchain,validation,ramp,51,0.012359890662010632,0.015513028804662552,1.0115664434938034
seed-104729__h-4__c-128__segment,104729,4,128,0.1,segment,"dt,dy",secondary,vectorchain,validation,piecewise_linear,51,0.012754258157480231,0.017625000041590892,1.1843985953268854
seed-104729__h-4__c-128__segment,104729,4,128,0.1,segment,"dt,dy",secondary,vectorchain,validation,first_order_response,51,0.013623435114216032,0.01694119430811709,1.007410990864779
seed-104729__h-4__c-128__segment,104729,4,128,0.1,segment,"dt,dy",secondary,vectorchain,validation,second_order_response,51,0.013182904606207765,0.017088439713273777,1.0515239410062256
seed-104729__h-4__c-128__segment,104729,4,128,0.1,segment,"dt,dy",secondary,vectorchain,validation,regime_change,51,0.09655156688502256,0.11111640215522241,1.5767111694654428
seed-104729__h-4__c-128__segment,104729,4,128,0.1,segment,"dt,dy",secondary,vectorchain,test,sine,52,0.026979647915668117,0.030455844549227958,1.5050832051901086
seed-104729__h-4__c-128__segment,104729,4,128,0.1,segment,"dt,dy",secondary,vectorchain,test,chirp,52,0.07899159210221389,0.09173503903150848,1.6453178189327484
seed-104729__h-4__c-128__segment,104729,4,128,0.1,segment,"dt,dy",secondary,vectorchain,test,ramp,52,0.009927294307955015,0.012169972323667603,1.008979802476203
seed-104729__h-4__c-128__segment,104729,4,128,0.1,segment,"dt,dy",secondary,vectorchain,test,piecewise_linear,52,0.013213692132802416,0.0169595646510927,1.0654438070848062
seed-104729__h-4__c-128__segment,104729,4,128,0.1,segment,"dt,dy",secondary,vectorchain,test,first_order_response,52,0.009002599695865672,0.011957557735221109,1.0082119441140842
seed-104729__h-4__c-128__segment,104729,4,128,0.1,segment,"dt,dy",secondary,vectorchain,test,second_order_response,52,0.013245968918212118,0.016708696482241287,1.032143547280914
seed-104729__h-4__c-128__segment,104729,4,128,0.1,segment,"dt,dy",secondary,vectorchain,test,regime_change,52,0.09638803277086454,0.10936855581425456,1.918031655754071
seed-104729__h-4__c-128__absolute_geometry,104729,4,128,0.1,absolute_geometry,"dt,dy,theta,r",reference,vectorchain,validation,sine,51,0.01633631288511263,0.021874337091901848,1.0
seed-104729__h-4__c-128__absolute_geometry,104729,4,128,0.1,absolute_geometry,"dt,dy,theta,r",reference,vectorchain,validation,chirp,51,0.026576937446578807,0.03467975576843321,1.0
seed-104729__h-4__c-128__absolute_geometry,104729,4,128,0.1,absolute_geometry,"dt,dy,theta,r",reference,vectorchain,validation,ramp,51,0.012117032222339633,0.015335649876920399,1.0
seed-104729__h-4__c-128__absolute_geometry,104729,4,128,0.1,absolute_geometry,"dt,dy,theta,r",reference,vectorchain,validation,piecewise_linear,51,0.010389141751481317,0.014880970064580766,1.0
seed-104729__h-4__c-128__absolute_geometry,104729,4,128,0.1,absolute_geometry,"dt,dy,theta,r",reference,vectorchain,validation,first_order_response,51,0.013521486402535832,0.01681656688455868,1.0
seed-104729__h-4__c-128__absolute_geometry,104729,4,128,0.1,absolute_geometry,"dt,dy,theta,r",reference,vectorchain,validation,second_order_response,51,0.012854070108498665,0.016251118064816942,1.0
seed-104729__h-4__c-128__absolute_geometry,104729,4,128,0.1,absolute_geometry,"dt,dy,theta,r",reference,vectorchain,validation,regime_change,51,0.058988081031799866,0.07047353016018434,1.0
seed-104729__h-4__c-128__absolute_geometry,104729,4,128,0.1,absolute_geometry,"dt,dy,theta,r",reference,vectorchain,test,sine,52,0.015094889148257027,0.020235322834116037,1.0
seed-104729__h-4__c-128__absolute_geometry,104729,4,128,0.1,absolute_geometry,"dt,dy,theta,r",reference,vectorchain,test,chirp,52,0.04597785814485534,0.055755209100581744,1.0
seed-104729__h-4__c-128__absolute_geometry,104729,4,128,0.1,absolute_geometry,"dt,dy,theta,r",reference,vectorchain,test,ramp,52,0.009778371665155636,0.012061660990438544,1.0
seed-104729__h-4__c-128__absolute_geometry,104729,4,128,0.1,absolute_geometry,"dt,dy,theta,r",reference,vectorchain,test,piecewise_linear,52,0.012563899602159041,0.015917840564014626,1.0
seed-104729__h-4__c-128__absolute_geometry,104729,4,128,0.1,absolute_geometry,"dt,dy,theta,r",reference,vectorchain,test,first_order_response,52,0.008920578007619171,0.01186016274160312,1.0
seed-104729__h-4__c-128__absolute_geometry,104729,4,128,0.1,absolute_geometry,"dt,dy,theta,r",reference,vectorchain,test,second_order_response,52,0.012762138629764198,0.016188345629112144,1.0
seed-104729__h-4__c-128__absolute_geometry,104729,4,128,0.1,absolute_geometry,"dt,dy,theta,r",reference,vectorchain,test,regime_change,52,0.04398305821690566,0.05702124648785136,1.0
seed-104729__h-4__c-128__turning_matched,104729,4,128,0.1,turning_matched,"dt,dy,theta,delta_theta",capacity_control,vectorchain,validation,sine,51,0.01602839230993663,0.021273612722702798,0.972537482316598
seed-104729__h-4__c-128__turning_matched,104729,4,128,0.1,turning_matched,"dt,dy,theta,delta_theta",capacity_control,vectorchain,validation,chirp,51,0.032683559810096574,0.04043596805156191,1.1659819152581292
seed-104729__h-4__c-128__turning_matched,104729,4,128,0.1,turning_matched,"dt,dy,theta,delta_theta",capacity_control,vectorchain,validation,ramp,51,0.012138208900020844,0.01535635959124896,1.0013504295217204
seed-104729__h-4__c-128__turning_matched,104729,4,128,0.1,turning_matched,"dt,dy,theta,delta_theta",capacity_control,vectorchain,validation,piecewise_linear,51,0.010805827937547807,0.01531218785445108,1.02897780104381
seed-104729__h-4__c-128__turning_matched,104729,4,128,0.1,turning_matched,"dt,dy,theta,delta_theta",capacity_control,vectorchain,validation,first_order_response,51,0.013556643101444492,0.0168413445111719,1.0014734057660706
seed-104729__h-4__c-128__turning_matched,104729,4,128,0.1,turning_matched,"dt,dy,theta,delta_theta",capacity_control,vectorchain,validation,second_order_response,51,0.013294023865627589,0.016709078348665217,1.0281802324013474
seed-104729__h-4__c-128__turning_matched,104729,4,128,0.1,turning_matched,"dt,dy,theta,delta_theta",capacity_control,vectorchain,validation,regime_change,51,0.059849939253439496,0.0731619664511267,1.0381481711620182
seed-104729__h-4__c-128__turning_matched,104729,4,128,0.1,turning_matched,"dt,dy,theta,delta_theta",capacity_control,vectorchain,test,sine,52,0.014474680424137949,0.01945052866499315,0.9612166222621488
seed-104729__h-4__c-128__turning_matched,104729,4,128,0.1,turning_matched,"dt,dy,theta,delta_theta",capacity_control,vectorchain,test,chirp,52,0.057815542443435515,0.06871890243569719,1.2325108908071547
seed-104729__h-4__c-128__turning_matched,104729,4,128,0.1,turning_matched,"dt,dy,theta,delta_theta",capacity_control,vectorchain,test,ramp,52,0.009779606365297407,0.012070111336555505,1.0007005955584112
seed-104729__h-4__c-128__turning_matched,104729,4,128,0.1,turning_matched,"dt,dy,theta,delta_theta",capacity_control,vectorchain,test,piecewise_linear,52,0.012561949833595206,0.0159746092753944,1.0035663575817004
seed-104729__h-4__c-128__turning_matched,104729,4,128,0.1,turning_matched,"dt,dy,theta,delta_theta",capacity_control,vectorchain,test,first_order_response,52,0.008924587444537006,0.011884270577538814,1.0020326732828992
seed-104729__h-4__c-128__turning_matched,104729,4,128,0.1,turning_matched,"dt,dy,theta,delta_theta",capacity_control,vectorchain,test,second_order_response,52,0.012775354764928783,0.016212664372995473,1.001502237748099
seed-104729__h-4__c-128__turning_matched,104729,4,128,0.1,turning_matched,"dt,dy,theta,delta_theta",capacity_control,vectorchain,test,regime_change,52,0.06430618785924368,0.07548559895831536,1.32381530758711
seed-104729__h-4__c-128__turning,104729,4,128,0.1,turning,"dt,dy,theta,r,delta_theta",primary,vectorchain,validation,sine,51,0.016028471694503436,0.0212735611562974,0.972535124923769
seed-104729__h-4__c-128__turning,104729,4,128,0.1,turning,"dt,dy,theta,r,delta_theta",primary,vectorchain,validation,chirp,51,0.03268258130499835,0.04043512588869347,1.165957631267375
seed-104729__h-4__c-128__turning,104729,4,128,0.1,turning,"dt,dy,theta,r,delta_theta",primary,vectorchain,validation,ramp,51,0.01213821623355307,0.015356397160660736,1.0013528793306348
seed-104729__h-4__c-128__turning,104729,4,128,0.1,turning,"dt,dy,theta,r,delta_theta",primary,vectorchain,validation,piecewise_linear,51,0.010805936464712387,0.015312417248168411,1.028993216283296
seed-104729__h-4__c-128__turning,104729,4,128,0.1,turning,"dt,dy,theta,r,delta_theta",primary,vectorchain,validation,first_order_response,51,0.013556704666160728,0.016841374030138623,1.0014751611164299
seed-104729__h-4__c-128__turning,104729,4,128,0.1,turning,"dt,dy,theta,r,delta_theta",primary,vectorchain,validation,second_order_response,51,0.013294252436069045,0.016709317514465093,1.028194949284144
seed-104729__h-4__c-128__turning,104729,4,128,0.1,turning,"dt,dy,theta,r,delta_theta",primary,vectorchain,validation,regime_change,51,0.059848264674265225,0.0731600791411883,1.038121390753344
seed-104729__h-4__c-128__turning,104729,4,128,0.1,turning,"dt,dy,theta,r,delta_theta",primary,vectorchain,test,sine,52,0.014474532931571405,0.019450467601376174,0.9612136045876855
seed-104729__h-4__c-128__turning,104729,4,128,0.1,turning,"dt,dy,theta,r,delta_theta",primary,vectorchain,test,chirp,52,0.05781367813450299,0.06871689154981955,1.2324748244752357
seed-104729__h-4__c-128__turning,104729,4,128,0.1,turning,"dt,dy,theta,r,delta_theta",primary,vectorchain,test,ramp,52,0.009779658088298894,0.012070144086252146,1.0007033107480243
seed-104729__h-4__c-128__turning,104729,4,128,0.1,turning,"dt,dy,theta,r,delta_theta",primary,vectorchain,test,piecewise_linear,52,0.01256192714611797,0.015974638281009753,1.0035681797896336
seed-104729__h-4__c-128__turning,104729,4,128,0.1,turning,"dt,dy,theta,r,delta_theta",primary,vectorchain,test,first_order_response,52,0.008924571678119395,0.01188430803711592,1.0020358317199225
seed-104729__h-4__c-128__turning,104729,4,128,0.1,turning,"dt,dy,theta,r,delta_theta",primary,vectorchain,test,second_order_response,52,0.012775306008046269,0.016212611744321353,1.0014989867257078
seed-104729__h-4__c-128__turning,104729,4,128,0.1,turning,"dt,dy,theta,r,delta_theta",primary,vectorchain,test,regime_change,52,0.06430374511264679,0.07548280652787911,1.3237663358334524
seed-104729__h-4__c-128__full_relational,104729,4,128,0.1,full_relational,"dt,dy,theta,r,delta_theta,delta_r",secondary,vectorchain,validation,sine,51,0.01589833160607802,0.020619901283087837,0.9426526251495677
seed-104729__h-4__c-128__full_relational,104729,4,128,0.1,full_relational,"dt,dy,theta,r,delta_theta,delta_r",secondary,vectorchain,validation,chirp,51,0.03464519932116348,0.04211864678102875,1.2145024048689146
seed-104729__h-4__c-128__full_relational,104729,4,128,0.1,full_relational,"dt,dy,theta,r,delta_theta,delta_r",secondary,vectorchain,validation,ramp,51,0.012128218542639173,0.015350009200611461,1.0009363361713592
seed-104729__h-4__c-128__full_relational,104729,4,128,0.1,full_relational,"dt,dy,theta,r,delta_theta,delta_r",secondary,vectorchain,validation,piecewise_linear,51,0.010887500605919647,0.015283445576251881,1.0270463222440769
seed-104729__h-4__c-128__full_relational,104729,4,128,0.1,full_relational,"dt,dy,theta,r,delta_theta,delta_r",secondary,vectorchain,validation,first_order_response,51,0.013546281954969548,0.01683210943454903,1.000924240369455
seed-104729__h-4__c-128__full_relational,104729,4,128,0.1,full_relational,"dt,dy,theta,r,delta_theta,delta_r",secondary,vectorchain,validation,second_order_response,51,0.013309907664842012,0.016674256936635483,1.0260375237033457
seed-104729__h-4__c-128__full_relational,104729,4,128,0.1,full_relational,"dt,dy,theta,r,delta_theta,delta_r",secondary,vectorchain,validation,regime_change,51,0.060265304866531436,0.07416575719650179,1.052391685614799
seed-104729__h-4__c-128__full_relational,104729,4,128,0.1,full_relational,"dt,dy,theta,r,delta_theta,delta_r",secondary,vectorchain,test,sine,52,0.01448962247598931,0.019400066380817538,0.9587228501296611
seed-104729__h-4__c-128__full_relational,104729,4,128,0.1,full_relational,"dt,dy,theta,r,delta_theta,delta_r",secondary,vectorchain,test,chirp,52,0.05880721328505597,0.06920893560584639,1.2412999022386282
seed-104729__h-4__c-128__full_relational,104729,4,128,0.1,full_relational,"dt,dy,theta,r,delta_theta,delta_r",secondary,vectorchain,test,ramp,52,0.009784578617067143,0.012069481187202689,1.0006483515637146
seed-104729__h-4__c-128__full_relational,104729,4,128,0.1,full_relational,"dt,dy,theta,r,delta_theta,delta_r",secondary,vectorchain,test,piecewise_linear,52,0.012545093131761793,0.0159375234744211,1.00123653144579
seed-104729__h-4__c-128__full_relational,104729,4,128,0.1,full_relational,"dt,dy,theta,r,delta_theta,delta_r",secondary,vectorchain,test,first_order_response,52,0.008920947337388681,0.011875896809654415,1.001326631716115
seed-104729__h-4__c-128__full_relational,104729,4,128,0.1,full_relational,"dt,dy,theta,r,delta_theta,delta_r",secondary,vectorchain,test,second_order_response,52,0.012756278120444942,0.016193672800130454,1.000329074455189
seed-104729__h-4__c-128__full_relational,104729,4,128,0.1,full_relational,"dt,dy,theta,r,delta_theta,delta_r",secondary,vectorchain,test,regime_change,52,0.06450247441976976,0.07515301755886045,1.3179827202632644
seed-104729__h-16__c-128__raw,104729,16,128,,,,baseline,raw,validation,sine,51,0.0695432654912321,0.07695807624397777,
seed-104729__h-16__c-128__raw,104729,16,128,,,,baseline,raw,validation,chirp,51,0.38445545598970865,0.43598620669082044,
seed-104729__h-16__c-128__raw,104729,16,128,,,,baseline,raw,validation,ramp,51,0.01465236594496837,0.018164971779608532,
seed-104729__h-16__c-128__raw,104729,16,128,,,,baseline,raw,validation,piecewise_linear,51,0.032101648154316355,0.04130139962847128,
seed-104729__h-16__c-128__raw,104729,16,128,,,,baseline,raw,validation,first_order_response,51,0.04842855439016794,0.05102662280262257,
seed-104729__h-16__c-128__raw,104729,16,128,,,,baseline,raw,validation,second_order_response,51,0.07833413820127609,0.08092464503475907,
seed-104729__h-16__c-128__raw,104729,16,128,,,,baseline,raw,validation,regime_change,51,0.5643069146965491,0.6439054793926222,
seed-104729__h-16__c-128__raw,104729,16,128,,,,baseline,raw,test,sine,52,0.09778564491647142,0.10772330036586915,
seed-104729__h-16__c-128__raw,104729,16,128,,,,baseline,raw,test,chirp,52,0.4700818102890944,0.531809029301446,
seed-104729__h-16__c-128__raw,104729,16,128,,,,baseline,raw,test,ramp,52,0.03752771181119389,0.04141785884491079,
seed-104729__h-16__c-128__raw,104729,16,128,,,,baseline,raw,test,piecewise_linear,52,0.02461730832997896,0.0299715365675737,
seed-104729__h-16__c-128__raw,104729,16,128,,,,baseline,raw,test,first_order_response,52,0.04790676149268546,0.049284130422581236,
seed-104729__h-16__c-128__raw,104729,16,128,,,,baseline,raw,test,second_order_response,52,0.05834161908733045,0.06128774862652872,
seed-104729__h-16__c-128__raw,104729,16,128,,,,baseline,raw,test,regime_change,52,0.5195415387012616,0.5908938523133502,
seed-104729__h-16__c-128__first_difference,104729,16,128,,,,baseline,first_difference,validation,sine,51,0.14479150612751715,0.1697948167114443,
seed-104729__h-16__c-128__first_difference,104729,16,128,,,,baseline,first_difference,validation,chirp,51,0.3277655965609753,0.3657708424876682,
seed-104729__h-16__c-128__first_difference,104729,16,128,,,,baseline,first_difference,validation,ramp,51,0.05428506638026409,0.06841086631217153,
seed-104729__h-16__c-128__first_difference,104729,16,128,,,,baseline,first_difference,validation,piecewise_linear,51,0.0603394055999083,0.07609686872807113,
seed-104729__h-16__c-128__first_difference,104729,16,128,,,,baseline,first_difference,validation,first_order_response,51,0.059143320648430545,0.07907232864942676,
seed-104729__h-16__c-128__first_difference,104729,16,128,,,,baseline,first_difference,validation,second_order_response,51,0.05390351677081501,0.07274021202333537,
seed-104729__h-16__c-128__first_difference,104729,16,128,,,,baseline,first_difference,validation,regime_change,51,0.43844573478498466,0.5143242771760298,
seed-104729__h-16__c-128__first_difference,104729,16,128,,,,baseline,first_difference,test,sine,52,0.15562025933107443,0.18185749283140062,
seed-104729__h-16__c-128__first_difference,104729,16,128,,,,baseline,first_difference,test,chirp,52,0.3518709691139765,0.4111877148211691,
seed-104729__h-16__c-128__first_difference,104729,16,128,,,,baseline,first_difference,test,ramp,52,0.05730879660500781,0.06728730596603627,
seed-104729__h-16__c-128__first_difference,104729,16,128,,,,baseline,first_difference,test,piecewise_linear,52,0.06407032735194748,0.08268121687691378,
seed-104729__h-16__c-128__first_difference,104729,16,128,,,,baseline,first_difference,test,first_order_response,52,0.04854616780812764,0.06449088110069065,
seed-104729__h-16__c-128__first_difference,104729,16,128,,,,baseline,first_difference,test,second_order_response,52,0.06030319525997203,0.07951710063570097,
seed-104729__h-16__c-128__first_difference,104729,16,128,,,,baseline,first_difference,test,regime_change,52,0.36526203208844266,0.43618907574507493,
seed-104729__h-16__c-128__segment,104729,16,128,0.1,segment,"dt,dy",secondary,vectorchain,validation,sine,51,0.13522675583582774,0.15589269629596147,2.3561019254641717
seed-104729__h-16__c-128__segment,104729,16,128,0.1,segment,"dt,dy",secondary,vectorchain,validation,chirp,51,0.23431956893131894,0.26537649728889035,1.5751589866242586
seed-104729__h-16__c-128__segment,104729,16,128,0.1,segment,"dt,dy",secondary,vectorchain,validation,ramp,51,0.013498057885042972,0.015802713068025435,1.0776230126284003
seed-104729__h-16__c-128__segment,104729,16,128,0.1,segment,"dt,dy",secondary,vectorchain,validation,piecewise_linear,51,0.046272553923075874,0.059495973542995295,1.4678078592435413
seed-104729__h-16__c-128__segment,104729,16,128,0.1,segment,"dt,dy",secondary,vectorchain,validation,first_order_response,51,0.013026684251956652,0.016707496396799124,1.0308007726350998
seed-104729__h-16__c-128__segment,104729,16,128,0.1,segment,"dt,dy",secondary,vectorchain,validation,second_order_response,51,0.03413217788621426,0.04066524346629801,1.3852244323442309
seed-104729__h-16__c-128__segment,104729,16,128,0.1,segment,"dt,dy",secondary,vectorchain,validation,regime_change,51,0.401844904410796,0.4492289054821405,1.0220633236669854
seed-104729__h-16__c-128__segment,104729,16,128,0.1,segment,"dt,dy",secondary,vectorchain,test,sine,52,0.10119495552965568,0.10971383288628393,1.6509348588280497
seed-104729__h-16__c-128__segment,104729,16,128,0.1,segment,"dt,dy",secondary,vectorchain,test,chirp,52,0.3356151019629744,0.3772865725651609,1.015516120912569
seed-104729__h-16__c-128__segment,104729,16,128,0.1,segment,"dt,dy",secondary,vectorchain,test,ramp,52,0.01188988315711924,0.01462413807599412,1.0632013653350152
seed-104729__h-16__c-128__segment,104729,16,128,0.1,segment,"dt,dy",secondary,vectorchain,test,piecewise_linear,52,0.017783242495234594,0.021305460707318945,1.0593385799362676
seed-104729__h-16__c-128__segment,104729,16,128,0.1,segment,"dt,dy",secondary,vectorchain,test,first_order_response,52,0.00935102768457179,0.012372130611425364,1.060379491988048
seed-104729__h-16__c-128__segment,104729,16,128,0.1,segment,"dt,dy",secondary,vectorchain,test,second_order_response,52,0.024279830537041833,0.029455590363152328,1.1764883634924503
seed-104729__h-16__c-128__segment,104729,16,128,0.1,segment,"dt,dy",secondary,vectorchain,test,regime_change,52,0.40519458924082496,0.4498824344172738,1.1523785148289545
seed-104729__h-16__c-128__absolute_geometry,104729,16,128,0.1,absolute_geometry,"dt,dy,theta,r",reference,vectorchain,validation,sine,51,0.04545866584942435,0.06616551457774872,1.0
seed-104729__h-16__c-128__absolute_geometry,104729,16,128,0.1,absolute_geometry,"dt,dy,theta,r",reference,vectorchain,validation,chirp,51,0.13880594936116034,0.16847600752837133,1.0
seed-104729__h-16__c-128__absolute_geometry,104729,16,128,0.1,absolute_geometry,"dt,dy,theta,r",reference,vectorchain,validation,ramp,51,0.01228726880194666,0.01466441685342398,1.0
seed-104729__h-16__c-128__absolute_geometry,104729,16,128,0.1,absolute_geometry,"dt,dy,theta,r",reference,vectorchain,validation,piecewise_linear,51,0.02701914912869886,0.04053389765446379,1.0
seed-104729__h-16__c-128__absolute_geometry,104729,16,128,0.1,absolute_geometry,"dt,dy,theta,r",reference,vectorchain,validation,first_order_response,51,0.012829956060005197,0.01620826918288848,1.0
seed-104729__h-16__c-128__absolute_geometry,104729,16,128,0.1,absolute_geometry,"dt,dy,theta,r",reference,vectorchain,validation,second_order_response,51,0.022110197592459906,0.02935642955523082,1.0
seed-104729__h-16__c-128__absolute_geometry,104729,16,128,0.1,absolute_geometry,"dt,dy,theta,r",reference,vectorchain,validation,regime_change,51,0.377510324518549,0.43953138233195316,1.0
seed-104729__h-16__c-128__absolute_geometry,104729,16,128,0.1,absolute_geometry,"dt,dy,theta,r",reference,vectorchain,test,sine,52,0.04516925590373834,0.06645557957639017,1.0
seed-104729__h-16__c-128__absolute_geometry,104729,16,128,0.1,absolute_geometry,"dt,dy,theta,r",reference,vectorchain,test,chirp,52,0.30939910134368004,0.3715219924092603,1.0
seed-104729__h-16__c-128__absolute_geometry,104729,16,128,0.1,absolute_geometry,"dt,dy,theta,r",reference,vectorchain,test,ramp,52,0.01086241375328935,0.013754814988773128,1.0
seed-104729__h-16__c-128__absolute_geometry,104729,16,128,0.1,absolute_geometry,"dt,dy,theta,r",reference,vectorchain,test,piecewise_linear,52,0.01630609886137632,0.020112040768496067,1.0
seed-104729__h-16__c-128__absolute_geometry,104729,16,128,0.1,absolute_geometry,"dt,dy,theta,r",reference,vectorchain,test,first_order_response,52,0.0085937350819293,0.011667644182960882,1.0
seed-104729__h-16__c-128__absolute_geometry,104729,16,128,0.1,absolute_geometry,"dt,dy,theta,r",reference,vectorchain,test,second_order_response,52,0.02065355035344659,0.025036873527343944,1.0
seed-104729__h-16__c-128__absolute_geometry,104729,16,128,0.1,absolute_geometry,"dt,dy,theta,r",reference,vectorchain,test,regime_change,52,0.32054138749314914,0.39039467382299214,1.0
seed-104729__h-16__c-128__turning_matched,104729,16,128,0.1,turning_matched,"dt,dy,theta,delta_theta",capacity_control,vectorchain,validation,sine,51,0.03914917583374823,0.05612942782447381,0.848318465936181
seed-104729__h-16__c-128__turning_matched,104729,16,128,0.1,turning_matched,"dt,dy,theta,delta_theta",capacity_control,vectorchain,validation,chirp,51,0.19928047025341722,0.2360619221824059,1.4011604717226762
seed-104729__h-16__c-128__turning_matched,104729,16,128,0.1,turning_matched,"dt,dy,theta,delta_theta",capacity_control,vectorchain,validation,ramp,51,0.012365752765634497,0.014779530212252185,1.007849842239129
seed-104729__h-16__c-128__turning_matched,104729,16,128,0.1,turning_matched,"dt,dy,theta,delta_theta",capacity_control,vectorchain,validation,piecewise_linear,51,0.02900609105060012,0.044821484583210294,1.1057778101009819
seed-104729__h-16__c-128__turning_matched,104729,16,128,0.1,turning_matched,"dt,dy,theta,delta_theta",capacity_control,vectorchain,validation,first_order_response,51,0.01305549454348446,0.016382854530702554,1.0107713751446323
seed-104729__h-16__c-128__turning_matched,104729,16,128,0.1,turning_matched,"dt,dy,theta,delta_theta",capacity_control,vectorchain,validation,second_order_response,51,0.02401846866555215,0.03269957475669359,1.1138811923695633
seed-104729__h-16__c-128__turning_matched,104729,16,128,0.1,turning_matched,"dt,dy,theta,delta_theta",capacity_control,vectorchain,validation,regime_change,51,0.33887682993419477,0.39938378582031925,0.9086581797672124
seed-104729__h-16__c-128__turning_matched,104729,16,128,0.1,turning_matched,"dt,dy,theta,delta_theta",capacity_control,vectorchain,test,sine,52,0.037670648350788774,0.05816490232633322,0.8752448281558227
seed-104729__h-16__c-128__turning_matched,104729,16,128,0.1,turning_matched,"dt,dy,theta,delta_theta",capacity_control,vectorchain,test,chirp,52,0.35046257854425067,0.4003271866719624,1.0775329451586568
seed-104729__h-16__c-128__turning_matched,104729,16,128,0.1,turning_matched,"dt,dy,theta,delta_theta",capacity_control,vectorchain,test,ramp,52,0.01095153391743455,0.013857318630993046,1.0074522007241524
seed-104729__h-16__c-128__turning_matched,104729,16,128,0.1,turning_matched,"dt,dy,theta,delta_theta",capacity_control,vectorchain,test,piecewise_linear,52,0.017682967785236443,0.021966587427071433,1.0922107646818402
seed-104729__h-16__c-128__turning_matched,104729,16,128,0.1,turning_matched,"dt,dy,theta,delta_theta",capacity_control,vectorchain,test,first_order_response,52,0.008581158999188642,0.011702366587911066,1.0029759567917653
seed-104729__h-16__c-128__turning_matched,104729,16,128,0.1,turning_matched,"dt,dy,theta,delta_theta",capacity_control,vectorchain,test,second_order_response,52,0.020428487151960658,0.024878060165461617,0.9936568213395782
seed-104729__h-16__c-128__turning_matched,104729,16,128,0.1,turning_matched,"dt,dy,theta,delta_theta",capacity_control,vectorchain,test,regime_change,52,0.4100750571280356,0.4663206634756209,1.1944852087993756
seed-104729__h-16__c-128__turning,104729,16,128,0.1,turning,"dt,dy,theta,r,delta_theta",primary,vectorchain,validation,sine,51,0.03914809091450812,0.05612845134556504,0.8483037078115747
seed-104729__h-16__c-128__turning,104729,16,128,0.1,turning,"dt,dy,theta,r,delta_theta",primary,vectorchain,validation,chirp,51,0.19926005784129708,0.23604085671635872,1.4010354363164113
seed-104729__h-16__c-128__turning,104729,16,128,0.1,turning,"dt,dy,theta,r,delta_theta",primary,vectorchain,validation,ramp,51,0.01236586701268772,0.014780017330915732,1.007883059970759
seed-104729__h-16__c-128__turning,104729,16,128,0.1,turning,"dt,dy,theta,r,delta_theta",primary,vectorchain,validation,piecewise_linear,51,0.029004691718464377,0.04482184216556505,1.1057866319112555
seed-104729__h-16__c-128__turning,104729,16,128,0.1,turning,"dt,dy,theta,r,delta_theta",primary,vectorchain,validation,first_order_response,51,0.013056118144487348,0.016383277136948152,1.0107974486408724
seed-104729__h-16__c-128__turning,104729,16,128,0.1,turning,"dt,dy,theta,r,delta_theta",primary,vectorchain,validation,second_order_response,51,0.024018038466049944,0.03269928306550117,1.1138712561751132
seed-104729__h-16__c-128__turning,104729,16,128,0.1,turning,"dt,dy,theta,r,delta_theta",primary,vectorchain,validation,regime_change,51,0.3388197213023821,0.3993170746320115,0.9085064017804989
seed-104729__h-16__c-128__turning,104729,16,128,0.1,turning,"dt,dy,theta,r,delta_theta",primary,vectorchain,test,sine,52,0.03767199249753148,0.05816389528046574,0.8752296744866516
seed-104729__h-16__c-128__turning,104729,16,128,0.1,turning,"dt,dy,theta,r,delta_theta",primary,vectorchain,test,chirp,52,0.35042164685578986,0.4002759571642786,1.0773950542430972
seed-104729__h-16__c-128__turning,104729,16,128,0.1,turning,"dt,dy,theta,r,delta_theta",primary,vectorchain,test,ramp,52,0.010951890682320466,0.013857887145888363,1.0074935327882901
seed-104729__h-16__c-128__turning,104729,16,128,0.1,turning,"dt,dy,theta,r,delta_theta",primary,vectorchain,test,piecewise_linear,52,0.017682999181532197,0.021967112181010016,1.0922368562130091
seed-104729__h-16__c-128__turning,104729,16,128,0.1,turning,"dt,dy,theta,r,delta_theta",primary,vectorchain,test,first_order_response,52,0.008581309273552199,0.01170253113186047,1.0029900593772423
seed-104729__h-16__c-128__turning,104729,16,128,0.1,turning,"dt,dy,theta,r,delta_theta",primary,vectorchain,test,second_order_response,52,0.020427352207644484,0.024876737479596452,0.993603991825393
seed-104729__h-16__c-128__turning,104729,16,128,0.1,turning,"dt,dy,theta,r,delta_theta",primary,vectorchain,test,regime_change,52,0.41002201055280013,0.46625427012325693,1.1943151415397129
seed-104729__h-16__c-128__full_relational,104729,16,128,0.1,full_relational,"dt,dy,theta,r,delta_theta,delta_r",secondary,vectorchain,validation,sine,51,0.037929648005369354,0.051645428758032824,0.7805490380845771
seed-104729__h-16__c-128__full_relational,104729,16,128,0.1,full_relational,"dt,dy,theta,r,delta_theta,delta_r",secondary,vectorchain,validation,chirp,51,0.21363937393697457,0.24817941696159454,1.4730846285029704
seed-104729__h-16__c-128__full_relational,104729,16,128,0.1,full_relational,"dt,dy,theta,r,delta_theta,delta_r",secondary,vectorchain,validation,ramp,51,0.012334893336292715,0.014839670950943892,1.0119509762489458
seed-104729__h-16__c-128__full_relational,104729,16,128,0.1,full_relational,"dt,dy,theta,r,delta_theta,delta_r",secondary,vectorchain,validation,piecewise_linear,51,0.02893901267133053,0.04380709219489929,1.0807520305187093
seed-104729__h-16__c-128__full_relational,104729,16,128,0.1,full_relational,"dt,dy,theta,r,delta_theta,delta_r",secondary,vectorchain,validation,first_order_response,51,0.013012245009250746,0.01633362054336596,1.007733790638782
seed-104729__h-16__c-128__full_relational,104729,16,128,0.1,full_relational,"dt,dy,theta,r,delta_theta,delta_r",secondary,vectorchain,validation,second_order_response,51,0.024015243717539915,0.03319923270596661,1.130901584728006
seed-104729__h-16__c-128__full_relational,104729,16,128,0.1,full_relational,"dt,dy,theta,r,delta_theta,delta_r",secondary,vectorchain,validation,regime_change,51,0.3378023315121475,0.4027237620364106,0.9162571279887727
seed-104729__h-16__c-128__full_relational,104729,16,128,0.1,full_relational,"dt,dy,theta,r,delta_theta,delta_r",secondary,vectorchain,test,sine,52,0.03745233739447747,0.05616293239634493,0.845119894436946
seed-104729__h-16__c-128__full_relational,104729,16,128,0.1,full_relational,"dt,dy,theta,r,delta_theta,delta_r",secondary,vectorchain,test,chirp,52,0.3607185355955981,0.4104250954988341,1.1047127865494406
seed-104729__h-16__c-128__full_relational,104729,16,128,0.1,full_relational,"dt,dy,theta,r,delta_theta,delta_r",secondary,vectorchain,test,ramp,52,0.010984558773198217,0.013952844257683622,1.0143970870616674
seed-104729__h-16__c-128__full_relational,104729,16,128,0.1,full_relational,"dt,dy,theta,r,delta_theta,delta_r",secondary,vectorchain,test,piecewise_linear,52,0.017664021220600033,0.02227355120016903,1.107473451180489
seed-104729__h-16__c-128__full_relational,104729,16,128,0.1,full_relational,"dt,dy,theta,r,delta_theta,delta_r",secondary,vectorchain,test,first_order_response,52,0.008552301203731556,0.011662971995245448,0.9995995603189325
seed-104729__h-16__c-128__full_relational,104729,16,128,0.1,full_relational,"dt,dy,theta,r,delta_theta,delta_r",secondary,vectorchain,test,second_order_response,52,0.02022026575882432,0.024575956230184163,0.9815904610990509
seed-104729__h-16__c-128__full_relational,104729,16,128,0.1,full_relational,"dt,dy,theta,r,delta_theta,delta_r",secondary,vectorchain,test,regime_change,52,0.41043848701101554,0.467502356627491,1.1975121280457326
seed-8675309__h-1__c-32__raw,8675309,1,32,,,,baseline,raw,validation,sine,51,0.011780977356797884,0.014507910992246069,
seed-8675309__h-1__c-32__raw,8675309,1,32,,,,baseline,raw,validation,chirp,51,0.013341705060642445,0.016701351814336407,
seed-8675309__h-1__c-32__raw,8675309,1,32,,,,baseline,raw,validation,ramp,51,0.01207725502288014,0.014931227022592749,
seed-8675309__h-1__c-32__raw,8675309,1,32,,,,baseline,raw,validation,piecewise_linear,51,0.01240001019168769,0.014274966682867119,
seed-8675309__h-1__c-32__raw,8675309,1,32,,,,baseline,raw,validation,first_order_response,51,0.011873736054885252,0.014697581669731705,
seed-8675309__h-1__c-32__raw,8675309,1,32,,,,baseline,raw,validation,second_order_response,51,0.011882355009342671,0.01525282386319319,
seed-8675309__h-1__c-32__raw,8675309,1,32,,,,baseline,raw,validation,regime_change,51,0.01810877943857939,0.022436256375504733,
seed-8675309__h-1__c-32__raw,8675309,1,32,,,,baseline,raw,test,sine,51,0.011698497537918122,0.014566909860684948,
seed-8675309__h-1__c-32__raw,8675309,1,32,,,,baseline,raw,test,chirp,51,0.01741711893427211,0.021509769575342553,
seed-8675309__h-1__c-32__raw,8675309,1,32,,,,baseline,raw,test,ramp,51,0.011614025950726647,0.014235156785607713,
seed-8675309__h-1__c-32__raw,8675309,1,32,,,,baseline,raw,test,piecewise_linear,51,0.012177487574947424,0.01473337026727333,
seed-8675309__h-1__c-32__raw,8675309,1,32,,,,baseline,raw,test,first_order_response,51,0.013958308678858255,0.016531742231350913,
seed-8675309__h-1__c-32__raw,8675309,1,32,,,,baseline,raw,test,second_order_response,51,0.01058146212706664,0.013194999213831183,
seed-8675309__h-1__c-32__raw,8675309,1,32,,,,baseline,raw,test,regime_change,51,0.018584234190272542,0.02320370459328885,
seed-8675309__h-1__c-32__first_difference,8675309,1,32,,,,baseline,first_difference,validation,sine,51,0.011337926483468977,0.013841835840030119,
seed-8675309__h-1__c-32__first_difference,8675309,1,32,,,,baseline,first_difference,validation,chirp,51,0.01809952899157869,0.02150850905465085,
seed-8675309__h-1__c-32__first_difference,8675309,1,32,,,,baseline,first_difference,validation,ramp,51,0.010686149824823236,0.01380853930848483,
seed-8675309__h-1__c-32__first_difference,8675309,1,32,,,,baseline,first_difference,validation,piecewise_linear,51,0.010364604365416485,0.012223486009421105,
seed-8675309__h-1__c-32__first_difference,8675309,1,32,,,,baseline,first_difference,validation,first_order_response,51,0.00946910081605974,0.012289450295904334,
seed-8675309__h-1__c-32__first_difference,8675309,1,32,,,,baseline,first_difference,validation,second_order_response,51,0.010151861952080296,0.01315577415038845,
seed-8675309__h-1__c-32__first_difference,8675309,1,32,,,,baseline,first_difference,validation,regime_change,51,0.03311535111993922,0.03727216624150627,
seed-8675309__h-1__c-32__first_difference,8675309,1,32,,,,baseline,first_difference,test,sine,51,0.0108047669272335,0.013745191423862449,
seed-8675309__h-1__c-32__first_difference,8675309,1,32,,,,baseline,first_difference,test,chirp,51,0.028464232375739716,0.033243558430163495,
seed-8675309__h-1__c-32__first_difference,8675309,1,32,,,,baseline,first_difference,test,ramp,51,0.010537594753546625,0.012951251773906613,
seed-8675309__h-1__c-32__first_difference,8675309,1,32,,,,baseline,first_difference,test,piecewise_linear,51,0.011047868223763135,0.013393737887155905,
seed-8675309__h-1__c-32__first_difference,8675309,1,32,,,,baseline,first_difference,test,first_order_response,51,0.011061235939353703,0.013366073245479936,
seed-8675309__h-1__c-32__first_difference,8675309,1,32,,,,baseline,first_difference,test,second_order_response,51,0.009895368546365808,0.01210420927688505,
seed-8675309__h-1__c-32__first_difference,8675309,1,32,,,,baseline,first_difference,test,regime_change,51,0.031192847603020074,0.03507072433765254,
seed-8675309__h-1__c-32__segment,8675309,1,32,0.1,segment,"dt,dy",secondary,vectorchain,validation,sine,51,0.01213415057233031,0.014884260570680135,0.9989849514796109
seed-8675309__h-1__c-32__segment,8675309,1,32,0.1,segment,"dt,dy",secondary,vectorchain,validation,chirp,51,0.01944077115583308,0.024356697656543986,1.1329516910760726
seed-8675309__h-1__c-32__segment,8675309,1,32,0.1,segment,"dt,dy",secondary,vectorchain,validation,ramp,51,0.012003493903972654,0.014846835489739928,1.0001926659189941
seed-8675309__h-1__c-32__segment,8675309,1,32,0.1,segment,"dt,dy",secondary,vectorchain,validation,piecewise_linear,51,0.01224358724407478,0.014099176383931832,0.999972802872123
seed-8675309__h-1__c-32__segment,8675309,1,32,0.1,segment,"dt,dy",secondary,vectorchain,validation,first_order_response,51,0.01165553705585844,0.014682749664886132,1.0005343413207648
seed-8675309__h-1__c-32__segment,8675309,1,32,0.1,segment,"dt,dy",secondary,vectorchain,validation,second_order_response,51,0.011649461904723437,0.014923561249096747,1.0002445278436338
seed-8675309__h-1__c-32__segment,8675309,1,32,0.1,segment,"dt,dy",secondary,vectorchain,validation,regime_change,51,0.02878854580806984,0.03554403504893878,1.7292276184518072
seed-8675309__h-1__c-32__segment,8675309,1,32,0.1,segment,"dt,dy",secondary,vectorchain,test,sine,51,0.011037103223488704,0.014252502477718367,0.9977398493860539
seed-8675309__h-1__c-32__segment,8675309,1,32,0.1,segment,"dt,dy",secondary,vectorchain,test,chirp,51,0.021121474015107822,0.02703955951148743,1.6029165650853496
seed-8675309__h-1__c-32__segment,8675309,1,32,0.1,segment,"dt,dy",secondary,vectorchain,test,ramp,51,0.011383105710448644,0.014009748742627821,1.0000067183317767
seed-8675309__h-1__c-32__segment,8675309,1,32,0.1,segment,"dt,dy",secondary,vectorchain,test,piecewise_linear,51,0.012164154200105332,0.014678122791945213,1.0001811417660182
seed-8675309__h-1__c-32__segment,8675309,1,32,0.1,segment,"dt,dy",secondary,vectorchain,test,first_order_response,51,0.013717283475110436,0.01628364577788497,1.0001861355746613
seed-8675309__h-1__c-32__segment,8675309,1,32,0.1,segment,"dt,dy",secondary,vectorchain,test,second_order_response,51,0.010513120435413298,0.013158437128458109,1.000354778902551
seed-8675309__h-1__c-32__segment,8675309,1,32,0.1,segment,"dt,dy",secondary,vectorchain,test,regime_change,51,0.027321597743120582,0.0334288084665514,1.7454644936116985
seed-8675309__h-1__c-32__absolute_geometry,8675309,1,32,0.1,absolute_geometry,"dt,dy,theta,r",reference,vectorchain,validation,sine,51,0.012151685208527562,0.014899384168535116,1.0
seed-8675309__h-1__c-32__absolute_geometry,8675309,1,32,0.1,absolute_geometry,"dt,dy,theta,r",reference,vectorchain,validation,chirp,51,0.01728147888535082,0.021498443268494618,1.0
seed-8675309__h-1__c-32__absolute_geometry,8675309,1,32,0.1,absolute_geometry,"dt,dy,theta,r",reference,vectorchain,validation,ramp,51,0.012000420266583794,0.014843975561546837,1.0
seed-8675309__h-1__c-32__absolute_geometry,8675309,1,32,0.1,absolute_geometry,"dt,dy,theta,r",reference,vectorchain,validation,piecewise_linear,51,0.012241013012753767,0.014099559851464123,1.0
seed-8675309__h-1__c-32__absolute_geometry,8675309,1,32,0.1,absolute_geometry,"dt,dy,theta,r",reference,vectorchain,validation,first_order_response,51,0.011653183270744124,0.01467490825502704,1.0
seed-8675309__h-1__c-32__absolute_geometry,8675309,1,32,0.1,absolute_geometry,"dt,dy,theta,r",reference,vectorchain,validation,second_order_response,51,0.011649400613528291,0.014919912914964445,1.0
seed-8675309__h-1__c-32__absolute_geometry,8675309,1,32,0.1,absolute_geometry,"dt,dy,theta,r",reference,vectorchain,validation,regime_change,51,0.016691487358706278,0.020554861991367954,1.0
seed-8675309__h-1__c-32__absolute_geometry,8675309,1,32,0.1,absolute_geometry,"dt,dy,theta,r",reference,vectorchain,test,sine,51,0.011038879470386271,0.014284788250653171,1.0
seed-8675309__h-1__c-32__absolute_geometry,8675309,1,32,0.1,absolute_geometry,"dt,dy,theta,r",reference,vectorchain,test,chirp,51,0.013620818366079276,0.016868975029930938,1.0
seed-8675309__h-1__c-32__absolute_geometry,8675309,1,32,0.1,absolute_geometry,"dt,dy,theta,r",reference,vectorchain,test,ramp,51,0.011382601317460822,0.014009654621119999,1.0
seed-8675309__h-1__c-32__absolute_geometry,8675309,1,32,0.1,absolute_geometry,"dt,dy,theta,r",reference,vectorchain,test,piecewise_linear,51,0.012164003684676497,0.014675464452397168,1.0
seed-8675309__h-1__c-32__absolute_geometry,8675309,1,32,0.1,absolute_geometry,"dt,dy,theta,r",reference,vectorchain,test,first_order_response,51,0.0137155235469478,0.016280615376186084,1.0
seed-8675309__h-1__c-32__absolute_geometry,8675309,1,32,0.1,absolute_geometry,"dt,dy,theta,r",reference,vectorchain,test,second_order_response,51,0.010509555378868354,0.013153770448214083,1.0
seed-8675309__h-1__c-32__absolute_geometry,8675309,1,32,0.1,absolute_geometry,"dt,dy,theta,r",reference,vectorchain,test,regime_change,51,0.015781807375042266,0.019151812362210145,1.0
seed-8675309__h-1__c-32__turning_matched,8675309,1,32,0.1,turning_matched,"dt,dy,theta,delta_theta",capacity_control,vectorchain,validation,sine,51,0.012175524214799343,0.014920359348625817,1.0014077883926904
seed-8675309__h-1__c-32__turning_matched,8675309,1,32,0.1,turning_matched,"dt,dy,theta,delta_theta",capacity_control,vectorchain,validation,chirp,51,0.019145254486409007,0.0244004320821159,1.1349859977012413
seed-8675309__h-1__c-32__turning_matched,8675309,1,32,0.1,turning_matched,"dt,dy,theta,delta_theta",capacity_control,vectorchain,validation,ramp,51,0.012001292857646987,0.014844024739088567,1.0000033129629946
seed-8675309__h-1__c-32__turning_matched,8675309,1,32,0.1,turning_matched,"dt,dy,theta,delta_theta",capacity_control,vectorchain,validation,piecewise_linear,51,0.012243632155812185,0.014101082087813984,1.0001079633950207
seed-8675309__h-1__c-32__turning_matched,8675309,1,32,0.1,turning_matched,"dt,dy,theta,delta_theta",capacity_control,vectorchain,validation,first_order_response,51,0.011651521322381514,0.014681088727353379,1.000421159179937
seed-8675309__h-1__c-32__turning_matched,8675309,1,32,0.1,turning_matched,"dt,dy,theta,delta_theta",capacity_control,vectorchain,validation,second_order_response,51,0.011643811984648061,0.014913715338802128,0.9995846104332083
seed-8675309__h-1__c-32__turning_matched,8675309,1,32,0.1,turning_matched,"dt,dy,theta,delta_theta",capacity_control,vectorchain,validation,regime_change,51,0.018175078556968607,0.022016045909314254,1.071087021579611
seed-8675309__h-1__c-32__turning_matched,8675309,1,32,0.1,turning_matched,"dt,dy,theta,delta_theta",capacity_control,vectorchain,test,sine,51,0.011025078931433778,0.014269244928834992,0.9989118969392166
seed-8675309__h-1__c-32__turning_matched,8675309,1,32,0.1,turning_matched,"dt,dy,theta,delta_theta",capacity_control,vectorchain,test,chirp,51,0.01406791270982946,0.01782649018450424,1.0567619047911545
seed-8675309__h-1__c-32__turning_matched,8675309,1,32,0.1,turning_matched,"dt,dy,theta,delta_theta",capacity_control,vectorchain,test,ramp,51,0.01137970714109606,0.014005527097761664,0.9997053800775278
seed-8675309__h-1__c-32__turning_matched,8675309,1,32,0.1,turning_matched,"dt,dy,theta,delta_theta",capacity_control,vectorchain,test,piecewise_linear,51,0.012169761646145062,0.014676444437993081,1.0000667771435168
seed-8675309__h-1__c-32__turning_matched,8675309,1,32,0.1,turning_matched,"dt,dy,theta,delta_theta",capacity_control,vectorchain,test,first_order_response,51,0.01371414619601844,0.01628055219063026,0.9999961189700532
seed-8675309__h-1__c-32__turning_matched,8675309,1,32,0.1,turning_matched,"dt,dy,theta,delta_theta",capacity_control,vectorchain,test,second_order_response,51,0.010510881220646848,0.013159220442107603,1.000414329405776
seed-8675309__h-1__c-32__turning_matched,8675309,1,32,0.1,turning_matched,"dt,dy,theta,delta_theta",capacity_control,vectorchain,test,regime_change,51,0.016571835582962956,0.020482009369137234,1.0694554114132717
seed-8675309__h-1__c-32__turning,8675309,1,32,0.1,turning,"dt,dy,theta,r,delta_theta",primary,vectorchain,validation,sine,51,0.012152200661626446,0.014900006179937305,1.0000417474571535
seed-8675309__h-1__c-32__turning,8675309,1,32,0.1,turning,"dt,dy,theta,r,delta_theta",primary,vectorchain,validation,chirp,51,0.01923010026839281,0.02446445648734756,1.1379640926466315
seed-8675309__h-1__c-32__turning,8675309,1,32,0.1,turning,"dt,dy,theta,r,delta_theta",primary,vectorchain,validation,ramp,51,0.012000296883958858,0.014843798996016705,0.9999881052397722
seed-8675309__h-1__c-32__turning,8675309,1,32,0.1,turning,"dt,dy,theta,r,delta_theta",primary,vectorchain,validation,piecewise_linear,51,0.012240381451587297,0.014099285226904052,0.9999805224728315
seed-8675309__h-1__c-32__turning,8675309,1,32,0.1,turning,"dt,dy,theta,r,delta_theta",primary,vectorchain,validation,first_order_response,51,0.011653211456418674,0.014673934489907281,0.9999336442107278
seed-8675309__h-1__c-32__turning,8675309,1,32,0.1,turning,"dt,dy,theta,r,delta_theta",primary,vectorchain,validation,second_order_response,51,0.011649947264770932,0.014920386202623563,1.0000317218781245
seed-8675309__h-1__c-32__turning,8675309,1,32,0.1,turning,"dt,dy,theta,r,delta_theta",primary,vectorchain,validation,regime_change,51,0.01818493377994339,0.022052001100119404,1.072836252044902
seed-8675309__h-1__c-32__turning,8675309,1,32,0.1,turning,"dt,dy,theta,r,delta_theta",primary,vectorchain,test,sine,51,0.011038260447914863,0.014284469178172608,0.9999776634784524
seed-8675309__h-1__c-32__turning,8675309,1,32,0.1,turning,"dt,dy,theta,r,delta_theta",primary,vectorchain,test,chirp,51,0.014058599561109325,0.017829006040095484,1.0569110457784865
seed-8675309__h-1__c-32__turning,8675309,1,32,0.1,turning,"dt,dy,theta,r,delta_theta",primary,vectorchain,test,ramp,51,0.011382820530872658,0.014010012521899743,1.0000255467239858
seed-8675309__h-1__c-32__turning,8675309,1,32,0.1,turning,"dt,dy,theta,r,delta_theta",primary,vectorchain,test,piecewise_linear,51,0.012163456461879054,0.014675327137427417,0.9999906432283492
seed-8675309__h-1__c-32__turning,8675309,1,32,0.1,turning,"dt,dy,theta,r,delta_theta",primary,vectorchain,test,first_order_response,51,0.01371556535115308,0.01628047388921801,0.9999913094827925
seed-8675309__h-1__c-32__turning,8675309,1,32,0.1,turning,"dt,dy,theta,r,delta_theta",primary,vectorchain,test,second_order_response,51,0.010509248627232305,0.013153013786310414,0.9999424756645521
seed-8675309__h-1__c-32__turning,8675309,1,32,0.1,turning,"dt,dy,theta,r,delta_theta",primary,vectorchain,test,regime_change,51,0.016575699986460326,0.020407914795461578,1.0655866092198116
seed-8675309__h-1__c-32__full_relational,8675309,1,32,0.1,full_relational,"dt,dy,theta,r,delta_theta,delta_r",secondary,vectorchain,validation,sine,51,0.012159298953466405,0.014906314226746006,1.0004651238019304
seed-8675309__h-1__c-32__full_relational,8675309,1,32,0.1,full_relational,"dt,dy,theta,r,delta_theta,delta_r",secondary,vectorchain,validation,chirp,51,0.020704730632341163,0.02763422175288025,1.2854057109045403
seed-8675309__h-1__c-32__full_relational,8675309,1,32,0.1,full_relational,"dt,dy,theta,r,delta_theta,delta_r",secondary,vectorchain,validation,ramp,51,0.01199989101812891,0.014843249463763477,0.9999510846821089
seed-8675309__h-1__c-32__full_relational,8675309,1,32,0.1,full_relational,"dt,dy,theta,r,delta_theta,delta_r",secondary,vectorchain,validation,piecewise_linear,51,0.012240029607839223,0.014099441166241837,0.9999915823455813
seed-8675309__h-1__c-32__full_relational,8675309,1,32,0.1,full_relational,"dt,dy,theta,r,delta_theta,delta_r",secondary,vectorchain,validation,first_order_response,51,0.011652575792498161,0.014673177547686926,0.9998820634984535
seed-8675309__h-1__c-32__full_relational,8675309,1,32,0.1,full_relational,"dt,dy,theta,r,delta_theta,delta_r",secondary,vectorchain,validation,second_order_response,51,0.011649313337475183,0.01491904645800043,0.9999419261379772
seed-8675309__h-1__c-32__full_relational,8675309,1,32,0.1,full_relational,"dt,dy,theta,r,delta_theta,delta_r",secondary,vectorchain,validation,regime_change,51,0.024419455305890805,0.03123459061898415,1.519571896522641
seed-8675309__h-1__c-32__full_relational,8675309,1,32,0.1,full_relational,"dt,dy,theta,r,delta_theta,delta_r",secondary,vectorchain,test,sine,51,0.01103595223314705,0.014286398752886854,1.000112742464601
seed-8675309__h-1__c-32__full_relational,8675309,1,32,0.1,full_relational,"dt,dy,theta,r,delta_theta,delta_r",secondary,vectorchain,test,chirp,51,0.019889084158575914,0.025778621308961056,1.5281676132202204
seed-8675309__h-1__c-32__full_relational,8675309,1,32,0.1,full_relational,"dt,dy,theta,r,delta_theta,delta_r",secondary,vectorchain,test,ramp,51,0.011382375376420803,0.01400950022616404,0.9999889793888476
seed-8675309__h-1__c-32__full_relational,8675309,1,32,0.1,full_relational,"dt,dy,theta,r,delta_theta,delta_r",secondary,vectorchain,test,piecewise_linear,51,0.012164090558936516,0.014674999047326226,0.9999682868591688
seed-8675309__h-1__c-32__full_relational,8675309,1,32,0.1,full_relational,"dt,dy,theta,r,delta_theta,delta_r",secondary,vectorchain,test,first_order_response,51,0.013715080292020277,0.016279899078768967,0.9999560030502186
seed-8675309__h-1__c-32__full_relational,8675309,1,32,0.1,full_relational,"dt,dy,theta,r,delta_theta,delta_r",secondary,vectorchain,test,second_order_response,51,0.010508735466016087,0.013152755006208982,0.9999228022102788
seed-8675309__h-1__c-32__full_relational,8675309,1,32,0.1,full_relational,"dt,dy,theta,r,delta_theta,delta_r",secondary,vectorchain,test,regime_change,51,0.02233328069572954,0.02829357394036611,1.4773314089163827
seed-8675309__h-4__c-32__raw,8675309,4,32,,,,baseline,raw,validation,sine,51,0.015266129177831055,0.01929647471038222,
seed-8675309__h-4__c-32__raw,8675309,4,32,,,,baseline,raw,validation,chirp,51,0.03523352760504828,0.04059263667432109,
seed-8675309__h-4__c-32__raw,8675309,4,32,,,,baseline,raw,validation,ramp,51,0.013300471214334982,0.01571035047076018,
seed-8675309__h-4__c-32__raw,8675309,4,32,,,,baseline,raw,validation,piecewise_linear,51,0.012220443483657506,0.015567182964628655,
seed-8675309__h-4__c-32__raw,8675309,4,32,,,,baseline,raw,validation,first_order_response,51,0.017186753450590682,0.020155144082672594,
seed-8675309__h-4__c-32__raw,8675309,4,32,,,,baseline,raw,validation,second_order_response,51,0.015251658261952019,0.018259681277021666,
seed-8675309__h-4__c-32__raw,8675309,4,32,,,,baseline,raw,validation,regime_change,51,0.06826904259631311,0.07564230301767091,
seed-8675309__h-4__c-32__raw,8675309,4,32,,,,baseline,raw,test,sine,52,0.015315852117670715,0.018056597419200165,
seed-8675309__h-4__c-32__raw,8675309,4,32,,,,baseline,raw,test,chirp,52,0.05277782421080242,0.06079751734800996,
seed-8675309__h-4__c-32__raw,8675309,4,32,,,,baseline,raw,test,ramp,52,0.014333022249037881,0.01771961438779756,
seed-8675309__h-4__c-32__raw,8675309,4,32,,,,baseline,raw,test,piecewise_linear,52,0.012892735193121528,0.015554730426021348,
seed-8675309__h-4__c-32__raw,8675309,4,32,,,,baseline,raw,test,first_order_response,52,0.016436738784932608,0.02080240190410321,
seed-8675309__h-4__c-32__raw,8675309,4,32,,,,baseline,raw,test,second_order_response,52,0.014839647609557237,0.01790272311352401,
seed-8675309__h-4__c-32__raw,8675309,4,32,,,,baseline,raw,test,regime_change,52,0.06872245282474763,0.07752543673302446,
seed-8675309__h-4__c-32__first_difference,8675309,4,32,,,,baseline,first_difference,validation,sine,51,0.02011537960164508,0.024503765932413032,
seed-8675309__h-4__c-32__first_difference,8675309,4,32,,,,baseline,first_difference,validation,chirp,51,0.05804776729093627,0.06490890582413666,
seed-8675309__h-4__c-32__first_difference,8675309,4,32,,,,baseline,first_difference,validation,ramp,51,0.012802990414734858,0.01486932462556143,
seed-8675309__h-4__c-32__first_difference,8675309,4,32,,,,baseline,first_difference,validation,piecewise_linear,51,0.012100462443185953,0.01544207867825742,
seed-8675309__h-4__c-32__first_difference,8675309,4,32,,,,baseline,first_difference,validation,first_order_response,51,0.015240162145630636,0.018655409825215057,
seed-8675309__h-4__c-32__first_difference,8675309,4,32,,,,baseline,first_difference,validation,second_order_response,51,0.012575235696770234,0.0161077153442073,
seed-8675309__h-4__c-32__first_difference,8675309,4,32,,,,baseline,first_difference,validation,regime_change,51,0.10113192163679195,0.11188789597986175,
seed-8675309__h-4__c-32__first_difference,8675309,4,32,,,,baseline,first_difference,test,sine,52,0.019850745465786305,0.023727808053973277,
seed-8675309__h-4__c-32__first_difference,8675309,4,32,,,,baseline,first_difference,test,chirp,52,0.08079708442740442,0.09151005972569388,
seed-8675309__h-4__c-32__first_difference,8675309,4,32,,,,baseline,first_difference,test,ramp,52,0.013042220931915944,0.016035684504035953,
seed-8675309__h-4__c-32__first_difference,8675309,4,32,,,,baseline,first_difference,test,piecewise_linear,52,0.01192928409742585,0.014435727430695582,
seed-8675309__h-4__c-32__first_difference,8675309,4,32,,,,baseline,first_difference,test,first_order_response,52,0.014551599788319162,0.018724024115739993,
seed-8675309__h-4__c-32__first_difference,8675309,4,32,,,,baseline,first_difference,test,second_order_response,52,0.013114091311217631,0.016119133363912283,
seed-8675309__h-4__c-32__first_difference,8675309,4,32,,,,baseline,first_difference,test,regime_change,52,0.10088162391653731,0.11173079239847798,
seed-8675309__h-4__c-32__segment,8675309,4,32,0.1,segment,"dt,dy",secondary,vectorchain,validation,sine,51,0.019379938274115494,0.024090941829200314,0.999752921333133
seed-8675309__h-4__c-32__segment,8675309,4,32,0.1,segment,"dt,dy",secondary,vectorchain,validation,chirp,51,0.0647798360468926,0.08354437861293473,1.6753363991883286
seed-8675309__h-4__c-32__segment,8675309,4,32,0.1,segment,"dt,dy",secondary,vectorchain,validation,ramp,51,0.012928253104638706,0.01489593356764057,0.9995184957594105
seed-8675309__h-4__c-32__segment,8675309,4,32,0.1,segment,"dt,dy",secondary,vectorchain,validation,piecewise_linear,51,0.012653621610955686,0.015609246754063902,1.0027115986198478
seed-8675309__h-4__c-32__segment,8675309,4,32,0.1,segment,"dt,dy",secondary,vectorchain,validation,first_order_response,51,0.015193331251187195,0.01877214202504348,1.0008769392259946
seed-8675309__h-4__c-32__segment,8675309,4,32,0.1,segment,"dt,dy",secondary,vectorchain,validation,second_order_response,51,0.012546082962006426,0.01593336470985156,0.9981157151648228
seed-8675309__h-4__c-32__segment,8675309,4,32,0.1,segment,"dt,dy",secondary,vectorchain,validation,regime_change,51,0.10452297460589417,0.13825354699140174,2.046312791125033
seed-8675309__h-4__c-32__segment,8675309,4,32,0.1,segment,"dt,dy",secondary,vectorchain,test,sine,52,0.019405372325193695,0.02299673850051413,0.9986584023792459
seed-8675309__h-4__c-32__segment,8675309,4,32,0.1,segment,"dt,dy",secondary,vectorchain,test,chirp,52,0.06671661906178898,0.09482705297994688,1.9730106224541313
seed-8675309__h-4__c-32__segment,8675309,4,32,0.1,segment,"dt,dy",secondary,vectorchain,test,ramp,52,0.013125681262608862,0.01616512454901234,0.9999889077199092
seed-8675309__h-4__c-32__segment,8675309,4,32,0.1,segment,"dt,dy",secondary,vectorchain,test,piecewise_linear,52,0.012030153907218575,0.01456070343336285,1.0012249327345732
seed-8675309__h-4__c-32__segment,8675309,4,32,0.1,segment,"dt,dy",secondary,vectorchain,test,first_order_response,52,0.014789318918998482,0.018919312441775672,1.0003972946595028
seed-8675309__h-4__c-32__segment,8675309,4,32,0.1,segment,"dt,dy",secondary,vectorchain,test,second_order_response,52,0.01324599485497398,0.016325790958168027,1.0017162602048781
seed-8675309__h-4__c-32__segment,8675309,4,32,0.1,segment,"dt,dy",secondary,vectorchain,test,regime_change,52,0.09822603233585088,0.13114367707806696,2.080101853355829
seed-8675309__h-4__c-32__absolute_geometry,8675309,4,32,0.1,absolute_geometry,"dt,dy,theta,r",reference,vectorchain,validation,sine,51,0.019302135388498072,0.02409689565805514,1.0
seed-8675309__h-4__c-32__absolute_geometry,8675309,4,32,0.1,absolute_geometry,"dt,dy,theta,r",reference,vectorchain,validation,chirp,51,0.03922261097360889,0.049867225861869015,1.0
seed-8675309__h-4__c-32__absolute_geometry,8675309,4,32,0.1,absolute_geometry,"dt,dy,theta,r",reference,vectorchain,validation,ramp,51,0.012907906472846358,0.01490310947805222,1.0
seed-8675309__h-4__c-32__absolute_geometry,8675309,4,32,0.1,absolute_geometry,"dt,dy,theta,r",reference,vectorchain,validation,piecewise_linear,51,0.012598931819062935,0.015567035202892616,1.0
seed-8675309__h-4__c-32__absolute_geometry,8675309,4,32,0.1,absolute_geometry,"dt,dy,theta,r",reference,vectorchain,validation,first_order_response,51,0.015221240496809329,0.018755694420895027,1.0
seed-8675309__h-4__c-32__absolute_geometry,8675309,4,32,0.1,absolute_geometry,"dt,dy,theta,r",reference,vectorchain,validation,second_order_response,51,0.01258209355752523,0.015963444386025344,1.0
seed-8675309__h-4__c-32__absolute_geometry,8675309,4,32,0.1,absolute_geometry,"dt,dy,theta,r",reference,vectorchain,validation,regime_change,51,0.05256127769500548,0.0675622747367923,1.0
seed-8675309__h-4__c-32__absolute_geometry,8675309,4,32,0.1,absolute_geometry,"dt,dy,theta,r",reference,vectorchain,test,sine,52,0.019389614984323653,0.023027632317242544,1.0
seed-8675309__h-4__c-32__absolute_geometry,8675309,4,32,0.1,absolute_geometry,"dt,dy,theta,r",reference,vectorchain,test,chirp,52,0.03515800516400853,0.04806210970217492,1.0
seed-8675309__h-4__c-32__absolute_geometry,8675309,4,32,0.1,absolute_geometry,"dt,dy,theta,r",reference,vectorchain,test,ramp,52,0.01313217248702251,0.016165303859090496,1.0
seed-8675309__h-4__c-32__absolute_geometry,8675309,4,32,0.1,absolute_geometry,"dt,dy,theta,r",reference,vectorchain,test,piecewise_linear,52,0.011993012630340829,0.01454288937211567,1.0
seed-8675309__h-4__c-32__absolute_geometry,8675309,4,32,0.1,absolute_geometry,"dt,dy,theta,r",reference,vectorchain,test,first_order_response,52,0.014812065549203586,0.01891179888507704,1.0
seed-8675309__h-4__c-32__absolute_geometry,8675309,4,32,0.1,absolute_geometry,"dt,dy,theta,r",reference,vectorchain,test,second_order_response,52,0.013227585212603992,0.01629781965886124,1.0
seed-8675309__h-4__c-32__absolute_geometry,8675309,4,32,0.1,absolute_geometry,"dt,dy,theta,r",reference,vectorchain,test,regime_change,52,0.04866994584382033,0.06304675747800177,1.0
seed-8675309__h-4__c-32__turning_matched,8675309,4,32,0.1,turning_matched,"dt,dy,theta,delta_theta",capacity_control,vectorchain,validation,sine,51,0.019529117622362153,0.024147553432807126,1.0021022531479093
seed-8675309__h-4__c-32__turning_matched,8675309,4,32,0.1,turning_matched,"dt,dy,theta,delta_theta",capacity_control,vectorchain,validation,chirp,51,0.04099075402394035,0.05320758088048569,1.0669849778263056
seed-8675309__h-4__c-32__turning_matched,8675309,4,32,0.1,turning_matched,"dt,dy,theta,delta_theta",capacity_control,vectorchain,validation,ramp,51,0.012916197401289773,0.014879733003295748,0.99843143641997
seed-8675309__h-4__c-32__turning_matched,8675309,4,32,0.1,turning_matched,"dt,dy,theta,delta_theta",capacity_control,vectorchain,validation,piecewise_linear,51,0.012601629623472896,0.015597901111874259,1.001982773763877
seed-8675309__h-4__c-32__turning_matched,8675309,4,32,0.1,turning_matched,"dt,dy,theta,delta_theta",capacity_control,vectorchain,validation,first_order_response,51,0.015163827486413794,0.018757761214543443,1.0001101955279306
seed-8675309__h-4__c-32__turning_matched,8675309,4,32,0.1,turning_matched,"dt,dy,theta,delta_theta",capacity_control,vectorchain,validation,second_order_response,51,0.012515143305002774,0.015903260229348917,0.9962298765090376
seed-8675309__h-4__c-32__turning_matched,8675309,4,32,0.1,turning_matched,"dt,dy,theta,delta_theta",capacity_control,vectorchain,validation,regime_change,51,0.0533815160225405,0.06898598439794036,1.0210725536802088
seed-8675309__h-4__c-32__turning_matched,8675309,4,32,0.1,turning_matched,"dt,dy,theta,delta_theta",capacity_control,vectorchain,test,sine,52,0.019345033544562223,0.023039560287115877,1.0005179850758865
seed-8675309__h-4__c-32__turning_matched,8675309,4,32,0.1,turning_matched,"dt,dy,theta,delta_theta",capacity_control,vectorchain,test,chirp,52,0.03468378766364907,0.0490670015488287,1.0209081926049597
seed-8675309__h-4__c-32__turning_matched,8675309,4,32,0.1,turning_matched,"dt,dy,theta,delta_theta",capacity_control,vectorchain,test,ramp,52,0.013111011475332461,0.016151237077707492,0.9991298164571715
seed-8675309__h-4__c-32__turning_matched,8675309,4,32,0.1,turning_matched,"dt,dy,theta,delta_theta",capacity_control,vectorchain,test,piecewise_linear,52,0.012074423324262581,0.014563479181702704,1.0014157990933021
seed-8675309__h-4__c-32__turning_matched,8675309,4,32,0.1,turning_matched,"dt,dy,theta,delta_theta",capacity_control,vectorchain,test,first_order_response,52,0.014763857147715154,0.018905119619337885,0.9996468201793101
seed-8675309__h-4__c-32__turning_matched,8675309,4,32,0.1,turning_matched,"dt,dy,theta,delta_theta",capacity_control,vectorchain,test,second_order_response,52,0.013232529012441045,0.01631667465409717,1.00115690292509
seed-8675309__h-4__c-32__turning_matched,8675309,4,32,0.1,turning_matched,"dt,dy,theta,delta_theta",capacity_control,vectorchain,test,regime_change,52,0.049514340688815744,0.06441540853509854,1.021708508285685
seed-8675309__h-4__c-32__turning,8675309,4,32,0.1,turning,"dt,dy,theta,r,delta_theta",primary,vectorchain,validation,sine,51,0.019299820388942245,0.02409557958060521,0.9999453839420395
seed-8675309__h-4__c-32__turning,8675309,4,32,0.1,turning,"dt,dy,theta,r,delta_theta",primary,vectorchain,validation,chirp,51,0.04117658177611428,0.053361969733698784,1.0700809762610441
seed-8675309__h-4__c-32__turning,8675309,4,32,0.1,turning,"dt,dy,theta,r,delta_theta",primary,vectorchain,validation,ramp,51,0.012908320128160497,0.014903446030976604,1.0000225827318037
seed-8675309__h-4__c-32__turning,8675309,4,32,0.1,turning,"dt,dy,theta,r,delta_theta",primary,vectorchain,validation,piecewise_linear,51,0.01260023044502132,0.015567502276107582,1.0000300039929813
seed-8675309__h-4__c-32__turning,8675309,4,32,0.1,turning,"dt,dy,theta,r,delta_theta",primary,vectorchain,validation,first_order_response,51,0.015221751225148624,0.018756173817115404,1.0000255600357746
seed-8675309__h-4__c-32__turning,8675309,4,32,0.1,turning,"dt,dy,theta,r,delta_theta",primary,vectorchain,validation,second_order_response,51,0.012582601209519715,0.015964010124399238,1.000035439618181
seed-8675309__h-4__c-32__turning,8675309,4,32,0.1,turning,"dt,dy,theta,r,delta_theta",primary,vectorchain,validation,regime_change,51,0.05277644743462905,0.06878424588271365,1.0180865897526672
seed-8675309__h-4__c-32__turning,8675309,4,32,0.1,turning,"dt,dy,theta,r,delta_theta",primary,vectorchain,test,sine,52,0.019391931407127985,0.023026326180106204,0.9999432795730648
seed-8675309__h-4__c-32__turning,8675309,4,32,0.1,turning,"dt,dy,theta,r,delta_theta",primary,vectorchain,test,chirp,52,0.034840482844316234,0.04926145907245821,1.024954155731308
seed-8675309__h-4__c-32__turning,8675309,4,32,0.1,turning,"dt,dy,theta,r,delta_theta",primary,vectorchain,test,ramp,52,0.013132468670697702,0.016165636110212867,1.0000205533484101
seed-8675309__h-4__c-32__turning,8675309,4,32,0.1,turning,"dt,dy,theta,r,delta_theta",primary,vectorchain,test,piecewise_linear,52,0.011992344006225423,0.014543074138727323,1.0000127049451402
seed-8675309__h-4__c-32__turning,8675309,4,32,0.1,turning,"dt,dy,theta,r,delta_theta",primary,vectorchain,test,first_order_response,52,0.014812518133025396,0.01891222123157401,1.0000223324338176
seed-8675309__h-4__c-32__turning,8675309,4,32,0.1,turning,"dt,dy,theta,r,delta_theta",primary,vectorchain,test,second_order_response,52,0.013228040387555108,0.016298271940541544,1.0000277510544213
seed-8675309__h-4__c-32__turning,8675309,4,32,0.1,turning,"dt,dy,theta,r,delta_theta",primary,vectorchain,test,regime_change,52,0.04914818398681969,0.06378386089017293,1.0116913770296332
seed-8675309__h-4__c-32__full_relational,8675309,4,32,0.1,full_relational,"dt,dy,theta,r,delta_theta,delta_r",secondary,vectorchain,validation,sine,51,0.01930994462343952,0.02409761911675697,1.000030022900547
seed-8675309__h-4__c-32__full_relational,8675309,4,32,0.1,full_relational,"dt,dy,theta,r,delta_theta,delta_r",secondary,vectorchain,validation,chirp,51,0.04558126327317202,0.05928743842247905,1.1889058875403213
seed-8675309__h-4__c-32__full_relational,8675309,4,32,0.1,full_relational,"dt,dy,theta,r,delta_theta,delta_r",secondary,vectorchain,validation,ramp,51,0.012907242996592449,0.014902533536229346,0.9999613542513579
seed-8675309__h-4__c-32__full_relational,8675309,4,32,0.1,full_relational,"dt,dy,theta,r,delta_theta,delta_r",secondary,vectorchain,validation,piecewise_linear,51,0.012596247188864335,0.015565787543684782,0.9999198524836893
seed-8675309__h-4__c-32__full_relational,8675309,4,32,0.1,full_relational,"dt,dy,theta,r,delta_theta,delta_r",secondary,vectorchain,validation,first_order_response,51,0.015220464624441788,0.018754995612974255,0.999962741559705
seed-8675309__h-4__c-32__full_relational,8675309,4,32,0.1,full_relational,"dt,dy,theta,r,delta_theta,delta_r",secondary,vectorchain,validation,second_order_response,51,0.01258142582416999,0.01596270062896867,0.9999534087356907
seed-8675309__h-4__c-32__full_relational,8675309,4,32,0.1,full_relational,"dt,dy,theta,r,delta_theta,delta_r",secondary,vectorchain,validation,regime_change,51,0.06742995828799433,0.08697657558754386,1.287354162162026
seed-8675309__h-4__c-32__full_relational,8675309,4,32,0.1,full_relational,"dt,dy,theta,r,delta_theta,delta_r",secondary,vectorchain,test,sine,52,0.019389476595577344,0.02303170439017158,1.0001768341995796
seed-8675309__h-4__c-32__full_relational,8675309,4,32,0.1,full_relational,"dt,dy,theta,r,delta_theta,delta_r",secondary,vectorchain,test,chirp,52,0.04528694169590282,0.06281778629287117,1.3070126692759083
seed-8675309__h-4__c-32__full_relational,8675309,4,32,0.1,full_relational,"dt,dy,theta,r,delta_theta,delta_r",secondary,vectorchain,test,ramp,52,0.013131680766073147,0.016164760339396716,0.9999663773908293
seed-8675309__h-4__c-32__full_relational,8675309,4,32,0.1,full_relational,"dt,dy,theta,r,delta_theta,delta_r",secondary,vectorchain,test,piecewise_linear,52,0.011993900962825061,0.014542816926851197,0.9999950185095534
seed-8675309__h-4__c-32__full_relational,8675309,4,32,0.1,full_relational,"dt,dy,theta,r,delta_theta,delta_r",secondary,vectorchain,test,first_order_response,52,0.014811396187695634,0.018911212085926932,0.9999689717961959
seed-8675309__h-4__c-32__full_relational,8675309,4,32,0.1,full_relational,"dt,dy,theta,r,delta_theta,delta_r",secondary,vectorchain,test,second_order_response,52,0.01322698905808565,0.016297196685398935,0.9999617756561708
seed-8675309__h-4__c-32__full_relational,8675309,4,32,0.1,full_relational,"dt,dy,theta,r,delta_theta,delta_r",secondary,vectorchain,test,regime_change,52,0.06144038441670155,0.08204690240008874,1.3013659335092131
seed-8675309__h-16__c-32__raw,8675309,16,32,,,,baseline,raw,validation,sine,51,0.03500159161195495,0.040883755053138335,
seed-8675309__h-16__c-32__raw,8675309,16,32,,,,baseline,raw,validation,chirp,51,0.18698227632035713,0.209825678010976,
seed-8675309__h-16__c-32__raw,8675309,16,32,,,,baseline,raw,validation,ramp,51,0.018685263897748338,0.02291048889198283,
seed-8675309__h-16__c-32__raw,8675309,16,32,,,,baseline,raw,validation,piecewise_linear,51,0.028093891667608385,0.0345907911381592,
seed-8675309__h-16__c-32__raw,8675309,16,32,,,,baseline,raw,validation,first_order_response,51,0.03460726352947388,0.04100779646236523,
seed-8675309__h-16__c-32__raw,8675309,16,32,,,,baseline,raw,validation,second_order_response,51,0.03980357207046457,0.04536562347044629,
seed-8675309__h-16__c-32__raw,8675309,16,32,,,,baseline,raw,validation,regime_change,51,0.37104971768729444,0.41572499124905893,
seed-8675309__h-16__c-32__raw,8675309,16,32,,,,baseline,raw,test,sine,52,0.027226636685819743,0.034231652455701436,
seed-8675309__h-16__c-32__raw,8675309,16,32,,,,baseline,raw,test,chirp,52,0.2822684677563698,0.3206350767967805,
seed-8675309__h-16__c-32__raw,8675309,16,32,,,,baseline,raw,test,ramp,52,0.029731434899709787,0.03527266623189998,
seed-8675309__h-16__c-32__raw,8675309,16,32,,,,baseline,raw,test,piecewise_linear,52,0.018877714808437335,0.02200999007845719,
seed-8675309__h-16__c-32__raw,8675309,16,32,,,,baseline,raw,test,first_order_response,52,0.03552522194007185,0.041021364809581316,
seed-8675309__h-16__c-32__raw,8675309,16,32,,,,baseline,raw,test,second_order_response,52,0.036039128172136836,0.041150737495648175,
seed-8675309__h-16__c-32__raw,8675309,16,32,,,,baseline,raw,test,regime_change,52,0.3861691024803333,0.42886384534302574,
seed-8675309__h-16__c-32__first_difference,8675309,16,32,,,,baseline,first_difference,validation,sine,51,0.08021821910845113,0.09174392461279486,
seed-8675309__h-16__c-32__first_difference,8675309,16,32,,,,baseline,first_difference,validation,chirp,51,0.2782007708992724,0.3098932117592562,
seed-8675309__h-16__c-32__first_difference,8675309,16,32,,,,baseline,first_difference,validation,ramp,51,0.027372582262387167,0.03387842136321181,
seed-8675309__h-16__c-32__first_difference,8675309,16,32,,,,baseline,first_difference,validation,piecewise_linear,51,0.03617107256051599,0.0467698252748479,
seed-8675309__h-16__c-32__first_difference,8675309,16,32,,,,baseline,first_difference,validation,first_order_response,51,0.030442174015803337,0.038730426968873875,
seed-8675309__h-16__c-32__first_difference,8675309,16,32,,,,baseline,first_difference,validation,second_order_response,51,0.03051065974446705,0.0374443381233251,
seed-8675309__h-16__c-32__first_difference,8675309,16,32,,,,baseline,first_difference,validation,regime_change,51,0.4722312301119209,0.522415924628186,
seed-8675309__h-16__c-32__first_difference,8675309,16,32,,,,baseline,first_difference,test,sine,52,0.08556065706319024,0.09677459122348436,
seed-8675309__h-16__c-32__first_difference,8675309,16,32,,,,baseline,first_difference,test,chirp,52,0.3783604464503577,0.42392631728749297,
seed-8675309__h-16__c-32__first_difference,8675309,16,32,,,,baseline,first_difference,test,ramp,52,0.025052894663173533,0.032859263691345314,
seed-8675309__h-16__c-32__first_difference,8675309,16,32,,,,baseline,first_difference,test,piecewise_linear,52,0.02318187248831287,0.02826404741263663,
seed-8675309__h-16__c-32__first_difference,8675309,16,32,,,,baseline,first_difference,test,first_order_response,52,0.028782763266686367,0.03541488475493531,
seed-8675309__h-16__c-32__first_difference,8675309,16,32,,,,baseline,first_difference,test,second_order_response,52,0.024932542493631187,0.031100431935233118,
seed-8675309__h-16__c-32__first_difference,8675309,16,32,,,,baseline,first_difference,test,regime_change,52,0.48033267360012627,0.5334516871913583,
seed-8675309__h-16__c-32__segment,8675309,16,32,0.1,segment,"dt,dy",secondary,vectorchain,validation,sine,51,0.08343448761605642,0.09209273124603898,1.002193379054865
seed-8675309__h-16__c-32__segment,8675309,16,32,0.1,segment,"dt,dy",secondary,vectorchain,validation,chirp,51,0.31280456261788914,0.3933709718940155,1.6052504889757766
seed-8675309__h-16__c-32__segment,8675309,16,32,0.1,segment,"dt,dy",secondary,vectorchain,validation,ramp,51,0.015260221822554333,0.019493522784964776,0.9839871546228902
seed-8675309__h-16__c-32__segment,8675309,16,32,0.1,segment,"dt,dy",secondary,vectorchain,validation,piecewise_linear,51,0.027625751397623226,0.03803138941956299,1.0126054869118413
seed-8675309__h-16__c-32__segment,8675309,16,32,0.1,segment,"dt,dy",secondary,vectorchain,validation,first_order_response,51,0.017503065379338403,0.022402559042628684,1.0026265385832371
seed-8675309__h-16__c-32__segment,8675309,16,32,0.1,segment,"dt,dy",secondary,vectorchain,validation,second_order_response,51,0.01823398611812794,0.021396728998505816,0.9490961434049429
seed-8675309__h-16__c-32__segment,8675309,16,32,0.1,segment,"dt,dy",secondary,vectorchain,validation,regime_change,51,0.5734750325476967,0.7246733529940862,2.4247916991662093
seed-8675309__h-16__c-32__segment,8675309,16,32,0.1,segment,"dt,dy",secondary,vectorchain,test,sine,52,0.08241574060233142,0.09137253020542675,0.997942596857983
seed-8675309__h-16__c-32__segment,8675309,16,32,0.1,segment,"dt,dy",secondary,vectorchain,test,chirp,52,0.3728339897943946,0.5014381563418083,1.8136391358358919
seed-8675309__h-16__c-32__segment,8675309,16,32,0.1,segment,"dt,dy",secondary,vectorchain,test,ramp,52,0.015602079644426607,0.019733743011125817,0.9808709675476698
seed-8675309__h-16__c-32__segment,8675309,16,32,0.1,segment,"dt,dy",secondary,vectorchain,test,piecewise_linear,52,0.013531198349678827,0.01711475821612394,1.0482405223219098
seed-8675309__h-16__c-32__segment,8675309,16,32,0.1,segment,"dt,dy",secondary,vectorchain,test,first_order_response,52,0.01630882571783023,0.020910695703634297,0.9991486950230731
seed-8675309__h-16__c-32__segment,8675309,16,32,0.1,segment,"dt,dy",secondary,vectorchain,test,second_order_response,52,0.01711984917205728,0.021840882925688896,1.0244346014591057
seed-8675309__h-16__c-32__segment,8675309,16,32,0.1,segment,"dt,dy",secondary,vectorchain,test,regime_change,52,0.4776499323391524,0.6443078815061811,2.5863515171243527
seed-8675309__h-16__c-32__absolute_geometry,8675309,16,32,0.1,absolute_geometry,"dt,dy,theta,r",reference,vectorchain,validation,sine,51,0.0826506779364095,0.09189117905856507,1.0
seed-8675309__h-16__c-32__absolute_geometry,8675309,16,32,0.1,absolute_geometry,"dt,dy,theta,r",reference,vectorchain,validation,chirp,51,0.19414203659281112,0.24505270336033613,1.0
seed-8675309__h-16__c-32__absolute_geometry,8675309,16,32,0.1,absolute_geometry,"dt,dy,theta,r",reference,vectorchain,validation,ramp,51,0.015576570829538918,0.01981074924950174,1.0
seed-8675309__h-16__c-32__absolute_geometry,8675309,16,32,0.1,absolute_geometry,"dt,dy,theta,r",reference,vectorchain,validation,piecewise_linear,51,0.0274114745574283,0.037557953132910535,1.0
seed-8675309__h-16__c-32__absolute_geometry,8675309,16,32,0.1,absolute_geometry,"dt,dy,theta,r",reference,vectorchain,validation,first_order_response,51,0.017774998074499847,0.022343872000719883,1.0
seed-8675309__h-16__c-32__absolute_geometry,8675309,16,32,0.1,absolute_geometry,"dt,dy,theta,r",reference,vectorchain,validation,second_order_response,51,0.0191176463117826,0.0225443219290131,1.0
seed-8675309__h-16__c-32__absolute_geometry,8675309,16,32,0.1,absolute_geometry,"dt,dy,theta,r",reference,vectorchain,validation,regime_change,51,0.2547167029785088,0.2988600436248907,1.0
seed-8675309__h-16__c-32__absolute_geometry,8675309,16,32,0.1,absolute_geometry,"dt,dy,theta,r",reference,vectorchain,test,sine,52,0.08301594430896861,0.0915609079050365,1.0
seed-8675309__h-16__c-32__absolute_geometry,8675309,16,32,0.1,absolute_geometry,"dt,dy,theta,r",reference,vectorchain,test,chirp,52,0.22353321923733643,0.27648176885568776,1.0
seed-8675309__h-16__c-32__absolute_geometry,8675309,16,32,0.1,absolute_geometry,"dt,dy,theta,r",reference,vectorchain,test,ramp,52,0.01592122196058781,0.020118592214492033,1.0
seed-8675309__h-16__c-32__absolute_geometry,8675309,16,32,0.1,absolute_geometry,"dt,dy,theta,r",reference,vectorchain,test,piecewise_linear,52,0.013127150318603677,0.016327128985830292,1.0
seed-8675309__h-16__c-32__absolute_geometry,8675309,16,32,0.1,absolute_geometry,"dt,dy,theta,r",reference,vectorchain,test,first_order_response,52,0.01664460060298103,0.02092851225027263,1.0
seed-8675309__h-16__c-32__absolute_geometry,8675309,16,32,0.1,absolute_geometry,"dt,dy,theta,r",reference,vectorchain,test,second_order_response,52,0.016945755062160114,0.021319938719934737,1.0
seed-8675309__h-16__c-32__absolute_geometry,8675309,16,32,0.1,absolute_geometry,"dt,dy,theta,r",reference,vectorchain,test,regime_change,52,0.19709087945979079,0.24911845015659664,1.0
seed-8675309__h-16__c-32__turning_matched,8675309,16,32,0.1,turning_matched,"dt,dy,theta,delta_theta",capacity_control,vectorchain,validation,sine,51,0.08351863136151441,0.09215127719673445,1.0028305016959638
seed-8675309__h-16__c-32__turning_matched,8675309,16,32,0.1,turning_matched,"dt,dy,theta,delta_theta",capacity_control,vectorchain,validation,chirp,51,0.18965002670747186,0.2463371202518694,1.0052413904189608
seed-8675309__h-16__c-32__turning_matched,8675309,16,32,0.1,turning_matched,"dt,dy,theta,delta_theta",capacity_control,vectorchain,validation,ramp,51,0.015214117066657873,0.01944997216817397,0.9817888219782074
seed-8675309__h-16__c-32__turning_matched,8675309,16,32,0.1,turning_matched,"dt,dy,theta,delta_theta",capacity_control,vectorchain,validation,piecewise_linear,51,0.02769331785184405,0.03809507716839178,1.0143012062872665
seed-8675309__h-16__c-32__turning_matched,8675309,16,32,0.1,turning_matched,"dt,dy,theta,delta_theta",capacity_control,vectorchain,validation,first_order_response,51,0.017472159751564267,0.02241268509454896,1.00307973004083
seed-8675309__h-16__c-32__turning_matched,8675309,16,32,0.1,turning_matched,"dt,dy,theta,delta_theta",capacity_control,vectorchain,validation,second_order_response,51,0.01806239035427701,0.02120296895584808,0.9405015161960234
seed-8675309__h-16__c-32__turning_matched,8675309,16,32,0.1,turning_matched,"dt,dy,theta,delta_theta",capacity_control,vectorchain,validation,regime_change,51,0.26301796232706554,0.32974412785083973,1.1033396229598116
seed-8675309__h-16__c-32__turning_matched,8675309,16,32,0.1,turning_matched,"dt,dy,theta,delta_theta",capacity_control,vectorchain,test,sine,52,0.08264345250272662,0.09146481649024965,0.9989505192009835
seed-8675309__h-16__c-32__turning_matched,8675309,16,32,0.1,turning_matched,"dt,dy,theta,delta_theta",capacity_control,vectorchain,test,chirp,52,0.22359139673066675,0.29656022736511084,1.0726212747861261
seed-8675309__h-16__c-32__turning_matched,8675309,16,32,0.1,turning_matched,"dt,dy,theta,delta_theta",capacity_control,vectorchain,test,ramp,52,0.015555213303847452,0.019684497758727958,0.9784232191230864
seed-8675309__h-16__c-32__turning_matched,8675309,16,32,0.1,turning_matched,"dt,dy,theta,delta_theta",capacity_control,vectorchain,test,piecewise_linear,52,0.01363255716854465,0.017318668260188016,1.0607295547930222
seed-8675309__h-16__c-32__turning_matched,8675309,16,32,0.1,turning_matched,"dt,dy,theta,delta_theta",capacity_control,vectorchain,test,first_order_response,52,0.016270682517044353,0.020912861248658876,0.9992521684567641
seed-8675309__h-16__c-32__turning_matched,8675309,16,32,0.1,turning_matched,"dt,dy,theta,delta_theta",capacity_control,vectorchain,test,second_order_response,52,0.01718183465956569,0.021924606085723438,1.0283615902339964
seed-8675309__h-16__c-32__turning_matched,8675309,16,32,0.1,turning_matched,"dt,dy,theta,delta_theta",capacity_control,vectorchain,test,regime_change,52,0.20499681193913422,0.2685054277334645,1.077822327349424
seed-8675309__h-16__c-32__turning,8675309,16,32,0.1,turning,"dt,dy,theta,r,delta_theta",primary,vectorchain,validation,sine,51,0.08263889441649426,0.09188816116405292,0.9999671579520137
seed-8675309__h-16__c-32__turning,8675309,16,32,0.1,turning,"dt,dy,theta,r,delta_theta",primary,vectorchain,validation,chirp,51,0.19082895455124357,0.24786884840715956,1.011491997469142
seed-8675309__h-16__c-32__turning,8675309,16,32,0.1,turning,"dt,dy,theta,r,delta_theta",primary,vectorchain,validation,ramp,51,0.015563440963319868,0.019806641005785247,0.9997926255254279
seed-8675309__h-16__c-32__turning,8675309,16,32,0.1,turning,"dt,dy,theta,r,delta_theta",primary,vectorchain,validation,piecewise_linear,51,0.02740868959842308,0.03759476096397785,1.0009800276105851
seed-8675309__h-16__c-32__turning,8675309,16,32,0.1,turning,"dt,dy,theta,r,delta_theta",primary,vectorchain,validation,first_order_response,51,0.01777072845657451,0.02235514146647989,1.0005043649444307
seed-8675309__h-16__c-32__turning,8675309,16,32,0.1,turning,"dt,dy,theta,r,delta_theta",primary,vectorchain,validation,second_order_response,51,0.019110952240851718,0.022525122779726934,0.9991483820473013
seed-8675309__h-16__c-32__turning,8675309,16,32,0.1,turning,"dt,dy,theta,r,delta_theta",primary,vectorchain,validation,regime_change,51,0.2659379344925231,0.33123572762703524,1.108330587151959
seed-8675309__h-16__c-32__turning,8675309,16,32,0.1,turning,"dt,dy,theta,r,delta_theta",primary,vectorchain,test,sine,52,0.08284706288839232,0.0914406566493883,0.9986866528696623
seed-8675309__h-16__c-32__turning,8675309,16,32,0.1,turning,"dt,dy,theta,r,delta_theta",primary,vectorchain,test,chirp,52,0.22751822820929496,0.2992346222617927,1.0822942268500206
seed-8675309__h-16__c-32__turning,8675309,16,32,0.1,turning,"dt,dy,theta,r,delta_theta",primary,vectorchain,test,ramp,52,0.01590875900578593,0.020109067673292864,0.9995265801355471
seed-8675309__h-16__c-32__turning,8675309,16,32,0.1,turning,"dt,dy,theta,r,delta_theta",primary,vectorchain,test,piecewise_linear,52,0.013133860810398494,0.016335035893539882,1.0004842803481526
seed-8675309__h-16__c-32__turning,8675309,16,32,0.1,turning,"dt,dy,theta,r,delta_theta",primary,vectorchain,test,first_order_response,52,0.016642501548520837,0.020936141133261546,1.0003645210370278
seed-8675309__h-16__c-32__turning,8675309,16,32,0.1,turning,"dt,dy,theta,r,delta_theta",primary,vectorchain,test,second_order_response,52,0.016959648547653167,0.021346907338893495,1.0012649482399094
seed-8675309__h-16__c-32__turning,8675309,16,32,0.1,turning,"dt,dy,theta,r,delta_theta",primary,vectorchain,test,regime_change,52,0.20079743106449824,0.26402174198160183,1.0598241190712165
seed-8675309__h-16__c-32__full_relational,8675309,16,32,0.1,full_relational,"dt,dy,theta,r,delta_theta,delta_r",secondary,vectorchain,validation,sine,51,0.08264221683281363,0.09188838558528056,0.9999696002019658
seed-8675309__h-16__c-32__full_relational,8675309,16,32,0.1,full_relational,"dt,dy,theta,r,delta_theta,delta_r",secondary,vectorchain,validation,chirp,51,0.1967760051792569,0.24603572606688112,1.0040114746463316
seed-8675309__h-16__c-32__full_relational,8675309,16,32,0.1,full_relational,"dt,dy,theta,r,delta_theta,delta_r",secondary,vectorchain,validation,ramp,51,0.015561119902112007,0.019804173479620702,0.9996680706116552
seed-8675309__h-16__c-32__full_relational,8675309,16,32,0.1,full_relational,"dt,dy,theta,r,delta_theta,delta_r",secondary,vectorchain,validation,piecewise_linear,51,0.027410317380340672,0.03759377335669904,1.0009537320540804
seed-8675309__h-16__c-32__full_relational,8675309,16,32,0.1,full_relational,"dt,dy,theta,r,delta_theta,delta_r",secondary,vectorchain,validation,first_order_response,51,0.01776807621540732,0.022353492055620008,1.0004305455607612
seed-8675309__h-16__c-32__full_relational,8675309,16,32,0.1,full_relational,"dt,dy,theta,r,delta_theta,delta_r",secondary,vectorchain,validation,second_order_response,51,0.01910538753180871,0.022519117206098612,0.9988819924150367
seed-8675309__h-16__c-32__full_relational,8675309,16,32,0.1,full_relational,"dt,dy,theta,r,delta_theta,delta_r",secondary,vectorchain,validation,regime_change,51,0.2973113350266354,0.3617422436236429,1.2104068487578679
seed-8675309__h-16__c-32__full_relational,8675309,16,32,0.1,full_relational,"dt,dy,theta,r,delta_theta,delta_r",secondary,vectorchain,test,sine,52,0.0828591076489153,0.09145026395947421,0.9987915809476567
seed-8675309__h-16__c-32__full_relational,8675309,16,32,0.1,full_relational,"dt,dy,theta,r,delta_theta,delta_r",secondary,vectorchain,test,chirp,52,0.2472355914746591,0.3147901746516413,1.1385567155277747
seed-8675309__h-16__c-32__full_relational,8675309,16,32,0.1,full_relational,"dt,dy,theta,r,delta_theta,delta_r",secondary,vectorchain,test,ramp,52,0.015906805540009658,0.02010673829633718,0.9994107978317531
seed-8675309__h-16__c-32__full_relational,8675309,16,32,0.1,full_relational,"dt,dy,theta,r,delta_theta,delta_r",secondary,vectorchain,test,piecewise_linear,52,0.013135183163827268,0.016338154664417917,1.00067529806356
seed-8675309__h-16__c-32__full_relational,8675309,16,32,0.1,full_relational,"dt,dy,theta,r,delta_theta,delta_r",secondary,vectorchain,test,first_order_response,52,0.01664001411271522,0.02093430876969572,1.0002769675815353
seed-8675309__h-16__c-32__full_relational,8675309,16,32,0.1,full_relational,"dt,dy,theta,r,delta_theta,delta_r",secondary,vectorchain,test,second_order_response,52,0.016958660575556533,0.02134660186896189,1.0012506203407714
seed-8675309__h-16__c-32__full_relational,8675309,16,32,0.1,full_relational,"dt,dy,theta,r,delta_theta,delta_r",secondary,vectorchain,test,regime_change,52,0.21992675981459617,0.2906243069464131,1.1666109305180958
seed-8675309__h-1__c-64__raw,8675309,1,64,,,,baseline,raw,validation,sine,51,0.011900392046292006,0.014659596183969838,
seed-8675309__h-1__c-64__raw,8675309,1,64,,,,baseline,raw,validation,chirp,51,0.017004986994000316,0.020981231987421693,
seed-8675309__h-1__c-64__raw,8675309,1,64,,,,baseline,raw,validation,ramp,51,0.011939505335420113,0.014760937783641254,
seed-8675309__h-1__c-64__raw,8675309,1,64,,,,baseline,raw,validation,piecewise_linear,51,0.012263606607134405,0.014156466456950642,
seed-8675309__h-1__c-64__raw,8675309,1,64,,,,baseline,raw,validation,first_order_response,51,0.011693976467177845,0.014297068482196038,
seed-8675309__h-1__c-64__raw,8675309,1,64,,,,baseline,raw,validation,second_order_response,51,0.01196755166286574,0.01533103050838798,
seed-8675309__h-1__c-64__raw,8675309,1,64,,,,baseline,raw,validation,regime_change,51,0.02835417040369218,0.03363803547493614,
seed-8675309__h-1__c-64__raw,8675309,1,64,,,,baseline,raw,test,sine,51,0.011316792127296487,0.014275753271315137,
seed-8675309__h-1__c-64__raw,8675309,1,64,,,,baseline,raw,test,chirp,51,0.024920615222594,0.029810363914368396,
seed-8675309__h-1__c-64__raw,8675309,1,64,,,,baseline,raw,test,ramp,51,0.011509701078114562,0.014175363684546131,
seed-8675309__h-1__c-64__raw,8675309,1,64,,,,baseline,raw,test,piecewise_linear,51,0.011912824275039867,0.01443873858970051,
seed-8675309__h-1__c-64__raw,8675309,1,64,,,,baseline,raw,test,first_order_response,51,0.013858441990315473,0.016347903436230927,
seed-8675309__h-1__c-64__raw,8675309,1,64,,,,baseline,raw,test,second_order_response,51,0.010445513018071315,0.012949922081118646,
seed-8675309__h-1__c-64__raw,8675309,1,64,,,,baseline,raw,test,regime_change,51,0.03047673799584273,0.0349737450559501,
seed-8675309__h-1__c-64__first_difference,8675309,1,64,,,,baseline,first_difference,validation,sine,51,0.014550426293865387,0.016976443044436188,
seed-8675309__h-1__c-64__first_difference,8675309,1,64,,,,baseline,first_difference,validation,chirp,51,0.02740604672303499,0.03252058348376105,
seed-8675309__h-1__c-64__first_difference,8675309,1,64,,,,baseline,first_difference,validation,ramp,51,0.011087285661876596,0.014071121030600884,
seed-8675309__h-1__c-64__first_difference,8675309,1,64,,,,baseline,first_difference,validation,piecewise_linear,51,0.011266704816246012,0.01309637860870742,
seed-8675309__h-1__c-64__first_difference,8675309,1,64,,,,baseline,first_difference,validation,first_order_response,51,0.010288896015797012,0.013035283619951519,
seed-8675309__h-1__c-64__first_difference,8675309,1,64,,,,baseline,first_difference,validation,second_order_response,51,0.010852646354610852,0.013796282837715876,
seed-8675309__h-1__c-64__first_difference,8675309,1,64,,,,baseline,first_difference,validation,regime_change,51,0.045357223655606,0.05274617953401769,
seed-8675309__h-1__c-64__first_difference,8675309,1,64,,,,baseline,first_difference,test,sine,51,0.01140519621804053,0.01503888032465903,
seed-8675309__h-1__c-64__first_difference,8675309,1,64,,,,baseline,first_difference,test,chirp,51,0.03885637116591558,0.044863676901873206,
seed-8675309__h-1__c-64__first_difference,8675309,1,64,,,,baseline,first_difference,test,ramp,51,0.010524487754158601,0.013065130302660532,
seed-8675309__h-1__c-64__first_difference,8675309,1,64,,,,baseline,first_difference,test,piecewise_linear,51,0.01136982639257844,0.013654021400292773,
seed-8675309__h-1__c-64__first_difference,8675309,1,64,,,,baseline,first_difference,test,first_order_response,51,0.012045699537082318,0.014346627243931605,
seed-8675309__h-1__c-64__first_difference,8675309,1,64,,,,baseline,first_difference,test,second_order_response,51,0.010012037841974845,0.012338232671729819,
seed-8675309__h-1__c-64__first_difference,8675309,1,64,,,,baseline,first_difference,test,regime_change,51,0.04530820413887062,0.05115262014240479,
seed-8675309__h-1__c-64__segment,8675309,1,64,0.1,segment,"dt,dy",secondary,vectorchain,validation,sine,51,0.014903028222389123,0.017856479342535675,1.1569408960291911
seed-8675309__h-1__c-64__segment,8675309,1,64,0.1,segment,"dt,dy",secondary,vectorchain,validation,chirp,51,0.023876575374332184,0.0299859277287643,1.4820057089405638
seed-8675309__h-1__c-64__segment,8675309,1,64,0.1,segment,"dt,dy",secondary,vectorchain,validation,ramp,51,0.011942742532673613,0.014791988747868062,1.0020565269609056
seed-8675309__h-1__c-64__segment,8675309,1,64,0.1,segment,"dt,dy",secondary,vectorchain,validation,piecewise_linear,51,0.012334239875998253,0.014125273500420456,0.9984497517966422
seed-8675309__h-1__c-64__segment,8675309,1,64,0.1,segment,"dt,dy",secondary,vectorchain,validation,first_order_response,51,0.011524725197830751,0.01468341707594313,1.0033080188835242
seed-8675309__h-1__c-64__segment,8675309,1,64,0.1,segment,"dt,dy",secondary,vectorchain,validation,second_order_response,51,0.01163698432394981,0.014851643825189238,1.003965354131653
seed-8675309__h-1__c-64__segment,8675309,1,64,0.1,segment,"dt,dy",secondary,vectorchain,validation,regime_change,51,0.029039900991659883,0.036190594841202586,1.4606928925653777
seed-8675309__h-1__c-64__segment,8675309,1,64,0.1,segment,"dt,dy",secondary,vectorchain,test,sine,51,0.0120091316190487,0.015536552819194823,1.081001723391311
seed-8675309__h-1__c-64__segment,8675309,1,64,0.1,segment,"dt,dy",secondary,vectorchain,test,chirp,51,0.026892910429884766,0.03146400279997248,1.412375306473544
seed-8675309__h-1__c-64__segment,8675309,1,64,0.1,segment,"dt,dy",secondary,vectorchain,test,ramp,51,0.011279720927610915,0.013863509979026608,1.0009124918327166
seed-8675309__h-1__c-64__segment,8675309,1,64,0.1,segment,"dt,dy",secondary,vectorchain,test,piecewise_linear,51,0.012176156222719075,0.01461419631938656,0.9998036915514632
seed-8675309__h-1__c-64__segment,8675309,1,64,0.1,segment,"dt,dy",secondary,vectorchain,test,first_order_response,51,0.013631030073700274,0.01621159573239212,1.001375379954768
seed-8675309__h-1__c-64__segment,8675309,1,64,0.1,segment,"dt,dy",secondary,vectorchain,test,second_order_response,51,0.010574959981481606,0.01329310468562309,1.0028275017871047
seed-8675309__h-1__c-64__segment,8675309,1,64,0.1,segment,"dt,dy",secondary,vectorchain,test,regime_change,51,0.029416251601850046,0.03469166754559484,1.4652181431460118
seed-8675309__h-1__c-64__absolute_geometry,8675309,1,64,0.1,absolute_geometry,"dt,dy,theta,r",reference,vectorchain,validation,sine,51,0.012832664092839048,0.015434219158318293,1.0
seed-8675309__h-1__c-64__absolute_geometry,8675309,1,64,0.1,absolute_geometry,"dt,dy,theta,r",reference,vectorchain,validation,chirp,51,0.016393078578325313,0.020233341577476267,1.0
seed-8675309__h-1__c-64__absolute_geometry,8675309,1,64,0.1,absolute_geometry,"dt,dy,theta,r",reference,vectorchain,validation,ramp,51,0.011924304624516307,0.014761631055615246,1.0
seed-8675309__h-1__c-64__absolute_geometry,8675309,1,64,0.1,absolute_geometry,"dt,dy,theta,r",reference,vectorchain,validation,piecewise_linear,51,0.012384344508328966,0.014147205179833026,1.0
seed-8675309__h-1__c-64__absolute_geometry,8675309,1,64,0.1,absolute_geometry,"dt,dy,theta,r",reference,vectorchain,validation,first_order_response,51,0.011509469948115813,0.014635004205670316,1.0
seed-8675309__h-1__c-64__absolute_geometry,8675309,1,64,0.1,absolute_geometry,"dt,dy,theta,r",reference,vectorchain,validation,second_order_response,51,0.011610768928970875,0.01479298440336587,1.0
seed-8675309__h-1__c-64__absolute_geometry,8675309,1,64,0.1,absolute_geometry,"dt,dy,theta,r",reference,vectorchain,validation,regime_change,51,0.019869634166516856,0.02477632021447162,1.0
seed-8675309__h-1__c-64__absolute_geometry,8675309,1,64,0.1,absolute_geometry,"dt,dy,theta,r",reference,vectorchain,test,sine,51,0.011022898558905689,0.014372366373712763,1.0
seed-8675309__h-1__c-64__absolute_geometry,8675309,1,64,0.1,absolute_geometry,"dt,dy,theta,r",reference,vectorchain,test,chirp,51,0.018497038869858182,0.02227736682718748,1.0
seed-8675309__h-1__c-64__absolute_geometry,8675309,1,64,0.1,absolute_geometry,"dt,dy,theta,r",reference,vectorchain,test,ramp,51,0.0112663798135406,0.01385087117220596,1.0
seed-8675309__h-1__c-64__absolute_geometry,8675309,1,64,0.1,absolute_geometry,"dt,dy,theta,r",reference,vectorchain,test,piecewise_linear,51,0.012216299442549788,0.014617065772890597,1.0
seed-8675309__h-1__c-64__absolute_geometry,8675309,1,64,0.1,absolute_geometry,"dt,dy,theta,r",reference,vectorchain,test,first_order_response,51,0.013617702048064667,0.01618932925345578,1.0
seed-8675309__h-1__c-64__absolute_geometry,8675309,1,64,0.1,absolute_geometry,"dt,dy,theta,r",reference,vectorchain,test,second_order_response,51,0.010543447852232901,0.013255624383988173,1.0
seed-8675309__h-1__c-64__absolute_geometry,8675309,1,64,0.1,absolute_geometry,"dt,dy,theta,r",reference,vectorchain,test,regime_change,51,0.018896907937870487,0.023676793594097443,1.0
seed-8675309__h-1__c-64__turning_matched,8675309,1,64,0.1,turning_matched,"dt,dy,theta,delta_theta",capacity_control,vectorchain,validation,sine,51,0.012956197489210569,0.015540348890842706,1.0068762618591698
seed-8675309__h-1__c-64__turning_matched,8675309,1,64,0.1,turning_matched,"dt,dy,theta,delta_theta",capacity_control,vectorchain,validation,chirp,51,0.016799673204431886,0.020565467583596536,1.0164147876834142
seed-8675309__h-1__c-64__turning_matched,8675309,1,64,0.1,turning_matched,"dt,dy,theta,delta_theta",capacity_control,vectorchain,validation,ramp,51,0.011924994746330015,0.014762724775727853,1.0000740920910762
seed-8675309__h-1__c-64__turning_matched,8675309,1,64,0.1,turning_matched,"dt,dy,theta,delta_theta",capacity_control,vectorchain,validation,piecewise_linear,51,0.012382231782869768,0.014143055331299196,0.999706666547839
seed-8675309__h-1__c-64__turning_matched,8675309,1,64,0.1,turning_matched,"dt,dy,theta,delta_theta",capacity_control,vectorchain,validation,first_order_response,51,0.011510735896963506,0.014635579503941499,1.0000393097441653
seed-8675309__h-1__c-64__turning_matched,8675309,1,64,0.1,turning_matched,"dt,dy,theta,delta_theta",capacity_control,vectorchain,validation,second_order_response,51,0.011613240254147353,0.014798144378921614,1.0003488123434086
seed-8675309__h-1__c-64__turning_matched,8675309,1,64,0.1,turning_matched,"dt,dy,theta,delta_theta",capacity_control,vectorchain,validation,regime_change,51,0.01970473782085719,0.02570178542550646,1.0373528111932573
seed-8675309__h-1__c-64__turning_matched,8675309,1,64,0.1,turning_matched,"dt,dy,theta,delta_theta",capacity_control,vectorchain,test,sine,51,0.011019471496742702,0.014473501621171015,1.007036784676129
seed-8675309__h-1__c-64__turning_matched,8675309,1,64,0.1,turning_matched,"dt,dy,theta,delta_theta",capacity_control,vectorchain,test,chirp,51,0.01868857395858041,0.022491296115761308,1.0096029881014819
seed-8675309__h-1__c-64__turning_matched,8675309,1,64,0.1,turning_matched,"dt,dy,theta,delta_theta",capacity_control,vectorchain,test,ramp,51,0.011267498403295755,0.013852004250707064,1.000081805576488
seed-8675309__h-1__c-64__turning_matched,8675309,1,64,0.1,turning_matched,"dt,dy,theta,delta_theta",capacity_control,vectorchain,test,piecewise_linear,51,0.012211548652050005,0.014615886983137493,0.9999193552405511
seed-8675309__h-1__c-64__turning_matched,8675309,1,64,0.1,turning_matched,"dt,dy,theta,delta_theta",capacity_control,vectorchain,test,first_order_response,51,0.013618837624731218,0.016190136149452385,1.0000498412246717
seed-8675309__h-1__c-64__turning_matched,8675309,1,64,0.1,turning_matched,"dt,dy,theta,delta_theta",capacity_control,vectorchain,test,second_order_response,51,0.010543705235181331,0.013255571967657663,0.9999960457290437
seed-8675309__h-1__c-64__turning_matched,8675309,1,64,0.1,turning_matched,"dt,dy,theta,delta_theta",capacity_control,vectorchain,test,regime_change,51,0.01917033586289387,0.02423906870399873,1.0237479415304553
seed-8675309__h-1__c-64__turning,8675309,1,64,0.1,turning,"dt,dy,theta,r,delta_theta",primary,vectorchain,validation,sine,51,0.012954989238286254,0.015539549929208571,1.0068244962579471
seed-8675309__h-1__c-64__turning,8675309,1,64,0.1,turning,"dt,dy,theta,r,delta_theta",primary,vectorchain,validation,chirp,51,0.016807072935189304,0.020577335222510634,1.0170013264352389
seed-8675309__h-1__c-64__turning,8675309,1,64,0.1,turning,"dt,dy,theta,r,delta_theta",primary,vectorchain,validation,ramp,51,0.011924950727701078,0.014762477011914327,1.0000573077796007
seed-8675309__h-1__c-64__turning,8675309,1,64,0.1,turning,"dt,dy,theta,r,delta_theta",primary,vectorchain,validation,piecewise_linear,51,0.012382332874675963,0.014143004179001046,0.9997030508302821
seed-8675309__h-1__c-64__turning,8675309,1,64,0.1,turning,"dt,dy,theta,r,delta_theta",primary,vectorchain,validation,first_order_response,51,0.011510837686284605,0.014634693455159527,0.9999787666264784
seed-8675309__h-1__c-64__turning,8675309,1,64,0.1,turning,"dt,dy,theta,r,delta_theta",primary,vectorchain,validation,second_order_response,51,0.011613489160898025,0.014798573365585996,1.0003778116753002
seed-8675309__h-1__c-64__turning,8675309,1,64,0.1,turning,"dt,dy,theta,r,delta_theta",primary,vectorchain,validation,regime_change,51,0.019722911534967708,0.025726819313440896,1.0383632069145643
seed-8675309__h-1__c-64__turning,8675309,1,64,0.1,turning,"dt,dy,theta,r,delta_theta",primary,vectorchain,test,sine,51,0.011019137143997638,0.01447448530593316,1.0071052274597712
seed-8675309__h-1__c-64__turning,8675309,1,64,0.1,turning,"dt,dy,theta,r,delta_theta",primary,vectorchain,test,chirp,51,0.01870235666578525,0.022504948667901432,1.0102158321708026
seed-8675309__h-1__c-64__turning,8675309,1,64,0.1,turning,"dt,dy,theta,r,delta_theta",primary,vectorchain,test,ramp,51,0.011267610577732793,0.013852175864002968,1.0000941956488358
seed-8675309__h-1__c-64__turning,8675309,1,64,0.1,turning,"dt,dy,theta,r,delta_theta",primary,vectorchain,test,piecewise_linear,51,0.012210868289325773,0.014615593445910112,0.9998992734244094
seed-8675309__h-1__c-64__turning,8675309,1,64,0.1,turning,"dt,dy,theta,r,delta_theta",primary,vectorchain,test,first_order_response,51,0.013618933461526796,0.01618991983366852,1.0000364795973629
seed-8675309__h-1__c-64__turning,8675309,1,64,0.1,turning,"dt,dy,theta,r,delta_theta",primary,vectorchain,test,second_order_response,51,0.010543100075328854,0.01325475916204511,0.9999347279375154
seed-8675309__h-1__c-64__turning,8675309,1,64,0.1,turning,"dt,dy,theta,r,delta_theta",primary,vectorchain,test,regime_change,51,0.01918623612037963,0.02425908510581177,1.0245933432413539
seed-8675309__h-1__c-64__full_relational,8675309,1,64,0.1,full_relational,"dt,dy,theta,r,delta_theta,delta_r",secondary,vectorchain,validation,sine,51,0.013015519804115082,0.015607031736507015,1.011196716621429
seed-8675309__h-1__c-64__full_relational,8675309,1,64,0.1,full_relational,"dt,dy,theta,r,delta_theta,delta_r",secondary,vectorchain,validation,chirp,51,0.018516986420470234,0.02263322357476538,1.1186102645526756
seed-8675309__h-1__c-64__full_relational,8675309,1,64,0.1,full_relational,"dt,dy,theta,r,delta_theta,delta_r",secondary,vectorchain,validation,ramp,51,0.01192554746961042,0.014763266885467159,1.0001108163349801
seed-8675309__h-1__c-64__full_relational,8675309,1,64,0.1,full_relational,"dt,dy,theta,r,delta_theta,delta_r",secondary,vectorchain,validation,piecewise_linear,51,0.012377086979527654,0.014138783230035567,0.999404691619977
seed-8675309__h-1__c-64__full_relational,8675309,1,64,0.1,full_relational,"dt,dy,theta,r,delta_theta,delta_r",secondary,vectorchain,validation,first_order_response,51,0.011512093387668943,0.014634449503442778,0.9999620975696527
seed-8675309__h-1__c-64__full_relational,8675309,1,64,0.1,full_relational,"dt,dy,theta,r,delta_theta,delta_r",secondary,vectorchain,validation,second_order_response,51,0.011615985793610631,0.014803745167671144,1.000727423487503
seed-8675309__h-1__c-64__full_relational,8675309,1,64,0.1,full_relational,"dt,dy,theta,r,delta_theta,delta_r",secondary,vectorchain,validation,regime_change,51,0.01986331517058421,0.024965616474909552,1.0076402088284024
seed-8675309__h-1__c-64__full_relational,8675309,1,64,0.1,full_relational,"dt,dy,theta,r,delta_theta,delta_r",secondary,vectorchain,test,sine,51,0.011031894816658226,0.01456316101681993,1.0132751029403295
seed-8675309__h-1__c-64__full_relational,8675309,1,64,0.1,full_relational,"dt,dy,theta,r,delta_theta,delta_r",secondary,vectorchain,test,chirp,51,0.02193174271616858,0.02532745535415071,1.1369142300624542
seed-8675309__h-1__c-64__full_relational,8675309,1,64,0.1,full_relational,"dt,dy,theta,r,delta_theta,delta_r",secondary,vectorchain,test,ramp,51,0.011268738810640022,0.013853369886787415,1.0001804012578261
seed-8675309__h-1__c-64__full_relational,8675309,1,64,0.1,full_relational,"dt,dy,theta,r,delta_theta,delta_r",secondary,vectorchain,test,piecewise_linear,51,0.012205890294205874,0.014614326795592832,0.9998126178440788
seed-8675309__h-1__c-64__full_relational,8675309,1,64,0.1,full_relational,"dt,dy,theta,r,delta_theta,delta_r",secondary,vectorchain,test,first_order_response,51,0.013620063972899353,0.016190477741686853,1.0000709410632826
seed-8675309__h-1__c-64__full_relational,8675309,1,64,0.1,full_relational,"dt,dy,theta,r,delta_theta,delta_r",secondary,vectorchain,test,second_order_response,51,0.01054280525618334,0.013254012319889387,0.9998783864077551
seed-8675309__h-1__c-64__full_relational,8675309,1,64,0.1,full_relational,"dt,dy,theta,r,delta_theta,delta_r",secondary,vectorchain,test,regime_change,51,0.02059235033757255,0.025571789190853955,1.0800359892155722
seed-8675309__h-4__c-64__raw,8675309,4,64,,,,baseline,raw,validation,sine,51,0.015812688176791267,0.019758713035205554,
seed-8675309__h-4__c-64__raw,8675309,4,64,,,,baseline,raw,validation,chirp,51,0.05991266460302076,0.06803315553357875,
seed-8675309__h-4__c-64__raw,8675309,4,64,,,,baseline,raw,validation,ramp,51,0.012473295544357395,0.014940395052358718,
seed-8675309__h-4__c-64__raw,8675309,4,64,,,,baseline,raw,validation,piecewise_linear,51,0.012224514695056988,0.015512275744931012,
seed-8675309__h-4__c-64__raw,8675309,4,64,,,,baseline,raw,validation,first_order_response,51,0.017279271576869298,0.020205970194619782,
seed-8675309__h-4__c-64__raw,8675309,4,64,,,,baseline,raw,validation,second_order_response,51,0.0166291141579942,0.01981736001216909,
seed-8675309__h-4__c-64__raw,8675309,4,64,,,,baseline,raw,validation,regime_change,51,0.11102940533896767,0.1261278544546332,
seed-8675309__h-4__c-64__raw,8675309,4,64,,,,baseline,raw,test,sine,52,0.015216141553212522,0.017638292669995333,
seed-8675309__h-4__c-64__raw,8675309,4,64,,,,baseline,raw,test,chirp,52,0.08573213600657267,0.09791416857021987,
seed-8675309__h-4__c-64__raw,8675309,4,64,,,,baseline,raw,test,ramp,52,0.014250672281049238,0.017692102811639927,
seed-8675309__h-4__c-64__raw,8675309,4,64,,,,baseline,raw,test,piecewise_linear,52,0.012515464018502589,0.015042896037588661,
seed-8675309__h-4__c-64__raw,8675309,4,64,,,,baseline,raw,test,first_order_response,52,0.01643141250797478,0.02091122817950522,
seed-8675309__h-4__c-64__raw,8675309,4,64,,,,baseline,raw,test,second_order_response,52,0.015481241874888264,0.018537350008976,
seed-8675309__h-4__c-64__raw,8675309,4,64,,,,baseline,raw,test,regime_change,52,0.11611154262526907,0.12941770922451293,
seed-8675309__h-4__c-64__first_difference,8675309,4,64,,,,baseline,first_difference,validation,sine,51,0.03093433056309324,0.035934011361373315,
seed-8675309__h-4__c-64__first_difference,8675309,4,64,,,,baseline,first_difference,validation,chirp,51,0.08758085907699621,0.0987786609112518,
seed-8675309__h-4__c-64__first_difference,8675309,4,64,,,,baseline,first_difference,validation,ramp,51,0.01538364083268513,0.018345568060300563,
seed-8675309__h-4__c-64__first_difference,8675309,4,64,,,,baseline,first_difference,validation,piecewise_linear,51,0.015500742572158856,0.019428442983416363,
seed-8675309__h-4__c-64__first_difference,8675309,4,64,,,,baseline,first_difference,validation,first_order_response,51,0.018446822954244026,0.02227535855729883,
seed-8675309__h-4__c-64__first_difference,8675309,4,64,,,,baseline,first_difference,validation,second_order_response,51,0.01582178453735536,0.02018472348164982,
seed-8675309__h-4__c-64__first_difference,8675309,4,64,,,,baseline,first_difference,validation,regime_change,51,0.139165774763178,0.1560226274958522,
seed-8675309__h-4__c-64__first_difference,8675309,4,64,,,,baseline,first_difference,test,sine,52,0.028827351200058485,0.034749500699791255,
seed-8675309__h-4__c-64__first_difference,8675309,4,64,,,,baseline,first_difference,test,chirp,52,0.11008260906698483,0.1252057011928646,
seed-8675309__h-4__c-64__first_difference,8675309,4,64,,,,baseline,first_difference,test,ramp,52,0.015840194779388507,0.019805515509103373,
seed-8675309__h-4__c-64__first_difference,8675309,4,64,,,,baseline,first_difference,test,piecewise_linear,52,0.013844716384649266,0.017245864319946624,
seed-8675309__h-4__c-64__first_difference,8675309,4,64,,,,baseline,first_difference,test,first_order_response,52,0.017382157315713596,0.022535702589779223,
seed-8675309__h-4__c-64__first_difference,8675309,4,64,,,,baseline,first_difference,test,second_order_response,52,0.015709917264850878,0.019324524509751927,
seed-8675309__h-4__c-64__first_difference,8675309,4,64,,,,baseline,first_difference,test,regime_change,52,0.13889344738263285,0.1560457481507383,
seed-8675309__h-4__c-64__segment,8675309,4,64,0.1,segment,"dt,dy",secondary,vectorchain,validation,sine,51,0.03357383112059403,0.041391392677561686,1.5576327183589547
seed-8675309__h-4__c-64__segment,8675309,4,64,0.1,segment,"dt,dy",secondary,vectorchain,validation,chirp,51,0.07855349978075907,0.09737087631805974,3.227150098088054
seed-8675309__h-4__c-64__segment,8675309,4,64,0.1,segment,"dt,dy",secondary,vectorchain,validation,ramp,51,0.012157099116202965,0.014338690505645877,1.00755707404456
seed-8675309__h-4__c-64__segment,8675309,4,64,0.1,segment,"dt,dy",secondary,vectorchain,validation,piecewise_linear,51,0.013496945005484064,0.016397899678339767,1.046831349080269
seed-8675309__h-4__c-64__segment,8675309,4,64,0.1,segment,"dt,dy",secondary,vectorchain,validation,first_order_response,51,0.014268599807831735,0.017938744267113227,1.0071187976864673
seed-8675309__h-4__c-64__segment,8675309,4,64,0.1,segment,"dt,dy",secondary,vectorchain,validation,second_order_response,51,0.012661762025347183,0.01579217354967408,1.0070936393885743
seed-8675309__h-4__c-64__segment,8675309,4,64,0.1,segment,"dt,dy",secondary,vectorchain,validation,regime_change,51,0.1014226687266791,0.12269710196998722,2.573582799248544
seed-8675309__h-4__c-64__segment,8675309,4,64,0.1,segment,"dt,dy",secondary,vectorchain,test,sine,52,0.03616422459027714,0.04189822668622689,2.059072467178997
seed-8675309__h-4__c-64__segment,8675309,4,64,0.1,segment,"dt,dy",secondary,vectorchain,test,chirp,52,0.08230769591908695,0.09814981352115923,2.5515420833078006
seed-8675309__h-4__c-64__segment,8675309,4,64,0.1,segment,"dt,dy",secondary,vectorchain,test,ramp,52,0.012805715983065328,0.015790002629007177,1.0089720261656274
seed-8675309__h-4__c-64__segment,8675309,4,64,0.1,segment,"dt,dy",secondary,vectorchain,test,piecewise_linear,52,0.011757561764468108,0.0141673103677114,0.9984221118507653
seed-8675309__h-4__c-64__segment,8675309,4,64,0.1,segment,"dt,dy",secondary,vectorchain,test,first_order_response,52,0.014335155006202329,0.018589625823016577,1.0080770242023862
seed-8675309__h-4__c-64__segment,8675309,4,64,0.1,segment,"dt,dy",secondary,vectorchain,test,second_order_response,52,0.01309125575812058,0.016216933772862815,1.017848510614313
seed-8675309__h-4__c-64__segment,8675309,4,64,0.1,segment,"dt,dy",secondary,vectorchain,test,regime_change,52,0.09636420640175507,0.1182299385159468,2.432420970526974
seed-8675309__h-4__c-64__absolute_geometry,8675309,4,64,0.1,absolute_geometry,"dt,dy,theta,r",reference,vectorchain,validation,sine,51,0.01948836316327596,0.026573268646519974,1.0
seed-8675309__h-4__c-64__absolute_geometry,8675309,4,64,0.1,absolute_geometry,"dt,dy,theta,r",reference,vectorchain,validation,chirp,51,0.02450612445046938,0.030172403934898395,1.0
seed-8675309__h-4__c-64__absolute_geometry,8675309,4,64,0.1,absolute_geometry,"dt,dy,theta,r",reference,vectorchain,validation,ramp,51,0.01202654037071825,0.014231144691473562,1.0
seed-8675309__h-4__c-64__absolute_geometry,8675309,4,64,0.1,absolute_geometry,"dt,dy,theta,r",reference,vectorchain,validation,piecewise_linear,51,0.01254717339348494,0.01566431851008926,1.0
seed-8675309__h-4__c-64__absolute_geometry,8675309,4,64,0.1,absolute_geometry,"dt,dy,theta,r",reference,vectorchain,validation,first_order_response,51,0.014279602345749024,0.017811944636841,1.0
seed-8675309__h-4__c-64__absolute_geometry,8675309,4,64,0.1,absolute_geometry,"dt,dy,theta,r",reference,vectorchain,validation,second_order_response,51,0.012460012446253254,0.01568093862578837,1.0
seed-8675309__h-4__c-64__absolute_geometry,8675309,4,64,0.1,absolute_geometry,"dt,dy,theta,r",reference,vectorchain,validation,regime_change,51,0.038041964063438835,0.047675599170857584,1.0
seed-8675309__h-4__c-64__absolute_geometry,8675309,4,64,0.1,absolute_geometry,"dt,dy,theta,r",reference,vectorchain,test,sine,52,0.016575688709540813,0.020348106904478677,1.0
seed-8675309__h-4__c-64__absolute_geometry,8675309,4,64,0.1,absolute_geometry,"dt,dy,theta,r",reference,vectorchain,test,chirp,52,0.03206853319994706,0.03846686055591861,1.0
seed-8675309__h-4__c-64__absolute_geometry,8675309,4,64,0.1,absolute_geometry,"dt,dy,theta,r",reference,vectorchain,test,ramp,52,0.012741421308366708,0.01564959406160501,1.0
seed-8675309__h-4__c-64__absolute_geometry,8675309,4,64,0.1,absolute_geometry,"dt,dy,theta,r",reference,vectorchain,test,piecewise_linear,52,0.011946347019663048,0.014189700127383593,1.0
seed-8675309__h-4__c-64__absolute_geometry,8675309,4,64,0.1,absolute_geometry,"dt,dy,theta,r",reference,vectorchain,test,first_order_response,52,0.014241033100154232,0.01844068000431328,1.0
seed-8675309__h-4__c-64__absolute_geometry,8675309,4,64,0.1,absolute_geometry,"dt,dy,theta,r",reference,vectorchain,test,second_order_response,52,0.01286072979748812,0.0159325612836779,1.0
seed-8675309__h-4__c-64__absolute_geometry,8675309,4,64,0.1,absolute_geometry,"dt,dy,theta,r",reference,vectorchain,test,regime_change,52,0.03848200205382689,0.048605870426422434,1.0
seed-8675309__h-4__c-64__turning_matched,8675309,4,64,0.1,turning_matched,"dt,dy,theta,delta_theta",capacity_control,vectorchain,validation,sine,51,0.01965218915974662,0.026717028293070922,1.0054099346400796
seed-8675309__h-4__c-64__turning_matched,8675309,4,64,0.1,turning_matched,"dt,dy,theta,delta_theta",capacity_control,vectorchain,validation,chirp,51,0.023288127753735177,0.030505044622981425,1.0110246664071167
seed-8675309__h-4__c-64__turning_matched,8675309,4,64,0.1,turning_matched,"dt,dy,theta,delta_theta",capacity_control,vectorchain,validation,ramp,51,0.012028545497072916,0.014232343829481372,1.0000842615287673
seed-8675309__h-4__c-64__turning_matched,8675309,4,64,0.1,turning_matched,"dt,dy,theta,delta_theta",capacity_control,vectorchain,validation,piecewise_linear,51,0.012602003675408069,0.015719238793451683,1.0035060755006386
seed-8675309__h-4__c-64__turning_matched,8675309,4,64,0.1,turning_matched,"dt,dy,theta,delta_theta",capacity_control,vectorchain,validation,first_order_response,51,0.014278432235884235,0.017814905148702112,1.0001662093567811
seed-8675309__h-4__c-64__turning_matched,8675309,4,64,0.1,turning_matched,"dt,dy,theta,delta_theta",capacity_control,vectorchain,validation,second_order_response,51,0.012460771011945903,0.01568108908176503,1.0000095948323153
seed-8675309__h-4__c-64__turning_matched,8675309,4,64,0.1,turning_matched,"dt,dy,theta,delta_theta",capacity_control,vectorchain,validation,regime_change,51,0.03815001340708817,0.04621548722778089,0.969374020075888
seed-8675309__h-4__c-64__turning_matched,8675309,4,64,0.1,turning_matched,"dt,dy,theta,delta_theta",capacity_control,vectorchain,test,sine,52,0.016889074473220474,0.02062020285380389,1.0133720522799752
seed-8675309__h-4__c-64__turning_matched,8675309,4,64,0.1,turning_matched,"dt,dy,theta,delta_theta",capacity_control,vectorchain,test,chirp,52,0.030490067193169216,0.036921810645460185,0.9598342602403851
seed-8675309__h-4__c-64__turning_matched,8675309,4,64,0.1,turning_matched,"dt,dy,theta,delta_theta",capacity_control,vectorchain,test,ramp,52,0.012742190428779658,0.015651761427164616,1.0001384934044344
seed-8675309__h-4__c-64__turning_matched,8675309,4,64,0.1,turning_matched,"dt,dy,theta,delta_theta",capacity_control,vectorchain,test,piecewise_linear,52,0.011942951029359728,0.014188524560910774,0.9999171535365606
seed-8675309__h-4__c-64__turning_matched,8675309,4,64,0.1,turning_matched,"dt,dy,theta,delta_theta",capacity_control,vectorchain,test,first_order_response,52,0.014242856348628043,0.018444063996973896,1.0001835069346587
seed-8675309__h-4__c-64__turning_matched,8675309,4,64,0.1,turning_matched,"dt,dy,theta,delta_theta",capacity_control,vectorchain,test,second_order_response,52,0.012865696885153535,0.015939322822624113,1.000424384932581
seed-8675309__h-4__c-64__turning_matched,8675309,4,64,0.1,turning_matched,"dt,dy,theta,delta_theta",capacity_control,vectorchain,test,regime_change,52,0.040255173803193545,0.053109884448346946,1.0926639926908108
seed-8675309__h-4__c-64__turning,8675309,4,64,0.1,turning,"dt,dy,theta,r,delta_theta",primary,vectorchain,validation,sine,51,0.019651239442383818,0.02672235738617698,1.0056104780198551
seed-8675309__h-4__c-64__turning,8675309,4,64,0.1,turning,"dt,dy,theta,r,delta_theta",primary,vectorchain,validation,chirp,51,0.023235785541699316,0.030446028620690922,1.009068706834991
seed-8675309__h-4__c-64__turning,8675309,4,64,0.1,turning,"dt,dy,theta,r,delta_theta",primary,vectorchain,validation,ramp,51,0.01202835115951633,0.01423279849620291,1.0001162102392465
seed-8675309__h-4__c-64__turning,8675309,4,64,0.1,turning,"dt,dy,theta,r,delta_theta",primary,vectorchain,validation,piecewise_linear,51,0.012601597945899384,0.015717593640145452,1.0034010499736634
seed-8675309__h-4__c-64__turning,8675309,4,64,0.1,turning,"dt,dy,theta,r,delta_theta",primary,vectorchain,validation,first_order_response,51,0.01428178904056907,0.01781386201581323,1.000107645684473
seed-8675309__h-4__c-64__turning,8675309,4,64,0.1,turning,"dt,dy,theta,r,delta_theta",primary,vectorchain,validation,second_order_response,51,0.012465045446109711,0.0156859840882305,1.000321757680617
seed-8675309__h-4__c-64__turning,8675309,4,64,0.1,turning,"dt,dy,theta,r,delta_theta",primary,vectorchain,validation,regime_change,51,0.03811465770775123,0.046178702437252944,0.968602455771135
seed-8675309__h-4__c-64__turning,8675309,4,64,0.1,turning,"dt,dy,theta,r,delta_theta",primary,vectorchain,test,sine,52,0.016878597367864477,0.0206152962780066,1.0131309204724648
seed-8675309__h-4__c-64__turning,8675309,4,64,0.1,turning,"dt,dy,theta,r,delta_theta",primary,vectorchain,test,chirp,52,0.030472180068435325,0.03691505517724317,0.9596586423677698
seed-8675309__h-4__c-64__turning,8675309,4,64,0.1,turning,"dt,dy,theta,r,delta_theta",primary,vectorchain,test,ramp,52,0.01274335379165272,0.015651914353497016,1.000148265308536
seed-8675309__h-4__c-64__turning,8675309,4,64,0.1,turning,"dt,dy,theta,r,delta_theta",primary,vectorchain,test,piecewise_linear,52,0.011938224063535325,0.01418572398634566,0.9997197868170407
seed-8675309__h-4__c-64__turning,8675309,4,64,0.1,turning,"dt,dy,theta,r,delta_theta",primary,vectorchain,test,first_order_response,52,0.01424400738695766,0.0184436132125379,1.0001590618254823
seed-8675309__h-4__c-64__turning,8675309,4,64,0.1,turning,"dt,dy,theta,r,delta_theta",primary,vectorchain,test,second_order_response,52,0.01286338619345815,0.015936091724570996,1.0002215865252446
seed-8675309__h-4__c-64__turning,8675309,4,64,0.1,turning,"dt,dy,theta,r,delta_theta",primary,vectorchain,test,regime_change,52,0.040200780075082126,0.05300677138687655,1.090542581006054
seed-8675309__h-4__c-64__full_relational,8675309,4,64,0.1,full_relational,"dt,dy,theta,r,delta_theta,delta_r",secondary,vectorchain,validation,sine,51,0.020259378170058663,0.02733403886640962,1.028629154734763
seed-8675309__h-4__c-64__full_relational,8675309,4,64,0.1,full_relational,"dt,dy,theta,r,delta_theta,delta_r",secondary,vectorchain,validation,chirp,51,0.02487245107147616,0.032829104684292114,1.088050682177196
seed-8675309__h-4__c-64__full_relational,8675309,4,64,0.1,full_relational,"dt,dy,theta,r,delta_theta,delta_r",secondary,vectorchain,validation,ramp,51,0.01203493030138021,0.014237592584901228,1.0004530832598117
seed-8675309__h-4__c-64__full_relational,8675309,4,64,0.1,full_relational,"dt,dy,theta,r,delta_theta,delta_r",secondary,vectorchain,validation,piecewise_linear,51,0.01267954477545881,0.015754433356589683,1.005752873732897
seed-8675309__h-4__c-64__full_relational,8675309,4,64,0.1,full_relational,"dt,dy,theta,r,delta_theta,delta_r",secondary,vectorchain,validation,first_order_response,51,0.014281157915422242,0.017822610440533376,1.0005988006312525
seed-8675309__h-4__c-64__full_relational,8675309,4,64,0.1,full_relational,"dt,dy,theta,r,delta_theta,delta_r",secondary,vectorchain,validation,second_order_response,51,0.012473748921578565,0.015690724962491128,1.0006240912573092
seed-8675309__h-4__c-64__full_relational,8675309,4,64,0.1,full_relational,"dt,dy,theta,r,delta_theta,delta_r",secondary,vectorchain,validation,regime_change,51,0.03845824935015331,0.04494784887922097,0.9427851911863545
seed-8675309__h-4__c-64__full_relational,8675309,4,64,0.1,full_relational,"dt,dy,theta,r,delta_theta,delta_r",secondary,vectorchain,test,sine,52,0.017041147923691966,0.020846942693926375,1.0245150957673563
seed-8675309__h-4__c-64__full_relational,8675309,4,64,0.1,full_relational,"dt,dy,theta,r,delta_theta,delta_r",secondary,vectorchain,test,chirp,52,0.03385732496690958,0.045455270753488417,1.1816735261618472
seed-8675309__h-4__c-64__full_relational,8675309,4,64,0.1,full_relational,"dt,dy,theta,r,delta_theta,delta_r",secondary,vectorchain,test,ramp,52,0.012747215029635661,0.01565962652256036,1.0006410684466227
seed-8675309__h-4__c-64__full_relational,8675309,4,64,0.1,full_relational,"dt,dy,theta,r,delta_theta,delta_r",secondary,vectorchain,test,piecewise_linear,52,0.011923716565178273,0.014180124849242935,0.9993251951729284
seed-8675309__h-4__c-64__full_relational,8675309,4,64,0.1,full_relational,"dt,dy,theta,r,delta_theta,delta_r",secondary,vectorchain,test,first_order_response,52,0.01425103697249015,0.01845421291768758,1.0007338619492956
seed-8675309__h-4__c-64__full_relational,8675309,4,64,0.1,full_relational,"dt,dy,theta,r,delta_theta,delta_r",secondary,vectorchain,test,second_order_response,52,0.012879513430623723,0.015955608182005372,1.0014465281455458
seed-8675309__h-4__c-64__full_relational,8675309,4,64,0.1,full_relational,"dt,dy,theta,r,delta_theta,delta_r",secondary,vectorchain,test,regime_change,52,0.048751815533880666,0.06002198607255532,1.2348711286513043
seed-8675309__h-16__c-64__raw,8675309,16,64,,,,baseline,raw,validation,sine,51,0.041827229588539155,0.049980493905781596,
seed-8675309__h-16__c-64__raw,8675309,16,64,,,,baseline,raw,validation,chirp,51,0.28224448375825234,0.32150860739640036,
seed-8675309__h-16__c-64__raw,8675309,16,64,,,,baseline,raw,validation,ramp,51,0.014681538739532176,0.018616457002956534,
seed-8675309__h-16__c-64__raw,8675309,16,64,,,,baseline,raw,validation,piecewise_linear,51,0.02995409314432994,0.03656775999359858,
seed-8675309__h-16__c-64__raw,8675309,16,64,,,,baseline,raw,validation,first_order_response,51,0.03767009989069483,0.04304957131846849,
seed-8675309__h-16__c-64__raw,8675309,16,64,,,,baseline,raw,validation,second_order_response,51,0.0534895054949725,0.05689487886646879,
seed-8675309__h-16__c-64__raw,8675309,16,64,,,,baseline,raw,validation,regime_change,51,0.5233753162592423,0.6028727166749672,
seed-8675309__h-16__c-64__raw,8675309,16,64,,,,baseline,raw,test,sine,52,0.03314239142722139,0.045020140229030184,
seed-8675309__h-16__c-64__raw,8675309,16,64,,,,baseline,raw,test,chirp,52,0.380396546583125,0.4374306304321128,
seed-8675309__h-16__c-64__raw,8675309,16,64,,,,baseline,raw,test,ramp,52,0.03107889059323047,0.035998558094429284,
seed-8675309__h-16__c-64__raw,8675309,16,64,,,,baseline,raw,test,piecewise_linear,52,0.020187730199763925,0.023875382531275816,
seed-8675309__h-16__c-64__raw,8675309,16,64,,,,baseline,raw,test,first_order_response,52,0.040148539033352255,0.04376167507734609,
seed-8675309__h-16__c-64__raw,8675309,16,64,,,,baseline,raw,test,second_order_response,52,0.04338938040728131,0.04741947874125012,
seed-8675309__h-16__c-64__raw,8675309,16,64,,,,baseline,raw,test,regime_change,52,0.5254126144302169,0.5980602066093563,
seed-8675309__h-16__c-64__first_difference,8675309,16,64,,,,baseline,first_difference,validation,sine,51,0.11984068664749531,0.13477497198612648,
seed-8675309__h-16__c-64__first_difference,8675309,16,64,,,,baseline,first_difference,validation,chirp,51,0.363572702275838,0.40558304325558375,
seed-8675309__h-16__c-64__first_difference,8675309,16,64,,,,baseline,first_difference,validation,ramp,51,0.038390598761418204,0.04920850134209065,
seed-8675309__h-16__c-64__first_difference,8675309,16,64,,,,baseline,first_difference,validation,piecewise_linear,51,0.04710262667255444,0.061149928963018456,
seed-8675309__h-16__c-64__first_difference,8675309,16,64,,,,baseline,first_difference,validation,first_order_response,51,0.04802861019563828,0.05790549572431601,
seed-8675309__h-16__c-64__first_difference,8675309,16,64,,,,baseline,first_difference,validation,second_order_response,51,0.04526622042709134,0.05525458189235802,
seed-8675309__h-16__c-64__first_difference,8675309,16,64,,,,baseline,first_difference,validation,regime_change,51,0.5635751253470034,0.6299152689679908,
seed-8675309__h-16__c-64__first_difference,8675309,16,64,,,,baseline,first_difference,test,sine,52,0.12442719176774959,0.14135402349584877,
seed-8675309__h-16__c-64__first_difference,8675309,16,64,,,,baseline,first_difference,test,chirp,52,0.45561740430712205,0.5162579089692592,
seed-8675309__h-16__c-64__first_difference,8675309,16,64,,,,baseline,first_difference,test,ramp,52,0.03778927627271834,0.04971037742059993,
seed-8675309__h-16__c-64__first_difference,8675309,16,64,,,,baseline,first_difference,test,piecewise_linear,52,0.03808330139717873,0.04531899012433546,
seed-8675309__h-16__c-64__first_difference,8675309,16,64,,,,baseline,first_difference,test,first_order_response,52,0.04278284577075376,0.05218579236221741,
seed-8675309__h-16__c-64__first_difference,8675309,16,64,,,,baseline,first_difference,test,second_order_response,52,0.039638887607124924,0.0489419211815205,
seed-8675309__h-16__c-64__first_difference,8675309,16,64,,,,baseline,first_difference,test,regime_change,52,0.5537505683739066,0.6217651356084954,
seed-8675309__h-16__c-64__segment,8675309,16,64,0.1,segment,"dt,dy",secondary,vectorchain,validation,sine,51,0.13770069744323482,0.16820282688934982,2.3667669474334496
seed-8675309__h-16__c-64__segment,8675309,16,64,0.1,segment,"dt,dy",secondary,vectorchain,validation,chirp,51,0.3125655649084295,0.38461657205695493,2.749539748726771
seed-8675309__h-16__c-64__segment,8675309,16,64,0.1,segment,"dt,dy",secondary,vectorchain,validation,ramp,51,0.01349231177358821,0.016740709935048205,1.0837109406132297
seed-8675309__h-16__c-64__segment,8675309,16,64,0.1,segment,"dt,dy",secondary,vectorchain,validation,piecewise_linear,51,0.02869760815721264,0.04302834348545118,1.0649647049011375
seed-8675309__h-16__c-64__segment,8675309,16,64,0.1,segment,"dt,dy",secondary,vectorchain,validation,first_order_response,51,0.016352496576974795,0.02073286114088598,1.0598908502625173
seed-8675309__h-16__c-64__segment,8675309,16,64,0.1,segment,"dt,dy",secondary,vectorchain,validation,second_order_response,51,0.019676545378559465,0.02350830161130518,0.9980247435290391
seed-8675309__h-16__c-64__segment,8675309,16,64,0.1,segment,"dt,dy",secondary,vectorchain,validation,regime_change,51,0.40815569360361115,0.5006158658059701,1.4463333441247719
seed-8675309__h-16__c-64__segment,8675309,16,64,0.1,segment,"dt,dy",secondary,vectorchain,test,sine,52,0.14013200948599766,0.16325592656066754,2.730054909032069
seed-8675309__h-16__c-64__segment,8675309,16,64,0.1,segment,"dt,dy",secondary,vectorchain,test,chirp,52,0.3516455093219514,0.41328486000161424,1.6233818386433108
seed-8675309__h-16__c-64__segment,8675309,16,64,0.1,segment,"dt,dy",secondary,vectorchain,test,ramp,52,0.014339080601865015,0.01825174677840576,1.068357847690396
seed-8675309__h-16__c-64__segment,8675309,16,64,0.1,segment,"dt,dy",secondary,vectorchain,test,piecewise_linear,52,0.012356546120776503,0.0156965946074039,0.934065999020447
seed-8675309__h-16__c-64__segment,8675309,16,64,0.1,segment,"dt,dy",secondary,vectorchain,test,first_order_response,52,0.015439478066092645,0.019913648864395523,1.0602024791749036
seed-8675309__h-16__c-64__segment,8675309,16,64,0.1,segment,"dt,dy",secondary,vectorchain,test,second_order_response,52,0.02009046852979026,0.025408208267516014,1.1134836482213029
seed-8675309__h-16__c-64__segment,8675309,16,64,0.1,segment,"dt,dy",secondary,vectorchain,test,regime_change,52,0.38843388109646837,0.465772184834447,1.5102713659118774
seed-8675309__h-16__c-64__absolute_geometry,8675309,16,64,0.1,absolute_geometry,"dt,dy,theta,r",reference,vectorchain,validation,sine,51,0.05595133771815779,0.07106860566552654,1.0
seed-8675309__h-16__c-64__absolute_geometry,8675309,16,64,0.1,absolute_geometry,"dt,dy,theta,r",reference,vectorchain,validation,chirp,51,0.11605373972371129,0.13988398321393944,1.0
seed-8675309__h-16__c-64__absolute_geometry,8675309,16,64,0.1,absolute_geometry,"dt,dy,theta,r",reference,vectorchain,validation,ramp,51,0.012188251744453765,0.01544757860022645,1.0
seed-8675309__h-16__c-64__absolute_geometry,8675309,16,64,0.1,absolute_geometry,"dt,dy,theta,r",reference,vectorchain,validation,piecewise_linear,51,0.02835286414761837,0.04040353946701509,1.0
seed-8675309__h-16__c-64__absolute_geometry,8675309,16,64,0.1,absolute_geometry,"dt,dy,theta,r",reference,vectorchain,validation,first_order_response,51,0.015688586637660994,0.019561317220306976,1.0
seed-8675309__h-16__c-64__absolute_geometry,8675309,16,64,0.1,absolute_geometry,"dt,dy,theta,r",reference,vectorchain,validation,second_order_response,51,0.019301191595356863,0.0235548284386009,1.0
seed-8675309__h-16__c-64__absolute_geometry,8675309,16,64,0.1,absolute_geometry,"dt,dy,theta,r",reference,vectorchain,validation,regime_change,51,0.2698718685053929,0.346127583823984,1.0
seed-8675309__h-16__c-64__absolute_geometry,8675309,16,64,0.1,absolute_geometry,"dt,dy,theta,r",reference,vectorchain,test,sine,52,0.05258376846004576,0.059799502940601774,1.0
seed-8675309__h-16__c-64__absolute_geometry,8675309,16,64,0.1,absolute_geometry,"dt,dy,theta,r",reference,vectorchain,test,chirp,52,0.20165499148192587,0.2545826558876646,1.0
seed-8675309__h-16__c-64__absolute_geometry,8675309,16,64,0.1,absolute_geometry,"dt,dy,theta,r",reference,vectorchain,test,ramp,52,0.013409409281819619,0.017083926343465217,1.0
seed-8675309__h-16__c-64__absolute_geometry,8675309,16,64,0.1,absolute_geometry,"dt,dy,theta,r",reference,vectorchain,test,piecewise_linear,52,0.013223637331430825,0.016804588352284405,1.0
seed-8675309__h-16__c-64__absolute_geometry,8675309,16,64,0.1,absolute_geometry,"dt,dy,theta,r",reference,vectorchain,test,first_order_response,52,0.014439262307053771,0.01878287332424765,1.0
seed-8675309__h-16__c-64__absolute_geometry,8675309,16,64,0.1,absolute_geometry,"dt,dy,theta,r",reference,vectorchain,test,second_order_response,52,0.018119098544096632,0.022818663128195464,1.0
seed-8675309__h-16__c-64__absolute_geometry,8675309,16,64,0.1,absolute_geometry,"dt,dy,theta,r",reference,vectorchain,test,regime_change,52,0.2444715790440252,0.30840297667513633,1.0
seed-8675309__h-16__c-64__turning_matched,8675309,16,64,0.1,turning_matched,"dt,dy,theta,delta_theta",capacity_control,vectorchain,validation,sine,51,0.05300609255837052,0.07179986083142877,1.0102894260982658
seed-8675309__h-16__c-64__turning_matched,8675309,16,64,0.1,turning_matched,"dt,dy,theta,delta_theta",capacity_control,vectorchain,validation,chirp,51,0.11257763528205196,0.1304619464294255,0.932643919853899
seed-8675309__h-16__c-64__turning_matched,8675309,16,64,0.1,turning_matched,"dt,dy,theta,delta_theta",capacity_control,vectorchain,validation,ramp,51,0.012211371893607926,0.015458882567933343,1.000731763080767
seed-8675309__h-16__c-64__turning_matched,8675309,16,64,0.1,turning_matched,"dt,dy,theta,delta_theta",capacity_control,vectorchain,validation,piecewise_linear,51,0.02916872478551989,0.041045464181866505,1.015887833672975
seed-8675309__h-16__c-64__turning_matched,8675309,16,64,0.1,turning_matched,"dt,dy,theta,delta_theta",capacity_control,vectorchain,validation,first_order_response,51,0.01570618773390659,0.019625579807675556,1.0032851871192943
seed-8675309__h-16__c-64__turning_matched,8675309,16,64,0.1,turning_matched,"dt,dy,theta,delta_theta",capacity_control,vectorchain,validation,second_order_response,51,0.019127454387525587,0.02335719795936524,0.9916097678337666
seed-8675309__h-16__c-64__turning_matched,8675309,16,64,0.1,turning_matched,"dt,dy,theta,delta_theta",capacity_control,vectorchain,validation,regime_change,51,0.324954879656828,0.38366556830555226,1.1084512943662341
seed-8675309__h-16__c-64__turning_matched,8675309,16,64,0.1,turning_matched,"dt,dy,theta,delta_theta",capacity_control,vectorchain,test,sine,52,0.047183849567301366,0.05537008798008863,0.9259289000292722
seed-8675309__h-16__c-64__turning_matched,8675309,16,64,0.1,turning_matched,"dt,dy,theta,delta_theta",capacity_control,vectorchain,test,chirp,52,0.2308626006186209,0.26265515702475156,1.0317087631478281
seed-8675309__h-16__c-64__turning_matched,8675309,16,64,0.1,turning_matched,"dt,dy,theta,delta_theta",capacity_control,vectorchain,test,ramp,52,0.013412984705887459,0.017087145364845676,1.0001884239791101
seed-8675309__h-16__c-64__turning_matched,8675309,16,64,0.1,turning_matched,"dt,dy,theta,delta_theta",capacity_control,vectorchain,test,piecewise_linear,52,0.01346303723431299,0.017056392412741588,1.0149842444919486
seed-8675309__h-16__c-64__turning_matched,8675309,16,64,0.1,turning_matched,"dt,dy,theta,delta_theta",capacity_control,vectorchain,test,first_order_response,52,0.014463631242812499,0.018844567169024776,1.003284579718561
seed-8675309__h-16__c-64__turning_matched,8675309,16,64,0.1,turning_matched,"dt,dy,theta,delta_theta",capacity_control,vectorchain,test,second_order_response,52,0.018257950922721918,0.022994724686217258,1.0077156824233162
seed-8675309__h-16__c-64__turning_matched,8675309,16,64,0.1,turning_matched,"dt,dy,theta,delta_theta",capacity_control,vectorchain,test,regime_change,52,0.2888457110256676,0.35124190761286794,1.1389056986400525
seed-8675309__h-16__c-64__turning,8675309,16,64,0.1,turning,"dt,dy,theta,r,delta_theta",primary,vectorchain,validation,sine,51,0.05303604623520661,0.07183179245230364,1.0107387330823532
seed-8675309__h-16__c-64__turning,8675309,16,64,0.1,turning,"dt,dy,theta,r,delta_theta",primary,vectorchain,validation,chirp,51,0.11248557780439755,0.13038044533942417,0.932061286387731
seed-8675309__h-16__c-64__turning,8675309,16,64,0.1,turning,"dt,dy,theta,r,delta_theta",primary,vectorchain,validation,ramp,51,0.012201774231009092,0.015454484600026502,1.0004470603438103
seed-8675309__h-16__c-64__turning,8675309,16,64,0.1,turning,"dt,dy,theta,r,delta_theta",primary,vectorchain,validation,piecewise_linear,51,0.029150077958508103,0.04103344113449071,1.0155902595610433
seed-8675309__h-16__c-64__turning,8675309,16,64,0.1,turning,"dt,dy,theta,r,delta_theta",primary,vectorchain,validation,first_order_response,51,0.015699798417660345,0.019603780091648086,1.0021707572584646
seed-8675309__h-16__c-64__turning,8675309,16,64,0.1,turning,"dt,dy,theta,r,delta_theta",primary,vectorchain,validation,second_order_response,51,0.019180963175572784,0.02341796307358099,0.9941894985405362
seed-8675309__h-16__c-64__turning,8675309,16,64,0.1,turning,"dt,dy,theta,r,delta_theta",primary,vectorchain,validation,regime_change,51,0.32486072207941863,0.3836060825080884,1.1082794334679877
seed-8675309__h-16__c-64__turning,8675309,16,64,0.1,turning,"dt,dy,theta,r,delta_theta",primary,vectorchain,test,sine,52,0.047206396176832234,0.0553487776310755,0.9255725367157794
seed-8675309__h-16__c-64__turning,8675309,16,64,0.1,turning,"dt,dy,theta,r,delta_theta",primary,vectorchain,test,chirp,52,0.2308107483445858,0.2627326088086133,1.0320129935502949
seed-8675309__h-16__c-64__turning,8675309,16,64,0.1,turning,"dt,dy,theta,r,delta_theta",primary,vectorchain,test,ramp,52,0.013410051121499603,0.017085490447281863,1.0000915541184854
seed-8675309__h-16__c-64__turning,8675309,16,64,0.1,turning,"dt,dy,theta,r,delta_theta",primary,vectorchain,test,piecewise_linear,52,0.013391399007573326,0.016981632294857083,1.010535452512207
seed-8675309__h-16__c-64__turning,8675309,16,64,0.1,turning,"dt,dy,theta,r,delta_theta",primary,vectorchain,test,first_order_response,52,0.014455450413190447,0.018823485895505993,1.002162212913714
seed-8675309__h-16__c-64__turning,8675309,16,64,0.1,turning,"dt,dy,theta,r,delta_theta",primary,vectorchain,test,second_order_response,52,0.01821306715971252,0.02293758724263423,1.0052117038483215
seed-8675309__h-16__c-64__turning,8675309,16,64,0.1,turning,"dt,dy,theta,r,delta_theta",primary,vectorchain,test,regime_change,52,0.2886745098942224,0.35098922241601327,1.1380863641460122
seed-8675309__h-16__c-64__full_relational,8675309,16,64,0.1,full_relational,"dt,dy,theta,r,delta_theta,delta_r",secondary,vectorchain,validation,sine,51,0.05557851970598674,0.07471432954427486,1.0512986549350125
seed-8675309__h-16__c-64__full_relational,8675309,16,64,0.1,full_relational,"dt,dy,theta,r,delta_theta,delta_r",secondary,vectorchain,validation,chirp,51,0.13025573172370117,0.15717321929888994,1.1235969671989412
seed-8675309__h-16__c-64__full_relational,8675309,16,64,0.1,full_relational,"dt,dy,theta,r,delta_theta,delta_r",secondary,vectorchain,validation,ramp,51,0.01227791098407148,0.015514245768004049,1.0043157034188273
seed-8675309__h-16__c-64__full_relational,8675309,16,64,0.1,full_relational,"dt,dy,theta,r,delta_theta,delta_r",secondary,vectorchain,validation,piecewise_linear,51,0.028460301110842908,0.0408103256983386,1.0100680840512897
seed-8675309__h-16__c-64__full_relational,8675309,16,64,0.1,full_relational,"dt,dy,theta,r,delta_theta,delta_r",secondary,vectorchain,validation,first_order_response,51,0.015739418541706147,0.019689351558732523,1.0065452820473988
seed-8675309__h-16__c-64__full_relational,8675309,16,64,0.1,full_relational,"dt,dy,theta,r,delta_theta,delta_r",secondary,vectorchain,validation,second_order_response,51,0.01923615688632758,0.023423987948907238,0.9944452794451585
seed-8675309__h-16__c-64__full_relational,8675309,16,64,0.1,full_relational,"dt,dy,theta,r,delta_theta,delta_r",secondary,vectorchain,validation,regime_change,51,0.3397166380470324,0.39198572427262046,1.1324891242183017
seed-8675309__h-16__c-64__full_relational,8675309,16,64,0.1,full_relational,"dt,dy,theta,r,delta_theta,delta_r",secondary,vectorchain,test,sine,52,0.04838441047417153,0.05663970705135155,0.9471601646523916
seed-8675309__h-16__c-64__full_relational,8675309,16,64,0.1,full_relational,"dt,dy,theta,r,delta_theta,delta_r",secondary,vectorchain,test,chirp,52,0.217735082990224,0.27888107848333404,1.0954441397861416
seed-8675309__h-16__c-64__full_relational,8675309,16,64,0.1,full_relational,"dt,dy,theta,r,delta_theta,delta_r",secondary,vectorchain,test,ramp,52,0.013455601858180354,0.017142281393797056,1.003415786813794
seed-8675309__h-16__c-64__full_relational,8675309,16,64,0.1,full_relational,"dt,dy,theta,r,delta_theta,delta_r",secondary,vectorchain,test,piecewise_linear,52,0.013195440766909188,0.01677479257565469,0.9982269261224918
seed-8675309__h-16__c-64__full_relational,8675309,16,64,0.1,full_relational,"dt,dy,theta,r,delta_theta,delta_r",secondary,vectorchain,test,first_order_response,52,0.014514809348798209,0.018907371870724093,1.0066283014492634
seed-8675309__h-16__c-64__full_relational,8675309,16,64,0.1,full_relational,"dt,dy,theta,r,delta_theta,delta_r",secondary,vectorchain,test,second_order_response,52,0.018365636126492828,0.023143934162337707,1.0142546052025427
seed-8675309__h-16__c-64__full_relational,8675309,16,64,0.1,full_relational,"dt,dy,theta,r,delta_theta,delta_r",secondary,vectorchain,test,regime_change,52,0.3562980782472222,0.417824149908486,1.3547993421237665
seed-8675309__h-1__c-128__raw,8675309,1,128,,,,baseline,raw,validation,sine,51,0.012440430099280907,0.015450382239621991,
seed-8675309__h-1__c-128__raw,8675309,1,128,,,,baseline,raw,validation,chirp,51,0.02449120121664563,0.029627428421876757,
seed-8675309__h-1__c-128__raw,8675309,1,128,,,,baseline,raw,validation,ramp,51,0.011865127869943445,0.014665993457475372,
seed-8675309__h-1__c-128__raw,8675309,1,128,,,,baseline,raw,validation,piecewise_linear,51,0.01233533751806664,0.014208473828023893,
seed-8675309__h-1__c-128__raw,8675309,1,128,,,,baseline,raw,validation,first_order_response,51,0.011626235266026021,0.014104187923465213,
seed-8675309__h-1__c-128__raw,8675309,1,128,,,,baseline,raw,validation,second_order_response,51,0.012592887844370574,0.015859720840968525,
seed-8675309__h-1__c-128__raw,8675309,1,128,,,,baseline,raw,validation,regime_change,51,0.03627126429747856,0.04219495228926518,
seed-8675309__h-1__c-128__raw,8675309,1,128,,,,baseline,raw,test,sine,51,0.011484572292659603,0.014815481082486221,
seed-8675309__h-1__c-128__raw,8675309,1,128,,,,baseline,raw,test,chirp,51,0.03296932224873995,0.037568091752993,
seed-8675309__h-1__c-128__raw,8675309,1,128,,,,baseline,raw,test,ramp,51,0.011492308589656521,0.014173288295440093,
seed-8675309__h-1__c-128__raw,8675309,1,128,,,,baseline,raw,test,piecewise_linear,51,0.011669273842219658,0.014210197414693542,
seed-8675309__h-1__c-128__raw,8675309,1,128,,,,baseline,raw,test,first_order_response,51,0.01382598007498235,0.016286621506145606,
seed-8675309__h-1__c-128__raw,8675309,1,128,,,,baseline,raw,test,second_order_response,51,0.010492814357385248,0.012880692804024693,
seed-8675309__h-1__c-128__raw,8675309,1,128,,,,baseline,raw,test,regime_change,51,0.036813088450883734,0.041682508945747716,
seed-8675309__h-1__c-128__first_difference,8675309,1,128,,,,baseline,first_difference,validation,sine,51,0.018383239878532374,0.021575757171818075,
seed-8675309__h-1__c-128__first_difference,8675309,1,128,,,,baseline,first_difference,validation,chirp,51,0.029920069817134225,0.03488877835064035,
seed-8675309__h-1__c-128__first_difference,8675309,1,128,,,,baseline,first_difference,validation,ramp,51,0.011830824476305356,0.014708107322379578,
seed-8675309__h-1__c-128__first_difference,8675309,1,128,,,,baseline,first_difference,validation,piecewise_linear,51,0.012349367359012264,0.014237941207442088,
seed-8675309__h-1__c-128__first_difference,8675309,1,128,,,,baseline,first_difference,validation,first_order_response,51,0.011371927410776425,0.014190294158956982,
seed-8675309__h-1__c-128__first_difference,8675309,1,128,,,,baseline,first_difference,validation,second_order_response,51,0.011842647752952089,0.01483410646129356,
seed-8675309__h-1__c-128__first_difference,8675309,1,128,,,,baseline,first_difference,validation,regime_change,51,0.03791917273260146,0.04365675805835155,
seed-8675309__h-1__c-128__first_difference,8675309,1,128,,,,baseline,first_difference,test,sine,51,0.014131308095525314,0.01813406329596035,
seed-8675309__h-1__c-128__first_difference,8675309,1,128,,,,baseline,first_difference,test,chirp,51,0.036046978563196844,0.04042131432611465,
seed-8675309__h-1__c-128__first_difference,8675309,1,128,,,,baseline,first_difference,test,ramp,51,0.011158844340981366,0.013763934528811871,
seed-8675309__h-1__c-128__first_difference,8675309,1,128,,,,baseline,first_difference,test,piecewise_linear,51,0.01213168639376804,0.014553665534823878,
seed-8675309__h-1__c-128__first_difference,8675309,1,128,,,,baseline,first_difference,test,first_order_response,51,0.013453162369404208,0.015963647471184315,
seed-8675309__h-1__c-128__first_difference,8675309,1,128,,,,baseline,first_difference,test,second_order_response,51,0.010328255294109495,0.012979875794106996,
seed-8675309__h-1__c-128__first_difference,8675309,1,128,,,,baseline,first_difference,test,regime_change,51,0.03600659700360149,0.04075593234091536,
seed-8675309__h-1__c-128__segment,8675309,1,128,0.1,segment,"dt,dy",secondary,vectorchain,validation,sine,51,0.014050639471529465,0.01740178929261183,1.1487348899579586
seed-8675309__h-1__c-128__segment,8675309,1,128,0.1,segment,"dt,dy",secondary,vectorchain,validation,chirp,51,0.02024278534336035,0.024409171699623845,1.284415132618084
seed-8675309__h-1__c-128__segment,8675309,1,128,0.1,segment,"dt,dy",secondary,vectorchain,validation,ramp,51,0.011965075838761148,0.014788610274363758,1.0053826641129566
seed-8675309__h-1__c-128__segment,8675309,1,128,0.1,segment,"dt,dy",secondary,vectorchain,validation,piecewise_linear,51,0.012382492455856011,0.01432692853525981,1.0129828791505364
seed-8675309__h-1__c-128__segment,8675309,1,128,0.1,segment,"dt,dy",secondary,vectorchain,validation,first_order_response,51,0.01150332278571668,0.014526995151188,1.004973260586878
seed-8675309__h-1__c-128__segment,8675309,1,128,0.1,segment,"dt,dy",secondary,vectorchain,validation,second_order_response,51,0.011537517107198561,0.015178539026222399,1.014094994277331
seed-8675309__h-1__c-128__segment,8675309,1,128,0.1,segment,"dt,dy",secondary,vectorchain,validation,regime_change,51,0.027056797404870277,0.032516780027258316,1.4034904483452584
seed-8675309__h-1__c-128__segment,8675309,1,128,0.1,segment,"dt,dy",secondary,vectorchain,test,sine,51,0.011563247212821232,0.015074044881292051,1.0438541757907431
seed-8675309__h-1__c-128__segment,8675309,1,128,0.1,segment,"dt,dy",secondary,vectorchain,test,chirp,51,0.02519025049282116,0.02922282006824408,1.3855443917067303
seed-8675309__h-1__c-128__segment,8675309,1,128,0.1,segment,"dt,dy",secondary,vectorchain,test,ramp,51,0.011213229190429823,0.013832905580666521,1.0012813757508527
seed-8675309__h-1__c-128__segment,8675309,1,128,0.1,segment,"dt,dy",secondary,vectorchain,test,piecewise_linear,51,0.012090440930380586,0.01481843991287343,1.0134636177869059
seed-8675309__h-1__c-128__segment,8675309,1,128,0.1,segment,"dt,dy",secondary,vectorchain,test,first_order_response,51,0.01357249824789768,0.016136572009147157,1.0019996779963642
seed-8675309__h-1__c-128__segment,8675309,1,128,0.1,segment,"dt,dy",secondary,vectorchain,test,second_order_response,51,0.010526976849893985,0.013235329098316683,1.0067302115932448
seed-8675309__h-1__c-128__segment,8675309,1,128,0.1,segment,"dt,dy",secondary,vectorchain,test,regime_change,51,0.02830208259604264,0.032254393996514856,1.4902962200333325
seed-8675309__h-1__c-128__absolute_geometry,8675309,1,128,0.1,absolute_geometry,"dt,dy,theta,r",reference,vectorchain,validation,sine,51,0.012265270878248408,0.015148655660009336,1.0
seed-8675309__h-1__c-128__absolute_geometry,8675309,1,128,0.1,absolute_geometry,"dt,dy,theta,r",reference,vectorchain,validation,chirp,51,0.015210025950747899,0.01900411407476139,1.0
seed-8675309__h-1__c-128__absolute_geometry,8675309,1,128,0.1,absolute_geometry,"dt,dy,theta,r",reference,vectorchain,validation,ramp,51,0.01190913665427843,0.014709434330073379,1.0
seed-8675309__h-1__c-128__absolute_geometry,8675309,1,128,0.1,absolute_geometry,"dt,dy,theta,r",reference,vectorchain,validation,piecewise_linear,51,0.01229613140631542,0.014143307680850474,1.0
seed-8675309__h-1__c-128__absolute_geometry,8675309,1,128,0.1,absolute_geometry,"dt,dy,theta,r",reference,vectorchain,validation,first_order_response,51,0.011463591571899339,0.014455106141535166,1.0
seed-8675309__h-1__c-128__absolute_geometry,8675309,1,128,0.1,absolute_geometry,"dt,dy,theta,r",reference,vectorchain,validation,second_order_response,51,0.011703954947289041,0.014967571195871051,1.0
seed-8675309__h-1__c-128__absolute_geometry,8675309,1,128,0.1,absolute_geometry,"dt,dy,theta,r",reference,vectorchain,validation,regime_change,51,0.01852316281536131,0.02316850824713215,1.0
seed-8675309__h-1__c-128__absolute_geometry,8675309,1,128,0.1,absolute_geometry,"dt,dy,theta,r",reference,vectorchain,test,sine,51,0.011457487330150208,0.014440757369077076,1.0
seed-8675309__h-1__c-128__absolute_geometry,8675309,1,128,0.1,absolute_geometry,"dt,dy,theta,r",reference,vectorchain,test,chirp,51,0.017309105400246168,0.021091218905117184,1.0
seed-8675309__h-1__c-128__absolute_geometry,8675309,1,128,0.1,absolute_geometry,"dt,dy,theta,r",reference,vectorchain,test,ramp,51,0.011207135694120875,0.01381520311440262,1.0
seed-8675309__h-1__c-128__absolute_geometry,8675309,1,128,0.1,absolute_geometry,"dt,dy,theta,r",reference,vectorchain,test,piecewise_linear,51,0.012174261254464174,0.014621580541028563,1.0
seed-8675309__h-1__c-128__absolute_geometry,8675309,1,128,0.1,absolute_geometry,"dt,dy,theta,r",reference,vectorchain,test,first_order_response,51,0.013553869258856217,0.01610436845789656,1.0
seed-8675309__h-1__c-128__absolute_geometry,8675309,1,128,0.1,absolute_geometry,"dt,dy,theta,r",reference,vectorchain,test,second_order_response,51,0.010445863539021737,0.013146848029295293,1.0
seed-8675309__h-1__c-128__absolute_geometry,8675309,1,128,0.1,absolute_geometry,"dt,dy,theta,r",reference,vectorchain,test,regime_change,51,0.017586187839188073,0.02164294155949308,1.0
seed-8675309__h-1__c-128__turning_matched,8675309,1,128,0.1,turning_matched,"dt,dy,theta,delta_theta",capacity_control,vectorchain,validation,sine,51,0.012100985983814452,0.014853303578040735,0.9805030830063491
seed-8675309__h-1__c-128__turning_matched,8675309,1,128,0.1,turning_matched,"dt,dy,theta,delta_theta",capacity_control,vectorchain,validation,chirp,51,0.01720568371463269,0.020984329583193045,1.1041993065628617
seed-8675309__h-1__c-128__turning_matched,8675309,1,128,0.1,turning_matched,"dt,dy,theta,delta_theta",capacity_control,vectorchain,validation,ramp,51,0.0119214264231154,0.014719408809879243,1.0006781008420882
seed-8675309__h-1__c-128__turning_matched,8675309,1,128,0.1,turning_matched,"dt,dy,theta,delta_theta",capacity_control,vectorchain,validation,piecewise_linear,51,0.01238510657739543,0.014202826030438915,1.0042082340942795
seed-8675309__h-1__c-128__turning_matched,8675309,1,128,0.1,turning_matched,"dt,dy,theta,delta_theta",capacity_control,vectorchain,validation,first_order_response,51,0.011483180960830583,0.014422325400620247,0.9977322379653286
seed-8675309__h-1__c-128__turning_matched,8675309,1,128,0.1,turning_matched,"dt,dy,theta,delta_theta",capacity_control,vectorchain,validation,second_order_response,51,0.011924346493379163,0.015134676857269885,1.0111645142162364
seed-8675309__h-1__c-128__turning_matched,8675309,1,128,0.1,turning_matched,"dt,dy,theta,delta_theta",capacity_control,vectorchain,validation,regime_change,51,0.024782402572062816,0.030267570936883523,1.3064100033557453
seed-8675309__h-1__c-128__turning_matched,8675309,1,128,0.1,turning_matched,"dt,dy,theta,delta_theta",capacity_control,vectorchain,test,sine,51,0.011343619194172493,0.014249083218383274,0.9867268630172925
seed-8675309__h-1__c-128__turning_matched,8675309,1,128,0.1,turning_matched,"dt,dy,theta,delta_theta",capacity_control,vectorchain,test,chirp,51,0.02303393330211557,0.026861317228253016,1.2735782293614089
seed-8675309__h-1__c-128__turning_matched,8675309,1,128,0.1,turning_matched,"dt,dy,theta,delta_theta",capacity_control,vectorchain,test,ramp,51,0.011220175490636638,0.0138344826934849,1.001395533523657
seed-8675309__h-1__c-128__turning_matched,8675309,1,128,0.1,turning_matched,"dt,dy,theta,delta_theta",capacity_control,vectorchain,test,piecewise_linear,51,0.012066639675970861,0.014597062475893345,0.9983231590410887
seed-8675309__h-1__c-128__turning_matched,8675309,1,128,0.1,turning_matched,"dt,dy,theta,delta_theta",capacity_control,vectorchain,test,first_order_response,51,0.013565822085477637,0.01610718199133916,1.0001747062264477
seed-8675309__h-1__c-128__turning_matched,8675309,1,128,0.1,turning_matched,"dt,dy,theta,delta_theta",capacity_control,vectorchain,test,second_order_response,51,0.010422168472107116,0.01311231642963498,0.9973733932587213
seed-8675309__h-1__c-128__turning_matched,8675309,1,128,0.1,turning_matched,"dt,dy,theta,delta_theta",capacity_control,vectorchain,test,regime_change,51,0.025161138912424094,0.029214846576172588,1.349855632879917
seed-8675309__h-1__c-128__turning,8675309,1,128,0.1,turning,"dt,dy,theta,r,delta_theta",primary,vectorchain,validation,sine,51,0.012100799309555413,0.014853794293911406,0.9805354763672971
seed-8675309__h-1__c-128__turning,8675309,1,128,0.1,turning,"dt,dy,theta,r,delta_theta",primary,vectorchain,validation,chirp,51,0.01721352620557556,0.020992338608389973,1.1046207429510784
seed-8675309__h-1__c-128__turning,8675309,1,128,0.1,turning,"dt,dy,theta,r,delta_theta",primary,vectorchain,validation,ramp,51,0.011921405280199212,0.014719365156715241,1.0006751331437376
seed-8675309__h-1__c-128__turning,8675309,1,128,0.1,turning,"dt,dy,theta,r,delta_theta",primary,vectorchain,validation,piecewise_linear,51,0.012385121164916753,0.014202891216295482,1.0042128430484252
seed-8675309__h-1__c-128__turning,8675309,1,128,0.1,turning,"dt,dy,theta,r,delta_theta",primary,vectorchain,validation,first_order_response,51,0.011483184346928138,0.014422170285344284,0.997721507136067
seed-8675309__h-1__c-128__turning,8675309,1,128,0.1,turning,"dt,dy,theta,r,delta_theta",primary,vectorchain,validation,second_order_response,51,0.011925143391436908,0.015134763260301432,1.0111702868984183
seed-8675309__h-1__c-128__turning,8675309,1,128,0.1,turning,"dt,dy,theta,r,delta_theta",primary,vectorchain,validation,regime_change,51,0.02477678369811721,0.030264653527999258,1.3062840820468227
seed-8675309__h-1__c-128__turning,8675309,1,128,0.1,turning,"dt,dy,theta,r,delta_theta",primary,vectorchain,test,sine,51,0.011343923745789563,0.014249838583672044,0.9867791708893427
seed-8675309__h-1__c-128__turning,8675309,1,128,0.1,turning,"dt,dy,theta,r,delta_theta",primary,vectorchain,test,chirp,51,0.023028541490911828,0.026855576916840995,1.2733060634217424
seed-8675309__h-1__c-128__turning,8675309,1,128,0.1,turning,"dt,dy,theta,r,delta_theta",primary,vectorchain,test,ramp,51,0.011220216585956106,0.013834530112124172,1.0013989658756015
seed-8675309__h-1__c-128__turning,8675309,1,128,0.1,turning,"dt,dy,theta,r,delta_theta",primary,vectorchain,test,piecewise_linear,51,0.012066536927752928,0.014596923438940233,0.9983136500175791
seed-8675309__h-1__c-128__turning,8675309,1,128,0.1,turning,"dt,dy,theta,r,delta_theta",primary,vectorchain,test,first_order_response,51,0.013565830211208503,0.016107158054785475,1.0001732198872753
seed-8675309__h-1__c-128__turning,8675309,1,128,0.1,turning,"dt,dy,theta,r,delta_theta",primary,vectorchain,test,second_order_response,51,0.010422044210618082,0.01311216036048104,0.99736152203654
seed-8675309__h-1__c-128__turning,8675309,1,128,0.1,turning,"dt,dy,theta,r,delta_theta",primary,vectorchain,test,regime_change,51,0.02516595928835637,0.029214022626168713,1.3498175627311986
seed-8675309__h-1__c-128__full_relational,8675309,1,128,0.1,full_relational,"dt,dy,theta,r,delta_theta,delta_r",secondary,vectorchain,validation,sine,51,0.012136806294957645,0.015115263979976278,0.9977957331143774
seed-8675309__h-1__c-128__full_relational,8675309,1,128,0.1,full_relational,"dt,dy,theta,r,delta_theta,delta_r",secondary,vectorchain,validation,chirp,51,0.017852529212990225,0.022090275088983573,1.162394363772042
seed-8675309__h-1__c-128__full_relational,8675309,1,128,0.1,full_relational,"dt,dy,theta,r,delta_theta,delta_r",secondary,vectorchain,validation,ramp,51,0.011913882466692852,0.014708526721432155,0.9999382975156721
seed-8675309__h-1__c-128__full_relational,8675309,1,128,0.1,full_relational,"dt,dy,theta,r,delta_theta,delta_r",secondary,vectorchain,validation,piecewise_linear,51,0.012371350597574207,0.014206580870840257,1.0044737194026723
seed-8675309__h-1__c-128__full_relational,8675309,1,128,0.1,full_relational,"dt,dy,theta,r,delta_theta,delta_r",secondary,vectorchain,validation,first_order_response,51,0.01147969719203374,0.014397604967679683,0.9960220856704566
seed-8675309__h-1__c-128__full_relational,8675309,1,128,0.1,full_relational,"dt,dy,theta,r,delta_theta,delta_r",secondary,vectorchain,validation,second_order_response,51,0.011753964298454576,0.015090729955358808,1.0082283730523849
seed-8675309__h-1__c-128__full_relational,8675309,1,128,0.1,full_relational,"dt,dy,theta,r,delta_theta,delta_r",secondary,vectorchain,validation,regime_change,51,0.02401484695275226,0.02941829643244286,1.2697535861457254
seed-8675309__h-1__c-128__full_relational,8675309,1,128,0.1,full_relational,"dt,dy,theta,r,delta_theta,delta_r",secondary,vectorchain,test,sine,51,0.011212558254784868,0.014253742727989946,0.9870495268144593
seed-8675309__h-1__c-128__full_relational,8675309,1,128,0.1,full_relational,"dt,dy,theta,r,delta_theta,delta_r",secondary,vectorchain,test,chirp,51,0.022511397651641892,0.026516196915224374,1.2572150066106882
seed-8675309__h-1__c-128__full_relational,8675309,1,128,0.1,full_relational,"dt,dy,theta,r,delta_theta,delta_r",secondary,vectorchain,test,ramp,51,0.01122554421186339,0.013840469294266912,1.0018288677810283
seed-8675309__h-1__c-128__full_relational,8675309,1,128,0.1,full_relational,"dt,dy,theta,r,delta_theta,delta_r",secondary,vectorchain,test,piecewise_linear,51,0.01205271601104485,0.014554809604432494,0.9954333981604309
seed-8675309__h-1__c-128__full_relational,8675309,1,128,0.1,full_relational,"dt,dy,theta,r,delta_theta,delta_r",secondary,vectorchain,test,first_order_response,51,0.013564980114432823,0.016101531655546057,0.9998238488918135
seed-8675309__h-1__c-128__full_relational,8675309,1,128,0.1,full_relational,"dt,dy,theta,r,delta_theta,delta_r",secondary,vectorchain,test,second_order_response,51,0.010400728836830828,0.013086018288326706,0.9953730551358745
seed-8675309__h-1__c-128__full_relational,8675309,1,128,0.1,full_relational,"dt,dy,theta,r,delta_theta,delta_r",secondary,vectorchain,test,regime_change,51,0.024831411083128096,0.028870922906999674,1.3339648322589606
seed-8675309__h-4__c-128__raw,8675309,4,128,,,,baseline,raw,validation,sine,51,0.018201098707715246,0.022854723433197884,
seed-8675309__h-4__c-128__raw,8675309,4,128,,,,baseline,raw,validation,chirp,51,0.09413017122520376,0.10746581430660779,
seed-8675309__h-4__c-128__raw,8675309,4,128,,,,baseline,raw,validation,ramp,51,0.01205613737517157,0.014386984720663002,
seed-8675309__h-4__c-128__raw,8675309,4,128,,,,baseline,raw,validation,piecewise_linear,51,0.012149737516934215,0.015799274281502,
seed-8675309__h-4__c-128__raw,8675309,4,128,,,,baseline,raw,validation,first_order_response,51,0.017802762654045286,0.021032417911766604,
seed-8675309__h-4__c-128__raw,8675309,4,128,,,,baseline,raw,validation,second_order_response,51,0.021320506579754844,0.02463322529996378,
seed-8675309__h-4__c-128__raw,8675309,4,128,,,,baseline,raw,validation,regime_change,51,0.14015352581531518,0.15810307373736351,
seed-8675309__h-4__c-128__raw,8675309,4,128,,,,baseline,raw,test,sine,52,0.023411256154852192,0.027555539999561604,
seed-8675309__h-4__c-128__raw,8675309,4,128,,,,baseline,raw,test,chirp,52,0.11452728497484517,0.1302441287639012,
seed-8675309__h-4__c-128__raw,8675309,4,128,,,,baseline,raw,test,ramp,52,0.014555686655284939,0.018233904485138275,
seed-8675309__h-4__c-128__raw,8675309,4,128,,,,baseline,raw,test,piecewise_linear,52,0.012525273953841409,0.015302811169662875,
seed-8675309__h-4__c-128__raw,8675309,4,128,,,,baseline,raw,test,first_order_response,52,0.017092260295410788,0.02179232476052926,
seed-8675309__h-4__c-128__raw,8675309,4,128,,,,baseline,raw,test,second_order_response,52,0.017073186058259922,0.020537895320571257,
seed-8675309__h-4__c-128__raw,8675309,4,128,,,,baseline,raw,test,regime_change,52,0.13509357410679743,0.15314792486458023,
seed-8675309__h-4__c-128__first_difference,8675309,4,128,,,,baseline,first_difference,validation,sine,51,0.043780780224324405,0.050350060046472946,
seed-8675309__h-4__c-128__first_difference,8675309,4,128,,,,baseline,first_difference,validation,chirp,51,0.08443741670718777,0.09687916904363779,
seed-8675309__h-4__c-128__first_difference,8675309,4,128,,,,baseline,first_difference,validation,ramp,51,0.019204226971189082,0.023913849606715845,
seed-8675309__h-4__c-128__first_difference,8675309,4,128,,,,baseline,first_difference,validation,piecewise_linear,51,0.019535607301682793,0.024842864145006197,
seed-8675309__h-4__c-128__first_difference,8675309,4,128,,,,baseline,first_difference,validation,first_order_response,51,0.022801633280196836,0.02800525419207467,
seed-8675309__h-4__c-128__first_difference,8675309,4,128,,,,baseline,first_difference,validation,second_order_response,51,0.020617807040297437,0.026022104214156336,
seed-8675309__h-4__c-128__first_difference,8675309,4,128,,,,baseline,first_difference,validation,regime_change,51,0.10934585529181624,0.12489884006098792,
seed-8675309__h-4__c-128__first_difference,8675309,4,128,,,,baseline,first_difference,test,sine,52,0.04016190223911251,0.04826072355503982,
seed-8675309__h-4__c-128__first_difference,8675309,4,128,,,,baseline,first_difference,test,chirp,52,0.09316679323135463,0.10708767181283005,
seed-8675309__h-4__c-128__first_difference,8675309,4,128,,,,baseline,first_difference,test,ramp,52,0.020330763633692187,0.025854535741566036,
seed-8675309__h-4__c-128__first_difference,8675309,4,128,,,,baseline,first_difference,test,piecewise_linear,52,0.018648687239882368,0.022465682565423892,
seed-8675309__h-4__c-128__first_difference,8675309,4,128,,,,baseline,first_difference,test,first_order_response,52,0.02155749038655353,0.028073883084733565,
seed-8675309__h-4__c-128__first_difference,8675309,4,128,,,,baseline,first_difference,test,second_order_response,52,0.019929722802090065,0.024410815913583128,
seed-8675309__h-4__c-128__first_difference,8675309,4,128,,,,baseline,first_difference,test,regime_change,52,0.10352620588992702,0.11745202569625392,
seed-8675309__h-4__c-128__segment,8675309,4,128,0.1,segment,"dt,dy",secondary,vectorchain,validation,sine,51,0.035764579570169965,0.04131274740525427,1.354314597882124
seed-8675309__h-4__c-128__segment,8675309,4,128,0.1,segment,"dt,dy",secondary,vectorchain,validation,chirp,51,0.0602706731314439,0.07013301409212952,2.1434976476941072
seed-8675309__h-4__c-128__segment,8675309,4,128,0.1,segment,"dt,dy",secondary,vectorchain,validation,ramp,51,0.01231818204929347,0.014482371829542201,1.0177012939543517
seed-8675309__h-4__c-128__segment,8675309,4,128,0.1,segment,"dt,dy",secondary,vectorchain,validation,piecewise_linear,51,0.01703666351996657,0.01978783501324117,1.2562506691940902
seed-8675309__h-4__c-128__segment,8675309,4,128,0.1,segment,"dt,dy",secondary,vectorchain,validation,first_order_response,51,0.014308427880554163,0.017774812127027764,1.010177023432491
seed-8675309__h-4__c-128__segment,8675309,4,128,0.1,segment,"dt,dy",secondary,vectorchain,validation,second_order_response,51,0.013125527734902071,0.016935492264657254,0.9479914461975384
seed-8675309__h-4__c-128__segment,8675309,4,128,0.1,segment,"dt,dy",secondary,vectorchain,validation,regime_change,51,0.09673369667408756,0.11025857617317292,1.7871654664410046
seed-8675309__h-4__c-128__segment,8675309,4,128,0.1,segment,"dt,dy",secondary,vectorchain,test,sine,52,0.02861566404028632,0.03363246334759206,1.7710957696779253
seed-8675309__h-4__c-128__segment,8675309,4,128,0.1,segment,"dt,dy",secondary,vectorchain,test,chirp,52,0.07611316928987326,0.08860304279080324,1.6785562284448285
seed-8675309__h-4__c-128__segment,8675309,4,128,0.1,segment,"dt,dy",secondary,vectorchain,test,ramp,52,0.012551040505310798,0.01562950424446191,1.0140385524867994
seed-8675309__h-4__c-128__segment,8675309,4,128,0.1,segment,"dt,dy",secondary,vectorchain,test,piecewise_linear,52,0.011979621317413557,0.014935687969673117,1.0590087593091575
seed-8675309__h-4__c-128__segment,8675309,4,128,0.1,segment,"dt,dy",secondary,vectorchain,test,first_order_response,52,0.01411909263762633,0.01812603532456299,1.0081672703774243
seed-8675309__h-4__c-128__segment,8675309,4,128,0.1,segment,"dt,dy",secondary,vectorchain,test,second_order_response,52,0.013669888864307343,0.016763365066051163,1.05144442144094
seed-8675309__h-4__c-128__segment,8675309,4,128,0.1,segment,"dt,dy",secondary,vectorchain,test,regime_change,52,0.09672236564053442,0.11074510613888114,1.8438123526681789
seed-8675309__h-4__c-128__absolute_geometry,8675309,4,128,0.1,absolute_geometry,"dt,dy,theta,r",reference,vectorchain,validation,sine,51,0.018647456448745693,0.030504542644566566,1.0
seed-8675309__h-4__c-128__absolute_geometry,8675309,4,128,0.1,absolute_geometry,"dt,dy,theta,r",reference,vectorchain,validation,chirp,51,0.026624026800320798,0.032718960138620135,1.0
seed-8675309__h-4__c-128__absolute_geometry,8675309,4,128,0.1,absolute_geometry,"dt,dy,theta,r",reference,vectorchain,validation,ramp,51,0.011978069635768881,0.014230474025703458,1.0
seed-8675309__h-4__c-128__absolute_geometry,8675309,4,128,0.1,absolute_geometry,"dt,dy,theta,r",reference,vectorchain,validation,piecewise_linear,51,0.01283154149401532,0.01575150206760523,1.0
seed-8675309__h-4__c-128__absolute_geometry,8675309,4,128,0.1,absolute_geometry,"dt,dy,theta,r",reference,vectorchain,validation,first_order_response,51,0.014191789594283516,0.017595739870058167,1.0
seed-8675309__h-4__c-128__absolute_geometry,8675309,4,128,0.1,absolute_geometry,"dt,dy,theta,r",reference,vectorchain,validation,second_order_response,51,0.014056904176996454,0.0178646045094465,1.0
seed-8675309__h-4__c-128__absolute_geometry,8675309,4,128,0.1,absolute_geometry,"dt,dy,theta,r",reference,vectorchain,validation,regime_change,51,0.05046715824260448,0.06169466579540838,1.0
seed-8675309__h-4__c-128__absolute_geometry,8675309,4,128,0.1,absolute_geometry,"dt,dy,theta,r",reference,vectorchain,test,sine,52,0.01599879519186838,0.018989635638793346,1.0
seed-8675309__h-4__c-128__absolute_geometry,8675309,4,128,0.1,absolute_geometry,"dt,dy,theta,r",reference,vectorchain,test,chirp,52,0.045054276896695715,0.05278526944128251,1.0
seed-8675309__h-4__c-128__absolute_geometry,8675309,4,128,0.1,absolute_geometry,"dt,dy,theta,r",reference,vectorchain,test,ramp,52,0.0124362482631498,0.015413126262440966,1.0
seed-8675309__h-4__c-128__absolute_geometry,8675309,4,128,0.1,absolute_geometry,"dt,dy,theta,r",reference,vectorchain,test,piecewise_linear,52,0.011821391644902304,0.014103460276774657,1.0
seed-8675309__h-4__c-128__absolute_geometry,8675309,4,128,0.1,absolute_geometry,"dt,dy,theta,r",reference,vectorchain,test,first_order_response,52,0.013977884374667618,0.017979194382869823,1.0
seed-8675309__h-4__c-128__absolute_geometry,8675309,4,128,0.1,absolute_geometry,"dt,dy,theta,r",reference,vectorchain,test,second_order_response,52,0.012906730689671294,0.01594317752247713,1.0
seed-8675309__h-4__c-128__absolute_geometry,8675309,4,128,0.1,absolute_geometry,"dt,dy,theta,r",reference,vectorchain,test,regime_change,52,0.04793821255721526,0.06006311107452014,1.0
seed-8675309__h-4__c-128__turning_matched,8675309,4,128,0.1,turning_matched,"dt,dy,theta,delta_theta",capacity_control,vectorchain,validation,sine,51,0.01786030879346105,0.02847291483360772,0.9333991715715588
seed-8675309__h-4__c-128__turning_matched,8675309,4,128,0.1,turning_matched,"dt,dy,theta,delta_theta",capacity_control,vectorchain,validation,chirp,51,0.036790737081658156,0.04305107506673412,1.315783719419566
seed-8675309__h-4__c-128__turning_matched,8675309,4,128,0.1,turning_matched,"dt,dy,theta,delta_theta",capacity_control,vectorchain,validation,ramp,51,0.012017393070692257,0.014282731910748296,1.0036722518835597
seed-8675309__h-4__c-128__turning_matched,8675309,4,128,0.1,turning_matched,"dt,dy,theta,delta_theta",capacity_control,vectorchain,validation,piecewise_linear,51,0.01357158039151285,0.01614784918831514,1.0251624968214963
seed-8675309__h-4__c-128__turning_matched,8675309,4,128,0.1,turning_matched,"dt,dy,theta,delta_theta",capacity_control,vectorchain,validation,first_order_response,51,0.014302963751799194,0.017627255194705208,1.0017910769811202
seed-8675309__h-4__c-128__turning_matched,8675309,4,128,0.1,turning_matched,"dt,dy,theta,delta_theta",capacity_control,vectorchain,validation,second_order_response,51,0.014387387512208489,0.018255764015224385,1.0218957831152122
seed-8675309__h-4__c-128__turning_matched,8675309,4,128,0.1,turning_matched,"dt,dy,theta,delta_theta",capacity_control,vectorchain,validation,regime_change,51,0.06446520186311905,0.0732569920782519,1.1874120903934622
seed-8675309__h-4__c-128__turning_matched,8675309,4,128,0.1,turning_matched,"dt,dy,theta,delta_theta",capacity_control,vectorchain,test,sine,52,0.01487966394068869,0.01805182806969162,0.9506147676058666
seed-8675309__h-4__c-128__turning_matched,8675309,4,128,0.1,turning_matched,"dt,dy,theta,delta_theta",capacity_control,vectorchain,test,chirp,52,0.05827252726597335,0.06885714576470535,1.3044765422918023
seed-8675309__h-4__c-128__turning_matched,8675309,4,128,0.1,turning_matched,"dt,dy,theta,delta_theta",capacity_control,vectorchain,test,ramp,52,0.012464802441512391,0.015449302294886998,1.0023470924606765
seed-8675309__h-4__c-128__turning_matched,8675309,4,128,0.1,turning_matched,"dt,dy,theta,delta_theta",capacity_control,vectorchain,test,piecewise_linear,52,0.011548547160234842,0.014115131800860213,1.0008275645732683
seed-8675309__h-4__c-128__turning_matched,8675309,4,128,0.1,turning_matched,"dt,dy,theta,delta_theta",capacity_control,vectorchain,test,first_order_response,52,0.014085303973334694,0.018016148519304116,1.0020553833307182
seed-8675309__h-4__c-128__turning_matched,8675309,4,128,0.1,turning_matched,"dt,dy,theta,delta_theta",capacity_control,vectorchain,test,second_order_response,52,0.012968115131020194,0.015959907150262114,1.0010493283262636
seed-8675309__h-4__c-128__turning_matched,8675309,4,128,0.1,turning_matched,"dt,dy,theta,delta_theta",capacity_control,vectorchain,test,regime_change,52,0.06677739304052169,0.0763670372801774,1.2714465820032035
seed-8675309__h-4__c-128__turning,8675309,4,128,0.1,turning,"dt,dy,theta,r,delta_theta",primary,vectorchain,validation,sine,51,0.017859209072435975,0.028471214352714318,0.933343426402283
seed-8675309__h-4__c-128__turning,8675309,4,128,0.1,turning,"dt,dy,theta,r,delta_theta",primary,vectorchain,validation,chirp,51,0.036786396750418275,0.0430464107189194,1.315641161471668
seed-8675309__h-4__c-128__turning,8675309,4,128,0.1,turning,"dt,dy,theta,r,delta_theta",primary,vectorchain,validation,ramp,51,0.012017373960356431,0.014282781193561392,1.0036757150719966
seed-8675309__h-4__c-128__turning,8675309,4,128,0.1,turning,"dt,dy,theta,r,delta_theta",primary,vectorchain,validation,piecewise_linear,51,0.013570914694784697,0.01614729012829726,1.0251270043322416
seed-8675309__h-4__c-128__turning,8675309,4,128,0.1,turning,"dt,dy,theta,r,delta_theta",primary,vectorchain,validation,first_order_response,51,0.01430307434733147,0.01762725499154976,1.0017910654354025
seed-8675309__h-4__c-128__turning,8675309,4,128,0.1,turning,"dt,dy,theta,r,delta_theta",primary,vectorchain,validation,second_order_response,51,0.014388474184375211,0.018257164503115673,1.0219741776797573
seed-8675309__h-4__c-128__turning,8675309,4,128,0.1,turning,"dt,dy,theta,r,delta_theta",primary,vectorchain,validation,regime_change,51,0.06444506506663882,0.07323113199409584,1.1869929279938827
seed-8675309__h-4__c-128__turning,8675309,4,128,0.1,turning,"dt,dy,theta,r,delta_theta",primary,vectorchain,test,sine,52,0.014880311022289375,0.018052638298896067,0.9506574345226975
seed-8675309__h-4__c-128__turning,8675309,4,128,0.1,turning,"dt,dy,theta,r,delta_theta",primary,vectorchain,test,chirp,52,0.0582531539133161,0.06883135320763402,1.3039879105704084
seed-8675309__h-4__c-128__turning,8675309,4,128,0.1,turning,"dt,dy,theta,r,delta_theta",primary,vectorchain,test,ramp,52,0.012464855407482569,0.015449334126678146,1.0023491576997856
seed-8675309__h-4__c-128__turning,8675309,4,128,0.1,turning,"dt,dy,theta,r,delta_theta",primary,vectorchain,test,piecewise_linear,52,0.011548580793318898,0.014115167024700866,1.000830062105077
seed-8675309__h-4__c-128__turning,8675309,4,128,0.1,turning,"dt,dy,theta,r,delta_theta",primary,vectorchain,test,first_order_response,52,0.014085398598406117,0.018016163260371785,1.0020562032266132
seed-8675309__h-4__c-128__turning,8675309,4,128,0.1,turning,"dt,dy,theta,r,delta_theta",primary,vectorchain,test,second_order_response,52,0.012968013645367895,0.01595975951745913,1.0010400683902956
seed-8675309__h-4__c-128__turning,8675309,4,128,0.1,turning,"dt,dy,theta,r,delta_theta",primary,vectorchain,test,regime_change,52,0.06676174851066753,0.07634221448682016,1.2710333034881023
seed-8675309__h-4__c-128__full_relational,8675309,4,128,0.1,full_relational,"dt,dy,theta,r,delta_theta,delta_r",secondary,vectorchain,validation,sine,51,0.017938151401297252,0.02859985824171197,0.9375606307215408
seed-8675309__h-4__c-128__full_relational,8675309,4,128,0.1,full_relational,"dt,dy,theta,r,delta_theta,delta_r",secondary,vectorchain,validation,chirp,51,0.039658922142502696,0.046862464460604686,1.4322724274262657
seed-8675309__h-4__c-128__full_relational,8675309,4,128,0.1,full_relational,"dt,dy,theta,r,delta_theta,delta_r",secondary,vectorchain,validation,ramp,51,0.012006230549864879,0.014291198190077771,1.0042671919617456
seed-8675309__h-4__c-128__full_relational,8675309,4,128,0.1,full_relational,"dt,dy,theta,r,delta_theta,delta_r",secondary,vectorchain,validation,piecewise_linear,51,0.013324870717057544,0.015973132570522432,1.0140704360743482
seed-8675309__h-4__c-128__full_relational,8675309,4,128,0.1,full_relational,"dt,dy,theta,r,delta_theta,delta_r",secondary,vectorchain,validation,first_order_response,51,0.014321179476464784,0.017623257604457376,1.001563886179406
seed-8675309__h-4__c-128__full_relational,8675309,4,128,0.1,full_relational,"dt,dy,theta,r,delta_theta,delta_r",secondary,vectorchain,validation,second_order_response,51,0.014454882006123333,0.01835549563801765,1.0274784212721626
seed-8675309__h-4__c-128__full_relational,8675309,4,128,0.1,full_relational,"dt,dy,theta,r,delta_theta,delta_r",secondary,vectorchain,validation,regime_change,51,0.06498589931979616,0.0740152538827871,1.199702647360733
seed-8675309__h-4__c-128__full_relational,8675309,4,128,0.1,full_relational,"dt,dy,theta,r,delta_theta,delta_r",secondary,vectorchain,test,sine,52,0.015132570812510947,0.01800478104670966,0.9481372570376361
seed-8675309__h-4__c-128__full_relational,8675309,4,128,0.1,full_relational,"dt,dy,theta,r,delta_theta,delta_r",secondary,vectorchain,test,chirp,52,0.05874118747787454,0.0693704124904791,1.3142002157940225
seed-8675309__h-4__c-128__full_relational,8675309,4,128,0.1,full_relational,"dt,dy,theta,r,delta_theta,delta_r",secondary,vectorchain,test,ramp,52,0.012475908679709938,0.015454777467997238,1.002702320401914
seed-8675309__h-4__c-128__full_relational,8675309,4,128,0.1,full_relational,"dt,dy,theta,r,delta_theta,delta_r",secondary,vectorchain,test,piecewise_linear,52,0.01160170154248617,0.014157580007839166,1.0038373370791587
seed-8675309__h-4__c-128__full_relational,8675309,4,128,0.1,full_relational,"dt,dy,theta,r,delta_theta,delta_r",secondary,vectorchain,test,first_order_response,52,0.01409992650979037,0.018015683654342945,1.002029527613756
seed-8675309__h-4__c-128__full_relational,8675309,4,128,0.1,full_relational,"dt,dy,theta,r,delta_theta,delta_r",secondary,vectorchain,test,second_order_response,52,0.012929206029391144,0.015913588654019692,0.9981441046857991
seed-8675309__h-4__c-128__full_relational,8675309,4,128,0.1,full_relational,"dt,dy,theta,r,delta_theta,delta_r",secondary,vectorchain,test,regime_change,52,0.06845587523068813,0.0779480381182827,1.2977689087994921
seed-8675309__h-16__c-128__raw,8675309,16,128,,,,baseline,raw,validation,sine,51,0.06860131747708444,0.07677139004947652,
seed-8675309__h-16__c-128__raw,8675309,16,128,,,,baseline,raw,validation,chirp,51,0.38326768726659965,0.4358555162709541,
seed-8675309__h-16__c-128__raw,8675309,16,128,,,,baseline,raw,validation,ramp,51,0.013021822673510238,0.017336290048198127,
seed-8675309__h-16__c-128__raw,8675309,16,128,,,,baseline,raw,validation,piecewise_linear,51,0.03079045011450605,0.04168314194559633,
seed-8675309__h-16__c-128__raw,8675309,16,128,,,,baseline,raw,validation,first_order_response,51,0.04719137393452646,0.050629154487652935,
seed-8675309__h-16__c-128__raw,8675309,16,128,,,,baseline,raw,validation,second_order_response,51,0.07942262864314358,0.08203066506402225,
seed-8675309__h-16__c-128__raw,8675309,16,128,,,,baseline,raw,validation,regime_change,51,0.568685233176969,0.6473376947904723,
seed-8675309__h-16__c-128__raw,8675309,16,128,,,,baseline,raw,test,sine,52,0.09919564208690772,0.10848422425570405,
seed-8675309__h-16__c-128__raw,8675309,16,128,,,,baseline,raw,test,chirp,52,0.469135144863194,0.5333305204254594,
seed-8675309__h-16__c-128__raw,8675309,16,128,,,,baseline,raw,test,ramp,52,0.037154981846915236,0.041665711645947116,
seed-8675309__h-16__c-128__raw,8675309,16,128,,,,baseline,raw,test,piecewise_linear,52,0.02293026846035067,0.027471602655263862,
seed-8675309__h-16__c-128__raw,8675309,16,128,,,,baseline,raw,test,first_order_response,52,0.0492500712558241,0.051839638820628316,
seed-8675309__h-16__c-128__raw,8675309,16,128,,,,baseline,raw,test,second_order_response,52,0.05805863480110725,0.06075007914670241,
seed-8675309__h-16__c-128__raw,8675309,16,128,,,,baseline,raw,test,regime_change,52,0.5225312494066039,0.5935219314456479,
seed-8675309__h-16__c-128__first_difference,8675309,16,128,,,,baseline,first_difference,validation,sine,51,0.15566758568444958,0.17731665321124426,
seed-8675309__h-16__c-128__first_difference,8675309,16,128,,,,baseline,first_difference,validation,chirp,51,0.30937492355352114,0.3502730304269445,
seed-8675309__h-16__c-128__first_difference,8675309,16,128,,,,baseline,first_difference,validation,ramp,51,0.057156093870806744,0.0716498580126458,
seed-8675309__h-16__c-128__first_difference,8675309,16,128,,,,baseline,first_difference,validation,piecewise_linear,51,0.06539250978085095,0.08465639644890346,
seed-8675309__h-16__c-128__first_difference,8675309,16,128,,,,baseline,first_difference,validation,first_order_response,51,0.06301426678755433,0.0813552050456926,
seed-8675309__h-16__c-128__first_difference,8675309,16,128,,,,baseline,first_difference,validation,second_order_response,51,0.06336615290137974,0.07721766185511277,
seed-8675309__h-16__c-128__first_difference,8675309,16,128,,,,baseline,first_difference,validation,regime_change,51,0.42575488310822956,0.49286440305975754,
seed-8675309__h-16__c-128__first_difference,8675309,16,128,,,,baseline,first_difference,test,sine,52,0.1607159515333869,0.18161368635231873,
seed-8675309__h-16__c-128__first_difference,8675309,16,128,,,,baseline,first_difference,test,chirp,52,0.3467755961655277,0.39838004390881754,
seed-8675309__h-16__c-128__first_difference,8675309,16,128,,,,baseline,first_difference,test,ramp,52,0.05824253453512567,0.07592827702779269,
seed-8675309__h-16__c-128__first_difference,8675309,16,128,,,,baseline,first_difference,test,piecewise_linear,52,0.060068799285025516,0.07047720684435455,
seed-8675309__h-16__c-128__first_difference,8675309,16,128,,,,baseline,first_difference,test,first_order_response,52,0.06293783987404356,0.07701553198961526,
seed-8675309__h-16__c-128__first_difference,8675309,16,128,,,,baseline,first_difference,test,second_order_response,52,0.05664552551405249,0.07075633160586929,
seed-8675309__h-16__c-128__first_difference,8675309,16,128,,,,baseline,first_difference,test,regime_change,52,0.3841579234632144,0.44201828478025706,
seed-8675309__h-16__c-128__segment,8675309,16,128,0.1,segment,"dt,dy",secondary,vectorchain,validation,sine,51,0.13570796645553093,0.15282230096922103,1.6644734523948344
seed-8675309__h-16__c-128__segment,8675309,16,128,0.1,segment,"dt,dy",secondary,vectorchain,validation,chirp,51,0.2357811871206652,0.2709616242915939,1.5440432085265277
seed-8675309__h-16__c-128__segment,8675309,16,128,0.1,segment,"dt,dy",secondary,vectorchain,validation,ramp,51,0.01302599763123111,0.016388412839605293,1.1032582760763319
seed-8675309__h-16__c-128__segment,8675309,16,128,0.1,segment,"dt,dy",secondary,vectorchain,validation,piecewise_linear,51,0.049617980166064814,0.06135231234721172,1.4681257301304012
seed-8675309__h-16__c-128__segment,8675309,16,128,0.1,segment,"dt,dy",secondary,vectorchain,validation,first_order_response,51,0.015362138719351357,0.019118984458468696,1.0445523713842164
seed-8675309__h-16__c-128__segment,8675309,16,128,0.1,segment,"dt,dy",secondary,vectorchain,validation,second_order_response,51,0.03588355087185623,0.04264683907357253,1.056406162089078
seed-8675309__h-16__c-128__segment,8675309,16,128,0.1,segment,"dt,dy",secondary,vectorchain,validation,regime_change,51,0.3883731169786278,0.4461590516051091,1.1433806769146568
seed-8675309__h-16__c-128__segment,8675309,16,128,0.1,segment,"dt,dy",secondary,vectorchain,test,sine,52,0.1016448834398201,0.11053593178979099,2.4387738093319293
seed-8675309__h-16__c-128__segment,8675309,16,128,0.1,segment,"dt,dy",secondary,vectorchain,test,chirp,52,0.31231694500809826,0.3558545538270123,1.0200555491630316
seed-8675309__h-16__c-128__segment,8675309,16,128,0.1,segment,"dt,dy",secondary,vectorchain,test,ramp,52,0.013655332342253964,0.01730026296834584,1.078830327205417
seed-8675309__h-16__c-128__segment,8675309,16,128,0.1,segment,"dt,dy",secondary,vectorchain,test,piecewise_linear,52,0.012939141906514304,0.015742489276825207,0.9502229070978816
seed-8675309__h-16__c-128__segment,8675309,16,128,0.1,segment,"dt,dy",secondary,vectorchain,test,first_order_response,52,0.013285101942768248,0.01782782402263746,1.0371684494339886
seed-8675309__h-16__c-128__segment,8675309,16,128,0.1,segment,"dt,dy",secondary,vectorchain,test,second_order_response,52,0.025118896015358643,0.030575691022794064,1.2036285655546053
seed-8675309__h-16__c-128__segment,8675309,16,128,0.1,segment,"dt,dy",secondary,vectorchain,test,regime_change,52,0.4127142781530763,0.4602451622950265,1.1972781854980825
seed-8675309__h-16__c-128__absolute_geometry,8675309,16,128,0.1,absolute_geometry,"dt,dy,theta,r",reference,vectorchain,validation,sine,51,0.046225253903272034,0.09181420151180016,1.0
seed-8675309__h-16__c-128__absolute_geometry,8675309,16,128,0.1,absolute_geometry,"dt,dy,theta,r",reference,vectorchain,validation,chirp,51,0.14368209527366546,0.17548836897522524,1.0
seed-8675309__h-16__c-128__absolute_geometry,8675309,16,128,0.1,absolute_geometry,"dt,dy,theta,r",reference,vectorchain,validation,ramp,51,0.011393870031101093,0.014854556902024469,1.0
seed-8675309__h-16__c-128__absolute_geometry,8675309,16,128,0.1,absolute_geometry,"dt,dy,theta,r",reference,vectorchain,validation,piecewise_linear,51,0.032283719610928206,0.0417895491428805,1.0
seed-8675309__h-16__c-128__absolute_geometry,8675309,16,128,0.1,absolute_geometry,"dt,dy,theta,r",reference,vectorchain,validation,first_order_response,51,0.014996654596953159,0.018303519270300123,1.0
seed-8675309__h-16__c-128__absolute_geometry,8675309,16,128,0.1,absolute_geometry,"dt,dy,theta,r",reference,vectorchain,validation,second_order_response,51,0.032635072050592136,0.040369737137122524,1.0
seed-8675309__h-16__c-128__absolute_geometry,8675309,16,128,0.1,absolute_geometry,"dt,dy,theta,r",reference,vectorchain,validation,regime_change,51,0.318645785102182,0.3902104177665851,1.0
seed-8675309__h-16__c-128__absolute_geometry,8675309,16,128,0.1,absolute_geometry,"dt,dy,theta,r",reference,vectorchain,test,sine,52,0.03965438398326995,0.045324388578730425,1.0
seed-8675309__h-16__c-128__absolute_geometry,8675309,16,128,0.1,absolute_geometry,"dt,dy,theta,r",reference,vectorchain,test,chirp,52,0.2908308339136583,0.3488580147610544,1.0
seed-8675309__h-16__c-128__absolute_geometry,8675309,16,128,0.1,absolute_geometry,"dt,dy,theta,r",reference,vectorchain,test,ramp,52,0.012677373531720028,0.01603612962305216,1.0
seed-8675309__h-16__c-128__absolute_geometry,8675309,16,128,0.1,absolute_geometry,"dt,dy,theta,r",reference,vectorchain,test,piecewise_linear,52,0.013291001525625686,0.016567154042734088,1.0
seed-8675309__h-16__c-128__absolute_geometry,8675309,16,128,0.1,absolute_geometry,"dt,dy,theta,r",reference,vectorchain,test,first_order_response,52,0.012771788764244944,0.017188937855144547,1.0
seed-8675309__h-16__c-128__absolute_geometry,8675309,16,128,0.1,absolute_geometry,"dt,dy,theta,r",reference,vectorchain,test,second_order_response,52,0.02081479269346122,0.025402929024624356,1.0
seed-8675309__h-16__c-128__absolute_geometry,8675309,16,128,0.1,absolute_geometry,"dt,dy,theta,r",reference,vectorchain,test,regime_change,52,0.3120954374543191,0.3844095448072987,1.0
seed-8675309__h-16__c-128__turning_matched,8675309,16,128,0.1,turning_matched,"dt,dy,theta,delta_theta",capacity_control,vectorchain,validation,sine,51,0.03190747920492648,0.07100470672516675,0.7733521128105773
seed-8675309__h-16__c-128__turning_matched,8675309,16,128,0.1,turning_matched,"dt,dy,theta,delta_theta",capacity_control,vectorchain,validation,chirp,51,0.2371643389768193,0.27257484873367366,1.553235979828126
seed-8675309__h-16__c-128__turning_matched,8675309,16,128,0.1,turning_matched,"dt,dy,theta,delta_theta",capacity_control,vectorchain,validation,ramp,51,0.011646986678694992,0.01516197960807288,1.020695515058178
seed-8675309__h-16__c-128__turning_matched,8675309,16,128,0.1,turning_matched,"dt,dy,theta,delta_theta",capacity_control,vectorchain,validation,piecewise_linear,51,0.03486742297748718,0.04552792820460415,1.08945727193519
seed-8675309__h-16__c-128__turning_matched,8675309,16,128,0.1,turning_matched,"dt,dy,theta,delta_theta",capacity_control,vectorchain,validation,first_order_response,51,0.015260873961137912,0.018446195667602746,1.007795025382585
seed-8675309__h-16__c-128__turning_matched,8675309,16,128,0.1,turning_matched,"dt,dy,theta,delta_theta",capacity_control,vectorchain,validation,second_order_response,51,0.0333482109364597,0.041584643082839975,1.030094472539933
seed-8675309__h-16__c-128__turning_matched,8675309,16,128,0.1,turning_matched,"dt,dy,theta,delta_theta",capacity_control,vectorchain,validation,regime_change,51,0.4241659297754154,0.47103601871833856,1.2071333754090119
seed-8675309__h-16__c-128__turning_matched,8675309,16,128,0.1,turning_matched,"dt,dy,theta,delta_theta",capacity_control,vectorchain,test,sine,52,0.0259417521372216,0.03195301117794865,0.7049849359235125
seed-8675309__h-16__c-128__turning_matched,8675309,16,128,0.1,turning_matched,"dt,dy,theta,delta_theta",capacity_control,vectorchain,test,chirp,52,0.3823719472169168,0.43267112289535997,1.2402499142572725
seed-8675309__h-16__c-128__turning_matched,8675309,16,128,0.1,turning_matched,"dt,dy,theta,delta_theta",capacity_control,vectorchain,test,ramp,52,0.012973876184646667,0.016356524248923754,1.0199795482702398
seed-8675309__h-16__c-128__turning_matched,8675309,16,128,0.1,turning_matched,"dt,dy,theta,delta_theta",capacity_control,vectorchain,test,piecewise_linear,52,0.015538133562424027,0.019858928281705317,1.1986928008564581
seed-8675309__h-16__c-128__turning_matched,8675309,16,128,0.1,turning_matched,"dt,dy,theta,delta_theta",capacity_control,vectorchain,test,first_order_response,52,0.01323562673389891,0.017367886233224508,1.010410671071593
seed-8675309__h-16__c-128__turning_matched,8675309,16,128,0.1,turning_matched,"dt,dy,theta,delta_theta",capacity_control,vectorchain,test,second_order_response,52,0.020175305031139647,0.024755011842721414,0.9744943907344353
seed-8675309__h-16__c-128__turning_matched,8675309,16,128,0.1,turning_matched,"dt,dy,theta,delta_theta",capacity_control,vectorchain,test,regime_change,52,0.44319496546241965,0.49440969910031046,1.2861535458183118
seed-8675309__h-16__c-128__turning,8675309,16,128,0.1,turning,"dt,dy,theta,r,delta_theta",primary,vectorchain,validation,sine,51,0.03190039074913522,0.0709958484379802,0.7732556322330556
seed-8675309__h-16__c-128__turning,8675309,16,128,0.1,turning,"dt,dy,theta,r,delta_theta",primary,vectorchain,validation,chirp,51,0.23713272273028033,0.27252629518670984,1.5529593031044926
seed-8675309__h-16__c-128__turning,8675309,16,128,0.1,turning,"dt,dy,theta,r,delta_theta",primary,vectorchain,validation,ramp,51,0.011647823829396196,0.015162965526094729,1.020761886477289
seed-8675309__h-16__c-128__turning,8675309,16,128,0.1,turning,"dt,dy,theta,r,delta_theta",primary,vectorchain,validation,piecewise_linear,51,0.03486116477278019,0.045522182441198544,1.0893197791044835
seed-8675309__h-16__c-128__turning,8675309,16,128,0.1,turning,"dt,dy,theta,r,delta_theta",primary,vectorchain,validation,first_order_response,51,0.015261336298031562,0.01844657464623604,1.0078157306156987
seed-8675309__h-16__c-128__turning,8675309,16,128,0.1,turning,"dt,dy,theta,r,delta_theta",primary,vectorchain,validation,second_order_response,51,0.03336220860839529,0.04159838210961203,1.030434802394581
seed-8675309__h-16__c-128__turning,8675309,16,128,0.1,turning,"dt,dy,theta,r,delta_theta",primary,vectorchain,validation,regime_change,51,0.4240062857719375,0.47084504459564297,1.206643962225764
seed-8675309__h-16__c-128__turning,8675309,16,128,0.1,turning,"dt,dy,theta,r,delta_theta",primary,vectorchain,test,sine,52,0.025955086828672463,0.03195795874581954,0.7050940949883346
seed-8675309__h-16__c-128__turning,8675309,16,128,0.1,turning,"dt,dy,theta,r,delta_theta",primary,vectorchain,test,chirp,52,0.38224749433873567,0.43251442929862843,1.239800752735675
seed-8675309__h-16__c-128__turning,8675309,16,128,0.1,turning,"dt,dy,theta,r,delta_theta",primary,vectorchain,test,ramp,52,0.012974780296113812,0.01635752400030869,1.0200418919534373
seed-8675309__h-16__c-128__turning,8675309,16,128,0.1,turning,"dt,dy,theta,r,delta_theta",primary,vectorchain,test,piecewise_linear,52,0.015539209632140193,0.019859844958476088,1.1987481318305293
seed-8675309__h-16__c-128__turning,8675309,16,128,0.1,turning,"dt,dy,theta,r,delta_theta",primary,vectorchain,test,first_order_response,52,0.013236533051733687,0.017368390555290054,1.010440010991825
seed-8675309__h-16__c-128__turning,8675309,16,128,0.1,turning,"dt,dy,theta,r,delta_theta",primary,vectorchain,test,second_order_response,52,0.020173349538614424,0.02475272414283196,0.9744043341946073
seed-8675309__h-16__c-128__turning,8675309,16,128,0.1,turning,"dt,dy,theta,r,delta_theta",primary,vectorchain,test,regime_change,52,0.443043388711797,0.49420691058493865,1.2856260133516728
seed-8675309__h-16__c-128__full_relational,8675309,16,128,0.1,full_relational,"dt,dy,theta,r,delta_theta,delta_r",secondary,vectorchain,validation,sine,51,0.03343645140063088,0.0717955801807291,0.781965959498126
seed-8675309__h-16__c-128__full_relational,8675309,16,128,0.1,full_relational,"dt,dy,theta,r,delta_theta,delta_r",secondary,vectorchain,validation,chirp,51,0.24994321193834618,0.28320407743488385,1.6138053996892836
seed-8675309__h-16__c-128__full_relational,8675309,16,128,0.1,full_relational,"dt,dy,theta,r,delta_theta,delta_r",secondary,vectorchain,validation,ramp,51,0.01175988927530705,0.015312642474657205,1.0308380502800663
seed-8675309__h-16__c-128__full_relational,8675309,16,128,0.1,full_relational,"dt,dy,theta,r,delta_theta,delta_r",secondary,vectorchain,validation,piecewise_linear,51,0.033402992915026825,0.043732436145643976,1.0464921743022555
seed-8675309__h-16__c-128__full_relational,8675309,16,128,0.1,full_relational,"dt,dy,theta,r,delta_theta,delta_r",secondary,vectorchain,validation,first_order_response,51,0.015293939197135552,0.018471125879655922,1.0091570701175354
seed-8675309__h-16__c-128__full_relational,8675309,16,128,0.1,full_relational,"dt,dy,theta,r,delta_theta,delta_r",secondary,vectorchain,validation,second_order_response,51,0.033423359510498095,0.04141941593326532,1.026001625737056
seed-8675309__h-16__c-128__full_relational,8675309,16,128,0.1,full_relational,"dt,dy,theta,r,delta_theta,delta_r",secondary,vectorchain,validation,regime_change,51,0.4087967338298076,0.4567142468831821,1.1704306858264815
seed-8675309__h-16__c-128__full_relational,8675309,16,128,0.1,full_relational,"dt,dy,theta,r,delta_theta,delta_r",secondary,vectorchain,test,sine,52,0.026811946444432726,0.0323015947558072,0.712675797042423
seed-8675309__h-16__c-128__full_relational,8675309,16,128,0.1,full_relational,"dt,dy,theta,r,delta_theta,delta_r",secondary,vectorchain,test,chirp,52,0.3824497339174004,0.43224906682218045,1.2390400923374045
seed-8675309__h-16__c-128__full_relational,8675309,16,128,0.1,full_relational,"dt,dy,theta,r,delta_theta,delta_r",secondary,vectorchain,test,ramp,52,0.013112161052830742,0.016505995414230087,1.0293004485635042
seed-8675309__h-16__c-128__full_relational,8675309,16,128,0.1,full_relational,"dt,dy,theta,r,delta_theta,delta_r",secondary,vectorchain,test,piecewise_linear,52,0.016129088462902848,0.02098976793972324,1.2669507318867959
seed-8675309__h-16__c-128__full_relational,8675309,16,128,0.1,full_relational,"dt,dy,theta,r,delta_theta,delta_r",secondary,vectorchain,test,first_order_response,52,0.013318183133652236,0.01740534942533827,1.0125901653736535
seed-8675309__h-16__c-128__full_relational,8675309,16,128,0.1,full_relational,"dt,dy,theta,r,delta_theta,delta_r",secondary,vectorchain,test,second_order_response,52,0.019852213109215984,0.02437754000050884,0.9596350081078621
seed-8675309__h-16__c-128__full_relational,8675309,16,128,0.1,full_relational,"dt,dy,theta,r,delta_theta,delta_r",secondary,vectorchain,test,regime_change,52,0.4380630788996621,0.4903144330680488,1.2755001526141587
