representation,variant,features,role,split,horizon,context_length,tolerance,signal,n_seeds,mae_mean,mae_median,rmse_mean,rmse_median,rmse_q1,rmse_q3,rmse_min,rmse_max,rmse_ratio_vs_reference_mean,rmse_ratio_vs_reference_median
first_difference,,,baseline,test,1,32,,chirp,5,0.026284817649074976,0.026191311200235445,0.031038202029997075,0.030218612574925682,0.03013968811844276,0.03164615793348347,0.02994299309296997,0.033243558430163495,,
first_difference,,,baseline,test,1,32,,first_order_response,5,0.009761158418209216,0.009035019069188768,0.01199731931048579,0.011738500723680826,0.011141587786305356,0.012732310849769314,0.011008123947193516,0.013366073245479936,,
first_difference,,,baseline,test,1,32,,piecewise_linear,5,0.009526560214098955,0.009134287949809718,0.01168775325416861,0.010761072396630909,0.010651251171822257,0.013393737887155905,0.010144438906045694,0.013488265909188288,,
first_difference,,,baseline,test,1,32,,ramp,5,0.009938698469659115,0.010537594753546625,0.012221636991702025,0.012655272441142264,0.011731368449337257,0.012951251773906613,0.010776556702328664,0.012993735591795334,,
first_difference,,,baseline,test,1,32,,regime_change,5,0.031773704973289345,0.031192847603020074,0.03624166648216727,0.035197164775096094,0.03507072433765254,0.03751910205226301,0.034300203361715624,0.0391211378841091,,
first_difference,,,baseline,test,1,32,,second_order_response,5,0.00994019896888539,0.009932647190390484,0.012673897734810962,0.01210420927688505,0.011816995534912436,0.01336356236829298,0.011164855749270574,0.014919865744693776,,
first_difference,,,baseline,test,1,32,,sine,5,0.010783093576064448,0.0108047669272335,0.013584969361552752,0.013745191423862449,0.013180509753628913,0.01395432959434367,0.012003633458876005,0.01504118257705271,,
first_difference,,,baseline,test,1,64,,chirp,5,0.037011426937181555,0.03671646521295838,0.04267254980756613,0.04261962429716803,0.04156510143964024,0.0435738852029126,0.04074046119623656,0.044863676901873206,,
first_difference,,,baseline,test,1,64,,first_order_response,5,0.010340180903041401,0.009703030613445508,0.012598310505782634,0.012567431170930652,0.011374166337012796,0.013580431992989318,0.011122895784048792,0.014346627243931605,,
first_difference,,,baseline,test,1,64,,piecewise_linear,5,0.009976066492569472,0.00944748778825286,0.012222676684288924,0.011871358296452484,0.011059970144685793,0.013654021400292773,0.010222303442826522,0.014305730137187049,,
first_difference,,,baseline,test,1,64,,ramp,5,0.010232108884984006,0.010524487754158601,0.012547697104072556,0.013065130302660532,0.012103885186191436,0.01330667837065006,0.010616217615883682,0.013646574044977072,,
first_difference,,,baseline,test,1,64,,regime_change,5,0.045102620795400256,0.04530820413887062,0.05127621005155306,0.05115262014240479,0.05030897347258713,0.053425641365017665,0.047422219342758205,0.0540715959349975,,
first_difference,,,baseline,test,1,64,,second_order_response,5,0.010205956976174347,0.010165974648030051,0.012930027275282474,0.012338232671729819,0.011954550571284658,0.013660532762564492,0.01137239808519507,0.015324422285638331,,
first_difference,,,baseline,test,1,64,,sine,5,0.012603254630861371,0.011979321472475107,0.015973939443856312,0.015363575562806238,0.015040938010452714,0.0164515647613449,0.01503888032465903,0.0179747385600187,,
first_difference,,,baseline,test,1,128,,chirp,5,0.032767130904499286,0.03212913548233515,0.03771898772203795,0.03690169647173633,0.03639996870320099,0.03906875247035795,0.03580320663877985,0.04042131432611465,,
first_difference,,,baseline,test,1,128,,first_order_response,5,0.011203703978338397,0.010226610820123737,0.01356825056418932,0.013392911622693847,0.012240721030342417,0.014892834702265883,0.011351137994460154,0.015963647471184315,,
first_difference,,,baseline,test,1,128,,piecewise_linear,5,0.010888033832717598,0.010710258773888445,0.013240798105539723,0.013200190639552033,0.011795781643622464,0.014553665534823878,0.010890293345290503,0.015764059364409735,,
first_difference,,,baseline,test,1,128,,ramp,5,0.010939826780216969,0.011158844340981366,0.013423232315348041,0.013763934528811871,0.013109214866546455,0.013904365694907791,0.01137165946999625,0.01496698701647784,,
first_difference,,,baseline,test,1,128,,regime_change,5,0.03454147636012899,0.03600659700360149,0.0392342765349651,0.04075593234091536,0.039288948377800476,0.041075283070658004,0.03385847966897081,0.041192739216480825,,
first_difference,,,baseline,test,1,128,,second_order_response,5,0.010854659173559234,0.010376583762886193,0.013671079586118828,0.012979875794106996,0.01249746654642581,0.014236482951091747,0.012192367993911579,0.01644920464505802,,
first_difference,,,baseline,test,1,128,,sine,5,0.015986180013244866,0.016423953039604137,0.019873875731785885,0.020133974841952798,0.018704759485477493,0.020321063039824654,0.01813406329596035,0.022075517995714132,,
first_difference,,,baseline,test,4,32,,chirp,5,0.08319919151561433,0.08391300288387334,0.09376561602969856,0.09400754093880637,0.09365759999969357,0.0947867263725535,0.09151005972569388,0.09486615311174545,,
first_difference,,,baseline,test,4,32,,first_order_response,5,0.01202966881792677,0.012142436002255728,0.015143591636524767,0.015202468269831617,0.01353112997642523,0.016268784584834314,0.011991551235792677,0.018724024115739993,,
first_difference,,,baseline,test,4,32,,piecewise_linear,5,0.011564503534780907,0.01192928409742585,0.014456632978733014,0.014435727430695582,0.01382502164571395,0.015536743999451014,0.012937962500772086,0.015547709317032431,,
first_difference,,,baseline,test,4,32,,ramp,5,0.010721785729024519,0.010461544478296954,0.013261095418179497,0.013703587172204748,0.012105407538280086,0.014249059761940248,0.010211738114436446,0.016035684504035953,,
first_difference,,,baseline,test,4,32,,regime_change,5,0.1029695215322168,0.10294018863726456,0.11371569252482268,0.11359764831245096,0.1122113316079615,0.11503106825157526,0.11173079239847798,0.1160076220536477,,
first_difference,,,baseline,test,4,32,,second_order_response,5,0.012499162668008235,0.012376717453224845,0.015613333471470398,0.01594438605100599,0.015541843151055642,0.016119133363912283,0.014153421003776454,0.016307883787601625,,
first_difference,,,baseline,test,4,32,,sine,5,0.01865892494526928,0.01874845753778755,0.022822788983810464,0.023109555725616255,0.022611762854490288,0.023304749898702,0.02136006838627049,0.023727808053973277,,
first_difference,,,baseline,test,4,64,,chirp,5,0.11383463883664931,0.11475330426800179,0.1292278553677633,0.13021880310757425,0.12840837344980294,0.13062122489386213,0.1252057011928646,0.1316851741947126,,
first_difference,,,baseline,test,4,64,,first_order_response,5,0.014679834772749973,0.01399135908378175,0.018468921625993655,0.017099246575774864,0.016994313166316485,0.020866683996467728,0.014848661801629973,0.022535702589779223,,
first_difference,,,baseline,test,4,64,,piecewise_linear,5,0.014097579925624262,0.013844716384649266,0.017740928074221545,0.017245864319946624,0.01694112690393926,0.018482535474701058,0.016362284466429778,0.019672829206091015,,
first_difference,,,baseline,test,4,64,,ramp,5,0.01334012891494124,0.013625538960093176,0.016405720038799112,0.01610177925222955,0.01541427020139693,0.017911082814850824,0.012795952416414886,0.019805515509103373,,
first_difference,,,baseline,test,4,64,,regime_change,5,0.14016066821219034,0.14016230435968213,0.15749803007764354,0.15784725837479588,0.15693542438471186,0.15810181065807602,0.1560457481507383,0.1585599088198956,,
first_difference,,,baseline,test,4,64,,second_order_response,5,0.015143016061769751,0.015572300797585493,0.018806935868993575,0.019324524509751927,0.018263800597375722,0.019531381487905196,0.017342442607819145,0.019572530142115893,,
first_difference,,,baseline,test,4,64,,sine,5,0.028625192181595604,0.02851661817577432,0.034518439495470385,0.03472571253706931,0.034572394195955404,0.034749500699791255,0.03307693103885334,0.035467659005682634,,
first_difference,,,baseline,test,4,128,,chirp,5,0.09752707637532186,0.0980137115600853,0.11155957535205521,0.11274806607965909,0.10894688437259333,0.11297956767366005,0.10708767181283005,0.11603568682153345,,
first_difference,,,baseline,test,4,128,,first_order_response,5,0.01934296878000294,0.018584208938332035,0.023982404673004963,0.022403062053193437,0.021722547813659586,0.02765779786513795,0.02005473254830028,0.028073883084733565,,
first_difference,,,baseline,test,4,128,,piecewise_linear,5,0.018666751199861532,0.018648687239882368,0.02333198425417413,0.022645738165949367,0.022465682565423892,0.023641863405950793,0.0217537241176666,0.02615291301588001,,
first_difference,,,baseline,test,4,128,,ramp,5,0.01783567672034297,0.01759580792666813,0.022275565217009748,0.02167192482989658,0.020966972042699417,0.024425098002589078,0.01845929546829762,0.025854535741566036,,
first_difference,,,baseline,test,4,128,,regime_change,5,0.10190061654121363,0.10198791772066224,0.11665686974888086,0.11716711722276078,0.11630317677585292,0.11717445952216801,0.11518756952736864,0.11745202569625392,,
first_difference,,,baseline,test,4,128,,second_order_response,5,0.019482701414400505,0.019929722802090065,0.024195005100006762,0.024410815913583128,0.023465320469972562,0.025216289966922278,0.022050238352850592,0.025832360796705246,,
first_difference,,,baseline,test,4,128,,sine,5,0.041097552127276726,0.04104839296293964,0.04935691997627866,0.04926866735838385,0.04826072355503982,0.050028810882036735,0.04803029963259615,0.05119609845333675,,
first_difference,,,baseline,test,16,32,,chirp,5,0.38379701466020943,0.38608714913025366,0.4303025198016587,0.43430895538717745,0.42392631728749297,0.4345532914201524,0.4211726269470865,0.437551407966384,,
first_difference,,,baseline,test,16,32,,first_order_response,5,0.024500375222987956,0.02462771466217028,0.03031930034304236,0.030690248681505508,0.028850776914488476,0.03079696125116268,0.02584363011311982,0.03541488475493531,,
first_difference,,,baseline,test,16,32,,piecewise_linear,5,0.023790222434172288,0.02318187248831287,0.029637913700221834,0.02826404741263663,0.027477270735575595,0.03105065036625235,0.02493482800423216,0.03646277198241243,,
first_difference,,,baseline,test,16,32,,ramp,5,0.022820718053007873,0.025052894663173533,0.028531910053969933,0.030285612847031726,0.025227674215371535,0.03257340520791716,0.021713594308183943,0.032859263691345314,,
first_difference,,,baseline,test,16,32,,regime_change,5,0.48123494842181647,0.48239461930127453,0.532509074135676,0.5334516871913583,0.531570351274743,0.5342964504042663,0.5242897436268492,0.5389371381811635,,
first_difference,,,baseline,test,16,32,,second_order_response,5,0.024337533921091503,0.024932542493631187,0.03103024883241957,0.031100431935233118,0.027332407995073603,0.032763627115330075,0.02674655127455272,0.037208225841908346,,
first_difference,,,baseline,test,16,32,,sine,5,0.08277989048990089,0.0828725500080001,0.09435175620424412,0.0937122332407432,0.09327240593331115,0.09498044022911582,0.09301911039456608,0.09677459122348436,,
first_difference,,,baseline,test,16,64,,chirp,5,0.46843968266060043,0.47355430881910543,0.5286612009171983,0.5343614484233641,0.516572353624388,0.5369218652820585,0.5162579089692592,0.5391924282869215,,
first_difference,,,baseline,test,16,64,,first_order_response,5,0.039255748700331744,0.04271171259187656,0.04769746317719787,0.05031761982789618,0.04356507692162247,0.05124259286206456,0.04117623391218873,0.05218579236221741,,
first_difference,,,baseline,test,16,64,,piecewise_linear,5,0.03677573515520859,0.035639772732064645,0.04640366548934407,0.04524662210310732,0.04329308873181901,0.04531899012433546,0.042694565671543935,0.055465060815914624,,
first_difference,,,baseline,test,16,64,,ramp,5,0.03538366994031802,0.03778927627271834,0.044204104154535,0.044449960802903796,0.040108092512639436,0.04971037742059993,0.035366878942466866,0.05138521109406496,,
first_difference,,,baseline,test,16,64,,regime_change,5,0.5517623129001278,0.5524811095791338,0.6202307182321918,0.6217335289619433,0.6158810365974798,0.6217651356084954,0.6152493983819124,0.6265244916111276,,
first_difference,,,baseline,test,16,64,,second_order_response,5,0.037447899833143866,0.03898304868472887,0.04801821523822535,0.0489419211815205,0.04619160658660069,0.04934681111397292,0.041509108650639115,0.05410162865839354,,
first_difference,,,baseline,test,16,64,,sine,5,0.12102312912442696,0.1214364105500551,0.13898738487541015,0.13880287536995015,0.13861231891241113,0.1405528337158956,0.13561487288294505,0.14135402349584877,,
first_difference,,,baseline,test,16,128,,chirp,5,0.3634349951665009,0.3682045598216984,0.41520441215184417,0.4133363953168053,0.4111877148211691,0.42318981672519573,0.39838004390881754,0.42992808998723286,,
first_difference,,,baseline,test,16,128,,first_order_response,5,0.05889343983953266,0.06180883764155573,0.0718252461394297,0.07305409024812602,0.0689838309234135,0.07558189643530304,0.06449088110069065,0.07701553198961526,,
first_difference,,,baseline,test,16,128,,piecewise_linear,5,0.05639917456212186,0.05424818737330084,0.07152898480993411,0.07047720684435455,0.06664258569285451,0.07200604015952455,0.06583787447602314,0.08268121687691378,,
first_difference,,,baseline,test,16,128,,ramp,5,0.05460294665794289,0.05730879660500781,0.06815446249199349,0.06728730596603627,0.06307579730690167,0.07552084823255267,0.05896008392668408,0.07592827702779269,,
first_difference,,,baseline,test,16,128,,regime_change,5,0.37310193035890943,0.36810725549581363,0.4331684034599815,0.43618907574507493,0.42585157245341854,0.4384278664480739,0.4233552178730829,0.44201828478025706,,
first_difference,,,baseline,test,16,128,,second_order_response,5,0.05603017848988402,0.05664552551405249,0.07090863899484388,0.07075633160586929,0.0699878839904328,0.07349178984481318,0.06079008889740315,0.07951710063570097,,
first_difference,,,baseline,test,16,128,,sine,5,0.15568058771079318,0.1582473884831409,0.1807918552801056,0.18185749283140062,0.18161368635231873,0.18292157386901325,0.17423827474685968,0.1833282486009358,,
first_difference,,,baseline,validation,1,32,,chirp,5,0.018617774403298926,0.018190866500068667,0.022218715027208603,0.02186252209301567,0.02150850905465085,0.022312483385382317,0.02132136965805953,0.02408869094493465,,
first_difference,,,baseline,validation,1,32,,first_order_response,5,0.009096551123986527,0.008713197585413428,0.011764830060455098,0.012011467735245715,0.010863506914751197,0.012289450295904334,0.01060018405809853,0.01305954129827571,,
first_difference,,,baseline,validation,1,32,,piecewise_linear,5,0.01129165869915949,0.011017121633344213,0.013992817374715926,0.013709151272109905,0.013579609031591573,0.015185005895836476,0.012223486009421105,0.01526683466462057,,
first_difference,,,baseline,validation,1,32,,ramp,5,0.010274274022112125,0.010332298429098347,0.01266851944501729,0.012573604448651231,0.012439366001460343,0.01317787309927032,0.011343214367219728,0.01380853930848483,,
first_difference,,,baseline,validation,1,32,,regime_change,5,0.031230858587089304,0.030610901277453733,0.035818372164284774,0.0361183000109624,0.03446243413325521,0.03727216624150627,0.03177461434073055,0.03946434609496943,,
first_difference,,,baseline,validation,1,32,,second_order_response,5,0.009948627176049276,0.010129742928298763,0.012429704128705973,0.012924790711836396,0.011561119231483737,0.012974619398215126,0.011532217151606163,0.01315577415038845,,
first_difference,,,baseline,validation,1,32,,sine,5,0.011037433940437142,0.01075947533310848,0.013780486229372082,0.013841835840030119,0.013516756944672073,0.014090144896707667,0.012857301291630931,0.014596392173819625,,
first_difference,,,baseline,validation,1,64,,chirp,5,0.028523505164955477,0.028976592090722425,0.03319922503009285,0.03341980532165347,0.03252058348376105,0.03369416440468699,0.03135309470530502,0.03500847723505772,,
first_difference,,,baseline,validation,1,64,,first_order_response,5,0.009704184124489113,0.009129475585031289,0.012351464885207289,0.01240872012333901,0.011442569522242775,0.013035283619951519,0.011307312984698642,0.013563438175804497,,
first_difference,,,baseline,validation,1,64,,piecewise_linear,5,0.011920785111053113,0.01157137292868416,0.014726461767660317,0.01454926611380742,0.014154578022473453,0.015590658478815128,0.01309637860870742,0.01624142761449817,,
first_difference,,,baseline,validation,1,64,,ramp,5,0.010507199257056801,0.010674597035135958,0.012957117906278268,0.012859745715335063,0.012497154275445996,0.013294355122042854,0.012063213387966535,0.014071121030600884,,
first_difference,,,baseline,validation,1,64,,regime_change,5,0.04491176313897063,0.04595975018216763,0.05167239861467852,0.052529191765172435,0.050419872240364996,0.05274617953401769,0.047554207592877026,0.055112541940960436,,
first_difference,,,baseline,validation,1,64,,second_order_response,5,0.010339609822153503,0.010418788126880523,0.012879092160232091,0.013161947953560425,0.012006909441832617,0.013471938507174848,0.011958382060876694,0.013796282837715876,,
first_difference,,,baseline,validation,1,64,,sine,5,0.012801804087079127,0.012394670304131345,0.015874627667892834,0.015674885457785677,0.015137475322367333,0.01694496142922557,0.0146393730856494,0.016976443044436188,,
first_difference,,,baseline,validation,1,128,,chirp,5,0.02966187484812165,0.03037251944496916,0.03408185423607188,0.03488877835064035,0.03488046360775958,0.035196661405654805,0.029679021523817364,0.03576434629248729,,
first_difference,,,baseline,validation,1,128,,first_order_response,5,0.01073459229215133,0.010186448855031059,0.013566684735985204,0.013669969487016738,0.012653091022594534,0.014190294158956982,0.012282460038984184,0.015037608972373587,,
first_difference,,,baseline,validation,1,128,,piecewise_linear,5,0.012905476978273355,0.012349367359012264,0.01585562798149694,0.015251940091804944,0.014997378298751805,0.016664117634072054,0.014237941207442088,0.01812676267541381,,
first_difference,,,baseline,validation,1,128,,ramp,5,0.011516514200863637,0.011767315701172808,0.013955398169997269,0.013822183549483674,0.013571823458125241,0.01417901540657705,0.013495861113420804,0.014708107322379578,,
first_difference,,,baseline,validation,1,128,,regime_change,5,0.03706557365668865,0.03791917273260146,0.042708782668886044,0.04365675805835155,0.040637097762544774,0.045415777743517384,0.03830252494199834,0.045531754838018204,,
first_difference,,,baseline,validation,1,128,,second_order_response,5,0.011233945704027155,0.011153808018728607,0.014072817053172901,0.014081814742034135,0.01360404304795558,0.014753039952525799,0.013091081062055433,0.01483410646129356,,
first_difference,,,baseline,validation,1,128,,sine,5,0.015182434337690915,0.015331532367523413,0.01891934951799525,0.01881653032810734,0.017820322404668652,0.019627213149718593,0.016756924535663572,0.021575757171818075,,
first_difference,,,baseline,validation,4,32,,chirp,5,0.0581722491972829,0.05804776729093627,0.06550771277106872,0.06504204960035896,0.06490890582413666,0.06605086605709395,0.06488644089610046,0.06665030147765354,,
first_difference,,,baseline,validation,4,32,,first_order_response,5,0.013051957748194306,0.01299535107154548,0.016024211398326195,0.01555121809147639,0.014674671101210804,0.01701630482655396,0.014223453147174759,0.018655409825215057,,
first_difference,,,baseline,validation,4,32,,piecewise_linear,5,0.012563215076524812,0.012100462443185953,0.015567208560690864,0.01544207867825742,0.014298452450390905,0.016155094523340723,0.013066182625447953,0.018874234526017327,,
first_difference,,,baseline,validation,4,32,,ramp,5,0.011958360149553444,0.012297577481431135,0.01461295274457013,0.015051458134476156,0.01486932462556143,0.015432379300979815,0.011469759575047821,0.01624184208678543,,
first_difference,,,baseline,validation,4,32,,regime_change,5,0.10339167931238144,0.10320496673454944,0.11480020679890761,0.11499226254569082,0.11477075913389898,0.11594168412683652,0.11188789597986175,0.11640843220825006,,
first_difference,,,baseline,validation,4,32,,second_order_response,5,0.011873770053591321,0.012203024020581153,0.014595828899308827,0.015067701430777423,0.013249963816934402,0.0161077153442073,0.012119037752745166,0.01643472615187985,,
first_difference,,,baseline,validation,4,32,,sine,5,0.01988739758217719,0.01990336928026324,0.024502204628400456,0.02496294776617138,0.024503765932413032,0.025008709601034965,0.022997940215619694,0.025037659626763208,,
first_difference,,,baseline,validation,4,64,,chirp,5,0.08907611183260151,0.08940441918193269,0.10059733757457782,0.10100033802268427,0.09992075347499633,0.10133054173281991,0.0987786609112518,0.10195639373113677,,
first_difference,,,baseline,validation,4,64,,first_order_response,5,0.015895901566907903,0.01601979644721687,0.0194819832017289,0.018975087300193868,0.018477259690757506,0.020719523497274198,0.016962686963120102,0.02227535855729883,,
first_difference,,,baseline,validation,4,64,,piecewise_linear,5,0.01562940796813245,0.015500742572158856,0.019130973203700708,0.018903284499943735,0.017708178589379057,0.019428442983416363,0.01586199119453231,0.02375296875123207,,
first_difference,,,baseline,validation,4,64,,ramp,5,0.014144875217286704,0.014633124088854376,0.017448111931277342,0.018201357089044648,0.018152970988210587,0.018345568060300563,0.013272660285446854,0.01926800323338405,,
first_difference,,,baseline,validation,4,64,,regime_change,5,0.14399521608576446,0.1450627649437251,0.16109925958145477,0.16113989857671446,0.16095130748907246,0.16365679629718502,0.1560226274958522,0.16372566804844965,,
first_difference,,,baseline,validation,4,64,,second_order_response,5,0.01471671564347879,0.014183567211081,0.018067474019680684,0.017951081648025852,0.016006025055621757,0.02018472348164982,0.01543335502981779,0.020762184883288206,,
first_difference,,,baseline,validation,4,64,,sine,5,0.030521705249796,0.030709674321218572,0.03622059995296352,0.03675075783283232,0.035934011361373315,0.03703788738837325,0.034278784192227824,0.037101558990010886,,
first_difference,,,baseline,validation,4,128,,chirp,5,0.0886690849444427,0.08918103437895405,0.09926634598229904,0.09989454036493428,0.09884308950614132,0.09995233245009215,0.09687916904363779,0.10076259854668967,,
first_difference,,,baseline,validation,4,128,,first_order_response,5,0.02053849517589282,0.02017941862298591,0.02537832118771568,0.02543308858119987,0.02480224352728418,0.026119517740683405,0.022531501897336288,0.02800525419207467,,
first_difference,,,baseline,validation,4,128,,piecewise_linear,5,0.019875458146792147,0.01894724094393056,0.024655061638336473,0.02372578980089195,0.022914526682488057,0.024842864145006197,0.02065484116417884,0.031137286399117323,,
first_difference,,,baseline,validation,4,128,,ramp,5,0.01807606491287362,0.018652011555986437,0.022720353816942814,0.02332728848388404,0.023177586013439163,0.023913849606715845,0.01753180033947167,0.02565124464120336,,
first_difference,,,baseline,validation,4,128,,regime_change,5,0.11274650533331124,0.11326444318075272,0.12939148266623207,0.13022702716204776,0.12498795612152487,0.13228207428616595,0.12489884006098792,0.13456151570043376,,
first_difference,,,baseline,validation,4,128,,second_order_response,5,0.01930125771843002,0.018345863087936252,0.024037107176959917,0.02284649467028584,0.022266834038991577,0.026022104214156336,0.021640500557981834,0.027409602403384012,,
first_difference,,,baseline,validation,4,128,,sine,5,0.041465621343028294,0.040817840521951275,0.049164623105039315,0.04997324981247516,0.04845806584909535,0.050350060046472946,0.046396777654468646,0.050644962162684486,,
first_difference,,,baseline,validation,16,32,,chirp,5,0.2784918638784257,0.2782007708992724,0.31148251443796837,0.3106482285440044,0.3098932117592562,0.3141442067099154,0.30813007975574824,0.31459684542091776,,
first_difference,,,baseline,validation,16,32,,first_order_response,5,0.026187340593417884,0.024894158969475742,0.033125643028758645,0.03150925138524204,0.03008007004216993,0.037754082947041405,0.027554383800465976,0.038730426968873875,,
first_difference,,,baseline,validation,16,32,,piecewise_linear,5,0.03399212879610461,0.03287917709884854,0.04364780018089882,0.04435518742729513,0.03947134620437929,0.0467698252748479,0.039015029257366024,0.04862761274060574,,
first_difference,,,baseline,validation,16,32,,ramp,5,0.023407557738230216,0.02296932981614692,0.02929099465009057,0.02999864209609696,0.026375052438255,0.031246170393473275,0.0249566869594158,0.03387842136321181,,
first_difference,,,baseline,validation,16,32,,regime_change,5,0.4785494501485864,0.4789148430166712,0.5293983581347622,0.5308135132627395,0.5249344569247915,0.5331429433188708,0.522415924628186,0.5356849525392233,,
first_difference,,,baseline,validation,16,32,,second_order_response,5,0.026000533658867852,0.024953021475236717,0.03247017841094226,0.03255146470159829,0.02965090061031347,0.03386961361530874,0.028834575004165718,0.0374443381233251,,
first_difference,,,baseline,validation,16,32,,sine,5,0.08577675840450073,0.08514467610672238,0.09698271404858741,0.09672489706334583,0.09645803302125097,0.09946886730843356,0.09174392461279486,0.10051784823711189,,
first_difference,,,baseline,validation,16,64,,chirp,5,0.3668467607488129,0.36529611421132974,0.41203210213075864,0.41051204638701766,0.4098886308170409,0.4126999596734067,0.40558304325558375,0.4214768305207446,,
first_difference,,,baseline,validation,16,64,,first_order_response,5,0.04019619084194388,0.03904547613228553,0.04978993476699515,0.04750306767218666,0.04426763999261566,0.05676235842061328,0.042511112025244144,0.05790549572431601,,
first_difference,,,baseline,validation,16,64,,piecewise_linear,5,0.04657923049797121,0.04536106681074765,0.05815628450368594,0.056312622350959615,0.05384377205919064,0.061149928963018456,0.04954129483040363,0.06993380431485738,,
first_difference,,,baseline,validation,16,64,,ramp,5,0.03370649688078533,0.0346347963287455,0.04349734611485256,0.045584592661926354,0.04241626858797157,0.045949691660651056,0.034327676321623174,0.04920850134209065,,
first_difference,,,baseline,validation,16,64,,regime_change,5,0.5760828685255565,0.5769610522738365,0.6450198987939674,0.6474352892126128,0.6385152670342534,0.6504101760622286,0.6299152689679908,0.6588234926927509,,
first_difference,,,baseline,validation,16,64,,second_order_response,5,0.03897620174378503,0.03847326284060334,0.04942913858594719,0.049263053473194596,0.04704472642521677,0.051970094777177504,0.04361323636178907,0.05525458189235802,,
first_difference,,,baseline,validation,16,64,,sine,5,0.12564235736531945,0.12499274871569371,0.14065138118482876,0.14011985993281745,0.13842826923713483,0.1425072562822676,0.13477497198612648,0.1474265484857975,,
first_difference,,,baseline,validation,16,128,,chirp,5,0.3238160186209308,0.3277655965609753,0.3606757120507153,0.36479574358206096,0.35034585159276194,0.3657708424876682,0.3502730304269445,0.37219309216414087,,
first_difference,,,baseline,validation,16,128,,first_order_response,5,0.05890346774613896,0.059143320648430545,0.07465945525520287,0.07289358437018514,0.07060758216945726,0.07907232864942676,0.06936857604125259,0.0813552050456926,,
first_difference,,,baseline,validation,16,128,,piecewise_linear,5,0.06411146872569853,0.0603394055999083,0.08031332373137338,0.07609686872807113,0.07449495556731707,0.08465639644890346,0.06544386325363528,0.10087453465893993,,
first_difference,,,baseline,validation,16,128,,ramp,5,0.05221975934591536,0.05428506638026409,0.06664730005763739,0.06841086631217153,0.06735219813077471,0.07077486036067501,0.05504871747191992,0.0716498580126458,,
first_difference,,,baseline,validation,16,128,,regime_change,5,0.4426399495463336,0.43844573478498466,0.514598218016028,0.5143242771760298,0.4975988277649269,0.5330963296242978,0.49286440305975754,0.5351072524551282,,
first_difference,,,baseline,validation,16,128,,second_order_response,5,0.05990620199076575,0.06030094391309824,0.07494361441678292,0.07361709889304914,0.07274021202333537,0.07721766185511277,0.0722575837591551,0.07888551555326226,,
first_difference,,,baseline,validation,16,128,,sine,5,0.15226964861084952,0.14978734245602648,0.17702271640494877,0.17731665321124426,0.17247701225990444,0.1785235534477566,0.1697948167114443,0.18700154639439429,,
raw,,,baseline,test,1,32,,chirp,5,0.015593631473678187,0.015372567251384634,0.019286427031947006,0.018560667561997306,0.01787128955674303,0.02090350607449752,0.017586902391154624,0.021509769575342553,,
raw,,,baseline,test,1,32,,first_order_response,5,0.011558095458882017,0.010674003815085566,0.014074534864858448,0.01400246397349945,0.012311289642599673,0.015783962683508623,0.011743215793333584,0.016531742231350913,,
raw,,,baseline,test,1,32,,piecewise_linear,5,0.011244880467152782,0.011319155969314841,0.013669095224789526,0.013946992744983039,0.012341905440432201,0.01473337026727333,0.011112463323522188,0.016210744347736877,,
raw,,,baseline,test,1,32,,ramp,5,0.011309621825321251,0.011419890933684047,0.013960273275051897,0.014199111170360828,0.013671516676082062,0.014235156785607713,0.012096284135612381,0.015599297607596492,,
raw,,,baseline,test,1,32,,regime_change,5,0.01761424854818547,0.0173467834512846,0.021552652778438867,0.021137345562888626,0.021109720899796805,0.022149401100877198,0.020163091735342867,0.02320370459328885,,
raw,,,baseline,test,1,32,,second_order_response,5,0.011295200975879719,0.010981421544614524,0.014249831045499633,0.013796523690549775,0.013194999213831183,0.01442101357980676,0.012810599778696261,0.01702601896461418,,
raw,,,baseline,test,1,32,,sine,5,0.011651835200463624,0.011632673145635658,0.01437059487797943,0.014453700663229372,0.01420485412496245,0.014566909860684948,0.013737859741376226,0.014889649999644152,,
raw,,,baseline,test,1,64,,chirp,5,0.022451426127924508,0.02317149074000194,0.02696674505250638,0.02748246413214364,0.02497271927985027,0.027794705774332816,0.024773472161836767,0.029810363914368396,,
raw,,,baseline,test,1,64,,first_order_response,5,0.011419448268797257,0.010493798297677439,0.013955593961166432,0.013806748191085358,0.012040765120832173,0.01585537333926814,0.011727179718415559,0.016347903436230927,,
raw,,,baseline,test,1,64,,piecewise_linear,5,0.011082352156718584,0.01125476713897732,0.013474754169348685,0.013864256189426194,0.012245442503862433,0.01443873858970051,0.011016021616815318,0.01580931194693897,,
raw,,,baseline,test,1,64,,ramp,5,0.011264519269104108,0.01126896209845602,0.013906535215193843,0.01402255234725978,0.013626324677494361,0.014175363684546131,0.012139205389215221,0.015569229977453733,,
raw,,,baseline,test,1,64,,regime_change,5,0.02828825746065211,0.02849376414452915,0.03287786962125614,0.03295147158355422,0.03226880332475091,0.0336875907483785,0.030507737393646976,0.0349737450559501,,
raw,,,baseline,test,1,64,,second_order_response,5,0.011220253261208712,0.0109738270704776,0.014169311768018977,0.013910174277094433,0.012949922081118646,0.014245501707233297,0.012845101963449311,0.0168958588111992,,
raw,,,baseline,test,1,64,,sine,5,0.011491652043015086,0.011316792127296487,0.014185296777844003,0.014275753271315137,0.014203609742573549,0.014294061399136321,0.013541742969996792,0.014611316506198213,,
raw,,,baseline,test,1,128,,chirp,5,0.030153388114424834,0.029673764344189696,0.034693427969705655,0.03381804033279223,0.033338868191852174,0.036386488965240285,0.03235565060565058,0.037568091752993,,
raw,,,baseline,test,1,128,,first_order_response,5,0.011370774091244191,0.01047269247920704,0.013959587972179718,0.013790178831495305,0.01189415586075558,0.016041234935763385,0.011785748726738716,0.016286621506145606,,
raw,,,baseline,test,1,128,,piecewise_linear,5,0.011002599729909697,0.011308596239588489,0.013392740556368557,0.013961671479852427,0.012308560618737486,0.014210197414693542,0.010906229633616184,0.015577043634943154,,
raw,,,baseline,test,1,128,,ramp,5,0.011282758401796444,0.011188983081046955,0.013933838283550496,0.01394599720971937,0.013588543546751028,0.014173288295440093,0.012346386749885826,0.015614975615956156,,
raw,,,baseline,test,1,128,,regime_change,5,0.03506243521796364,0.03596419111839051,0.039776214864216106,0.040446038029686306,0.04039769669426038,0.040661265318256194,0.03569356533312993,0.041682508945747716,,
raw,,,baseline,test,1,128,,second_order_response,5,0.011326368134926294,0.011194489239400592,0.014294779560233773,0.014208401200953668,0.013138263217046982,0.014274418344015705,0.012880692804024693,0.016972122235127816,,
raw,,,baseline,test,1,128,,sine,5,0.011939679596545665,0.011704002299744637,0.015069466068255872,0.014961580591766378,0.014815481082486221,0.01537907810557875,0.014526278403949641,0.01566491215749837,,
raw,,,baseline,test,4,32,,chirp,5,0.053413674406788444,0.053420439600155224,0.06079925702244152,0.06079751734800996,0.060770644367838605,0.060844283695465386,0.060625113908078364,0.0609587257928153,,
raw,,,baseline,test,4,32,,first_order_response,5,0.014383164728760245,0.01414323104375482,0.01795509777059642,0.017415186673842193,0.016965925375011355,0.01997824994255868,0.014613724957466658,0.02080240190410321,,
raw,,,baseline,test,4,32,,piecewise_linear,5,0.012987315331880628,0.012892735193121528,0.016287917232006795,0.015569873481231013,0.015554730426021348,0.017509414158554636,0.015283189347396666,0.017522378746830308,,
raw,,,baseline,test,4,32,,ramp,5,0.012556788218941638,0.013074008198519348,0.015595198379002756,0.0164134708067434,0.014147146351839232,0.016832651972838807,0.01286310837579478,0.01771961438779756,,
raw,,,baseline,test,4,32,,regime_change,5,0.06847787679315451,0.06828382931211963,0.07630427481880406,0.07606044299504565,0.0760015652984612,0.07639190735271965,0.0755420217147693,0.07752543673302446,,
raw,,,baseline,test,4,32,,second_order_response,5,0.014750161146699007,0.014572519831565933,0.018245609584217403,0.018466502200698606,0.01790272311352401,0.01855645345733726,0.017039324003800947,0.019263045145726194,,
raw,,,baseline,test,4,32,,sine,5,0.01373458037801652,0.014260216376213778,0.017047682345758396,0.018011894596174204,0.01658588368094642,0.018056597419200165,0.014474111337391904,0.018109924695079275,,
raw,,,baseline,test,4,64,,chirp,5,0.08596417069406186,0.08591902494184103,0.09780629980015476,0.09791003246958155,0.09773431285437245,0.09791416857021987,0.09752719269085369,0.09794579241574625,,
raw,,,baseline,test,4,64,,first_order_response,5,0.014929343549350906,0.01460777355420004,0.018431000986548613,0.01791286770123843,0.017539849127880622,0.02024240602184986,0.015548653902268932,0.02091122817950522,,
raw,,,baseline,test,4,64,,piecewise_linear,5,0.012579192167845536,0.012515464018502589,0.01567257592246074,0.015042896037588661,0.015030910744977892,0.01667713932913354,0.01478133458815913,0.016830598912444497,,
raw,,,baseline,test,4,64,,ramp,5,0.012711761413446532,0.013031073437588643,0.015807769780700105,0.01654073950438945,0.014618665192149088,0.016743967585872523,0.013443373809449535,0.017692102811639927,,
raw,,,baseline,test,4,64,,regime_change,5,0.11507481969080269,0.11513114545384352,0.12838193976245532,0.12812875824207628,0.12805873817150554,0.12837860199113293,0.12792589118304887,0.12941770922451293,,
raw,,,baseline,test,4,64,,second_order_response,5,0.015305522614894023,0.015144922877694035,0.01889403399154539,0.019063341808643344,0.018537350008976,0.019247714480152847,0.017815657860679516,0.01980610579927523,,
raw,,,baseline,test,4,64,,sine,5,0.013096536456870932,0.013406864636760033,0.016717504970628645,0.017638292669995333,0.01610516974250385,0.01766928294199918,0.014406465949205697,0.01776831354943915,,
raw,,,baseline,test,4,128,,chirp,5,0.11468225738257987,0.11465766837153611,0.13019915860661346,0.1302441287639012,0.12993301542551516,0.1304905101481291,0.12979107537757725,0.13053706331794462,,
raw,,,baseline,test,4,128,,first_order_response,5,0.016131749175735313,0.016044137145074282,0.01962338547537575,0.01915409614682833,0.01876819243455968,0.02136007870739623,0.01704223532756526,0.02179232476052926,,
raw,,,baseline,test,4,128,,piecewise_linear,5,0.01277894459905762,0.012653350746259454,0.015849388517567523,0.015302811169662875,0.0152031507340098,0.016718774273552648,0.01505144455224024,0.016970761858372044,,
raw,,,baseline,test,4,128,,ramp,5,0.013284281219048216,0.01353006894121836,0.016513343341372493,0.01719547270101544,0.01544211940971571,0.017209132208081585,0.014486087902911466,0.018233904485138275,,
raw,,,baseline,test,4,128,,regime_change,5,0.13437542026164365,0.1341318666262319,0.1522089058119213,0.15197801911869455,0.15193145201495972,0.1521356743791214,0.1518514586822507,0.15314792486458023,,
raw,,,baseline,test,4,128,,second_order_response,5,0.0171778872586981,0.017073186058259922,0.020839726742861255,0.020876080339037033,0.020537895320571257,0.02117814393090979,0.019859168707618512,0.02174734541616967,,
raw,,,baseline,test,4,128,,sine,5,0.02242365470039824,0.022373912725820174,0.027029480964171616,0.027555539999561604,0.026524078726197234,0.02766596002429626,0.025676943400386266,0.02772488267041672,,
raw,,,baseline,test,16,32,,chirp,5,0.2832874955954535,0.28353466245717585,0.32061815570535485,0.3206350767967805,0.3193971820899749,0.3208537928178325,0.31850783233695545,0.32369689448523103,,
raw,,,baseline,test,16,32,,first_order_response,5,0.03457283028814083,0.03512940268974652,0.03999104297010805,0.041021364809581316,0.04043952956193195,0.04120014284508577,0.035907337822259,0.04138683981168219,,
raw,,,baseline,test,16,32,,piecewise_linear,5,0.0199903826293067,0.018877714808437335,0.024646590796507644,0.023773652702192474,0.022873026948586058,0.02654899069211236,0.02200999007845719,0.028027293561190145,,
raw,,,baseline,test,16,32,,ramp,5,0.028734609027364393,0.028522552480684523,0.03385126925637177,0.0334321523705819,0.03311372079992771,0.034859639780411754,0.032578167099037506,0.03527266623189998,,
raw,,,baseline,test,16,32,,regime_change,5,0.3854083384117423,0.3861691024803333,0.4270762538218816,0.42744925273434825,0.4254068575770976,0.4288580704227141,0.4248032430322224,0.42886384534302574,,
raw,,,baseline,test,16,32,,second_order_response,5,0.03715397546030026,0.036993968407473675,0.04199513757442532,0.04145343795312044,0.04125010892481865,0.04263535143365575,0.041150737495648175,0.04348605206488357,,
raw,,,baseline,test,16,32,,sine,5,0.026567035208753302,0.02661026134577429,0.0340946412972913,0.034231652455701436,0.033879054353144956,0.03447559228551544,0.033310516116968614,0.03457639127512602,,
raw,,,baseline,test,16,64,,chirp,5,0.3802648518022018,0.37971043385218245,0.43729248002770993,0.4374306304321128,0.436222703654562,0.43762550070340395,0.4353352613779837,0.4398483039704869,,
raw,,,baseline,test,16,64,,first_order_response,5,0.039456278649757426,0.039664215328332836,0.043092420350535544,0.04376167507734609,0.04313477145869229,0.043911613537600265,0.04031165638019079,0.04434238529884828,,
raw,,,baseline,test,16,64,,piecewise_linear,5,0.020766566152064535,0.020187730199763925,0.02533633218453113,0.02460446834536981,0.02388870339532055,0.02667790536938518,0.023875382531275816,0.02763520128130431,,
raw,,,baseline,test,16,64,,ramp,5,0.03071721607912765,0.0309959274772356,0.035083500175073154,0.03496392534860251,0.03483972640651919,0.034981770622103,0.034633520403711794,0.035998558094429284,,
raw,,,baseline,test,16,64,,regime_change,5,0.5253646715091473,0.5254126144302169,0.5964536137378731,0.5965178546492417,0.5951350802379209,0.5979314473028673,0.5946234798899789,0.5980602066093563,,
raw,,,baseline,test,16,64,,second_order_response,5,0.04412732595635689,0.04383518105169592,0.047675721158101245,0.04741947874125012,0.04721790727237217,0.048168201400248044,0.04706492888116486,0.048508089495471064,,
raw,,,baseline,test,16,64,,sine,5,0.034031799461649845,0.03404756728646913,0.04488294825307022,0.045020140229030184,0.044140210121820705,0.04518176928489936,0.04325889284208021,0.046813728787520624,,
raw,,,baseline,test,16,128,,chirp,5,0.47028970633325196,0.4700818102890944,0.5331760214413848,0.5333305204254594,0.531809029301446,0.5340288029510194,0.5315530229480026,0.5351587315809965,,
raw,,,baseline,test,16,128,,first_order_response,5,0.04917256404147425,0.0492500712558241,0.05155488247147997,0.051839638820628316,0.051301562646617185,0.05238835370589339,0.049284130422581236,0.05296072676167974,,
raw,,,baseline,test,16,128,,piecewise_linear,5,0.02345478333065699,0.02293026846035067,0.02832163580266891,0.02749498020144483,0.027471602655263862,0.02929646968838615,0.02737358990067601,0.0299715365675737,,
raw,,,baseline,test,16,128,,ramp,5,0.03715744958585954,0.03752771181119389,0.041140114319393364,0.04133005563372002,0.041016196085332635,0.04141785884491079,0.04027074938705628,0.041665711645947116,,
raw,,,baseline,test,16,128,,regime_change,5,0.5213719259197559,0.5213973147359988,0.5921054760104427,0.5920882492516857,0.5908938523133502,0.5935219314456479,0.5901171303164384,0.5939062167250911,,
raw,,,baseline,test,16,128,,second_order_response,5,0.05805731244915446,0.05805863480110725,0.06065942544046625,0.060729636862195645,0.06053768413115122,0.06075007914670241,0.059991978435753275,0.06128774862652872,,
raw,,,baseline,test,16,128,,sine,5,0.09826132682469475,0.09870415699516163,0.10828390013101549,0.10848422425570405,0.10772330036586915,0.10866038976612936,0.10742377994690756,0.10912780632046735,,
raw,,,baseline,validation,1,32,,chirp,5,0.012391435158315783,0.012705008499876378,0.015454664006633029,0.015480806619988432,0.01499301598110121,0.015599379702146938,0.014498765915592151,0.016701351814336407,,
raw,,,baseline,validation,1,32,,first_order_response,5,0.011309622350593348,0.010882814963067347,0.014228535944174165,0.014449833818438488,0.0130547448824217,0.014697581669731705,0.012486843797248298,0.01645367555303063,,
raw,,,baseline,validation,1,32,,piecewise_linear,5,0.013125733358827385,0.012866127687044726,0.016274051581350164,0.0159316576652576,0.015352590104704314,0.017403987135635894,0.014274966682867119,0.018407056318285882,,
raw,,,baseline,validation,1,32,,ramp,5,0.011935839787463293,0.01207725502288014,0.014459527780526402,0.014435369592217166,0.014343961515371083,0.01445378595731303,0.014133294815137984,0.014931227022592749,,
raw,,,baseline,validation,1,32,,regime_change,5,0.017140361446214225,0.01810877943857939,0.021155457881664702,0.022436256375504733,0.02133652466814631,0.023170790540405575,0.015397503681922563,0.02343621414234431,,
raw,,,baseline,validation,1,32,,second_order_response,5,0.011681997168974398,0.011734537674745195,0.014607058019892188,0.014527763066262007,0.013879737181209984,0.01525282386319319,0.013741472864324481,0.015633493124471275,,
raw,,,baseline,validation,1,32,,sine,5,0.011853751234576498,0.011832516106035758,0.014720963928225228,0.014992750218799662,0.014507910992246069,0.015141937049081018,0.013743141365380669,0.015219080015618723,,
raw,,,baseline,validation,1,64,,chirp,5,0.016179830635968027,0.015899508744494792,0.019828485990482154,0.019619454230990874,0.019076494330192355,0.020755154691439293,0.018710094712366558,0.020981231987421693,,
raw,,,baseline,validation,1,64,,first_order_response,5,0.011238082365172495,0.010797650218949685,0.01406474797363962,0.014297068482196038,0.01274706379491478,0.014392996526896433,0.012299102654935477,0.016587508409255363,,
raw,,,baseline,validation,1,64,,piecewise_linear,5,0.012931392111966072,0.012538717944318623,0.016068658169141783,0.015721036088041724,0.015087106468292939,0.01712272390982129,0.014156466456950642,0.01825595792260233,,
raw,,,baseline,validation,1,64,,ramp,5,0.011765887212524334,0.011939505335420113,0.014269267400719774,0.014240780124938898,0.014142838247953128,0.014261339774312296,0.013940441072753294,0.014760937783641254,,
raw,,,baseline,validation,1,64,,regime_change,5,0.026228670994796487,0.027491868370433065,0.03149576329226953,0.033520720774743884,0.03013148028170603,0.03363803547493614,0.02627900608379854,0.03390957384616306,,
raw,,,baseline,validation,1,64,,second_order_response,5,0.01178380647439851,0.01196755166286574,0.014667893094110793,0.014912809282518131,0.01362039243730203,0.01533103050838798,0.013537578768602718,0.015937654473743106,,
raw,,,baseline,validation,1,64,,sine,5,0.011802781184544642,0.011757101851168392,0.014679464779092396,0.01496616690203425,0.014659596183969838,0.01500436108906539,0.013737492951382267,0.015029706769010236,,
raw,,,baseline,validation,1,128,,chirp,5,0.0239070671939483,0.02449120121664563,0.02855582734341617,0.028709077751818857,0.02851499127041404,0.029627428421876757,0.025376549748478115,0.030551089524493074,,
raw,,,baseline,validation,1,128,,first_order_response,5,0.01128891863157612,0.01089775785708601,0.014085700741475735,0.014104187923465213,0.012633233741083213,0.014510976005138818,0.012256558752415074,0.016923547285276355,,
raw,,,baseline,validation,1,128,,piecewise_linear,5,0.012791517293445392,0.01233533751806664,0.015914266140987964,0.015275073697927272,0.01492338505790691,0.01689629501096172,0.014208473828023893,0.018268103110120018,,
raw,,,baseline,validation,1,128,,ramp,5,0.011623898872255291,0.011759956770541632,0.01411928746251026,0.01403142816035575,0.01395504833186231,0.014147890020404683,0.0137960773424532,0.014665993457475372,,
raw,,,baseline,validation,1,128,,regime_change,5,0.03497989006250327,0.03556214448533944,0.04062413991975742,0.042111795707204795,0.03729085187812596,0.04219495228926518,0.03709964432776394,0.04442345539642721,,
raw,,,baseline,validation,1,128,,second_order_response,5,0.012311671522549228,0.012592887844370574,0.01520490910197475,0.015859720840968525,0.013841697302694187,0.015982861943487074,0.013502314898633993,0.016837950524089963,,
raw,,,baseline,validation,1,128,,sine,5,0.011681449364388197,0.011584019074781996,0.014641324268053073,0.014784861457918673,0.014619163887950584,0.014961363294364973,0.01339085046040914,0.015450382239621991,,
raw,,,baseline,validation,4,32,,chirp,5,0.03424248485000175,0.03411020673704572,0.03947127403576059,0.03942148978152117,0.039052235701283626,0.040053294352207364,0.03823671366946969,0.04059263667432109,,
raw,,,baseline,validation,4,32,,first_order_response,5,0.015390428260613065,0.015514771571766475,0.018598406767506508,0.018378205556493964,0.01825995452609877,0.019518553736708088,0.016680175935559125,0.020155144082672594,,
raw,,,baseline,validation,4,32,,piecewise_linear,5,0.013137671331061529,0.012288340898516359,0.016274326516574105,0.015567182964628655,0.014970019637681044,0.016424244868584903,0.013519909330709423,0.020890275781266496,,
raw,,,baseline,validation,4,32,,ramp,5,0.01323859357977134,0.013330287326889121,0.016209237391564883,0.01694619229925892,0.01571035047076018,0.01740233987397544,0.012464863874844929,0.018522440438984943,,
raw,,,baseline,validation,4,32,,regime_change,5,0.0672935022588588,0.06720547709273514,0.07566278270040379,0.07575292177819669,0.07564230301767091,0.07585199247150513,0.07510055247749459,0.07596614375715156,,
raw,,,baseline,validation,4,32,,second_order_response,5,0.014172490215115083,0.013843805944134622,0.017434003674529464,0.017346640112636754,0.016377064506552682,0.018259681277021666,0.015165768964569675,0.02002086351186654,,
raw,,,baseline,validation,4,32,,sine,5,0.014912657645887136,0.015266129177831055,0.01831147391905568,0.01929647471038222,0.017795077747970064,0.01949304413129246,0.015460339093589083,0.019512433912044585,,
raw,,,baseline,validation,4,64,,chirp,5,0.05923239985564386,0.059372655937258954,0.06736123824986319,0.06735053213614364,0.06701733368964247,0.067985303280968,0.06641986660898305,0.06803315553357875,,
raw,,,baseline,validation,4,64,,first_order_response,5,0.015734497795445054,0.015560613579782617,0.01884940946186276,0.018612502412110227,0.018483404727972167,0.019789695677899823,0.0171554742967118,0.020205970194619782,,
raw,,,baseline,validation,4,64,,piecewise_linear,5,0.013023335940568615,0.012224514695056988,0.016186905919460436,0.015512275744931012,0.014994757847687354,0.016263171504961815,0.01382020586460905,0.02034411863511295,,
raw,,,baseline,validation,4,64,,ramp,5,0.01253572319174418,0.012629719669934486,0.015382626282341064,0.016088653901836253,0.014940395052358718,0.01651315053755139,0.011836838020883004,0.01753409389907595,,
raw,,,baseline,validation,4,64,,regime_change,5,0.11131257955665515,0.11136565108959341,0.12601974005965513,0.12609200668149373,0.12594952917723098,0.1261278544546332,0.12570921203651206,0.12622009794840564,,
raw,,,baseline,validation,4,64,,second_order_response,5,0.01552387825915611,0.015423156701910253,0.01908404107189697,0.01906501120177866,0.01823346187637251,0.01981736001216909,0.01712111491109022,0.021183257358074376,,
raw,,,baseline,validation,4,64,,sine,5,0.01554810607039383,0.015812688176791267,0.01913545391043527,0.019758713035205554,0.01880741338923777,0.019971151804730903,0.01680294249314238,0.020337048829859736,,
raw,,,baseline,validation,4,128,,chirp,5,0.09408851538304892,0.09408049284866771,0.1069128631074803,0.1068776393307025,0.10645379181777075,0.10746581430660779,0.10603054804490651,0.10773652203741388,,
raw,,,baseline,validation,4,128,,first_order_response,5,0.016583584735027378,0.016251121899285355,0.01978327694003878,0.019512469543806914,0.019426833278415753,0.020666575629350512,0.01827808833685411,0.021032417911766604,,
raw,,,baseline,validation,4,128,,piecewise_linear,5,0.013054218255024997,0.012149737516934215,0.016399305595518502,0.015799274281502,0.015366036364324608,0.01644016608434562,0.01412951812440632,0.020261533123013965,,
raw,,,baseline,validation,4,128,,ramp,5,0.012160885288947798,0.01227288722316873,0.014813889411996264,0.01548366137065601,0.014386984720663002,0.015961514860021862,0.011354179921741068,0.016883106186899376,,
raw,,,baseline,validation,4,128,,regime_change,5,0.1392906862940744,0.13930892554599542,0.1579267439185597,0.15795730352439785,0.15791558490393423,0.15810307373736351,0.1574952181429199,0.1581625392841831,,
raw,,,baseline,validation,4,128,,second_order_response,5,0.020340999173387636,0.020361828899139522,0.024023869866317625,0.02399706025457588,0.023454724663576506,0.02463322529996378,0.022522662048430536,0.02551167706504143,,
raw,,,baseline,validation,4,128,,sine,5,0.018379657231626288,0.018203884851858868,0.02280268665708999,0.022975005168654448,0.022854723433197884,0.02302312676116278,0.02108183060842244,0.0240787473140124,,
raw,,,baseline,validation,16,32,,chirp,5,0.1884770151078978,0.18845523057882346,0.2105011256393142,0.2103978220444761,0.21000456272348056,0.21085294766666526,0.209825678010976,0.211424617750973,,
raw,,,baseline,validation,16,32,,first_order_response,5,0.03462502517990703,0.03460726352947388,0.03989812473614264,0.04068206903486846,0.03954873941756177,0.04071715962909369,0.03753485913682404,0.04100779646236523,,
raw,,,baseline,validation,16,32,,piecewise_linear,5,0.02930854573646216,0.028453681678796118,0.035177258196269115,0.03442222703811808,0.034381587115840155,0.0345907911381592,0.033703620169996514,0.03878806551923162,,
raw,,,baseline,validation,16,32,,ramp,5,0.01969263773782184,0.018685263897748338,0.024328434582370405,0.023880563874121095,0.02291048889198283,0.026071218129518597,0.021968516188559876,0.02681138582766963,,
raw,,,baseline,validation,16,32,,regime_change,5,0.37098163114386373,0.3709163126455615,0.4153074376060403,0.41572499124905893,0.4143455382120559,0.41632744715702164,0.41213925934138707,0.41799995207067764,,
raw,,,baseline,validation,16,32,,second_order_response,5,0.03888296147592673,0.03912199386790842,0.043863577058692094,0.04392911517293984,0.0436205610391336,0.04536562347044629,0.040855466020154024,0.04554711959078671,,
raw,,,baseline,validation,16,32,,sine,5,0.033324165224675795,0.033909181859625256,0.04051241999336676,0.040883755053138335,0.04059431241634203,0.04116816041939014,0.03808667061112778,0.041829201466835456,,
raw,,,baseline,validation,16,64,,chirp,5,0.2820359897756574,0.2820743414514798,0.32182044109390107,0.32150860739640036,0.32146632245433215,0.32207475242918054,0.3213223182955025,0.3227302048940899,,
raw,,,baseline,validation,16,64,,first_order_response,5,0.03849234866012845,0.03800995608397197,0.04229247265399279,0.04287883975875517,0.04164002402467056,0.04304957131846849,0.04033708624973618,0.04355684191833356,,
raw,,,baseline,validation,16,64,,piecewise_linear,5,0.030875261719247073,0.02995409314432994,0.036890856983609596,0.03641917220408092,0.03624045694300253,0.03656775999359858,0.036050938790586705,0.03917595698677924,,
raw,,,baseline,validation,16,64,,ramp,5,0.015804609426525056,0.015423756357339894,0.019629080221043687,0.01952234968478267,0.018616457002956534,0.02072541845761945,0.017264010918712314,0.02201716504114747,,
raw,,,baseline,validation,16,64,,regime_change,5,0.5228944718847857,0.5233753162592423,0.602262509452909,0.6028727166749672,0.6013999382851337,0.6031121907312813,0.5994738299609947,0.6044538716121677,,
raw,,,baseline,validation,16,64,,second_order_response,5,0.05286442591453757,0.053039880780064885,0.05604784884700685,0.056455290172768284,0.05557973371138493,0.05668534382556707,0.0546239976588452,0.05689487886646879,,
raw,,,baseline,validation,16,64,,sine,5,0.0414046148211825,0.04170419926524305,0.050473258967220394,0.049980493905781596,0.049969184474939414,0.051521241369351864,0.04936548099125566,0.05152989409477343,,
raw,,,baseline,validation,16,128,,chirp,5,0.3843682049850411,0.38445545598970865,0.43616352890989685,0.43598620669082044,0.4358555162709541,0.43619604032517195,0.4354677079634766,0.43731217329906097,,
raw,,,baseline,validation,16,128,,first_order_response,5,0.04737869459807438,0.04719137393452646,0.04997356512699676,0.05061249150579021,0.04926000860483659,0.050629154487652935,0.04833954823408151,0.05102662280262257,,
raw,,,baseline,validation,16,128,,piecewise_linear,5,0.03206996741172979,0.032101648154316355,0.041839973794234514,0.04145295280506527,0.041430482956222425,0.04168314194559633,0.04130139962847128,0.043331891635817264,,
raw,,,baseline,validation,16,128,,ramp,5,0.014411074780396545,0.01465236594496837,0.018197336946903137,0.018164971779608532,0.017336290048198127,0.018757549941686255,0.016054114462990193,0.020673758502032576,,
raw,,,baseline,validation,16,128,,regime_change,5,0.567973813833999,0.568685233176969,0.6464066579805123,0.6469922664679632,0.6461348119703919,0.6473376947904723,0.6439054793926222,0.6476630372811124,,
raw,,,baseline,validation,16,128,,second_order_response,5,0.0790419995282279,0.07898742081469223,0.08161687668364415,0.08161016347900898,0.08119794288171453,0.08203066506402225,0.08092464503475907,0.08232096695871588,,
raw,,,baseline,validation,16,128,,sine,5,0.07020762847518396,0.07073346235413949,0.07822859429084031,0.07847474178637862,0.07695807624397777,0.07866921694348149,0.07677139004947652,0.08026954643088714,,
vectorchain,absolute_geometry,"dt,dy,theta,r",reference,test,1,32,0.1,chirp,5,0.015231981349478434,0.014063310741934704,0.019014489481595415,0.017297946058673394,0.017042531594254243,0.020646723125405848,0.016868975029930938,0.023216271599712648,1.0,1.0
vectorchain,absolute_geometry,"dt,dy,theta,r",reference,test,1,32,0.1,first_order_response,5,0.011475342020420479,0.010759798136955082,0.013882509604233415,0.01398528750225967,0.012495163421274432,0.015075374284074556,0.011576107437372331,0.016280615376186084,1.0,1.0
vectorchain,absolute_geometry,"dt,dy,theta,r",reference,test,1,32,0.1,piecewise_linear,5,0.011085941411792569,0.010959390537073264,0.013485050480765204,0.013538719974930407,0.012166402983304911,0.014675464452397168,0.01093795294452792,0.016106712048665622,1.0,1.0
vectorchain,absolute_geometry,"dt,dy,theta,r",reference,test,1,32,0.1,ramp,5,0.01113995946391193,0.011382601317460822,0.013675296777996332,0.014009654621119999,0.013466414098796214,0.014155041592907876,0.011752098516106549,0.014993275061051026,1.0,1.0
vectorchain,absolute_geometry,"dt,dy,theta,r",reference,test,1,32,0.1,regime_change,5,0.019458003356783223,0.018217187712090827,0.02331295244529542,0.02112071923789957,0.019151812362210145,0.025954065228164992,0.017039753508797172,0.03329841188940522,1.0,1.0
vectorchain,absolute_geometry,"dt,dy,theta,r",reference,test,1,32,0.1,second_order_response,5,0.011080626722808587,0.010779734490877444,0.013978710376514377,0.013153770448214083,0.012956825425260325,0.01422205111113875,0.012695630688586517,0.01686527420937221,1.0,1.0
vectorchain,absolute_geometry,"dt,dy,theta,r",reference,test,1,32,0.1,sine,5,0.011633423792583752,0.011335674295117126,0.014755457062105695,0.014780491935814252,0.014284788250653171,0.015409421098310163,0.013435152147327881,0.015867431878423002,1.0,1.0
vectorchain,absolute_geometry,"dt,dy,theta,r",reference,test,1,64,0.1,chirp,5,0.014859628509399717,0.013785862526795435,0.018277947156484793,0.016586885892742147,0.01646420544531632,0.020593169764066388,0.01546810785311164,0.02227736682718748,1.0,1.0
vectorchain,absolute_geometry,"dt,dy,theta,r",reference,test,1,64,0.1,first_order_response,5,0.011402781664884645,0.010683586408342851,0.013796985294607229,0.01395249439131989,0.01248980010596092,0.01483818494245792,0.011515117779841643,0.01618932925345578,1.0,1.0
vectorchain,absolute_geometry,"dt,dy,theta,r",reference,test,1,64,0.1,piecewise_linear,5,0.011050542821335465,0.010973976267992515,0.013431055673207973,0.013515929514017961,0.011970047721538445,0.014617065772890597,0.011055298688554894,0.015996936669037967,1.0,1.0
vectorchain,absolute_geometry,"dt,dy,theta,r",reference,test,1,64,0.1,ramp,5,0.011093163720584146,0.0112663798135406,0.013598846116997151,0.01385087117220596,0.013371775057785688,0.014182153064212269,0.011684653287537572,0.014904778003244272,1.0,1.0
vectorchain,absolute_geometry,"dt,dy,theta,r",reference,test,1,64,0.1,regime_change,5,0.015902632877853796,0.015764720813850594,0.01967828030796601,0.01930640044950375,0.01870015684040684,0.019700502810210335,0.017007547845611686,0.023676793594097443,1.0,1.0
vectorchain,absolute_geometry,"dt,dy,theta,r",reference,test,1,64,0.1,second_order_response,5,0.011017603424913062,0.010780571918300312,0.013900370352562672,0.013255624383988173,0.01266080733698158,0.014235102866693496,0.012582842172658993,0.016767475002491126,1.0,1.0
vectorchain,absolute_geometry,"dt,dy,theta,r",reference,test,1,64,0.1,sine,5,0.01167276746767779,0.011608339058229566,0.014681535268819604,0.01461711708999893,0.014372366373712763,0.014955183504327774,0.014089985567648905,0.015373023808409636,1.0,1.0
vectorchain,absolute_geometry,"dt,dy,theta,r",reference,test,1,128,0.1,chirp,5,0.014725099483987147,0.013956698124146122,0.01829670190232711,0.0179340927805873,0.016671660982991898,0.0194726931690319,0.016313843673907272,0.021091218905117184,1.0,1.0
vectorchain,absolute_geometry,"dt,dy,theta,r",reference,test,1,128,0.1,first_order_response,5,0.011324253575283057,0.010547974269467878,0.013719053861412908,0.013780849763883211,0.012344349329888376,0.014933462127014565,0.011432239628381831,0.01610436845789656,1.0,1.0
vectorchain,absolute_geometry,"dt,dy,theta,r",reference,test,1,128,0.1,piecewise_linear,5,0.010987565344470887,0.010922322876657379,0.013415882162407217,0.013457044093505326,0.01215696626987222,0.014621580541028563,0.010910070589629308,0.01593374931800067,1.0,1.0
vectorchain,absolute_geometry,"dt,dy,theta,r",reference,test,1,128,0.1,ramp,5,0.011043668390278028,0.011207135694120875,0.013569798348768114,0.01381520311440262,0.01335106306924675,0.014094201465016281,0.011678392983708544,0.01491013111146638,1.0,1.0
vectorchain,absolute_geometry,"dt,dy,theta,r",reference,test,1,128,0.1,regime_change,5,0.01602727459976936,0.015575645441217418,0.01983048934312508,0.019356617146187454,0.01903002672956575,0.02053126163843111,0.018591599641948012,0.02164294155949308,1.0,1.0
vectorchain,absolute_geometry,"dt,dy,theta,r",reference,test,1,128,0.1,second_order_response,5,0.010985881814592958,0.010815988029100504,0.013921772682245143,0.013146848029295293,0.012928355732316795,0.014211997756619224,0.012498726157248584,0.016822935735745823,1.0,1.0
vectorchain,absolute_geometry,"dt,dy,theta,r",reference,test,1,128,0.1,sine,5,0.011764528202156285,0.011812635519375937,0.014697683658537592,0.014496687832511443,0.014440757369077076,0.01503524384816031,0.014403752217500542,0.01511197702543858,1.0,1.0
vectorchain,absolute_geometry,"dt,dy,theta,r",reference,test,4,32,0.1,chirp,5,0.040627918963218226,0.03726236565964709,0.05453556582810552,0.049061248360597824,0.04806210970217492,0.05697895695301187,0.04222733480683144,0.07634817931791156,1.0,1.0
vectorchain,absolute_geometry,"dt,dy,theta,r",reference,test,4,32,0.1,first_order_response,5,0.012630062030958475,0.012509506916379773,0.015955960697617986,0.0157092731759715,0.014671783929977785,0.017926377218641525,0.012560570278422077,0.01891179888507704,1.0,1.0
vectorchain,absolute_geometry,"dt,dy,theta,r",reference,test,4,32,0.1,piecewise_linear,5,0.012164835368896714,0.011993012630340829,0.01528505803414892,0.014645834940850458,0.01454288937211567,0.016409448673858757,0.014340125012059942,0.016486992171859765,1.0,1.0
vectorchain,absolute_geometry,"dt,dy,theta,r",reference,test,4,32,0.1,ramp,5,0.011323999656802737,0.011920176389582334,0.01406021425602921,0.014833672234912174,0.012906000748913697,0.015399140465544137,0.01099695397168555,0.016165303859090496,1.0,1.0
vectorchain,absolute_geometry,"dt,dy,theta,r",reference,test,4,32,0.1,regime_change,5,0.05250216001143262,0.04866994584382033,0.06811831087251538,0.06304675747800177,0.04805784977040865,0.0792176560590338,0.046398970094652076,0.10387032096048063,1.0,1.0
vectorchain,absolute_geometry,"dt,dy,theta,r",reference,test,4,32,0.1,second_order_response,5,0.013084361005395295,0.013098013168907529,0.016368633352152145,0.016385492798318954,0.01629781965886124,0.01678555461456877,0.0148179970418403,0.01755630264717147,1.0,1.0
vectorchain,absolute_geometry,"dt,dy,theta,r",reference,test,4,32,0.1,sine,5,0.018127062059074873,0.018376224682109362,0.022440793755141554,0.023027632317242544,0.02187152841133265,0.0231279266806342,0.02096116713653212,0.023215714229966246,1.0,1.0
vectorchain,absolute_geometry,"dt,dy,theta,r",reference,test,4,64,0.1,chirp,5,0.03455787208442699,0.03408065431427494,0.04286097182893664,0.043503514469743446,0.04308331479162552,0.04451368425713607,0.03846686055591861,0.044737485070259556,1.0,1.0
vectorchain,absolute_geometry,"dt,dy,theta,r",reference,test,4,64,0.1,first_order_response,5,0.012101353033155448,0.011926947200875107,0.015424397468242534,0.014999461083622687,0.01427084135267371,0.017373633953265022,0.012037370947337967,0.01844068000431328,1.0,1.0
vectorchain,absolute_geometry,"dt,dy,theta,r",reference,test,4,64,0.1,piecewise_linear,5,0.011921295067487302,0.011946347019663048,0.014830116878149549,0.014189700127383593,0.01414699876480405,0.01591553446091494,0.013764876548991133,0.016133474488654025,1.0,1.0
vectorchain,absolute_geometry,"dt,dy,theta,r",reference,test,4,64,0.1,ramp,5,0.010895709367046555,0.011403377610277352,0.0134816216212443,0.014105439501955313,0.012211304381873535,0.014717205864866433,0.010724564295921193,0.01564959406160501,1.0,1.0
vectorchain,absolute_geometry,"dt,dy,theta,r",reference,test,4,64,0.1,regime_change,5,0.04012477419668016,0.04017748017831606,0.048836326809899785,0.048605870426422434,0.04808699828453727,0.04920784672694095,0.04539958900395734,0.05288132960764093,1.0,1.0
vectorchain,absolute_geometry,"dt,dy,theta,r",reference,test,4,64,0.1,second_order_response,5,0.012801989153383736,0.012535922769083194,0.01592118154483625,0.01598334027361641,0.0159325612836779,0.015991736479886533,0.014722787926332708,0.016975481760667707,1.0,1.0
vectorchain,absolute_geometry,"dt,dy,theta,r",reference,test,4,64,0.1,sine,5,0.01628262888443151,0.016575688709540813,0.02043997687845555,0.020493123486953202,0.020348106904478677,0.02067581533200751,0.01942443003768161,0.02125840863115676,1.0,1.0
vectorchain,absolute_geometry,"dt,dy,theta,r",reference,test,4,128,0.1,chirp,5,0.04577788744825725,0.04574300705880947,0.05454463391173499,0.055755209100581744,0.05278526944128251,0.055859323389646394,0.05153478644577589,0.05678858118138839,1.0,1.0
vectorchain,absolute_geometry,"dt,dy,theta,r",reference,test,4,128,0.1,first_order_response,5,0.011927491286286103,0.011718046091605674,0.015159407818267056,0.014705012549083215,0.014156830765812024,0.017095838651967107,0.01186016274160312,0.017979194382869823,1.0,1.0
vectorchain,absolute_geometry,"dt,dy,theta,r",reference,test,4,128,0.1,piecewise_linear,5,0.011836902997854164,0.011821391644902304,0.014691088308281794,0.014103460276774657,0.01402864751816833,0.01564162688989548,0.013763866292555877,0.015917840564014626,1.0,1.0
vectorchain,absolute_geometry,"dt,dy,theta,r",reference,test,4,128,0.1,ramp,5,0.010685400593268361,0.011213752535086476,0.013287928718533631,0.014030156447238809,0.012061660990438544,0.014493534488420348,0.010441165404129486,0.015413126262440966,1.0,1.0
vectorchain,absolute_geometry,"dt,dy,theta,r",reference,test,4,128,0.1,regime_change,5,0.046857131386783796,0.04769969099830511,0.05860135237319225,0.06006311107452014,0.05702124648785136,0.06038369315457159,0.05347267789345242,0.06206603325556574,1.0,1.0
vectorchain,absolute_geometry,"dt,dy,theta,r",reference,test,4,128,0.1,second_order_response,5,0.012924590994180928,0.012762138629764198,0.016121094725838434,0.016178602819614377,0.01594317752247713,0.016188345629112144,0.014918235508396143,0.017377112149592363,1.0,1.0
vectorchain,absolute_geometry,"dt,dy,theta,r",reference,test,4,128,0.1,sine,5,0.01564690637939422,0.01586633043435886,0.020183624421869033,0.020235322834116037,0.018989635638793346,0.02088936615341178,0.01839324186886968,0.022410555614154337,1.0,1.0
vectorchain,absolute_geometry,"dt,dy,theta,r",reference,test,16,32,0.1,chirp,5,0.24463299514011383,0.2244687888874925,0.31587237905639387,0.27648176885568776,0.2729235566537347,0.4041280995535553,0.2043644553431523,0.42146401487583934,1.0,1.0
vectorchain,absolute_geometry,"dt,dy,theta,r",reference,test,16,32,0.1,first_order_response,5,0.01519202253469773,0.01664460060298103,0.01900096141374546,0.020808354495148163,0.018357453551357313,0.02092851225027263,0.01359286478860378,0.021317621983345407,1.0,1.0
vectorchain,absolute_geometry,"dt,dy,theta,r",reference,test,16,32,0.1,piecewise_linear,5,0.015035775303900703,0.014689057189778339,0.01875881294503178,0.01858290848170556,0.017207413170340306,0.018868163524453575,0.016327128985830292,0.022808450562829194,1.0,1.0
vectorchain,absolute_geometry,"dt,dy,theta,r",reference,test,16,32,0.1,ramp,5,0.014362934521935345,0.01442983048979362,0.01825187758351801,0.01804880949432848,0.01699064475136297,0.01991228159309957,0.01618905986430701,0.020118592214492033,1.0,1.0
vectorchain,absolute_geometry,"dt,dy,theta,r",reference,test,16,32,0.1,regime_change,5,0.26803247326942736,0.2003997751100551,0.35881838607482797,0.2531926989676538,0.24911845015659664,0.5021861467470636,0.20893693524804957,0.5806576992547763,1.0,1.0
vectorchain,absolute_geometry,"dt,dy,theta,r",reference,test,16,32,0.1,second_order_response,5,0.01624432793684017,0.01626670327209404,0.02059420398605958,0.020800002028712943,0.02018959134179338,0.021319938719934737,0.018863102248992035,0.02179838559086482,1.0,1.0
vectorchain,absolute_geometry,"dt,dy,theta,r",reference,test,16,32,0.1,sine,5,0.08310986249963496,0.08347330392368775,0.09190913742760637,0.09217352211544988,0.0915609079050365,0.09256058499939063,0.09032667521945581,0.09292399689869903,1.0,1.0
vectorchain,absolute_geometry,"dt,dy,theta,r",reference,test,16,64,0.1,chirp,5,0.20559021867154895,0.20165499148192587,0.27543458226347733,0.26695273706907924,0.2595546007427682,0.28344821208351173,0.2545826558876646,0.3126347055343627,1.0,1.0
vectorchain,absolute_geometry,"dt,dy,theta,r",reference,test,16,64,0.1,first_order_response,5,0.01321607044863174,0.013692904220251276,0.01695894488595686,0.0182174106673623,0.01588363267324042,0.018657782378608843,0.013253025386325073,0.01878287332424765,1.0,1.0
vectorchain,absolute_geometry,"dt,dy,theta,r",reference,test,16,64,0.1,piecewise_linear,5,0.014702019593259447,0.015177827108342505,0.018395526100992522,0.018530767198638498,0.016804588352284405,0.01894054016915511,0.01602646235838703,0.021675272426497572,1.0,1.0
vectorchain,absolute_geometry,"dt,dy,theta,r",reference,test,16,64,0.1,ramp,5,0.012211743054589955,0.011846807044191412,0.015455708202986437,0.014455774401610763,0.01433973990707643,0.017083926343465217,0.013524610059155626,0.017874490303624143,1.0,1.0
vectorchain,absolute_geometry,"dt,dy,theta,r",reference,test,16,64,0.1,regime_change,5,0.2525508462674223,0.25250094883868085,0.3168001404811712,0.3128638818224111,0.30840297667513633,0.31327532372753053,0.30145536068605444,0.3480031594947238,1.0,1.0
vectorchain,absolute_geometry,"dt,dy,theta,r",reference,test,16,64,0.1,second_order_response,5,0.017518862879242824,0.017596507144388242,0.021761484962227805,0.021605685406684536,0.02119010784612036,0.0221602879579977,0.021032680472140977,0.022818663128195464,1.0,1.0
vectorchain,absolute_geometry,"dt,dy,theta,r",reference,test,16,64,0.1,sine,5,0.053430572435701706,0.053357430844085604,0.06192864211252488,0.06178997335363619,0.06175539216121907,0.062388689293142376,0.059799502940601774,0.06390965281402496,1.0,1.0
vectorchain,absolute_geometry,"dt,dy,theta,r",reference,test,16,128,0.1,chirp,5,0.30036174508503743,0.2951293903537297,0.3562721712487448,0.35045613682984694,0.3488580147610544,0.3715219924092603,0.31881519040297657,0.39170952184058566,1.0,1.0
vectorchain,absolute_geometry,"dt,dy,theta,r",reference,test,16,128,0.1,first_order_response,5,0.011913571244465524,0.012725409200010572,0.01560672384234682,0.017144984721550023,0.014647909005163521,0.017188937855144547,0.011667644182960882,0.01738414344691513,1.0,1.0
vectorchain,absolute_geometry,"dt,dy,theta,r",reference,test,16,128,0.1,piecewise_linear,5,0.013834976749288113,0.013291001525625686,0.017338751240032018,0.016782489440644314,0.016567154042734088,0.0171027220236009,0.016129349924684712,0.020112040768496067,1.0,1.0
vectorchain,absolute_geometry,"dt,dy,theta,r",reference,test,16,128,0.1,ramp,5,0.011406975511347124,0.01103591686858764,0.01446034625858349,0.013754814988773128,0.013483284150555807,0.01603612962305216,0.012520227985041264,0.016507274545495085,1.0,1.0
vectorchain,absolute_geometry,"dt,dy,theta,r",reference,test,16,128,0.1,regime_change,5,0.31792867763238986,0.32054138749314914,0.38909916123919813,0.39039467382299214,0.3844095448072987,0.4130006551116234,0.34447268906433604,0.4132182433897403,1.0,1.0
vectorchain,absolute_geometry,"dt,dy,theta,r",reference,test,16,128,0.1,second_order_response,5,0.02079091152349364,0.02065355035344659,0.025853647027734496,0.025402929024624356,0.025036873527343944,0.025500599107737654,0.0243786469372113,0.02894918654175521,1.0,1.0
vectorchain,absolute_geometry,"dt,dy,theta,r",reference,test,16,128,0.1,sine,5,0.04316005047865628,0.04445465880096015,0.0563599348606623,0.05333535115040778,0.045324388578730425,0.06645557957639017,0.042896325182064,0.07378802981571912,1.0,1.0
vectorchain,absolute_geometry,"dt,dy,theta,r",reference,validation,1,32,0.1,chirp,5,0.014729818155756132,0.014777644569560664,0.018328328592945798,0.017681081522855167,0.016789186479891735,0.02130498816922686,0.014367943524260613,0.021498443268494618,1.0,1.0
vectorchain,absolute_geometry,"dt,dy,theta,r",reference,validation,1,32,0.1,first_order_response,5,0.011072756882357603,0.01060944751802994,0.014013978857139139,0.014047961310427876,0.013126646500524421,0.01467490825502704,0.012487172179261614,0.015733206040454743,1.0,1.0
vectorchain,absolute_geometry,"dt,dy,theta,r",reference,validation,1,32,0.1,piecewise_linear,5,0.013153619635270638,0.012812668689136929,0.01632063349596666,0.01631666394439257,0.015242970930427882,0.01731463815212381,0.014099559851464123,0.01862933460142492,1.0,1.0
vectorchain,absolute_geometry,"dt,dy,theta,r",reference,validation,1,32,0.1,ramp,5,0.011762231992375444,0.011946004820652393,0.014248617040611432,0.014108942725227898,0.014082109719194123,0.014276906541188003,0.013931150655900306,0.014843975561546837,1.0,1.0
vectorchain,absolute_geometry,"dt,dy,theta,r",reference,validation,1,32,0.1,regime_change,5,0.01924733685071916,0.01816221622899733,0.0233086957252925,0.020954314858888885,0.020666205465575453,0.02254305267867382,0.020554861991367954,0.03182504363195639,1.0,1.0
vectorchain,absolute_geometry,"dt,dy,theta,r",reference,validation,1,32,0.1,second_order_response,5,0.011255043868553027,0.010936355811390845,0.014181915476886544,0.01381172091040816,0.013799334700591573,0.014789628950087943,0.0135889799083806,0.014919912914964445,1.0,1.0
vectorchain,absolute_geometry,"dt,dy,theta,r",reference,validation,1,32,0.1,sine,5,0.011992906414027307,0.012088353381280972,0.01493407145567828,0.014909010979222153,0.014899384168535116,0.015247932000536202,0.013948921276007668,0.015665108854090254,1.0,1.0
vectorchain,absolute_geometry,"dt,dy,theta,r",reference,validation,1,64,0.1,chirp,5,0.01311917985664723,0.012568176902578991,0.016281469062754787,0.015459536611211204,0.015362353568808162,0.015687699159775727,0.014664414396502583,0.020233341577476267,1.0,1.0
vectorchain,absolute_geometry,"dt,dy,theta,r",reference,validation,1,64,0.1,first_order_response,5,0.010930333503641637,0.010393454412664826,0.0138825478954236,0.013845981706846679,0.012933301206998425,0.014635004205670316,0.01255026391849108,0.015448188439111499,1.0,1.0
vectorchain,absolute_geometry,"dt,dy,theta,r",reference,validation,1,64,0.1,piecewise_linear,5,0.01313228546211175,0.01260549435935336,0.016319276890024974,0.016407217157356185,0.015187003969880502,0.017818358808833937,0.014147205179833026,0.018036599334221217,1.0,1.0
vectorchain,absolute_geometry,"dt,dy,theta,r",reference,validation,1,64,0.1,ramp,5,0.011588921291596287,0.011752336085715211,0.01404440682477472,0.013965706021369116,0.013728645503381395,0.014120121283376207,0.013645930260131623,0.014761631055615246,1.0,1.0
vectorchain,absolute_geometry,"dt,dy,theta,r",reference,validation,1,64,0.1,regime_change,5,0.01683719196822985,0.017091304866959228,0.020883691522935677,0.02111134780859807,0.02046511136822748,0.02162520563272369,0.016440472590657524,0.02477632021447162,1.0,1.0
vectorchain,absolute_geometry,"dt,dy,theta,r",reference,validation,1,64,0.1,second_order_response,5,0.011196479822717851,0.010955377419950483,0.014057621287415228,0.013827666794810572,0.01379104212991424,0.014543256475666549,0.01333315663331891,0.01479298440336587,1.0,1.0
vectorchain,absolute_geometry,"dt,dy,theta,r",reference,validation,1,64,0.1,sine,5,0.012155321848214445,0.012051108905108502,0.015203601782782922,0.015152630552038542,0.014987429534373561,0.015434219158318293,0.014249188726774824,0.016194540942409394,1.0,1.0
vectorchain,absolute_geometry,"dt,dy,theta,r",reference,validation,1,128,0.1,chirp,5,0.012173311601819711,0.011633305778489594,0.015370422293244996,0.014758744142402356,0.014098041536562118,0.015191994379365715,0.0137992173331334,0.01900411407476139,1.0,1.0
vectorchain,absolute_geometry,"dt,dy,theta,r",reference,validation,1,128,0.1,first_order_response,5,0.010878296814830584,0.010340130917809005,0.013768258333580172,0.013792404259914171,0.012761887637108532,0.014455106141535166,0.012327551535670665,0.01550434209367232,1.0,1.0
vectorchain,absolute_geometry,"dt,dy,theta,r",reference,validation,1,128,0.1,piecewise_linear,5,0.0130270583293375,0.012910895170270732,0.016146051600471483,0.015784595733905844,0.01538640305540779,0.017594622297844163,0.014143307680850474,0.017821329234349138,1.0,1.0
vectorchain,absolute_geometry,"dt,dy,theta,r",reference,validation,1,128,0.1,ramp,5,0.011610868169586716,0.011818233778482864,0.014055573049786208,0.013917386871155664,0.013905318543133855,0.01408200656570062,0.013663718938867524,0.014709434330073379,1.0,1.0
vectorchain,absolute_geometry,"dt,dy,theta,r",reference,validation,1,128,0.1,regime_change,5,0.016717180200232256,0.017317634481105397,0.020824881836368415,0.021807765931765283,0.01938733653393053,0.02206674966238549,0.017694048806628632,0.02316850824713215,1.0,1.0
vectorchain,absolute_geometry,"dt,dy,theta,r",reference,validation,1,128,0.1,second_order_response,5,0.011399066973518942,0.011292505032522658,0.014346859948922906,0.014223795058917911,0.013862363338430066,0.014967571195871051,0.013546795902247206,0.015133774249148288,1.0,1.0
vectorchain,absolute_geometry,"dt,dy,theta,r",reference,validation,1,128,0.1,sine,5,0.012379815920240792,0.012402367343706134,0.015365575806759952,0.015443977358939386,0.015148655660009336,0.015680897624375984,0.014754164905055335,0.015800183485419717,1.0,1.0
vectorchain,absolute_geometry,"dt,dy,theta,r",reference,validation,4,32,0.1,chirp,5,0.038382077793533066,0.03628385156699293,0.047594404792716274,0.043125294986966475,0.04119910332426675,0.049867225861869015,0.040135795700280454,0.06364460409019866,1.0,1.0
vectorchain,absolute_geometry,"dt,dy,theta,r",reference,validation,4,32,0.1,first_order_response,5,0.013711614241290651,0.014206968054083693,0.016863475469540874,0.01660933569114926,0.016387280861315023,0.01762761191440056,0.014937454459944493,0.018755694420895027,1.0,1.0
vectorchain,absolute_geometry,"dt,dy,theta,r",reference,validation,4,32,0.1,piecewise_linear,5,0.013326382316004474,0.012598931819062935,0.01641969519529324,0.015567035202892616,0.015062487509486194,0.016756198371271683,0.01348196545526522,0.021230789437550496,1.0,1.0
vectorchain,absolute_geometry,"dt,dy,theta,r",reference,validation,4,32,0.1,ramp,5,0.012559845490605865,0.012907906472846358,0.01533340350602134,0.01594351099337121,0.01490310947805222,0.01616659894452221,0.012048231446003626,0.017605566668157435,1.0,1.0
vectorchain,absolute_geometry,"dt,dy,theta,r",reference,validation,4,32,0.1,regime_change,5,0.056740626685793896,0.05256127769500548,0.07166492185161974,0.0675622747367923,0.05305509061347033,0.08165703853483275,0.04327249063630306,0.11277771473670023,1.0,1.0
vectorchain,absolute_geometry,"dt,dy,theta,r",reference,validation,4,32,0.1,second_order_response,5,0.012466702689107486,0.01243537712610383,0.01528219520841632,0.015544936915835432,0.013971627532656924,0.015963444386025344,0.01286544394658764,0.01806552326097627,1.0,1.0
vectorchain,absolute_geometry,"dt,dy,theta,r",reference,validation,4,32,0.1,sine,5,0.01963944683364402,0.020006492797970413,0.02411076409995717,0.024412065766504346,0.02409689565805514,0.02441271775851762,0.022470110390131894,0.02516203092657685,1.0,1.0
vectorchain,absolute_geometry,"dt,dy,theta,r",reference,validation,4,64,0.1,chirp,5,0.024084046839533708,0.02450612445046938,0.030000412254499682,0.030172403934898395,0.029153426278709628,0.0305557831794037,0.02894131345706961,0.03117913442241707,1.0,1.0
vectorchain,absolute_geometry,"dt,dy,theta,r",reference,validation,4,64,0.1,first_order_response,5,0.013106456903745765,0.01365702520169233,0.01621195878674702,0.01591638952144463,0.015909715150447142,0.017131743460206,0.014290001164796336,0.017811944636841,1.0,1.0
vectorchain,absolute_geometry,"dt,dy,theta,r",reference,validation,4,64,0.1,piecewise_linear,5,0.013717416403604115,0.013896938846395738,0.017393269487699092,0.01696145449170607,0.01566431851008926,0.017371078080068436,0.013864991708433354,0.023104504648198354,1.0,1.0
vectorchain,absolute_geometry,"dt,dy,theta,r",reference,validation,4,64,0.1,ramp,5,0.012028488925457832,0.012134252906182487,0.01467819017970591,0.015363419677402792,0.014231144691473562,0.015746254070774554,0.011179539073253955,0.0168705933856247,1.0,1.0
vectorchain,absolute_geometry,"dt,dy,theta,r",reference,validation,4,64,0.1,regime_change,5,0.04290594299015419,0.0420977921200642,0.05171300034015066,0.05078752317663183,0.04946095500487901,0.05297102504648534,0.047675599170857584,0.05766989930189956,1.0,1.0
vectorchain,absolute_geometry,"dt,dy,theta,r",reference,validation,4,64,0.1,second_order_response,5,0.012382643566945187,0.012367261388432922,0.015150865911304537,0.015230935509503525,0.014149764607236699,0.01568093862578837,0.013120617895787095,0.01757207291820699,1.0,1.0
vectorchain,absolute_geometry,"dt,dy,theta,r",reference,validation,4,64,0.1,sine,5,0.018183033029459346,0.01897410934539046,0.023396991575850373,0.023464552044195883,0.021889461224928974,0.025180802595465235,0.019876873368141795,0.026573268646519974,1.0,1.0
vectorchain,absolute_geometry,"dt,dy,theta,r",reference,validation,4,128,0.1,chirp,5,0.025772518506502314,0.026576937446578807,0.03238132216551644,0.032718960138620135,0.03044592814980514,0.034358414847801104,0.029703551922922577,0.03467975576843321,1.0,1.0
vectorchain,absolute_geometry,"dt,dy,theta,r",reference,validation,4,128,0.1,first_order_response,5,0.012963939734189281,0.013521486402535832,0.015980399923490655,0.0158018915674207,0.015631914893981812,0.01681656688455868,0.014055886401433912,0.017595739870058167,1.0,1.0
vectorchain,absolute_geometry,"dt,dy,theta,r",reference,validation,4,128,0.1,piecewise_linear,5,0.013304554094105275,0.01283154149401532,0.016917078062626188,0.015759010097160294,0.01575150206760523,0.01648512373890776,0.014880970064580766,0.021708784344876893,1.0,1.0
vectorchain,absolute_geometry,"dt,dy,theta,r",reference,validation,4,128,0.1,ramp,5,0.011926352691776337,0.012117032222339633,0.014584569701008313,0.015335649876920399,0.014230474025703458,0.015602841103606387,0.011103184588605316,0.01665069891020601,1.0,1.0
vectorchain,absolute_geometry,"dt,dy,theta,r",reference,validation,4,128,0.1,regime_change,5,0.055330463351773065,0.05280424078793335,0.06728708145242364,0.06493775575835573,0.062321998271933986,0.07047353016018434,0.06169466579540838,0.07700745727623577,1.0,1.0
vectorchain,absolute_geometry,"dt,dy,theta,r",reference,validation,4,128,0.1,second_order_response,5,0.013706072949009376,0.013451399985308813,0.017308005625962488,0.0178646045094465,0.016251118064816942,0.01810190874517355,0.01434767390277844,0.019974722907597005,1.0,1.0
vectorchain,absolute_geometry,"dt,dy,theta,r",reference,validation,4,128,0.1,sine,5,0.017755312719008452,0.01805264242838228,0.024281663092667678,0.023004759027890294,0.02287417439024956,0.02315050230873012,0.021874337091901848,0.030504542644566566,1.0,1.0
vectorchain,absolute_geometry,"dt,dy,theta,r",reference,validation,16,32,0.1,chirp,5,0.20760900199721227,0.19416706116325166,0.25182301317648276,0.24505270336033613,0.23334413154022687,0.3062929187421285,0.15994357165864417,0.31448174058107814,1.0,1.0
vectorchain,absolute_geometry,"dt,dy,theta,r",reference,validation,16,32,0.1,first_order_response,5,0.016030455951961512,0.01617444904937244,0.01995362824839541,0.020071944803441138,0.019759344363058963,0.020312954237073945,0.01728002583768311,0.022343872000719883,1.0,1.0
vectorchain,absolute_geometry,"dt,dy,theta,r",reference,validation,16,32,0.1,piecewise_linear,5,0.027193943003933452,0.027061633251695454,0.04092320296716271,0.037817269387247734,0.0377735512763649,0.03808932020032336,0.037557953132910535,0.05337792083896703,1.0,1.0
vectorchain,absolute_geometry,"dt,dy,theta,r",reference,validation,16,32,0.1,ramp,5,0.015513484342188744,0.015576570829538918,0.019317840688431502,0.01981074924950174,0.01798130456386796,0.02014923268488281,0.01744763092442472,0.02120028601948029,1.0,1.0
vectorchain,absolute_geometry,"dt,dy,theta,r",reference,validation,16,32,0.1,regime_change,5,0.3251255658878581,0.2547167029785088,0.4030184311734099,0.2988600436248907,0.2828911534190762,0.5782073015743955,0.21737770412443438,0.6377559531242526,1.0,1.0
vectorchain,absolute_geometry,"dt,dy,theta,r",reference,validation,16,32,0.1,second_order_response,5,0.01880773041110101,0.018437469269264088,0.022921986483861706,0.02232820799452504,0.022288208822548443,0.0225443219290131,0.02179500107578044,0.025654192597441516,1.0,1.0
vectorchain,absolute_geometry,"dt,dy,theta,r",reference,validation,16,32,0.1,sine,5,0.0855592171408808,0.08593214384899672,0.09516693194106593,0.09601837084823817,0.09382787355148456,0.0964170134583379,0.09189117905856507,0.09768022278870392,1.0,1.0
vectorchain,absolute_geometry,"dt,dy,theta,r",reference,validation,16,64,0.1,chirp,5,0.12184762010968109,0.1205707739731255,0.1456316663137835,0.13988398321393944,0.1388531353385775,0.15492881370446607,0.12209594403720155,0.17239645527473293,1.0,1.0
vectorchain,absolute_geometry,"dt,dy,theta,r",reference,validation,16,64,0.1,first_order_response,5,0.013718503055750366,0.013716446547816159,0.017100311065884364,0.016816970132088896,0.01674038850653417,0.017678564378158304,0.014704315092333466,0.019561317220306976,1.0,1.0
vectorchain,absolute_geometry,"dt,dy,theta,r",reference,validation,16,64,0.1,piecewise_linear,5,0.029017744729775263,0.028723983552254185,0.04445293858714365,0.04403610444081705,0.04040353946701509,0.04527982036426048,0.04039005541465004,0.05215517324897561,1.0,1.0
vectorchain,absolute_geometry,"dt,dy,theta,r",reference,validation,16,64,0.1,ramp,5,0.012805945550742076,0.013091362673735923,0.015837577652206437,0.015536133124106217,0.01544757860022645,0.01737121160904409,0.012992621421675005,0.017840343505980415,1.0,1.0
vectorchain,absolute_geometry,"dt,dy,theta,r",reference,validation,16,64,0.1,regime_change,5,0.2888774343594853,0.2808438362705807,0.35990506837347996,0.3586240554972204,0.346127583823984,0.3836057951803021,0.3240671112145238,0.3871007961513695,1.0,1.0
vectorchain,absolute_geometry,"dt,dy,theta,r",reference,validation,16,64,0.1,second_order_response,5,0.01946829785655053,0.019301191595356863,0.0235429038127525,0.02337678345659627,0.023072437033335187,0.0235548284386009,0.022965536055911277,0.02474493407931886,1.0,1.0
vectorchain,absolute_geometry,"dt,dy,theta,r",reference,validation,16,64,0.1,sine,5,0.05503710593126783,0.05441462301648801,0.06776321117348665,0.06912551406430137,0.0659729487317539,0.07106860566552654,0.0614818097127534,0.07116717769309805,1.0,1.0
vectorchain,absolute_geometry,"dt,dy,theta,r",reference,validation,16,128,0.1,chirp,5,0.13845623903643484,0.13880594936116034,0.17133341760381487,0.17331563231896677,0.16847600752837133,0.17548836897522524,0.1554774371096635,0.1839096420868475,1.0,1.0
vectorchain,absolute_geometry,"dt,dy,theta,r",reference,validation,16,128,0.1,first_order_response,5,0.012861237947547751,0.012829956060005197,0.01593353337898815,0.015779790352840106,0.015249850072252226,0.01620826918288848,0.014126238016659812,0.018303519270300123,1.0,1.0
vectorchain,absolute_geometry,"dt,dy,theta,r",reference,validation,16,128,0.1,piecewise_linear,5,0.03009622823576501,0.030698288254313946,0.04191102604153356,0.0417895491428805,0.040609267096961665,0.04218908118385217,0.04053389765446379,0.044433335129509643,1.0,1.0
vectorchain,absolute_geometry,"dt,dy,theta,r",reference,validation,16,128,0.1,ramp,5,0.0121565084765432,0.01228726880194666,0.015161827830702676,0.014854556902024469,0.01466441685342398,0.016616882624978523,0.012720571260660282,0.016952711512426114,1.0,1.0
vectorchain,absolute_geometry,"dt,dy,theta,r",reference,validation,16,128,0.1,regime_change,5,0.3488367635891198,0.3591132560534391,0.4183301439238815,0.4342878776941478,0.3902104177665851,0.43953138233195316,0.383627914372884,0.4439931274538377,1.0,1.0
vectorchain,absolute_geometry,"dt,dy,theta,r",reference,validation,16,128,0.1,second_order_response,5,0.028325462204050873,0.02757034780524964,0.03663607606483456,0.034928117995537356,0.03129585796077246,0.040369737137122524,0.02935642955523082,0.04723023767550962,1.0,1.0
vectorchain,absolute_geometry,"dt,dy,theta,r",reference,validation,16,128,0.1,sine,5,0.047497049569073815,0.046225253903272034,0.0728415597268673,0.06852632075523614,0.06616551457774872,0.0720212053746994,0.06568055641485208,0.09181420151180016,1.0,1.0
vectorchain,full_relational,"dt,dy,theta,r,delta_theta,delta_r",secondary,test,1,32,0.1,chirp,5,0.019132221873259372,0.01956370800685241,0.02547612524276218,0.025778621308961056,0.020695101518166104,0.02643775005518798,0.020184302695623102,0.03428485063587267,1.3695708764368357,1.16686123468991
vectorchain,full_relational,"dt,dy,theta,r,delta_theta,delta_r",secondary,test,1,32,0.1,first_order_response,5,0.011475331106635844,0.010757140060027884,0.01388249152550495,0.01398232712944991,0.012497083845972633,0.015076517867017648,0.011576629706315593,0.016279899078768967,1.0000037985270283,1.0000451161105826
vectorchain,full_relational,"dt,dy,theta,r,delta_theta,delta_r",secondary,test,1,32,0.1,piecewise_linear,5,0.01108645907525729,0.010958287324613418,0.013485342921629302,0.013537369223349718,0.012166591659730962,0.014674999047326226,0.01093949011023917,0.016108264567500433,1.0000241899859141,1.0000155079875548
vectorchain,full_relational,"dt,dy,theta,r,delta_theta,delta_r",secondary,test,1,32,0.1,ramp,5,0.011139832140138653,0.011382375376420803,0.013675690597682491,0.01400950022616404,0.01346553457624103,0.01415618668701083,0.011752874930530942,0.014994356568465613,1.0000285524991912,1.0000660660241514
vectorchain,full_relational,"dt,dy,theta,r,delta_theta,delta_r",secondary,test,1,32,0.1,regime_change,5,0.023046079490836664,0.02233328069572954,0.029621984376961223,0.02829357394036611,0.023393806944192214,0.03801080279784865,0.016510671057413693,0.04190106714498547,1.2946080479573132,1.1415199897248793
vectorchain,full_relational,"dt,dy,theta,r,delta_theta,delta_r",secondary,test,1,32,0.1,second_order_response,5,0.011080722790296087,0.010778779543366205,0.01397859681791889,0.013152755006208982,0.012957644801085738,0.014222724090888098,0.012693670833769113,0.01686618935764251,0.9999866500994099,1.0000473194579382
vectorchain,full_relational,"dt,dy,theta,r,delta_theta,delta_r",secondary,test,1,32,0.1,sine,5,0.011638896020354308,0.01133925763843724,0.014762279606740578,0.014783228326786534,0.014286398752886854,0.015407976585822308,0.01346102351232161,0.015872770855885586,1.000493251379984,1.0001851353110685
vectorchain,full_relational,"dt,dy,theta,r,delta_theta,delta_r",secondary,test,1,64,0.1,chirp,5,0.01874687437068967,0.020494747352434842,0.023768926259649555,0.02532745535415071,0.019392565255413823,0.025858795425038952,0.016102491009795696,0.032163324253848595,1.2959056476428106,1.169150459032177
vectorchain,full_relational,"dt,dy,theta,r,delta_theta,delta_r",secondary,test,1,64,0.1,first_order_response,5,0.011406904327829443,0.010684241725146168,0.013801290021669594,0.01395378815070476,0.012499214248958878,0.01484751558109568,0.011515454385901791,0.016190477741686853,1.0003150942782935,1.0000927260279475
vectorchain,full_relational,"dt,dy,theta,r,delta_theta,delta_r",secondary,test,1,64,0.1,piecewise_linear,5,0.011051584399874644,0.010967147265742628,0.013434493595656438,0.013511422597369302,0.012000035643420986,0.014614326795592832,0.011050264236734851,0.015996418705164224,1.0002993290397035,0.9998126178440788
vectorchain,full_relational,"dt,dy,theta,r,delta_theta,delta_r",secondary,test,1,64,0.1,ramp,5,0.011096736509628466,0.011268738810640022,0.013602830205996725,0.013853369886787415,0.013372146403885739,0.014192349647768202,0.011686332890710718,0.014909952200831543,1.0002836079345776,1.0001804012578261
vectorchain,full_relational,"dt,dy,theta,r,delta_theta,delta_r",secondary,test,1,64,0.1,regime_change,5,0.01796622184910454,0.02059235033757255,0.022997398834950018,0.025415914804800554,0.021987048696323976,0.025571789190853955,0.01441393413190001,0.02759830735087158,1.1641300166808868,1.1757681437630993
vectorchain,full_relational,"dt,dy,theta,r,delta_theta,delta_r",secondary,test,1,64,0.1,second_order_response,5,0.011018827151360336,0.010788915428336127,0.013903147318969578,0.013254012319889387,0.012668894158733502,0.014237040240387628,0.012588665747965683,0.016767124127871687,1.0002190212677502,1.0001360983276535
vectorchain,full_relational,"dt,dy,theta,r,delta_theta,delta_r",secondary,test,1,64,0.1,sine,5,0.011938818711760744,0.011975977807547484,0.015047474328975102,0.01456316101681993,0.014561757712152838,0.015459675395047294,0.01455761549545025,0.0160951620254052,1.0246790359705522,1.0334827982781714
vectorchain,full_relational,"dt,dy,theta,r,delta_theta,delta_r",secondary,test,1,128,0.1,chirp,5,0.017550931940980036,0.01785236859389182,0.021471226477099377,0.021582059514239013,0.019879766950431723,0.021847084616064456,0.017531024389537315,0.026516196915224374,1.1724230375418871,1.1219344148455352
vectorchain,full_relational,"dt,dy,theta,r,delta_theta,delta_r",secondary,test,1,128,0.1,first_order_response,5,0.011303486624358674,0.010520452347694179,0.013703593369283243,0.013754312979190199,0.012245454050614902,0.014980536482865795,0.011436131678199265,0.016101531655546057,0.9986759118646621,0.9998238488918135
vectorchain,full_relational,"dt,dy,theta,r,delta_theta,delta_r",secondary,test,1,128,0.1,piecewise_linear,5,0.01093863742969748,0.01080074640077344,0.013372366938407095,0.013364662632562556,0.012282089367113468,0.014554809604432494,0.010753931274521381,0.015906341813405587,0.9965658405698792,0.9954333981604309
vectorchain,full_relational,"dt,dy,theta,r,delta_theta,delta_r",secondary,test,1,128,0.1,ramp,5,0.01104229419506406,0.01122554421186339,0.013576818334038555,0.013840469294266912,0.013355410192492069,0.014058785520141014,0.011697753461059716,0.014931673202233051,1.0005488530570725,1.0014447955290013
vectorchain,full_relational,"dt,dy,theta,r,delta_theta,delta_r",secondary,test,1,128,0.1,regime_change,5,0.019394546655831575,0.01831908734246534,0.023437294849416722,0.02197737942076867,0.021650916520882878,0.024223813647622782,0.020463441750809587,0.028870922906999674,1.1795001243725403,1.1353936100914932
vectorchain,full_relational,"dt,dy,theta,r,delta_theta,delta_r",secondary,test,1,128,0.1,second_order_response,5,0.010962213124802236,0.010881891530589397,0.01391304634009242,0.013086018288326706,0.012996564560210781,0.014139304211390707,0.012519009292609436,0.016824335347924466,0.9994480069803837,1.0000831966667785
vectorchain,full_relational,"dt,dy,theta,r,delta_theta,delta_r",secondary,test,1,128,0.1,sine,5,0.011634046066348228,0.011454527163843925,0.014534025088023022,0.014602352894508404,0.014253742727989946,0.014841659482541682,0.013956164317602977,0.015016206017472097,0.9888677700388632,0.9871246274703875
vectorchain,full_relational,"dt,dy,theta,r,delta_theta,delta_r",secondary,test,4,32,0.1,chirp,5,0.04134489580219834,0.04083628970331655,0.05668446009639781,0.052996839009970355,0.04789900632248197,0.06281778629287117,0.03843624915815325,0.08127241969851234,1.0376309383640738,0.9763103859572951
vectorchain,full_relational,"dt,dy,theta,r,delta_theta,delta_r",secondary,test,4,32,0.1,first_order_response,5,0.012629379098958348,0.012508158125235506,0.015955430856663358,0.01570848653679031,0.014670803074410101,0.017926654672310093,0.012559997913879354,0.018911212085926932,0.999964390563403,0.9999544316436247
vectorchain,full_relational,"dt,dy,theta,r,delta_theta,delta_r",secondary,test,4,32,0.1,piecewise_linear,5,0.012164904549228712,0.011993900962825061,0.01528514323564055,0.014645810289595877,0.014542816926851197,0.01640924373477706,0.014339131088115815,0.016488714138862798,1.0000031959095712,0.9999950185095534
vectorchain,full_relational,"dt,dy,theta,r,delta_theta,delta_r",secondary,test,4,32,0.1,ramp,5,0.01132338569786886,0.011919481955494523,0.014059490855236206,0.014832009784016404,0.01290496541138303,0.015398352980724095,0.010997365760660792,0.016164760339396716,0.9999520781404255,0.9999488617678497
vectorchain,full_relational,"dt,dy,theta,r,delta_theta,delta_r",secondary,test,4,32,0.1,regime_change,5,0.04975328476304566,0.03764087360571277,0.06590486778872885,0.05106291969024754,0.04405083607750777,0.08204690240008874,0.037884265829356854,0.11447941494644334,0.957158391079059,0.9493925401284941
vectorchain,full_relational,"dt,dy,theta,r,delta_theta,delta_r",secondary,test,4,32,0.1,second_order_response,5,0.013083395820708823,0.01309704907367591,0.016368610915884756,0.016384793748812906,0.016297196685398935,0.016786519203518573,0.01481828019375093,0.017556264747942422,0.9999987056584316,0.9999978412750219
vectorchain,full_relational,"dt,dy,theta,r,delta_theta,delta_r",secondary,test,4,32,0.1,sine,5,0.018127120096253495,0.01837740971887508,0.022441705604770486,0.02303170439017158,0.02187204402913125,0.0231307842066574,0.020958543253820242,0.023215452144071967,1.000037498932749,1.00002357484072
vectorchain,full_relational,"dt,dy,theta,r,delta_theta,delta_r",secondary,test,4,64,0.1,chirp,5,0.05180847356558978,0.04898768960313022,0.06778437931800813,0.059428765757289316,0.053496109381376736,0.07167348629039212,0.045455270753488417,0.108868264407494,1.5773952711981376,1.3350673337662942
vectorchain,full_relational,"dt,dy,theta,r,delta_theta,delta_r",secondary,test,4,64,0.1,first_order_response,5,0.012105819513321988,0.011928234712318873,0.015434709915277326,0.015008508459473194,0.014282044752161384,0.017386866833106248,0.012041916613958223,0.01845421291768758,1.000652278259704,1.0007338619492956
vectorchain,full_relational,"dt,dy,theta,r,delta_theta,delta_r",secondary,test,4,64,0.1,piecewise_linear,5,0.011917340620470568,0.011923716565178273,0.01482833284206454,0.014180124849242935,0.014147954965793678,0.015917324416230543,0.013765726936377518,0.016130533042678016,0.9998769423108174,1.000061779514212
vectorchain,full_relational,"dt,dy,theta,r,delta_theta,delta_r",secondary,test,4,64,0.1,ramp,5,0.010906996972696783,0.011418840502310445,0.013490195134890845,0.014108822623190187,0.012216389478562845,0.014733517052521392,0.010732619997619444,0.01565962652256036,1.0006313582404651,1.0006410684466227
vectorchain,full_relational,"dt,dy,theta,r,delta_theta,delta_r",secondary,test,4,64,0.1,regime_change,5,0.04905863953129786,0.04941616515286194,0.06021946301111943,0.061812770094191984,0.06002198607255532,0.06284397400485094,0.04737048781626783,0.06904809706773112,1.236671047062898,1.2348711286513043
vectorchain,full_relational,"dt,dy,theta,r,delta_theta,delta_r",secondary,test,4,64,0.1,second_order_response,5,0.012818877309675309,0.012537090553536237,0.01594171126421734,0.015995172221956455,0.015955608182005372,0.016009766842098924,0.014745668205744316,0.01700234086928163,1.0012902114155635,1.0015540724709269
vectorchain,full_relational,"dt,dy,theta,r,delta_theta,delta_r",secondary,test,4,64,0.1,sine,5,0.016615762491258703,0.016579580572787914,0.020865320158994484,0.020908712570238155,0.020846942693926375,0.021049311114191838,0.019688402394721992,0.02183323202189406,1.0209055014734403,1.0202794407377447
vectorchain,full_relational,"dt,dy,theta,r,delta_theta,delta_r",secondary,test,4,128,0.1,chirp,5,0.05808392651541335,0.05874118747787454,0.06808284109968575,0.06920893560584639,0.06702637929993487,0.0693704124904791,0.06175090483673636,0.07305757326543204,1.2496119948116644,1.2864835103394971
vectorchain,full_relational,"dt,dy,theta,r,delta_theta,delta_r",secondary,test,4,128,0.1,first_order_response,5,0.011995911222218433,0.01185068396622224,0.015196590311465641,0.014780738098359131,0.014211207150652438,0.017099425844319276,0.011875896809654415,0.018015683654342945,1.0025113259014564,1.002029527613756
vectorchain,full_relational,"dt,dy,theta,r,delta_theta,delta_r",secondary,test,4,128,0.1,piecewise_linear,5,0.011812250156970511,0.01160988523664238,0.014774445453057807,0.014294532206131043,0.014157580007839166,0.01565981159034326,0.013822779986554462,0.0159375234744211,1.0058939497723625,1.0038373370791587
vectorchain,full_relational,"dt,dy,theta,r,delta_theta,delta_r",secondary,test,4,128,0.1,ramp,5,0.010705173418967392,0.011221440635090925,0.0133188500933688,0.014106320945146043,0.012069481187202689,0.014515900018656196,0.010447770847841828,0.015454777467997238,1.002191014593114,1.0015431384424356
vectorchain,full_relational,"dt,dy,theta,r,delta_theta,delta_r",secondary,test,4,128,0.1,regime_change,5,0.06403348402974143,0.06450247441976976,0.07455980733312431,0.07515301755886045,0.07487644619219323,0.0764861749430775,0.06833535985320772,0.0779480381182827,1.2767412895875492,1.2977689087994921
vectorchain,full_relational,"dt,dy,theta,r,delta_theta,delta_r",secondary,test,4,128,0.1,second_order_response,5,0.012925834343721312,0.012756278120444942,0.016121495976357016,0.016131963069740015,0.015913588654019692,0.016193672800130454,0.014915465011975043,0.017452790345919882,0.9999519425499486,0.9998142879283853
vectorchain,full_relational,"dt,dy,theta,r,delta_theta,delta_r",secondary,test,4,128,0.1,sine,5,0.014807401627609813,0.014965009895020793,0.019257470315935644,0.019400066380817538,0.018190441994175483,0.019489785490119652,0.01800478104670966,0.021202276667855874,0.9549838072870227,0.9481372570376361
vectorchain,full_relational,"dt,dy,theta,r,delta_theta,delta_r",secondary,test,16,32,0.1,chirp,5,0.21651137010966143,0.22439803650736143,0.292015470260392,0.30994000793239623,0.24460097382686308,0.3147901746516413,0.16600869410106361,0.42473750078999584,0.9435720873469006,1.0509971993019243
vectorchain,full_relational,"dt,dy,theta,r,delta_theta,delta_r",secondary,test,16,32,0.1,first_order_response,5,0.015185221591142498,0.01664001411271522,0.018998631958474937,0.0208042617572209,0.018355920463472557,0.02093430876969572,0.013587984550117092,0.021310684251868415,0.9998624583922581,0.9998033127545853
vectorchain,full_relational,"dt,dy,theta,r,delta_theta,delta_r",secondary,test,16,32,0.1,piecewise_linear,5,0.01504702519462984,0.01470046274894659,0.018773040343726764,0.01859886234616163,0.017206477842441024,0.01888327353505691,0.016338154664417917,0.022838433330556334,1.0007189664749907,1.000800820418148
vectorchain,full_relational,"dt,dy,theta,r,delta_theta,delta_r",secondary,test,16,32,0.1,ramp,5,0.014346481127351509,0.014403773636124634,0.01823087229365127,0.018015330644132525,0.016963654998714457,0.019911387107154923,0.016157250421917263,0.02010673829633718,0.9987915181620519,0.9984114933221502
vectorchain,full_relational,"dt,dy,theta,r,delta_theta,delta_r",secondary,test,16,32,0.1,regime_change,5,0.23257022147670287,0.21992675981459617,0.31751596673864785,0.29446868366192785,0.2906243069464131,0.3275927945604705,0.1771378876452658,0.4977561608791619,0.9465584955253504,0.9911785980226712
vectorchain,full_relational,"dt,dy,theta,r,delta_theta,delta_r",secondary,test,16,32,0.1,second_order_response,5,0.016252680271411954,0.016265731873317715,0.020613081926379933,0.020798939597388197,0.020217622434175533,0.02134660186896189,0.018884621888220238,0.021817623843153822,1.0009222643235667,1.00114083245397
vectorchain,full_relational,"dt,dy,theta,r,delta_theta,delta_r",secondary,test,16,32,0.1,sine,5,0.08300829899679553,0.08347710855906443,0.09182438502412957,0.0921768545374797,0.09145026395947421,0.09248206713309312,0.09019663683265389,0.09281610265794699,0.9990757402144803,0.9988388979773475
vectorchain,full_relational,"dt,dy,theta,r,delta_theta,delta_r",secondary,test,16,64,0.1,chirp,5,0.32571138014156725,0.3145985363724396,0.44521351841033463,0.3935089519300846,0.3847152891080316,0.44230065060091583,0.27888107848333404,0.7266616219293066,1.612518887489215,1.5160931488171616
vectorchain,full_relational,"dt,dy,theta,r,delta_theta,delta_r",secondary,test,16,64,0.1,first_order_response,5,0.01328210086913863,0.013721551046264038,0.017039345185764585,0.01828769030098531,0.01598006651232201,0.018738029001766333,0.01328356824302517,0.018907371870724093,1.0046325937240617,1.004300973263012
vectorchain,full_relational,"dt,dy,theta,r,delta_theta,delta_r",secondary,test,16,64,0.1,piecewise_linear,5,0.014576718391516502,0.01498912265563113,0.018225485412641775,0.018468905253409204,0.01677479257565469,0.018729926331699082,0.015787325552313693,0.021366477350132196,0.9909202115246432,0.9888802623592007
vectorchain,full_relational,"dt,dy,theta,r,delta_theta,delta_r",secondary,test,16,64,0.1,ramp,5,0.0122741023946298,0.011863846470605146,0.015521176148759638,0.01449349587397708,0.014389692120735017,0.017142281393797056,0.013563824787573288,0.018016586567715757,1.0040715769462358,1.003415786813794
vectorchain,full_relational,"dt,dy,theta,r,delta_theta,delta_r",secondary,test,16,64,0.1,regime_change,5,0.35795096921046204,0.3562980782472222,0.43379973964890484,0.42691251335323954,0.417824149908486,0.4540362608977315,0.38784836028154096,0.48237741380352617,1.3700788763664788,1.3547993421237665
vectorchain,full_relational,"dt,dy,theta,r,delta_theta,delta_r",secondary,test,16,64,0.1,second_order_response,5,0.017711824834397226,0.017811158887277332,0.022001336651655722,0.021875962349404202,0.02149289806936693,0.022225126604482358,0.021268762072687426,0.023143934162337707,1.011040753217335,1.0125095287482084
vectorchain,full_relational,"dt,dy,theta,r,delta_theta,delta_r",secondary,test,16,64,0.1,sine,5,0.049904691588795534,0.04838441047417153,0.059312038914715426,0.05663970705135155,0.05635966976308725,0.06311997961963345,0.056276968993860046,0.0641638691456448,0.9572529050821895,0.9471601646523916
vectorchain,full_relational,"dt,dy,theta,r,delta_theta,delta_r",secondary,test,16,128,0.1,chirp,5,0.36809775846465903,0.3607185355955981,0.41731828269151333,0.4104250954988341,0.41013806305354455,0.43224906682218045,0.39908381537315046,0.43469537270985714,1.1786052101404068,1.1387553917108695
vectorchain,full_relational,"dt,dy,theta,r,delta_theta,delta_r",secondary,test,16,128,0.1,first_order_response,5,0.012238125938044336,0.013318183133652236,0.01584250851906615,0.01740534942533827,0.014926013613076453,0.017525128800424297,0.011662971995245448,0.017693078761246286,1.0142507734325137,1.0125901653736535
vectorchain,full_relational,"dt,dy,theta,r,delta_theta,delta_r",secondary,test,16,128,0.1,piecewise_linear,5,0.015246742391468674,0.01441990400068299,0.019835087978024895,0.019049542885933957,0.01894640074314909,0.02098976793972324,0.017916177121149176,0.02227355120016903,1.1460921531489527,1.1138310533052307
vectorchain,full_relational,"dt,dy,theta,r,delta_theta,delta_r",secondary,test,16,128,0.1,ramp,5,0.011676451790750452,0.0115051768311119,0.014796660053563875,0.014041467736357288,0.013952844257683622,0.016505995414230087,0.012871287209075735,0.01661170565047265,1.0238922919682465,1.0280393635366627
vectorchain,full_relational,"dt,dy,theta,r,delta_theta,delta_r",secondary,test,16,128,0.1,regime_change,5,0.42911307050935593,0.43503116156774446,0.4857899817467704,0.4903144330680488,0.46796379112632364,0.49336436010074547,0.467502356627491,0.5098049678112431,1.2560081182502154,1.1975121280457326
vectorchain,full_relational,"dt,dy,theta,r,delta_theta,delta_r",secondary,test,16,128,0.1,second_order_response,5,0.02000434128414148,0.019852213109215984,0.02544512093096718,0.02450427858053398,0.02437754000050884,0.024575956230184163,0.023195090613325323,0.030572739230283606,0.9819377887985313,0.9609295247145248
vectorchain,full_relational,"dt,dy,theta,r,delta_theta,delta_r",secondary,test,16,128,0.1,sine,5,0.03289875165559951,0.03209710573684189,0.04404077007980759,0.040596327187659396,0.035899616359417706,0.05524337969980871,0.0323015947558072,0.05616293239634493,0.7809034650554004,0.7611523372776934
vectorchain,full_relational,"dt,dy,theta,r,delta_theta,delta_r",secondary,validation,1,32,0.1,chirp,5,0.017761925580900777,0.016550191744744775,0.023788578069037652,0.0219206763820373,0.019448840120039394,0.02763422175288025,0.016647928338222415,0.033291223752008894,1.3462670212385548,1.1584146821725463
vectorchain,full_relational,"dt,dy,theta,r,delta_theta,delta_r",secondary,validation,1,32,0.1,first_order_response,5,0.011072747919640288,0.010608707745658372,0.014013920218446014,0.014047051071344347,0.013128279641853247,0.014673177547686926,0.012485354891868479,0.015735737939477072,0.9999914154703073,0.999935204898176
vectorchain,full_relational,"dt,dy,theta,r,delta_theta,delta_r",secondary,validation,1,32,0.1,piecewise_linear,5,0.01358492596241202,0.012810531928737368,0.018067120403662797,0.016308772081067333,0.015242764208422042,0.017314875174653604,0.014099441166241837,0.027369749387929153,1.0937365729928583,0.9999915823455813
vectorchain,full_relational,"dt,dy,theta,r,delta_theta,delta_r",secondary,validation,1,32,0.1,ramp,5,0.011762505377056174,0.011947463729864063,0.014248542532111011,0.014108580771210093,0.014084607613879809,0.014276440567910043,0.013929834243791635,0.014843249463763477,0.9999951357553922,0.9999673617476856
vectorchain,full_relational,"dt,dy,theta,r,delta_theta,delta_r",secondary,validation,1,32,0.1,regime_change,5,0.024937357450964683,0.024419455305890805,0.032016723528385124,0.03123459061898415,0.02160798719963632,0.038238548255732925,0.020507689471738023,0.048494802095834205,1.3793121768266525,1.2015238281507512
vectorchain,full_relational,"dt,dy,theta,r,delta_theta,delta_r",secondary,validation,1,32,0.1,second_order_response,5,0.011256350934803799,0.010937901818832765,0.01418321257761175,0.01381314960465804,0.013803704550075185,0.014791056036386807,0.013589106238938286,0.01491904645800043,1.0000935653575955,1.0000964923666227
vectorchain,full_relational,"dt,dy,theta,r,delta_theta,delta_r",secondary,validation,1,32,0.1,sine,5,0.011991392321342543,0.01208085734999912,0.014933203613892257,0.014908015208120524,0.014906314226746006,0.015241429635378258,0.013946052332197836,0.015664206667018666,0.9999417248790975,0.9999332101168201
vectorchain,full_relational,"dt,dy,theta,r,delta_theta,delta_r",secondary,validation,1,64,0.1,chirp,5,0.0162362075027239,0.017820043568675226,0.020385446334444193,0.021614015532718783,0.01819487345267219,0.02263322357476538,0.015567324599181549,0.02391779451288307,1.2583589798251964,1.176935241349817
vectorchain,full_relational,"dt,dy,theta,r,delta_theta,delta_r",secondary,validation,1,64,0.1,first_order_response,5,0.01093306500817924,0.010394489293719533,0.013884739978613747,0.013847025460800348,0.012933520532513496,0.014634449503442778,0.01255549961717737,0.015453204779134741,1.0001592675174549,1.000075383167172
vectorchain,full_relational,"dt,dy,theta,r,delta_theta,delta_r",secondary,validation,1,64,0.1,piecewise_linear,5,0.013114455088877408,0.012611339368017503,0.016316663397395344,0.016302959000404016,0.015146258669183135,0.01782894457582199,0.014138783230035567,0.018166371511532022,0.9996312813547481,0.999404691619977
vectorchain,full_relational,"dt,dy,theta,r,delta_theta,delta_r",secondary,validation,1,64,0.1,ramp,5,0.01158901129986133,0.011752340730156765,0.01404348668327389,0.013968623653084013,0.013722672696900147,0.014120716537320905,0.01364215364359723,0.014763266885467159,0.9999300134926641,1.0000421564328488
vectorchain,full_relational,"dt,dy,theta,r,delta_theta,delta_r",secondary,validation,1,64,0.1,regime_change,5,0.021161530765202406,0.01986331517058421,0.026529528853848395,0.02654662162967915,0.024965616474909552,0.030454631151496356,0.018960279744050464,0.03172049526910646,1.2916443232976207,1.4425716172935688
vectorchain,full_relational,"dt,dy,theta,r,delta_theta,delta_r",secondary,validation,1,64,0.1,second_order_response,5,0.011207237992888305,0.010958318647880778,0.014066981598581408,0.013830805833930253,0.013790054097969963,0.014576945790173155,0.013333357103162526,0.014803745167671144,1.0006428635635147,1.0002270114811314
vectorchain,full_relational,"dt,dy,theta,r,delta_theta,delta_r",secondary,validation,1,64,0.1,sine,5,0.012208041608109213,0.012194408463580744,0.015239229707236738,0.015360696575537947,0.015315070968095444,0.015607031736507015,0.014149382016534475,0.015763967239508802,1.0026394368617333,1.011196716621429
vectorchain,full_relational,"dt,dy,theta,r,delta_theta,delta_r",secondary,validation,1,128,0.1,chirp,5,0.013427032641774125,0.013111605734930474,0.016896304637276878,0.016211666066675713,0.01560745647398274,0.016399390909331735,0.014172734647410626,0.022090275088983573,1.0955794936962224,1.1111643884533338
vectorchain,full_relational,"dt,dy,theta,r,delta_theta,delta_r",secondary,validation,1,128,0.1,first_order_response,5,0.010902433170896788,0.010387810433582025,0.013774807449874232,0.013842636966462228,0.012753796825770335,0.014397604967679683,0.012299453868641355,0.015580544620817559,1.000333163338182,0.9993660176638235
vectorchain,full_relational,"dt,dy,theta,r,delta_theta,delta_r",secondary,validation,1,128,0.1,piecewise_linear,5,0.013027136751836246,0.01289953284028206,0.01615675707329465,0.015903337236931804,0.015310181882820018,0.01758689308748785,0.014206580870840257,0.017776792288393312,1.0008208326142582,0.9995607060938579
vectorchain,full_relational,"dt,dy,theta,r,delta_theta,delta_r",secondary,validation,1,128,0.1,ramp,5,0.011632850890977963,0.011844130605277968,0.014077733491974031,0.013945830617940295,0.01393394180496586,0.014093209676218852,0.013707158639312999,0.014708526721432155,1.001603199500185,1.0011895145233412
vectorchain,full_relational,"dt,dy,theta,r,delta_theta,delta_r",secondary,validation,1,128,0.1,regime_change,5,0.018997782797210795,0.017767211975000904,0.02331656983563387,0.022132567612889537,0.021365838443121055,0.025782448428712523,0.017883698261003382,0.02941829643244286,1.1135531460978485,1.1020512490577483
vectorchain,full_relational,"dt,dy,theta,r,delta_theta,delta_r",secondary,validation,1,128,0.1,second_order_response,5,0.01142915283517557,0.011179210352107526,0.014400378422647792,0.01416668081226343,0.013881581757090776,0.015090729955358808,0.013516187921139814,0.015346711667386137,1.003482052847612,1.0013863738953828
vectorchain,full_relational,"dt,dy,theta,r,delta_theta,delta_r",secondary,validation,1,128,0.1,sine,5,0.012413586634442064,0.012395780564827886,0.015415744487163352,0.015216282898638914,0.015115263979976278,0.015852825601900454,0.01495213255359139,0.015942217401709733,1.003293363236096,1.0033317408325868
vectorchain,full_relational,"dt,dy,theta,r,delta_theta,delta_r",secondary,validation,4,32,0.1,chirp,5,0.038133273374031884,0.036077043450903415,0.05048461433463471,0.05303465947485939,0.0402392680605965,0.05928743842247905,0.0339262658094771,0.06593543990576158,1.0553340751134779,1.035994187540491
vectorchain,full_relational,"dt,dy,theta,r,delta_theta,delta_r",secondary,validation,4,32,0.1,first_order_response,5,0.013710943333011033,0.014205255549257497,0.01686303499916749,0.016609487555979994,0.016386925864221163,0.01762758379737317,0.014936182165288863,0.018754995612974255,0.9999726904165953,0.9999783370348708
vectorchain,full_relational,"dt,dy,theta,r,delta_theta,delta_r",secondary,validation,4,32,0.1,piecewise_linear,5,0.01426360738897795,0.012596247188864335,0.020990132718889394,0.015565787543684782,0.015061649737470179,0.016757942754747165,0.013485857703959854,0.04407942585458498,1.2152919803589157,1.0001041037732326
vectorchain,full_relational,"dt,dy,theta,r,delta_theta,delta_r",secondary,validation,4,32,0.1,ramp,5,0.012560017195294055,0.012907242996592449,0.015332563079754969,0.015942532295089518,0.014902533536229346,0.016165840287424713,0.01204593375701093,0.01760597552302033,0.9999371113829352,0.9999530725602768
vectorchain,full_relational,"dt,dy,theta,r,delta_theta,delta_r",secondary,validation,4,32,0.1,regime_change,5,0.05577796648557294,0.04513909410202148,0.07255029413256861,0.05946373796510046,0.050944148469561995,0.08697657558754386,0.038734016678316704,0.12663299196232006,0.9987506296678461,0.960212260133764
vectorchain,full_relational,"dt,dy,theta,r,delta_theta,delta_r",secondary,validation,4,32,0.1,second_order_response,5,0.012465022449586303,0.012432551724554175,0.015280627649994608,0.015542061855937614,0.01396820802541984,0.01596270062896867,0.01286638725137985,0.018063780488267064,0.9999001123908844,0.9999035304605337
vectorchain,full_relational,"dt,dy,theta,r,delta_theta,delta_r",secondary,validation,4,32,0.1,sine,5,0.019638033627147666,0.020003676181383045,0.02411120531532802,0.024412278283702668,0.02409761911675697,0.02441275508245937,0.02246966189674606,0.02516371219697505,1.0000174230779755,1.0000087054164262
vectorchain,full_relational,"dt,dy,theta,r,delta_theta,delta_r",secondary,validation,4,64,0.1,chirp,5,0.03753458753466961,0.030614082308540357,0.04829727906449417,0.037279710376397296,0.0372290250950141,0.051477677755702105,0.032829104684292114,0.08267087741106526,1.6023582803090555,1.2881139769864465
vectorchain,full_relational,"dt,dy,theta,r,delta_theta,delta_r",secondary,validation,4,64,0.1,first_order_response,5,0.01311212985659518,0.013664815165947001,0.01622281970739319,0.01592966030987146,0.015923905514826007,0.01713916195974178,0.014298760311993314,0.017822610440533376,1.0006740991256486,1.0006129563669004
vectorchain,full_relational,"dt,dy,theta,r,delta_theta,delta_r",secondary,validation,4,64,0.1,piecewise_linear,5,0.013984543532473501,0.013859225543218914,0.017815236720823753,0.016908511781607093,0.015754433356589683,0.017412816204432,0.013834956612176298,0.025165465649313695,1.018413939558969,1.0024027365585015
vectorchain,full_relational,"dt,dy,theta,r,delta_theta,delta_r",secondary,validation,4,64,0.1,ramp,5,0.01203707223373282,0.012140484592939635,0.014685542763545834,0.015368495214009842,0.014237592584901228,0.015758162096895196,0.011183403981564569,0.016880059940358336,1.000489306704847,1.0004530832598117
vectorchain,full_relational,"dt,dy,theta,r,delta_theta,delta_r",secondary,validation,4,64,0.1,regime_change,5,0.050426662500631735,0.05152912751530812,0.06175411636215561,0.06404436155259817,0.053138881901472604,0.07056256042188816,0.04494784887922097,0.07607692905559817,1.196212895091811,1.1105336116043583
vectorchain,full_relational,"dt,dy,theta,r,delta_theta,delta_r",secondary,validation,4,64,0.1,second_order_response,5,0.012386370219812927,0.01237539171592625,0.015162977851006048,0.015255754262701208,0.014146699835283104,0.015690724962491128,0.013130890349624665,0.017590819844930133,1.0007773552001726,1.0007829245481548
vectorchain,full_relational,"dt,dy,theta,r,delta_theta,delta_r",secondary,validation,4,64,0.1,sine,5,0.018322221489389535,0.0190019928241442,0.023448064803396267,0.023280409947898106,0.022310677307904855,0.024573170681032964,0.019742027213735802,0.02733403886640962,1.0018219042603165,0.9932159272784763
vectorchain,full_relational,"dt,dy,theta,r,delta_theta,delta_r",secondary,validation,4,128,0.1,chirp,5,0.03561638196757999,0.03561156938331717,0.04272397920846046,0.0422808729319378,0.04211864678102875,0.04376728629245349,0.03859062557627758,0.046862464460604686,1.326428604887186,1.3887201179711253
vectorchain,full_relational,"dt,dy,theta,r,delta_theta,delta_r",secondary,validation,4,128,0.1,first_order_response,5,0.013024750234547827,0.01353402838272824,0.016003938761514284,0.01581615010456073,0.01562790576862018,0.01683210943454903,0.014120270895384118,0.017623257604457376,1.0015429188449456,1.000924240369455
vectorchain,full_relational,"dt,dy,theta,r,delta_theta,delta_r",secondary,validation,4,128,0.1,piecewise_linear,5,0.013533290540519268,0.012894241843952286,0.017083961727278253,0.015973132570522432,0.015889571014984543,0.01651411701190638,0.015283445576251881,0.021759542462726014,1.0106996983814933,1.008284842576995
vectorchain,full_relational,"dt,dy,theta,r,delta_theta,delta_r",secondary,validation,4,128,0.1,ramp,5,0.011936680046259612,0.012128218542639173,0.014616571074090312,0.015350009200611461,0.014291198190077771,0.015631507080648907,0.011154452197489511,0.016655688701623903,1.0023915619069925,1.0018372280312395
vectorchain,full_relational,"dt,dy,theta,r,delta_theta,delta_r",secondary,validation,4,128,0.1,regime_change,5,0.06153116432674771,0.061533236338628894,0.07396981205919044,0.0740152538827871,0.0725836778922902,0.07416575719650179,0.07021876161237621,0.07886560971199696,1.1086147746662203,1.1646558182486495
vectorchain,full_relational,"dt,dy,theta,r,delta_theta,delta_r",secondary,validation,4,128,0.1,second_order_response,5,0.014083122976126322,0.013821628799083125,0.017769526728200098,0.01835549563801765,0.016674256936635483,0.01849466923268902,0.014749418369963635,0.020573793463694704,1.026641046580642,1.0274784212721626
vectorchain,full_relational,"dt,dy,theta,r,delta_theta,delta_r",secondary,validation,4,128,0.1,sine,5,0.01726285286607977,0.01733934712491976,0.023423014374867334,0.022636587007416248,0.022387206014541392,0.022871519327579217,0.020619901283087837,0.02859985824171197,0.9661738491241479,0.9787109966287683
vectorchain,full_relational,"dt,dy,theta,r,delta_theta,delta_r",secondary,validation,16,32,0.1,chirp,5,0.1820080122320218,0.1963082332019253,0.22883945484344387,0.24509339711017814,0.18690327030158102,0.24603572606688112,0.14352443672848594,0.32264044401009323,0.9175723095564141,1.0040114746463316
vectorchain,full_relational,"dt,dy,theta,r,delta_theta,delta_r",secondary,validation,16,32,0.1,first_order_response,5,0.01601785165695805,0.016138636366320038,0.019947813730162474,0.020052661321152222,0.019755348494814997,0.02029827567780815,0.017279291101416985,0.022353492055620008,0.9997004921234135,0.9997977732372823
vectorchain,full_relational,"dt,dy,theta,r,delta_theta,delta_r",secondary,validation,16,32,0.1,piecewise_linear,5,0.027506023892101557,0.027090281494474337,0.04264299527929093,0.037863160577522974,0.03781673439451058,0.03814486624071544,0.03759377335669904,0.06179644182700661,1.032496833360574,1.001213498251429
vectorchain,full_relational,"dt,dy,theta,r,delta_theta,delta_r",secondary,validation,16,32,0.1,ramp,5,0.0155011219223854,0.015561119902112007,0.019294787083120678,0.019804173479620702,0.017947600355086156,0.020124320593633612,0.017398679550543056,0.02119916143671987,0.9987397251452723,0.9987636208465701
vectorchain,full_relational,"dt,dy,theta,r,delta_theta,delta_r",secondary,validation,16,32,0.1,regime_change,5,0.29483369811952553,0.287011661571599,0.37208803952351943,0.3617422436236429,0.35072316544809157,0.36661587378253624,0.18696433383128816,0.5943945809320386,0.9888772629812298,1.027995632904612
vectorchain,full_relational,"dt,dy,theta,r,delta_theta,delta_r",secondary,validation,16,32,0.1,second_order_response,5,0.018778987011664396,0.018386292478076164,0.02288844167762518,0.022283828430350823,0.02224378005162959,0.022519117206098612,0.021744003690811316,0.025651479009235572,0.9984910748565443,0.9980123991954437
vectorchain,full_relational,"dt,dy,theta,r,delta_theta,delta_r",secondary,validation,16,32,0.1,sine,5,0.08555995739754882,0.085938252933695,0.09516486372523318,0.09602049089776532,0.09382106010455946,0.09641449738418585,0.09188838558528056,0.09767988465437479,0.9999779011966557,0.9999739042513162
vectorchain,full_relational,"dt,dy,theta,r,delta_theta,delta_r",secondary,validation,16,64,0.1,chirp,5,0.2195626588055269,0.17972894656161167,0.2795007973584676,0.21835348519115522,0.20801685019649102,0.2803367011402531,0.15717321929888994,0.5336237309655487,1.860929396161141,1.7037163014449532
vectorchain,full_relational,"dt,dy,theta,r,delta_theta,delta_r",secondary,validation,16,64,0.1,first_order_response,5,0.013776145505477965,0.01372022769834564,0.01719696614820721,0.01687324168713372,0.016840038936260803,0.01773128677499028,0.014850911783918737,0.019689351558732523,1.0057592020489223,1.005952695165213
vectorchain,full_relational,"dt,dy,theta,r,delta_theta,delta_r",secondary,validation,16,64,0.1,piecewise_linear,5,0.030357871283601057,0.02903859860610444,0.05001508251976424,0.045514201601612125,0.04111461093494291,0.04594145880758322,0.0408103256983386,0.07669481555634439,1.1093393948264856,1.0179389583117548
vectorchain,full_relational,"dt,dy,theta,r,delta_theta,delta_r",secondary,validation,16,64,0.1,ramp,5,0.012835587406843606,0.01314448823042424,0.015880865901381994,0.01559404746003034,0.015514245768004049,0.017407498614420015,0.012981082260312735,0.017907455404142823,1.002601202365499,1.0037277188256235
vectorchain,full_relational,"dt,dy,theta,r,delta_theta,delta_r",secondary,validation,16,64,0.1,regime_change,5,0.3627694223477787,0.34335080371493887,0.4389282064774272,0.40973836449827256,0.39198572427262046,0.5007370648284986,0.37175622357075616,0.5204236552169884,1.218927514037734,1.1471581370213881
vectorchain,full_relational,"dt,dy,theta,r,delta_theta,delta_r",secondary,validation,16,64,0.1,second_order_response,5,0.019469904760691374,0.01923615688632758,0.023546804561830635,0.02340211839687781,0.02317366564379378,0.023423987948907238,0.022990598261763685,0.024743652557810664,1.0001985822549764,0.9999482107527913
vectorchain,full_relational,"dt,dy,theta,r,delta_theta,delta_r",secondary,validation,16,64,0.1,sine,5,0.05061824280327724,0.05386542929329598,0.0651359562301117,0.06843053205961362,0.06007260222492914,0.06940921280497278,0.05305310451676807,0.07471432954427486,0.9580028645787927,0.9752980946398305
vectorchain,full_relational,"dt,dy,theta,r,delta_theta,delta_r",secondary,validation,16,128,0.1,chirp,5,0.2333160561036934,0.2381022711918722,0.26888724535588826,0.26701297396116813,0.25904415853748197,0.28320407743488385,0.24817941696159454,0.286995599884313,1.5758594686592236,1.4946381643217392
vectorchain,full_relational,"dt,dy,theta,r,delta_theta,delta_r",secondary,validation,16,128,0.1,first_order_response,5,0.013073112084093712,0.013012245009250746,0.016058297554464064,0.01629417046440308,0.015159680761766135,0.01633362054336596,0.014032890123129221,0.018471125879655922,1.0073934676064789,1.007733790638782
vectorchain,full_relational,"dt,dy,theta,r,delta_theta,delta_r",secondary,validation,16,128,0.1,piecewise_linear,5,0.03131608175107936,0.032217952978744004,0.0443200360695717,0.04380709219489929,0.043732436145643976,0.04544031297087563,0.04205387148235233,0.04656646755408727,1.0578473041628311,1.0464921743022555
vectorchain,full_relational,"dt,dy,theta,r,delta_theta,delta_r",secondary,validation,16,128,0.1,ramp,5,0.012474813332745211,0.012334893336292715,0.01553847669924562,0.015312642474657205,0.014839670950943892,0.01693017482278814,0.013430163734451533,0.017179731513387333,1.026163462078236,1.018853849117203
vectorchain,full_relational,"dt,dy,theta,r,delta_theta,delta_r",secondary,validation,16,128,0.1,regime_change,5,0.3696442086435746,0.34442177596210866,0.424898950363119,0.4027465476779192,0.4027237620364106,0.4567142468831821,0.40105744192371184,0.4612527532943712,1.023940141153815,0.9273722992598887
vectorchain,full_relational,"dt,dy,theta,r,delta_theta,delta_r",secondary,validation,16,128,0.1,second_order_response,5,0.030663576608369957,0.031065887122308233,0.039829887675571926,0.039169978285396735,0.03436020408597236,0.04141941593326532,0.03319923270596661,0.051000607367258616,1.0912187204420234,1.0979153896033425
vectorchain,full_relational,"dt,dy,theta,r,delta_theta,delta_r",secondary,validation,16,128,0.1,sine,5,0.0383683668007486,0.03833205917254581,0.06045637938342777,0.058309842267946714,0.05615117503277068,0.06437987067765953,0.051645428758032824,0.0717955801807291,0.8324482835432396,0.8509116150598414
vectorchain,segment,"dt,dy",secondary,test,1,32,0.1,chirp,5,0.020196968756626837,0.021121474015107822,0.025915651822729528,0.026302840851828595,0.023425836572593783,0.02703955951148743,0.022946595789040156,0.029863426388697673,1.3943583558871142,1.3542553834504412
vectorchain,segment,"dt,dy",secondary,test,1,32,0.1,first_order_response,5,0.01147633653202244,0.010766086343347013,0.013880174305478023,0.013992152446410725,0.01250784830457713,0.015043568636581007,0.011573656361936286,0.01628364577788497,0.9998741354687948,1.0001861355746613
vectorchain,segment,"dt,dy",secondary,test,1,32,0.1,piecewise_linear,5,0.01108309102006029,0.010960557921186003,0.013482233101493074,0.013540931084544378,0.01214531547000649,0.014678122791945213,0.010946642704476133,0.01610015345649316,0.9997996929266272,1.0001633174789097
vectorchain,segment,"dt,dy",secondary,test,1,32,0.1,ramp,5,0.011139690327583154,0.011383105710448644,0.013672512713209647,0.014009748742627821,0.01347002990723634,0.014162707931175552,0.01175136453087901,0.014968712454129516,0.9998232248884303,1.0000067183317767
vectorchain,segment,"dt,dy",secondary,test,1,32,0.1,regime_change,5,0.02759733307817839,0.028202772714593125,0.033364546619031724,0.0334288084665514,0.03279894111294342,0.0351867941863674,0.029250168596389674,0.03615802073290671,1.5029502629919504,1.7119691960122176
vectorchain,segment,"dt,dy",secondary,test,1,32,0.1,second_order_response,5,0.011079234715792084,0.010784417698030362,0.013975651340919682,0.013158437128458109,0.012929605105952887,0.014226337701939082,0.012702580711227556,0.016861296057020768,0.99977337829329,1.0003014045419212
vectorchain,segment,"dt,dy",secondary,test,1,32,0.1,sine,5,0.011628477145493204,0.011385101425110377,0.014739764051789315,0.014820645259235685,0.014252502477718367,0.015450558568175128,0.013322791024978919,0.015852322928838466,0.9987621411457897,0.9990478012005786
vectorchain,segment,"dt,dy",secondary,test,1,64,0.1,chirp,5,0.022692019436120498,0.022785182322264383,0.02734413828154416,0.026831045623644616,0.02551295342604871,0.02803821595371291,0.02487447360434209,0.03146400279997248,1.512903806787005,1.538140045758216
vectorchain,segment,"dt,dy",secondary,test,1,64,0.1,first_order_response,5,0.011422235063411432,0.01070420055622001,0.013819691402766555,0.013977819283573039,0.01252267512580043,0.014853349815608699,0.011533017056458473,0.01621159573239212,1.0016798082807525,1.001554415417979
vectorchain,segment,"dt,dy",secondary,test,1,64,0.1,piecewise_linear,5,0.011034909178338553,0.0109547538142435,0.013423070257664028,0.013502542660447772,0.012038132929846578,0.01461419631938656,0.010966931622910202,0.01599354775572903,0.9992592343690079,0.9997881523582263
vectorchain,segment,"dt,dy",secondary,test,1,64,0.1,ramp,5,0.011112487651582839,0.011279720927610915,0.013618919032916385,0.013863509979026608,0.013381372415111014,0.014242403188067548,0.011693424945859758,0.014913884636517001,1.0014480433500907,1.0007506990670867
vectorchain,segment,"dt,dy",secondary,test,1,64,0.1,regime_change,5,0.026133883992483186,0.02696758141244583,0.031190273994193864,0.03306662358926131,0.028598976038265993,0.03311416703590071,0.02647993576194644,0.03469166754559484,1.5935177994875336,1.6784659715448282
vectorchain,segment,"dt,dy",secondary,test,1,64,0.1,second_order_response,5,0.011031505519904335,0.010835363113552486,0.013918936138793631,0.01329310468562309,0.012719338422100001,0.014226082856959553,0.012591720357045567,0.016764434372239942,1.0014682215037112,1.0007055786176724
vectorchain,segment,"dt,dy",secondary,test,1,64,0.1,sine,5,0.01337174280467901,0.013555306975591232,0.016998737946458394,0.01711775712009164,0.01701779519961358,0.017415721351856234,0.015536552819194823,0.0179058632415357,1.1582101569982903,1.1914607541710203
vectorchain,segment,"dt,dy",secondary,test,1,128,0.1,chirp,5,0.0219032312474605,0.021219537697523654,0.026426315623454134,0.02545183268145056,0.025169200567183758,0.027129030111885517,0.02515869468850675,0.02922282006824408,1.4536167322365243,1.4028417827602464
vectorchain,segment,"dt,dy",secondary,test,1,128,0.1,first_order_response,5,0.011334891654272131,0.010566924635551861,0.013740641578644953,0.013806272431303532,0.012312208736321299,0.014998912503512488,0.01144924221294029,0.016136572009147157,1.001422168094337,1.0018447822780094
vectorchain,segment,"dt,dy",secondary,test,1,128,0.1,piecewise_linear,5,0.011000898381871762,0.010851140913530217,0.013533517156840518,0.013352939183632747,0.012720408168592559,0.01481843991287343,0.010599785994614747,0.016176012524489112,1.0077677958091442,1.0134636177869059
vectorchain,segment,"dt,dy",secondary,test,1,128,0.1,ramp,5,0.011072218819159634,0.011213229190429823,0.013589621622172181,0.013832905580666521,0.013342372951138437,0.014218841576997444,0.011655414409820007,0.014898573592238507,1.001346216736645,0.9993491066544109
vectorchain,segment,"dt,dy",secondary,test,1,128,0.1,regime_change,5,0.026246315918059388,0.026990809234722822,0.03006208401479691,0.030311709117079876,0.029966381082255324,0.03125209231678531,0.026525843561349176,0.032254393996514856,1.5208410886592083,1.5481207721338646
vectorchain,segment,"dt,dy",secondary,test,1,128,0.1,second_order_response,5,0.010984454657262504,0.010916043932269755,0.013912767902784626,0.013235329098316683,0.012843695037344765,0.014142212759971134,0.01247745790821037,0.016865144710080177,0.9992157707855374,0.9982983666678801
vectorchain,segment,"dt,dy",secondary,test,1,128,0.1,sine,5,0.01257197231982186,0.01269658285594394,0.01595475794574175,0.016148001248147168,0.016110297298874796,0.016204162868084713,0.015074044881292051,0.016237283432310026,1.0857652641600182,1.0777452651735628
vectorchain,segment,"dt,dy",secondary,test,4,32,0.1,chirp,5,0.07060853651922179,0.06921911270362999,0.09584290449020857,0.09482705297994688,0.0900032297709346,0.10003223399990542,0.08942930738330648,0.1049226983169495,1.8378359749531952,1.841428905121496
vectorchain,segment,"dt,dy",secondary,test,4,32,0.1,first_order_response,5,0.012626533571565549,0.01250589899993266,0.01595912661254888,0.015714528766206104,0.014656485921882898,0.017934546611868364,0.012570759321011368,0.018919312441775672,1.0001912155262427,1.0003972946595028
vectorchain,segment,"dt,dy",secondary,test,4,32,0.1,piecewise_linear,5,0.012176118736573642,0.012030153907218575,0.01529976531248283,0.014656942509206497,0.01456070343336285,0.016427872700017436,0.0143507764136135,0.016502531506213867,1.0009582806940442,1.000942520879013
vectorchain,segment,"dt,dy",secondary,test,4,32,0.1,ramp,5,0.01133007187645503,0.011929412465774501,0.014059837323715203,0.014827616604843516,0.012914843848090012,0.015398496981405402,0.010993104635224753,0.01616512454901234,0.9999748083058174,0.9999582129833692
vectorchain,segment,"dt,dy",secondary,test,4,32,0.1,regime_change,5,0.1010819318041867,0.09822603233585088,0.13401422468566376,0.13114367707806696,0.12161616355488661,0.1461309222881763,0.11798753839421403,0.15319282211297494,2.1536781042548157,2.080101853355829
vectorchain,segment,"dt,dy",secondary,test,4,32,0.1,second_order_response,5,0.013096527250520068,0.013110540372403407,0.016388502345767168,0.016400041508113777,0.016325790958168027,0.016806280747043285,0.014831824023278295,0.017578574492232452,1.0012081276744818,1.001234760063068
vectorchain,segment,"dt,dy",secondary,test,4,32,0.1,sine,5,0.018149117007947222,0.018456555312049074,0.02241752898866966,0.02299673850051413,0.021820575951190226,0.023128565538590416,0.02092893825976309,0.023212826693290445,0.9989388939926676,0.9986584023792459
vectorchain,segment,"dt,dy",secondary,test,4,64,0.1,chirp,5,0.08004946553317886,0.07974538818469258,0.09491007841614388,0.09445275056531946,0.09343921072038223,0.09708703475395414,0.09142158251990432,0.09814981352115923,2.2237126501596256,2.1711521865896843
vectorchain,segment,"dt,dy",secondary,test,4,64,0.1,first_order_response,5,0.012165111432358927,0.011975839098852328,0.015529395990372888,0.015102037961036173,0.01434939013258108,0.017490467660004998,0.012115458375225608,0.018589625823016577,1.0067263454992152,1.006724770825393
vectorchain,segment,"dt,dy",secondary,test,4,64,0.1,piecewise_linear,5,0.011930638975613155,0.011757561764468108,0.014882635631290816,0.014203530852183706,0.0141673103677114,0.015993708002961706,0.013839692546213134,0.016208936387384135,1.0034885136768366,1.004677349493637
vectorchain,segment,"dt,dy",secondary,test,4,64,0.1,ramp,5,0.011032902214269167,0.011511848352296187,0.013596035174660945,0.014185779736857775,0.012318155611836596,0.01484670836622732,0.010839529529375856,0.015790002629007177,1.0085874213480746,1.0087993945691853
vectorchain,segment,"dt,dy",secondary,test,4,64,0.1,regime_change,5,0.09096401479464908,0.091399136367806,0.11083955386569311,0.11175913483201151,0.11053764087284698,0.11260138735148069,0.10106966775617951,0.1182299385159468,2.2757360622113394,2.298701204404168
vectorchain,segment,"dt,dy",secondary,test,4,64,0.1,second_order_response,5,0.012977330848833105,0.012615532734339767,0.01613015927072333,0.01616047439075475,0.016112847427434882,0.016216933772862815,0.014957686903947547,0.01720285385861666,1.0131706428247491,1.013394146991208
vectorchain,segment,"dt,dy",secondary,test,4,64,0.1,sine,5,0.03483138167892682,0.034700404437880736,0.04148231474439695,0.04155696905505492,0.04143632472998516,0.04189822668622689,0.04034691467439527,0.042173138576322516,2.0305476741176887,2.0397327940454058
vectorchain,segment,"dt,dy",secondary,test,4,128,0.1,chirp,5,0.07805689779424486,0.07899159210221389,0.09089961800442448,0.09138809158662185,0.08995059862243117,0.09173503903150848,0.08860304279080324,0.09282131799075763,1.6690017871029954,1.6453178189327484
vectorchain,segment,"dt,dy",secondary,test,4,128,0.1,first_order_response,5,0.012065266458570206,0.011879577386210786,0.015306965296794442,0.014850110485707465,0.014339643441224521,0.017261479497256118,0.011957557735221109,0.01812603532456299,1.0097697609357055,1.009688956983105
vectorchain,segment,"dt,dy",secondary,test,4,128,0.1,piecewise_linear,5,0.012825992956343523,0.012910776174860712,0.015926463429773517,0.015975692047055814,0.015414906971285482,0.016346465509760474,0.014935687969673117,0.0169595646510927,1.085805722803356,1.0654438070848062
vectorchain,segment,"dt,dy",secondary,test,4,128,0.1,ramp,5,0.01091367844535743,0.01148077181913215,0.013485338472568498,0.014262906981073395,0.012169972323667603,0.014771028065229407,0.01059328074841017,0.01562950424446191,1.0146644986796978,1.0145688089780212
vectorchain,segment,"dt,dy",secondary,test,4,128,0.1,regime_change,5,0.09535039718135714,0.09638803277086454,0.1084754770421412,0.10959003285972396,0.10936855581425456,0.11074510613888114,0.101354420177637,0.11131927022020938,1.8583090335526016,1.8438123526681789
vectorchain,segment,"dt,dy",secondary,test,4,128,0.1,second_order_response,5,0.013418332790298035,0.013245968918212118,0.016780586269564128,0.016763365066051163,0.016708696482241287,0.016887019458477235,0.015840957866034674,0.017702892475016278,1.0415949740646158,1.0437872569567008
vectorchain,segment,"dt,dy",secondary,test,4,128,0.1,sine,5,0.027536762411819894,0.02746748657057292,0.03207685736262704,0.03198727887440545,0.03181597505489116,0.032492724987018586,0.030455844549227958,0.03363246334759206,1.5980822137426482,1.555467252974149
vectorchain,segment,"dt,dy",secondary,test,16,32,0.1,chirp,5,0.3968662198293097,0.3761833394552913,0.5313848015341633,0.5014381563418083,0.49212801649672633,0.5844073099526018,0.47025596461472025,0.6086945602649602,1.8291059992164034,1.8031716372548308
vectorchain,segment,"dt,dy",secondary,test,16,32,0.1,first_order_response,5,0.014895562864636966,0.01630882571783023,0.018755158106782084,0.020631915932987726,0.017579156834100287,0.020910695703634297,0.013652706358415492,0.02100131570477263,0.9875674698757464,0.9915207825682911
vectorchain,segment,"dt,dy",secondary,test,16,32,0.1,piecewise_linear,5,0.01540224303268696,0.015070587258843039,0.01928759850028729,0.01927031015732636,0.01740449713715755,0.019318339789957735,0.01711475821612394,0.023330087200870857,1.0286828779204487,1.023859039854129
vectorchain,segment,"dt,dy",secondary,test,16,32,0.1,ramp,5,0.01399314637868671,0.013970960532684745,0.017778013179303963,0.017666430255517833,0.01643826193464131,0.019394062946492374,0.015657567748742475,0.019733743011125817,0.973663744899409,0.9739749237582709
vectorchain,segment,"dt,dy",secondary,test,16,32,0.1,regime_change,5,0.5312278460844839,0.4776499323391524,0.7301772768881152,0.6443078815061811,0.6162021026940946,0.8854924015103856,0.614496741634792,0.8903872570951225,2.402375853920985,2.426992342750357
vectorchain,segment,"dt,dy",secondary,test,16,32,0.1,second_order_response,5,0.01645379664754959,0.016444781417143367,0.020916521550063315,0.020808128802116542,0.02056268665963264,0.021840882925688896,0.01925318668938896,0.022117722673489548,1.0157268469369594,1.0184795874033832
vectorchain,segment,"dt,dy",secondary,test,16,32,0.1,sine,5,0.08272791623127423,0.08310390891095001,0.09164933553347064,0.09197783997300381,0.09137253020542675,0.09213801837602723,0.09000520124479608,0.09275308786809937,0.9971712148258284,0.9978770243562899
vectorchain,segment,"dt,dy",secondary,test,16,64,0.1,chirp,5,0.33903861023533494,0.34079343660620254,0.40105837597880684,0.4073287130355262,0.39208598333784805,0.4100884128912635,0.38250391062778205,0.41328486000161424,1.4648882988543486,1.473693433031699
vectorchain,segment,"dt,dy",secondary,test,16,64,0.1,first_order_response,5,0.013958143322468076,0.014189836414658288,0.017779672946230896,0.01894337016409407,0.01648215686900723,0.01939657741392613,0.014162611419731528,0.019913648864395523,1.0491927091558302,1.039849762954094
vectorchain,segment,"dt,dy",secondary,test,16,64,0.1,piecewise_linear,5,0.013939808020732533,0.014086180191517257,0.017307546121102083,0.01735044278313157,0.0156965946074039,0.018106564160432128,0.014801693490230876,0.020582435564311944,0.939899816544318,0.9363046115223093
vectorchain,segment,"dt,dy",secondary,test,16,64,0.1,ramp,5,0.013157387799517719,0.012557198650649751,0.016496084428245995,0.015398959038273166,0.015330159309186955,0.01825174677840576,0.014498346473269226,0.019001210542094884,1.067540939238083,1.068357847690396
vectorchain,segment,"dt,dy",secondary,test,16,64,0.1,regime_change,5,0.37636661784933045,0.3793469672313628,0.44316469729264385,0.44485643292481714,0.4432796810684838,0.45348672042735255,0.408428467208119,0.465772184834447,1.4015784905058388,1.41498435240314
vectorchain,segment,"dt,dy",secondary,test,16,64,0.1,second_order_response,5,0.01924571941083895,0.019380087408730907,0.023857638910099257,0.02374536410101547,0.02321619732049101,0.023957050824652763,0.022961374036821035,0.025408208267516014,1.096249403897764,1.1038154338550537
vectorchain,segment,"dt,dy",secondary,test,16,64,0.1,sine,5,0.13788883072719138,0.13746195802210492,0.15969987867583452,0.15883346899165027,0.15855403959512468,0.16137083699597324,0.15648512123575678,0.16325592656066754,2.5801878791908877,2.5413907775836635
vectorchain,segment,"dt,dy",secondary,test,16,128,0.1,chirp,5,0.32755520101764773,0.3293591985437748,0.3725872497053923,0.37702373634089975,0.367730677003016,0.3772865725651609,0.3558545538270123,0.3850407087908726,1.051019117677661,1.0200555491630316
vectorchain,segment,"dt,dy",secondary,test,16,128,0.1,first_order_response,5,0.012473037234050483,0.013164942471972106,0.016239309727741364,0.017817358450153146,0.015276328662262556,0.01782782402263746,0.012372130611425364,0.017902906892228298,1.0419015446897462,1.0392169336702877
vectorchain,segment,"dt,dy",secondary,test,16,128,0.1,piecewise_linear,5,0.015764579846258682,0.0158690527717165,0.01962645604895602,0.019518837665010856,0.01766037189055891,0.021305460707318945,0.015742489276825207,0.023905120705066188,1.137046006925304,1.0593385799362676
vectorchain,segment,"dt,dy",secondary,test,16,128,0.1,ramp,5,0.013090922103930074,0.012989627112392287,0.016203571488905548,0.01586888736730624,0.01462413807599412,0.01730026296834584,0.014171790045050666,0.019052778987830858,1.1210157259992388,1.1319115004920544
vectorchain,segment,"dt,dy",secondary,test,16,128,0.1,regime_change,5,0.4017893930232456,0.40519458924082496,0.4482599340327966,0.4498824344172738,0.4485546362955409,0.45638388043021544,0.42623355672592655,0.4602451622950265,1.1584178953038209,1.1523785148289545
vectorchain,segment,"dt,dy",secondary,test,16,128,0.1,second_order_response,5,0.02503390657467096,0.025118896015358643,0.030356519658988133,0.030575691022794064,0.03000768752298453,0.03065930097890105,0.029455590363152328,0.03108432840710869,1.1786549948445126,1.2036285655546053
vectorchain,segment,"dt,dy",secondary,test,16,128,0.1,sine,5,0.10023645241241566,0.10119495552965568,0.11002847592125446,0.10974429121238453,0.10971383288628393,0.11053593178979099,0.10953671047707185,0.11061161324074095,2.0408822427464677,2.0738892845912247
vectorchain,segment,"dt,dy",secondary,validation,1,32,0.1,chirp,5,0.018195083742410408,0.018927980113107302,0.022743017822888238,0.023730960863309163,0.021613681991104507,0.023846542641767998,0.020167205961715534,0.024356697656543986,1.2722443797828114,1.1406092967586128
vectorchain,segment,"dt,dy",secondary,validation,1,32,0.1,first_order_response,5,0.011075666322201591,0.010605380875765055,0.014020357902858752,0.014042892470705235,0.013118931819872037,0.014682749664886132,0.01252571359218532,0.01573150196664503,1.0005127951590571,0.9998916893476554
vectorchain,segment,"dt,dy",secondary,validation,1,32,0.1,piecewise_linear,5,0.013091080293954302,0.012819991856140942,0.016218449121677685,0.016337842843895584,0.01524292521070005,0.01731645796094329,0.014099176383931832,0.018095843208917665,0.9945471458801958,0.9999970006025701
vectorchain,segment,"dt,dy",secondary,validation,1,32,0.1,ramp,5,0.011754772529713001,0.01191280348679047,0.014237127460989391,0.014111339557176902,0.014026003537537404,0.014278450780452572,0.013923007940040137,0.014846835489739928,0.9991803991268645,1.0001081634358335
vectorchain,segment,"dt,dy",secondary,validation,1,32,0.1,regime_change,5,0.02737630796753195,0.02613086798167544,0.03397819323250058,0.03166267225237786,0.030653433295678875,0.03554403504893878,0.03021119057428717,0.04181963499122021,1.504082453219231,1.5110335253431804
vectorchain,segment,"dt,dy",secondary,validation,1,32,0.1,second_order_response,5,0.011249926872356446,0.010945466276173953,0.014173363338017655,0.013819900832966454,0.01379135246436016,0.014743732259160484,0.013588269884504428,0.014923561249096747,0.9994205539328573,0.999947750023846
vectorchain,segment,"dt,dy",secondary,validation,1,32,0.1,sine,5,0.011989903247055978,0.012112295698352671,0.014933844958588197,0.014896565577470388,0.014884260570680135,0.015269497624276571,0.013951247745332082,0.015667653275181808,0.9999787472802858,1.0001624260077127
vectorchain,segment,"dt,dy",secondary,validation,1,64,0.1,chirp,5,0.021444125363022738,0.02145710652674907,0.02611681166267362,0.02542416484779146,0.024873547999489327,0.027460378573877595,0.022840039163445434,0.0299859277287643,1.6132366482696383,1.644561896464215
vectorchain,segment,"dt,dy",secondary,validation,1,64,0.1,first_order_response,5,0.010947160766153794,0.010414106655821279,0.01391009963049138,0.013868311359323466,0.012963371996245348,0.01468341707594313,0.012577587993574226,0.015457809727370729,1.002009156868095,1.002177171353575
vectorchain,segment,"dt,dy",secondary,validation,1,64,0.1,piecewise_linear,5,0.012971952444189116,0.01265245917778984,0.016229946793417365,0.01672521266943167,0.01514056937806458,0.017482744612867168,0.014125273500420456,0.017675933806302953,0.9951884104931217,0.9969424784567111
vectorchain,segment,"dt,dy",secondary,validation,1,64,0.1,ramp,5,0.011591704893604,0.011746489620150678,0.01405154606802334,0.013985913439875486,0.0137009325323148,0.014145808087840238,0.013633087532218122,0.014791988747868062,1.000472571578409,1.0014469313957668
vectorchain,segment,"dt,dy",secondary,validation,1,64,0.1,regime_change,5,0.027060309122880672,0.027292956924551543,0.032956483793551136,0.033180572022714766,0.031032383273234893,0.03491546095902368,0.02946340787157976,0.036190594841202586,1.5959537760206195,1.6145724369986527
vectorchain,segment,"dt,dy",secondary,validation,1,64,0.1,second_order_response,5,0.0112157710019126,0.010943095355644545,0.01407600693325814,0.013822542297151831,0.013746644256194101,0.014611390624168148,0.013347813663587381,0.014851643825189238,1.0012319304546726,1.0010992918385015
vectorchain,segment,"dt,dy",secondary,validation,1,64,0.1,sine,5,0.013338715227790149,0.013181221088918137,0.016604018849556947,0.016722706719887945,0.01581364933968395,0.016971936230297514,0.01565532261537966,0.017856479342535675,1.0927389609407245,1.1097929603507488
vectorchain,segment,"dt,dy",secondary,validation,1,128,0.1,chirp,5,0.01828879213900378,0.018236055465158312,0.02216010753481974,0.02225728024396804,0.021465944413819927,0.023626146308691687,0.019041995007995187,0.024409171699623845,1.4552788422660283,1.4129773799137069
vectorchain,segment,"dt,dy",secondary,validation,1,128,0.1,first_order_response,5,0.010915196546210287,0.010399459091531883,0.013816579657382765,0.013858874806061829,0.012803872098448767,0.014526995151188,0.01234450833280584,0.015548647898409379,1.0034631219721344,1.0032898316090917
vectorchain,segment,"dt,dy",secondary,validation,1,128,0.1,piecewise_linear,5,0.013253119463399146,0.01299996606837623,0.016463164289198536,0.01650412478407803,0.01576864534758852,0.017402498119967833,0.01432692853525981,0.01831362465909849,1.0201546427968549,1.0248428622858923
vectorchain,segment,"dt,dy",secondary,validation,1,128,0.1,ramp,5,0.011607371067051338,0.011799958689718828,0.014064979296235871,0.013938798141307912,0.013824933177963534,0.014131034066628419,0.013641520820915739,0.014788610274363758,1.0005994357495693,1.0015384547652852
vectorchain,segment,"dt,dy",secondary,validation,1,128,0.1,regime_change,5,0.025393602971107793,0.027056797404870277,0.030361674537480943,0.032516780027258316,0.026699924950331366,0.0328570937690178,0.026383873128795973,0.03335070081200126,1.4579629287322464,1.4911156523379723
vectorchain,segment,"dt,dy",secondary,validation,1,128,0.1,second_order_response,5,0.011422998272910373,0.011310627426651093,0.014394438947120457,0.014191673576412463,0.013746589580894414,0.015178539026222399,0.013546045024469452,0.015309347527603564,1.003006206688592,0.9999445715589743
vectorchain,segment,"dt,dy",secondary,validation,1,128,0.1,sine,5,0.013812752417613067,0.014050639471529465,0.017214108291452524,0.017363976385263245,0.01727933202503904,0.01740178929261183,0.01594529060173729,0.018080153152611213,1.1202216306909005,1.1073330622521833
vectorchain,segment,"dt,dy",secondary,validation,4,32,0.1,chirp,5,0.06370958210591803,0.06418132578533467,0.08028207475668596,0.07985586220397443,0.07974027902540883,0.08269222856997982,0.07557762537113201,0.08354437861293473,1.7410893172298114,1.9174878361984873
vectorchain,segment,"dt,dy",secondary,validation,4,32,0.1,first_order_response,5,0.013707368141114748,0.014211596908583285,0.016875405590740883,0.016621974333542615,0.016403598114491897,0.017641903041586023,0.014937410439040413,0.01877214202504348,1.0006882757846696,1.000810723951427
vectorchain,segment,"dt,dy",secondary,validation,4,32,0.1,piecewise_linear,5,0.013747203540332232,0.012653621610955686,0.01789888415774494,0.015609246754063902,0.015111891558421119,0.016791939408794067,0.013520415030374686,0.02846092803707092,1.0703052302153613,1.002851926541204
vectorchain,segment,"dt,dy",secondary,validation,4,32,0.1,ramp,5,0.012567826293448348,0.012928253104638706,0.015328879210438254,0.01595082152369264,0.01489593356764057,0.016153677647636474,0.01203638135522299,0.017607581957998587,0.9996617356918562,0.9995184957594105
vectorchain,segment,"dt,dy",secondary,validation,4,32,0.1,regime_change,5,0.10815514058858773,0.10452297460589417,0.1410019591682155,0.13825354699140174,0.1292916598616894,0.1514826854908422,0.1241001179813386,0.16188178551580562,2.20299027259201,2.046312791125033
vectorchain,segment,"dt,dy",secondary,validation,4,32,0.1,second_order_response,5,0.01244723429884866,0.012430876648678485,0.015265278614964009,0.015558193817529688,0.013945758538273238,0.01593336470985156,0.012849915993369564,0.018039160015795995,0.9988901452108532,0.9985406874298947
vectorchain,segment,"dt,dy",secondary,validation,4,32,0.1,sine,5,0.019623964050556397,0.01996535461171769,0.024088089162598924,0.024382430639101168,0.024090941829200314,0.024392059432469367,0.022431559799940114,0.025143454112283664,0.9990477679798335,0.9991804735319684
vectorchain,segment,"dt,dy",secondary,validation,4,64,0.1,chirp,5,0.07675621694275203,0.07658745391253827,0.09231545901258545,0.09270970303660277,0.08867230640131434,0.09441657013092684,0.0884078391760236,0.09737087631805974,3.0785202585855087,3.0638660036230663
vectorchain,segment,"dt,dy",secondary,validation,4,64,0.1,first_order_response,5,0.013163686073049269,0.013725656266143652,0.016320068363900292,0.016025794944203663,0.015999878674421854,0.017248164464896146,0.014387759468866567,0.017938744267113227,1.0066594196023155,1.0068410284186022
vectorchain,segment,"dt,dy",secondary,validation,4,64,0.1,piecewise_linear,5,0.01397134842066046,0.01380947376750991,0.017300448024785482,0.016825028403885594,0.016397899678339767,0.017844308844814763,0.014786949839797071,0.0206480533570902,1.0052413494997525,1.0272424522280694
vectorchain,segment,"dt,dy",secondary,validation,4,64,0.1,ramp,5,0.012144033260925294,0.012269343423790354,0.014777778429325572,0.015457761658755755,0.014338690505645877,0.015847155897419585,0.011263050117731925,0.016982233967074725,1.0068386416741133,1.0066174661968414
vectorchain,segment,"dt,dy",secondary,validation,4,64,0.1,regime_change,5,0.09828636094272683,0.0966061732460051,0.11896719097286945,0.11719783185104922,0.11708835870723373,0.12253592120712052,0.1153167411289566,0.12269710196998722,2.3126199361977746,2.369502000911394
vectorchain,segment,"dt,dy",secondary,validation,4,64,0.1,second_order_response,5,0.01246279331142109,0.012417817593876525,0.015343100766528589,0.015554050015668048,0.014262139665201823,0.01579217354967408,0.01332245076742448,0.01778468983467452,1.0127464826946393,1.012099706019728
vectorchain,segment,"dt,dy",secondary,validation,4,64,0.1,sine,5,0.03449276163266945,0.03469188313527386,0.041759613020602424,0.04147123969935949,0.041391392677561686,0.042557342597448686,0.039541157758341376,0.0438369323703009,1.8053483624010855,1.8682194438544275
vectorchain,segment,"dt,dy",secondary,validation,4,128,0.1,chirp,5,0.06277646265888978,0.061697702844650926,0.07255076151294948,0.07072153203251129,0.07026332491310727,0.07508058909247713,0.07013301409212952,0.07655534743452216,2.253983074553081,2.1434976476941072
vectorchain,segment,"dt,dy",secondary,validation,4,128,0.1,first_order_response,5,0.013075249962513196,0.013623435114216032,0.0161244675578151,0.015945362691146752,0.01574841706188304,0.01694119430811709,0.014212551600900852,0.017774812127027764,1.0090532193947181,1.0090793638922224
vectorchain,segment,"dt,dy",secondary,validation,4,128,0.1,piecewise_linear,5,0.016055959504514206,0.016617470499462914,0.020308349499543254,0.01978783501324117,0.01959664993124639,0.020888338050802497,0.017625000041590892,0.02364392446083534,1.2080825590844884,1.2435203613948838
vectorchain,segment,"dt,dy",secondary,validation,4,128,0.1,ramp,5,0.012154590322075384,0.012359890662010632,0.014803847702082342,0.015513028804662552,0.014482371829542201,0.0158496149880421,0.01134572373413582,0.01682849915402904,1.0155212094491795,1.0158159583115076
vectorchain,segment,"dt,dy",secondary,validation,4,128,0.1,regime_change,5,0.09610616119840748,0.09655156688502256,0.11086506266640428,0.11025857617317292,0.1101028385318919,0.11111640215522241,0.10863879296696652,0.1142087035047677,1.6573215930881322,1.6729680861043255
vectorchain,segment,"dt,dy",secondary,validation,4,128,0.1,second_order_response,5,0.013618848130881708,0.013182904606207765,0.01706814588360609,0.016935492264657254,0.016465550377262116,0.017088439713273777,0.015026863740379412,0.01982438332245789,0.9897859728779371,0.9924735083518013
vectorchain,segment,"dt,dy",secondary,validation,4,128,0.1,sine,5,0.03712259993576298,0.037700902009131516,0.04287396663404408,0.04333932610921189,0.04257532023282974,0.04355768976907248,0.04131274740525427,0.043584749653852055,1.7942896415797533,1.8934208228942724
vectorchain,segment,"dt,dy",secondary,validation,16,32,0.1,chirp,5,0.3184170909403954,0.31280456261788914,0.3994349273097332,0.3933709718940155,0.3813612383771899,0.42022747097535756,0.3535318895712541,0.448683065730849,1.6911967511380968,1.6052504889757766
vectorchain,segment,"dt,dy",secondary,validation,16,32,0.1,first_order_response,5,0.015742078626865157,0.015933867217322165,0.019770596072671294,0.019551522890667646,0.019460718546303445,0.020155662030343875,0.017282517853412834,0.022402559042628684,0.9908115817161338,0.992256556830961
vectorchain,segment,"dt,dy",secondary,validation,16,32,0.1,piecewise_linear,5,0.029891790380961725,0.027540106127920027,0.05824590407047779,0.038280572202903186,0.03827985602877933,0.038615812711671395,0.03803138941956299,0.13802188998947212,1.3275663097379289,1.0134036841998286
vectorchain,segment,"dt,dy",secondary,validation,16,32,0.1,ramp,5,0.015137631119996723,0.015260221822554333,0.018710210718986743,0.019493522784964776,0.0176074279210516,0.019694130205741955,0.016360343536073303,0.02039562914710209,0.9680671698110178,0.9774134089243854
vectorchain,segment,"dt,dy",secondary,validation,16,32,0.1,regime_change,5,0.6393526793555656,0.5734750325476967,0.8174427656816683,0.7246733529940862,0.6987434190739977,0.9742454417072264,0.6918899253926447,0.9976616892403862,2.4392368106001916,2.4247916991662093
vectorchain,segment,"dt,dy",secondary,validation,16,32,0.1,second_order_response,5,0.017864843481372628,0.017356019464291723,0.021741357592625736,0.021280502617788234,0.02104871899319898,0.021396728998505816,0.02081469655671629,0.02416614079691938,0.948763248945998,0.9490961434049429
vectorchain,segment,"dt,dy",secondary,validation,16,32,0.1,sine,5,0.08578124309675228,0.08651945431708141,0.09517517425540316,0.09601352111334091,0.09374844087843215,0.09635100158793392,0.09209273124603898,0.09767017645126988,1.0001017586318117,0.9998971507522483
vectorchain,segment,"dt,dy",secondary,validation,16,64,0.1,chirp,5,0.31087989139050237,0.31007456664457633,0.3710894290489609,0.37241487211398805,0.362045782122241,0.37464260918704745,0.36172730976457323,0.38461657205695493,2.5795943591230737,2.607400842908111
vectorchain,segment,"dt,dy",secondary,validation,16,64,0.1,first_order_response,5,0.014213787597246286,0.014205208370063432,0.017969075028246812,0.017678005506850312,0.017453899643280528,0.01843244917916324,0.015548159671054003,0.02073286114088598,1.0507611780259833,1.0560092736169275
vectorchain,segment,"dt,dy",secondary,validation,16,64,0.1,piecewise_linear,5,0.028696955212449814,0.02877572690534567,0.04432188450830459,0.04374485321713274,0.04362302771136074,0.04539803286654439,0.04302834348545118,0.04581516526103392,1.0041817864950429,1.0118230349075323
vectorchain,segment,"dt,dy",secondary,validation,16,64,0.1,ramp,5,0.013442490598587048,0.013844460818511768,0.016703130578284608,0.016740709935048205,0.016511764096920446,0.01818110116562963,0.013526008060227225,0.018556069633597544,1.054860488833595,1.0466225140084
vectorchain,segment,"dt,dy",secondary,validation,16,64,0.1,regime_change,5,0.40735121256816126,0.40815569360361115,0.49036238612789074,0.4935661812424285,0.48731413029773074,0.4993022433113699,0.4710135099819542,0.5006158658059701,1.3670243621245004,1.3588439560254424
vectorchain,segment,"dt,dy",secondary,validation,16,64,0.1,second_order_response,5,0.019674945742102788,0.0198153453570896,0.023985875679755804,0.02370680426627492,0.02350830161130518,0.024102943198484345,0.023282044693161214,0.02532928462955336,1.0188737244085169,1.014117460184007
vectorchain,segment,"dt,dy",secondary,validation,16,64,0.1,sine,5,0.13970593360261235,0.14103245976177586,0.16962356823148966,0.1717307434258445,0.16820282688934982,0.17376196011524475,0.16027629209345706,0.17414601863355217,2.5119701032312154,2.441602516044367
vectorchain,segment,"dt,dy",secondary,validation,16,128,0.1,chirp,5,0.23804717705463285,0.2372781676712593,0.27058470743276236,0.2709616242915939,0.26798981516754466,0.2735492109097806,0.26537649728889035,0.27504638950600224,1.5847515262272955,1.5751589866242586
vectorchain,segment,"dt,dy",secondary,validation,16,128,0.1,first_order_response,5,0.013413717337180123,0.013093886747621441,0.016705506841755376,0.016498613393345754,0.01606773718706835,0.016707496396799124,0.01513470277309496,0.019118984458468696,1.049185697449194,1.045553396111899
vectorchain,segment,"dt,dy",secondary,validation,16,128,0.1,piecewise_linear,5,0.049409852029250995,0.04877558723828638,0.06127286515282564,0.05954641940923294,0.059495973542995295,0.06135231234721172,0.05928949234099069,0.06668012812369753,1.461605687415905,1.4678078592435413
vectorchain,segment,"dt,dy",secondary,validation,16,128,0.1,ramp,5,0.013496966654843737,0.013498057885042972,0.01676962960080792,0.016388412839605293,0.015802713068025435,0.01790181186700107,0.014695373282944816,0.019059836946462974,1.1075494164104613,1.1032582760763319
vectorchain,segment,"dt,dy",secondary,validation,16,128,0.1,regime_change,5,0.394573148175113,0.39175112908921816,0.4504200149836601,0.4492289054821405,0.4461590516051091,0.4519042332089819,0.4418534966585087,0.4629543879635602,1.080709263325058,1.0427062027253877
vectorchain,segment,"dt,dy",secondary,validation,16,128,0.1,second_order_response,5,0.03334154782714932,0.03413217788621426,0.0399971786678546,0.04066524346629801,0.03758479823576266,0.04218185437472211,0.03690715818891768,0.04264683907357253,1.1180203308803374,1.0760613623833022
vectorchain,segment,"dt,dy",secondary,validation,16,128,0.1,sine,5,0.140899044933415,0.1428584522051588,0.15930343600201452,0.1610311626868034,0.15589269629596147,0.16165806708635064,0.15282230096922103,0.1651129529717361,2.22478671551512,2.3561019254641717
vectorchain,turning,"dt,dy,theta,r,delta_theta",primary,test,1,32,0.1,chirp,5,0.016309383335544186,0.016378065597349646,0.021032112413153677,0.02013942132381846,0.018589098976482456,0.02361817461823904,0.017829006040095484,0.024984861107132925,1.118064725875184,1.0569110457784865
vectorchain,turning,"dt,dy,theta,r,delta_theta",primary,test,1,32,0.1,first_order_response,5,0.01147504475035194,0.010757157356166717,0.01388199277649022,0.013982365604960587,0.012496795106936343,0.015073810648287387,0.011576518633048781,0.01628047388921801,0.9999689536455252,0.9999913094827925
vectorchain,turning,"dt,dy,theta,r,delta_theta",primary,test,1,32,0.1,piecewise_linear,5,0.01108541449014189,0.010958461336733566,0.01348440985979874,0.013537509753171641,0.01216332650168478,0.014675327137427417,0.01093878741375208,0.016107098492957793,0.9999497340979472,0.9999906432283492
vectorchain,turning,"dt,dy,theta,r,delta_theta",primary,test,1,32,0.1,ramp,5,0.011139829584081277,0.011382820530872658,0.01367562218387706,0.014010012521899743,0.013466485114102367,0.014156126944419084,0.011752745040931621,0.014992741298032481,1.0000253819213267,1.0000255467239858
vectorchain,turning,"dt,dy,theta,r,delta_theta",primary,test,1,32,0.1,regime_change,5,0.02038226211703261,0.0184039698280853,0.025547001261247832,0.022954406652294042,0.020407914795461578,0.03383063490362799,0.016137001019139393,0.034405048935716165,1.1064080842542623,1.0332339286926489
vectorchain,turning,"dt,dy,theta,r,delta_theta",primary,test,1,32,0.1,second_order_response,5,0.01108033062313556,0.010778537535565569,0.01397789573380345,0.013153013786310414,0.012954874421426222,0.014222532691268438,0.012693449557868221,0.016865608212143956,0.9999347524718492,0.9999424756645521
vectorchain,turning,"dt,dy,theta,r,delta_theta",primary,test,1,32,0.1,sine,5,0.01163952234260214,0.011340589683808138,0.014761745916583158,0.01478351714406017,0.014284469178172608,0.015411493717647017,0.013463568766865379,0.01586568077617061,1.0004643158163309,1.0001345033874816
vectorchain,turning,"dt,dy,theta,r,delta_theta",primary,test,1,64,0.1,chirp,5,0.015065516965933784,0.014316980461996913,0.01876254322205372,0.01784064000573543,0.0177660772282234,0.020785590922965547,0.014915459285442792,0.022504948667901432,1.02769828653683,1.0102158321708026
vectorchain,turning,"dt,dy,theta,r,delta_theta",primary,test,1,64,0.1,first_order_response,5,0.01140474525734677,0.010685806237899347,0.013799603107951298,0.013955364620538707,0.012489897943247015,0.014847212465881247,0.011515620676420984,0.01618991983366852,1.0001804196411404,1.0000436727256252
vectorchain,turning,"dt,dy,theta,r,delta_theta",primary,test,1,64,0.1,piecewise_linear,5,0.01105227842194326,0.010968992194354212,0.013434336703865573,0.01351281681550066,0.01199274442098796,0.014615593445910112,0.011053341460519787,0.01599718737640935,1.0002807463390677,0.9998992734244094
vectorchain,turning,"dt,dy,theta,r,delta_theta",primary,test,1,64,0.1,ramp,5,0.011094878348405595,0.011267610577732793,0.013600485050874005,0.013852175864002968,0.01337172429362309,0.01418281510508408,0.011685914256250346,0.014909795735409546,1.0001163299596745,1.0000941956488358
vectorchain,turning,"dt,dy,theta,r,delta_theta",primary,test,1,64,0.1,regime_change,5,0.015436655414907768,0.015303721801814609,0.0196501444958891,0.019788128945486528,0.019006701135149195,0.020194780058384425,0.015002027234613592,0.02425908510581177,0.9951302095373693,1.0245933432413539
vectorchain,turning,"dt,dy,theta,r,delta_theta",primary,test,1,64,0.1,second_order_response,5,0.011018691716613047,0.010788379963474135,0.013903015283610449,0.01325475916204511,0.01266895631054823,0.014234714294733825,0.012588894900655618,0.016767751750069455,1.0002097208482639,1.0000165050240593
vectorchain,turning,"dt,dy,theta,r,delta_theta",primary,test,1,64,0.1,sine,5,0.011929661982880872,0.011907990230332637,0.01503795245961712,0.014637399940734139,0.01448729214831071,0.015380115820218497,0.01447448530593316,0.016210469082889103,1.0239158675414728,1.028197798979584
vectorchain,turning,"dt,dy,theta,r,delta_theta",primary,test,1,128,0.1,chirp,5,0.0179360052949873,0.018012917115649608,0.021828175657860167,0.022061434635312436,0.019602652811361507,0.02315056886274261,0.0174706450630433,0.026855576916840995,1.191091281518569,1.1888734989960077
vectorchain,turning,"dt,dy,theta,r,delta_theta",primary,test,1,128,0.1,first_order_response,5,0.011317206840243201,0.01053330148971899,0.013713560859259252,0.013768095413517804,0.012301413061206589,0.014955411609891717,0.011435726156894668,0.016107158054785475,0.9995088574021056,1.0001732198872753
vectorchain,turning,"dt,dy,theta,r,delta_theta",primary,test,1,128,0.1,piecewise_linear,5,0.010939020464472605,0.010835815297416753,0.013390944435369806,0.013383398605474838,0.012256621245938923,0.014596923438940233,0.010802937036465711,0.015914841850029327,0.9980064093595032,0.9983136500175791
vectorchain,turning,"dt,dy,theta,r,delta_theta",primary,test,1,128,0.1,ramp,5,0.011045364018123395,0.011220216585956106,0.01357467563541739,0.013834530112124172,0.013351041589822662,0.014090280955701903,0.011685212609122017,0.014912312910316193,1.0003698949398196,1.0001463299573627
vectorchain,turning,"dt,dy,theta,r,delta_theta",primary,test,1,128,0.1,regime_change,5,0.020018998923493667,0.01919009650992486,0.024035911344627937,0.02256448557058795,0.02228992232592461,0.02556945781418194,0.02054166838627646,0.029214022626168713,1.2099454394029052,1.1657246408385118
vectorchain,turning,"dt,dy,theta,r,delta_theta",primary,test,1,128,0.1,second_order_response,5,0.010973301005533165,0.010856843676772848,0.013910774291666202,0.01311216036048104,0.012941976042463941,0.014174620141694497,0.012497692222550255,0.016827422691141274,0.999193806666109,0.9999172767940252
vectorchain,turning,"dt,dy,theta,r,delta_theta",primary,test,1,128,0.1,sine,5,0.01167126229199553,0.011558360359338016,0.014529331352932977,0.014426238520275074,0.014326720659384439,0.014653088978459699,0.014249838583672044,0.014990770022873634,0.9886355795052444,0.9882754478063726
vectorchain,turning,"dt,dy,theta,r,delta_theta",primary,test,4,32,0.1,chirp,5,0.037825955075241356,0.03577231754363748,0.05205800931917792,0.0475742207202647,0.04627875821624705,0.04926145907245821,0.038313053621946105,0.07886255496497355,0.9494180008199413,0.9696903831430554
vectorchain,turning,"dt,dy,theta,r,delta_theta",primary,test,4,32,0.1,first_order_response,5,0.012629847291690097,0.012509205948794495,0.015955722766669112,0.01570948070287412,0.014669226292631428,0.01792659822055419,0.012561087385711798,0.01891222123157401,0.9999829433529737,1.0000132104713118
vectorchain,turning,"dt,dy,theta,r,delta_theta",primary,test,4,32,0.1,piecewise_linear,5,0.012164793348753245,0.011992344006225423,0.015285090568169263,0.014646381113699813,0.014543074138727323,0.016409257266923175,0.01433787764318189,0.01648886267831412,0.9999990134174211,1.0000127049451402
vectorchain,turning,"dt,dy,theta,r,delta_theta",primary,test,4,32,0.1,ramp,5,0.011323731909588927,0.011918559404483423,0.014059887481565994,0.014833120382105444,0.012906237769826372,0.015397137640870076,0.01099730550481522,0.016165636110212867,0.9999807242818376,1.0000183651711545
vectorchain,turning,"dt,dy,theta,r,delta_theta",primary,test,4,32,0.1,regime_change,5,0.04586913713272848,0.03586487037595337,0.06074253783904611,0.048141277561016695,0.04442386810168576,0.06378386089017293,0.03757865336265796,0.10978502927969717,0.8831443843954284,0.9574322018584209
vectorchain,turning,"dt,dy,theta,r,delta_theta",primary,test,4,32,0.1,second_order_response,5,0.013084122320123662,0.013098219392307129,0.016368961306968875,0.0163839084742446,0.016298271940541544,0.01678757889593077,0.014818806527416632,0.017556240696710836,1.0000205513795937,1.0000277510544213
vectorchain,turning,"dt,dy,theta,r,delta_theta",primary,test,4,32,0.1,sine,5,0.018127846524190982,0.018382469217810102,0.02243975464841381,0.023026326180106204,0.021872215332031205,0.023136393740693692,0.020951625573332713,0.023212212415905233,0.9999469486907822,0.9999432795730648
vectorchain,turning,"dt,dy,theta,r,delta_theta",primary,test,4,64,0.1,chirp,5,0.03020212104474106,0.030472180068435325,0.0378961155493681,0.03691505517724317,0.03630799570098143,0.03832279982064254,0.030712094445847698,0.04722263260212568,0.8847165343028163,0.8609217695679491
vectorchain,turning,"dt,dy,theta,r,delta_theta",primary,test,4,64,0.1,first_order_response,5,0.012106031858528737,0.011933312141366174,0.015429174527963852,0.01500369104775224,0.014278279011233951,0.017380642304256004,0.012039647064039167,0.0184436132125379,1.0003109451678855,1.0002820077405428
vectorchain,turning,"dt,dy,theta,r,delta_theta",primary,test,4,64,0.1,piecewise_linear,5,0.011918692197635302,0.011938224063535325,0.01482707602861115,0.01418572398634566,0.014143387477348725,0.015913786044143757,0.01376078228996532,0.01613170034525229,0.9997894505879584,0.9997447311959685
vectorchain,turning,"dt,dy,theta,r,delta_theta",primary,test,4,64,0.1,ramp,5,0.010900216977724465,0.011410917794553978,0.013485905736453094,0.01410886681839293,0.012213861878423824,0.014726005213543841,0.010728880418407855,0.015651914353497016,1.0003202055614344,1.0002429783515177
vectorchain,turning,"dt,dy,theta,r,delta_theta",primary,test,4,64,0.1,regime_change,5,0.03760509502613922,0.03901355947436201,0.0461871239109512,0.04666232556756624,0.04065537737580068,0.05188633184109964,0.038724813383412895,0.05300677138687655,0.9496479036540852,0.882396980442487
vectorchain,turning,"dt,dy,theta,r,delta_theta",primary,test,4,64,0.1,second_order_response,5,0.012807107548248126,0.012536347050681945,0.01592647196528112,0.0159906211214267,0.015936091724570996,0.015993293958336506,0.014727589304009464,0.016984763718061922,1.000329482281066,1.0003261187827184
vectorchain,turning,"dt,dy,theta,r,delta_theta",primary,test,4,64,0.1,sine,5,0.016801946286968256,0.016878597367864477,0.021006702317791906,0.02149235982760004,0.0206152962780066,0.02159391688330759,0.019248563718219435,0.022083374881825876,1.0274172082640525,1.0131309204724648
vectorchain,turning,"dt,dy,theta,r,delta_theta",primary,test,4,128,0.1,chirp,5,0.05909661832880074,0.0582531539133161,0.06930086678943177,0.06883135320763402,0.06871689154981955,0.07000606599665225,0.06167220248794736,0.07727782070510564,1.2719495326019872,1.3039879105704084
vectorchain,turning,"dt,dy,theta,r,delta_theta",primary,test,4,128,0.1,first_order_response,5,0.011985696485212362,0.011814692637357379,0.015195834328305055,0.014761776212656378,0.014204198997583448,0.017112725133797746,0.01188430803711592,0.018016163260371785,1.0024571818607924,1.0020562032266132
vectorchain,turning,"dt,dy,theta,r,delta_theta",primary,test,4,128,0.1,piecewise_linear,5,0.011797870424374862,0.011548580793318898,0.014737841282178508,0.014209910513848905,0.014115167024700866,0.015634589294461772,0.013754901296871236,0.015974638281009753,1.003243577823981,1.000830062105077
vectorchain,turning,"dt,dy,theta,r,delta_theta",primary,test,4,128,0.1,ramp,5,0.010706129285409774,0.011239649002174409,0.013314181533296212,0.014083914316631634,0.012070144086252146,0.014521532069358769,0.010445983067560363,0.015449334126678146,1.0018554404792614,1.00193172900377
vectorchain,turning,"dt,dy,theta,r,delta_theta",primary,test,4,128,0.1,regime_change,5,0.064932506264506,0.06676174851066753,0.07582638183774384,0.07634221448682016,0.07548280652787911,0.0775724674157,0.0671340348821058,0.0826003858762142,1.299014705456419,1.3237663358334524
vectorchain,turning,"dt,dy,theta,r,delta_theta",primary,test,4,128,0.1,second_order_response,5,0.012964152337765147,0.012775306008046269,0.016166800650899392,0.016212611744321353,0.01595975951745913,0.01621777795005479,0.014988321282204934,0.01745553276045673,1.0028342665329446,1.0024214161678362
vectorchain,turning,"dt,dy,theta,r,delta_theta",primary,test,4,128,0.1,sine,5,0.014939777510973603,0.014880311022289375,0.019367430637890072,0.019450467601376174,0.018052638298896067,0.019903481208755118,0.017922396278076694,0.02150816980234632,0.9597621110169576,0.9597338938246547
vectorchain,turning,"dt,dy,theta,r,delta_theta",primary,test,16,32,0.1,chirp,5,0.2207809504383583,0.22751822820929496,0.29905314106916214,0.30509808042655184,0.2992346222617927,0.30674726781409695,0.16499789169596416,0.41918784314740487,0.9545263727572639,1.0372647772092223
vectorchain,turning,"dt,dy,theta,r,delta_theta",primary,test,16,32,0.1,first_order_response,5,0.015184615862621686,0.016642501548520837,0.018997074331900694,0.02080445881731861,0.018343690955334953,0.020936141133261546,0.013590983540590603,0.02131009721299775,0.9997872440150122,0.999812782993943
vectorchain,turning,"dt,dy,theta,r,delta_theta",primary,test,16,32,0.1,piecewise_linear,5,0.015044681288057424,0.01470063922682151,0.018770760374817605,0.01859917059610496,0.0172027227706929,0.01888329882591955,0.016335035893539882,0.022833573787830744,1.0005980919873494,1.0008021608168893
vectorchain,turning,"dt,dy,theta,r,delta_theta",primary,test,16,32,0.1,ramp,5,0.014346148647139493,0.014403192262906196,0.01823068415903641,0.01802078521188984,0.016963040093182863,0.019903356946277047,0.016157170870539438,0.020109067673292864,0.9987862407310908,0.9984473057656548
vectorchain,turning,"dt,dy,theta,r,delta_theta",primary,test,16,32,0.1,regime_change,5,0.23858023380986043,0.2123374577884345,0.33059018806197354,0.2876739923352698,0.26402174198160183,0.44025452199039455,0.17110697119390608,0.48989371280869537,0.9497345497137676,0.9755221564394136
vectorchain,turning,"dt,dy,theta,r,delta_theta",primary,test,16,32,0.1,second_order_response,5,0.016252577627198096,0.016268845496164308,0.020612327035945732,0.02079331932342262,0.02021802068898046,0.021346907338893495,0.018884493403676258,0.02181889442475583,1.000885329253492,1.0011340210322703
vectorchain,turning,"dt,dy,theta,r,delta_theta",primary,test,16,32,0.1,sine,5,0.08300466514191253,0.08348982863162241,0.09182051317928926,0.09218964967818415,0.0914406566493883,0.09246102714968352,0.09019414165273651,0.09281709076645385,0.9990336575899548,0.9988495314901088
vectorchain,turning,"dt,dy,theta,r,delta_theta",primary,test,16,64,0.1,chirp,5,0.21879991581708755,0.20827567160989544,0.2566922711228513,0.2465627483520147,0.2311113773052915,0.2627326088086133,0.22649970279627335,0.3165549183520639,0.9315347465030882,0.9236194805832306
vectorchain,turning,"dt,dy,theta,r,delta_theta",primary,test,16,64,0.1,first_order_response,5,0.013228100188354967,0.013688477985032393,0.016978920421108268,0.018234082651480202,0.01591059062716841,0.018678664613664204,0.013247778317722532,0.018823485895505993,1.0010995810988466,1.0011192238515603
vectorchain,turning,"dt,dy,theta,r,delta_theta",primary,test,16,64,0.1,piecewise_linear,5,0.014721215836238638,0.015148310591456021,0.018403637643559824,0.01865050520492252,0.016981632294857083,0.0189093395699213,0.01594734097166885,0.021529370176429374,1.0007363082222025,0.9983527080560975
vectorchain,turning,"dt,dy,theta,r,delta_theta",primary,test,16,64,0.1,ramp,5,0.01222060520198102,0.011838025901901738,0.015467148131390582,0.014452471180933629,0.0143550070187428,0.017085490447281863,0.013529671015346127,0.017913100994648486,1.0006924048060708,1.000374203483011
vectorchain,turning,"dt,dy,theta,r,delta_theta",primary,test,16,64,0.1,regime_change,5,0.28156236404471074,0.2886745098942224,0.33936767236189863,0.3422680741918373,0.32258408022006274,0.35098922241601327,0.3083028447697764,0.37269414021180364,1.071089968840817,1.0709504498549076
vectorchain,turning,"dt,dy,theta,r,delta_theta",primary,test,16,64,0.1,second_order_response,5,0.01757813725436479,0.017660501483729767,0.02183136129700122,0.021686593388886618,0.021274743054927804,0.0221575934469674,0.021100289351590057,0.02293758724263423,1.0032086849576796,1.0037447542477431
vectorchain,turning,"dt,dy,theta,r,delta_theta",primary,test,16,64,0.1,sine,5,0.04972733617101733,0.04900755774174856,0.05894288067386096,0.058753693715129784,0.056743232509241376,0.06081595196391298,0.0553487776310755,0.06305274754994519,0.9513311139675166,0.9508612890779354
vectorchain,turning,"dt,dy,theta,r,delta_theta",primary,test,16,128,0.1,chirp,5,0.3687017229357965,0.3628293151244109,0.41832928533191555,0.4164929694085092,0.4009514919601377,0.43251442929862843,0.4002759571642786,0.4414115788280237,1.1818175824151684,1.1440846651654075
vectorchain,turning,"dt,dy,theta,r,delta_theta",primary,test,16,128,0.1,first_order_response,5,0.012146983086920768,0.01317465149672998,0.015780844588899612,0.017368390555290054,0.014823562871375888,0.017475557813644658,0.01170253113186047,0.017534180572326995,1.0106667065573247,1.010440010991825
vectorchain,turning,"dt,dy,theta,r,delta_theta",primary,test,16,128,0.1,piecewise_linear,5,0.014633432465519309,0.013377847828659414,0.018740554791434084,0.017829665749496425,0.017079377067343648,0.019859844958476088,0.01696677400084423,0.021967112181010016,1.0806741676181155,1.058900522779594
vectorchain,turning,"dt,dy,theta,r,delta_theta",primary,test,16,128,0.1,ramp,5,0.011577314601573161,0.011306904297272295,0.014654230723234277,0.013857887145888363,0.013777019285860248,0.01635752400030869,0.012670140603016102,0.016608582581097982,1.013486273184678,1.0119736332400615
vectorchain,turning,"dt,dy,theta,r,delta_theta",primary,test,16,128,0.1,regime_change,5,0.4332008063637984,0.43078580235676645,0.48896154167948175,0.4866048996173468,0.47638707975806804,0.49420691058493865,0.46625427012325693,0.5213545483137982,1.2649031299873978,1.1943151415397129
vectorchain,turning,"dt,dy,theta,r,delta_theta",primary,test,16,128,0.1,second_order_response,5,0.02048030546956082,0.020173349538614424,0.02584264269677261,0.024876737479596452,0.02475272414283196,0.025342942387684954,0.023878572353213022,0.03036223712053666,0.9980248904636989,0.993603991825393
vectorchain,turning,"dt,dy,theta,r,delta_theta",primary,test,16,128,0.1,sine,5,0.032693485248899916,0.031571985737939685,0.04518449681774432,0.03946702750370143,0.03726022147363278,0.05816389528046574,0.03195795874581954,0.059073381085102135,0.7978991491794034,0.800582170748211
vectorchain,turning,"dt,dy,theta,r,delta_theta",primary,validation,1,32,0.1,chirp,5,0.016934880081533706,0.0163219008585572,0.02208524199701576,0.02122881953194641,0.018004836153679465,0.02446445648734756,0.016422869749435055,0.030305228062670303,1.2489718674501795,1.0724067050683905
vectorchain,turning,"dt,dy,theta,r,delta_theta",primary,validation,1,32,0.1,first_order_response,5,0.011073052018922877,0.010609118710434283,0.014014243416326917,0.014047507432106096,0.013127651102106948,0.014673934489907281,0.012486871649506407,0.015735252408007848,1.0000167732391838,0.9999759329213298
vectorchain,turning,"dt,dy,theta,r,delta_theta",primary,validation,1,32,0.1,piecewise_linear,5,0.013512210079493464,0.01281359648783559,0.017679603351605587,0.016308140845218703,0.015243612008541397,0.017315659756610913,0.014099285226904052,0.025431318920752868,1.07293629268013,1.0000420572942401
vectorchain,turning,"dt,dy,theta,r,delta_theta",primary,validation,1,32,0.1,ramp,5,0.011762387184354121,0.011945406174491765,0.014248221242041146,0.01410839769010516,0.014081331479820556,0.014277314249550477,0.01393026379471283,0.014843798996016705,0.9999718214520857,0.999961369527586
vectorchain,turning,"dt,dy,theta,r,delta_theta",primary,validation,1,32,0.1,regime_change,5,0.021538783680349703,0.01818493377994339,0.026698003381320314,0.022052001100119404,0.020937075173053796,0.033038929322052865,0.019773853995892914,0.03768815731548258,1.1479161758671939,1.0381424674270543
vectorchain,turning,"dt,dy,theta,r,delta_theta",primary,validation,1,32,0.1,second_order_response,5,0.011255690347590228,0.010937493959611301,0.014182556339654404,0.013812654955999027,0.013803481403831346,0.014786759010679636,0.013589500125138454,0.014920386202623563,1.0000488161157937,1.000038282252337
vectorchain,turning,"dt,dy,theta,r,delta_theta",primary,validation,1,32,0.1,sine,5,0.011990620416972,0.01208891194755347,0.0149327489775438,0.01490967850395208,0.014900006179937305,0.015248551621747103,0.013944134968428798,0.01566137361365371,0.9999091165551125,1.0000406364096377
vectorchain,turning,"dt,dy,theta,r,delta_theta",primary,validation,1,64,0.1,chirp,5,0.013670037717473615,0.01305026023568924,0.01707409296755524,0.01651847685717684,0.01574500246330425,0.017276448029309464,0.015253202265475007,0.020577335222510634,1.0507797695692318,1.04015079314131
vectorchain,turning,"dt,dy,theta,r,delta_theta",primary,validation,1,64,0.1,first_order_response,5,0.010931505780386217,0.010393873751754504,0.013882984187230918,0.013846439775130419,0.012934579457800046,0.014634693455159527,0.01254852570659867,0.015450682541465937,1.000026726658805,1.0000330831206798
vectorchain,turning,"dt,dy,theta,r,delta_theta",primary,validation,1,64,0.1,piecewise_linear,5,0.01312287656874967,0.012606736477972991,0.016295813331081776,0.016332671640164668,0.015158177189403137,0.0178191919895429,0.014143004179001046,0.018026021657297126,0.9985443547385822,0.9994135437214031
vectorchain,turning,"dt,dy,theta,r,delta_theta",primary,validation,1,64,0.1,ramp,5,0.01158929458991077,0.011754471712200487,0.014045436136535472,0.013968485193349103,0.013729732428767268,0.014120619434311954,0.013645866614334704,0.014762477011914327,1.0000732190054258,1.0000573077796007
vectorchain,turning,"dt,dy,theta,r,delta_theta",primary,validation,1,64,0.1,regime_change,5,0.018126599250877062,0.01849391335026186,0.022894077896204033,0.023354966538287992,0.021633963946981496,0.024538473050478647,0.01921616663183114,0.025726819313440896,1.1149287123001224,1.0383632069145643
vectorchain,turning,"dt,dy,theta,r,delta_theta",primary,validation,1,64,0.1,second_order_response,5,0.01120338577068101,0.01095485694110162,0.01406424462174398,0.01382787648028466,0.013789920321338434,0.014571373756042968,0.013333479185467836,0.014798573365585996,1.0004538359032,1.0000241917317705
vectorchain,turning,"dt,dy,theta,r,delta_theta",primary,validation,1,64,0.1,sine,5,0.012113681360137987,0.012066452982850362,0.015167207450992527,0.015292006840683584,0.015187310630545141,0.015539549929208571,0.014156559349161232,0.0156606105053641,0.9979929881922999,1.0022887166942729
vectorchain,turning,"dt,dy,theta,r,delta_theta",primary,validation,1,128,0.1,chirp,5,0.013343726487316798,0.013129360529548188,0.016649616692491917,0.016089445797003714,0.015515118296063809,0.01646349334554949,0.014187687415452592,0.020992338608389973,1.0823982310481148,1.0901636102477181
vectorchain,turning,"dt,dy,theta,r,delta_theta",primary,validation,1,128,0.1,first_order_response,5,0.010895948800220658,0.01036407725731238,0.013775709874579772,0.013816691902872807,0.012762985993678394,0.014422170285344284,0.012323341019469752,0.015553360171533623,1.000477706705889,1.000086065369097
vectorchain,turning,"dt,dy,theta,r,delta_theta",primary,validation,1,128,0.1,piecewise_linear,5,0.013048606738740037,0.012957221143812883,0.016185959907850562,0.015902640033102634,0.015360531694933672,0.017698494525951233,0.014202891216295482,0.017765242068969785,1.0025532582334435,1.0042128430484252
vectorchain,turning,"dt,dy,theta,r,delta_theta",primary,validation,1,128,0.1,ramp,5,0.011618815089257124,0.011816597800371751,0.014063399418873305,0.01392826485202761,0.013900526593030357,0.014091650149293882,0.013677190343299431,0.014719365156715241,1.0005565744891622,1.000684816013135
vectorchain,turning,"dt,dy,theta,r,delta_theta",primary,validation,1,128,0.1,regime_change,5,0.01956737129229754,0.01793208685576717,0.02383210841823176,0.022376256105466875,0.021548952895524717,0.027138149164140646,0.017832530398027305,0.030264653527999258,1.1378480166009968,1.1541686536624214
vectorchain,turning,"dt,dy,theta,r,delta_theta",primary,validation,1,128,0.1,second_order_response,5,0.011483317421638658,0.011233908447674697,0.014398268267034183,0.014211601533434095,0.013926096016499799,0.015134763260301432,0.0134876507111522,0.015231229813783394,1.0033968348117726,1.0045975333724697
vectorchain,turning,"dt,dy,theta,r,delta_theta",primary,validation,1,128,0.1,sine,5,0.012279690272837283,0.012270030894687796,0.015226673105619332,0.015124174211302098,0.014853794293911406,0.015725746154513807,0.014564910820546678,0.01586474004782268,0.9907893786314503,0.9871728365701125
vectorchain,turning,"dt,dy,theta,r,delta_theta",primary,validation,4,32,0.1,chirp,5,0.03698069624749652,0.03473770434583878,0.04837764717306408,0.04875898108981481,0.040106120924983474,0.053361969733698784,0.034707696184535924,0.06495346793228743,1.0119017703694717,1.0205651973297503
vectorchain,turning,"dt,dy,theta,r,delta_theta",primary,validation,4,32,0.1,first_order_response,5,0.0137114900001792,0.014206572900394303,0.016863624940700855,0.016609444399241755,0.016386520180143777,0.01762871769070618,0.014937268616297166,0.018756173817115404,1.0000071948735436,1.000006544999422
vectorchain,turning,"dt,dy,theta,r,delta_theta",primary,validation,4,32,0.1,piecewise_linear,5,0.014159164199377513,0.01260023044502132,0.020333360117261674,0.015567502276107582,0.015061678880594632,0.01675882274763963,0.013486845569233344,0.040791951112733184,1.184370620248594,1.0001566212281447
vectorchain,turning,"dt,dy,theta,r,delta_theta",primary,validation,4,32,0.1,ramp,5,0.012560312013421632,0.012908320128160497,0.015332962365269038,0.015943644842656507,0.014903446030976604,0.01616458098434478,0.012047235935736275,0.017605904032631032,0.9999685380876608,1.0000083952201841
vectorchain,turning,"dt,dy,theta,r,delta_theta",primary,validation,4,32,0.1,regime_change,5,0.050793838875464736,0.04251127596952751,0.06591512102650665,0.0535603836455638,0.051394888993240934,0.06878424588271365,0.03602406371763614,0.11981202289337872,0.9075159900096382,0.9687079674912876
vectorchain,turning,"dt,dy,theta,r,delta_theta",primary,validation,4,32,0.1,second_order_response,5,0.012465735594724225,0.012433709523602114,0.015281091427918555,0.01554453186086704,0.013969625417657843,0.015964010124399238,0.012866265260874248,0.018061024475794413,0.9999361793463898,0.9999739429648004
vectorchain,turning,"dt,dy,theta,r,delta_theta",primary,validation,4,32,0.1,sine,5,0.019637319255491482,0.019997875904669882,0.024110856526368893,0.02441159669134883,0.02409557958060521,0.024411728010610968,0.02246971570618035,0.025165662643099104,1.000002479021084,0.9999807851101171
vectorchain,turning,"dt,dy,theta,r,delta_theta",primary,validation,4,64,0.1,chirp,5,0.022579154559853303,0.023177816164238932,0.0291632759735078,0.029684017563728127,0.027468363873454874,0.030446028620690922,0.022884923937792283,0.0353330458718728,0.9755144229810948,0.9714697014782069
vectorchain,turning,"dt,dy,theta,r,delta_theta",primary,validation,4,64,0.1,first_order_response,5,0.013109940365043893,0.013661562975448124,0.016215703150871928,0.01592009373940584,0.01591531665430158,0.017135493488346906,0.014293749856492085,0.01781386201581323,1.0002347358867778,1.0002327297881355
vectorchain,turning,"dt,dy,theta,r,delta_theta",primary,validation,4,64,0.1,piecewise_linear,5,0.013648857924432826,0.013757897234019885,0.01721764115535372,0.01664691857125436,0.015717593640145452,0.017350065172312756,0.013838561132456675,0.02253506726059935,0.9914189593707006,0.9980937185876135
vectorchain,turning,"dt,dy,theta,r,delta_theta",primary,validation,4,64,0.1,ramp,5,0.012031417063823048,0.012137276280329175,0.01468200606050934,0.015365991833236616,0.01423279849620291,0.015753501072732736,0.011182004005803282,0.016875734894571153,1.0002538230508882,1.0002204860623658
vectorchain,turning,"dt,dy,theta,r,delta_theta",primary,validation,4,64,0.1,regime_change,5,0.04077909300386442,0.03811465770775123,0.05035029258187775,0.046178702437252944,0.045095875974757796,0.04934706690432561,0.037033538073241105,0.07409627951981136,0.9766608734860395,0.8556815167301705
vectorchain,turning,"dt,dy,theta,r,delta_theta",primary,validation,4,64,0.1,second_order_response,5,0.012388875248250546,0.012371817335812314,0.015165637701380588,0.015243819575641436,0.014162660852227553,0.0156859840882305,0.013133558530647519,0.01760216546015593,1.0009555771727985,1.0009114105675128
vectorchain,turning,"dt,dy,theta,r,delta_theta",primary,validation,4,64,0.1,sine,5,0.01828633423636598,0.018876200716578855,0.02334959415430616,0.023148466788199793,0.022322244054376807,0.02422990743550861,0.02032499510726861,0.02672235738617698,0.9993386375034715,1.0056104780198551
vectorchain,turning,"dt,dy,theta,r,delta_theta",primary,validation,4,128,0.1,chirp,5,0.03364767438200935,0.03357052446417991,0.040440370164251546,0.04043512588869347,0.039488978837743126,0.04245416692281117,0.03677716845309054,0.0430464107189194,1.255655767025531,1.2970200364213846
vectorchain,turning,"dt,dy,theta,r,delta_theta",primary,validation,4,128,0.1,first_order_response,5,0.013013592658171669,0.013543039019379675,0.016006922532547357,0.015823173600349,0.01563643826588861,0.016841374030138623,0.014106371774810798,0.01762725499154976,1.0016988314731727,1.0014751611164299
vectorchain,turning,"dt,dy,theta,r,delta_theta",primary,validation,4,128,0.1,piecewise_linear,5,0.01367134493121477,0.0131809729072812,0.017319349658819958,0.01614729012829726,0.016017399712954895,0.01688148240729538,0.015312417248168411,0.022238158797383844,1.023789042038294,1.0243852646973242
vectorchain,turning,"dt,dy,theta,r,delta_theta",primary,validation,4,128,0.1,ramp,5,0.011947037010226924,0.01213821623355307,0.014613773238595867,0.015356397160660736,0.014282781193561392,0.015631409799090758,0.0111371865912801,0.016661091448386355,1.002109220546352,1.0018309931694278
vectorchain,turning,"dt,dy,theta,r,delta_theta",primary,validation,4,128,0.1,regime_change,5,0.06295246682701339,0.06444506506663882,0.07501518197340754,0.07323113199409584,0.0731600791411883,0.07572921677754287,0.06967377899566606,0.0832817029585446,1.125498846999851,1.1869929279938827
vectorchain,turning,"dt,dy,theta,r,delta_theta",primary,validation,4,128,0.1,second_order_response,5,0.014039958260555319,0.013783414501769661,0.017746746197768965,0.018257164503115673,0.016709317514465093,0.0185156463233212,0.014639886051185012,0.020611716596757847,1.0250563304890838,1.022856019438169
vectorchain,turning,"dt,dy,theta,r,delta_theta",primary,validation,4,128,0.1,sine,5,0.01690561348452952,0.016682864922123685,0.02304615953490697,0.0217976373943367,0.021535108960547847,0.022153275810638584,0.0212735611562974,0.028471214352714318,0.950377377396429,0.9415621788092584
vectorchain,turning,"dt,dy,theta,r,delta_theta",primary,validation,16,32,0.1,chirp,5,0.18777979901775047,0.19082895455124357,0.23557811686568936,0.24285549717482902,0.22357532008988665,0.24786884840715956,0.1416508302130907,0.3219400884434808,0.9383078034418799,1.011491997469142
vectorchain,turning,"dt,dy,theta,r,delta_theta",primary,validation,16,32,0.1,first_order_response,5,0.01601899137403827,0.016145498203433258,0.019948165698426557,0.020051863286178525,0.01975558526211336,0.020303676804639455,0.017274561672721542,0.02235514146647989,0.9997081412247164,0.999683787222722
vectorchain,turning,"dt,dy,theta,r,delta_theta",primary,validation,16,32,0.1,piecewise_linear,5,0.026537824118898344,0.027090483469192992,0.03843082230365281,0.037863027568848476,0.03782001406908986,0.0381456570324373,0.03759476096397785,0.04073065188391054,0.9535921813121272,1.0012099811102748
vectorchain,turning,"dt,dy,theta,r,delta_theta",primary,validation,16,32,0.1,ramp,5,0.015500378335278009,0.015563440963319868,0.019293965407455087,0.019806641005785247,0.017952441837379162,0.02012430088897359,0.017397725751952826,0.02118871755318461,0.998708831571982,0.9987626429105697
vectorchain,turning,"dt,dy,theta,r,delta_theta",primary,validation,16,32,0.1,regime_change,5,0.30029348342720413,0.27939728489737375,0.3857257655961743,0.3576601279610181,0.33123572762703524,0.4760820360068653,0.18248590265986742,0.5811650337260855,0.9927464445474733,1.0051153490169296
vectorchain,turning,"dt,dy,theta,r,delta_theta",primary,validation,16,32,0.1,second_order_response,5,0.018779914469397162,0.01838625281120509,0.0228878087110516,0.02228391433993065,0.022242330944825854,0.022525122779726934,0.02175606880974818,0.025631606681026372,0.9984879088978328,0.9982137066248865
vectorchain,turning,"dt,dy,theta,r,delta_theta",primary,validation,16,32,0.1,sine,5,0.08555555647727874,0.08593759102367644,0.09516470837029387,0.09602011819673902,0.09382446534296124,0.09641465554848401,0.09188816116405292,0.09767614159923221,0.9999765591022832,0.9999671579520137
vectorchain,turning,"dt,dy,theta,r,delta_theta",primary,validation,16,64,0.1,chirp,5,0.10266387324756499,0.108703140950437,0.12404256722317512,0.13038044533942417,0.11301247786581257,0.1305466813455354,0.10656417401064353,0.13970905755445995,0.8701949985029985,0.8426236425882617
vectorchain,turning,"dt,dy,theta,r,delta_theta",primary,validation,16,64,0.1,first_order_response,5,0.013732363739793658,0.013702730072249808,0.017127146826208223,0.01682713848938312,0.016769443300976142,0.017691152107130875,0.0147442201419029,0.019603780091648086,1.0015873764807581,1.0017356105224577
vectorchain,turning,"dt,dy,theta,r,delta_theta",primary,validation,16,64,0.1,piecewise_linear,5,0.029382168357845316,0.029150077958508103,0.045775046389279414,0.044228745815511276,0.04131528409387484,0.045694247919532596,0.04103344113449071,0.05660351298298768,1.0274630579010249,1.0155902595610433
vectorchain,turning,"dt,dy,theta,r,delta_theta",primary,validation,16,64,0.1,ramp,5,0.012808496824322325,0.01310812046035259,0.015844588283376267,0.015555265737722986,0.015454484600026502,0.017376038298044138,0.012979684603529745,0.017857468177557952,1.0003841173922718,1.0004470603438103
vectorchain,turning,"dt,dy,theta,r,delta_theta",primary,validation,16,64,0.1,regime_change,5,0.32381343078077685,0.32486072207941863,0.3859609206237561,0.3790094268359022,0.34506517752974647,0.3836060825080884,0.31578320186500114,0.506340714380042,1.0687914407667383,0.9790975131130878
vectorchain,turning,"dt,dy,theta,r,delta_theta",primary,validation,16,64,0.1,second_order_response,5,0.019449980316311254,0.019180963175572784,0.02351397664325836,0.02335708126919703,0.023067541612254733,0.02341796307358099,0.022979861152973655,0.02474743610828539,0.9987754159129475,0.999157189977149
vectorchain,turning,"dt,dy,theta,r,delta_theta",primary,validation,16,64,0.1,sine,5,0.050208749904963865,0.05163107215756173,0.06304207524492171,0.06456952503732787,0.056651808311076995,0.06774711231234341,0.054410138111556657,0.07183179245230364,0.92809303164449,0.9340910648022744
vectorchain,turning,"dt,dy,theta,r,delta_theta",primary,validation,16,128,0.1,chirp,5,0.21788839373837762,0.21870936669151186,0.25426746320749,0.25259840012490803,0.2418118580056657,0.2683599060038077,0.23604085671635872,0.27252629518670984,1.4897470270334154,1.4010354363164113
vectorchain,turning,"dt,dy,theta,r,delta_theta",primary,validation,16,128,0.1,first_order_response,5,0.01304014636241472,0.013056118144487348,0.016028027815016842,0.016072611488646287,0.015193013068981468,0.016383277136948152,0.01404466273427226,0.01844657464623604,1.0055336219874589,1.0078157306156987
vectorchain,turning,"dt,dy,theta,r,delta_theta",primary,validation,16,128,0.1,piecewise_linear,5,0.03279299758693348,0.03486116477278019,0.04653494127009096,0.045522182441198544,0.04482184216556505,0.04813006870944275,0.04417262202596974,0.05002799100827867,1.1103710557151603,1.0893197791044835
vectorchain,turning,"dt,dy,theta,r,delta_theta",primary,validation,16,128,0.1,ramp,5,0.012346017724762329,0.01236586701268772,0.015378314694998568,0.015162965526094729,0.014780017330915732,0.016778522273825282,0.013079790669287553,0.017090277674869554,1.014945266523245,1.009727435193156
vectorchain,turning,"dt,dy,theta,r,delta_theta",primary,validation,16,128,0.1,regime_change,5,0.38702719612523706,0.372159214135428,0.43846206947398336,0.420595158094178,0.4076203819543488,0.47084504459564297,0.3993170746320115,0.4939326880937354,1.0578459981613375,0.9684708685108337
vectorchain,turning,"dt,dy,theta,r,delta_theta",primary,validation,16,128,0.1,second_order_response,5,0.0304536726879784,0.03178506158952602,0.0395753993108192,0.039686324467337684,0.033372304672281514,0.04159838210961203,0.03269928306550117,0.050520702239363585,1.0833104256996926,1.0696686005787384
vectorchain,turning,"dt,dy,theta,r,delta_theta",primary,validation,16,128,0.1,sine,5,0.035855178628423474,0.036506926184193315,0.05742178334084578,0.05612845134556504,0.05174063162641923,0.05756092739996437,0.05068305789430002,0.0709958484379802,0.7894977679714137,0.7732556322330556
vectorchain,turning_matched,"dt,dy,theta,delta_theta",capacity_control,test,1,32,0.1,chirp,5,0.016165332246937024,0.016196012775048403,0.0208555053306321,0.02005671542734008,0.018516728849915988,0.023618926740437845,0.01782649018450424,0.024258665450962356,1.107881318899842,1.0567619047911545
vectorchain,turning_matched,"dt,dy,theta,delta_theta",capacity_control,test,1,32,0.1,first_order_response,5,0.011475440053818902,0.010764778355270815,0.013878514299993466,0.013991406326328185,0.01251435937050551,0.015031709660741927,0.011574543951761461,0.01628055219063026,0.9997876852072585,0.9999961189700532
vectorchain,turning_matched,"dt,dy,theta,delta_theta",capacity_control,test,1,32,0.1,piecewise_linear,5,0.011084479654497905,0.010965330085326377,0.013480931301577945,0.013544516047703339,0.012122569341122937,0.014676444437993081,0.010957104726866469,0.016104021954203896,0.9996951950789313,1.0000667771435168
vectorchain,turning_matched,"dt,dy,theta,delta_theta",capacity_control,test,1,32,0.1,ramp,5,0.01113849121751945,0.01137970714109606,0.01367019048464678,0.014005527097761664,0.01346728851064017,0.014165653070002641,0.011747848740233663,0.014964635004595762,0.9996496323029647,0.9997053800775278
vectorchain,turning_matched,"dt,dy,theta,delta_theta",capacity_control,test,1,32,0.1,regime_change,5,0.020292841543553115,0.01849061054871043,0.025467154805600273,0.02304385908895545,0.020482009369137234,0.03327357220312262,0.01620641733729844,0.03432991602948762,1.1029596099549221,1.030977577654705
vectorchain,turning_matched,"dt,dy,theta,delta_theta",capacity_control,test,1,32,0.1,second_order_response,5,0.011077038505963479,0.01077579758132602,0.013972239196596755,0.013159220442107603,0.012914872858842037,0.014229625465676137,0.01269405696347349,0.01686342025288452,0.9994950296595727,0.9998900725559113
vectorchain,turning_matched,"dt,dy,theta,delta_theta",capacity_control,test,1,32,0.1,sine,5,0.011641483490398435,0.011355517252574918,0.014769279984429829,0.014802377612528547,0.014269244928834992,0.015462070417712862,0.013448959587624003,0.015863747375448736,1.0009209624068844,1.0010277100061622
vectorchain,turning_matched,"dt,dy,theta,delta_theta",capacity_control,test,1,64,0.1,chirp,5,0.015056507048729503,0.014315792643048712,0.018754198014272673,0.0178349806565968,0.017758558036492796,0.020768957544039582,0.014917197718472887,0.022491296115761308,1.0272770739821524,1.0096029881014819
vectorchain,turning_matched,"dt,dy,theta,delta_theta",capacity_control,test,1,64,0.1,first_order_response,5,0.011405508411282194,0.010687231013574262,0.013800188457406081,0.01395683779214929,0.012492417253427136,0.014845519689495226,0.011516031402506378,0.016190136149452385,1.0002288680080553,1.0002095427824316
vectorchain,turning_matched,"dt,dy,theta,delta_theta",capacity_control,test,1,64,0.1,piecewise_linear,5,0.011052823487834162,0.010970205309139556,0.013434878877687009,0.013513824702345686,0.011991055595966296,0.014615886983137493,0.011055700553738664,0.01599792655324691,1.0003233787806125,1.0000363504591863
vectorchain,turning_matched,"dt,dy,theta,delta_theta",capacity_control,test,1,64,0.1,ramp,5,0.01109502125867497,0.011267498403295755,0.013600420632433396,0.013852004250707064,0.013371372080854907,0.014184318355630702,0.011685620949717042,0.014908787525257266,1.000111234072669,1.000082814796097
vectorchain,turning_matched,"dt,dy,theta,delta_theta",capacity_control,test,1,64,0.1,regime_change,5,0.015429347278264127,0.015282967882283628,0.01964082647079184,0.019782984687770386,0.018990203674850183,0.02019135214512663,0.01500052314221326,0.02423906870399873,0.9946854302331772,1.0237479415304553
vectorchain,turning_matched,"dt,dy,theta,delta_theta",capacity_control,test,1,64,0.1,second_order_response,5,0.011019308929497507,0.01078838968667389,0.013903428572052855,0.013255571967657663,0.012669477169216094,0.014236073260453955,0.012587610937399438,0.016768409525537143,1.0002367431505645,1.000068169072577
vectorchain,turning_matched,"dt,dy,theta,delta_theta",capacity_control,test,1,64,0.1,sine,5,0.01193043833389508,0.011906064669821706,0.015038678564211419,0.014641421427154931,0.014484313590924605,0.015379091662651112,0.014473501621171015,0.01621506451915544,1.0239610136211394,1.0279864036327397
vectorchain,turning_matched,"dt,dy,theta,delta_theta",capacity_control,test,1,128,0.1,chirp,5,0.017940645906884642,0.018010027910814234,0.021833696539452264,0.022058750245931097,0.019612518549949637,0.02316084971341792,0.017475046959709657,0.026861317228253016,1.1913812269534074,1.189401461439932
vectorchain,turning_matched,"dt,dy,theta,delta_theta",capacity_control,test,1,128,0.1,first_order_response,5,0.011317242124291253,0.010533369023652504,0.01371359685375247,0.013768158658893513,0.01230152713770968,0.014955386187722977,0.01143573029309701,0.01610718199133916,0.9995116526695105,1.0001747062264477
vectorchain,turning_matched,"dt,dy,theta,delta_theta",capacity_control,test,1,128,0.1,piecewise_linear,5,0.01093903515872839,0.01083584517687992,0.01339096615971097,0.013383391029883184,0.012256569757671781,0.014597062475893345,0.010802912406996898,0.015914895128109646,0.998007568762481,0.9983231590410887
vectorchain,turning_matched,"dt,dy,theta,delta_theta",capacity_control,test,1,128,0.1,ramp,5,0.011045375970791254,0.011220175490636638,0.013574669973849091,0.0138344826934849,0.01335102672910669,0.014090374450818965,0.011685161971068527,0.014912304024766362,1.0003693261748277,1.0001457340169404
vectorchain,turning_matched,"dt,dy,theta,delta_theta",capacity_control,test,1,128,0.1,regime_change,5,0.020019110457890957,0.019196332672646303,0.024039155977711585,0.022571868323680466,0.022287653868185497,0.025573948287400877,0.02054746283311849,0.029214846576172588,1.2101167648636622,1.1661060480356868
vectorchain,turning_matched,"dt,dy,theta,delta_theta",capacity_control,test,1,128,0.1,second_order_response,5,0.01097336667135459,0.010856900633940212,0.013910862632104875,0.01311231642963498,0.012942193974677642,0.014174677166647229,0.012497684644798562,0.016827440944765962,0.9992004505365759,0.9999166705121051
vectorchain,turning_matched,"dt,dy,theta,delta_theta",capacity_control,test,1,128,0.1,sine,5,0.011671079480880031,0.011558512882971961,0.01452894719271057,0.014425527951776413,0.014326579919223707,0.014652902590541732,0.014249083218383274,0.014990642283627712,0.9886091398912786,0.9882657393707382
vectorchain,turning_matched,"dt,dy,theta,delta_theta",capacity_control,test,4,32,0.1,chirp,5,0.03734820151885533,0.034703782223504204,0.05165822411349472,0.04762029730004456,0.04511386622518683,0.0490670015488287,0.0375826270476374,0.07890732844577612,0.9413655824254141,0.970629547581783
vectorchain,turning_matched,"dt,dy,theta,delta_theta",capacity_control,test,4,32,0.1,first_order_response,5,0.012607860011771851,0.012491191318988107,0.015941979922630366,0.015701091046240873,0.014636972330538671,0.017912352815550453,0.012554363801483951,0.018905119619337885,0.9990953651136,0.9994791528774772
vectorchain,turning_matched,"dt,dy,theta,delta_theta",capacity_control,test,4,32,0.1,piecewise_linear,5,0.012178720855530612,0.012074423324262581,0.015292160098007332,0.014648964488104673,0.014563479181702704,0.016423163025355316,0.014325721436676086,0.01649947235819789,1.000443557453129,1.0007569716906535
vectorchain,turning_matched,"dt,dy,theta,delta_theta",capacity_control,test,4,32,0.1,ramp,5,0.01131851107039956,0.011912453413553327,0.014043223349881678,0.014813845027765267,0.01289569015434397,0.015377454555980948,0.010977889933610723,0.016151237077707492,0.9987704906225165,0.9986633648881467
vectorchain,turning_matched,"dt,dy,theta,delta_theta",capacity_control,test,4,32,0.1,regime_change,5,0.04593681341807108,0.03648865326058588,0.061030186129204037,0.04767155527295184,0.04534435815574691,0.06441540853509854,0.03754012775301464,0.11017948092920822,0.8885288030000126,0.9772707899172374
vectorchain,turning_matched,"dt,dy,theta,delta_theta",capacity_control,test,4,32,0.1,second_order_response,5,0.013080639384181409,0.013092944269102968,0.01637338689037635,0.016378406541539173,0.01631667465409717,0.01678925514484431,0.014824263956891015,0.017558334154510077,1.0002967061056958,1.0002204592198776
vectorchain,turning_matched,"dt,dy,theta,delta_theta",capacity_control,test,4,32,0.1,sine,5,0.01816029912485845,0.018487592527798077,0.02247370498352745,0.023039560287115877,0.0219013997922601,0.02322043982443158,0.020977975830329412,0.0232291491835003,1.0014528820993864,1.0008018968451426
vectorchain,turning_matched,"dt,dy,theta,delta_theta",capacity_control,test,4,64,0.1,chirp,5,0.030166423390972585,0.030490067193169216,0.037852534418998225,0.036921810645460185,0.03622425398408685,0.03827506330900128,0.030643570774901745,0.047197973381541046,0.8837238513757996,0.8598493687447437
vectorchain,turning_matched,"dt,dy,theta,delta_theta",capacity_control,test,4,64,0.1,first_order_response,5,0.01210486948406647,0.011931395429852432,0.015429312694747932,0.015004010294743365,0.014278288209001127,0.01738008436239209,0.012040116610629177,0.018444063996973896,1.0003215984955562,1.0003032916379673
vectorchain,turning_matched,"dt,dy,theta,delta_theta",capacity_control,test,4,64,0.1,piecewise_linear,5,0.01192017499442706,0.011942951029359728,0.014828750546385591,0.014188524560910774,0.014144824985469455,0.015915342327706854,0.013761762252553328,0.016133298605287547,0.9999028547286484,0.9999171535365606
vectorchain,turning_matched,"dt,dy,theta,delta_theta",capacity_control,test,4,64,0.1,ramp,5,0.010900615035172317,0.011411501231406298,0.01348570256580237,0.014108215917028405,0.012213910869927057,0.014726350398103872,0.010728274216787905,0.015651761427164616,1.000303210473104,1.0002134487825387
vectorchain,turning_matched,"dt,dy,theta,delta_theta",capacity_control,test,4,64,0.1,regime_change,5,0.037589350175662596,0.03895363334827847,0.046190321096303895,0.046620766995487437,0.040671144539803965,0.05188182566850007,0.03866798382938109,0.053109884448346946,0.9497297581516608,0.8816110967972165
vectorchain,turning_matched,"dt,dy,theta,delta_theta",capacity_control,test,4,64,0.1,second_order_response,5,0.012809027137256016,0.012538800605120946,0.01592896425791638,0.01599287529600106,0.015939322822624113,0.015995640263091783,0.014730369975929981,0.016986612931934954,1.0004871530727146,1.000514987353972
vectorchain,turning_matched,"dt,dy,theta,delta_theta",capacity_control,test,4,64,0.1,sine,5,0.016809440415784978,0.016889074473220474,0.021014221821133012,0.021498869477747973,0.02062020285380389,0.021600796742405608,0.019255332499297895,0.022095907532409687,1.027785231782945,1.0133720522799752
vectorchain,turning_matched,"dt,dy,theta,delta_theta",capacity_control,test,4,128,0.1,chirp,5,0.05910850473970876,0.05827252726597335,0.06931607801101519,0.06885714576470535,0.06871890243569719,0.07004340471652613,0.061669266833298354,0.07729167030484893,1.272237644187409,1.3044765422918023
vectorchain,turning_matched,"dt,dy,theta,delta_theta",capacity_control,test,4,128,0.1,first_order_response,5,0.011985640678992018,0.011814608002360753,0.015195805432907323,0.014761745466807885,0.014204172883009661,0.01711268971787613,0.011884270577538814,0.018016148519304116,1.0024551847713188,1.0020553833307182
vectorchain,turning_matched,"dt,dy,theta,delta_theta",capacity_control,test,4,128,0.1,piecewise_linear,5,0.01179790008263758,0.011548547160234842,0.014737824980901195,0.014209882303231842,0.014115131800860213,0.015634573551133478,0.013754927973886047,0.0159746092753944,1.003242498028186,1.0008275645732683
vectorchain,turning_matched,"dt,dy,theta,delta_theta",capacity_control,test,4,128,0.1,ramp,5,0.010706111529727638,0.01123966617628799,0.013314155771056931,0.014083868599229464,0.012070111336555505,0.014521533405857632,0.010445963218755065,0.015449302294886998,1.0018534709313784,1.001931821217223
vectorchain,turning_matched,"dt,dy,theta,delta_theta",capacity_control,test,4,128,0.1,regime_change,5,0.06494257416629105,0.06677739304052169,0.07584052350260806,0.0763670372801774,0.07548559895831536,0.07760425955876067,0.06713115539208438,0.08261456632370248,1.2992637543790682,1.32381530758711
vectorchain,turning_matched,"dt,dy,theta,delta_theta",capacity_control,test,4,128,0.1,second_order_response,5,0.012964236969062145,0.012775354764928783,0.01616690107905504,0.016212664372995473,0.015959907150262114,0.01621788323555508,0.0149885647992189,0.01745548583724363,1.0028407948962639,1.0024279238682516
vectorchain,turning_matched,"dt,dy,theta,delta_theta",capacity_control,test,4,128,0.1,sine,5,0.014939706947231152,0.01487966394068869,0.019367035981059277,0.01945052866499315,0.01805182806969162,0.01990229732292218,0.017922491905141762,0.02150803394254768,0.9597426736943018,0.9597278315118332
vectorchain,turning_matched,"dt,dy,theta,delta_theta",capacity_control,test,16,32,0.1,chirp,5,0.21579108100348127,0.22359139673066675,0.2925616927342277,0.29656022736511084,0.2932325155817659,0.3071062343955332,0.14933574257847892,0.4165737437502496,0.9310287651401514,1.0307962851641426
vectorchain,turning_matched,"dt,dy,theta,delta_theta",capacity_control,test,16,32,0.1,first_order_response,5,0.014861448883512202,0.016270682517044353,0.01872990706300296,0.0205971036169713,0.017514923059581307,0.020912861248658876,0.013648357143848378,0.02097629024595493,0.9862549745683402,0.989847785502399
vectorchain,turning_matched,"dt,dy,theta,delta_theta",capacity_control,test,16,32,0.1,piecewise_linear,5,0.015502322235570732,0.015141765346606294,0.019417488916245538,0.01934698669981519,0.01743004383144607,0.019467096286127302,0.017318668260188016,0.0235246495036511,1.0355857017086434,1.0317430342861666
vectorchain,turning_matched,"dt,dy,theta,delta_theta",capacity_control,test,16,32,0.1,ramp,5,0.013948629306419972,0.013917012007015624,0.01771786566274879,0.017568321887668294,0.016411211276573995,0.019347730048790292,0.015577567341983406,0.019684497758727958,0.9703149350887481,0.9716480734932496
vectorchain,turning_matched,"dt,dy,theta,delta_theta",capacity_control,test,16,32,0.1,regime_change,5,0.2392753483219891,0.21677950826487147,0.32951848433438924,0.29366827904909215,0.2685054277334645,0.42798777658963577,0.16871010766861924,0.48872083063113453,0.9510825783199769,0.9731866038058768
vectorchain,turning_matched,"dt,dy,theta,delta_theta",capacity_control,test,16,32,0.1,second_order_response,5,0.01646525265999671,0.016486029586052428,0.02093572025938139,0.020738753404773307,0.020620990047676133,0.021924606085723438,0.019264765005792023,0.02212948675294204,1.0166534293580458,1.021293568337703
vectorchain,turning_matched,"dt,dy,theta,delta_theta",capacity_control,test,16,32,0.1,sine,5,0.08299627779146819,0.08354864159706049,0.09187083128165327,0.09235668806867908,0.09146481649024965,0.09252330856308402,0.09015715684787443,0.0928521864383792,0.9995770936386836,0.9992272129620284
vectorchain,turning_matched,"dt,dy,theta,delta_theta",capacity_control,test,16,64,0.1,chirp,5,0.21864998464696517,0.2079781950995046,0.25637972001319237,0.246125002212189,0.23077673175421115,0.26265515702475156,0.22611759083232735,0.31622411824248287,0.9304068436244755,0.9219796916654177
vectorchain,turning_matched,"dt,dy,theta,delta_theta",capacity_control,test,16,64,0.1,first_order_response,5,0.013241400372971118,0.013688653774501418,0.016996395329534692,0.01824911367423376,0.015918634760215957,0.018685812107941395,0.013283848936257576,0.018844567169024776,1.0022113156399397,1.0022036575445683
vectorchain,turning_matched,"dt,dy,theta,delta_theta",capacity_control,test,16,64,0.1,piecewise_linear,5,0.014767718811416568,0.015194131320235327,0.01845804003354563,0.018709483206270368,0.017056392412741588,0.018958204743489297,0.015982176792139688,0.02158394301308721,1.0037168710273279,1.0009326330810224
vectorchain,turning_matched,"dt,dy,theta,delta_theta",capacity_control,test,16,64,0.1,ramp,5,0.012225278744272663,0.011836738444789467,0.015469144353037154,0.014453020390119304,0.014360137826975004,0.017087145364845676,0.01352562074938047,0.017919797433865313,1.0008059705169754,1.0001884239791101
vectorchain,turning_matched,"dt,dy,theta,delta_theta",capacity_control,test,16,64,0.1,regime_change,5,0.2815883668133125,0.2888457110256676,0.3393817425320576,0.3422704365857153,0.32270632829212664,0.35124190761286794,0.3081911338543405,0.3724989063152376,1.071147074276745,1.0703894380041832
vectorchain,turning_matched,"dt,dy,theta,delta_theta",capacity_control,test,16,64,0.1,second_order_response,5,0.017621411100029773,0.017696439654968123,0.02188089514230952,0.021735052745340593,0.021308250764522543,0.022212666215239752,0.02115378130022746,0.022994724686217258,1.0054800141226503,1.005757745820695
vectorchain,turning_matched,"dt,dy,theta,delta_theta",capacity_control,test,16,64,0.1,sine,5,0.04974032545616865,0.0490323470945901,0.0589720764689865,0.05878788962136562,0.056770123618856555,0.06085253735400891,0.05537008798008863,0.0630797437706128,0.9518019246334543,0.9514147106830901
vectorchain,turning_matched,"dt,dy,theta,delta_theta",capacity_control,test,16,128,0.1,chirp,5,0.36879980498926646,0.36293126489396915,0.41845096250824687,0.4166229441585006,0.40103445207517047,0.43267112289535997,0.4003271866719624,0.4415991067402409,1.1821663403180505,1.1443213855601
vectorchain,turning_matched,"dt,dy,theta,delta_theta",capacity_control,test,16,128,0.1,first_order_response,5,0.012146466464119482,0.013173635080814861,0.015780415975916475,0.017367886233224508,0.014823262188634995,0.017474819847392305,0.011702366587911066,0.017533745022419507,1.010640293161314,1.010410671071593
vectorchain,turning_matched,"dt,dy,theta,delta_theta",capacity_control,test,16,128,0.1,piecewise_linear,5,0.014633131465568262,0.013378289086885545,0.01874004086558858,0.017828605545734212,0.017081064113767287,0.019858928281705317,0.01696501895966465,0.021966587427071433,1.0806454888631365,1.0590051175978301
vectorchain,turning_matched,"dt,dy,theta,delta_theta",capacity_control,test,16,128,0.1,ramp,5,0.011576803437504606,0.01130604589512077,0.014653626397557707,0.013857318630993046,0.01377612374061748,0.016356524248923754,0.012669515013091695,0.016608650354162556,1.0134430821125249,1.0119236669035736
vectorchain,turning_matched,"dt,dy,theta,delta_theta",capacity_control,test,16,128,0.1,regime_change,5,0.4333196425925635,0.430853526286942,0.48911621438363745,0.4867136145103613,0.47655083875252513,0.49440969910031046,0.4663206634756209,0.5215862560793694,1.265309085540544,1.1944852087993756
vectorchain,turning_matched,"dt,dy,theta,delta_theta",capacity_control,test,16,128,0.1,second_order_response,5,0.020482207070520696,0.020175305031139647,0.02584515825393116,0.024878060165461617,0.024755011842721414,0.025344730950593836,0.023881534704857592,0.030366453606021346,0.9981209283801296,0.9936568213395782
vectorchain,turning_matched,"dt,dy,theta,delta_theta",capacity_control,test,16,128,0.1,sine,5,0.032684693699718825,0.031567037493459495,0.04518049246478785,0.03945281164013513,0.03725910425316639,0.05816490232633322,0.03195301117794865,0.05907263292635584,0.7978198038361259,0.8005720314512524
vectorchain,turning_matched,"dt,dy,theta,delta_theta",capacity_control,validation,1,32,0.1,chirp,5,0.016897839916839904,0.016303976627982983,0.022001310496760868,0.02120165331206571,0.017980602291839988,0.0244004320821159,0.016361756643201896,0.03006210815458085,1.2437570605876505,1.0709632842172074
vectorchain,turning_matched,"dt,dy,theta,delta_theta",capacity_control,validation,1,32,0.1,first_order_response,5,0.01107140614815578,0.01059981990683236,0.014016232859444028,0.014036720606199208,0.013122380812140176,0.014681088727353379,0.012523271949822666,0.015717702201704705,1.0002403111690528,0.9996750359367051
vectorchain,turning_matched,"dt,dy,theta,delta_theta",capacity_control,validation,1,32,0.1,piecewise_linear,5,0.013512099917274183,0.012813179770508025,0.017667852991625165,0.016314864973322088,0.015241861282712613,0.017310603269595142,0.014101082087813984,0.02537085334468201,1.0723136795384955,0.999927202661454
vectorchain,turning_matched,"dt,dy,theta,delta_theta",capacity_control,validation,1,32,0.1,ramp,5,0.011750499514298206,0.011908298033500703,0.014232547416123734,0.014105386139502367,0.014020280153920222,0.014276499339504594,0.013916546708602913,0.014844024739088567,0.9988567540288951,0.9997479197559452
vectorchain,turning_matched,"dt,dy,theta,delta_theta",capacity_control,validation,1,32,0.1,regime_change,5,0.021460084196175386,0.018175078556968607,0.0265347881120038,0.022016045909314254,0.02108834070904438,0.03299008126927992,0.019723210201245924,0.0368562624711345,1.1408593717369189,1.0366075739218685
vectorchain,turning_matched,"dt,dy,theta,delta_theta",capacity_control,validation,1,32,0.1,second_order_response,5,0.011242349750389307,0.010952964537831268,0.014167571443944343,0.01382818372414137,0.013786836214839613,0.014721577264477271,0.013587544677461334,0.014913715338802128,0.9990327792114513,0.9995846104332083
vectorchain,turning_matched,"dt,dy,theta,delta_theta",capacity_control,validation,1,32,0.1,sine,5,0.011974175565669676,0.012098781541828122,0.014922994393832212,0.014920359348625817,0.014887943998605402,0.015257260524136357,0.013903813962641698,0.01564559413515179,0.999225409520907,0.9987542557718412
vectorchain,turning_matched,"dt,dy,theta,delta_theta",capacity_control,validation,1,64,0.1,chirp,5,0.013668091798146625,0.013047604959284842,0.01707209263663518,0.016518682024269395,0.015744622816873003,0.017283037052257012,0.015248653706179956,0.020565467583596536,1.050684022103424,1.0398406164665335
vectorchain,turning_matched,"dt,dy,theta,delta_theta",capacity_control,validation,1,64,0.1,first_order_response,5,0.010931382101139713,0.010393305124489481,0.013883522588020183,0.013845787594127378,0.01293607934299563,0.014635579503941499,0.012551435301519752,0.015448731197516653,1.0000737129249924,1.0000393097441653
vectorchain,turning_matched,"dt,dy,theta,delta_theta",capacity_control,validation,1,64,0.1,piecewise_linear,5,0.013123065077768389,0.01260706520387523,0.016295765591651794,0.01633285856434476,0.015158545972112136,0.01782034562454175,0.014143055331299196,0.018024022465961118,0.9985429936719965,0.9993027029082895
vectorchain,turning_matched,"dt,dy,theta,delta_theta",capacity_control,validation,1,64,0.1,ramp,5,0.011588685535620185,0.01175324724454511,0.014044765553156735,0.013968494806260745,0.013726909996497815,0.01412080659278031,0.013644891594516949,0.014762724775727853,1.0000239567961295,1.0000485342434635
vectorchain,turning_matched,"dt,dy,theta,delta_theta",capacity_control,validation,1,64,0.1,regime_change,5,0.018119932910100965,0.018481251883403955,0.0228855758201054,0.023345906624001503,0.021640735234533384,0.02452435753058674,0.019215094285898897,0.02570178542550646,1.1145247946947692,1.0373528111932573
vectorchain,turning_matched,"dt,dy,theta,delta_theta",capacity_control,validation,1,64,0.1,second_order_response,5,0.01120244151249172,0.010956601679709896,0.014063504763997935,0.013825611447497983,0.013791696372296035,0.014568287692297122,0.013333783928976923,0.014798144378921614,1.000403163166447,1.000047439662328
vectorchain,turning_matched,"dt,dy,theta,delta_theta",capacity_control,validation,1,64,0.1,sine,5,0.012111395701672047,0.012061675728327701,0.015164567631177937,0.015288858009607602,0.015185220437514779,0.015540348890842706,0.014150314408945345,0.015658096408979246,0.9978150312037268,1.0021507741091102
vectorchain,turning_matched,"dt,dy,theta,delta_theta",capacity_control,validation,1,128,0.1,chirp,5,0.013343142488732107,0.01313030153552712,0.016649276735375244,0.016090024980840282,0.015517358921857618,0.016464094753971658,0.014190575437013624,0.020984329583193045,1.0824016794718407,1.0902028536840822
vectorchain,turning_matched,"dt,dy,theta,delta_theta",capacity_control,validation,1,128,0.1,first_order_response,5,0.010895921614592007,0.010364042352251726,0.013775716136141841,0.01381665826183773,0.012763020308886437,0.014422325400620247,0.012323353261575997,0.015553223447788795,1.0004783377588424,1.0000887542509473
vectorchain,turning_matched,"dt,dy,theta,delta_theta",capacity_control,validation,1,128,0.1,piecewise_linear,5,0.013048685801835266,0.012957321600104484,0.016185972122828438,0.01590243748558929,0.015360567916481443,0.017698749418903252,0.014202826030438915,0.017765279762729284,1.0025535612879546,1.0042082340942795
vectorchain,turning_matched,"dt,dy,theta,delta_theta",capacity_control,validation,1,128,0.1,ramp,5,0.011618787065633348,0.011816589497926794,0.014063388068571376,0.013928235066828124,0.013900515186764719,0.014091657893566001,0.013677123385818798,0.014719408809879243,1.0005557058552852,1.0006853659540884
vectorchain,turning_matched,"dt,dy,theta,delta_theta",capacity_control,validation,1,128,0.1,regime_change,5,0.01957277366632239,0.01794216900062672,0.023837680468080387,0.02238601851431796,0.02155769918234434,0.02713615215001542,0.0178409615568407,0.030267570936883523,1.1381301658422396,1.1546721993059397
vectorchain,turning_matched,"dt,dy,theta,delta_theta",capacity_control,validation,1,128,0.1,second_order_response,5,0.011483146856729751,0.011234526873974679,0.014398310419392546,0.01421218151212213,0.013925901527027317,0.015134676857269885,0.013487673127028374,0.015231119073515023,1.0033998967711013,1.00458350333533
vectorchain,turning_matched,"dt,dy,theta,delta_theta",capacity_control,validation,1,128,0.1,sine,5,0.012279686964635828,0.012269768145647612,0.015226348229501788,0.015124147375240777,0.014853303578040735,0.01572546306310337,0.014564575741784512,0.01586425138933954,0.9907682141414023,0.9871501257786632
vectorchain,turning_matched,"dt,dy,theta,delta_theta",capacity_control,validation,4,32,0.1,chirp,5,0.037005501478204396,0.03425961486287528,0.048415176252527066,0.04852359687545119,0.04042023559810515,0.05320758088048569,0.03475283372334952,0.06517163418524378,1.012626303600837,1.0239930802756032
vectorchain,turning_matched,"dt,dy,theta,delta_theta",capacity_control,validation,4,32,0.1,first_order_response,5,0.013687469781910414,0.014190431785551717,0.01685942393359189,0.016601655207150037,0.016390158831677114,0.01762429303187454,0.014923251382714314,0.018757761214543443,0.9997368568042923,0.9998117225099953
vectorchain,turning_matched,"dt,dy,theta,delta_theta",capacity_control,validation,4,32,0.1,piecewise_linear,5,0.014173674648849144,0.012601629623472896,0.02035896080586276,0.015597901111874259,0.015093176093152524,0.0167778317614737,0.013504752845970093,0.04082114221684323,1.185946920403752,1.001982773763877
vectorchain,turning_matched,"dt,dy,theta,delta_theta",capacity_control,validation,4,32,0.1,ramp,5,0.012556225346208181,0.012916197401289773,0.01531130875440385,0.01593391431583748,0.014879733003295748,0.016137968877627563,0.012020875931570762,0.017584051643687683,0.9985132042231747,0.99843143641997
vectorchain,turning_matched,"dt,dy,theta,delta_theta",capacity_control,validation,4,32,0.1,regime_change,5,0.05048842700203745,0.043027986544083505,0.06556713843656307,0.05197308001663276,0.05187875818283224,0.06898598439794036,0.03485070926303723,0.12014716032237277,0.9013452543851225,0.9796059042718352
vectorchain,turning_matched,"dt,dy,theta,delta_theta",capacity_control,validation,4,32,0.1,second_order_response,5,0.012432079506264047,0.012412071613495895,0.015234507362286515,0.015517563378266123,0.01392981448484842,0.015903260229348917,0.012820884393342268,0.01800101432562685,0.9968883795202865,0.9965364931493723
vectorchain,turning_matched,"dt,dy,theta,delta_theta",capacity_control,validation,4,32,0.1,sine,5,0.019625196840281238,0.019913038617649623,0.024139703106168357,0.024421044246793887,0.024147553432807126,0.02442483710110706,0.02249086263169048,0.025214218118443227,1.001192815111216,1.0009235487141932
vectorchain,turning_matched,"dt,dy,theta,delta_theta",capacity_control,validation,4,64,0.1,chirp,5,0.022585435145384476,0.02315876603509265,0.029171447859818445,0.02968094432111392,0.027419377770516572,0.030505044622981425,0.022890904732388234,0.035360967852092084,0.9757807619585558,0.971369123378272
vectorchain,turning_matched,"dt,dy,theta,delta_theta",capacity_control,validation,4,64,0.1,first_order_response,5,0.01310936099148469,0.013660999282102569,0.016216385979500984,0.015921196476923655,0.015915892234137835,0.017135774764808744,0.01429416127293257,0.017814905148702112,1.0002765826168587,1.0002911202097367
vectorchain,turning_matched,"dt,dy,theta,delta_theta",capacity_control,validation,4,64,0.1,piecewise_linear,5,0.013649890703707725,0.013759380491135459,0.017217310248070695,0.016647325132716245,0.015719238793451683,0.017352713578521126,0.013839134717342232,0.022528139018322183,0.9914235513277372,0.9981350878792524
vectorchain,turning_matched,"dt,dy,theta,delta_theta",capacity_control,validation,4,64,0.1,ramp,5,0.012032039807288139,0.012139139039831742,0.01468170637698222,0.015365777947019713,0.014232343829481372,0.015753555189771732,0.011181787144902502,0.016875067773735788,1.0002335480297468,1.0002010880443117
vectorchain,turning_matched,"dt,dy,theta,delta_theta",capacity_control,validation,4,64,0.1,regime_change,5,0.040744491685723215,0.03815001340708817,0.050315540734439834,0.04621548722778089,0.045040885366011335,0.04927585302065025,0.03693573279982235,0.07410974525793435,0.9760181333501075,0.8544466631143776
vectorchain,turning_matched,"dt,dy,theta,delta_theta",capacity_control,validation,4,64,0.1,second_order_response,5,0.012385449846433635,0.012366267827328168,0.015161208285346514,0.015239649306237536,0.014157885278675965,0.01568108908176503,0.013128655170906577,0.01759876258914746,1.0006574104295372,1.0005739085889183
vectorchain,turning_matched,"dt,dy,theta,delta_theta",capacity_control,validation,4,64,0.1,sine,5,0.01828289252516711,0.01886223578467917,0.023342799378540873,0.023142428449325955,0.02231444474278424,0.024220988819875427,0.020319106587647826,0.026717028293070922,0.999045713606208,1.0054099346400796
vectorchain,turning_matched,"dt,dy,theta,delta_theta",capacity_control,validation,4,128,0.1,chirp,5,0.03365072878601607,0.0335777247764498,0.04044369311443751,0.04043596805156191,0.0394978768694845,0.04245745695167517,0.03677608863273188,0.04305107506673412,1.2557634535911555,1.2973122932938832
vectorchain,turning_matched,"dt,dy,theta,delta_theta",capacity_control,validation,4,128,0.1,first_order_response,5,0.013013528026925842,0.013543002137240176,0.016006914185628433,0.015823179038549524,0.01563643687920917,0.0168413445111719,0.014106355304506369,0.017627255194705208,1.0016982994457935,1.0014734057660706
vectorchain,turning_matched,"dt,dy,theta,delta_theta",capacity_control,validation,4,128,0.1,piecewise_linear,5,0.013671549407483385,0.013181677897520273,0.017319479083851015,0.01614784918831514,0.01601701777462628,0.016882276541459903,0.01531218785445108,0.02223806406040266,1.0237969720071938,1.0243809007044042
vectorchain,turning_matched,"dt,dy,theta,delta_theta",capacity_control,validation,4,128,0.1,ramp,5,0.01194705426160777,0.012138208900020844,0.014613742618288092,0.01535635959124896,0.014282731910748296,0.015631402024583154,0.011137157798202386,0.016661061766657666,1.0021070631241469,1.0018304948943026
vectorchain,turning_matched,"dt,dy,theta,delta_theta",capacity_control,validation,4,128,0.1,regime_change,5,0.06296576292121905,0.06446520186311905,0.07503177854359469,0.0732569920782519,0.0731619664511267,0.07577270337716732,0.06966922533538014,0.08329800547604742,1.1257659732651917,1.1874120903934622
vectorchain,turning_matched,"dt,dy,theta,delta_theta",capacity_control,validation,4,128,0.1,second_order_response,5,0.014039719021306307,0.013783397996575287,0.017746552342430187,0.018255764015224385,0.016709078348665217,0.018516211664764762,0.014639538658941307,0.020612169024555264,1.0250436419222382,1.0228872504785813
vectorchain,turning_matched,"dt,dy,theta,delta_theta",capacity_control,validation,4,128,0.1,sine,5,0.016905700062833522,0.016682032650863907,0.02304622419603013,0.02179755941790249,0.021533566726322412,0.022153467279615226,0.021273612722702798,0.02847291483360772,0.9503765043623897,0.9415588105698497
vectorchain,turning_matched,"dt,dy,theta,delta_theta",capacity_control,validation,16,32,0.1,chirp,5,0.18658673292008107,0.18965002670747186,0.2338866971685984,0.24497376710544683,0.2186774936072468,0.2463371202518694,0.1384486485408209,0.320996456337608,0.9310708674755039,1.0052413904189608
vectorchain,turning_matched,"dt,dy,theta,delta_theta",capacity_control,validation,16,32,0.1,first_order_response,5,0.015697178128335376,0.015911129984203368,0.019730651319061203,0.019507709599839277,0.019422643736339427,0.02007195238463589,0.017238265779942474,0.02241268509454896,0.9887429919367948,0.9881355587362968
vectorchain,turning_matched,"dt,dy,theta,delta_theta",capacity_control,validation,16,32,0.1,piecewise_linear,5,0.02675891481664854,0.027661094566494175,0.039155860156061616,0.038265610173392826,0.038215393223875384,0.038676076449095154,0.03809507716839178,0.04252714376555294,0.9699952807500312,1.0118554510521132
vectorchain,turning_matched,"dt,dy,theta,delta_theta",capacity_control,validation,16,32,0.1,ramp,5,0.01510198220456058,0.015214117066657873,0.01865045770450931,0.01944997216817397,0.017523768588548403,0.019619465880233954,0.016311095329675913,0.020347986555914306,0.9649418969966396,0.973707842232309
vectorchain,turning_matched,"dt,dy,theta,delta_theta",capacity_control,validation,16,32,0.1,regime_change,5,0.29347329848442466,0.2799441562079363,0.3777056836615771,0.3609860494126798,0.32974412785083973,0.45720022108176056,0.16278095505309928,0.577817064909506,0.9688905639650602,0.9993250921186452
vectorchain,turning_matched,"dt,dy,theta,delta_theta",capacity_control,validation,16,32,0.1,second_order_response,5,0.017725324232675345,0.017179835812437254,0.021565813683457922,0.02106643375992672,0.020804070678090963,0.02120296895584808,0.020723161764405924,0.024032433259017903,0.9410180964934589,0.9405015161960234
vectorchain,turning_matched,"dt,dy,theta,delta_theta",capacity_control,validation,16,32,0.1,sine,5,0.08588573275260176,0.08659431379183932,0.09523767300449038,0.09604274357870969,0.09383055664788516,0.09639505883462078,0.09215127719673445,0.09776872876450184,1.0007582611133838,1.0002538340346354
vectorchain,turning_matched,"dt,dy,theta,delta_theta",capacity_control,validation,16,64,0.1,chirp,5,0.10256981259363365,0.10874260000492915,0.12400051120962852,0.13027770596694546,0.11286043138987605,0.1304619464294255,0.10658527667987083,0.13981719558202468,0.8699469151292714,0.8408875202223923
vectorchain,turning_matched,"dt,dy,theta,delta_theta",capacity_control,validation,16,64,0.1,first_order_response,5,0.013736891586533689,0.01369517811775491,0.017144209897951963,0.01683754738539846,0.016786206395454247,0.01770618691145772,0.014765528989773844,0.019625579807675556,1.0025942461123067,1.0027369668811565
vectorchain,turning_matched,"dt,dy,theta,delta_theta",capacity_control,validation,16,64,0.1,piecewise_linear,5,0.02939835975945232,0.02916872478551989,0.045781693807978766,0.04423577086736343,0.04132317665470463,0.04571661414763572,0.041045464181866505,0.05658744318832355,1.027630728438981,1.015887833672975
vectorchain,turning_matched,"dt,dy,theta,delta_theta",capacity_control,validation,16,64,0.1,ramp,5,0.012807782140064486,0.013113505640008873,0.015843732000840147,0.015558346173226736,0.015458882567933343,0.017371719875697786,0.012971913902933297,0.017857797484409566,1.0003150683296405,1.000731763080767
vectorchain,turning_matched,"dt,dy,theta,delta_theta",capacity_control,validation,16,64,0.1,regime_change,5,0.3238242578361533,0.324954879656828,0.3859157313388243,0.3788960488146246,0.34510267301861625,0.38366556830555226,0.31561387713106115,0.5063004894242669,1.0686626738376797,0.9788046229345997
vectorchain,turning_matched,"dt,dy,theta,delta_theta",capacity_control,validation,16,64,0.1,second_order_response,5,0.01940277341100956,0.019127454387525587,0.02346075971907619,0.023298648824376753,0.023011388681087087,0.02335719795936524,0.022924500509554847,0.02471206262099702,0.9965047416346102,0.9966575969544916
vectorchain,turning_matched,"dt,dy,theta,delta_theta",capacity_control,validation,16,64,0.1,sine,5,0.05017889252695255,0.05159877837701341,0.06297736270634911,0.06448599504430953,0.056584920127927214,0.06768759622904603,0.054328441299034066,0.07179986083142877,0.9271257029616488,0.932882683292943
vectorchain,turning_matched,"dt,dy,theta,delta_theta",capacity_control,validation,16,128,0.1,chirp,5,0.21792372743244584,0.21873235955152118,0.25431265717520113,0.25263131033709046,0.24185875370742277,0.26843645091541274,0.2360619221824059,0.27257484873367366,1.490015739290178,1.4011604717226762
vectorchain,turning_matched,"dt,dy,theta,delta_theta",capacity_control,validation,16,128,0.1,first_order_response,5,0.013039819815936224,0.01305549454348446,0.016027737942676475,0.01607186628287921,0.015193035820726793,0.016382854530702554,0.014044737411471074,0.018446195667602746,1.005516176846168,1.007795025382585
vectorchain,turning_matched,"dt,dy,theta,delta_theta",capacity_control,validation,16,128,0.1,piecewise_linear,5,0.032796576844902815,0.03486742297748718,0.04653778390248847,0.04552792820460415,0.044821484583210294,0.048135076294024595,0.04417322754478204,0.050031202885821247,1.1104375379625433,1.08945727193519
vectorchain,turning_matched,"dt,dy,theta,delta_theta",capacity_control,validation,16,128,0.1,ramp,5,0.012345401970838058,0.012365752765634497,0.015377626371019915,0.01516197960807288,0.014779530212252185,0.01677793958818453,0.013078536454916466,0.01709014599167351,1.014897062515112,1.009692369311432
vectorchain,turning_matched,"dt,dy,theta,delta_theta",capacity_control,validation,16,128,0.1,regime_change,5,0.3871600788082893,0.3723197844252567,0.43861999065980006,0.42077384979695476,0.4077292467342151,0.47103601871833856,0.39938378582031925,0.49417705222917263,1.0582329635960277,0.9688823276188463
vectorchain,turning_matched,"dt,dy,theta,delta_theta",capacity_control,validation,16,128,0.1,second_order_response,5,0.030450798230128157,0.03179127310283797,0.03957422339086283,0.039693439184630475,0.03337269288978636,0.041584643082839975,0.03269957475669359,0.05052076704036375,1.0832878415201084,1.0696699726023267
vectorchain,turning_matched,"dt,dy,theta,delta_theta",capacity_control,validation,16,128,0.1,sine,5,0.03585557000423203,0.03650431048139204,0.057418925385630225,0.05612942782447381,0.05172822385698909,0.05755442647905405,0.05067784204246742,0.07100470672516675,0.7894498672820727,0.7733521128105773
