condition_id,seed,horizon,context_length,tolerance,representation,split,status,error_type,error_message,n_examples,n_representation_features,n_pooled_features,n_model_parameters,mean_input_steps,mean_input_scalar_elements,mean_input_bytes,step_reduction_factor_vs_raw,scalar_reduction_factor_vs_raw,mae,rmse,rmse_ratio_vs_raw,predictive_parity_vs_raw,structural_reduction_success,payload_reduction_success,joint_success,representation_runtime_s,train_runtime_median_s,train_runtime_q1_s,train_runtime_q3_s,inference_runtime_median_s,inference_runtime_q1_s,inference_runtime_q3_s,train_design_bytes,model_state_bytes
seed-1729__h-1__c-32__tol-na__raw,1729,1,32,,raw,validation,ok,,,357,1,3,4,32.0,32.0,256.0,1.0,1.0,0.01277942150609045,0.0161774083292254,1.0,,,,,0.0683163,0.0004576,0.0004576,0.0004576,7.01e-05,7.01e-05,7.01e-05,24528,80
seed-1729__h-1__c-32__tol-na__raw,1729,1,32,,raw,test,ok,,,357,1,3,4,32.0,32.0,256.0,1.0,1.0,0.012792032756953415,0.016097761603595707,1.0,,,,,0.0683163,0.0004576,0.0004576,0.0004576,4.45e-05,4.45e-05,4.45e-05,24528,80
seed-1729__h-1__c-32__tol-na__first_difference,1729,1,32,,first_difference,validation,ok,,,357,1,3,4,31.0,31.0,248.0,1.032258064516129,1.032258064516129,0.014077909665824806,0.018911001989984248,1.1689759944935343,,,,,0.071634,0.0002478,0.0002478,0.0002478,3.27e-05,3.27e-05,3.27e-05,24528,80
seed-1729__h-1__c-32__tol-na__first_difference,1729,1,32,,first_difference,test,ok,,,357,1,3,4,31.0,31.0,248.0,1.032258064516129,1.032258064516129,0.015312109081816037,0.021228009009260206,1.3186932153671957,,,,,0.071634,0.0002478,0.0002478,0.0002478,2.9e-05,2.9e-05,2.9e-05,24528,80
seed-1729__h-1__c-32__tol-0p01__vectorchain,1729,1,32,0.01,vectorchain,validation,ok,,,357,5,15,16,16.935574229691877,84.67787114845939,677.4229691876751,1.889513728084684,0.3779027456169368,0.014649438483014731,0.01956858851594978,1.2096244415490225,False,False,False,False,2.0635446,0.0004417,0.0004417,0.0004417,3.65e-05,3.65e-05,3.65e-05,122640,368
seed-1729__h-1__c-32__tol-0p01__vectorchain,1729,1,32,0.01,vectorchain,test,ok,,,357,5,15,16,16.12044817927171,80.60224089635854,644.8179271708683,1.9850564726324935,0.39701129452649875,0.01625319435531612,0.0232410530134803,1.4437443904181697,False,False,False,False,2.0635446,0.0004417,0.0004417,0.0004417,3.66e-05,3.66e-05,3.66e-05,122640,368
seed-1729__h-1__c-32__tol-0p03__vectorchain,1729,1,32,0.03,vectorchain,validation,ok,,,357,5,15,16,3.3053221288515404,16.526610644257705,132.21288515406164,9.68135593220339,1.9362711864406779,0.01495134436040835,0.01936474901284805,1.197024184514434,False,True,True,False,0.9554985,0.0004012,0.0004012,0.0004012,3.62e-05,3.62e-05,3.62e-05,122640,368
seed-1729__h-1__c-32__tol-0p03__vectorchain,1729,1,32,0.03,vectorchain,test,ok,,,357,5,15,16,2.9943977591036415,14.971988795518207,119.77591036414566,10.686623012160897,2.1373246024321797,0.015650302711045373,0.021097194128177975,1.3105669376707356,False,True,True,False,0.9554985,0.0004012,0.0004012,0.0004012,3.78e-05,3.78e-05,3.78e-05,122640,368
seed-1729__h-1__c-32__tol-0p1__vectorchain,1729,1,32,0.1,vectorchain,validation,ok,,,357,5,15,16,1.2044817927170868,6.022408963585434,48.17927170868347,26.567441860465117,5.3134883720930235,0.012618672207476086,0.01609070940851889,0.9946407410295823,True,True,True,True,0.7571018,0.0003933,0.0003933,0.0003933,3.64e-05,3.64e-05,3.64e-05,122640,368
seed-1729__h-1__c-32__tol-0p1__vectorchain,1729,1,32,0.1,vectorchain,test,ok,,,357,5,15,16,1.2240896358543418,6.120448179271708,48.963585434173666,26.141876430205947,5.2283752860411905,0.01265817212424176,0.016166794802993097,1.004288372576096,True,True,True,True,0.7571018,0.0003933,0.0003933,0.0003933,4.34e-05,4.34e-05,4.34e-05,122640,368
seed-1729__h-4__c-32__tol-na__raw,1729,4,32,,raw,validation,ok,,,357,1,3,4,32.0,32.0,256.0,1.0,1.0,0.023586965403255885,0.035144642152991484,1.0,,,,,0.0597966,0.0003079,0.0003079,0.0003079,3.23e-05,3.23e-05,3.23e-05,24360,80
seed-1729__h-4__c-32__tol-na__raw,1729,4,32,,raw,test,ok,,,364,1,3,4,32.0,32.0,256.0,1.0,1.0,0.027271444602722433,0.03948178938534824,1.0,,,,,0.0597966,0.0003079,0.0003079,0.0003079,3.85e-05,3.85e-05,3.85e-05,24360,80
seed-1729__h-4__c-32__tol-na__first_difference,1729,4,32,,first_difference,validation,ok,,,357,1,3,4,31.0,31.0,248.0,1.032258064516129,1.032258064516129,0.032279364053142225,0.0520039699574121,1.4797126040159598,,,,,0.067357,0.0002233,0.0002233,0.0002233,2.73e-05,2.73e-05,2.73e-05,24360,80
seed-1729__h-4__c-32__tol-na__first_difference,1729,4,32,,first_difference,test,ok,,,364,1,3,4,31.0,31.0,248.0,1.032258064516129,1.032258064516129,0.03581588823381632,0.057447486972918134,1.4550375721885844,,,,,0.067357,0.0002233,0.0002233,0.0002233,2.91e-05,2.91e-05,2.91e-05,24360,80
seed-1729__h-4__c-32__tol-0p01__vectorchain,1729,4,32,0.01,vectorchain,validation,ok,,,357,5,15,16,16.943977591036415,84.71988795518207,677.7591036414566,1.8885766242354107,0.37771532484708215,0.030664562201671706,0.04825868060756385,1.3731447427316061,False,False,False,False,2.0673644,0.0003741,0.0003741,0.0003741,3.65e-05,3.65e-05,3.65e-05,121800,368
seed-1729__h-4__c-32__tol-0p01__vectorchain,1729,4,32,0.01,vectorchain,test,ok,,,364,5,15,16,16.134615384615383,80.67307692307692,645.3846153846154,1.9833134684147797,0.3966626936829559,0.033956792832083575,0.0544687215727102,1.3795910069092165,False,False,False,False,2.0673644,0.0003741,0.0003741,0.0003741,3.82e-05,3.82e-05,3.82e-05,121800,368
seed-1729__h-4__c-32__tol-0p03__vectorchain,1729,4,32,0.03,vectorchain,validation,ok,,,357,5,15,16,3.2829131652661063,16.41456582633053,131.31652661064425,9.747440273037544,1.9494880546075086,0.031344544743061725,0.048113382872592536,1.3690104643303975,False,True,True,False,0.9221787,0.0004282,0.0004282,0.0004282,3.63e-05,3.63e-05,3.63e-05,121800,368
seed-1729__h-4__c-32__tol-0p03__vectorchain,1729,4,32,0.03,vectorchain,test,ok,,,364,5,15,16,3.019230769230769,15.096153846153847,120.76923076923077,10.598726114649681,2.1197452229299363,0.032049414407903105,0.04992653639680615,1.2645459381163198,False,True,True,False,0.9221787,0.0004282,0.0004282,0.0004282,3.92e-05,3.92e-05,3.92e-05,121800,368
seed-1729__h-4__c-32__tol-0p1__vectorchain,1729,4,32,0.1,vectorchain,validation,ok,,,357,5,15,16,1.2044817927170868,6.022408963585434,48.17927170868347,26.567441860465117,5.3134883720930235,0.017678664833694367,0.023732286193509883,0.6752746575195904,True,True,True,True,0.7611885,0.0004272,0.0004272,0.0004272,4.23e-05,4.23e-05,4.23e-05,121800,368
seed-1729__h-4__c-32__tol-0p1__vectorchain,1729,4,32,0.1,vectorchain,test,ok,,,364,5,15,16,1.2252747252747254,6.126373626373627,49.010989010989015,26.11659192825112,5.223318385650224,0.017696373838933067,0.024841712681003703,0.62919419478547,True,True,True,True,0.7611885,0.0004272,0.0004272,0.0004272,3.85e-05,3.85e-05,3.85e-05,121800,368
seed-1729__h-16__c-32__tol-na__raw,1729,16,32,,raw,validation,ok,,,357,1,3,4,32.0,32.0,256.0,1.0,1.0,0.10189921409104837,0.17973171694716894,1.0,,,,,0.0611323,0.0002527,0.0002527,0.0002527,2.79e-05,2.79e-05,2.79e-05,23856,80
seed-1729__h-16__c-32__tol-na__raw,1729,16,32,,raw,test,ok,,,364,1,3,4,32.0,32.0,256.0,1.0,1.0,0.11621211870840005,0.20406021512480174,1.0,,,,,0.0611323,0.0002527,0.0002527,0.0002527,7.07e-05,7.07e-05,7.07e-05,23856,80
seed-1729__h-16__c-32__tol-na__first_difference,1729,16,32,,first_difference,validation,ok,,,357,1,3,4,31.0,31.0,248.0,1.032258064516129,1.032258064516129,0.1351067630370161,0.23749190425086927,1.3213689174330794,,,,,0.0686065,0.0002593,0.0002593,0.0002593,3.62e-05,3.62e-05,3.62e-05,23856,80
seed-1729__h-16__c-32__tol-na__first_difference,1729,16,32,,first_difference,test,ok,,,364,1,3,4,31.0,31.0,248.0,1.032258064516129,1.032258064516129,0.14902901759960122,0.263484052011262,1.2912073617589646,,,,,0.0686065,0.0002593,0.0002593,0.0002593,3.01e-05,3.01e-05,3.01e-05,23856,80
seed-1729__h-16__c-32__tol-0p01__vectorchain,1729,16,32,0.01,vectorchain,validation,ok,,,357,5,15,16,16.96358543417367,84.81792717086834,678.5434173669468,1.8863936591809776,0.37727873183619554,0.12730214028589962,0.21833790840521242,1.2147989910394699,False,False,False,False,2.0771071,0.0004123,0.0004123,0.0004123,3.69e-05,3.69e-05,3.69e-05,119280,368
seed-1729__h-16__c-32__tol-0p01__vectorchain,1729,16,32,0.01,vectorchain,test,ok,,,364,5,15,16,16.162087912087912,80.81043956043956,646.4835164835165,1.9799422063573007,0.39598844127146016,0.13701482849254296,0.2379262806992077,1.165961138253695,False,False,False,False,2.0771071,0.0004123,0.0004123,0.0004123,3.83e-05,3.83e-05,3.83e-05,119280,368
seed-1729__h-16__c-32__tol-0p03__vectorchain,1729,16,32,0.03,vectorchain,validation,ok,,,357,5,15,16,3.280112044817927,16.400560224089634,131.20448179271708,9.755764304013663,1.9511528608027329,0.12408897884090424,0.21495869444691515,1.195997557348773,False,True,True,False,0.9026074,0.0004395,0.0004395,0.0004395,3.68e-05,3.68e-05,3.68e-05,119280,368
seed-1729__h-16__c-32__tol-0p03__vectorchain,1729,16,32,0.03,vectorchain,test,ok,,,364,5,15,16,3.0164835164835164,15.082417582417582,120.65934065934066,10.608378870673953,2.1216757741347907,0.11926847852597774,0.21091701585346187,1.0336018499464315,True,True,True,True,0.9026074,0.0004395,0.0004395,0.0004395,3.83e-05,3.83e-05,3.83e-05,119280,368
seed-1729__h-16__c-32__tol-0p1__vectorchain,1729,16,32,0.1,vectorchain,validation,ok,,,357,5,15,16,1.2044817927170868,6.022408963585434,48.17927170868347,26.567441860465117,5.3134883720930235,0.05705527608782377,0.09652461839439605,0.5370483297768133,True,True,True,True,0.7464695,0.0004645,0.0004645,0.0004645,5.51e-05,5.51e-05,5.51e-05,119280,368
seed-1729__h-16__c-32__tol-0p1__vectorchain,1729,16,32,0.1,vectorchain,test,ok,,,364,5,15,16,1.2252747252747254,6.126373626373627,49.010989010989015,26.11659192825112,5.223318385650224,0.0530178641194238,0.09751287856631356,0.477863254758775,True,True,True,True,0.7464695,0.0004645,0.0004645,0.0004645,5.51e-05,5.51e-05,5.51e-05,119280,368
seed-1729__h-1__c-64__tol-na__raw,1729,1,64,,raw,validation,ok,,,357,1,3,4,64.0,64.0,512.0,1.0,1.0,0.01420178134604677,0.018368504850147505,1.0,,,,,0.0631337,0.0002452,0.0002452,0.0002452,3.31e-05,3.31e-05,3.31e-05,23184,80
seed-1729__h-1__c-64__tol-na__raw,1729,1,64,,raw,test,ok,,,357,1,3,4,64.0,64.0,512.0,1.0,1.0,0.015014720083066676,0.019919906342916176,1.0,,,,,0.0631337,0.0002452,0.0002452,0.0002452,2.86e-05,2.86e-05,2.86e-05,23184,80
seed-1729__h-1__c-64__tol-na__first_difference,1729,1,64,,first_difference,validation,ok,,,357,1,3,4,63.0,63.0,504.0,1.0158730158730158,1.0158730158730158,0.017948765334347055,0.025214933094923953,1.3727264848516763,,,,,0.0710979,0.0002957,0.0002957,0.0002957,5.11e-05,5.11e-05,5.11e-05,23184,80
seed-1729__h-1__c-64__tol-na__first_difference,1729,1,64,,first_difference,test,ok,,,357,1,3,4,63.0,63.0,504.0,1.0158730158730158,1.0158730158730158,0.019384934237860967,0.028250327616736036,1.4181958052620205,,,,,0.0710979,0.0002957,0.0002957,0.0002957,3.11e-05,3.11e-05,3.11e-05,23184,80
seed-1729__h-1__c-64__tol-0p01__vectorchain,1729,1,64,0.01,vectorchain,validation,ok,,,357,5,15,16,33.9859943977591,169.92997198879553,1359.4397759103642,1.8831286573806976,0.3766257314761394,0.016426419223304265,0.021840874556937246,1.1890393222049238,False,False,False,False,4.1533723,0.0006816,0.0006816,0.0006816,5.69e-05,5.69e-05,5.69e-05,115920,368
seed-1729__h-1__c-64__tol-0p01__vectorchain,1729,1,64,0.01,vectorchain,test,ok,,,357,5,15,16,32.63305322128851,163.16526610644257,1305.3221288515406,1.9612017167381977,0.3922403433476395,0.017056027819061872,0.024248064657748383,1.2172780454046346,False,False,False,False,4.1533723,0.0006816,0.0006816,0.0006816,7.15e-05,7.15e-05,7.15e-05,115920,368
seed-1729__h-1__c-64__tol-0p03__vectorchain,1729,1,64,0.03,vectorchain,validation,ok,,,357,5,15,16,6.07563025210084,30.3781512605042,243.0252100840336,10.533886583679115,2.106777316735823,0.014986942146939233,0.019263344802218096,1.0487159929112795,True,True,True,True,1.680627,0.0004384,0.0004384,0.0004384,3.6e-05,3.6e-05,3.6e-05,115920,368
seed-1729__h-1__c-64__tol-0p03__vectorchain,1729,1,64,0.03,vectorchain,test,ok,,,357,5,15,16,5.515406162464986,27.57703081232493,220.61624649859945,11.603859827323515,2.3207719654647025,0.015227254689268655,0.02021148038095997,1.0146373197255258,True,True,True,True,1.680627,0.0004384,0.0004384,0.0004384,3.66e-05,3.66e-05,3.66e-05,115920,368
seed-1729__h-1__c-64__tol-0p1__vectorchain,1729,1,64,0.1,vectorchain,validation,ok,,,357,5,15,16,1.6610644257703082,8.305322128851541,66.44257703081233,38.529510961214164,7.705902192242832,0.012687733363530927,0.016178499747455846,0.8807739050860162,True,True,True,True,1.3823994,0.0003822,0.0003822,0.0003822,3.7e-05,3.7e-05,3.7e-05,115920,368
seed-1729__h-1__c-64__tol-0p1__vectorchain,1729,1,64,0.1,vectorchain,test,ok,,,357,5,15,16,1.6862745098039216,8.431372549019608,67.45098039215686,37.95348837209302,7.590697674418604,0.012299784382090794,0.015535683342900007,0.7799074491344049,True,True,True,True,1.3823994,0.0003822,0.0003822,0.0003822,3.8e-05,3.8e-05,3.8e-05,115920,368
seed-1729__h-4__c-64__tol-na__raw,1729,4,64,,raw,validation,ok,,,357,1,3,4,64.0,64.0,512.0,1.0,1.0,0.03387273012204715,0.05598291103896755,1.0,,,,,0.0597369,0.0003196,0.0003196,0.0003196,6.3e-05,6.3e-05,6.3e-05,23016,80
seed-1729__h-4__c-64__tol-na__raw,1729,4,64,,raw,test,ok,,,364,1,3,4,64.0,64.0,512.0,1.0,1.0,0.03844589509166227,0.06256543172248372,1.0,,,,,0.0597369,0.0003196,0.0003196,0.0003196,4.69e-05,4.69e-05,4.69e-05,23016,80
seed-1729__h-4__c-64__tol-na__first_difference,1729,4,64,,first_difference,validation,ok,,,357,1,3,4,63.0,63.0,504.0,1.0158730158730158,1.0158730158730158,0.045620023474357785,0.07427851461755108,1.3268069351707823,,,,,0.0696028,0.0002347,0.0002347,0.0002347,2.72e-05,2.72e-05,2.72e-05,23016,80
seed-1729__h-4__c-64__tol-na__first_difference,1729,4,64,,first_difference,test,ok,,,364,1,3,4,63.0,63.0,504.0,1.0158730158730158,1.0158730158730158,0.048406373135147694,0.07954134888893538,1.2713306165895304,,,,,0.0696028,0.0002347,0.0002347,0.0002347,2.88e-05,2.88e-05,2.88e-05,23016,80
seed-1729__h-4__c-64__tol-0p01__vectorchain,1729,4,64,0.01,vectorchain,validation,ok,,,357,5,15,16,33.938375350140056,169.6918767507003,1357.5350140056023,1.885770881479036,0.37715417629580716,0.03571348442232464,0.054848165757852695,0.9797305059694913,True,False,False,False,4.1493552,0.0003683,0.0003683,0.0003683,3.7e-05,3.7e-05,3.7e-05,115080,368
seed-1729__h-4__c-64__tol-0p01__vectorchain,1729,4,64,0.01,vectorchain,test,ok,,,364,5,15,16,32.66208791208791,163.31043956043956,1306.4835164835165,1.959458322819413,0.3918916645638826,0.03702987219017355,0.05816731526196055,0.9297037303277706,True,False,False,False,4.1493552,0.0003683,0.0003683,0.0003683,3.9e-05,3.9e-05,3.9e-05,115080,368
seed-1729__h-4__c-64__tol-0p03__vectorchain,1729,4,64,0.03,vectorchain,validation,ok,,,357,5,15,16,6.044817927170868,30.22408963585434,241.79271708683473,10.58758109360519,2.117516218721038,0.03178998299238965,0.04687028109000284,0.8372247927118016,True,True,True,True,1.6683948,0.0004078,0.0004078,0.0004078,3.59e-05,3.59e-05,3.59e-05,115080,368
seed-1729__h-4__c-64__tol-0p03__vectorchain,1729,4,64,0.03,vectorchain,test,ok,,,364,5,15,16,5.5576923076923075,27.78846153846154,222.30769230769232,11.515570934256056,2.303114186851211,0.032012337486592504,0.047381698874915855,0.7573143438869393,True,True,True,True,1.6683948,0.0004078,0.0004078,0.0004078,3.7e-05,3.7e-05,3.7e-05,115080,368
seed-1729__h-4__c-64__tol-0p1__vectorchain,1729,4,64,0.1,vectorchain,validation,ok,,,357,5,15,16,1.658263305322129,8.291316526610645,66.33053221288516,38.59459459459459,7.718918918918918,0.017961508742339614,0.02516716589555154,0.4495508616555085,True,True,True,True,1.4305354,0.0003916,0.0003916,0.0003916,4.48e-05,4.48e-05,4.48e-05,115080,368
seed-1729__h-4__c-64__tol-0p1__vectorchain,1729,4,64,0.1,vectorchain,test,ok,,,364,5,15,16,1.6868131868131868,8.434065934065934,67.47252747252747,37.9413680781759,7.588273615635179,0.019020941868708154,0.02618252654553255,0.4184823124320185,True,True,True,True,1.4305354,0.0003916,0.0003916,0.0003916,3.76e-05,3.76e-05,3.76e-05,115080,368
seed-1729__h-16__c-64__tol-na__raw,1729,16,64,,raw,validation,ok,,,357,1,3,4,64.0,64.0,512.0,1.0,1.0,0.14059705138490597,0.26147751344219855,1.0,,,,,0.0587511,0.0002372,0.0002372,0.0002372,2.76e-05,2.76e-05,2.76e-05,22512,80
seed-1729__h-16__c-64__tol-na__raw,1729,16,64,,raw,test,ok,,,364,1,3,4,64.0,64.0,512.0,1.0,1.0,0.15380449309528343,0.28158924729638174,1.0,,,,,0.0587511,0.0002372,0.0002372,0.0002372,2.88e-05,2.88e-05,2.88e-05,22512,80
seed-1729__h-16__c-64__tol-na__first_difference,1729,16,64,,first_difference,validation,ok,,,357,1,3,4,63.0,63.0,504.0,1.0158730158730158,1.0158730158730158,0.17354572646356817,0.29674669288827643,1.1348841779232934,,,,,0.0660902,0.0002494,0.0002494,0.0002494,2.82e-05,2.82e-05,2.82e-05,22512,80
seed-1729__h-16__c-64__tol-na__first_difference,1729,16,64,,first_difference,test,ok,,,364,1,3,4,63.0,63.0,504.0,1.0158730158730158,1.0158730158730158,0.18287821114290245,0.31681257290854076,1.125087608814428,,,,,0.0660902,0.0002494,0.0002494,0.0002494,3.39e-05,3.39e-05,3.39e-05,22512,80
seed-1729__h-16__c-64__tol-0p01__vectorchain,1729,16,64,0.01,vectorchain,validation,ok,,,357,5,15,16,33.81512605042017,169.07563025210084,1352.6050420168067,1.8926441351888668,0.37852882703777335,0.13202921896343572,0.2107795738551283,0.8061097533028309,True,False,False,False,4.059603,0.0005636,0.0005636,0.0005636,3.66e-05,3.66e-05,3.66e-05,112560,368
seed-1729__h-16__c-64__tol-0p01__vectorchain,1729,16,64,0.01,vectorchain,test,ok,,,364,5,15,16,32.82142857142857,164.10714285714286,1312.857142857143,1.9499455930359086,0.3899891186071817,0.14753036622826957,0.24055251438619538,0.8542674008180651,True,False,False,False,4.059603,0.0005636,0.0005636,0.0005636,3.77e-05,3.77e-05,3.77e-05,112560,368
seed-1729__h-16__c-64__tol-0p03__vectorchain,1729,16,64,0.03,vectorchain,validation,ok,,,357,5,15,16,5.957983193277311,29.789915966386555,238.31932773109244,10.741889985895627,2.1483779971791255,0.11982318189085552,0.18869294932175712,0.7216412105107043,True,True,True,True,1.635658,0.0004435,0.0004435,0.0004435,4.19e-05,4.19e-05,4.19e-05,112560,368
seed-1729__h-16__c-64__tol-0p03__vectorchain,1729,16,64,0.03,vectorchain,test,ok,,,364,5,15,16,5.678571428571429,28.392857142857142,227.14285714285714,11.270440251572326,2.2540880503144654,0.11954912022511863,0.19503048534778414,0.6926062952343783,True,True,True,True,1.635658,0.0004435,0.0004435,0.0004435,3.73e-05,3.73e-05,3.73e-05,112560,368
seed-1729__h-16__c-64__tol-0p1__vectorchain,1729,16,64,0.1,vectorchain,validation,ok,,,357,5,15,16,1.6526610644257702,8.263305322128852,66.10644257703082,38.72542372881356,7.745084745762711,0.08024329296792256,0.15432743848427335,0.5902130414682428,True,True,True,True,1.3534154,0.0004355,0.0004355,0.0004355,3.67e-05,3.67e-05,3.67e-05,112560,368
seed-1729__h-16__c-64__tol-0p1__vectorchain,1729,16,64,0.1,vectorchain,test,ok,,,364,5,15,16,1.6868131868131868,8.434065934065934,67.47252747252747,37.9413680781759,7.588273615635179,0.08650610505879888,0.16146420973170234,0.5734033216181584,True,True,True,True,1.3534154,0.0004355,0.0004355,0.0004355,3.84e-05,3.84e-05,3.84e-05,112560,368
seed-1729__h-1__c-128__tol-na__raw,1729,1,128,,raw,validation,ok,,,357,1,3,4,128.0,128.0,1024.0,1.0,1.0,0.01580220975938122,0.021101774912132262,1.0,,,,,0.0561739,0.0002315,0.0002315,0.0002315,2.7e-05,2.7e-05,2.7e-05,20496,80
seed-1729__h-1__c-128__tol-na__raw,1729,1,128,,raw,test,ok,,,357,1,3,4,128.0,128.0,1024.0,1.0,1.0,0.016780061727958658,0.022899832935210612,1.0,,,,,0.0561739,0.0002315,0.0002315,0.0002315,2.86e-05,2.86e-05,2.86e-05,20496,80
seed-1729__h-1__c-128__tol-na__first_difference,1729,1,128,,first_difference,validation,ok,,,357,1,3,4,127.0,127.0,1016.0,1.0078740157480315,1.0078740157480315,0.016745246613906625,0.022358497546242306,1.0595553046766462,,,,,0.104256,0.0002232,0.0002232,0.0002232,2.79e-05,2.79e-05,2.79e-05,20496,80
seed-1729__h-1__c-128__tol-na__first_difference,1729,1,128,,first_difference,test,ok,,,357,1,3,4,127.0,127.0,1016.0,1.0078740157480315,1.0078740157480315,0.017293883817230123,0.023420996899442305,1.0227584177450637,,,,,0.104256,0.0002232,0.0002232,0.0002232,3.04e-05,3.04e-05,3.04e-05,20496,80
seed-1729__h-1__c-128__tol-0p01__vectorchain,1729,1,128,0.01,vectorchain,validation,ok,,,357,5,15,16,67.56302521008404,337.8151260504202,2702.5210084033615,1.8945273631840795,0.3789054726368159,0.015532151421413823,0.020554955346065995,0.974086560569278,True,False,False,False,8.4344934,0.0003862,0.0003862,0.0003862,4.38e-05,4.38e-05,4.38e-05,102480,368
seed-1729__h-1__c-128__tol-0p01__vectorchain,1729,1,128,0.01,vectorchain,test,ok,,,357,5,15,16,66.5798319327731,332.89915966386553,2663.1932773109243,1.9225041019815727,0.38450082039631456,0.01578755882649518,0.021294226415744376,0.9298856666767439,True,False,False,False,8.4344934,0.0003862,0.0003862,0.0003862,3.73e-05,3.73e-05,3.73e-05,102480,368
seed-1729__h-1__c-128__tol-0p03__vectorchain,1729,1,128,0.03,vectorchain,validation,ok,,,357,5,15,16,11.1484593837535,55.74229691876751,445.93837535014006,11.48140703517588,2.296281407035176,0.015055446157112202,0.019527850955816693,0.9254127217795951,True,True,True,True,3.1485867,0.0004094,0.0004094,0.0004094,4.01e-05,4.01e-05,4.01e-05,102480,368
seed-1729__h-1__c-128__tol-0p03__vectorchain,1729,1,128,0.03,vectorchain,test,ok,,,357,5,15,16,11.056022408963585,55.280112044817926,442.2408963585434,11.577400557385356,2.315480111477071,0.01583605717664799,0.021013425998623745,0.9176235502711314,True,True,True,True,3.1485867,0.0004094,0.0004094,0.0004094,4.16e-05,4.16e-05,4.16e-05,102480,368
seed-1729__h-1__c-128__tol-0p1__vectorchain,1729,1,128,0.1,vectorchain,validation,ok,,,357,5,15,16,2.630252100840336,13.15126050420168,105.21008403361344,48.66453674121406,9.732907348242811,0.012958221107515563,0.016494284367592912,0.7816538862856357,True,True,True,True,2.6273199,0.0005083,0.0005083,0.0005083,4.35e-05,4.35e-05,4.35e-05,102480,368
seed-1729__h-1__c-128__tol-0p1__vectorchain,1729,1,128,0.1,vectorchain,test,ok,,,357,5,15,16,2.61624649859944,13.081232492997199,104.64985994397759,48.92505353319058,9.785010706638117,0.013467018042139461,0.017204414357445293,0.7512899507223878,True,True,True,True,2.6273199,0.0005083,0.0005083,0.0005083,6.49e-05,6.49e-05,6.49e-05,102480,368
seed-1729__h-4__c-128__tol-na__raw,1729,4,128,,raw,validation,ok,,,357,1,3,4,128.0,128.0,1024.0,1.0,1.0,0.044101826979307195,0.07402505713511623,1.0,,,,,0.0564268,0.0002422,0.0002422,0.0002422,3.99e-05,3.99e-05,3.99e-05,20328,80
seed-1729__h-4__c-128__tol-na__raw,1729,4,128,,raw,test,ok,,,364,1,3,4,128.0,128.0,1024.0,1.0,1.0,0.04716952242011778,0.07745543912480651,1.0,,,,,0.0564268,0.0002422,0.0002422,0.0002422,2.79e-05,2.79e-05,2.79e-05,20328,80
seed-1729__h-4__c-128__tol-na__first_difference,1729,4,128,,first_difference,validation,ok,,,357,1,3,4,127.0,127.0,1016.0,1.0078740157480315,1.0078740157480315,0.0446080563693272,0.06528029161317034,0.8818674937868096,,,,,0.0605796,0.0002135,0.0002135,0.0002135,2.76e-05,2.76e-05,2.76e-05,20328,80
seed-1729__h-4__c-128__tol-na__first_difference,1729,4,128,,first_difference,test,ok,,,364,1,3,4,127.0,127.0,1016.0,1.0078740157480315,1.0078740157480315,0.04400317883378237,0.0651742495102562,0.8414418696308568,,,,,0.0605796,0.0002135,0.0002135,0.0002135,3.31e-05,3.31e-05,3.31e-05,20328,80
seed-1729__h-4__c-128__tol-0p01__vectorchain,1729,4,128,0.01,vectorchain,validation,ok,,,357,5,15,16,67.54341736694678,337.7170868347339,2701.736694677871,1.895077344171194,0.3790154688342388,0.03250373606697728,0.04640069734516595,0.6268242017087785,True,False,False,False,8.4254598,0.0003843,0.0003843,0.0003843,4.89e-05,4.89e-05,4.89e-05,101640,368
seed-1729__h-4__c-128__tol-0p01__vectorchain,1729,4,128,0.01,vectorchain,test,ok,,,364,5,15,16,66.60164835164835,333.00824175824175,2664.065934065934,1.9218743554840574,0.38437487109681145,0.03315760478844067,0.04856328825728289,0.6269835766992587,True,False,False,False,8.4254598,0.0003843,0.0003843,0.0003843,4.33e-05,4.33e-05,4.33e-05,101640,368
seed-1729__h-4__c-128__tol-0p03__vectorchain,1729,4,128,0.03,vectorchain,validation,ok,,,357,5,15,16,11.095238095238095,55.476190476190474,443.8095238095238,11.53648068669528,2.3072961373390557,0.032436618269244134,0.04863189371419394,0.6569652979183422,True,True,True,True,2.9770089,0.0004228,0.0004228,0.0004228,4.15e-05,4.15e-05,4.15e-05,101640,368
seed-1729__h-4__c-128__tol-0p03__vectorchain,1729,4,128,0.03,vectorchain,test,ok,,,364,5,15,16,11.098901098901099,55.494505494505496,443.95604395604397,11.532673267326732,2.3065346534653464,0.03458024539552123,0.052218333168174584,0.6741725792043275,True,True,True,True,2.9770089,0.0004228,0.0004228,0.0004228,3.83e-05,3.83e-05,3.83e-05,101640,368
seed-1729__h-4__c-128__tol-0p1__vectorchain,1729,4,128,0.1,vectorchain,validation,ok,,,357,5,15,16,2.627450980392157,13.137254901960784,105.09803921568627,48.71641791044776,9.743283582089553,0.023173242902950607,0.03527219645270353,0.4764899591812811,True,True,True,True,2.6220009,0.0004107,0.0004107,0.0004107,4.03e-05,4.03e-05,4.03e-05,101640,368
seed-1729__h-4__c-128__tol-0p1__vectorchain,1729,4,128,0.1,vectorchain,test,ok,,,364,5,15,16,2.618131868131868,13.090659340659341,104.72527472527473,48.889821615949636,9.777964323189925,0.027370656218817183,0.04167445869494322,0.5380443151034465,True,True,True,True,2.6220009,0.0004107,0.0004107,0.0004107,4.51e-05,4.51e-05,4.51e-05,101640,368
seed-1729__h-16__c-128__tol-na__raw,1729,16,128,,raw,validation,ok,,,357,1,3,4,128.0,128.0,1024.0,1.0,1.0,0.1713622520101355,0.29935926822130265,1.0,,,,,0.0562804,0.0002483,0.0002483,0.0002483,2.85e-05,2.85e-05,2.85e-05,19824,80
seed-1729__h-16__c-128__tol-na__raw,1729,16,128,,raw,test,ok,,,364,1,3,4,128.0,128.0,1024.0,1.0,1.0,0.17990204832079998,0.30595235397035986,1.0,,,,,0.0562804,0.0002483,0.0002483,0.0002483,2.94e-05,2.94e-05,2.94e-05,19824,80
seed-1729__h-16__c-128__tol-na__first_difference,1729,16,128,,first_difference,validation,ok,,,357,1,3,4,127.0,127.0,1016.0,1.0078740157480315,1.0078740157480315,0.16062538794836606,0.24572423735350973,0.8208339057398317,,,,,0.0645621,0.0002115,0.0002115,0.0002115,2.74e-05,2.74e-05,2.74e-05,19824,80
seed-1729__h-16__c-128__tol-na__first_difference,1729,16,128,,first_difference,test,ok,,,364,1,3,4,127.0,127.0,1016.0,1.0078740157480315,1.0078740157480315,0.15572420899641606,0.2383128069616963,0.7789213054552397,,,,,0.0645621,0.0002115,0.0002115,0.0002115,5.93e-05,5.93e-05,5.93e-05,19824,80
seed-1729__h-16__c-128__tol-0p01__vectorchain,1729,16,128,0.01,vectorchain,validation,ok,,,357,5,15,16,67.45378151260505,337.2689075630252,2698.1512605042017,1.8975956148000497,0.37951912296000995,0.11689835242564495,0.1765900461956185,0.5898933654029163,True,False,False,False,8.3300089,0.0004397,0.0004397,0.0004397,4.34e-05,4.34e-05,4.34e-05,99120,368
seed-1729__h-16__c-128__tol-0p01__vectorchain,1729,16,128,0.01,vectorchain,test,ok,,,364,5,15,16,66.96153846153847,334.8076923076923,2678.4615384615386,1.9115450890292933,0.3823090178058587,0.12691626101713202,0.19482432331613142,0.6367799455957305,True,False,False,False,8.3300089,0.0004397,0.0004397,0.0004397,4.88e-05,4.88e-05,4.88e-05,99120,368
seed-1729__h-16__c-128__tol-0p03__vectorchain,1729,16,128,0.03,vectorchain,validation,ok,,,357,5,15,16,10.994397759103641,54.97198879551821,439.77591036414566,11.642292993630573,2.328458598726115,0.12593161083323842,0.21159524212283748,0.7068270956836211,True,True,True,True,3.0606203,0.0003944,0.0003944,0.0003944,3.88e-05,3.88e-05,3.88e-05,99120,368
seed-1729__h-16__c-128__tol-0p03__vectorchain,1729,16,128,0.03,vectorchain,test,ok,,,364,5,15,16,11.255494505494505,56.277472527472526,450.2197802197802,11.372223578227972,2.2744447156455943,0.12983808632022167,0.22066631314847546,0.7212440443254547,True,True,True,True,3.0606203,0.0003944,0.0003944,0.0003944,3.76e-05,3.76e-05,3.76e-05,99120,368
seed-1729__h-16__c-128__tol-0p1__vectorchain,1729,16,128,0.1,vectorchain,validation,ok,,,357,5,15,16,2.619047619047619,13.095238095238095,104.76190476190476,48.872727272727275,9.774545454545455,0.11524161685330882,0.21512849552625457,0.7186298149527139,True,True,True,True,2.6104709,0.0005147,0.0005147,0.0005147,0.0001022,0.0001022,0.0001022,99120,368
seed-1729__h-16__c-128__tol-0p1__vectorchain,1729,16,128,0.1,vectorchain,test,ok,,,364,5,15,16,2.618131868131868,13.090659340659341,104.72527472527473,48.889821615949636,9.777964323189925,0.1345556855810388,0.25900790881763175,0.8465628894710971,True,True,True,True,2.6104709,0.0005147,0.0005147,0.0005147,5e-05,5e-05,5e-05,99120,368
seed-2718__h-1__c-32__tol-na__raw,2718,1,32,,raw,validation,ok,,,357,1,3,4,32.0,32.0,256.0,1.0,1.0,0.013268440412473562,0.016738412021083376,1.0,,,,,0.0684917,0.0002399,0.0002399,0.0002399,3.22e-05,3.22e-05,3.22e-05,24528,80
seed-2718__h-1__c-32__tol-na__raw,2718,1,32,,raw,test,ok,,,357,1,3,4,32.0,32.0,256.0,1.0,1.0,0.013179500674808955,0.016248629368978786,1.0,,,,,0.0684917,0.0002399,0.0002399,0.0002399,2.85e-05,2.85e-05,2.85e-05,24528,80
seed-2718__h-1__c-32__tol-na__first_difference,2718,1,32,,first_difference,validation,ok,,,357,1,3,4,31.0,31.0,248.0,1.032258064516129,1.032258064516129,0.01485448252404726,0.01996300102383463,1.1926460526058043,,,,,0.0678046,0.0002284,0.0002284,0.0002284,2.79e-05,2.79e-05,2.79e-05,24528,80
seed-2718__h-1__c-32__tol-na__first_difference,2718,1,32,,first_difference,test,ok,,,357,1,3,4,31.0,31.0,248.0,1.032258064516129,1.032258064516129,0.015424005575431433,0.02032896912979367,1.2511190124506688,,,,,0.0678046,0.0002284,0.0002284,0.0002284,3.47e-05,3.47e-05,3.47e-05,24528,80
seed-2718__h-1__c-32__tol-0p01__vectorchain,2718,1,32,0.01,vectorchain,validation,ok,,,357,5,15,16,17.50980392156863,87.54901960784314,700.3921568627451,1.8275475923852182,0.36550951847704366,0.014544547049611533,0.019550391805921562,1.1679956128034292,False,False,False,False,2.1030335,0.0005283,0.0005283,0.0005283,4.09e-05,4.09e-05,4.09e-05,122640,368
seed-2718__h-1__c-32__tol-0p01__vectorchain,2718,1,32,0.01,vectorchain,test,ok,,,357,5,15,16,17.03361344537815,85.16806722689076,681.344537815126,1.8786383818450914,0.37572767636901827,0.01490055527585517,0.020294111865309227,1.2489737690770344,False,False,False,False,2.1030335,0.0005283,0.0005283,0.0005283,3.68e-05,3.68e-05,3.68e-05,122640,368
seed-2718__h-1__c-32__tol-0p03__vectorchain,2718,1,32,0.03,vectorchain,validation,ok,,,357,5,15,16,3.5938375350140057,17.969187675070028,143.75350140056022,8.904130943102103,1.7808261886204209,0.01545310209638573,0.0205578634729616,1.2281848150868384,False,True,True,False,0.927391,0.0004128,0.0004128,0.0004128,4.48e-05,4.48e-05,4.48e-05,122640,368
seed-2718__h-1__c-32__tol-0p03__vectorchain,2718,1,32,0.03,vectorchain,test,ok,,,357,5,15,16,3.1624649859943976,15.81232492997199,126.49859943977592,10.118689105403012,2.0237378210806023,0.015342689087818145,0.01987028873218989,1.2228901454374623,False,True,True,False,0.927391,0.0004128,0.0004128,0.0004128,3.69e-05,3.69e-05,3.69e-05,122640,368
seed-2718__h-1__c-32__tol-0p1__vectorchain,2718,1,32,0.1,vectorchain,validation,ok,,,357,5,15,16,1.2156862745098038,6.078431372549019,48.627450980392155,26.322580645161292,5.264516129032258,0.01610452250568473,0.02331060076800823,1.392641114261416,False,True,True,False,0.7422732,0.0004294,0.0004294,0.0004294,3.81e-05,3.81e-05,3.81e-05,122640,368
seed-2718__h-1__c-32__tol-0p1__vectorchain,2718,1,32,0.1,vectorchain,test,ok,,,357,5,15,16,1.2212885154061626,6.106442577030812,48.851540616246496,26.20183486238532,5.240366972477065,0.014750304967037714,0.019907093578083564,1.2251552500846237,False,True,True,False,0.7422732,0.0004294,0.0004294,0.0004294,4.28e-05,4.28e-05,4.28e-05,122640,368
seed-2718__h-4__c-32__tol-na__raw,2718,4,32,,raw,validation,ok,,,357,1,3,4,32.0,32.0,256.0,1.0,1.0,0.025728501286578765,0.03615666815055268,1.0,,,,,0.0614732,0.0002628,0.0002628,0.0002628,2.84e-05,2.84e-05,2.84e-05,24360,80
seed-2718__h-4__c-32__tol-na__raw,2718,4,32,,raw,test,ok,,,364,1,3,4,32.0,32.0,256.0,1.0,1.0,0.027141905893129956,0.039680665465761586,1.0,,,,,0.0614732,0.0002628,0.0002628,0.0002628,2.79e-05,2.79e-05,2.79e-05,24360,80
seed-2718__h-4__c-32__tol-na__first_difference,2718,4,32,,first_difference,validation,ok,,,357,1,3,4,31.0,31.0,248.0,1.032258064516129,1.032258064516129,0.03383274594554123,0.052887819987684284,1.4627404208669006,,,,,0.0682771,0.0002259,0.0002259,0.0002259,2.73e-05,2.73e-05,2.73e-05,24360,80
seed-2718__h-4__c-32__tol-na__first_difference,2718,4,32,,first_difference,test,ok,,,364,1,3,4,31.0,31.0,248.0,1.032258064516129,1.032258064516129,0.036184259144272465,0.05826690163234904,1.4683952738298849,,,,,0.0682771,0.0002259,0.0002259,0.0002259,2.87e-05,2.87e-05,2.87e-05,24360,80
seed-2718__h-4__c-32__tol-0p01__vectorchain,2718,4,32,0.01,vectorchain,validation,ok,,,357,5,15,16,17.5406162464986,87.70308123249299,701.6246498599439,1.824337272436921,0.3648674544873842,0.03138056842546322,0.04803322369641189,1.328474833367014,False,False,False,False,2.120154,0.0005047,0.0005047,0.0005047,4.01e-05,4.01e-05,4.01e-05,121800,368
seed-2718__h-4__c-32__tol-0p01__vectorchain,2718,4,32,0.01,vectorchain,test,ok,,,364,5,15,16,17.024725274725274,85.12362637362638,680.989010989011,1.8796191705664032,0.3759238341132806,0.0328016497125076,0.05338567545749062,1.345382564300853,False,False,False,False,2.120154,0.0005047,0.0005047,0.0005047,4.89e-05,4.89e-05,4.89e-05,121800,368
seed-2718__h-4__c-32__tol-0p03__vectorchain,2718,4,32,0.03,vectorchain,validation,ok,,,357,5,15,16,3.61624649859944,18.0812324929972,144.6498599439776,8.848954298993029,1.7697908597986058,0.03313823223609779,0.04865882849059038,1.3457774451998725,False,True,True,False,0.9883844,0.0004342,0.0004342,0.0004342,5.46e-05,5.46e-05,5.46e-05,121800,368
seed-2718__h-4__c-32__tol-0p03__vectorchain,2718,4,32,0.03,vectorchain,test,ok,,,364,5,15,16,3.1648351648351647,15.824175824175825,126.5934065934066,10.11111111111111,2.022222222222222,0.032733926088828295,0.05036316072922882,1.2692115955737842,False,True,True,False,0.9883844,0.0004342,0.0004342,0.0004342,4.15e-05,4.15e-05,4.15e-05,121800,368
seed-2718__h-4__c-32__tol-0p1__vectorchain,2718,4,32,0.1,vectorchain,validation,ok,,,357,5,15,16,1.2156862745098038,6.078431372549019,48.627450980392155,26.322580645161292,5.264516129032258,0.022303628710349042,0.034639900841485695,0.9580501360703005,True,True,True,True,0.7976859,0.0004313,0.0004313,0.0004313,3.86e-05,3.86e-05,3.86e-05,121800,368
seed-2718__h-4__c-32__tol-0p1__vectorchain,2718,4,32,0.1,vectorchain,test,ok,,,364,5,15,16,1.2225274725274726,6.112637362637362,48.9010989010989,26.1752808988764,5.235056179775281,0.01951098645313113,0.029083289316642495,0.7329335074215673,True,True,True,True,0.7976859,0.0004313,0.0004313,0.0004313,9.25e-05,9.25e-05,9.25e-05,121800,368
seed-2718__h-16__c-32__tol-na__raw,2718,16,32,,raw,validation,ok,,,357,1,3,4,32.0,32.0,256.0,1.0,1.0,0.10262469271317794,0.17868402237576425,1.0,,,,,0.1211827,0.0002962,0.0002962,0.0002962,2.93e-05,2.93e-05,2.93e-05,23856,80
seed-2718__h-16__c-32__tol-na__raw,2718,16,32,,raw,test,ok,,,364,1,3,4,32.0,32.0,256.0,1.0,1.0,0.11717026343783901,0.20470420816690732,1.0,,,,,0.1211827,0.0002962,0.0002962,0.0002962,3.04e-05,3.04e-05,3.04e-05,23856,80
seed-2718__h-16__c-32__tol-na__first_difference,2718,16,32,,first_difference,validation,ok,,,357,1,3,4,31.0,31.0,248.0,1.032258064516129,1.032258064516129,0.13710576226682916,0.23774540663251206,1.3305353409413654,,,,,0.0709822,0.0002289,0.0002289,0.0002289,3.42e-05,3.42e-05,3.42e-05,23856,80
seed-2718__h-16__c-32__tol-na__first_difference,2718,16,32,,first_difference,test,ok,,,364,1,3,4,31.0,31.0,248.0,1.032258064516129,1.032258064516129,0.1506887651057296,0.2636910669247829,1.2881565517684919,,,,,0.0709822,0.0002289,0.0002289,0.0002289,2.86e-05,2.86e-05,2.86e-05,23856,80
seed-2718__h-16__c-32__tol-0p01__vectorchain,2718,16,32,0.01,vectorchain,validation,ok,,,357,5,15,16,17.537815126050422,87.6890756302521,701.5126050420168,1.8246286535697172,0.36492573071394346,0.1278006816115291,0.22245632129812215,1.2449704139204276,False,False,False,False,2.1119532,0.0005306,0.0005306,0.0005306,6.64e-05,6.64e-05,6.64e-05,119280,368
seed-2718__h-16__c-32__tol-0p01__vectorchain,2718,16,32,0.01,vectorchain,test,ok,,,364,5,15,16,17.0,85.0,680.0,1.8823529411764706,0.3764705882352941,0.134467845019172,0.24526375272747625,1.1981373266518212,False,False,False,False,2.1119532,0.0005306,0.0005306,0.0005306,3.85e-05,3.85e-05,3.85e-05,119280,368
seed-2718__h-16__c-32__tol-0p03__vectorchain,2718,16,32,0.03,vectorchain,validation,ok,,,357,5,15,16,3.6470588235294117,18.235294117647058,145.88235294117646,8.774193548387096,1.7548387096774194,0.1296594790421387,0.22140288128720753,1.2390748671507266,False,True,True,False,0.9315939,0.0004105,0.0004105,0.0004105,3.58e-05,3.58e-05,3.58e-05,119280,368
seed-2718__h-16__c-32__tol-0p03__vectorchain,2718,16,32,0.03,vectorchain,test,ok,,,364,5,15,16,3.1895604395604398,15.947802197802197,127.58241758241758,10.032730404823427,2.006546080964686,0.1279150536994966,0.22287306476818966,1.0887566345801167,True,True,True,True,0.9315939,0.0004105,0.0004105,0.0004105,3.7e-05,3.7e-05,3.7e-05,119280,368
seed-2718__h-16__c-32__tol-0p1__vectorchain,2718,16,32,0.1,vectorchain,validation,ok,,,357,5,15,16,1.2156862745098038,6.078431372549019,48.627450980392155,26.322580645161292,5.264516129032258,0.1033401085053916,0.20327461892577142,1.1376205674298863,False,True,True,False,0.7601498,0.0004363,0.0004363,0.0004363,3.76e-05,3.76e-05,3.76e-05,119280,368
seed-2718__h-16__c-32__tol-0p1__vectorchain,2718,16,32,0.1,vectorchain,test,ok,,,364,5,15,16,1.2225274725274726,6.112637362637362,48.9010989010989,26.1752808988764,5.235056179775281,0.09999719180621532,0.20628613704789392,1.0077278767014735,True,True,True,True,0.7601498,0.0004363,0.0004363,0.0004363,4.09e-05,4.09e-05,4.09e-05,119280,368
seed-2718__h-1__c-64__tol-na__raw,2718,1,64,,raw,validation,ok,,,357,1,3,4,64.0,64.0,512.0,1.0,1.0,0.01503232687074455,0.019808239138964293,1.0,,,,,0.0595395,0.0002609,0.0002609,0.0002609,2.92e-05,2.92e-05,2.92e-05,23184,80
seed-2718__h-1__c-64__tol-na__raw,2718,1,64,,raw,test,ok,,,357,1,3,4,64.0,64.0,512.0,1.0,1.0,0.015510846820463395,0.019772766415493043,1.0,,,,,0.0595395,0.0002609,0.0002609,0.0002609,2.94e-05,2.94e-05,2.94e-05,23184,80
seed-2718__h-1__c-64__tol-na__first_difference,2718,1,64,,first_difference,validation,ok,,,357,1,3,4,63.0,63.0,504.0,1.0158730158730158,1.0158730158730158,0.01914272802358091,0.026784626418901367,1.3521962366767875,,,,,0.0660213,0.0002238,0.0002238,0.0002238,2.83e-05,2.83e-05,2.83e-05,23184,80
seed-2718__h-1__c-64__tol-na__first_difference,2718,1,64,,first_difference,test,ok,,,357,1,3,4,63.0,63.0,504.0,1.0158730158730158,1.0158730158730158,0.019122189294385986,0.026614348277927857,1.3460103517469393,,,,,0.0660213,0.0002238,0.0002238,0.0002238,2.89e-05,2.89e-05,2.89e-05,23184,80
seed-2718__h-1__c-64__tol-0p01__vectorchain,2718,1,64,0.01,vectorchain,validation,ok,,,357,5,15,16,35.26330532212885,176.31652661064425,1410.532212885154,1.8149177853681786,0.3629835570736357,0.01658175021390081,0.02258718640801144,1.1402924939239425,False,False,False,False,4.2375715,0.0004777,0.0004777,0.0004777,4.91e-05,4.91e-05,4.91e-05,115920,368
seed-2718__h-1__c-64__tol-0p01__vectorchain,2718,1,64,0.01,vectorchain,test,ok,,,357,5,15,16,34.32773109243698,171.6386554621849,1373.109243697479,1.8643818849449203,0.37287637698898407,0.016190770376515867,0.022044989192962255,1.1149167865397327,False,False,False,False,4.2375715,0.0004777,0.0004777,0.0004777,4.61e-05,4.61e-05,4.61e-05,115920,368
seed-2718__h-1__c-64__tol-0p03__vectorchain,2718,1,64,0.03,vectorchain,validation,ok,,,357,5,15,16,6.851540616246498,34.25770308123249,274.06162464985994,9.34096484055601,1.868192968111202,0.015635963265837168,0.02046157768476182,1.03298317135683,True,True,True,True,1.6998345,0.0004574,0.0004574,0.0004574,4.54e-05,4.54e-05,4.54e-05,115920,368
seed-2718__h-1__c-64__tol-0p03__vectorchain,2718,1,64,0.03,vectorchain,test,ok,,,357,5,15,16,5.851540616246498,29.257703081232492,234.06162464985994,10.937290569650552,2.18745811393011,0.015660161562194883,0.019967865354146425,1.009867053226326,True,True,True,True,1.6998345,0.0004574,0.0004574,0.0004574,3.83e-05,3.83e-05,3.83e-05,115920,368
seed-2718__h-1__c-64__tol-0p1__vectorchain,2718,1,64,0.1,vectorchain,validation,ok,,,357,5,15,16,1.669467787114846,8.34733893557423,66.77871148459384,38.335570469798654,7.667114093959731,0.01328673699931274,0.016737507203164352,0.8449770363606132,True,True,True,True,1.4282606,0.0004166,0.0004166,0.0004166,4.32e-05,4.32e-05,4.32e-05,115920,368
seed-2718__h-1__c-64__tol-0p1__vectorchain,2718,1,64,0.1,vectorchain,test,ok,,,357,5,15,16,1.6862745098039216,8.431372549019608,67.45098039215686,37.95348837209302,7.590697674418604,0.01279106261045313,0.0157266374119952,0.7953685934241614,True,True,True,True,1.4282606,0.0004166,0.0004166,0.0004166,5.62e-05,5.62e-05,5.62e-05,115920,368
seed-2718__h-4__c-64__tol-na__raw,2718,4,64,,raw,validation,ok,,,357,1,3,4,64.0,64.0,512.0,1.0,1.0,0.03557726985396401,0.056435420205184945,1.0,,,,,0.0595516,0.0002424,0.0002424,0.0002424,3.2e-05,3.2e-05,3.2e-05,23016,80
seed-2718__h-4__c-64__tol-na__raw,2718,4,64,,raw,test,ok,,,364,1,3,4,64.0,64.0,512.0,1.0,1.0,0.03851970748314656,0.06274672703883584,1.0,,,,,0.0595516,0.0002424,0.0002424,0.0002424,2.85e-05,2.85e-05,2.85e-05,23016,80
seed-2718__h-4__c-64__tol-na__first_difference,2718,4,64,,first_difference,validation,ok,,,357,1,3,4,63.0,63.0,504.0,1.0158730158730158,1.0158730158730158,0.0476988114859759,0.0758165770439877,1.3434218575557293,,,,,0.0660366,0.0002337,0.0002337,0.0002337,2.78e-05,2.78e-05,2.78e-05,23016,80
seed-2718__h-4__c-64__tol-na__first_difference,2718,4,64,,first_difference,test,ok,,,364,1,3,4,63.0,63.0,504.0,1.0158730158730158,1.0158730158730158,0.048530714351563344,0.07993354494050586,1.2739077990638872,,,,,0.0660366,0.0002337,0.0002337,0.0002337,2.89e-05,2.89e-05,2.89e-05,23016,80
seed-2718__h-4__c-64__tol-0p01__vectorchain,2718,4,64,0.01,vectorchain,validation,ok,,,357,5,15,16,35.27170868347339,176.35854341736695,1410.8683473389356,1.8144853875476492,0.3628970775095299,0.03800535222557245,0.05770941987411349,1.022574469443066,True,False,False,False,4.2728331,0.0004001,0.0004001,0.0004001,4.36e-05,4.36e-05,4.36e-05,115080,368
seed-2718__h-4__c-64__tol-0p01__vectorchain,2718,4,64,0.01,vectorchain,test,ok,,,364,5,15,16,34.332417582417584,171.6620879120879,1373.2967032967033,1.8641273905737377,0.37282547811474753,0.03866169927366784,0.061444521058327164,0.9792466309883749,True,False,False,False,4.2728331,0.0004001,0.0004001,0.0004001,3.82e-05,3.82e-05,3.82e-05,115080,368
seed-2718__h-4__c-64__tol-0p03__vectorchain,2718,4,64,0.03,vectorchain,validation,ok,,,357,5,15,16,6.8879551820728295,34.43977591036415,275.5182072829132,9.291581943879626,1.858316388775925,0.03438657531727271,0.049037564971053334,0.8689146779232816,True,True,True,True,1.7122291,0.0006554,0.0006554,0.0006554,5.78e-05,5.78e-05,5.78e-05,115080,368
seed-2718__h-4__c-64__tol-0p03__vectorchain,2718,4,64,0.03,vectorchain,test,ok,,,364,5,15,16,5.851648351648351,29.25824175824176,234.06593406593407,10.937089201877935,2.187417840375587,0.034655651977635454,0.05116737845164483,0.8154589229805692,True,True,True,True,1.7122291,0.0006554,0.0006554,0.0006554,8.31e-05,8.31e-05,8.31e-05,115080,368
seed-2718__h-4__c-64__tol-0p1__vectorchain,2718,4,64,0.1,vectorchain,validation,ok,,,357,5,15,16,1.669467787114846,8.34733893557423,66.77871148459384,38.335570469798654,7.667114093959731,0.017910277578636957,0.02314655749335287,0.41014237883226223,True,True,True,True,1.3930862,0.0004272,0.0004272,0.0004272,4.12e-05,4.12e-05,4.12e-05,115080,368
seed-2718__h-4__c-64__tol-0p1__vectorchain,2718,4,64,0.1,vectorchain,test,ok,,,364,5,15,16,1.6868131868131868,8.434065934065934,67.47252747252747,37.9413680781759,7.588273615635179,0.017156407726611457,0.02375335006491114,0.37855918843718295,True,True,True,True,1.3930862,0.0004272,0.0004272,0.0004272,3.65e-05,3.65e-05,3.65e-05,115080,368
seed-2718__h-16__c-64__tol-na__raw,2718,16,64,,raw,validation,ok,,,357,1,3,4,64.0,64.0,512.0,1.0,1.0,0.1411444217280128,0.26047461675101574,1.0,,,,,0.0581749,0.0002789,0.0002789,0.0002789,3.23e-05,3.23e-05,3.23e-05,22512,80
seed-2718__h-16__c-64__tol-na__raw,2718,16,64,,raw,test,ok,,,364,1,3,4,64.0,64.0,512.0,1.0,1.0,0.15374349046706204,0.2821356183781174,1.0,,,,,0.0581749,0.0002789,0.0002789,0.0002789,3.48e-05,3.48e-05,3.48e-05,22512,80
seed-2718__h-16__c-64__tol-na__first_difference,2718,16,64,,first_difference,validation,ok,,,357,1,3,4,63.0,63.0,504.0,1.0158730158730158,1.0158730158730158,0.17721977979162257,0.29894794009190445,1.1477046931512134,,,,,0.0649838,0.0002294,0.0002294,0.0002294,2.8e-05,2.8e-05,2.8e-05,22512,80
seed-2718__h-16__c-64__tol-na__first_difference,2718,16,64,,first_difference,test,ok,,,364,1,3,4,63.0,63.0,504.0,1.0158730158730158,1.0158730158730158,0.18578430911678817,0.31460222505451735,1.1150744697285555,,,,,0.0649838,0.0002294,0.0002294,0.0002294,2.87e-05,2.87e-05,2.87e-05,22512,80
seed-2718__h-16__c-64__tol-0p01__vectorchain,2718,16,64,0.01,vectorchain,validation,ok,,,357,5,15,16,35.173669467787114,175.86834733893556,1406.9467787114845,1.8195428844469221,0.36390857688938444,0.14064948539251634,0.2238792444099595,0.8595050343195733,True,False,False,False,4.0795406,0.000409,0.000409,0.000409,4.94e-05,4.94e-05,4.94e-05,112560,368
seed-2718__h-16__c-64__tol-0p01__vectorchain,2718,16,64,0.01,vectorchain,test,ok,,,364,5,15,16,34.32142857142857,171.60714285714286,1372.857142857143,1.8647242455775235,0.3729448491155047,0.15152475271813878,0.24943255096511655,0.8840874200818831,True,False,False,False,4.0795406,0.000409,0.000409,0.000409,3.64e-05,3.64e-05,3.64e-05,112560,368
seed-2718__h-16__c-64__tol-0p03__vectorchain,2718,16,64,0.03,vectorchain,validation,ok,,,357,5,15,16,6.921568627450981,34.6078431372549,276.8627450980392,9.246458923512748,1.8492917847025494,0.12222880093599331,0.18937723417183822,0.7270467907161234,True,True,True,True,1.8837481,0.000414,0.000414,0.000414,4.42e-05,4.42e-05,4.42e-05,112560,368
seed-2718__h-16__c-64__tol-0p03__vectorchain,2718,16,64,0.03,vectorchain,test,ok,,,364,5,15,16,5.868131868131868,29.34065934065934,234.72527472527472,10.906367041198502,2.1812734082397003,0.13318035407522497,0.20705421069503593,0.7338818540009452,True,True,True,True,1.8837481,0.000414,0.000414,0.000414,3.85e-05,3.85e-05,3.85e-05,112560,368
seed-2718__h-16__c-64__tol-0p1__vectorchain,2718,16,64,0.1,vectorchain,validation,ok,,,357,5,15,16,1.6610644257703082,8.305322128851541,66.44257703081233,38.529510961214164,7.705902192242832,0.07175400408499757,0.1404014661016124,0.539021682238697,True,True,True,True,1.3877339,0.0004208,0.0004208,0.0004208,7.07e-05,7.07e-05,7.07e-05,112560,368
seed-2718__h-16__c-64__tol-0p1__vectorchain,2718,16,64,0.1,vectorchain,test,ok,,,364,5,15,16,1.684065934065934,8.42032967032967,67.36263736263736,38.00326264274062,7.600652528548125,0.08070050918405498,0.1512309299245292,0.5360221116138902,True,True,True,True,1.3877339,0.0004208,0.0004208,0.0004208,3.75e-05,3.75e-05,3.75e-05,112560,368
seed-2718__h-1__c-128__tol-na__raw,2718,1,128,,raw,validation,ok,,,357,1,3,4,128.0,128.0,1024.0,1.0,1.0,0.017751394577137754,0.024164943215657,1.0,,,,,0.056041,0.0002214,0.0002214,0.0002214,3.15e-05,3.15e-05,3.15e-05,20496,80
seed-2718__h-1__c-128__tol-na__raw,2718,1,128,,raw,test,ok,,,357,1,3,4,128.0,128.0,1024.0,1.0,1.0,0.017642503459433436,0.02291719282907656,1.0,,,,,0.056041,0.0002214,0.0002214,0.0002214,2.87e-05,2.87e-05,2.87e-05,20496,80
seed-2718__h-1__c-128__tol-na__first_difference,2718,1,128,,first_difference,validation,ok,,,357,1,3,4,127.0,127.0,1016.0,1.0078740157480315,1.0078740157480315,0.019228285613188657,0.02570448500399102,1.0637097209206978,,,,,0.0627741,0.0002214,0.0002214,0.0002214,2.71e-05,2.71e-05,2.71e-05,20496,80
seed-2718__h-1__c-128__tol-na__first_difference,2718,1,128,,first_difference,test,ok,,,357,1,3,4,127.0,127.0,1016.0,1.0078740157480315,1.0078740157480315,0.01788904280437954,0.02335831258736715,1.0192484202397998,,,,,0.0627741,0.0002214,0.0002214,0.0002214,2.85e-05,2.85e-05,2.85e-05,20496,80
seed-2718__h-1__c-128__tol-0p01__vectorchain,2718,1,128,0.01,vectorchain,validation,ok,,,357,5,15,16,70.02521008403362,350.12605042016804,2801.0084033613443,1.827913116524661,0.36558262330493224,0.01750461641406667,0.023447677249137988,0.970317912187177,True,False,False,False,8.5782997,0.0004121,0.0004121,0.0004121,3.81e-05,3.81e-05,3.81e-05,102480,368
seed-2718__h-1__c-128__tol-0p01__vectorchain,2718,1,128,0.01,vectorchain,test,ok,,,357,5,15,16,68.81792717086834,344.08963585434174,2752.717086834734,1.859980462390101,0.3719960924780202,0.01696257843952776,0.02183257262716199,0.9526722050992894,True,False,False,False,8.5782997,0.0004121,0.0004121,0.0004121,3.85e-05,3.85e-05,3.85e-05,102480,368
seed-2718__h-1__c-128__tol-0p03__vectorchain,2718,1,128,0.03,vectorchain,validation,ok,,,357,5,15,16,13.64985994397759,68.24929971988796,545.9943977591037,9.377385594089883,1.8754771188179766,0.018367911692577385,0.025267119996940816,1.0456105678150194,True,True,True,True,3.1384526,0.0004125,0.0004125,0.0004125,5.21e-05,5.21e-05,5.21e-05,102480,368
seed-2718__h-1__c-128__tol-0p03__vectorchain,2718,1,128,0.03,vectorchain,test,ok,,,357,5,15,16,11.193277310924369,55.96638655462185,447.7310924369748,11.435435435435435,2.287087087087087,0.019197599686672197,0.02530945915184858,1.1043874064600439,False,True,True,False,3.1384526,0.0004125,0.0004125,0.0004125,3.93e-05,3.93e-05,3.93e-05,102480,368
seed-2718__h-1__c-128__tol-0p1__vectorchain,2718,1,128,0.1,vectorchain,validation,ok,,,357,5,15,16,2.619047619047619,13.095238095238095,104.76190476190476,48.872727272727275,9.774545454545455,0.01366634568988891,0.01743948704857941,0.7216854139876473,True,True,True,True,2.6341822,0.0004048,0.0004048,0.0004048,5.07e-05,5.07e-05,5.07e-05,102480,368
seed-2718__h-1__c-128__tol-0p1__vectorchain,2718,1,128,0.1,vectorchain,test,ok,,,357,5,15,16,2.61624649859944,13.081232492997199,104.64985994397759,48.92505353319058,9.785010706638117,0.013451048175608637,0.01673631299793981,0.7302950724708893,True,True,True,True,2.6341822,0.0004048,0.0004048,0.0004048,3.88e-05,3.88e-05,3.88e-05,102480,368
seed-2718__h-4__c-128__tol-na__raw,2718,4,128,,raw,validation,ok,,,357,1,3,4,128.0,128.0,1024.0,1.0,1.0,0.04571950785684284,0.07430632295082411,1.0,,,,,0.0574923,0.0002301,0.0002301,0.0002301,2.78e-05,2.78e-05,2.78e-05,20328,80
seed-2718__h-4__c-128__tol-na__raw,2718,4,128,,raw,test,ok,,,364,1,3,4,128.0,128.0,1024.0,1.0,1.0,0.047281231265162066,0.07769169087645689,1.0,,,,,0.0574923,0.0002301,0.0002301,0.0002301,2.9e-05,2.9e-05,2.9e-05,20328,80
seed-2718__h-4__c-128__tol-na__first_difference,2718,4,128,,first_difference,validation,ok,,,357,1,3,4,127.0,127.0,1016.0,1.0078740157480315,1.0078740157480315,0.048005543901891,0.06935318487001489,0.933341633872972,,,,,0.0637268,0.0002175,0.0002175,0.0002175,2.79e-05,2.79e-05,2.79e-05,20328,80
seed-2718__h-4__c-128__tol-na__first_difference,2718,4,128,,first_difference,test,ok,,,364,1,3,4,127.0,127.0,1016.0,1.0078740157480315,1.0078740157480315,0.04549913321204199,0.06705629369221111,0.863107662296115,,,,,0.0637268,0.0002175,0.0002175,0.0002175,3.69e-05,3.69e-05,3.69e-05,20328,80
seed-2718__h-4__c-128__tol-0p01__vectorchain,2718,4,128,0.01,vectorchain,validation,ok,,,357,5,15,16,69.99439775910363,349.9719887955182,2799.7759103641456,1.8287177845365779,0.3657435569073155,0.03885467692829014,0.056029792122509504,0.754038013152528,True,False,False,False,8.519922,0.0003961,0.0003961,0.0003961,3.84e-05,3.84e-05,3.84e-05,101640,368
seed-2718__h-4__c-128__tol-0p01__vectorchain,2718,4,128,0.01,vectorchain,test,ok,,,364,5,15,16,68.85989010989012,344.29945054945057,2754.3956043956046,1.858846997805705,0.371769399561141,0.038640307034824926,0.05795474011006669,0.7459580227469198,True,False,False,False,8.519922,0.0003961,0.0003961,0.0003961,3.91e-05,3.91e-05,3.91e-05,101640,368
seed-2718__h-4__c-128__tol-0p03__vectorchain,2718,4,128,0.03,vectorchain,validation,ok,,,357,5,15,16,13.711484593837534,68.55742296918767,548.4593837535014,9.335240040858018,1.8670480081716039,0.039277172962355555,0.0614601443673449,0.8271186344131063,True,True,True,True,3.1944475,0.0003893,0.0003893,0.0003893,4.18e-05,4.18e-05,4.18e-05,101640,368
seed-2718__h-4__c-128__tol-0p03__vectorchain,2718,4,128,0.03,vectorchain,test,ok,,,364,5,15,16,11.211538461538462,56.05769230769231,448.46153846153845,11.41680960548885,2.2833619210977703,0.04240400797838669,0.0663184389929759,0.8536104472025663,True,True,True,True,3.1944475,0.0003893,0.0003893,0.0003893,4.05e-05,4.05e-05,4.05e-05,101640,368
seed-2718__h-4__c-128__tol-0p1__vectorchain,2718,4,128,0.1,vectorchain,validation,ok,,,357,5,15,16,2.619047619047619,13.095238095238095,104.76190476190476,48.872727272727275,9.774545454545455,0.026425500775675143,0.03896413679932717,0.5243717526584328,True,True,True,True,2.6686258,0.0003738,0.0003738,0.0003738,4.3e-05,4.3e-05,4.3e-05,101640,368
seed-2718__h-4__c-128__tol-0p1__vectorchain,2718,4,128,0.1,vectorchain,test,ok,,,364,5,15,16,2.618131868131868,13.090659340659341,104.72527472527473,48.889821615949636,9.777964323189925,0.027865097640086205,0.044690595690667044,0.5752300559622618,True,True,True,True,2.6686258,0.0003738,0.0003738,0.0003738,8.08e-05,8.08e-05,8.08e-05,101640,368
seed-2718__h-16__c-128__tol-na__raw,2718,16,128,,raw,validation,ok,,,357,1,3,4,128.0,128.0,1024.0,1.0,1.0,0.1712194260736927,0.2989272173120496,1.0,,,,,0.055452,0.0002415,0.0002415,0.0002415,2.85e-05,2.85e-05,2.85e-05,19824,80
seed-2718__h-16__c-128__tol-na__raw,2718,16,128,,raw,test,ok,,,364,1,3,4,128.0,128.0,1024.0,1.0,1.0,0.17966068686612519,0.3067078514455736,1.0,,,,,0.055452,0.0002415,0.0002415,0.0002415,2.85e-05,2.85e-05,2.85e-05,19824,80
seed-2718__h-16__c-128__tol-na__first_difference,2718,16,128,,first_difference,validation,ok,,,357,1,3,4,127.0,127.0,1016.0,1.0078740157480315,1.0078740157480315,0.1703365019767765,0.26118815189804706,0.8737516585028563,,,,,0.0610472,0.0002315,0.0002315,0.0002315,2.83e-05,2.83e-05,2.83e-05,19824,80
seed-2718__h-16__c-128__tol-na__first_difference,2718,16,128,,first_difference,test,ok,,,364,1,3,4,127.0,127.0,1016.0,1.0078740157480315,1.0078740157480315,0.16273602778685214,0.24510365228088574,0.7991437164900236,,,,,0.0610472,0.0002315,0.0002315,0.0002315,4.72e-05,4.72e-05,4.72e-05,19824,80
seed-2718__h-16__c-128__tol-0p01__vectorchain,2718,16,128,0.01,vectorchain,validation,ok,,,357,5,15,16,69.82633053221288,349.13165266106444,2793.0532212885155,1.8331193838254174,0.36662387676508346,0.13893894508978574,0.21048110141051002,0.7041215694681598,True,False,False,False,8.3604087,0.0003805,0.0003805,0.0003805,6.63e-05,6.63e-05,6.63e-05,99120,368
seed-2718__h-16__c-128__tol-0p01__vectorchain,2718,16,128,0.01,vectorchain,test,ok,,,364,5,15,16,68.84065934065934,344.2032967032967,2753.6263736263736,1.859366270253013,0.3718732540506026,0.1392766503314913,0.21790769619345732,0.7104731592830639,True,False,False,False,8.3604087,0.0003805,0.0003805,0.0003805,3.83e-05,3.83e-05,3.83e-05,99120,368
seed-2718__h-16__c-128__tol-0p03__vectorchain,2718,16,128,0.03,vectorchain,validation,ok,,,357,5,15,16,13.857142857142858,69.28571428571429,554.2857142857143,9.237113402061855,1.847422680412371,0.14359737625602728,0.247798569507097,0.8289595431801063,True,True,True,True,3.0352632,0.0004075,0.0004075,0.0004075,3.62e-05,3.62e-05,3.62e-05,99120,368
seed-2718__h-16__c-128__tol-0p03__vectorchain,2718,16,128,0.03,vectorchain,test,ok,,,364,5,15,16,11.228021978021978,56.14010989010989,449.1208791208791,11.40004893564962,2.280009787129924,0.15262100463193562,0.25613475745642134,0.8351098814367109,True,True,True,True,3.0352632,0.0004075,0.0004075,0.0004075,3.67e-05,3.67e-05,3.67e-05,99120,368
seed-2718__h-16__c-128__tol-0p1__vectorchain,2718,16,128,0.1,vectorchain,validation,ok,,,357,5,15,16,2.6106442577030813,13.053221288515406,104.42577030812325,49.03004291845493,9.806008583690987,0.10078588888401943,0.18612943592269743,0.6226580423033118,True,True,True,True,2.6034266,0.0004011,0.0004011,0.0004011,3.69e-05,3.69e-05,3.69e-05,99120,368
seed-2718__h-16__c-128__tol-0p1__vectorchain,2718,16,128,0.1,vectorchain,test,ok,,,364,5,15,16,2.6126373626373627,13.063186813186814,104.50549450549451,48.992639327024186,9.798527865404836,0.12400416886928552,0.2400086070816242,0.7825316696342042,True,True,True,True,2.6034266,0.0004011,0.0004011,0.0004011,3.72e-05,3.72e-05,3.72e-05,99120,368
seed-31415__h-1__c-32__tol-na__raw,31415,1,32,,raw,validation,ok,,,357,1,3,4,32.0,32.0,256.0,1.0,1.0,0.012971888757073112,0.016376463811399643,1.0,,,,,0.0604542,0.0002548,0.0002548,0.0002548,2.73e-05,2.73e-05,2.73e-05,24528,80
seed-31415__h-1__c-32__tol-na__raw,31415,1,32,,raw,test,ok,,,357,1,3,4,32.0,32.0,256.0,1.0,1.0,0.012315052885637211,0.015328159907243568,1.0,,,,,0.0604542,0.0002548,0.0002548,0.0002548,2.82e-05,2.82e-05,2.82e-05,24528,80
seed-31415__h-1__c-32__tol-na__first_difference,31415,1,32,,first_difference,validation,ok,,,357,1,3,4,31.0,31.0,248.0,1.032258064516129,1.032258064516129,0.015138231757770999,0.02018727089230946,1.2327002413217631,,,,,0.0679182,0.0002372,0.0002372,0.0002372,2.73e-05,2.73e-05,2.73e-05,24528,80
seed-31415__h-1__c-32__tol-na__first_difference,31415,1,32,,first_difference,test,ok,,,357,1,3,4,31.0,31.0,248.0,1.032258064516129,1.032258064516129,0.015023618740332966,0.021010094696309572,1.370686032990882,,,,,0.0679182,0.0002372,0.0002372,0.0002372,2.76e-05,2.76e-05,2.76e-05,24528,80
seed-31415__h-1__c-32__tol-0p01__vectorchain,31415,1,32,0.01,vectorchain,validation,ok,,,357,5,15,16,16.73669467787115,83.68347338935574,669.4677871148459,1.9119665271966526,0.38239330543933053,0.014909730455197015,0.019852861495713837,1.2122801188553463,False,False,False,False,2.0964982,0.0004064,0.0004064,0.0004064,3.73e-05,3.73e-05,3.73e-05,122640,368
seed-31415__h-1__c-32__tol-0p01__vectorchain,31415,1,32,0.01,vectorchain,test,ok,,,357,5,15,16,17.03641456582633,85.18207282913166,681.4565826330532,1.8783294968760276,0.3756658993752055,0.014244843003125451,0.019691842355685336,1.2846840374087982,False,False,False,False,2.0964982,0.0004064,0.0004064,0.0004064,3.72e-05,3.72e-05,3.72e-05,122640,368
seed-31415__h-1__c-32__tol-0p03__vectorchain,31415,1,32,0.03,vectorchain,validation,ok,,,357,5,15,16,3.4285714285714284,17.142857142857142,137.14285714285714,9.333333333333334,1.8666666666666667,0.015228849242713099,0.019466436326699525,1.188683744603579,False,True,True,False,0.951096,0.0007425,0.0007425,0.0007425,9.08e-05,9.08e-05,9.08e-05,122640,368
seed-31415__h-1__c-32__tol-0p03__vectorchain,31415,1,32,0.03,vectorchain,test,ok,,,357,5,15,16,3.2717086834733893,16.358543417366946,130.86834733893556,9.78082191780822,1.956164383561644,0.015067373340606068,0.01973493784795339,1.2874955615923167,False,True,True,False,0.951096,0.0007425,0.0007425,0.0007425,4.6e-05,4.6e-05,4.6e-05,122640,368
seed-31415__h-1__c-32__tol-0p1__vectorchain,31415,1,32,0.1,vectorchain,validation,ok,,,357,5,15,16,1.2100840336134453,6.050420168067227,48.403361344537814,26.444444444444446,5.288888888888889,0.012866111939264934,0.016092389226893128,0.9826534844287464,True,True,True,True,0.7595846,0.0004698,0.0004698,0.0004698,3.71e-05,3.71e-05,3.71e-05,122640,368
seed-31415__h-1__c-32__tol-0p1__vectorchain,31415,1,32,0.1,vectorchain,test,ok,,,357,5,15,16,1.2212885154061626,6.106442577030812,48.851540616246496,26.20183486238532,5.240366972477065,0.01141937542761387,0.014467927497411891,0.943878951221982,True,True,True,True,0.7595846,0.0004698,0.0004698,0.0004698,3.76e-05,3.76e-05,3.76e-05,122640,368
seed-31415__h-4__c-32__tol-na__raw,31415,4,32,,raw,validation,ok,,,357,1,3,4,32.0,32.0,256.0,1.0,1.0,0.02427393387717818,0.03505614299094726,1.0,,,,,0.0607595,0.0003504,0.0003504,0.0003504,3.43e-05,3.43e-05,3.43e-05,24360,80
seed-31415__h-4__c-32__tol-na__raw,31415,4,32,,raw,test,ok,,,364,1,3,4,32.0,32.0,256.0,1.0,1.0,0.027164601556516663,0.03945943222188889,1.0,,,,,0.0607595,0.0003504,0.0003504,0.0003504,2.98e-05,2.98e-05,2.98e-05,24360,80
seed-31415__h-4__c-32__tol-na__first_difference,31415,4,32,,first_difference,validation,ok,,,357,1,3,4,31.0,31.0,248.0,1.032258064516129,1.032258064516129,0.032875119117388725,0.05230000436019703,1.4918927154565391,,,,,0.0684043,0.0002228,0.0002228,0.0002228,2.76e-05,2.76e-05,2.76e-05,24360,80
seed-31415__h-4__c-32__tol-na__first_difference,31415,4,32,,first_difference,test,ok,,,364,1,3,4,31.0,31.0,248.0,1.032258064516129,1.032258064516129,0.03619856258588567,0.05808776109551499,1.4720881123903404,,,,,0.0684043,0.0002228,0.0002228,0.0002228,2.89e-05,2.89e-05,2.89e-05,24360,80
seed-31415__h-4__c-32__tol-0p01__vectorchain,31415,4,32,0.01,vectorchain,validation,ok,,,357,5,15,16,16.69467787114846,83.4733893557423,667.7871148459384,1.9167785234899328,0.3833557046979866,0.03059558095652376,0.04747792895687405,1.354339779168933,False,False,False,False,2.0894105,0.0007989,0.0007989,0.0007989,4.74e-05,4.74e-05,4.74e-05,121800,368
seed-31415__h-4__c-32__tol-0p01__vectorchain,31415,4,32,0.01,vectorchain,test,ok,,,364,5,15,16,17.065934065934066,85.32967032967034,682.6373626373627,1.8750804893754025,0.37501609787508045,0.0322111680804649,0.049787775997173246,1.2617458790893354,False,False,False,False,2.0894105,0.0007989,0.0007989,0.0007989,3.95e-05,3.95e-05,3.95e-05,121800,368
seed-31415__h-4__c-32__tol-0p03__vectorchain,31415,4,32,0.03,vectorchain,validation,ok,,,357,5,15,16,3.4061624649859943,17.030812324929972,136.24649859943978,9.394736842105264,1.8789473684210527,0.029462005550693924,0.04162420772890343,1.187358453542715,False,True,True,False,0.94268,0.0004242,0.0004242,0.0004242,4.08e-05,4.08e-05,4.08e-05,121800,368
seed-31415__h-4__c-32__tol-0p03__vectorchain,31415,4,32,0.03,vectorchain,test,ok,,,364,5,15,16,3.2857142857142856,16.428571428571427,131.42857142857142,9.73913043478261,1.9478260869565218,0.030887413249700804,0.04491164079986313,1.138172504543788,False,True,True,False,0.94268,0.0004242,0.0004242,0.0004242,3.84e-05,3.84e-05,3.84e-05,121800,368
seed-31415__h-4__c-32__tol-0p1__vectorchain,31415,4,32,0.1,vectorchain,validation,ok,,,357,5,15,16,1.2100840336134453,6.050420168067227,48.403361344537814,26.444444444444446,5.288888888888889,0.020664011711006416,0.028618326113365514,0.8163569540652484,True,True,True,True,0.8026374,0.0005134,0.0005134,0.0005134,4.01e-05,4.01e-05,4.01e-05,121800,368
seed-31415__h-4__c-32__tol-0p1__vectorchain,31415,4,32,0.1,vectorchain,test,ok,,,364,5,15,16,1.2225274725274726,6.112637362637362,48.9010989010989,26.1752808988764,5.235056179775281,0.019894576167300847,0.028623090831822955,0.7253801998687955,True,True,True,True,0.8026374,0.0005134,0.0005134,0.0005134,3.91e-05,3.91e-05,3.91e-05,121800,368
seed-31415__h-16__c-32__tol-na__raw,31415,16,32,,raw,validation,ok,,,357,1,3,4,32.0,32.0,256.0,1.0,1.0,0.10279550189232504,0.17904818809291334,1.0,,,,,0.0602615,0.0004168,0.0004168,0.0004168,4.86e-05,4.86e-05,4.86e-05,23856,80
seed-31415__h-16__c-32__tol-na__raw,31415,16,32,,raw,test,ok,,,364,1,3,4,32.0,32.0,256.0,1.0,1.0,0.116854536827524,0.20393689481290148,1.0,,,,,0.0602615,0.0004168,0.0004168,0.0004168,5.3e-05,5.3e-05,5.3e-05,23856,80
seed-31415__h-16__c-32__tol-na__first_difference,31415,16,32,,first_difference,validation,ok,,,357,1,3,4,31.0,31.0,248.0,1.032258064516129,1.032258064516129,0.13641610166428808,0.23878434568096443,1.3336317346984392,,,,,0.0774039,0.0002796,0.0002796,0.0002796,2.78e-05,2.78e-05,2.78e-05,23856,80
seed-31415__h-16__c-32__tol-na__first_difference,31415,16,32,,first_difference,test,ok,,,364,1,3,4,31.0,31.0,248.0,1.032258064516129,1.032258064516129,0.14890712363012493,0.2648043177413186,1.2984620462337573,,,,,0.0774039,0.0002796,0.0002796,0.0002796,2.89e-05,2.89e-05,2.89e-05,23856,80
seed-31415__h-16__c-32__tol-0p01__vectorchain,31415,16,32,0.01,vectorchain,validation,ok,,,357,5,15,16,16.593837535014007,82.96918767507003,663.7535014005603,1.9284267386900742,0.3856853477380148,0.13010748618985518,0.22559227914973756,1.2599528738747756,False,False,False,False,2.0705645,0.0003983,0.0003983,0.0003983,5.44e-05,5.44e-05,5.44e-05,119280,368
seed-31415__h-16__c-32__tol-0p01__vectorchain,31415,16,32,0.01,vectorchain,test,ok,,,364,5,15,16,17.041208791208792,85.20604395604396,681.6483516483516,1.8778010640012897,0.3755602128002579,0.13342172142142839,0.23892438192833812,1.171560360117944,False,False,False,False,2.0705645,0.0003983,0.0003983,0.0003983,3.81e-05,3.81e-05,3.81e-05,119280,368
seed-31415__h-16__c-32__tol-0p03__vectorchain,31415,16,32,0.03,vectorchain,validation,ok,,,357,5,15,16,3.2857142857142856,16.428571428571427,131.42857142857142,9.73913043478261,1.9478260869565218,0.11302788457604107,0.18383763531605812,1.0267494872422802,True,True,True,True,0.9385998,0.000515,0.000515,0.000515,4.62e-05,4.62e-05,4.62e-05,119280,368
seed-31415__h-16__c-32__tol-0p03__vectorchain,31415,16,32,0.03,vectorchain,test,ok,,,364,5,15,16,3.3543956043956045,16.771978021978022,134.17582417582418,9.539721539721539,1.907944307944308,0.11614645763169819,0.19364413499180455,0.9495296825493992,True,True,True,True,0.9385998,0.000515,0.000515,0.000515,4.48e-05,4.48e-05,4.48e-05,119280,368
seed-31415__h-16__c-32__tol-0p1__vectorchain,31415,16,32,0.1,vectorchain,validation,ok,,,357,5,15,16,1.2100840336134453,6.050420168067227,48.403361344537814,26.444444444444446,5.288888888888889,0.09124434947581339,0.16858329016912102,0.9415526175648212,True,True,True,True,0.7306252,0.0005134,0.0005134,0.0005134,4.5e-05,4.5e-05,4.5e-05,119280,368
seed-31415__h-16__c-32__tol-0p1__vectorchain,31415,16,32,0.1,vectorchain,test,ok,,,364,5,15,16,1.2225274725274726,6.112637362637362,48.9010989010989,26.1752808988764,5.235056179775281,0.08246606148364594,0.16275984707840646,0.798089267896953,True,True,True,True,0.7306252,0.0005134,0.0005134,0.0005134,4.6e-05,4.6e-05,4.6e-05,119280,368
seed-31415__h-1__c-64__tol-na__raw,31415,1,64,,raw,validation,ok,,,357,1,3,4,64.0,64.0,512.0,1.0,1.0,0.014905524111381477,0.01935007654134229,1.0,,,,,0.0592718,0.000352,0.000352,0.000352,3.11e-05,3.11e-05,3.11e-05,23184,80
seed-31415__h-1__c-64__tol-na__raw,31415,1,64,,raw,test,ok,,,357,1,3,4,64.0,64.0,512.0,1.0,1.0,0.014757242681103181,0.01919115887356014,1.0,,,,,0.0592718,0.000352,0.000352,0.000352,3.15e-05,3.15e-05,3.15e-05,23184,80
seed-31415__h-1__c-64__tol-na__first_difference,31415,1,64,,first_difference,validation,ok,,,357,1,3,4,63.0,63.0,504.0,1.0158730158730158,1.0158730158730158,0.01859723675281547,0.026995783345976035,1.3951254036798435,,,,,0.066595,0.0002662,0.0002662,0.0002662,3.71e-05,3.71e-05,3.71e-05,23184,80
seed-31415__h-1__c-64__tol-na__first_difference,31415,1,64,,first_difference,test,ok,,,357,1,3,4,63.0,63.0,504.0,1.0158730158730158,1.0158730158730158,0.019128051497454765,0.0278570580713848,1.451556847344105,,,,,0.066595,0.0002662,0.0002662,0.0002662,5.47e-05,5.47e-05,5.47e-05,23184,80
seed-31415__h-1__c-64__tol-0p01__vectorchain,31415,1,64,0.01,vectorchain,validation,ok,,,357,5,15,16,33.49299719887955,167.46498599439775,1339.719887955182,1.9108472024755374,0.3821694404951075,0.016931234102002573,0.02361853739543724,1.2205914196243717,False,False,False,False,4.2314744,0.0004051,0.0004051,0.0004051,3.64e-05,3.64e-05,3.64e-05,115920,368
seed-31415__h-1__c-64__tol-0p01__vectorchain,31415,1,64,0.01,vectorchain,test,ok,,,357,5,15,16,34.29131652661064,171.45658263305322,1371.6526610644257,1.8663617056036597,0.37327234112073193,0.016382311069243927,0.023301266814907517,1.2141667404468166,False,False,False,False,4.2314744,0.0004051,0.0004051,0.0004051,3.76e-05,3.76e-05,3.76e-05,115920,368
seed-31415__h-1__c-64__tol-0p03__vectorchain,31415,1,64,0.03,vectorchain,validation,ok,,,357,5,15,16,6.067226890756302,30.33613445378151,242.6890756302521,10.54847645429363,2.109695290858726,0.01601273842636122,0.021151651165950778,1.0931042634771673,True,True,True,True,1.6501646,0.0004141,0.0004141,0.0004141,4.05e-05,4.05e-05,4.05e-05,115920,368
seed-31415__h-1__c-64__tol-0p03__vectorchain,31415,1,64,0.03,vectorchain,test,ok,,,357,5,15,16,6.0588235294117645,30.294117647058822,242.35294117647058,10.563106796116505,2.112621359223301,0.015721919745959167,0.020907595965666628,1.0894389496442156,True,True,True,True,1.6501646,0.0004141,0.0004141,0.0004141,3.65e-05,3.65e-05,3.65e-05,115920,368
seed-31415__h-1__c-64__tol-0p1__vectorchain,31415,1,64,0.1,vectorchain,validation,ok,,,357,5,15,16,1.680672268907563,8.403361344537815,67.22689075630252,38.08,7.616,0.012290501428001218,0.015556982412287413,0.8039752390151653,True,True,True,True,1.2830406,0.0003904,0.0003904,0.0003904,3.96e-05,3.96e-05,3.96e-05,115920,368
seed-31415__h-1__c-64__tol-0p1__vectorchain,31415,1,64,0.1,vectorchain,test,ok,,,357,5,15,16,1.6638655462184875,8.319327731092438,66.5546218487395,38.464646464646464,7.692929292929293,0.011058929642732699,0.013793501816946633,0.7187425161671755,True,True,True,True,1.2830406,0.0003904,0.0003904,0.0003904,3.53e-05,3.53e-05,3.53e-05,115920,368
seed-31415__h-4__c-64__tol-na__raw,31415,4,64,,raw,validation,ok,,,357,1,3,4,64.0,64.0,512.0,1.0,1.0,0.034345866050583866,0.055754804717566706,1.0,,,,,0.0548705,0.0002355,0.0002355,0.0002355,2.63e-05,2.63e-05,2.63e-05,23016,80
seed-31415__h-4__c-64__tol-na__raw,31415,4,64,,raw,test,ok,,,364,1,3,4,64.0,64.0,512.0,1.0,1.0,0.038435747611486805,0.06256652873905928,1.0,,,,,0.0548705,0.0002355,0.0002355,0.0002355,2.77e-05,2.77e-05,2.77e-05,23016,80
seed-31415__h-4__c-64__tol-na__first_difference,31415,4,64,,first_difference,validation,ok,,,357,1,3,4,63.0,63.0,504.0,1.0158730158730158,1.0158730158730158,0.04634456972178642,0.0751317330923172,1.3475382699824145,,,,,0.0631742,0.0002223,0.0002223,0.0002223,2.69e-05,2.69e-05,2.69e-05,23016,80
seed-31415__h-4__c-64__tol-na__first_difference,31415,4,64,,first_difference,test,ok,,,364,1,3,4,63.0,63.0,504.0,1.0158730158730158,1.0158730158730158,0.049047568875155975,0.07994003747626172,1.277680559994955,,,,,0.0631742,0.0002223,0.0002223,0.0002223,2.8e-05,2.8e-05,2.8e-05,23016,80
seed-31415__h-4__c-64__tol-0p01__vectorchain,31415,4,64,0.01,vectorchain,validation,ok,,,357,5,15,16,33.42857142857143,167.14285714285714,1337.142857142857,1.9145299145299144,0.38290598290598293,0.035930877754099214,0.05373156603728771,0.9637118506552399,True,False,False,False,4.0145902,0.0004172,0.0004172,0.0004172,4.12e-05,4.12e-05,4.12e-05,115080,368
seed-31415__h-4__c-64__tol-0p01__vectorchain,31415,4,64,0.01,vectorchain,test,ok,,,364,5,15,16,34.34065934065934,171.7032967032967,1373.6263736263736,1.8636799999999998,0.372736,0.03722765631452071,0.05665241024583793,0.9054747224688323,True,False,False,False,4.0145902,0.0004172,0.0004172,0.0004172,3.64e-05,3.64e-05,3.64e-05,115080,368
seed-31415__h-4__c-64__tol-0p03__vectorchain,31415,4,64,0.03,vectorchain,validation,ok,,,357,5,15,16,6.033613445378151,30.168067226890756,241.34453781512605,10.607242339832869,2.121448467966574,0.030310570272187358,0.04346004802741885,0.7794852523934295,True,True,True,True,1.7118599,0.0004257,0.0004257,0.0004257,4.11e-05,4.11e-05,4.11e-05,115080,368
seed-31415__h-4__c-64__tol-0p03__vectorchain,31415,4,64,0.03,vectorchain,test,ok,,,364,5,15,16,6.076923076923077,30.384615384615383,243.07692307692307,10.531645569620254,2.1063291139240508,0.031247000481388218,0.04551188053500962,0.7274157836823906,True,True,True,True,1.7118599,0.0004257,0.0004257,0.0004257,4.19e-05,4.19e-05,4.19e-05,115080,368
seed-31415__h-4__c-64__tol-0p1__vectorchain,31415,4,64,0.1,vectorchain,validation,ok,,,357,5,15,16,1.680672268907563,8.403361344537815,67.22689075630252,38.08,7.616,0.018578951024382732,0.025073490549388927,0.44970995192973934,True,True,True,True,1.3624404,0.0004254,0.0004254,0.0004254,4.36e-05,4.36e-05,4.36e-05,115080,368
seed-31415__h-4__c-64__tol-0p1__vectorchain,31415,4,64,0.1,vectorchain,test,ok,,,364,5,15,16,1.664835164835165,8.324175824175825,66.5934065934066,38.44224422442244,7.688448844884488,0.01856653372695207,0.025052720955145075,0.4004173071456506,True,True,True,True,1.3624404,0.0004254,0.0004254,0.0004254,3.75e-05,3.75e-05,3.75e-05,115080,368
seed-31415__h-16__c-64__tol-na__raw,31415,16,64,,raw,validation,ok,,,357,1,3,4,64.0,64.0,512.0,1.0,1.0,0.14067853580182293,0.2608225989096394,1.0,,,,,0.0571467,0.0002507,0.0002507,0.0002507,2.73e-05,2.73e-05,2.73e-05,22512,80
seed-31415__h-16__c-64__tol-na__raw,31415,16,64,,raw,test,ok,,,364,1,3,4,64.0,64.0,512.0,1.0,1.0,0.15352420316733645,0.28134932511040894,1.0,,,,,0.0571467,0.0002507,0.0002507,0.0002507,2.93e-05,2.93e-05,2.93e-05,22512,80
seed-31415__h-16__c-64__tol-na__first_difference,31415,16,64,,first_difference,validation,ok,,,357,1,3,4,63.0,63.0,504.0,1.0158730158730158,1.0158730158730158,0.17745939516340384,0.3022705012482816,1.1589122357951873,,,,,0.0639808,0.0002411,0.0002411,0.0002411,2.7e-05,2.7e-05,2.7e-05,22512,80
seed-31415__h-16__c-64__tol-na__first_difference,31415,16,64,,first_difference,test,ok,,,364,1,3,4,63.0,63.0,504.0,1.0158730158730158,1.0158730158730158,0.18600323220295467,0.3182012121592423,1.1309826744186136,,,,,0.0639808,0.0002411,0.0002411,0.0002411,3.79e-05,3.79e-05,3.79e-05,22512,80
seed-31415__h-16__c-64__tol-0p01__vectorchain,31415,16,64,0.01,vectorchain,validation,ok,,,357,5,15,16,33.31652661064426,166.5826330532213,1332.6610644257703,1.920968555574239,0.38419371111484785,0.13230343600968134,0.20336580509824215,0.7797092964658985,True,False,False,False,4.0861355,0.0004113,0.0004113,0.0004113,4.34e-05,4.34e-05,4.34e-05,112560,368
seed-31415__h-16__c-64__tol-0p01__vectorchain,31415,16,64,0.01,vectorchain,test,ok,,,364,5,15,16,34.425824175824175,172.12912087912088,1377.032967032967,1.8590695076210997,0.37181390152421995,0.14408177109522086,0.23257130716085175,0.8266282745465432,True,False,False,False,4.0861355,0.0004113,0.0004113,0.0004113,4.74e-05,4.74e-05,4.74e-05,112560,368
seed-31415__h-16__c-64__tol-0p03__vectorchain,31415,16,64,0.03,vectorchain,validation,ok,,,357,5,15,16,5.946778711484594,29.73389355742297,237.87114845938376,10.762129062647197,2.1524258125294393,0.10696505846115618,0.16688197048633358,0.6398294134939931,True,True,True,True,1.6392824,0.0004077,0.0004077,0.0004077,4.35e-05,4.35e-05,4.35e-05,112560,368
seed-31415__h-16__c-64__tol-0p03__vectorchain,31415,16,64,0.03,vectorchain,test,ok,,,364,5,15,16,6.115384615384615,30.576923076923077,244.6153846153846,10.465408805031448,2.0930817610062893,0.11692197710864768,0.1838402878138158,0.65342359624169,True,True,True,True,1.6392824,0.0004077,0.0004077,0.0004077,3.79e-05,3.79e-05,3.79e-05,112560,368
seed-31415__h-16__c-64__tol-0p1__vectorchain,31415,16,64,0.1,vectorchain,validation,ok,,,357,5,15,16,1.6778711484593838,8.38935574229692,67.11484593837535,38.143572621035055,7.628714524207012,0.06947248845935826,0.13102093513062976,0.5023373575693159,True,True,True,True,1.3815452,0.0004374,0.0004374,0.0004374,4.58e-05,4.58e-05,4.58e-05,112560,368
seed-31415__h-16__c-64__tol-0p1__vectorchain,31415,16,64,0.1,vectorchain,test,ok,,,364,5,15,16,1.6593406593406594,8.296703296703297,66.37362637362638,38.56953642384106,7.7139072847682115,0.08151203109438061,0.14822693882403112,0.5268430580590977,True,True,True,True,1.3815452,0.0004374,0.0004374,0.0004374,3.96e-05,3.96e-05,3.96e-05,112560,368
seed-31415__h-1__c-128__tol-na__raw,31415,1,128,,raw,validation,ok,,,357,1,3,4,128.0,128.0,1024.0,1.0,1.0,0.017315109134517004,0.02310810038000919,1.0,,,,,0.05648,0.0003066,0.0003066,0.0003066,3.12e-05,3.12e-05,3.12e-05,20496,80
seed-31415__h-1__c-128__tol-na__raw,31415,1,128,,raw,test,ok,,,357,1,3,4,128.0,128.0,1024.0,1.0,1.0,0.017011045577827514,0.022690235192185753,1.0,,,,,0.05648,0.0003066,0.0003066,0.0003066,6.07e-05,6.07e-05,6.07e-05,20496,80
seed-31415__h-1__c-128__tol-na__first_difference,31415,1,128,,first_difference,validation,ok,,,357,1,3,4,127.0,127.0,1016.0,1.0078740157480315,1.0078740157480315,0.01832547824715123,0.025099143678640537,1.0861621364754759,,,,,0.0647108,0.0002338,0.0002338,0.0002338,2.82e-05,2.82e-05,2.82e-05,20496,80
seed-31415__h-1__c-128__tol-na__first_difference,31415,1,128,,first_difference,test,ok,,,357,1,3,4,127.0,127.0,1016.0,1.0078740157480315,1.0078740157480315,0.018134118527041637,0.024073298174686477,1.0609541051816438,,,,,0.0647108,0.0002338,0.0002338,0.0002338,2.93e-05,2.93e-05,2.93e-05,20496,80
seed-31415__h-1__c-128__tol-0p01__vectorchain,31415,1,128,0.01,vectorchain,validation,ok,,,357,5,15,16,67.04481792717087,335.22408963585434,2681.7927170868347,1.9091706705661167,0.3818341341132233,0.016003837990820915,0.021299849485663592,0.9217481807414202,True,False,False,False,8.621365,0.0003956,0.0003956,0.0003956,4.42e-05,4.42e-05,4.42e-05,102480,368
seed-31415__h-1__c-128__tol-0p01__vectorchain,31415,1,128,0.01,vectorchain,test,ok,,,357,5,15,16,69.13725490196079,345.6862745098039,2765.4901960784314,1.8513896766874645,0.3702779353374929,0.01561338284596745,0.02162141221982848,0.9528950245202675,True,False,False,False,8.621365,0.0003956,0.0003956,0.0003956,3.81e-05,3.81e-05,3.81e-05,102480,368
seed-31415__h-1__c-128__tol-0p03__vectorchain,31415,1,128,0.03,vectorchain,validation,ok,,,357,5,15,16,11.30812324929972,56.5406162464986,452.3249299719888,11.319296507307406,2.263859301461481,0.014715075793203847,0.01868560372610518,0.808617039861489,True,True,True,True,2.9345444,0.0003925,0.0003925,0.0003925,4.06e-05,4.06e-05,4.06e-05,102480,368
seed-31415__h-1__c-128__tol-0p03__vectorchain,31415,1,128,0.03,vectorchain,test,ok,,,357,5,15,16,11.736694677871148,58.68347338935574,469.4677871148459,10.905966587112173,2.1811933174224345,0.014320364498216158,0.01806694369392539,0.7962431213647108,True,True,True,True,2.9345444,0.0003925,0.0003925,0.0003925,3.74e-05,3.74e-05,3.74e-05,102480,368
seed-31415__h-1__c-128__tol-0p1__vectorchain,31415,1,128,0.1,vectorchain,validation,ok,,,357,5,15,16,2.6442577030812324,13.221288515406162,105.7703081232493,48.40677966101695,9.68135593220339,0.012513106880847736,0.01585883330693249,0.68628892233184,True,True,True,True,2.4925969,0.0003842,0.0003842,0.0003842,4.07e-05,4.07e-05,4.07e-05,102480,368
seed-31415__h-1__c-128__tol-0p1__vectorchain,31415,1,128,0.1,vectorchain,test,ok,,,357,5,15,16,2.5938375350140057,12.969187675070028,103.75350140056022,49.347732181425485,9.869546436285097,0.012406001901591492,0.015548767153650086,0.6852624938416194,True,True,True,True,2.4925969,0.0003842,0.0003842,0.0003842,3.6e-05,3.6e-05,3.6e-05,102480,368
seed-31415__h-4__c-128__tol-na__raw,31415,4,128,,raw,validation,ok,,,357,1,3,4,128.0,128.0,1024.0,1.0,1.0,0.0445882236563173,0.07378359867919666,1.0,,,,,0.0599478,0.0002266,0.0002266,0.0002266,2.73e-05,2.73e-05,2.73e-05,20328,80
seed-31415__h-4__c-128__tol-na__raw,31415,4,128,,raw,test,ok,,,364,1,3,4,128.0,128.0,1024.0,1.0,1.0,0.047290390605101124,0.07751448676320012,1.0,,,,,0.0599478,0.0002266,0.0002266,0.0002266,2.8e-05,2.8e-05,2.8e-05,20328,80
seed-31415__h-4__c-128__tol-na__first_difference,31415,4,128,,first_difference,validation,ok,,,357,1,3,4,127.0,127.0,1016.0,1.0078740157480315,1.0078740157480315,0.04569228937151931,0.06751529070143478,0.9150446970604426,,,,,0.0602374,0.0002318,0.0002318,0.0002318,2.84e-05,2.84e-05,2.84e-05,20328,80
seed-31415__h-4__c-128__tol-na__first_difference,31415,4,128,,first_difference,test,ok,,,364,1,3,4,127.0,127.0,1016.0,1.0078740157480315,1.0078740157480315,0.045964408645370165,0.06680851104698116,0.8618841952869433,,,,,0.0602374,0.0002318,0.0002318,0.0002318,3.08e-05,3.08e-05,3.08e-05,20328,80
seed-31415__h-4__c-128__tol-0p01__vectorchain,31415,4,128,0.01,vectorchain,validation,ok,,,357,5,15,16,67.01120448179272,335.0560224089636,2680.448179271709,1.910128328386908,0.3820256656773816,0.03349628266652407,0.047178367824284875,0.639415380502264,True,False,False,False,8.2392368,0.0003832,0.0003832,0.0003832,3.63e-05,3.63e-05,3.63e-05,101640,368
seed-31415__h-4__c-128__tol-0p01__vectorchain,31415,4,128,0.01,vectorchain,test,ok,,,364,5,15,16,69.17857142857143,345.89285714285717,2767.1428571428573,1.8502839442436758,0.3700567888487351,0.03385183247857312,0.0499375031448948,0.6442344551341666,True,False,False,False,8.2392368,0.0003832,0.0003832,0.0003832,3.73e-05,3.73e-05,3.73e-05,101640,368
seed-31415__h-4__c-128__tol-0p03__vectorchain,31415,4,128,0.03,vectorchain,validation,ok,,,357,5,15,16,11.268907563025211,56.34453781512605,450.7563025210084,11.358687546607008,2.271737509321402,0.028848007494009377,0.04095792622395885,0.5551088176389933,True,True,True,True,2.9311949,0.0003998,0.0003998,0.0003998,5.13e-05,5.13e-05,5.13e-05,101640,368
seed-31415__h-4__c-128__tol-0p03__vectorchain,31415,4,128,0.03,vectorchain,test,ok,,,364,5,15,16,11.75,58.75,470.0,10.893617021276595,2.178723404255319,0.031884246262285316,0.04531955444934715,0.5846591565237911,True,True,True,True,2.9311949,0.0003998,0.0003998,0.0003998,3.7e-05,3.7e-05,3.7e-05,101640,368
seed-31415__h-4__c-128__tol-0p1__vectorchain,31415,4,128,0.1,vectorchain,validation,ok,,,357,5,15,16,2.641456582633053,13.207282913165265,105.65826330532212,48.45811240721103,9.691622481442206,0.021710328066803043,0.03314629208988719,0.4492365875782745,True,True,True,True,2.5079756,0.0003921,0.0003921,0.0003921,4.1e-05,4.1e-05,4.1e-05,101640,368
seed-31415__h-4__c-128__tol-0p1__vectorchain,31415,4,128,0.1,vectorchain,test,ok,,,364,5,15,16,2.5961538461538463,12.98076923076923,103.84615384615384,49.303703703703704,9.860740740740741,0.024838285026105217,0.037271476067254145,0.48083239177104015,True,True,True,True,2.5079756,0.0003921,0.0003921,0.0003921,3.7e-05,3.7e-05,3.7e-05,101640,368
seed-31415__h-16__c-128__tol-na__raw,31415,16,128,,raw,validation,ok,,,357,1,3,4,128.0,128.0,1024.0,1.0,1.0,0.17091175933170122,0.2991364303136863,1.0,,,,,0.0531956,0.0002582,0.0002582,0.0002582,2.76e-05,2.76e-05,2.76e-05,19824,80
seed-31415__h-16__c-128__tol-na__raw,31415,16,128,,raw,test,ok,,,364,1,3,4,128.0,128.0,1024.0,1.0,1.0,0.17968968696669194,0.30558854654472434,1.0,,,,,0.0531956,0.0002582,0.0002582,0.0002582,2.86e-05,2.86e-05,2.86e-05,19824,80
seed-31415__h-16__c-128__tol-na__first_difference,31415,16,128,,first_difference,validation,ok,,,357,1,3,4,127.0,127.0,1016.0,1.0078740157480315,1.0078740157480315,0.167742682985354,0.2600635091239394,0.8693809338141345,,,,,0.0585853,0.0002042,0.0002042,0.0002042,2.72e-05,2.72e-05,2.72e-05,19824,80
seed-31415__h-16__c-128__tol-na__first_difference,31415,16,128,,first_difference,test,ok,,,364,1,3,4,127.0,127.0,1016.0,1.0078740157480315,1.0078740157480315,0.16128124121666032,0.24606676523973806,0.8052224732307662,,,,,0.0585853,0.0002042,0.0002042,0.0002042,2.82e-05,2.82e-05,2.82e-05,19824,80
seed-31415__h-16__c-128__tol-0p01__vectorchain,31415,16,128,0.01,vectorchain,validation,ok,,,357,5,15,16,67.0280112044818,335.14005602240894,2681.1204481792715,1.9096493794140998,0.38192987588282,0.12278689863087483,0.1802792968678053,0.6026658026197521,True,False,False,False,8.3432931,0.0003653,0.0003653,0.0003653,3.67e-05,3.67e-05,3.67e-05,99120,368
seed-31415__h-16__c-128__tol-0p01__vectorchain,31415,16,128,0.01,vectorchain,test,ok,,,364,5,15,16,69.18681318681318,345.9340659340659,2767.4725274725274,1.8500635324015249,0.370012706480305,0.12645497985449894,0.1963252936705497,0.6424497772916911,True,False,False,False,8.3432931,0.0003653,0.0003653,0.0003653,3.71e-05,3.71e-05,3.71e-05,99120,368
seed-31415__h-16__c-128__tol-0p03__vectorchain,31415,16,128,0.03,vectorchain,validation,ok,,,357,5,15,16,11.176470588235293,55.88235294117647,447.05882352941177,11.452631578947368,2.2905263157894735,0.11068521916822052,0.18069385383004724,0.6040516484086024,True,True,True,True,3.0273277,0.0004598,0.0004598,0.0004598,5.23e-05,5.23e-05,5.23e-05,99120,368
seed-31415__h-16__c-128__tol-0p03__vectorchain,31415,16,128,0.03,vectorchain,test,ok,,,364,5,15,16,11.846153846153847,59.23076923076923,473.84615384615387,10.805194805194805,2.161038961038961,0.12539449771684302,0.201700225709059,0.6600385648928082,True,True,True,True,3.0273277,0.0004598,0.0004598,0.0004598,4.24e-05,4.24e-05,4.24e-05,99120,368
seed-31415__h-16__c-128__tol-0p1__vectorchain,31415,16,128,0.1,vectorchain,validation,ok,,,357,5,15,16,2.630252100840336,13.15126050420168,105.21008403361344,48.66453674121406,9.732907348242811,0.09871156513564353,0.18394520364383854,0.6149207685969452,True,True,True,True,2.5084571,0.0003939,0.0003939,0.0003939,4.17e-05,4.17e-05,4.17e-05,99120,368
seed-31415__h-16__c-128__tol-0p1__vectorchain,31415,16,128,0.1,vectorchain,test,ok,,,364,5,15,16,2.5961538461538463,12.98076923076923,103.84615384615384,49.303703703703704,9.860740740740741,0.1269031751512994,0.23985525647287986,0.7848960937342457,True,True,True,True,2.5084571,0.0003939,0.0003939,0.0003939,3.77e-05,3.77e-05,3.77e-05,99120,368
seed-104729__h-1__c-32__tol-na__raw,104729,1,32,,raw,validation,ok,,,357,1,3,4,32.0,32.0,256.0,1.0,1.0,0.011798661380078476,0.014625625438226791,1.0,,,,,0.0598516,0.0002505,0.0002505,0.0002505,2.74e-05,2.74e-05,2.74e-05,24528,80
seed-104729__h-1__c-32__tol-na__raw,104729,1,32,,raw,test,ok,,,357,1,3,4,32.0,32.0,256.0,1.0,1.0,0.012471475790279487,0.016090501905939573,1.0,,,,,0.0598516,0.0002505,0.0002505,0.0002505,2.82e-05,2.82e-05,2.82e-05,24528,80
seed-104729__h-1__c-32__tol-na__first_difference,104729,1,32,,first_difference,validation,ok,,,357,1,3,4,31.0,31.0,248.0,1.032258064516129,1.032258064516129,0.013680999796256555,0.018056401662605293,1.2345729581869047,,,,,0.0664915,0.0002382,0.0002382,0.0002382,2.82e-05,2.82e-05,2.82e-05,24528,80
seed-104729__h-1__c-32__tol-na__first_difference,104729,1,32,,first_difference,test,ok,,,357,1,3,4,31.0,31.0,248.0,1.032258064516129,1.032258064516129,0.015245587599188808,0.020640464298125834,1.2827731800278217,,,,,0.0664915,0.0002382,0.0002382,0.0002382,2.92e-05,2.92e-05,2.92e-05,24528,80
seed-104729__h-1__c-32__tol-0p01__vectorchain,104729,1,32,0.01,vectorchain,validation,ok,,,357,5,15,16,16.988795518207283,84.94397759103641,679.5518207282913,1.8835943940643034,0.3767188788128607,0.014000915848468501,0.01906713418427326,1.3036799188387362,False,False,False,False,1.9659754,0.000413,0.000413,0.000413,3.56e-05,3.56e-05,3.56e-05,122640,368
seed-104729__h-1__c-32__tol-0p01__vectorchain,104729,1,32,0.01,vectorchain,test,ok,,,357,5,15,16,17.03641456582633,85.18207282913166,681.4565826330532,1.8783294968760276,0.3756658993752055,0.015312352270549652,0.021069350282197707,1.3094277857436047,False,False,False,False,1.9659754,0.000413,0.000413,0.000413,3.55e-05,3.55e-05,3.55e-05,122640,368
seed-104729__h-1__c-32__tol-0p03__vectorchain,104729,1,32,0.03,vectorchain,validation,ok,,,357,5,15,16,3.1316526610644257,15.658263305322128,125.26610644257703,10.21824686940966,2.043649373881932,0.014309148180619102,0.01910569926559489,1.3063167347126634,False,True,True,False,0.8754235,0.0003856,0.0003856,0.0003856,3.62e-05,3.62e-05,3.62e-05,122640,368
seed-104729__h-1__c-32__tol-0p03__vectorchain,104729,1,32,0.03,vectorchain,test,ok,,,357,5,15,16,3.330532212885154,16.65266106442577,133.22128851540617,9.6080740117746,1.92161480235492,0.015811867760993147,0.02088426098752233,1.2979247701287187,False,True,True,False,0.8754235,0.0003856,0.0003856,0.0003856,3.69e-05,3.69e-05,3.69e-05,122640,368
seed-104729__h-1__c-32__tol-0p1__vectorchain,104729,1,32,0.1,vectorchain,validation,ok,,,357,5,15,16,1.2100840336134453,6.050420168067227,48.403361344537814,26.444444444444446,5.288888888888889,0.014585985816057407,0.019153407389457935,1.3095786891545127,False,True,True,False,0.7199476,0.00042,0.00042,0.00042,3.6e-05,3.6e-05,3.6e-05,122640,368
seed-104729__h-1__c-32__tol-0p1__vectorchain,104729,1,32,0.1,vectorchain,test,ok,,,357,5,15,16,1.2212885154061626,6.106442577030812,48.851540616246496,26.20183486238532,5.240366972477065,0.01490290251651043,0.020186610690805684,1.2545668748439782,False,True,True,False,0.7199476,0.00042,0.00042,0.00042,3.65e-05,3.65e-05,3.65e-05,122640,368
seed-104729__h-4__c-32__tol-na__raw,104729,4,32,,raw,validation,ok,,,357,1,3,4,32.0,32.0,256.0,1.0,1.0,0.02429790156396089,0.03524808021139431,1.0,,,,,0.0579083,0.0002361,0.0002361,0.0002361,2.7e-05,2.7e-05,2.7e-05,24360,80
seed-104729__h-4__c-32__tol-na__raw,104729,4,32,,raw,test,ok,,,364,1,3,4,32.0,32.0,256.0,1.0,1.0,0.026450552523535936,0.03919337246111951,1.0,,,,,0.0579083,0.0002361,0.0002361,0.0002361,2.84e-05,2.84e-05,2.84e-05,24360,80
seed-104729__h-4__c-32__tol-na__first_difference,104729,4,32,,first_difference,validation,ok,,,357,1,3,4,31.0,31.0,248.0,1.032258064516129,1.032258064516129,0.03279551750804668,0.05210197574868698,1.4781507371809848,,,,,0.0647884,0.0002188,0.0002188,0.0002188,2.67e-05,2.67e-05,2.67e-05,24360,80
seed-104729__h-4__c-32__tol-na__first_difference,104729,4,32,,first_difference,test,ok,,,364,1,3,4,31.0,31.0,248.0,1.032258064516129,1.032258064516129,0.03523659628968238,0.05682765222854551,1.449930145330553,,,,,0.0647884,0.0002188,0.0002188,0.0002188,2.87e-05,2.87e-05,2.87e-05,24360,80
seed-104729__h-4__c-32__tol-0p01__vectorchain,104729,4,32,0.01,vectorchain,validation,ok,,,357,5,15,16,17.030812324929972,85.15406162464986,681.2324929971988,1.8789473684210527,0.37578947368421056,0.0315156530421727,0.0509360530974754,1.4450731158121282,False,False,False,False,1.9864683,0.000417,0.000417,0.000417,5.32e-05,5.32e-05,5.32e-05,121800,368
seed-104729__h-4__c-32__tol-0p01__vectorchain,104729,4,32,0.01,vectorchain,test,ok,,,364,5,15,16,17.032967032967033,85.16483516483517,681.3186813186813,1.8787096774193548,0.37574193548387097,0.03235760960553631,0.05272713811827593,1.3453075050018253,False,False,False,False,1.9864683,0.000417,0.000417,0.000417,3.71e-05,3.71e-05,3.71e-05,121800,368
seed-104729__h-4__c-32__tol-0p03__vectorchain,104729,4,32,0.03,vectorchain,validation,ok,,,357,5,15,16,3.145658263305322,15.72829131652661,125.82633053221288,10.172751558325913,2.034550311665183,0.03254462786717574,0.050094043586706855,1.4211850201848277,False,True,True,False,0.8846588,0.0004265,0.0004265,0.0004265,3.57e-05,3.57e-05,3.57e-05,121800,368
seed-104729__h-4__c-32__tol-0p03__vectorchain,104729,4,32,0.03,vectorchain,test,ok,,,364,5,15,16,3.3131868131868134,16.565934065934066,132.52747252747253,9.65837479270315,1.9316749585406303,0.03238449712160676,0.05004495486783949,1.276872892667885,False,True,True,False,0.8846588,0.0004265,0.0004265,0.0004265,3.67e-05,3.67e-05,3.67e-05,121800,368
seed-104729__h-4__c-32__tol-0p1__vectorchain,104729,4,32,0.1,vectorchain,validation,ok,,,357,5,15,16,1.2100840336134453,6.050420168067227,48.403361344537814,26.444444444444446,5.288888888888889,0.03006469879112744,0.05366337572999123,1.5224481846430882,False,True,True,False,0.7486804,0.0004292,0.0004292,0.0004292,5.4e-05,5.4e-05,5.4e-05,121800,368
seed-104729__h-4__c-32__tol-0p1__vectorchain,104729,4,32,0.1,vectorchain,test,ok,,,364,5,15,16,1.2225274725274726,6.112637362637362,48.9010989010989,26.1752808988764,5.235056179775281,0.028409663337180133,0.05290028778075483,1.349725335150294,False,True,True,False,0.7486804,0.0004292,0.0004292,0.0004292,3.87e-05,3.87e-05,3.87e-05,121800,368
seed-104729__h-16__c-32__tol-na__raw,104729,16,32,,raw,validation,ok,,,357,1,3,4,32.0,32.0,256.0,1.0,1.0,0.10157149576743064,0.17766659061450465,1.0,,,,,0.0593544,0.0002431,0.0002431,0.0002431,3.21e-05,3.21e-05,3.21e-05,23856,80
seed-104729__h-16__c-32__tol-na__raw,104729,16,32,,raw,test,ok,,,364,1,3,4,32.0,32.0,256.0,1.0,1.0,0.11586817050658374,0.20300661511911278,1.0,,,,,0.0593544,0.0002431,0.0002431,0.0002431,2.93e-05,2.93e-05,2.93e-05,23856,80
seed-104729__h-16__c-32__tol-na__first_difference,104729,16,32,,first_difference,validation,ok,,,357,1,3,4,31.0,31.0,248.0,1.032258064516129,1.032258064516129,0.1352115812301308,0.234607486873131,1.3204929866762338,,,,,0.067793,0.0002263,0.0002263,0.0002263,3.16e-05,3.16e-05,3.16e-05,23856,80
seed-104729__h-16__c-32__tol-na__first_difference,104729,16,32,,first_difference,test,ok,,,364,1,3,4,31.0,31.0,248.0,1.032258064516129,1.032258064516129,0.14710361737746627,0.2578336110735737,1.2700749230378112,,,,,0.067793,0.0002263,0.0002263,0.0002263,2.89e-05,2.89e-05,2.89e-05,23856,80
seed-104729__h-16__c-32__tol-0p01__vectorchain,104729,16,32,0.01,vectorchain,validation,ok,,,357,5,15,16,17.142857142857142,85.71428571428571,685.7142857142857,1.8666666666666667,0.37333333333333335,0.1299856350530172,0.23007585051537469,1.2949865797480518,False,False,False,False,2.0989257,0.0004223,0.0004223,0.0004223,3.72e-05,3.72e-05,3.72e-05,119280,368
seed-104729__h-16__c-32__tol-0p01__vectorchain,104729,16,32,0.01,vectorchain,test,ok,,,364,5,15,16,16.958791208791208,84.79395604395604,678.3516483516484,1.8869269398995627,0.3773853879799125,0.13083305565808911,0.23185709493655368,1.1421159591302632,False,False,False,False,2.0989257,0.0004223,0.0004223,0.0004223,3.79e-05,3.79e-05,3.79e-05,119280,368
seed-104729__h-16__c-32__tol-0p03__vectorchain,104729,16,32,0.03,vectorchain,validation,ok,,,357,5,15,16,3.2016806722689077,16.008403361344538,128.0672268907563,9.994750656167978,1.9989501312335958,0.1281458770824558,0.21662746374490702,1.2192920627094062,False,True,True,False,0.883812,0.0004202,0.0004202,0.0004202,3.86e-05,3.86e-05,3.86e-05,119280,368
seed-104729__h-16__c-32__tol-0p03__vectorchain,104729,16,32,0.03,vectorchain,test,ok,,,364,5,15,16,3.2362637362637363,16.181318681318682,129.45054945054946,9.887945670628183,1.9775891341256366,0.12400844916377644,0.21264552289821806,1.047480757084934,True,True,True,True,0.883812,0.0004202,0.0004202,0.0004202,3.79e-05,3.79e-05,3.79e-05,119280,368
seed-104729__h-16__c-32__tol-0p1__vectorchain,104729,16,32,0.1,vectorchain,validation,ok,,,357,5,15,16,1.2100840336134453,6.050420168067227,48.403361344537814,26.444444444444446,5.288888888888889,0.12451314327094203,0.25434494482990255,1.431585668133702,False,True,True,False,0.7484487,0.0004445,0.0004445,0.0004445,4.35e-05,4.35e-05,4.35e-05,119280,368
seed-104729__h-16__c-32__tol-0p1__vectorchain,104729,16,32,0.1,vectorchain,test,ok,,,364,5,15,16,1.2225274725274726,6.112637362637362,48.9010989010989,26.1752808988764,5.235056179775281,0.1133991500194572,0.24662587021430224,1.214866176009073,False,True,True,False,0.7484487,0.0004445,0.0004445,0.0004445,3.99e-05,3.99e-05,3.99e-05,119280,368
seed-104729__h-1__c-64__tol-na__raw,104729,1,64,,raw,validation,ok,,,357,1,3,4,64.0,64.0,512.0,1.0,1.0,0.01365009129758009,0.01723395039058299,1.0,,,,,0.0591437,0.0002466,0.0002466,0.0002466,3.16e-05,3.16e-05,3.16e-05,23184,80
seed-104729__h-1__c-64__tol-na__raw,104729,1,64,,raw,test,ok,,,357,1,3,4,64.0,64.0,512.0,1.0,1.0,0.014952750019627804,0.019731275983390667,1.0,,,,,0.0591437,0.0002466,0.0002466,0.0002466,2.86e-05,2.86e-05,2.86e-05,23184,80
seed-104729__h-1__c-64__tol-na__first_difference,104729,1,64,,first_difference,validation,ok,,,357,1,3,4,63.0,63.0,504.0,1.0158730158730158,1.0158730158730158,0.017559130461792572,0.024683168041954237,1.4322408665770363,,,,,0.0665591,0.0002197,0.0002197,0.0002197,2.76e-05,2.76e-05,2.76e-05,23184,80
seed-104729__h-1__c-64__tol-na__first_difference,104729,1,64,,first_difference,test,ok,,,357,1,3,4,63.0,63.0,504.0,1.0158730158730158,1.0158730158730158,0.019198575692075587,0.027317142438451302,1.3844589909667395,,,,,0.0665591,0.0002197,0.0002197,0.0002197,2.88e-05,2.88e-05,2.88e-05,23184,80
seed-104729__h-1__c-64__tol-0p01__vectorchain,104729,1,64,0.01,vectorchain,validation,ok,,,357,5,15,16,34.568627450980394,172.84313725490196,1382.7450980392157,1.8513896766874645,0.3702779353374929,0.01631344641215696,0.023253571976644096,1.3492885525161056,False,False,False,False,4.1088955,0.0004009,0.0004009,0.0004009,6.02e-05,6.02e-05,6.02e-05,115920,368
seed-104729__h-1__c-64__tol-0p01__vectorchain,104729,1,64,0.01,vectorchain,test,ok,,,357,5,15,16,34.022408963585434,170.11204481792717,1360.8963585434174,1.881113123662111,0.3762226247324222,0.01682161663895086,0.02439187214837105,1.2362034857200095,False,False,False,False,4.1088955,0.0004009,0.0004009,0.0004009,3.8e-05,3.8e-05,3.8e-05,115920,368
seed-104729__h-1__c-64__tol-0p03__vectorchain,104729,1,64,0.03,vectorchain,validation,ok,,,357,5,15,16,5.935574229691877,29.677871148459385,237.42296918767508,10.782444549315715,2.156488909863143,0.0160994909242336,0.021585791565918052,1.2525155914173343,False,True,True,False,1.6230103,0.0004119,0.0004119,0.0004119,5.36e-05,5.36e-05,5.36e-05,115920,368
seed-104729__h-1__c-64__tol-0p03__vectorchain,104729,1,64,0.03,vectorchain,test,ok,,,357,5,15,16,6.072829131652661,30.364145658263304,242.91316526610643,10.538745387453876,2.107749077490775,0.01665746167021081,0.022704446531815355,1.1506831363023575,False,True,True,False,1.6230103,0.0004119,0.0004119,0.0004119,3.66e-05,3.66e-05,3.66e-05,115920,368
seed-104729__h-1__c-64__tol-0p1__vectorchain,104729,1,64,0.1,vectorchain,validation,ok,,,357,5,15,16,1.6750700280112045,8.375350140056023,67.00280112044818,38.20735785953177,7.641471571906354,0.01271650264245207,0.01645122097329093,0.9545821242632936,True,True,True,True,1.3683454,0.0004099,0.0004099,0.0004099,5.52e-05,5.52e-05,5.52e-05,115920,368
seed-104729__h-1__c-64__tol-0p1__vectorchain,104729,1,64,0.1,vectorchain,test,ok,,,357,5,15,16,1.6666666666666667,8.333333333333334,66.66666666666667,38.4,7.68,0.012202208822734633,0.016012880879719377,0.8115481681569225,True,True,True,True,1.3683454,0.0004099,0.0004099,0.0004099,3.74e-05,3.74e-05,3.74e-05,115920,368
seed-104729__h-4__c-64__tol-na__raw,104729,4,64,,raw,validation,ok,,,357,1,3,4,64.0,64.0,512.0,1.0,1.0,0.034660083866973036,0.05593098488542862,1.0,,,,,0.0597997,0.0003469,0.0003469,0.0003469,2.96e-05,2.96e-05,2.96e-05,23016,80
seed-104729__h-4__c-64__tol-na__raw,104729,4,64,,raw,test,ok,,,364,1,3,4,64.0,64.0,512.0,1.0,1.0,0.03782266725211768,0.06246709637547718,1.0,,,,,0.0597997,0.0003469,0.0003469,0.0003469,3.16e-05,3.16e-05,3.16e-05,23016,80
seed-104729__h-4__c-64__tol-na__first_difference,104729,4,64,,first_difference,validation,ok,,,357,1,3,4,63.0,63.0,504.0,1.0158730158730158,1.0158730158730158,0.045631697106469644,0.07423204127731874,1.3272078335358972,,,,,0.0658996,0.0002204,0.0002204,0.0002204,2.67e-05,2.67e-05,2.67e-05,23016,80
seed-104729__h-4__c-64__tol-na__first_difference,104729,4,64,,first_difference,test,ok,,,364,1,3,4,63.0,63.0,504.0,1.0158730158730158,1.0158730158730158,0.04813318665717925,0.07877463217552219,1.261058008875964,,,,,0.0658996,0.0002204,0.0002204,0.0002204,2.84e-05,2.84e-05,2.84e-05,23016,80
seed-104729__h-4__c-64__tol-0p01__vectorchain,104729,4,64,0.01,vectorchain,validation,ok,,,357,5,15,16,34.675070028011206,173.375350140056,1387.002801120448,1.8457064383229662,0.36914128766459325,0.03932066868012794,0.06417864981111111,1.1474614642058842,False,False,False,False,4.147051,0.0004176,0.0004176,0.0004176,4.09e-05,4.09e-05,4.09e-05,115080,368
seed-104729__h-4__c-64__tol-0p01__vectorchain,104729,4,64,0.01,vectorchain,test,ok,,,364,5,15,16,33.98626373626374,169.9313186813187,1359.4505494505495,1.8831137337321153,0.3766227467464231,0.038369664662920334,0.06364677585318745,1.0188848137044735,True,False,False,False,4.147051,0.0004176,0.0004176,0.0004176,4e-05,4e-05,4e-05,115080,368
seed-104729__h-4__c-64__tol-0p03__vectorchain,104729,4,64,0.03,vectorchain,validation,ok,,,357,5,15,16,5.966386554621849,29.831932773109244,238.65546218487395,10.726760563380282,2.1453521126760564,0.036263772245255003,0.056513591972458276,1.0104165354538828,True,True,True,True,1.6626483,0.00043,0.00043,0.00043,4.17e-05,4.17e-05,4.17e-05,115080,368
seed-104729__h-4__c-64__tol-0p03__vectorchain,104729,4,64,0.03,vectorchain,test,ok,,,364,5,15,16,6.054945054945055,30.274725274725274,242.1978021978022,10.569872958257713,2.1139745916515427,0.03488001993839619,0.055340840158291243,0.8859198421141358,True,True,True,True,1.6626483,0.00043,0.00043,0.00043,3.8e-05,3.8e-05,3.8e-05,115080,368
seed-104729__h-4__c-64__tol-0p1__vectorchain,104729,4,64,0.1,vectorchain,validation,ok,,,357,5,15,16,1.6750700280112045,8.375350140056023,67.00280112044818,38.20735785953177,7.641471571906354,0.021512104900960876,0.03439142300710397,0.6148903524147269,True,True,True,True,1.3746944,0.0004051,0.0004051,0.0004051,4.14e-05,4.14e-05,4.14e-05,115080,368
seed-104729__h-4__c-64__tol-0p1__vectorchain,104729,4,64,0.1,vectorchain,test,ok,,,364,5,15,16,1.6675824175824177,8.337912087912088,66.7032967032967,38.378912685337724,7.675782537067546,0.019879763213862606,0.02952680234753557,0.47267768250433617,True,True,True,True,1.3746944,0.0004051,0.0004051,0.0004051,3.65e-05,3.65e-05,3.65e-05,115080,368
seed-104729__h-16__c-64__tol-na__raw,104729,16,64,,raw,validation,ok,,,357,1,3,4,64.0,64.0,512.0,1.0,1.0,0.1402394688187947,0.25961368181998107,1.0,,,,,0.0577619,0.0002714,0.0002714,0.0002714,4.39e-05,4.39e-05,4.39e-05,22512,80
seed-104729__h-16__c-64__tol-na__raw,104729,16,64,,raw,test,ok,,,364,1,3,4,64.0,64.0,512.0,1.0,1.0,0.15319744975279484,0.28071755115641045,1.0,,,,,0.0577619,0.0002714,0.0002714,0.0002714,3.07e-05,3.07e-05,3.07e-05,22512,80
seed-104729__h-16__c-64__tol-na__first_difference,104729,16,64,,first_difference,validation,ok,,,357,1,3,4,63.0,63.0,504.0,1.0158730158730158,1.0158730158730158,0.17382852182338154,0.2944211660148961,1.1340741518355373,,,,,0.0639939,0.0002219,0.0002219,0.0002219,2.66e-05,2.66e-05,2.66e-05,22512,80
seed-104729__h-16__c-64__tol-na__first_difference,104729,16,64,,first_difference,test,ok,,,364,1,3,4,63.0,63.0,504.0,1.0158730158730158,1.0158730158730158,0.18224159269081652,0.3105397290371065,1.1062355301898446,,,,,0.0639939,0.0002219,0.0002219,0.0002219,2.83e-05,2.83e-05,2.83e-05,22512,80
seed-104729__h-16__c-64__tol-0p01__vectorchain,104729,16,64,0.01,vectorchain,validation,ok,,,357,5,15,16,34.89355742296919,174.46778711484595,1395.7422969187676,1.8341494741912179,0.3668298948382435,0.1445357645689504,0.23969454763992237,0.9232739428815202,True,False,False,False,4.0484452,0.0003962,0.0003962,0.0003962,4.11e-05,4.11e-05,4.11e-05,112560,368
seed-104729__h-16__c-64__tol-0p01__vectorchain,104729,16,64,0.01,vectorchain,test,ok,,,364,5,15,16,33.82967032967033,169.14835164835165,1353.1868131868132,1.8918304369010883,0.37836608738021765,0.1489265122388708,0.2518176978598369,0.8970500662408845,True,False,False,False,4.0484452,0.0003962,0.0003962,0.0003962,3.68e-05,3.68e-05,3.68e-05,112560,368
seed-104729__h-16__c-64__tol-0p03__vectorchain,104729,16,64,0.03,vectorchain,validation,ok,,,357,5,15,16,6.002801120448179,30.014005602240896,240.11204481792717,10.66168922071862,2.132337844143724,0.1279018287865089,0.20345062452994903,0.7836668048605538,True,True,True,True,1.608949,0.0004022,0.0004022,0.0004022,4.01e-05,4.01e-05,4.01e-05,112560,368
seed-104729__h-16__c-64__tol-0p03__vectorchain,104729,16,64,0.03,vectorchain,test,ok,,,364,5,15,16,6.0576923076923075,30.28846153846154,242.30769230769232,10.565079365079365,2.113015873015873,0.1312969845446236,0.21867720105845526,0.7789936901259604,True,True,True,True,1.608949,0.0004022,0.0004022,0.0004022,4.55e-05,4.55e-05,4.55e-05,112560,368
seed-104729__h-16__c-64__tol-0p1__vectorchain,104729,16,64,0.1,vectorchain,validation,ok,,,357,5,15,16,1.6666666666666667,8.333333333333334,66.66666666666667,38.4,7.68,0.09191312248145274,0.20101981803367133,0.7743036369441447,True,True,True,True,1.3461892,0.0004439,0.0004439,0.0004439,3.71e-05,3.71e-05,3.71e-05,112560,368
seed-104729__h-16__c-64__tol-0p1__vectorchain,104729,16,64,0.1,vectorchain,test,ok,,,364,5,15,16,1.6675824175824177,8.337912087912088,66.7032967032967,38.378912685337724,7.675782537067546,0.09599946187007398,0.18675521070519516,0.6652779989561063,True,True,True,True,1.3461892,0.0004439,0.0004439,0.0004439,3.82e-05,3.82e-05,3.82e-05,112560,368
seed-104729__h-1__c-128__tol-na__raw,104729,1,128,,raw,validation,ok,,,357,1,3,4,128.0,128.0,1024.0,1.0,1.0,0.016459798042037906,0.021375882734737763,1.0,,,,,0.055706,0.0002434,0.0002434,0.0002434,3.42e-05,3.42e-05,3.42e-05,20496,80
seed-104729__h-1__c-128__tol-na__raw,104729,1,128,,raw,test,ok,,,357,1,3,4,128.0,128.0,1024.0,1.0,1.0,0.017415340174427075,0.023496071747173494,1.0,,,,,0.055706,0.0002434,0.0002434,0.0002434,2.91e-05,2.91e-05,2.91e-05,20496,80
seed-104729__h-1__c-128__tol-na__first_difference,104729,1,128,,first_difference,validation,ok,,,357,1,3,4,127.0,127.0,1016.0,1.0078740157480315,1.0078740157480315,0.018255962477434814,0.023879733583002893,1.1171343836105605,,,,,0.0619165,0.0002113,0.0002113,0.0002113,2.74e-05,2.74e-05,2.74e-05,20496,80
seed-104729__h-1__c-128__tol-na__first_difference,104729,1,128,,first_difference,test,ok,,,357,1,3,4,127.0,127.0,1016.0,1.0078740157480315,1.0078740157480315,0.01848984387319726,0.02497337785584151,1.0628745998294686,,,,,0.0619165,0.0002113,0.0002113,0.0002113,2.83e-05,2.83e-05,2.83e-05,20496,80
seed-104729__h-1__c-128__tol-0p01__vectorchain,104729,1,128,0.01,vectorchain,validation,ok,,,357,5,15,16,69.84873949579831,349.2436974789916,2793.9495798319326,1.8325312800769973,0.36650625601539943,0.017436562308401883,0.023120047747209917,1.0815949934847708,True,False,False,False,8.4904469,0.0003704,0.0003704,0.0003704,4.26e-05,4.26e-05,4.26e-05,102480,368
seed-104729__h-1__c-128__tol-0p01__vectorchain,104729,1,128,0.01,vectorchain,test,ok,,,357,5,15,16,67.50980392156863,337.54901960784315,2700.392156862745,1.8960209119953528,0.37920418239907056,0.017736159709863464,0.023790075467734394,1.0125128882701964,True,False,False,False,8.4904469,0.0003704,0.0003704,0.0003704,3.68e-05,3.68e-05,3.68e-05,102480,368
seed-104729__h-1__c-128__tol-0p03__vectorchain,104729,1,128,0.03,vectorchain,validation,ok,,,357,5,15,16,11.196078431372548,55.98039215686274,447.84313725490193,11.432574430823118,2.2865148861646234,0.015867700122586495,0.02058597912139329,0.9630469710586124,True,True,True,True,2.9086,0.0004251,0.0004251,0.0004251,5.1e-05,5.1e-05,5.1e-05,102480,368
seed-104729__h-1__c-128__tol-0p03__vectorchain,104729,1,128,0.03,vectorchain,test,ok,,,357,5,15,16,11.801120448179272,59.00560224089636,472.04481792717087,10.846427723712319,2.169285544742464,0.016594409088847354,0.022203144705419765,0.9449726296520496,True,True,True,True,2.9086,0.0004251,0.0004251,0.0004251,4.7e-05,4.7e-05,4.7e-05,102480,368
seed-104729__h-1__c-128__tol-0p1__vectorchain,104729,1,128,0.1,vectorchain,validation,ok,,,357,5,15,16,2.6218487394957983,13.109243697478991,104.87394957983193,48.82051282051282,9.764102564102565,0.012202528766720832,0.015049196463198668,0.7040269003133306,True,True,True,True,2.5594165,0.0004136,0.0004136,0.0004136,4.09e-05,4.09e-05,4.09e-05,102480,368
seed-104729__h-1__c-128__tol-0p1__vectorchain,104729,1,128,0.1,vectorchain,test,ok,,,357,5,15,16,2.6022408963585435,13.011204481792717,104.08963585434174,49.18837459634015,9.83767491926803,0.012489180699753397,0.016299916673690778,0.6937294390774751,True,True,True,True,2.5594165,0.0004136,0.0004136,0.0004136,3.56e-05,3.56e-05,3.56e-05,102480,368
seed-104729__h-4__c-128__tol-na__raw,104729,4,128,,raw,validation,ok,,,357,1,3,4,128.0,128.0,1024.0,1.0,1.0,0.04468741178346794,0.07378284517394984,1.0,,,,,0.0537719,0.000239,0.000239,0.000239,3.3e-05,3.3e-05,3.3e-05,20328,80
seed-104729__h-4__c-128__tol-na__raw,104729,4,128,,raw,test,ok,,,364,1,3,4,128.0,128.0,1024.0,1.0,1.0,0.04682920582197804,0.07750896413382904,1.0,,,,,0.0537719,0.000239,0.000239,0.000239,2.83e-05,2.83e-05,2.83e-05,20328,80
seed-104729__h-4__c-128__tol-na__first_difference,104729,4,128,,first_difference,validation,ok,,,357,1,3,4,127.0,127.0,1016.0,1.0078740157480315,1.0078740157480315,0.045071126222570985,0.06703325020004686,0.9085208091665455,,,,,0.0610149,0.0002202,0.0002202,0.0002202,2.73e-05,2.73e-05,2.73e-05,20328,80
seed-104729__h-4__c-128__tol-na__first_difference,104729,4,128,,first_difference,test,ok,,,364,1,3,4,127.0,127.0,1016.0,1.0078740157480315,1.0078740157480315,0.04481115793301812,0.06657358625267894,0.8589146687308478,,,,,0.0610149,0.0002202,0.0002202,0.0002202,2.85e-05,2.85e-05,2.85e-05,20328,80
seed-104729__h-4__c-128__tol-0p01__vectorchain,104729,4,128,0.01,vectorchain,validation,ok,,,357,5,15,16,69.9187675070028,349.593837535014,2796.750700280112,1.8306958855815072,0.3661391771163014,0.038816199911601186,0.06022647106572854,0.8162665850542778,True,False,False,False,8.17183,0.0003765,0.0003765,0.0003765,3.62e-05,3.62e-05,3.62e-05,101640,368
seed-104729__h-4__c-128__tol-0p01__vectorchain,104729,4,128,0.01,vectorchain,test,ok,,,364,5,15,16,67.48076923076923,337.40384615384613,2699.230769230769,1.8968367056141353,0.37936734112282705,0.03947289647255523,0.06000992582918598,0.7742320710875615,True,False,False,False,8.17183,0.0003765,0.0003765,0.0003765,3.77e-05,3.77e-05,3.77e-05,101640,368
seed-104729__h-4__c-128__tol-0p03__vectorchain,104729,4,128,0.03,vectorchain,validation,ok,,,357,5,15,16,11.18767507002801,55.938375350140056,447.50700280112045,11.441161742613922,2.2882323485227842,0.03515771418446306,0.05345126995006994,0.7244403468591332,True,True,True,True,2.8489225,0.0003753,0.0003753,0.0003753,3.83e-05,3.83e-05,3.83e-05,101640,368
seed-104729__h-4__c-128__tol-0p03__vectorchain,104729,4,128,0.03,vectorchain,test,ok,,,364,5,15,16,11.791208791208792,58.956043956043956,471.64835164835165,10.855545200372786,2.1711090400745574,0.03429553426812225,0.05346383223273184,0.6897761159653709,True,True,True,True,2.8489225,0.0003753,0.0003753,0.0003753,4.59e-05,4.59e-05,4.59e-05,101640,368
seed-104729__h-4__c-128__tol-0p1__vectorchain,104729,4,128,0.1,vectorchain,validation,ok,,,357,5,15,16,2.6218487394957983,13.109243697478991,104.87394957983193,48.82051282051282,9.764102564102565,0.02262206106775175,0.03479138484619092,0.4715375879605487,True,True,True,True,2.476355,0.0003908,0.0003908,0.0003908,4.21e-05,4.21e-05,4.21e-05,101640,368
seed-104729__h-4__c-128__tol-0p1__vectorchain,104729,4,128,0.1,vectorchain,test,ok,,,364,5,15,16,2.6043956043956045,13.021978021978022,104.17582417582418,49.14767932489451,9.829535864978903,0.025804774157043384,0.040713193647886656,0.5252707748434126,True,True,True,True,2.476355,0.0003908,0.0003908,0.0003908,3.67e-05,3.67e-05,3.67e-05,101640,368
seed-104729__h-16__c-128__tol-na__raw,104729,16,128,,raw,validation,ok,,,357,1,3,4,128.0,128.0,1024.0,1.0,1.0,0.1702603346954598,0.29804339821464515,1.0,,,,,0.0527962,0.0002766,0.0002766,0.0002766,2.79e-05,2.79e-05,2.79e-05,19824,80
seed-104729__h-16__c-128__tol-na__raw,104729,16,128,,raw,test,ok,,,364,1,3,4,128.0,128.0,1024.0,1.0,1.0,0.1794003420897166,0.3052819641550858,1.0,,,,,0.0527962,0.0002766,0.0002766,0.0002766,2.9e-05,2.9e-05,2.9e-05,19824,80
seed-104729__h-16__c-128__tol-na__first_difference,104729,16,128,,first_difference,validation,ok,,,357,1,3,4,127.0,127.0,1016.0,1.0078740157480315,1.0078740157480315,0.16266773526755643,0.25331020022096534,0.8499104551161244,,,,,0.0588103,0.0002022,0.0002022,0.0002022,2.66e-05,2.66e-05,2.66e-05,19824,80
seed-104729__h-16__c-128__tol-na__first_difference,104729,16,128,,first_difference,test,ok,,,364,1,3,4,127.0,127.0,1016.0,1.0078740157480315,1.0078740157480315,0.15756882107979267,0.24326769573725232,0.7968623250002096,,,,,0.0588103,0.0002022,0.0002022,0.0002022,2.79e-05,2.79e-05,2.79e-05,19824,80
seed-104729__h-16__c-128__tol-0p01__vectorchain,104729,16,128,0.01,vectorchain,validation,ok,,,357,5,15,16,70.04761904761905,350.23809523809524,2801.904761904762,1.8273283480625424,0.3654656696125085,0.13419160333251448,0.21681244575976852,0.7274526027368147,True,False,False,False,7.9868722,0.0003638,0.0003638,0.0003638,3.61e-05,3.61e-05,3.61e-05,99120,368
seed-104729__h-16__c-128__tol-0p01__vectorchain,104729,16,128,0.01,vectorchain,test,ok,,,364,5,15,16,67.4065934065934,337.032967032967,2696.263736263736,1.8989240299967396,0.37978480599934794,0.14359519238769144,0.21888638040080918,0.7169974191125588,True,False,False,False,7.9868722,0.0003638,0.0003638,0.0003638,3.67e-05,3.67e-05,3.67e-05,99120,368
seed-104729__h-16__c-128__tol-0p03__vectorchain,104729,16,128,0.03,vectorchain,validation,ok,,,357,5,15,16,11.123249299719888,55.61624649859944,444.9299719887955,11.507428859229414,2.3014857718458828,0.12449876582865348,0.20908070809646084,0.7015109522603313,True,True,True,True,2.837215,0.0003897,0.0003897,0.0003897,3.55e-05,3.55e-05,3.55e-05,99120,368
seed-104729__h-16__c-128__tol-0p03__vectorchain,104729,16,128,0.03,vectorchain,test,ok,,,364,5,15,16,11.793956043956044,58.96978021978022,471.75824175824175,10.85301653855113,2.170603307710226,0.12386558512194104,0.21128160843505356,0.6920867697500817,True,True,True,True,2.837215,0.0003897,0.0003897,0.0003897,4.28e-05,4.28e-05,4.28e-05,99120,368
seed-104729__h-16__c-128__tol-0p1__vectorchain,104729,16,128,0.1,vectorchain,validation,ok,,,357,5,15,16,2.607843137254902,13.03921568627451,104.31372549019608,49.08270676691729,9.816541353383458,0.09366751219998237,0.178038886808742,0.5973589345553019,True,True,True,True,2.4481722,0.0003963,0.0003963,0.0003963,3.61e-05,3.61e-05,3.61e-05,99120,368
seed-104729__h-16__c-128__tol-0p1__vectorchain,104729,16,128,0.1,vectorchain,test,ok,,,364,5,15,16,2.60989010989011,13.04945054945055,104.3956043956044,49.04421052631579,9.808842105263158,0.12225131446445299,0.23373590755453336,0.7656394251833153,True,True,True,True,2.4481722,0.0003963,0.0003963,0.0003963,3.81e-05,3.81e-05,3.81e-05,99120,368
seed-8675309__h-1__c-32__tol-na__raw,8675309,1,32,,raw,validation,ok,,,357,1,3,4,32.0,32.0,256.0,1.0,1.0,0.013066402590687925,0.016336567181238135,1.0,,,,,0.0583237,0.0002524,0.0002524,0.0002524,3.11e-05,3.11e-05,3.11e-05,24528,80
seed-8675309__h-1__c-32__tol-na__raw,8675309,1,32,,raw,test,ok,,,357,1,3,4,32.0,32.0,256.0,1.0,1.0,0.013718733570580247,0.017239470287381264,1.0,,,,,0.0583237,0.0002524,0.0002524,0.0002524,2.78e-05,2.78e-05,2.78e-05,24528,80
seed-8675309__h-1__c-32__tol-na__first_difference,8675309,1,32,,first_difference,validation,ok,,,357,1,3,4,31.0,31.0,248.0,1.032258064516129,1.032258064516129,0.014746360507623806,0.019667308290078143,1.203882558183045,,,,,0.0654382,0.0002295,0.0002295,0.0002295,2.72e-05,2.72e-05,2.72e-05,24528,80
seed-8675309__h-1__c-32__tol-na__first_difference,8675309,1,32,,first_difference,test,ok,,,357,1,3,4,31.0,31.0,248.0,1.032258064516129,1.032258064516129,0.016143416338431794,0.02136857206028467,1.2395144226633097,,,,,0.0654382,0.0002295,0.0002295,0.0002295,2.84e-05,2.84e-05,2.84e-05,24528,80
seed-8675309__h-1__c-32__tol-0p01__vectorchain,8675309,1,32,0.01,vectorchain,validation,ok,,,357,5,15,16,16.92717086834734,84.63585434173669,677.0868347338935,1.890451762369684,0.3780903524739368,0.014996514944522827,0.020982739224184574,1.284403203647482,False,False,False,False,2.0168641,0.0004877,0.0004877,0.0004877,4e-05,4e-05,4e-05,122640,368
seed-8675309__h-1__c-32__tol-0p01__vectorchain,8675309,1,32,0.01,vectorchain,test,ok,,,357,5,15,16,17.00280112044818,85.0140056022409,680.1120448179272,1.8820428336079078,0.3764085667215815,0.01605855201884442,0.02214239581337069,1.2844011703525606,False,False,False,False,2.0168641,0.0004877,0.0004877,0.0004877,4.13e-05,4.13e-05,4.13e-05,122640,368
seed-8675309__h-1__c-32__tol-0p03__vectorchain,8675309,1,32,0.03,vectorchain,validation,ok,,,357,5,15,16,3.557422969187675,17.787114845938376,142.296918767507,8.99527559055118,1.799055118110236,0.015865795578822634,0.021836896073824025,1.3366881690360743,False,True,True,False,1.0127682,0.0005315,0.0005315,0.0005315,4.75e-05,4.75e-05,4.75e-05,122640,368
seed-8675309__h-1__c-32__tol-0p03__vectorchain,8675309,1,32,0.03,vectorchain,test,ok,,,357,5,15,16,3.61624649859944,18.0812324929972,144.6498599439776,8.848954298993029,1.7697908597986058,0.017393500052619512,0.02353269816245694,1.3650476360449495,False,True,True,False,1.0127682,0.0005315,0.0005315,0.0005315,4.96e-05,4.96e-05,4.96e-05,122640,368
seed-8675309__h-1__c-32__tol-0p1__vectorchain,8675309,1,32,0.1,vectorchain,validation,ok,,,357,5,15,16,1.2128851540616246,6.064425770308123,48.515406162464984,26.38337182448037,5.276674364896074,0.013873010252385487,0.01758197558498244,1.076234400405405,True,True,True,True,0.889954,0.0004439,0.0004439,0.0004439,5.03e-05,5.03e-05,5.03e-05,122640,368
seed-8675309__h-1__c-32__tol-0p1__vectorchain,8675309,1,32,0.1,vectorchain,test,ok,,,357,5,15,16,1.226890756302521,6.1344537815126055,49.075630252100844,26.082191780821915,5.2164383561643834,0.012777664423803087,0.01598259670281319,0.9270932596178396,True,True,True,True,0.889954,0.0004439,0.0004439,0.0004439,3.84e-05,3.84e-05,3.84e-05,122640,368
seed-8675309__h-4__c-32__tol-na__raw,8675309,4,32,,raw,validation,ok,,,357,1,3,4,32.0,32.0,256.0,1.0,1.0,0.025246860827103944,0.03579838820182322,1.0,,,,,0.0717644,0.000458,0.000458,0.000458,7.95e-05,7.95e-05,7.95e-05,24360,80
seed-8675309__h-4__c-32__tol-na__raw,8675309,4,32,,raw,test,ok,,,364,1,3,4,32.0,32.0,256.0,1.0,1.0,0.02790261042712429,0.04025233615088091,1.0,,,,,0.0717644,0.000458,0.000458,0.000458,9.09e-05,9.09e-05,9.09e-05,24360,80
seed-8675309__h-4__c-32__tol-na__first_difference,8675309,4,32,,first_difference,validation,ok,,,357,1,3,4,31.0,31.0,248.0,1.032258064516129,1.032258064516129,0.033144845604242135,0.05126895368689104,1.4321581574524607,,,,,0.0928695,0.0002394,0.0002394,0.0002394,2.78e-05,2.78e-05,2.78e-05,24360,80
seed-8675309__h-4__c-32__tol-na__first_difference,8675309,4,32,,first_difference,test,ok,,,364,1,3,4,31.0,31.0,248.0,1.032258064516129,1.032258064516129,0.03630952141980095,0.05669066289899796,1.4083819305915566,,,,,0.0928695,0.0002394,0.0002394,0.0002394,3.07e-05,3.07e-05,3.07e-05,24360,80
seed-8675309__h-4__c-32__tol-0p01__vectorchain,8675309,4,32,0.01,vectorchain,validation,ok,,,357,5,15,16,16.92436974789916,84.6218487394958,676.9747899159664,1.890764647467726,0.3781529294935452,0.03092599601957956,0.04925304153252414,1.3758452267416799,False,False,False,False,2.1449525,0.0004281,0.0004281,0.0004281,3.71e-05,3.71e-05,3.71e-05,121800,368
seed-8675309__h-4__c-32__tol-0p01__vectorchain,8675309,4,32,0.01,vectorchain,test,ok,,,364,5,15,16,16.97252747252747,84.86263736263736,678.9010989010989,1.8853998057623829,0.37707996115247655,0.03310748983421718,0.0517610657973006,1.2859145765671995,False,False,False,False,2.1449525,0.0004281,0.0004281,0.0004281,3.7e-05,3.7e-05,3.7e-05,121800,368
seed-8675309__h-4__c-32__tol-0p03__vectorchain,8675309,4,32,0.03,vectorchain,validation,ok,,,357,5,15,16,3.549019607843137,17.745098039215687,141.9607843137255,9.01657458563536,1.8033149171270717,0.03218815615835978,0.049998995561948936,1.3966828696327305,False,True,True,False,0.9440954,0.0005113,0.0005113,0.0005113,4.54e-05,4.54e-05,4.54e-05,121800,368
seed-8675309__h-4__c-32__tol-0p03__vectorchain,8675309,4,32,0.03,vectorchain,test,ok,,,364,5,15,16,3.607142857142857,18.035714285714285,144.28571428571428,8.87128712871287,1.7742574257425743,0.03388534214054039,0.05245955520031824,1.3032673433830044,False,True,True,False,0.9440954,0.0005113,0.0005113,0.0005113,4.64e-05,4.64e-05,4.64e-05,121800,368
seed-8675309__h-4__c-32__tol-0p1__vectorchain,8675309,4,32,0.1,vectorchain,validation,ok,,,357,5,15,16,1.2128851540616246,6.064425770308123,48.515406162464984,26.38337182448037,5.276674364896074,0.02379510751536225,0.03631306879478533,1.0143772001705904,True,True,True,True,0.9307533,0.000876,0.000876,0.000876,0.0002517,0.0002517,0.0002517,121800,368
seed-8675309__h-4__c-32__tol-0p1__vectorchain,8675309,4,32,0.1,vectorchain,test,ok,,,364,5,15,16,1.228021978021978,6.1401098901098905,49.120879120879124,26.058165548098433,5.211633109619687,0.02236370991939536,0.034061747572332796,0.8462054834446513,True,True,True,True,0.9307533,0.000876,0.000876,0.000876,9.05e-05,9.05e-05,9.05e-05,121800,368
seed-8675309__h-16__c-32__tol-na__raw,8675309,16,32,,raw,validation,ok,,,357,1,3,4,32.0,32.0,256.0,1.0,1.0,0.10203193954070024,0.1788801104592664,1.0,,,,,0.0817482,0.000286,0.000286,0.000286,3.23e-05,3.23e-05,3.23e-05,23856,80
seed-8675309__h-16__c-32__tol-na__raw,8675309,16,32,,raw,test,ok,,,364,1,3,4,32.0,32.0,256.0,1.0,1.0,0.11654824382041126,0.20459283347257906,1.0,,,,,0.0817482,0.000286,0.000286,0.000286,5.38e-05,5.38e-05,5.38e-05,23856,80
seed-8675309__h-16__c-32__tol-na__first_difference,8675309,16,32,,first_difference,validation,ok,,,357,1,3,4,31.0,31.0,248.0,1.032258064516129,1.032258064516129,0.13644952981468828,0.2340959623511985,1.3086751889305521,,,,,0.0751679,0.0002306,0.0002306,0.0002306,2.85e-05,2.85e-05,2.85e-05,23856,80
seed-8675309__h-16__c-32__tol-na__first_difference,8675309,16,32,,first_difference,test,ok,,,364,1,3,4,31.0,31.0,248.0,1.032258064516129,1.032258064516129,0.1494576928607826,0.26124689610677265,1.2769112762778505,,,,,0.0751679,0.0002306,0.0002306,0.0002306,3.12e-05,3.12e-05,3.12e-05,23856,80
seed-8675309__h-16__c-32__tol-0p01__vectorchain,8675309,16,32,0.01,vectorchain,validation,ok,,,357,5,15,16,16.92436974789916,84.6218487394958,676.9747899159664,1.890764647467726,0.3781529294935452,0.1310781487522311,0.23224004917292906,1.2983000098594721,False,False,False,False,2.1091924,0.0004378,0.0004378,0.0004378,4.06e-05,4.06e-05,4.06e-05,119280,368
seed-8675309__h-16__c-32__tol-0p01__vectorchain,8675309,16,32,0.01,vectorchain,test,ok,,,364,5,15,16,16.857142857142858,84.28571428571429,674.2857142857143,1.8983050847457628,0.3796610169491525,0.1315590370513674,0.23150314980799944,1.131531079943849,False,False,False,False,2.1091924,0.0004378,0.0004378,0.0004378,3.79e-05,3.79e-05,3.79e-05,119280,368
seed-8675309__h-16__c-32__tol-0p03__vectorchain,8675309,16,32,0.03,vectorchain,validation,ok,,,357,5,15,16,3.5714285714285716,17.857142857142858,142.85714285714286,8.959999999999999,1.792,0.1244066981551316,0.2163157353389594,1.209277737941791,False,True,True,False,0.9377438,0.0004264,0.0004264,0.0004264,3.74e-05,3.74e-05,3.74e-05,119280,368
seed-8675309__h-16__c-32__tol-0p03__vectorchain,8675309,16,32,0.03,vectorchain,test,ok,,,364,5,15,16,3.568681318681319,17.843406593406595,142.74725274725276,8.966897613548884,1.7933795227097766,0.12251959509532874,0.21265563675932372,1.0394090210780784,True,True,True,True,0.9377438,0.0004264,0.0004264,0.0004264,7.17e-05,7.17e-05,7.17e-05,119280,368
seed-8675309__h-16__c-32__tol-0p1__vectorchain,8675309,16,32,0.1,vectorchain,validation,ok,,,357,5,15,16,1.2128851540616246,6.064425770308123,48.515406162464984,26.38337182448037,5.276674364896074,0.08846565638849002,0.16142769722320743,0.9024351383099513,True,True,True,True,0.7526884,0.00047,0.00047,0.00047,3.78e-05,3.78e-05,3.78e-05,119280,368
seed-8675309__h-16__c-32__tol-0p1__vectorchain,8675309,16,32,0.1,vectorchain,test,ok,,,364,5,15,16,1.228021978021978,6.1401098901098905,49.120879120879124,26.058165548098433,5.211633109619687,0.08197249886779198,0.15546035486646384,0.759852396722878,True,True,True,True,0.7526884,0.00047,0.00047,0.00047,3.96e-05,3.96e-05,3.96e-05,119280,368
seed-8675309__h-1__c-64__tol-na__raw,8675309,1,64,,raw,validation,ok,,,357,1,3,4,64.0,64.0,512.0,1.0,1.0,0.015017741359511803,0.019436235588762535,1.0,,,,,0.0582846,0.000244,0.000244,0.000244,3.64e-05,3.64e-05,3.64e-05,23184,80
seed-8675309__h-1__c-64__tol-na__raw,8675309,1,64,,raw,test,ok,,,357,1,3,4,64.0,64.0,512.0,1.0,1.0,0.01634866081532492,0.02124681592187863,1.0,,,,,0.0582846,0.000244,0.000244,0.000244,4.25e-05,4.25e-05,4.25e-05,23184,80
seed-8675309__h-1__c-64__tol-na__first_difference,8675309,1,64,,first_difference,validation,ok,,,357,1,3,4,63.0,63.0,504.0,1.0158730158730158,1.0158730158730158,0.018687032788719547,0.026343107103082537,1.3553605574895045,,,,,0.0681545,0.0002271,0.0002271,0.0002271,3.37e-05,3.37e-05,3.37e-05,23184,80
seed-8675309__h-1__c-64__tol-na__first_difference,8675309,1,64,,first_difference,test,ok,,,357,1,3,4,63.0,63.0,504.0,1.0158730158730158,1.0158730158730158,0.019931689006945846,0.028210169399834364,1.327736330166315,,,,,0.0681545,0.0002271,0.0002271,0.0002271,4.91e-05,4.91e-05,4.91e-05,23184,80
seed-8675309__h-1__c-64__tol-0p01__vectorchain,8675309,1,64,0.01,vectorchain,validation,ok,,,357,5,15,16,33.97478991596638,169.87394957983193,1358.9915966386554,1.883749690823646,0.3767499381647292,0.017345842357991158,0.025529416286081696,1.3134959272073272,False,False,False,False,4.2133126,0.0004328,0.0004328,0.0004328,4.45e-05,4.45e-05,4.45e-05,115920,368
seed-8675309__h-1__c-64__tol-0p01__vectorchain,8675309,1,64,0.01,vectorchain,test,ok,,,357,5,15,16,33.929971988795515,169.6498599439776,1357.1988795518207,1.8862379261949973,0.3772475852389994,0.017766598060114484,0.025595461175907566,1.2046727975626208,False,False,False,False,4.2133126,0.0004328,0.0004328,0.0004328,3.83e-05,3.83e-05,3.83e-05,115920,368
seed-8675309__h-1__c-64__tol-0p03__vectorchain,8675309,1,64,0.03,vectorchain,validation,ok,,,357,5,15,16,6.675070028011205,33.37535014005602,267.00280112044817,9.587914393621485,1.9175828787242972,0.01647653913857361,0.02321700663292176,1.1945217749030144,False,True,True,False,1.7361249,0.0004368,0.0004368,0.0004368,4.7e-05,4.7e-05,4.7e-05,115920,368
seed-8675309__h-1__c-64__tol-0p03__vectorchain,8675309,1,64,0.03,vectorchain,test,ok,,,357,5,15,16,6.57422969187675,32.871148459383754,262.96918767507003,9.734980826587133,1.9469961653174264,0.018000393640327007,0.0247568153883821,1.165201199060095,False,True,True,False,1.7361249,0.0004368,0.0004368,0.0004368,5.18e-05,5.18e-05,5.18e-05,115920,368
seed-8675309__h-1__c-64__tol-0p1__vectorchain,8675309,1,64,0.1,vectorchain,validation,ok,,,357,5,15,16,1.680672268907563,8.403361344537815,67.22689075630252,38.08,7.616,0.013845226308286135,0.017638840623408487,0.9075235038623812,True,True,True,True,1.460494,0.0004215,0.0004215,0.0004215,3.67e-05,3.67e-05,3.67e-05,115920,368
seed-8675309__h-1__c-64__tol-0p1__vectorchain,8675309,1,64,0.1,vectorchain,test,ok,,,357,5,15,16,1.69187675070028,8.4593837535014,67.6750700280112,37.82781456953642,7.565562913907285,0.013792606047725248,0.017516470380740036,0.8244280199511062,True,True,True,True,1.460494,0.0004215,0.0004215,0.0004215,3.74e-05,3.74e-05,3.74e-05,115920,368
seed-8675309__h-4__c-64__tol-na__raw,8675309,4,64,,raw,validation,ok,,,357,1,3,4,64.0,64.0,512.0,1.0,1.0,0.0350515648704368,0.056305300124103966,1.0,,,,,0.0590936,0.0002909,0.0002909,0.0002909,3.71e-05,3.71e-05,3.71e-05,23016,80
seed-8675309__h-4__c-64__tol-na__raw,8675309,4,64,,raw,test,ok,,,364,1,3,4,64.0,64.0,512.0,1.0,1.0,0.03939123012392417,0.06320878020887422,1.0,,,,,0.0590936,0.0002909,0.0002909,0.0002909,3.01e-05,3.01e-05,3.01e-05,23016,80
seed-8675309__h-4__c-64__tol-na__first_difference,8675309,4,64,,first_difference,validation,ok,,,357,1,3,4,63.0,63.0,504.0,1.0158730158730158,1.0158730158730158,0.04611913647138726,0.07271193283847736,1.2913870040335655,,,,,0.0676648,0.0002838,0.0002838,0.0002838,3.1e-05,3.1e-05,3.1e-05,23016,80
seed-8675309__h-4__c-64__tol-na__first_difference,8675309,4,64,,first_difference,test,ok,,,364,1,3,4,63.0,63.0,504.0,1.0158730158730158,1.0158730158730158,0.048654341913468346,0.0781986886494649,1.2371491490748017,,,,,0.0676648,0.0002838,0.0002838,0.0002838,3.21e-05,3.21e-05,3.21e-05,23016,80
seed-8675309__h-4__c-64__tol-0p01__vectorchain,8675309,4,64,0.01,vectorchain,validation,ok,,,357,5,15,16,33.9327731092437,169.6638655462185,1357.310924369748,1.8860822189202575,0.3772164437840515,0.03715250955540361,0.05929651644724323,1.0531249512309897,True,False,False,False,4.1691549,0.0004278,0.0004278,0.0004278,3.79e-05,3.79e-05,3.79e-05,115080,368
seed-8675309__h-4__c-64__tol-0p01__vectorchain,8675309,4,64,0.01,vectorchain,test,ok,,,364,5,15,16,33.9010989010989,169.5054945054945,1356.043956043956,1.887844408427877,0.37756888168557534,0.038738435555551246,0.06082858879121933,0.9623439748435342,True,False,False,False,4.1691549,0.0004278,0.0004278,0.0004278,4.39e-05,4.39e-05,4.39e-05,115080,368
seed-8675309__h-4__c-64__tol-0p03__vectorchain,8675309,4,64,0.03,vectorchain,validation,ok,,,357,5,15,16,6.686274509803922,33.431372549019606,267.45098039215685,9.571847507331379,1.9143695014662758,0.03297268658614941,0.049626970613846556,0.8813907483747084,True,True,True,True,1.7719352,0.0004342,0.0004342,0.0004342,4.38e-05,4.38e-05,4.38e-05,115080,368
seed-8675309__h-4__c-64__tol-0p03__vectorchain,8675309,4,64,0.03,vectorchain,test,ok,,,364,5,15,16,6.552197802197802,32.760989010989015,262.0879120879121,9.767714884696018,1.9535429769392032,0.03454600107380882,0.052961209263235866,0.8378774133629043,True,True,True,True,1.7719352,0.0004342,0.0004342,0.0004342,3.88e-05,3.88e-05,3.88e-05,115080,368
seed-8675309__h-4__c-64__tol-0p1__vectorchain,8675309,4,64,0.1,vectorchain,validation,ok,,,357,5,15,16,1.6778711484593838,8.38935574229692,67.11484593837535,38.143572621035055,7.628714524207012,0.0189112094691327,0.026149342197243453,0.4644206165246791,True,True,True,True,1.4281833,0.0004142,0.0004142,0.0004142,6.99e-05,6.99e-05,6.99e-05,115080,368
seed-8675309__h-4__c-64__tol-0p1__vectorchain,8675309,4,64,0.1,vectorchain,test,ok,,,364,5,15,16,1.6923076923076923,8.461538461538462,67.6923076923077,37.81818181818182,7.5636363636363635,0.019905789849569394,0.02837950122375335,0.4489803652273138,True,True,True,True,1.4281833,0.0004142,0.0004142,0.0004142,3.75e-05,3.75e-05,3.75e-05,115080,368
seed-8675309__h-16__c-64__tol-na__raw,8675309,16,64,,raw,validation,ok,,,357,1,3,4,64.0,64.0,512.0,1.0,1.0,0.14046318098222332,0.26079423013071884,1.0,,,,,0.0692412,0.0002538,0.0002538,0.0002538,2.9e-05,2.9e-05,2.9e-05,22512,80
seed-8675309__h-16__c-64__tol-na__raw,8675309,16,64,,raw,test,ok,,,364,1,3,4,64.0,64.0,512.0,1.0,1.0,0.15339372752488448,0.28210383130068134,1.0,,,,,0.0692412,0.0002538,0.0002538,0.0002538,2.99e-05,2.99e-05,2.99e-05,22512,80
seed-8675309__h-16__c-64__tol-na__first_difference,8675309,16,64,,first_difference,validation,ok,,,357,1,3,4,63.0,63.0,504.0,1.0158730158730158,1.0158730158730158,0.17511093861814844,0.29081708777684423,1.1151208660984444,,,,,0.0674095,0.0002804,0.0002804,0.0002804,2.82e-05,2.82e-05,2.82e-05,22512,80
seed-8675309__h-16__c-64__tol-na__first_difference,8675309,16,64,,first_difference,test,ok,,,364,1,3,4,63.0,63.0,504.0,1.0158730158730158,1.0158730158730158,0.184584210785222,0.3123044927751089,1.107055126955146,,,,,0.0674095,0.0002804,0.0002804,0.0002804,2.91e-05,2.91e-05,2.91e-05,22512,80
seed-8675309__h-16__c-64__tol-0p01__vectorchain,8675309,16,64,0.01,vectorchain,validation,ok,,,357,5,15,16,33.84313725490196,169.2156862745098,1353.7254901960785,1.8910776361529549,0.37821552723059093,0.13756929291497252,0.22242674243998004,0.8528821451628446,True,False,False,False,4.0978672,0.0004234,0.0004234,0.0004234,5.3e-05,5.3e-05,5.3e-05,112560,368
seed-8675309__h-16__c-64__tol-0p01__vectorchain,8675309,16,64,0.01,vectorchain,test,ok,,,364,5,15,16,33.79120879120879,168.95604395604394,1351.6483516483515,1.8939837398373984,0.3787967479674797,0.14960554970909812,0.24574346767213068,0.8711099971208975,True,False,False,False,4.0978672,0.0004234,0.0004234,0.0004234,4.42e-05,4.42e-05,4.42e-05,112560,368
seed-8675309__h-16__c-64__tol-0p03__vectorchain,8675309,16,64,0.03,vectorchain,validation,ok,,,357,5,15,16,6.705882352941177,33.529411764705884,268.2352941176471,9.543859649122806,1.9087719298245613,0.1193555845629468,0.1844754209662734,0.7073600549897446,True,True,True,True,1.6817708,0.0004099,0.0004099,0.0004099,4.79e-05,4.79e-05,4.79e-05,112560,368
seed-8675309__h-16__c-64__tol-0p03__vectorchain,8675309,16,64,0.03,vectorchain,test,ok,,,364,5,15,16,6.5054945054945055,32.527472527472526,260.2197802197802,9.837837837837839,1.9675675675675677,0.12026241678112304,0.19882407684430833,0.7047904168036307,True,True,True,True,1.6817708,0.0004099,0.0004099,0.0004099,3.85e-05,3.85e-05,3.85e-05,112560,368
seed-8675309__h-16__c-64__tol-0p1__vectorchain,8675309,16,64,0.1,vectorchain,validation,ok,,,357,5,15,16,1.6666666666666667,8.333333333333334,66.66666666666667,38.4,7.68,0.08094499427168186,0.15682920056318192,0.6013522633709106,True,True,True,True,1.3729773,0.0003872,0.0003872,0.0003872,4.06e-05,4.06e-05,4.06e-05,112560,368
seed-8675309__h-16__c-64__tol-0p1__vectorchain,8675309,16,64,0.1,vectorchain,test,ok,,,364,5,15,16,1.695054945054945,8.475274725274724,67.8021978021978,37.75688816855754,7.551377633711508,0.08945166030251663,0.16765018491652936,0.5942853882684026,True,True,True,True,1.3729773,0.0003872,0.0003872,0.0003872,4.02e-05,4.02e-05,4.02e-05,112560,368
seed-8675309__h-1__c-128__tol-na__raw,8675309,1,128,,raw,validation,ok,,,357,1,3,4,128.0,128.0,1024.0,1.0,1.0,0.01737464058740168,0.02318972611089244,1.0,,,,,0.0554909,0.0002417,0.0002417,0.0002417,3.55e-05,3.55e-05,3.55e-05,20496,80
seed-8675309__h-1__c-128__tol-na__raw,8675309,1,128,,raw,test,ok,,,357,1,3,4,128.0,128.0,1024.0,1.0,1.0,0.018392479979503863,0.024501514963497565,1.0,,,,,0.0554909,0.0002417,0.0002417,0.0002417,3.18e-05,3.18e-05,3.18e-05,20496,80
seed-8675309__h-1__c-128__tol-na__first_difference,8675309,1,128,,first_difference,validation,ok,,,357,1,3,4,127.0,127.0,1016.0,1.0078740157480315,1.0078740157480315,0.019088178489616314,0.0251541397619862,1.084710515411006,,,,,0.0622888,0.0002052,0.0002052,0.0002052,2.69e-05,2.69e-05,2.69e-05,20496,80
seed-8675309__h-1__c-128__tol-na__first_difference,8675309,1,128,,first_difference,test,ok,,,357,1,3,4,127.0,127.0,1016.0,1.0078740157480315,1.0078740157480315,0.019036690294369534,0.02520868108658875,1.0288621386940653,,,,,0.0622888,0.0002052,0.0002052,0.0002052,2.83e-05,2.83e-05,2.83e-05,20496,80
seed-8675309__h-1__c-128__tol-0p01__vectorchain,8675309,1,128,0.01,vectorchain,validation,ok,,,357,5,15,16,67.63025210084034,338.1512605042017,2705.2100840336134,1.8926441351888668,0.37852882703777335,0.01895754502653192,0.026243454125540067,1.1316845227082377,False,False,False,False,8.4511736,0.0004045,0.0004045,0.0004045,4.59e-05,4.59e-05,4.59e-05,102480,368
seed-8675309__h-1__c-128__tol-0p01__vectorchain,8675309,1,128,0.01,vectorchain,test,ok,,,357,5,15,16,67.68627450980392,338.4313725490196,2707.450980392157,1.8910776361529549,0.37821552723059093,0.018654501360350458,0.026052138477446526,1.0632868423139992,True,False,False,False,8.4511736,0.0004045,0.0004045,0.0004045,3.81e-05,3.81e-05,3.81e-05,102480,368
seed-8675309__h-1__c-128__tol-0p03__vectorchain,8675309,1,128,0.03,vectorchain,validation,ok,,,357,5,15,16,12.873949579831933,64.36974789915966,514.9579831932773,9.942558746736292,1.9885117493472586,0.015992560214207887,0.02113444856243551,0.9113712021164604,True,True,True,True,2.956847,0.0003797,0.0003797,0.0003797,5.37e-05,5.37e-05,5.37e-05,102480,368
seed-8675309__h-1__c-128__tol-0p03__vectorchain,8675309,1,128,0.03,vectorchain,test,ok,,,357,5,15,16,12.473389355742297,62.36694677871149,498.9355742296919,10.261845946552885,2.052369189310577,0.017451631807939176,0.022671330729509824,0.9253032215879567,True,True,True,True,2.956847,0.0003797,0.0003797,0.0003797,3.64e-05,3.64e-05,3.64e-05,102480,368
seed-8675309__h-1__c-128__tol-0p1__vectorchain,8675309,1,128,0.1,vectorchain,validation,ok,,,357,5,15,16,2.6358543417366946,13.179271708683473,105.43417366946778,48.561105207226355,9.712221041445272,0.014543709056675598,0.018642135923564035,0.8038963390260846,True,True,True,True,2.4981018,0.0004113,0.0004113,0.0004113,4.14e-05,4.14e-05,4.14e-05,102480,368
seed-8675309__h-1__c-128__tol-0p1__vectorchain,8675309,1,128,0.1,vectorchain,test,ok,,,357,5,15,16,2.630252100840336,13.15126050420168,105.21008403361344,48.66453674121406,9.732907348242811,0.015259007494370482,0.0193227205878976,0.7886337076170453,True,True,True,True,2.4981018,0.0004113,0.0004113,0.0004113,3.63e-05,3.63e-05,3.63e-05,102480,368
seed-8675309__h-4__c-128__tol-na__raw,8675309,4,128,,raw,validation,ok,,,357,1,3,4,128.0,128.0,1024.0,1.0,1.0,0.04511627712487715,0.07423282133363648,1.0,,,,,0.0537053,0.0002271,0.0002271,0.0002271,2.69e-05,2.69e-05,2.69e-05,20328,80
seed-8675309__h-4__c-128__tol-na__raw,8675309,4,128,,raw,test,ok,,,364,1,3,4,128.0,128.0,1024.0,1.0,1.0,0.04775407459989883,0.07804805261375553,1.0,,,,,0.0537053,0.0002271,0.0002271,0.0002271,2.88e-05,2.88e-05,2.88e-05,20328,80
seed-8675309__h-4__c-128__tol-na__first_difference,8675309,4,128,,first_difference,validation,ok,,,357,1,3,4,127.0,127.0,1016.0,1.0078740157480315,1.0078740157480315,0.04567476097381351,0.06565157648187069,0.884400933473918,,,,,0.0603646,0.0002733,0.0002733,0.0002733,2.83e-05,2.83e-05,2.83e-05,20328,80
seed-8675309__h-4__c-128__tol-na__first_difference,8675309,4,128,,first_difference,test,ok,,,364,1,3,4,127.0,127.0,1016.0,1.0078740157480315,1.0078740157480315,0.04533165220323032,0.06562778156180321,0.8408637930606956,,,,,0.0603646,0.0002733,0.0002733,0.0002733,2.89e-05,2.89e-05,2.89e-05,20328,80
seed-8675309__h-4__c-128__tol-0p01__vectorchain,8675309,4,128,0.01,vectorchain,validation,ok,,,357,5,15,16,67.5546218487395,337.7731092436975,2702.18487394958,1.8947630302276401,0.37895260604552805,0.03827781557022298,0.057235695376054635,0.7710295034969917,True,False,False,False,8.1756687,0.0003901,0.0003901,0.0003901,3.65e-05,3.65e-05,3.65e-05,101640,368
seed-8675309__h-4__c-128__tol-0p01__vectorchain,8675309,4,128,0.01,vectorchain,test,ok,,,364,5,15,16,67.67582417582418,338.3791208791209,2707.032967032967,1.891369651700901,0.37827393034018025,0.0388077998096005,0.056598100796399396,0.7251699293061452,True,False,False,False,8.1756687,0.0003901,0.0003901,0.0003901,3.65e-05,3.65e-05,3.65e-05,101640,368
seed-8675309__h-4__c-128__tol-0p03__vectorchain,8675309,4,128,0.03,vectorchain,validation,ok,,,357,5,15,16,12.88795518207283,64.43977591036415,515.5182072829132,9.931753966529016,1.986350793305803,0.03364172341745075,0.04999384761323165,0.6734736295221257,True,True,True,True,2.9173616,0.0003947,0.0003947,0.0003947,4.35e-05,4.35e-05,4.35e-05,101640,368
seed-8675309__h-4__c-128__tol-0p03__vectorchain,8675309,4,128,0.03,vectorchain,test,ok,,,364,5,15,16,12.442307692307692,62.21153846153846,497.6923076923077,10.287480680061824,2.057496136012365,0.03535941158853644,0.05371507504033051,0.6882308173165558,True,True,True,True,2.9173616,0.0003947,0.0003947,0.0003947,3.65e-05,3.65e-05,3.65e-05,101640,368
seed-8675309__h-4__c-128__tol-0p1__vectorchain,8675309,4,128,0.1,vectorchain,validation,ok,,,357,5,15,16,2.6358543417366946,13.179271708683473,105.43417366946778,48.561105207226355,9.712221041445272,0.02476721543947727,0.03612513807581777,0.4866464378802843,True,True,True,True,2.4917366,0.0003912,0.0003912,0.0003912,4.13e-05,4.13e-05,4.13e-05,101640,368
seed-8675309__h-4__c-128__tol-0p1__vectorchain,8675309,4,128,0.1,vectorchain,test,ok,,,364,5,15,16,2.631868131868132,13.159340659340659,105.27472527472527,48.63465553235908,9.726931106471817,0.027280294555835496,0.04124664934316991,0.5284776232315683,True,True,True,True,2.4917366,0.0003912,0.0003912,0.0003912,3.82e-05,3.82e-05,3.82e-05,101640,368
seed-8675309__h-16__c-128__tol-na__raw,8675309,16,128,,raw,validation,ok,,,357,1,3,4,128.0,128.0,1024.0,1.0,1.0,0.1701400733266199,0.29910350360002325,1.0,,,,,0.0527481,0.0002376,0.0002376,0.0002376,2.66e-05,2.66e-05,2.66e-05,19824,80
seed-8675309__h-16__c-128__tol-na__raw,8675309,16,128,,raw,test,ok,,,364,1,3,4,128.0,128.0,1024.0,1.0,1.0,0.1797508561029861,0.30644206974924815,1.0,,,,,0.0527481,0.0002376,0.0002376,0.0002376,2.85e-05,2.85e-05,2.85e-05,19824,80
seed-8675309__h-16__c-128__tol-na__first_difference,8675309,16,128,,first_difference,validation,ok,,,357,1,3,4,127.0,127.0,1016.0,1.0078740157480315,1.0078740157480315,0.16281805938382746,0.24551094111706434,0.8208226856659437,,,,,0.0584554,0.0002059,0.0002059,0.0002059,2.65e-05,2.65e-05,2.65e-05,19824,80
seed-8675309__h-16__c-128__tol-na__first_difference,8675309,16,128,,first_difference,test,ok,,,364,1,3,4,127.0,127.0,1016.0,1.0078740157480315,1.0078740157480315,0.16136345291005375,0.24164328641979235,0.7885447537197533,,,,,0.0584554,0.0002059,0.0002059,0.0002059,2.86e-05,2.86e-05,2.86e-05,19824,80
seed-8675309__h-16__c-128__tol-0p01__vectorchain,8675309,16,128,0.01,vectorchain,validation,ok,,,357,5,15,16,67.36414565826331,336.8207282913165,2694.565826330532,1.9001205871346,0.38002411742692005,0.13787752456186625,0.2158319026899513,0.721596036462926,True,False,False,False,8.2571885,0.0004117,0.0004117,0.0004117,4.75e-05,4.75e-05,4.75e-05,99120,368
seed-8675309__h-16__c-128__tol-0p01__vectorchain,8675309,16,128,0.01,vectorchain,test,ok,,,364,5,15,16,67.56043956043956,337.8021978021978,2702.4175824175823,1.8945998698763826,0.37891997397527655,0.13678793609804896,0.21054778046603503,0.6870720480328293,True,False,False,False,8.2571885,0.0004117,0.0004117,0.0004117,3.9e-05,3.9e-05,3.9e-05,99120,368
seed-8675309__h-16__c-128__tol-0p03__vectorchain,8675309,16,128,0.03,vectorchain,validation,ok,,,357,5,15,16,12.932773109243698,64.66386554621849,517.3109243697479,9.897335932423651,1.9794671864847304,0.1295153163158982,0.21053317507311203,0.7038806718715269,True,True,True,True,2.9786782,0.0003886,0.0003886,0.0003886,4.65e-05,4.65e-05,4.65e-05,99120,368
seed-8675309__h-16__c-128__tol-0p03__vectorchain,8675309,16,128,0.03,vectorchain,test,ok,,,364,5,15,16,12.31868131868132,61.59340659340659,492.74725274725273,10.3907225691347,2.07814451382694,0.125807591263256,0.21452331226846014,0.7000452400155037,True,True,True,True,2.9786782,0.0003886,0.0003886,0.0003886,3.87e-05,3.87e-05,3.87e-05,99120,368
seed-8675309__h-16__c-128__tol-0p1__vectorchain,8675309,16,128,0.1,vectorchain,validation,ok,,,357,5,15,16,2.6218487394957983,13.109243697478991,104.87394957983193,48.82051282051282,9.764102564102565,0.11259599039427946,0.2088673311704849,0.6983112155375925,True,True,True,True,2.491782,0.0003831,0.0003831,0.0003831,3.58e-05,3.58e-05,3.58e-05,99120,368
seed-8675309__h-16__c-128__tol-0p1__vectorchain,8675309,16,128,0.1,vectorchain,test,ok,,,364,5,15,16,2.6346153846153846,13.173076923076923,105.38461538461539,48.583941605839414,9.716788321167883,0.13045283462825819,0.24897127015116619,0.8124578663591833,True,True,True,True,2.491782,0.0003831,0.0003831,0.0003831,5.53e-05,5.53e-05,5.53e-05,99120,368
