condition_id,seed,horizon,context_length,tolerance,representation,split,signal,n_examples,mae,rmse
seed-1729__h-1__c-32__tol-na__raw,1729,1,32,,raw,validation,sine,51,0.011832516106035758,0.015141937049081018
seed-1729__h-1__c-32__tol-na__raw,1729,1,32,,raw,validation,chirp,51,0.012705008499876378,0.015599379702146938
seed-1729__h-1__c-32__tol-na__raw,1729,1,32,,raw,validation,ramp,51,0.011598201288867179,0.014133294815137984
seed-1729__h-1__c-32__tol-na__raw,1729,1,32,,raw,validation,piecewise_linear,51,0.014163127404222356,0.017403987135635894
seed-1729__h-1__c-32__tol-na__raw,1729,1,32,,raw,validation,first_order_response,51,0.010882814963067347,0.014449833818438488
seed-1729__h-1__c-32__tol-na__raw,1729,1,32,,raw,validation,second_order_response,51,0.011016667098467015,0.013879737181209984
seed-1729__h-1__c-32__tol-na__raw,1729,1,32,,raw,validation,regime_change,51,0.01725761518209712,0.02133652466814631
seed-1729__h-1__c-32__tol-na__raw,1729,1,32,,raw,test,sine,51,0.011141152110600216,0.01420485412496245
seed-1729__h-1__c-32__tol-na__raw,1729,1,32,,raw,test,chirp,51,0.01709495089118317,0.02090350607449752
seed-1729__h-1__c-32__tol-na__raw,1729,1,32,,raw,test,ramp,51,0.011419890933684047,0.014199111170360828
seed-1729__h-1__c-32__tol-na__raw,1729,1,32,,raw,test,piecewise_linear,51,0.009543597053561304,0.011112463323522188
seed-1729__h-1__c-32__tol-na__raw,1729,1,32,,raw,test,first_order_response,51,0.010108009864217057,0.012311289642599673
seed-1729__h-1__c-32__tol-na__raw,1729,1,32,,raw,test,second_order_response,51,0.011374548335794134,0.01442101357980676
seed-1729__h-1__c-32__tol-na__raw,1729,1,32,,raw,test,regime_change,51,0.01886208010963399,0.022149401100877198
seed-1729__h-1__c-32__tol-na__first_difference,1729,1,32,,first_difference,validation,sine,51,0.010625293437031717,0.014090144896707667
seed-1729__h-1__c-32__tol-na__first_difference,1729,1,32,,first_difference,validation,chirp,51,0.017805693255504365,0.02132136965805953
seed-1729__h-1__c-32__tol-na__first_difference,1729,1,32,,first_difference,validation,ramp,51,0.009833595144255813,0.012439366001460343
seed-1729__h-1__c-32__tol-na__first_difference,1729,1,32,,first_difference,validation,piecewise_linear,51,0.012481013098739484,0.015185005895836476
seed-1729__h-1__c-32__tol-na__first_difference,1729,1,32,,first_difference,validation,first_order_response,51,0.008713197585413428,0.012011467735245715
seed-1729__h-1__c-32__tol-na__first_difference,1729,1,32,,first_difference,validation,second_order_response,51,0.009229966082537839,0.011532217151606163
seed-1729__h-1__c-32__tol-na__first_difference,1729,1,32,,first_difference,validation,regime_change,51,0.02985660905729099,0.03446243413325521
seed-1729__h-1__c-32__tol-na__first_difference,1729,1,32,,first_difference,test,sine,51,0.009724709447678545,0.013180509753628913
seed-1729__h-1__c-32__tol-na__first_difference,1729,1,32,,first_difference,test,chirp,51,0.026320824057707436,0.03164615793348347
seed-1729__h-1__c-32__tol-na__first_difference,1729,1,32,,first_difference,test,ramp,51,0.0105823252779972,0.012993735591795334
seed-1729__h-1__c-32__tol-na__first_difference,1729,1,32,,first_difference,test,piecewise_linear,51,0.008240227373128694,0.010144438906045694
seed-1729__h-1__c-32__tol-na__first_difference,1729,1,32,,first_difference,test,first_order_response,51,0.008834637198940362,0.011008123947193516
seed-1729__h-1__c-32__tol-na__first_difference,1729,1,32,,first_difference,test,second_order_response,51,0.010343122885530298,0.01336356236829298
seed-1729__h-1__c-32__tol-na__first_difference,1729,1,32,,first_difference,test,regime_change,51,0.03313891733172972,0.03751910205226301
seed-1729__h-1__c-32__tol-0p01__vectorchain,1729,1,32,0.01,vectorchain,validation,sine,51,0.010909804198186076,0.014354133348957151
seed-1729__h-1__c-32__tol-0p01__vectorchain,1729,1,32,0.01,vectorchain,validation,chirp,51,0.019852254404006217,0.023806971222311235
seed-1729__h-1__c-32__tol-0p01__vectorchain,1729,1,32,0.01,vectorchain,validation,ramp,51,0.01095789390676781,0.013440801071713523
seed-1729__h-1__c-32__tol-0p01__vectorchain,1729,1,32,0.01,vectorchain,validation,piecewise_linear,51,0.012804855756353572,0.015753991418513837
seed-1729__h-1__c-32__tol-0p01__vectorchain,1729,1,32,0.01,vectorchain,validation,first_order_response,51,0.009284494209142178,0.012703814021275425
seed-1729__h-1__c-32__tol-0p01__vectorchain,1729,1,32,0.01,vectorchain,validation,second_order_response,51,0.009731262967784074,0.011951733628926882
seed-1729__h-1__c-32__tol-0p01__vectorchain,1729,1,32,0.01,vectorchain,validation,regime_change,51,0.02900550393886319,0.03427273502477404
seed-1729__h-1__c-32__tol-0p01__vectorchain,1729,1,32,0.01,vectorchain,test,sine,51,0.01118175768155941,0.014543534017542565
seed-1729__h-1__c-32__tol-0p01__vectorchain,1729,1,32,0.01,vectorchain,test,chirp,51,0.029762445745894397,0.03722369582635095
seed-1729__h-1__c-32__tol-0p01__vectorchain,1729,1,32,0.01,vectorchain,test,ramp,51,0.011084685589720786,0.013479710941843963
seed-1729__h-1__c-32__tol-0p01__vectorchain,1729,1,32,0.01,vectorchain,test,piecewise_linear,51,0.008075872690042202,0.010121988291839475
seed-1729__h-1__c-32__tol-0p01__vectorchain,1729,1,32,0.01,vectorchain,test,first_order_response,51,0.008979190207231808,0.011145762009835926
seed-1729__h-1__c-32__tol-0p01__vectorchain,1729,1,32,0.01,vectorchain,test,second_order_response,51,0.010477016906026768,0.013065594587759546
seed-1729__h-1__c-32__tol-0p01__vectorchain,1729,1,32,0.01,vectorchain,test,regime_change,51,0.034211391666737465,0.040060115785757563
seed-1729__h-1__c-32__tol-0p03__vectorchain,1729,1,32,0.03,vectorchain,validation,sine,51,0.012354433356113977,0.015532301542042251
seed-1729__h-1__c-32__tol-0p03__vectorchain,1729,1,32,0.03,vectorchain,validation,chirp,51,0.018677799866699412,0.022248979764850626
seed-1729__h-1__c-32__tol-0p03__vectorchain,1729,1,32,0.03,vectorchain,validation,ramp,51,0.011451798297559997,0.013805883698530405
seed-1729__h-1__c-32__tol-0p03__vectorchain,1729,1,32,0.03,vectorchain,validation,piecewise_linear,51,0.013859948665756487,0.016842562535856257
seed-1729__h-1__c-32__tol-0p03__vectorchain,1729,1,32,0.03,vectorchain,validation,first_order_response,51,0.010335038579706456,0.013539356046030536
seed-1729__h-1__c-32__tol-0p03__vectorchain,1729,1,32,0.03,vectorchain,validation,second_order_response,51,0.01036389643080558,0.012761255862841455
seed-1729__h-1__c-32__tol-0p03__vectorchain,1729,1,32,0.03,vectorchain,validation,regime_change,51,0.027616495326216555,0.032684046379462726
seed-1729__h-1__c-32__tol-0p03__vectorchain,1729,1,32,0.03,vectorchain,test,sine,51,0.012813546493364466,0.01625141834324793
seed-1729__h-1__c-32__tol-0p03__vectorchain,1729,1,32,0.03,vectorchain,test,chirp,51,0.023625198096941462,0.02843598412448064
seed-1729__h-1__c-32__tol-0p03__vectorchain,1729,1,32,0.03,vectorchain,test,ramp,51,0.011264862069392796,0.014277165343805584
seed-1729__h-1__c-32__tol-0p03__vectorchain,1729,1,32,0.03,vectorchain,test,piecewise_linear,51,0.009509590063723952,0.011567265776585433
seed-1729__h-1__c-32__tol-0p03__vectorchain,1729,1,32,0.03,vectorchain,test,first_order_response,51,0.010256969723348892,0.012136420589988067
seed-1729__h-1__c-32__tol-0p03__vectorchain,1729,1,32,0.03,vectorchain,test,second_order_response,51,0.0109044208173745,0.014108158264830594
seed-1729__h-1__c-32__tol-0p03__vectorchain,1729,1,32,0.03,vectorchain,test,regime_change,51,0.03117753171317153,0.03686401344286998
seed-1729__h-1__c-32__tol-0p1__vectorchain,1729,1,32,0.1,vectorchain,validation,sine,51,0.011716319082517588,0.01490967850395208
seed-1729__h-1__c-32__tol-0p1__vectorchain,1729,1,32,0.1,vectorchain,validation,chirp,51,0.013131228164933595,0.016422869749435055
seed-1729__h-1__c-32__tol-0p1__vectorchain,1729,1,32,0.1,vectorchain,validation,ramp,51,0.011464303257017075,0.01393026379471283
seed-1729__h-1__c-32__tol-0p1__vectorchain,1729,1,32,0.1,vectorchain,validation,piecewise_linear,51,0.014190971739840595,0.017315659756610913
seed-1729__h-1__c-32__tol-0p1__vectorchain,1729,1,32,0.1,vectorchain,validation,first_order_response,51,0.010609118710434283,0.014047507432106096
seed-1729__h-1__c-32__tol-0p1__vectorchain,1729,1,32,0.1,vectorchain,validation,second_order_response,51,0.010937493959611301,0.013812654955999027
seed-1729__h-1__c-32__tol-0p1__vectorchain,1729,1,32,0.1,vectorchain,validation,regime_change,51,0.016281270537978152,0.020937075173053796
seed-1729__h-1__c-32__tol-0p1__vectorchain,1729,1,32,0.1,vectorchain,test,sine,51,0.011340589683808138,0.01478351714406017
seed-1729__h-1__c-32__tol-0p1__vectorchain,1729,1,32,0.1,vectorchain,test,chirp,51,0.016378065597349646,0.02013942132381846
seed-1729__h-1__c-32__tol-0p1__vectorchain,1729,1,32,0.1,vectorchain,test,ramp,51,0.011384231533992996,0.014156126944419084
seed-1729__h-1__c-32__tol-0p1__vectorchain,1729,1,32,0.1,vectorchain,test,piecewise_linear,51,0.00933766221893007,0.01093878741375208
seed-1729__h-1__c-32__tol-0p1__vectorchain,1729,1,32,0.1,vectorchain,test,first_order_response,51,0.010449318709196324,0.012496795106936343
seed-1729__h-1__c-32__tol-0p1__vectorchain,1729,1,32,0.1,vectorchain,test,second_order_response,51,0.011313367298329843,0.014222532691268438
seed-1729__h-1__c-32__tol-0p1__vectorchain,1729,1,32,0.1,vectorchain,test,regime_change,51,0.0184039698280853,0.022954406652294042
seed-1729__h-4__c-32__tol-na__raw,1729,4,32,,raw,validation,sine,51,0.014499984499416668,0.017795077747970064
seed-1729__h-4__c-32__tol-na__raw,1729,4,32,,raw,validation,chirp,51,0.03411020673704572,0.040053294352207364
seed-1729__h-4__c-32__tol-na__raw,1729,4,32,,raw,validation,ramp,51,0.009839968294815432,0.012464863874844929
seed-1729__h-4__c-32__tol-na__raw,1729,4,32,,raw,validation,piecewise_linear,51,0.012682756659807054,0.016424244868584903
seed-1729__h-4__c-32__tol-na__raw,1729,4,32,,raw,validation,first_order_response,51,0.013814341809094986,0.016680175935559125
seed-1729__h-4__c-32__tol-na__raw,1729,4,32,,raw,validation,second_order_response,51,0.013460376946425035,0.016377064506552682
seed-1729__h-4__c-32__tol-na__raw,1729,4,32,,raw,validation,regime_change,51,0.06670112287618629,0.07585199247150513
seed-1729__h-4__c-32__tol-na__raw,1729,4,32,,raw,test,sine,52,0.014260216376213778,0.018109924695079275
seed-1729__h-4__c-32__tol-na__raw,1729,4,32,,raw,test,chirp,52,0.05293583101036135,0.060770644367838605
seed-1729__h-4__c-32__tol-na__raw,1729,4,32,,raw,test,ramp,52,0.01376404177573252,0.0164134708067434
seed-1729__h-4__c-32__tol-na__raw,1729,4,32,,raw,test,piecewise_linear,52,0.012362590365774426,0.015569873481231013
seed-1729__h-4__c-32__tol-na__raw,1729,4,32,,raw,test,first_order_response,52,0.01414323104375482,0.017415186673842193
seed-1729__h-4__c-32__tol-na__raw,1729,4,32,,raw,test,second_order_response,52,0.014184371502245332,0.017039324003800947
seed-1729__h-4__c-32__tol-na__raw,1729,4,32,,raw,test,regime_change,52,0.06924983014497481,0.07606044299504565
seed-1729__h-4__c-32__tol-na__first_difference,1729,4,32,,first_difference,validation,sine,51,0.01990336928026324,0.025008709601034965
seed-1729__h-4__c-32__tol-na__first_difference,1729,4,32,,first_difference,validation,chirp,51,0.05855823557134459,0.06605086605709395
seed-1729__h-4__c-32__tol-na__first_difference,1729,4,32,,first_difference,validation,ramp,51,0.00934221868995489,0.011469759575047821
seed-1729__h-4__c-32__tol-na__first_difference,1729,4,32,,first_difference,validation,piecewise_linear,51,0.013093901578812886,0.016155094523340723
seed-1729__h-4__c-32__tol-na__first_difference,1729,4,32,,first_difference,validation,first_order_response,51,0.011455669056057155,0.014223453147174759
seed-1729__h-4__c-32__tol-na__first_difference,1729,4,32,,first_difference,validation,second_order_response,51,0.010751265139616318,0.013249963816934402
seed-1729__h-4__c-32__tol-na__first_difference,1729,4,32,,first_difference,validation,regime_change,51,0.10285088905594653,0.11477075913389898
seed-1729__h-4__c-32__tol-na__first_difference,1729,4,32,,first_difference,test,sine,52,0.01874845753778755,0.023109555725616255
seed-1729__h-4__c-32__tol-na__first_difference,1729,4,32,,first_difference,test,chirp,52,0.08235567076612262,0.09400754093880637
seed-1729__h-4__c-32__tol-na__first_difference,1729,4,32,,first_difference,test,ramp,52,0.012130908598248981,0.014249059761940248
seed-1729__h-4__c-32__tol-na__first_difference,1729,4,32,,first_difference,test,piecewise_linear,52,0.011116287657394131,0.01382502164571395
seed-1729__h-4__c-32__tol-na__first_difference,1729,4,32,,first_difference,test,first_order_response,52,0.012142436002255728,0.015202468269831617
seed-1729__h-4__c-32__tol-na__first_difference,1729,4,32,,first_difference,test,second_order_response,52,0.011277268437640625,0.014153421003776454
seed-1729__h-4__c-32__tol-na__first_difference,1729,4,32,,first_difference,test,regime_change,52,0.10294018863726456,0.11359764831245096
seed-1729__h-4__c-32__tol-0p01__vectorchain,1729,4,32,0.01,vectorchain,validation,sine,51,0.019195047602854516,0.023082371695819007
seed-1729__h-4__c-32__tol-0p01__vectorchain,1729,4,32,0.01,vectorchain,validation,chirp,51,0.05371428774673466,0.0600862157081396
seed-1729__h-4__c-32__tol-0p01__vectorchain,1729,4,32,0.01,vectorchain,validation,ramp,51,0.01202692156249284,0.014867089051959721
seed-1729__h-4__c-32__tol-0p01__vectorchain,1729,4,32,0.01,vectorchain,validation,piecewise_linear,51,0.014659004029816049,0.01845223281401878
seed-1729__h-4__c-32__tol-0p01__vectorchain,1729,4,32,0.01,vectorchain,validation,first_order_response,51,0.013973429799259333,0.0175985670212605
seed-1729__h-4__c-32__tol-0p01__vectorchain,1729,4,32,0.01,vectorchain,validation,second_order_response,51,0.012574139460644172,0.015696305709396667
seed-1729__h-4__c-32__tol-0p01__vectorchain,1729,4,32,0.01,vectorchain,validation,regime_change,51,0.08850910520990037,0.10507879790816366
seed-1729__h-4__c-32__tol-0p01__vectorchain,1729,4,32,0.01,vectorchain,test,sine,52,0.020870973177638846,0.025865138236549953
seed-1729__h-4__c-32__tol-0p01__vectorchain,1729,4,32,0.01,vectorchain,test,chirp,52,0.07308942461930266,0.0882156263273428
seed-1729__h-4__c-32__tol-0p01__vectorchain,1729,4,32,0.01,vectorchain,test,ramp,52,0.013366748681914297,0.015631782420120678
seed-1729__h-4__c-32__tol-0p01__vectorchain,1729,4,32,0.01,vectorchain,test,piecewise_linear,52,0.012275511290688075,0.015144452457024216
seed-1729__h-4__c-32__tol-0p01__vectorchain,1729,4,32,0.01,vectorchain,test,first_order_response,52,0.013434885005566825,0.01697768114729685
seed-1729__h-4__c-32__tol-0p01__vectorchain,1729,4,32,0.01,vectorchain,test,second_order_response,52,0.012667188655546847,0.016314372751642266
seed-1729__h-4__c-32__tol-0p01__vectorchain,1729,4,32,0.01,vectorchain,test,regime_change,52,0.09199281839392745,0.10624867917656625
seed-1729__h-4__c-32__tol-0p03__vectorchain,1729,4,32,0.03,vectorchain,validation,sine,51,0.023417095234034378,0.02832292063084579
seed-1729__h-4__c-32__tol-0p03__vectorchain,1729,4,32,0.03,vectorchain,validation,chirp,51,0.05762309592241187,0.06622879888390801
seed-1729__h-4__c-32__tol-0p03__vectorchain,1729,4,32,0.03,vectorchain,validation,ramp,51,0.0111842048493909,0.014189084158128756
seed-1729__h-4__c-32__tol-0p03__vectorchain,1729,4,32,0.03,vectorchain,validation,piecewise_linear,51,0.016451408976689497,0.020890811994397924
seed-1729__h-4__c-32__tol-0p03__vectorchain,1729,4,32,0.03,vectorchain,validation,first_order_response,51,0.013656001577244746,0.017637289436959254
seed-1729__h-4__c-32__tol-0p03__vectorchain,1729,4,32,0.03,vectorchain,validation,second_order_response,51,0.013379044591635915,0.01638580978487992
seed-1729__h-4__c-32__tol-0p03__vectorchain,1729,4,32,0.03,vectorchain,validation,regime_change,51,0.08370096205002478,0.09898745763694189
seed-1729__h-4__c-32__tol-0p03__vectorchain,1729,4,32,0.03,vectorchain,test,sine,52,0.02328738587264676,0.02966665081339143
seed-1729__h-4__c-32__tol-0p03__vectorchain,1729,4,32,0.03,vectorchain,test,chirp,52,0.06270204596121733,0.07447501950267066
seed-1729__h-4__c-32__tol-0p03__vectorchain,1729,4,32,0.03,vectorchain,test,ramp,52,0.013520049058443022,0.015964274836233416
seed-1729__h-4__c-32__tol-0p03__vectorchain,1729,4,32,0.03,vectorchain,test,piecewise_linear,52,0.014050110156434122,0.01761289965444222
seed-1729__h-4__c-32__tol-0p03__vectorchain,1729,4,32,0.03,vectorchain,test,first_order_response,52,0.013937931163964438,0.017997001867740517
seed-1729__h-4__c-32__tol-0p03__vectorchain,1729,4,32,0.03,vectorchain,test,second_order_response,52,0.014438399574664317,0.01761541490634876
seed-1729__h-4__c-32__tol-0p03__vectorchain,1729,4,32,0.03,vectorchain,test,regime_change,52,0.08240997906795179,0.09910957235216929
seed-1729__h-4__c-32__tol-0p1__vectorchain,1729,4,32,0.1,vectorchain,validation,sine,51,0.020024231160353723,0.02441159669134883
seed-1729__h-4__c-32__tol-0p1__vectorchain,1729,4,32,0.1,vectorchain,validation,chirp,51,0.026486914741413264,0.034707696184535924
seed-1729__h-4__c-32__tol-0p1__vectorchain,1729,4,32,0.1,vectorchain,validation,ramp,51,0.009699975847625514,0.012047235935736275
seed-1729__h-4__c-32__tol-0p1__vectorchain,1729,4,32,0.1,vectorchain,validation,piecewise_linear,51,0.013818211535929794,0.01675882274763963
seed-1729__h-4__c-32__tol-0p1__vectorchain,1729,4,32,0.1,vectorchain,validation,first_order_response,51,0.01207320889857419,0.014937268616297166
seed-1729__h-4__c-32__tol-0p1__vectorchain,1729,4,32,0.1,vectorchain,validation,second_order_response,51,0.01149501659772159,0.013969625417657843
seed-1729__h-4__c-32__tol-0p1__vectorchain,1729,4,32,0.1,vectorchain,validation,regime_change,51,0.030153095054242487,0.03602406371763614
seed-1729__h-4__c-32__tol-0p1__vectorchain,1729,4,32,0.1,vectorchain,test,sine,52,0.018747017939726864,0.023212212415905233
seed-1729__h-4__c-32__tol-0p1__vectorchain,1729,4,32,0.1,vectorchain,test,chirp,52,0.027265264323189785,0.038313053621946105
seed-1729__h-4__c-32__tol-0p1__vectorchain,1729,4,32,0.1,vectorchain,test,ramp,52,0.01259854390051791,0.014833120382105444
seed-1729__h-4__c-32__tol-0p1__vectorchain,1729,4,32,0.1,vectorchain,test,piecewise_linear,52,0.011550572041735955,0.014646381113699813
seed-1729__h-4__c-32__tol-0p1__vectorchain,1729,4,32,0.1,vectorchain,test,first_order_response,52,0.012509205948794495,0.01570948070287412
seed-1729__h-4__c-32__tol-0p1__vectorchain,1729,4,32,0.1,vectorchain,test,second_order_response,52,0.011938646529266841,0.014818806527416632
seed-1729__h-4__c-32__tol-0p1__vectorchain,1729,4,32,0.1,vectorchain,test,regime_change,52,0.02926536618929961,0.03757865336265796
seed-1729__h-16__c-32__tol-na__raw,1729,16,32,,raw,validation,sine,51,0.03147719220698725,0.03808667061112778
seed-1729__h-16__c-32__tol-na__raw,1729,16,32,,raw,validation,chirp,51,0.18870375521241475,0.211424617750973
seed-1729__h-16__c-32__tol-na__raw,1729,16,32,,raw,validation,ramp,51,0.018207126586869266,0.021968516188559876
seed-1729__h-16__c-32__tol-na__raw,1729,16,32,,raw,validation,piecewise_linear,51,0.02927565515684303,0.034381587115840155
seed-1729__h-16__c-32__tol-na__raw,1729,16,32,,raw,validation,first_order_response,51,0.03572672123932302,0.04068206903486846
seed-1729__h-16__c-32__tol-na__raw,1729,16,32,,raw,validation,second_order_response,51,0.03898773558933959,0.04392911517293984
seed-1729__h-16__c-32__tol-na__raw,1729,16,32,,raw,validation,regime_change,51,0.3709163126455615,0.41799995207067764
seed-1729__h-16__c-32__tol-na__raw,1729,16,32,,raw,test,sine,52,0.02540764242802479,0.033879054353144956
seed-1729__h-16__c-32__tol-na__raw,1729,16,32,,raw,test,chirp,52,0.2848932154745103,0.32369689448523103
seed-1729__h-16__c-32__tol-na__raw,1729,16,32,,raw,test,ramp,52,0.028522552480684523,0.0334321523705819
seed-1729__h-16__c-32__tol-na__raw,1729,16,32,,raw,test,piecewise_linear,52,0.01845461346171429,0.023773652702192474
seed-1729__h-16__c-32__tol-na__raw,1729,16,32,,raw,test,first_order_response,52,0.03512940268974652,0.04120014284508577
seed-1729__h-16__c-32__tol-na__raw,1729,16,32,,raw,test,second_order_response,52,0.036993968407473675,0.04145343795312044
seed-1729__h-16__c-32__tol-na__raw,1729,16,32,,raw,test,regime_change,52,0.38408343601664624,0.4248032430322224
seed-1729__h-16__c-32__tol-na__first_difference,1729,16,32,,first_difference,validation,sine,51,0.08919173044685964,0.10051784823711189
seed-1729__h-16__c-32__tol-na__first_difference,1729,16,32,,first_difference,validation,chirp,51,0.27795499130878537,0.3106482285440044
seed-1729__h-16__c-32__tol-na__first_difference,1729,16,32,,first_difference,validation,ramp,51,0.019860445774649627,0.0249566869594158
seed-1729__h-16__c-32__tol-na__first_difference,1729,16,32,,first_difference,validation,piecewise_linear,51,0.029136996807268865,0.039015029257366024
seed-1729__h-16__c-32__tol-na__first_difference,1729,16,32,,first_difference,validation,first_order_response,51,0.024894158969475742,0.03150925138524204
seed-1729__h-16__c-32__tol-na__first_difference,1729,16,32,,first_difference,validation,second_order_response,51,0.02381099470829894,0.028834575004165718
seed-1729__h-16__c-32__tol-na__first_difference,1729,16,32,,first_difference,validation,regime_change,51,0.48089802324377473,0.5331429433188708
seed-1729__h-16__c-32__tol-na__first_difference,1729,16,32,,first_difference,test,sine,52,0.08065790262313767,0.09301911039456608
seed-1729__h-16__c-32__tol-na__first_difference,1729,16,32,,first_difference,test,chirp,52,0.3899165013650822,0.437551407966384
seed-1729__h-16__c-32__tol-na__first_difference,1729,16,32,,first_difference,test,ramp,52,0.0207435870120265,0.025227674215371535
seed-1729__h-16__c-32__tol-na__first_difference,1729,16,32,,first_difference,test,piecewise_linear,52,0.023797072744577267,0.03105065036625235
seed-1729__h-16__c-32__tol-na__first_difference,1729,16,32,,first_difference,test,first_order_response,52,0.02462771466217028,0.03079696125116268
seed-1729__h-16__c-32__tol-na__first_difference,1729,16,32,,first_difference,test,second_order_response,52,0.02106572548893989,0.027332407995073603
seed-1729__h-16__c-32__tol-na__first_difference,1729,16,32,,first_difference,test,regime_change,52,0.48239461930127453,0.531570351274743
seed-1729__h-16__c-32__tol-0p01__vectorchain,1729,16,32,0.01,vectorchain,validation,sine,51,0.06636126628948782,0.07825363791720703
seed-1729__h-16__c-32__tol-0p01__vectorchain,1729,16,32,0.01,vectorchain,validation,chirp,51,0.25356454363382963,0.28492377156699816
seed-1729__h-16__c-32__tol-0p01__vectorchain,1729,16,32,0.01,vectorchain,validation,ramp,51,0.04301089909416471,0.051034510958804645
seed-1729__h-16__c-32__tol-0p01__vectorchain,1729,16,32,0.01,vectorchain,validation,piecewise_linear,51,0.0407173573469761,0.05177547834105012
seed-1729__h-16__c-32__tol-0p01__vectorchain,1729,16,32,0.01,vectorchain,validation,first_order_response,51,0.03333701562874225,0.04529982546266626
seed-1729__h-16__c-32__tol-0p01__vectorchain,1729,16,32,0.01,vectorchain,validation,second_order_response,51,0.032516747966053694,0.038090072999654674
seed-1729__h-16__c-32__tol-0p01__vectorchain,1729,16,32,0.01,vectorchain,validation,regime_change,51,0.4216071520420431,0.4874492373178814
seed-1729__h-16__c-32__tol-0p01__vectorchain,1729,16,32,0.01,vectorchain,test,sine,52,0.08256671835243382,0.09804559939491782
seed-1729__h-16__c-32__tol-0p01__vectorchain,1729,16,32,0.01,vectorchain,test,chirp,52,0.3407239421242154,0.3968868056750655
seed-1729__h-16__c-32__tol-0p01__vectorchain,1729,16,32,0.01,vectorchain,test,ramp,52,0.02587780844607762,0.03144035895319275
seed-1729__h-16__c-32__tol-0p01__vectorchain,1729,16,32,0.01,vectorchain,test,piecewise_linear,52,0.03692627405112886,0.043763419310755086
seed-1729__h-16__c-32__tol-0p01__vectorchain,1729,16,32,0.01,vectorchain,test,first_order_response,52,0.03566320815920899,0.04643701156746464
seed-1729__h-16__c-32__tol-0p01__vectorchain,1729,16,32,0.01,vectorchain,test,second_order_response,52,0.03955477058229166,0.04733780940620087
seed-1729__h-16__c-32__tol-0p01__vectorchain,1729,16,32,0.01,vectorchain,test,regime_change,52,0.3977910777324444,0.4709876133915542
seed-1729__h-16__c-32__tol-0p03__vectorchain,1729,16,32,0.03,vectorchain,validation,sine,51,0.08927775141466905,0.09968152592474883
seed-1729__h-16__c-32__tol-0p03__vectorchain,1729,16,32,0.03,vectorchain,validation,chirp,51,0.26783530700652736,0.30373368061225503
seed-1729__h-16__c-32__tol-0p03__vectorchain,1729,16,32,0.03,vectorchain,validation,ramp,51,0.019936236321433005,0.025004017098981056
seed-1729__h-16__c-32__tol-0p03__vectorchain,1729,16,32,0.03,vectorchain,validation,piecewise_linear,51,0.0426929962106869,0.05998959169345867
seed-1729__h-16__c-32__tol-0p03__vectorchain,1729,16,32,0.03,vectorchain,validation,first_order_response,51,0.027371591367020207,0.04350162082585291
seed-1729__h-16__c-32__tol-0p03__vectorchain,1729,16,32,0.03,vectorchain,validation,second_order_response,51,0.028347666339097563,0.03564184386570239
seed-1729__h-16__c-32__tol-0p03__vectorchain,1729,16,32,0.03,vectorchain,validation,regime_change,51,0.39316130322689546,0.4624645314486771
seed-1729__h-16__c-32__tol-0p03__vectorchain,1729,16,32,0.03,vectorchain,test,sine,52,0.09815420018859296,0.11368796191827768
seed-1729__h-16__c-32__tol-0p03__vectorchain,1729,16,32,0.03,vectorchain,test,chirp,52,0.29193341427480674,0.34584311581930716
seed-1729__h-16__c-32__tol-0p03__vectorchain,1729,16,32,0.03,vectorchain,test,ramp,52,0.02350568011367023,0.0284096825568117
seed-1729__h-16__c-32__tol-0p03__vectorchain,1729,16,32,0.03,vectorchain,test,piecewise_linear,52,0.03620709194106139,0.04592070365156922
seed-1729__h-16__c-32__tol-0p03__vectorchain,1729,16,32,0.03,vectorchain,test,first_order_response,52,0.024382233017430612,0.04074026940365852
seed-1729__h-16__c-32__tol-0p03__vectorchain,1729,16,32,0.03,vectorchain,test,second_order_response,52,0.028508455280241502,0.039499273608079206
seed-1729__h-16__c-32__tol-0p03__vectorchain,1729,16,32,0.03,vectorchain,test,regime_change,52,0.3321882748660408,0.4156124593145461
seed-1729__h-16__c-32__tol-0p1__vectorchain,1729,16,32,0.1,vectorchain,validation,sine,51,0.08593759102367644,0.09602011819673902
seed-1729__h-16__c-32__tol-0p1__vectorchain,1729,16,32,0.1,vectorchain,validation,chirp,51,0.109606824202787,0.1416508302130907
seed-1729__h-16__c-32__tol-0p1__vectorchain,1729,16,32,0.1,vectorchain,validation,ramp,51,0.0148345629837292,0.017397725751952826
seed-1729__h-16__c-32__tol-0p1__vectorchain,1729,16,32,0.1,vectorchain,validation,piecewise_linear,51,0.025917524982630186,0.037863027568848476
seed-1729__h-16__c-32__tol-0p1__vectorchain,1729,16,32,0.1,vectorchain,validation,first_order_response,51,0.01664952199113145,0.020051863286178525
seed-1729__h-16__c-32__tol-0p1__vectorchain,1729,16,32,0.1,vectorchain,validation,second_order_response,51,0.017851247376108017,0.022242330944825854
seed-1729__h-16__c-32__tol-0p1__vectorchain,1729,16,32,0.1,vectorchain,validation,regime_change,51,0.12858966005470412,0.18248590265986742
seed-1729__h-16__c-32__tol-0p1__vectorchain,1729,16,32,0.1,vectorchain,test,sine,52,0.08374611065918844,0.09281709076645385
seed-1729__h-16__c-32__tol-0p1__vectorchain,1729,16,32,0.1,vectorchain,test,chirp,52,0.1161641152711479,0.16499789169596416
seed-1729__h-16__c-32__tol-0p1__vectorchain,1729,16,32,0.1,vectorchain,test,ramp,52,0.014403192262906196,0.016963040093182863
seed-1729__h-16__c-32__tol-0p1__vectorchain,1729,16,32,0.1,vectorchain,test,piecewise_linear,52,0.01470063922682151,0.01859917059610496
seed-1729__h-16__c-32__tol-0p1__vectorchain,1729,16,32,0.1,vectorchain,test,first_order_response,52,0.016828674417799297,0.02131009721299775
seed-1729__h-16__c-32__tol-0p1__vectorchain,1729,16,32,0.1,vectorchain,test,second_order_response,52,0.014671261450017712,0.018884493403676258
seed-1729__h-16__c-32__tol-0p1__vectorchain,1729,16,32,0.1,vectorchain,test,regime_change,52,0.11061105554808558,0.17110697119390608
seed-1729__h-1__c-64__tol-na__raw,1729,1,64,,raw,validation,sine,51,0.011757101851168392,0.015029706769010236
seed-1729__h-1__c-64__tol-na__raw,1729,1,64,,raw,validation,chirp,51,0.015064843822573703,0.018710094712366558
seed-1729__h-1__c-64__tol-na__raw,1729,1,64,,raw,validation,ramp,51,0.011404794135632447,0.013940441072753294
seed-1729__h-1__c-64__tol-na__raw,1729,1,64,,raw,validation,piecewise_linear,51,0.014009206010980964,0.01712272390982129
seed-1729__h-1__c-64__tol-na__raw,1729,1,64,,raw,validation,first_order_response,51,0.010797650218949685,0.014392996526896433
seed-1729__h-1__c-64__tol-na__raw,1729,1,64,,raw,validation,second_order_response,51,0.010747164678325887,0.013537578768602718
seed-1729__h-1__c-64__tol-na__raw,1729,1,64,,raw,validation,regime_change,51,0.02563170870469631,0.03013148028170603
seed-1729__h-1__c-64__tol-na__raw,1729,1,64,,raw,test,sine,51,0.011282155173349484,0.014294061399136321
seed-1729__h-1__c-64__tol-na__raw,1729,1,64,,raw,test,chirp,51,0.02317149074000194,0.027794705774332816
seed-1729__h-1__c-64__tol-na__raw,1729,1,64,,raw,test,ramp,51,0.01126896209845602,0.01402255234725978
seed-1729__h-1__c-64__tol-na__raw,1729,1,64,,raw,test,piecewise_linear,51,0.009422655988401502,0.011016021616815318
seed-1729__h-1__c-64__tol-na__raw,1729,1,64,,raw,test,first_order_response,51,0.009777283973110448,0.012040765120832173
seed-1729__h-1__c-64__tol-na__raw,1729,1,64,,raw,test,second_order_response,51,0.011195563396740129,0.014245501707233297
seed-1729__h-1__c-64__tol-na__raw,1729,1,64,,raw,test,regime_change,51,0.028984929211407207,0.0336875907483785
seed-1729__h-1__c-64__tol-na__first_difference,1729,1,64,,first_difference,validation,sine,51,0.011682920873286273,0.015137475322367333
seed-1729__h-1__c-64__tol-na__first_difference,1729,1,64,,first_difference,validation,chirp,51,0.02655218841195044,0.03135309470530502
seed-1729__h-1__c-64__tol-na__first_difference,1729,1,64,,first_difference,validation,ramp,51,0.009935817749116208,0.012497154275445996
seed-1729__h-1__c-64__tol-na__first_difference,1729,1,64,,first_difference,validation,piecewise_linear,51,0.012819645991279568,0.015590658478815128
seed-1729__h-1__c-64__tol-na__first_difference,1729,1,64,,first_difference,validation,first_order_response,51,0.009129475585031289,0.01240872012333901
seed-1729__h-1__c-64__tol-na__first_difference,1729,1,64,,first_difference,validation,second_order_response,51,0.009561558547597968,0.011958382060876694
seed-1729__h-1__c-64__tol-na__first_difference,1729,1,64,,first_difference,validation,regime_change,51,0.04595975018216763,0.050419872240364996
seed-1729__h-1__c-64__tol-na__first_difference,1729,1,64,,first_difference,test,sine,51,0.011504759904008633,0.015363575562806238
seed-1729__h-1__c-64__tol-na__first_difference,1729,1,64,,first_difference,test,chirp,51,0.03807625167500739,0.0435738852029126
seed-1729__h-1__c-64__tol-na__first_difference,1729,1,64,,first_difference,test,ramp,51,0.010825866407560478,0.01330667837065006
seed-1729__h-1__c-64__tol-na__first_difference,1729,1,64,,first_difference,test,piecewise_linear,51,0.008312198686859966,0.010222303442826522
seed-1729__h-1__c-64__tol-na__first_difference,1729,1,64,,first_difference,test,first_order_response,51,0.009201072540331808,0.011374166337012796
seed-1729__h-1__c-64__tol-na__first_difference,1729,1,64,,first_difference,test,second_order_response,51,0.010703752594569052,0.013660532762564492
seed-1729__h-1__c-64__tol-na__first_difference,1729,1,64,,first_difference,test,regime_change,51,0.047070637856689454,0.053425641365017665
seed-1729__h-1__c-64__tol-0p01__vectorchain,1729,1,64,0.01,vectorchain,validation,sine,51,0.011694946672775075,0.015234872091031552
seed-1729__h-1__c-64__tol-0p01__vectorchain,1729,1,64,0.01,vectorchain,validation,chirp,51,0.022696107587764133,0.026304048884195713
seed-1729__h-1__c-64__tol-0p01__vectorchain,1729,1,64,0.01,vectorchain,validation,ramp,51,0.011817462361201726,0.014881373990637072
seed-1729__h-1__c-64__tol-0p01__vectorchain,1729,1,64,0.01,vectorchain,validation,piecewise_linear,51,0.013323491574203414,0.016377013264898783
seed-1729__h-1__c-64__tol-0p01__vectorchain,1729,1,64,0.01,vectorchain,validation,first_order_response,51,0.010242110691340112,0.013159147459550796
seed-1729__h-1__c-64__tol-0p01__vectorchain,1729,1,64,0.01,vectorchain,validation,second_order_response,51,0.010332546694683883,0.012901230492422363
seed-1729__h-1__c-64__tol-0p01__vectorchain,1729,1,64,0.01,vectorchain,validation,regime_change,51,0.03487826898116152,0.03982330384513747
seed-1729__h-1__c-64__tol-0p01__vectorchain,1729,1,64,0.01,vectorchain,test,sine,51,0.012279857350206277,0.015756909063489047
seed-1729__h-1__c-64__tol-0p01__vectorchain,1729,1,64,0.01,vectorchain,test,chirp,51,0.02959068317399377,0.03581264667188118
seed-1729__h-1__c-64__tol-0p01__vectorchain,1729,1,64,0.01,vectorchain,test,ramp,51,0.011348201093097277,0.014123252324105525
seed-1729__h-1__c-64__tol-0p01__vectorchain,1729,1,64,0.01,vectorchain,test,piecewise_linear,51,0.008742565007990973,0.011196303782514837
seed-1729__h-1__c-64__tol-0p01__vectorchain,1729,1,64,0.01,vectorchain,test,first_order_response,51,0.009225468761407743,0.01185218833785612
seed-1729__h-1__c-64__tol-0p01__vectorchain,1729,1,64,0.01,vectorchain,test,second_order_response,51,0.011085731731633647,0.014021185385170186
seed-1729__h-1__c-64__tol-0p01__vectorchain,1729,1,64,0.01,vectorchain,test,regime_change,51,0.03711968761510343,0.043852743928314536
seed-1729__h-1__c-64__tol-0p03__vectorchain,1729,1,64,0.03,vectorchain,validation,sine,51,0.012664421726745012,0.016248732176837564
seed-1729__h-1__c-64__tol-0p03__vectorchain,1729,1,64,0.03,vectorchain,validation,chirp,51,0.01911110092616679,0.022896201419808405
seed-1729__h-1__c-64__tol-0p03__vectorchain,1729,1,64,0.03,vectorchain,validation,ramp,51,0.011148093725997944,0.013623433226440182
seed-1729__h-1__c-64__tol-0p03__vectorchain,1729,1,64,0.03,vectorchain,validation,piecewise_linear,51,0.014369096906138978,0.017495670727716687
seed-1729__h-1__c-64__tol-0p03__vectorchain,1729,1,64,0.03,vectorchain,validation,first_order_response,51,0.010532665144956516,0.013702099594134935
seed-1729__h-1__c-64__tol-0p03__vectorchain,1729,1,64,0.03,vectorchain,validation,second_order_response,51,0.01056655217685705,0.012949082801023927
seed-1729__h-1__c-64__tol-0p03__vectorchain,1729,1,64,0.03,vectorchain,validation,regime_change,51,0.026516664421712337,0.031018625504842155
seed-1729__h-1__c-64__tol-0p03__vectorchain,1729,1,64,0.03,vectorchain,test,sine,51,0.013336369712183771,0.01700949561376372
seed-1729__h-1__c-64__tol-0p03__vectorchain,1729,1,64,0.03,vectorchain,test,chirp,51,0.022865797242317167,0.027574972160307746
seed-1729__h-1__c-64__tol-0p03__vectorchain,1729,1,64,0.03,vectorchain,test,ramp,51,0.011376793394009854,0.014358626907514247
seed-1729__h-1__c-64__tol-0p03__vectorchain,1729,1,64,0.03,vectorchain,test,piecewise_linear,51,0.009579113364404911,0.011402141733982865
seed-1729__h-1__c-64__tol-0p03__vectorchain,1729,1,64,0.03,vectorchain,test,first_order_response,51,0.01037265186304624,0.012261506127427293
seed-1729__h-1__c-64__tol-0p03__vectorchain,1729,1,64,0.03,vectorchain,test,second_order_response,51,0.010910257296555578,0.01414949793947019
seed-1729__h-1__c-64__tol-0p03__vectorchain,1729,1,64,0.03,vectorchain,test,regime_change,51,0.02814979995236306,0.033512590416291003
seed-1729__h-1__c-64__tol-0p1__vectorchain,1729,1,64,0.1,vectorchain,validation,sine,51,0.012066452982850362,0.015187310630545141
seed-1729__h-1__c-64__tol-0p1__vectorchain,1729,1,64,0.1,vectorchain,validation,chirp,51,0.01305026023568924,0.01574500246330425
seed-1729__h-1__c-64__tol-0p1__vectorchain,1729,1,64,0.1,vectorchain,validation,ramp,51,0.011207444688884722,0.013645866614334704
seed-1729__h-1__c-64__tol-0p1__vectorchain,1729,1,64,0.1,vectorchain,validation,piecewise_linear,51,0.014630704524193808,0.0178191919895429
seed-1729__h-1__c-64__tol-0p1__vectorchain,1729,1,64,0.1,vectorchain,validation,first_order_response,51,0.010393873751754504,0.013846439775130419
seed-1729__h-1__c-64__tol-0p1__vectorchain,1729,1,64,0.1,vectorchain,validation,second_order_response,51,0.01095485694110162,0.013789920321338434
seed-1729__h-1__c-64__tol-0p1__vectorchain,1729,1,64,0.1,vectorchain,validation,regime_change,51,0.01651054042024225,0.021633963946981496
seed-1729__h-1__c-64__tol-0p1__vectorchain,1729,1,64,0.1,vectorchain,test,sine,51,0.011368460866066509,0.014637399940734139
seed-1729__h-1__c-64__tol-0p1__vectorchain,1729,1,64,0.1,vectorchain,test,chirp,51,0.016713028777998646,0.020785590922965547
seed-1729__h-1__c-64__tol-0p1__vectorchain,1729,1,64,0.1,vectorchain,test,ramp,51,0.011431708857219253,0.01418281510508408
seed-1729__h-1__c-64__tol-0p1__vectorchain,1729,1,64,0.1,vectorchain,test,piecewise_linear,51,0.009432930938286494,0.011053341460519787
seed-1729__h-1__c-64__tol-0p1__vectorchain,1729,1,64,0.1,vectorchain,test,first_order_response,51,0.010481458926724176,0.012489897943247015
seed-1729__h-1__c-64__tol-0p1__vectorchain,1729,1,64,0.1,vectorchain,test,second_order_response,51,0.011367180506525867,0.014234714294733825
seed-1729__h-1__c-64__tol-0p1__vectorchain,1729,1,64,0.1,vectorchain,test,regime_change,51,0.015303721801814609,0.019006701135149195
seed-1729__h-4__c-64__tol-na__raw,1729,4,64,,raw,validation,sine,51,0.015108333501613638,0.01880741338923777
seed-1729__h-4__c-64__tol-na__raw,1729,4,64,,raw,validation,chirp,51,0.059579035792201876,0.067985303280968
seed-1729__h-4__c-64__tol-na__raw,1729,4,64,,raw,validation,ramp,51,0.009328193751286172,0.011836838020883004
seed-1729__h-4__c-64__tol-na__raw,1729,4,64,,raw,validation,piecewise_linear,51,0.01244973052603953,0.016263171504961815
seed-1729__h-4__c-64__tol-na__raw,1729,4,64,,raw,validation,first_order_response,51,0.014345273109090862,0.0171554742967118
seed-1729__h-4__c-64__tol-na__raw,1729,4,64,,raw,validation,second_order_response,51,0.014724365896223461,0.01823346187637251
seed-1729__h-4__c-64__tol-na__raw,1729,4,64,,raw,validation,regime_change,51,0.11157417827787446,0.12622009794840564
seed-1729__h-4__c-64__tol-na__raw,1729,4,64,,raw,test,sine,52,0.014188785842396615,0.01766928294199918
seed-1729__h-4__c-64__tol-na__raw,1729,4,64,,raw,test,chirp,52,0.08591902494184103,0.09773431285437245
seed-1729__h-4__c-64__tol-na__raw,1729,4,64,,raw,test,ramp,52,0.013740406519307757,0.01654073950438945
seed-1729__h-4__c-64__tol-na__raw,1729,4,64,,raw,test,piecewise_linear,52,0.011985469224182052,0.015030910744977892
seed-1729__h-4__c-64__tol-na__raw,1729,4,64,,raw,test,first_order_response,52,0.01460777355420004,0.01791286770123843
seed-1729__h-4__c-64__tol-na__raw,1729,4,64,,raw,test,second_order_response,52,0.014920007037508934,0.017815657860679516
seed-1729__h-4__c-64__tol-na__raw,1729,4,64,,raw,test,regime_change,52,0.11375979852219949,0.12805873817150554
seed-1729__h-4__c-64__tol-na__first_difference,1729,4,64,,first_difference,validation,sine,51,0.03150115313792159,0.037101558990010886
seed-1729__h-4__c-64__tol-na__first_difference,1729,4,64,,first_difference,validation,chirp,51,0.08940441918193269,0.10100033802268427
seed-1729__h-4__c-64__tol-na__first_difference,1729,4,64,,first_difference,validation,ramp,51,0.010702986081762312,0.013272660285446854
seed-1729__h-4__c-64__tol-na__first_difference,1729,4,64,,first_difference,validation,piecewise_linear,51,0.01558150093029362,0.018903284499943735
seed-1729__h-4__c-64__tol-na__first_difference,1729,4,64,,first_difference,validation,first_order_response,51,0.013657800611580923,0.016962686963120102
seed-1729__h-4__c-64__tol-na__first_difference,1729,4,64,,first_difference,validation,second_order_response,51,0.013348760359021286,0.016006025055621757
seed-1729__h-4__c-64__tol-na__first_difference,1729,4,64,,first_difference,validation,regime_change,51,0.14514354401799207,0.16113989857671446
seed-1729__h-4__c-64__tol-na__first_difference,1729,4,64,,first_difference,test,sine,52,0.02788672936356038,0.034572394195955404
seed-1729__h-4__c-64__tol-na__first_difference,1729,4,64,,first_difference,test,chirp,52,0.11630881219297752,0.13021880310757425
seed-1729__h-4__c-64__tol-na__first_difference,1729,4,64,,first_difference,test,ramp,52,0.013625538960093176,0.01610177925222955
seed-1729__h-4__c-64__tol-na__first_difference,1729,4,64,,first_difference,test,piecewise_linear,52,0.01316141367881332,0.01694112690393926
seed-1729__h-4__c-64__tol-na__first_difference,1729,4,64,,first_difference,test,first_order_response,52,0.01399135908378175,0.017099246575774864
seed-1729__h-4__c-64__tol-na__first_difference,1729,4,64,,first_difference,test,second_order_response,52,0.014148523473937588,0.017342442607819145
seed-1729__h-4__c-64__tol-na__first_difference,1729,4,64,,first_difference,test,regime_change,52,0.13972223519287016,0.15810181065807602
seed-1729__h-4__c-64__tol-0p01__vectorchain,1729,4,64,0.01,vectorchain,validation,sine,51,0.022866000999097188,0.027113457461609453
seed-1729__h-4__c-64__tol-0p01__vectorchain,1729,4,64,0.01,vectorchain,validation,chirp,51,0.05996043316757692,0.06994566510971277
seed-1729__h-4__c-64__tol-0p01__vectorchain,1729,4,64,0.01,vectorchain,validation,ramp,51,0.015649215100532656,0.019836794810109745
seed-1729__h-4__c-64__tol-0p01__vectorchain,1729,4,64,0.01,vectorchain,validation,piecewise_linear,51,0.017092819137591884,0.02146426685857071
seed-1729__h-4__c-64__tol-0p01__vectorchain,1729,4,64,0.01,vectorchain,validation,first_order_response,51,0.017658680039292052,0.0219342938536771
seed-1729__h-4__c-64__tol-0p01__vectorchain,1729,4,64,0.01,vectorchain,validation,second_order_response,51,0.015125933922618417,0.018999105109110948
seed-1729__h-4__c-64__tol-0p01__vectorchain,1729,4,64,0.01,vectorchain,validation,regime_change,51,0.1016413085895633,0.11719394585012811
seed-1729__h-4__c-64__tol-0p01__vectorchain,1729,4,64,0.01,vectorchain,test,sine,52,0.025941974824279686,0.03245361034314386
seed-1729__h-4__c-64__tol-0p01__vectorchain,1729,4,64,0.01,vectorchain,test,chirp,52,0.0752234684437732,0.0890519449185347
seed-1729__h-4__c-64__tol-0p01__vectorchain,1729,4,64,0.01,vectorchain,test,ramp,52,0.014371993278386922,0.01779232647159272
seed-1729__h-4__c-64__tol-0p01__vectorchain,1729,4,64,0.01,vectorchain,test,piecewise_linear,52,0.01576293295870781,0.0206170054607845
seed-1729__h-4__c-64__tol-0p01__vectorchain,1729,4,64,0.01,vectorchain,test,first_order_response,52,0.014281855788881368,0.01921568791553148
seed-1729__h-4__c-64__tol-0p01__vectorchain,1729,4,64,0.01,vectorchain,test,second_order_response,52,0.01650701258327277,0.021491501848791856
seed-1729__h-4__c-64__tol-0p01__vectorchain,1729,4,64,0.01,vectorchain,test,regime_change,52,0.09711986745391309,0.11457667793310436
seed-1729__h-4__c-64__tol-0p03__vectorchain,1729,4,64,0.03,vectorchain,validation,sine,51,0.025964815281901484,0.03069800799086721
seed-1729__h-4__c-64__tol-0p03__vectorchain,1729,4,64,0.03,vectorchain,validation,chirp,51,0.055372859485403936,0.0651439820964739
seed-1729__h-4__c-64__tol-0p03__vectorchain,1729,4,64,0.03,vectorchain,validation,ramp,51,0.011605788639634417,0.01455638085009242
seed-1729__h-4__c-64__tol-0p03__vectorchain,1729,4,64,0.03,vectorchain,validation,piecewise_linear,51,0.01696968622163507,0.021097266391444415
seed-1729__h-4__c-64__tol-0p03__vectorchain,1729,4,64,0.03,vectorchain,validation,first_order_response,51,0.01439958045947347,0.018300037145390968
seed-1729__h-4__c-64__tol-0p03__vectorchain,1729,4,64,0.03,vectorchain,validation,second_order_response,51,0.01603214544102207,0.020182257497355537
seed-1729__h-4__c-64__tol-0p03__vectorchain,1729,4,64,0.03,vectorchain,validation,regime_change,51,0.08218500541765716,0.09376811237484377
seed-1729__h-4__c-64__tol-0p03__vectorchain,1729,4,64,0.03,vectorchain,test,sine,52,0.025819401544821503,0.03304049397146139
seed-1729__h-4__c-64__tol-0p03__vectorchain,1729,4,64,0.03,vectorchain,test,chirp,52,0.06426866584874692,0.0737202168070339
seed-1729__h-4__c-64__tol-0p03__vectorchain,1729,4,64,0.03,vectorchain,test,ramp,52,0.013710700011557301,0.01619796321484339
seed-1729__h-4__c-64__tol-0p03__vectorchain,1729,4,64,0.03,vectorchain,test,piecewise_linear,52,0.014217764130568418,0.018668460939927016
seed-1729__h-4__c-64__tol-0p03__vectorchain,1729,4,64,0.03,vectorchain,test,first_order_response,52,0.01437043251515944,0.01824819654205427
seed-1729__h-4__c-64__tol-0p03__vectorchain,1729,4,64,0.03,vectorchain,test,second_order_response,52,0.01538537687754536,0.01843983864289665
seed-1729__h-4__c-64__tol-0p03__vectorchain,1729,4,64,0.03,vectorchain,test,regime_change,52,0.07631402147774863,0.08890963579708133
seed-1729__h-4__c-64__tol-0p1__vectorchain,1729,4,64,0.1,vectorchain,validation,sine,51,0.01618144696564263,0.02032499510726861
seed-1729__h-4__c-64__tol-0p1__vectorchain,1729,4,64,0.1,vectorchain,validation,chirp,51,0.02176129844016609,0.027468363873454874
seed-1729__h-4__c-64__tol-0p1__vectorchain,1729,4,64,0.1,vectorchain,validation,ramp,51,0.009147871822472486,0.011182004005803282
seed-1729__h-4__c-64__tol-0p1__vectorchain,1729,4,64,0.1,vectorchain,validation,piecewise_linear,51,0.013921471613680104,0.017350065172312756
seed-1729__h-4__c-64__tol-0p1__vectorchain,1729,4,64,0.1,vectorchain,validation,first_order_response,51,0.011525596284277326,0.014293749856492085
seed-1729__h-4__c-64__tol-0p1__vectorchain,1729,4,64,0.1,vectorchain,validation,second_order_response,51,0.011369416024090757,0.014162660852227553
seed-1729__h-4__c-64__tol-0p1__vectorchain,1729,4,64,0.1,vectorchain,validation,regime_change,51,0.04182346004604791,0.04934706690432561
seed-1729__h-4__c-64__tol-0p1__vectorchain,1729,4,64,0.1,vectorchain,test,sine,52,0.01699014827402129,0.02149235982760004
seed-1729__h-4__c-64__tol-0p1__vectorchain,1729,4,64,0.1,vectorchain,test,chirp,52,0.03013941323075747,0.03630799570098143
seed-1729__h-4__c-64__tol-0p1__vectorchain,1729,4,64,0.1,vectorchain,test,ramp,52,0.012034497142308764,0.01410886681839293
seed-1729__h-4__c-64__tol-0p1__vectorchain,1729,4,64,0.1,vectorchain,test,piecewise_linear,52,0.011115287750487686,0.014143387477348725
seed-1729__h-4__c-64__tol-0p1__vectorchain,1729,4,64,0.1,vectorchain,test,first_order_response,52,0.011933312141366174,0.01500369104775224
seed-1729__h-4__c-64__tol-0p1__vectorchain,1729,4,64,0.1,vectorchain,test,second_order_response,52,0.011920375067653687,0.014727589304009464
seed-1729__h-4__c-64__tol-0p1__vectorchain,1729,4,64,0.1,vectorchain,test,regime_change,52,0.03901355947436201,0.04666232556756624
seed-1729__h-16__c-64__tol-na__raw,1729,16,64,,raw,validation,sine,51,0.0403456268356293,0.04936548099125566
seed-1729__h-16__c-64__tol-na__raw,1729,16,64,,raw,validation,chirp,51,0.28268170815154914,0.3227302048940899
seed-1729__h-16__c-64__tol-na__raw,1729,16,64,,raw,validation,ramp,51,0.014733950599929296,0.017264010918712314
seed-1729__h-16__c-64__tol-na__raw,1729,16,64,,raw,validation,piecewise_linear,51,0.029882644101083183,0.03624045694300253
seed-1729__h-16__c-64__tol-na__raw,1729,16,64,,raw,validation,first_order_response,51,0.03943267323901077,0.04287883975875517
seed-1729__h-16__c-64__tol-na__raw,1729,16,64,,raw,validation,second_order_response,51,0.053039880780064885,0.056455290172768284
seed-1729__h-16__c-64__tol-na__raw,1729,16,64,,raw,validation,regime_change,51,0.5240628759870752,0.6044538716121677
seed-1729__h-16__c-64__tol-na__raw,1729,16,64,,raw,test,sine,52,0.03404756728646913,0.04518176928489936
seed-1729__h-16__c-64__tol-na__raw,1729,16,64,,raw,test,chirp,52,0.38408272163867374,0.4398483039704869
seed-1729__h-16__c-64__tol-na__raw,1729,16,64,,raw,test,ramp,52,0.0309959274772356,0.03483972640651919
seed-1729__h-16__c-64__tol-na__raw,1729,16,64,,raw,test,piecewise_linear,52,0.019968516461035694,0.02460446834536981
seed-1729__h-16__c-64__tol-na__raw,1729,16,64,,raw,test,first_order_response,52,0.039564763630632355,0.043911613537600265
seed-1729__h-16__c-64__tol-na__raw,1729,16,64,,raw,test,second_order_response,52,0.04383518105169592,0.04706492888116486
seed-1729__h-16__c-64__tol-na__raw,1729,16,64,,raw,test,regime_change,52,0.5241367741212413,0.5946234798899789
seed-1729__h-16__c-64__tol-na__first_difference,1729,16,64,,first_difference,validation,sine,51,0.1312337667786698,0.1474265484857975
seed-1729__h-16__c-64__tol-na__first_difference,1729,16,64,,first_difference,validation,chirp,51,0.36529611421132974,0.4098886308170409
seed-1729__h-16__c-64__tol-na__first_difference,1729,16,64,,first_difference,validation,ramp,51,0.02588816344930228,0.034327676321623174
seed-1729__h-16__c-64__tol-na__first_difference,1729,16,64,,first_difference,validation,piecewise_linear,51,0.038412208145750276,0.04954129483040363
seed-1729__h-16__c-64__tol-na__first_difference,1729,16,64,,first_difference,validation,first_order_response,51,0.03559058585186036,0.04426763999261566
seed-1729__h-16__c-64__tol-na__first_difference,1729,16,64,,first_difference,validation,second_order_response,51,0.035302431844621486,0.04361323636178907
seed-1729__h-16__c-64__tol-na__first_difference,1729,16,64,,first_difference,validation,regime_change,51,0.5830968149634431,0.6474352892126128
seed-1729__h-16__c-64__tol-na__first_difference,1729,16,64,,first_difference,test,sine,52,0.11625000570906224,0.13561487288294505
seed-1729__h-16__c-64__tol-na__first_difference,1729,16,64,,first_difference,test,chirp,52,0.4819431148033848,0.5391924282869215
seed-1729__h-16__c-64__tol-na__first_difference,1729,16,64,,first_difference,test,ramp,52,0.02891803465420004,0.035366878942466866
seed-1729__h-16__c-64__tol-na__first_difference,1729,16,64,,first_difference,test,piecewise_linear,52,0.03336449396308367,0.04524662210310732
seed-1729__h-16__c-64__tol-na__first_difference,1729,16,64,,first_difference,test,first_order_response,52,0.035185164876255254,0.04356507692162247
seed-1729__h-16__c-64__tol-na__first_difference,1729,16,64,,first_difference,test,second_order_response,52,0.03200555441519758,0.041509108650639115
seed-1729__h-16__c-64__tol-na__first_difference,1729,16,64,,first_difference,test,regime_change,52,0.5524811095791338,0.6217335289619433
seed-1729__h-16__c-64__tol-0p01__vectorchain,1729,16,64,0.01,vectorchain,validation,sine,51,0.08166631402392723,0.094608377511017
seed-1729__h-16__c-64__tol-0p01__vectorchain,1729,16,64,0.01,vectorchain,validation,chirp,51,0.2547788734938814,0.28562730489281357
seed-1729__h-16__c-64__tol-0p01__vectorchain,1729,16,64,0.01,vectorchain,validation,ramp,51,0.0488499341281279,0.06299529874064214
seed-1729__h-16__c-64__tol-0p01__vectorchain,1729,16,64,0.01,vectorchain,validation,piecewise_linear,51,0.04387825291900021,0.056986545242517256
seed-1729__h-16__c-64__tol-0p01__vectorchain,1729,16,64,0.01,vectorchain,validation,first_order_response,51,0.045347666421982125,0.05897824843230057
seed-1729__h-16__c-64__tol-0p01__vectorchain,1729,16,64,0.01,vectorchain,validation,second_order_response,51,0.03987578294507342,0.047916781057383714
seed-1729__h-16__c-64__tol-0p01__vectorchain,1729,16,64,0.01,vectorchain,validation,regime_change,51,0.40980770881205764,0.45549113404006386
seed-1729__h-16__c-64__tol-0p01__vectorchain,1729,16,64,0.01,vectorchain,test,sine,52,0.09411276281205355,0.1150866934833014
seed-1729__h-16__c-64__tol-0p01__vectorchain,1729,16,64,0.01,vectorchain,test,chirp,52,0.36160923567598446,0.41200463369862317
seed-1729__h-16__c-64__tol-0p01__vectorchain,1729,16,64,0.01,vectorchain,test,ramp,52,0.032536506396609544,0.038669094759048374
seed-1729__h-16__c-64__tol-0p01__vectorchain,1729,16,64,0.01,vectorchain,test,piecewise_linear,52,0.049516038195185144,0.0625569825955611
seed-1729__h-16__c-64__tol-0p01__vectorchain,1729,16,64,0.01,vectorchain,test,first_order_response,52,0.04012053167142672,0.05194681509353384
seed-1729__h-16__c-64__tol-0p01__vectorchain,1729,16,64,0.01,vectorchain,test,second_order_response,52,0.04840682594721739,0.06213298802301892
seed-1729__h-16__c-64__tol-0p01__vectorchain,1729,16,64,0.01,vectorchain,test,regime_change,52,0.40641066289941014,0.4583646640793911
seed-1729__h-16__c-64__tol-0p03__vectorchain,1729,16,64,0.03,vectorchain,validation,sine,51,0.1023688767382352,0.11675901234277478
seed-1729__h-16__c-64__tol-0p03__vectorchain,1729,16,64,0.03,vectorchain,validation,chirp,51,0.23567761695670192,0.258310802546272
seed-1729__h-16__c-64__tol-0p03__vectorchain,1729,16,64,0.03,vectorchain,validation,ramp,51,0.025007324923037654,0.03080214619546962
seed-1729__h-16__c-64__tol-0p03__vectorchain,1729,16,64,0.03,vectorchain,validation,piecewise_linear,51,0.045425732546270414,0.06319055542837194
seed-1729__h-16__c-64__tol-0p03__vectorchain,1729,16,64,0.03,vectorchain,validation,first_order_response,51,0.030324524922283526,0.049135920333781086
seed-1729__h-16__c-64__tol-0p03__vectorchain,1729,16,64,0.03,vectorchain,validation,second_order_response,51,0.04410495593531232,0.060112828573070466
seed-1729__h-16__c-64__tol-0p03__vectorchain,1729,16,64,0.03,vectorchain,validation,regime_change,51,0.35585324121414774,0.397376844895556
seed-1729__h-16__c-64__tol-0p03__vectorchain,1729,16,64,0.03,vectorchain,test,sine,52,0.09482371020978196,0.11474024668871764
seed-1729__h-16__c-64__tol-0p03__vectorchain,1729,16,64,0.03,vectorchain,test,chirp,52,0.2943618279941427,0.3287905080878822
seed-1729__h-16__c-64__tol-0p03__vectorchain,1729,16,64,0.03,vectorchain,test,ramp,52,0.023556533741667014,0.0298532029065106
seed-1729__h-16__c-64__tol-0p03__vectorchain,1729,16,64,0.03,vectorchain,test,piecewise_linear,52,0.037327111953985165,0.050844473317674097
seed-1729__h-16__c-64__tol-0p03__vectorchain,1729,16,64,0.03,vectorchain,test,first_order_response,52,0.027252641292574396,0.04084272816579652
seed-1729__h-16__c-64__tol-0p03__vectorchain,1729,16,64,0.03,vectorchain,test,second_order_response,52,0.03069833816552618,0.04621792294557563
seed-1729__h-16__c-64__tol-0p03__vectorchain,1729,16,64,0.03,vectorchain,test,regime_change,52,0.3288236782181529,0.37109178116729147
seed-1729__h-16__c-64__tol-0p1__vectorchain,1729,16,64,0.1,vectorchain,validation,sine,51,0.04499850465910333,0.054410138111556657
seed-1729__h-16__c-64__tol-0p1__vectorchain,1729,16,64,0.1,vectorchain,validation,chirp,51,0.1141768833245369,0.1305466813455354
seed-1729__h-16__c-64__tol-0p1__vectorchain,1729,16,64,0.1,vectorchain,validation,ramp,51,0.010832219451209326,0.012979684603529745
seed-1729__h-16__c-64__tol-0p1__vectorchain,1729,16,64,0.1,vectorchain,validation,piecewise_linear,51,0.03163551105233065,0.045694247919532596
seed-1729__h-16__c-64__tol-0p1__vectorchain,1729,16,64,0.1,vectorchain,validation,first_order_response,51,0.013702730072249808,0.01682713848938312
seed-1729__h-16__c-64__tol-0p1__vectorchain,1729,16,64,0.1,vectorchain,validation,second_order_response,51,0.018784633121697484,0.022979861152973655
seed-1729__h-16__c-64__tol-0p1__vectorchain,1729,16,64,0.1,vectorchain,validation,regime_change,51,0.32757256909433036,0.3790094268359022
seed-1729__h-16__c-64__tol-0p1__vectorchain,1729,16,64,0.1,vectorchain,test,sine,52,0.046338617579519306,0.056743232509241376
seed-1729__h-16__c-64__tol-0p1__vectorchain,1729,16,64,0.1,vectorchain,test,chirp,52,0.20827567160989544,0.2465627483520147
seed-1729__h-16__c-64__tol-0p1__vectorchain,1729,16,64,0.1,vectorchain,test,ramp,52,0.011838025901901738,0.014452471180933629
seed-1729__h-16__c-64__tol-0p1__vectorchain,1729,16,64,0.1,vectorchain,test,piecewise_linear,52,0.01531741306354774,0.01865050520492252
seed-1729__h-16__c-64__tol-0p1__vectorchain,1729,16,64,0.1,vectorchain,test,first_order_response,52,0.013688477985032393,0.018234082651480202
seed-1729__h-16__c-64__tol-0p1__vectorchain,1729,16,64,0.1,vectorchain,test,second_order_response,52,0.01744469803764418,0.021100289351590057
seed-1729__h-16__c-64__tol-0p1__vectorchain,1729,16,64,0.1,vectorchain,test,regime_change,52,0.29263983123405135,0.3422680741918373
seed-1729__h-1__c-128__tol-na__raw,1729,1,128,,raw,validation,sine,51,0.011174377581928163,0.014619163887950584
seed-1729__h-1__c-128__tol-na__raw,1729,1,128,,raw,validation,chirp,51,0.020452135617322315,0.025376549748478115
seed-1729__h-1__c-128__tol-na__raw,1729,1,128,,raw,validation,ramp,51,0.011245614561731844,0.0137960773424532
seed-1729__h-1__c-128__tol-na__raw,1729,1,128,,raw,validation,piecewise_linear,51,0.013761629762406009,0.01689629501096172
seed-1729__h-1__c-128__tol-na__raw,1729,1,128,,raw,validation,first_order_response,51,0.01089775785708601,0.014510976005138818
seed-1729__h-1__c-128__tol-na__raw,1729,1,128,,raw,validation,second_order_response,51,0.010719247673657435,0.013502314898633993
seed-1729__h-1__c-128__tol-na__raw,1729,1,128,,raw,validation,regime_change,51,0.032364705261536765,0.03729085187812596
seed-1729__h-1__c-128__tol-na__raw,1729,1,128,,raw,test,sine,51,0.011683034365985088,0.01537907810557875
seed-1729__h-1__c-128__tol-na__raw,1729,1,128,,raw,test,chirp,51,0.029673764344189696,0.03381804033279223
seed-1729__h-1__c-128__tol-na__raw,1729,1,128,,raw,test,ramp,51,0.011188983081046955,0.01394599720971937
seed-1729__h-1__c-128__tol-na__raw,1729,1,128,,raw,test,piecewise_linear,51,0.00929867111325346,0.010906229633616184
seed-1729__h-1__c-128__tol-na__raw,1729,1,128,,raw,test,first_order_response,51,0.009515480310334218,0.01189415586075558
seed-1729__h-1__c-128__tol-na__raw,1729,1,128,,raw,test,second_order_response,51,0.011222803576633675,0.014274418344015705
seed-1729__h-1__c-128__tol-na__raw,1729,1,128,,raw,test,regime_change,51,0.03487769530426753,0.04039769669426038
seed-1729__h-1__c-128__tol-na__first_difference,1729,1,128,,first_difference,validation,sine,51,0.013668038206212017,0.017820322404668652
seed-1729__h-1__c-128__tol-na__first_difference,1729,1,128,,first_difference,validation,chirp,51,0.025106489636262854,0.029679021523817364
seed-1729__h-1__c-128__tol-na__first_difference,1729,1,128,,first_difference,validation,ramp,51,0.011189803680984354,0.013571823458125241
seed-1729__h-1__c-128__tol-na__first_difference,1729,1,128,,first_difference,validation,piecewise_linear,51,0.013845000043107457,0.016664117634072054
seed-1729__h-1__c-128__tol-na__first_difference,1729,1,128,,first_difference,validation,first_order_response,51,0.010186448855031059,0.013669969487016738
seed-1729__h-1__c-128__tol-na__first_difference,1729,1,128,,first_difference,validation,second_order_response,51,0.010698262604898052,0.01360404304795558
seed-1729__h-1__c-128__tol-na__first_difference,1729,1,128,,first_difference,validation,regime_change,51,0.03252268327085057,0.03830252494199834
seed-1729__h-1__c-128__tol-na__first_difference,1729,1,128,,first_difference,test,sine,51,0.014180497740845874,0.018704759485477493
seed-1729__h-1__c-128__tol-na__first_difference,1729,1,128,,first_difference,test,chirp,51,0.030830852787898672,0.03580320663877985
seed-1729__h-1__c-128__tol-na__first_difference,1729,1,128,,first_difference,test,ramp,51,0.011201171768811852,0.013904365694907791
seed-1729__h-1__c-128__tol-na__first_difference,1729,1,128,,first_difference,test,piecewise_linear,51,0.009254085301061952,0.010890293345290503
seed-1729__h-1__c-128__tol-na__first_difference,1729,1,128,,first_difference,test,first_order_response,51,0.010213763497843241,0.012240721030342417
seed-1729__h-1__c-128__tol-na__first_difference,1729,1,128,,first_difference,test,second_order_response,51,0.011445460341774464,0.014236482951091747
seed-1729__h-1__c-128__tol-na__first_difference,1729,1,128,,first_difference,test,regime_change,51,0.0339313552823748,0.039288948377800476
seed-1729__h-1__c-128__tol-0p01__vectorchain,1729,1,128,0.01,vectorchain,validation,sine,51,0.011848303797463417,0.01579198324878064
seed-1729__h-1__c-128__tol-0p01__vectorchain,1729,1,128,0.01,vectorchain,validation,chirp,51,0.019550371119057035,0.024215233274891813
seed-1729__h-1__c-128__tol-0p01__vectorchain,1729,1,128,0.01,vectorchain,validation,ramp,51,0.012212625305657697,0.015586676255791304
seed-1729__h-1__c-128__tol-0p01__vectorchain,1729,1,128,0.01,vectorchain,validation,piecewise_linear,51,0.01399940886170561,0.016835746652283032
seed-1729__h-1__c-128__tol-0p01__vectorchain,1729,1,128,0.01,vectorchain,validation,first_order_response,51,0.011294530475693213,0.01395862148997488
seed-1729__h-1__c-128__tol-0p01__vectorchain,1729,1,128,0.01,vectorchain,validation,second_order_response,51,0.011402776298205533,0.014311879937258977
seed-1729__h-1__c-128__tol-0p01__vectorchain,1729,1,128,0.01,vectorchain,validation,regime_change,51,0.02841704409211425,0.03457917298291792
seed-1729__h-1__c-128__tol-0p01__vectorchain,1729,1,128,0.01,vectorchain,test,sine,51,0.013425824287280291,0.01800639988060653
seed-1729__h-1__c-128__tol-0p01__vectorchain,1729,1,128,0.01,vectorchain,test,chirp,51,0.023146056171176294,0.028571328186827456
seed-1729__h-1__c-128__tol-0p01__vectorchain,1729,1,128,0.01,vectorchain,test,ramp,51,0.011693464093515562,0.014234780547719348
seed-1729__h-1__c-128__tol-0p01__vectorchain,1729,1,128,0.01,vectorchain,test,piecewise_linear,51,0.009724555996113405,0.012487007817022555
seed-1729__h-1__c-128__tol-0p01__vectorchain,1729,1,128,0.01,vectorchain,test,first_order_response,51,0.010280813422490728,0.01328901783755889
seed-1729__h-1__c-128__tol-0p01__vectorchain,1729,1,128,0.01,vectorchain,test,second_order_response,51,0.012658147063729369,0.01511321843169333
seed-1729__h-1__c-128__tol-0p01__vectorchain,1729,1,128,0.01,vectorchain,test,regime_change,51,0.029584050751160634,0.03563699779134104
seed-1729__h-1__c-128__tol-0p03__vectorchain,1729,1,128,0.03,vectorchain,validation,sine,51,0.012738250346569321,0.016463442687817645
seed-1729__h-1__c-128__tol-0p03__vectorchain,1729,1,128,0.03,vectorchain,validation,chirp,51,0.017750552256563062,0.02181420768094022
seed-1729__h-1__c-128__tol-0p03__vectorchain,1729,1,128,0.03,vectorchain,validation,ramp,51,0.011575216942663077,0.014121655486842931
seed-1729__h-1__c-128__tol-0p03__vectorchain,1729,1,128,0.03,vectorchain,validation,piecewise_linear,51,0.014405238104201775,0.01778290292012006
seed-1729__h-1__c-128__tol-0p03__vectorchain,1729,1,128,0.03,vectorchain,validation,first_order_response,51,0.010568541395074316,0.014033059041106242
seed-1729__h-1__c-128__tol-0p03__vectorchain,1729,1,128,0.03,vectorchain,validation,second_order_response,51,0.011026835322055882,0.013666400227633522
seed-1729__h-1__c-128__tol-0p03__vectorchain,1729,1,128,0.03,vectorchain,validation,regime_change,51,0.027323488732657993,0.031985998618104104
seed-1729__h-1__c-128__tol-0p03__vectorchain,1729,1,128,0.03,vectorchain,test,sine,51,0.012521834932844724,0.016254619170912792
seed-1729__h-1__c-128__tol-0p03__vectorchain,1729,1,128,0.03,vectorchain,test,chirp,51,0.02381368594588375,0.028253774110196122
seed-1729__h-1__c-128__tol-0p03__vectorchain,1729,1,128,0.03,vectorchain,test,ramp,51,0.011307727581801916,0.014366229208570381
seed-1729__h-1__c-128__tol-0p03__vectorchain,1729,1,128,0.03,vectorchain,test,piecewise_linear,51,0.010184762537820712,0.011995723397491838
seed-1729__h-1__c-128__tol-0p03__vectorchain,1729,1,128,0.03,vectorchain,test,first_order_response,51,0.010668211442265872,0.012715735853776524
seed-1729__h-1__c-128__tol-0p03__vectorchain,1729,1,128,0.03,vectorchain,test,second_order_response,51,0.011166918759131943,0.014333542241804203
seed-1729__h-1__c-128__tol-0p03__vectorchain,1729,1,128,0.03,vectorchain,test,regime_change,51,0.031189259036787008,0.03620820095687084
seed-1729__h-1__c-128__tol-0p1__vectorchain,1729,1,128,0.1,vectorchain,validation,sine,51,0.012382631051144672,0.01586474004782268
seed-1729__h-1__c-128__tol-0p1__vectorchain,1729,1,128,0.1,vectorchain,validation,chirp,51,0.013129360529548188,0.016089445797003714
seed-1729__h-1__c-128__tol-0p1__vectorchain,1729,1,128,0.1,vectorchain,validation,ramp,51,0.011221064553436117,0.013677190343299431
seed-1729__h-1__c-128__tol-0p1__vectorchain,1729,1,128,0.1,vectorchain,validation,piecewise_linear,51,0.014444419057725722,0.017698494525951233
seed-1729__h-1__c-128__tol-0p1__vectorchain,1729,1,128,0.1,vectorchain,validation,first_order_response,51,0.01036407725731238,0.013816691902872807
seed-1729__h-1__c-128__tol-0p1__vectorchain,1729,1,128,0.1,vectorchain,validation,second_order_response,51,0.011233908447674697,0.014211601533434095
seed-1729__h-1__c-128__tol-0p1__vectorchain,1729,1,128,0.1,vectorchain,validation,regime_change,51,0.01793208685576717,0.022376256105466875
seed-1729__h-1__c-128__tol-0p1__vectorchain,1729,1,128,0.1,vectorchain,test,sine,51,0.011558360359338016,0.014653088978459699
seed-1729__h-1__c-128__tol-0p1__vectorchain,1729,1,128,0.1,vectorchain,test,chirp,51,0.019627500956446164,0.02315056886274261
seed-1729__h-1__c-128__tol-0p1__vectorchain,1729,1,128,0.1,vectorchain,test,ramp,51,0.011357642303724203,0.014090280955701903
seed-1729__h-1__c-128__tol-0p1__vectorchain,1729,1,128,0.1,vectorchain,test,piecewise_linear,51,0.009166474806388034,0.010802937036465711
seed-1729__h-1__c-128__tol-0p1__vectorchain,1729,1,128,0.1,vectorchain,test,first_order_response,51,0.01025844136791741,0.012301413061206589
seed-1729__h-1__c-128__tol-0p1__vectorchain,1729,1,128,0.1,vectorchain,test,second_order_response,51,0.01129812970848921,0.014174620141694497
seed-1729__h-1__c-128__tol-0p1__vectorchain,1729,1,128,0.1,vectorchain,test,regime_change,51,0.021002576792673183,0.02556945781418194
seed-1729__h-4__c-128__tol-na__raw,1729,4,128,,raw,validation,sine,51,0.018203884851858868,0.02302312676116278
seed-1729__h-4__c-128__tol-na__raw,1729,4,128,,raw,validation,chirp,51,0.0944448345000905,0.10773652203741388
seed-1729__h-4__c-128__tol-na__raw,1729,4,128,,raw,validation,ramp,51,0.009234648772486823,0.011354179921741068
seed-1729__h-4__c-128__tol-na__raw,1729,4,128,,raw,validation,piecewise_linear,51,0.012511359351997658,0.01644016608434562
seed-1729__h-4__c-128__tol-na__raw,1729,4,128,,raw,validation,first_order_response,51,0.01546784082088583,0.01827808833685411
seed-1729__h-4__c-128__tol-na__raw,1729,4,128,,raw,validation,second_order_response,51,0.019541295011835297,0.023454724663576506
seed-1729__h-4__c-128__tol-na__raw,1729,4,128,,raw,validation,regime_change,51,0.13930892554599542,0.15791558490393423
seed-1729__h-4__c-128__tol-na__raw,1729,4,128,,raw,test,sine,52,0.022373912725820174,0.02766596002429626
seed-1729__h-4__c-128__tol-na__raw,1729,4,128,,raw,test,chirp,52,0.11447415383757344,0.12993301542551516
seed-1729__h-4__c-128__tol-na__raw,1729,4,128,,raw,test,ramp,52,0.01421973554127275,0.017209132208081585
seed-1729__h-4__c-128__tol-na__raw,1729,4,128,,raw,test,piecewise_linear,52,0.012048830747358245,0.0152031507340098
seed-1729__h-4__c-128__tol-na__raw,1729,4,128,,raw,test,first_order_response,52,0.016044137145074282,0.01915409614682833
seed-1729__h-4__c-128__tol-na__raw,1729,4,128,,raw,test,second_order_response,52,0.016894020317493662,0.019859168707618512
seed-1729__h-4__c-128__tol-na__raw,1729,4,128,,raw,test,regime_change,52,0.1341318666262319,0.1518514586822507
seed-1729__h-4__c-128__tol-na__first_difference,1729,4,128,,first_difference,validation,sine,51,0.043137787370352204,0.050644962162684486
seed-1729__h-4__c-128__tol-na__first_difference,1729,4,128,,first_difference,validation,chirp,51,0.0890834567861031,0.09884308950614132
seed-1729__h-4__c-128__tol-na__first_difference,1729,4,128,,first_difference,validation,ramp,51,0.013692854238913586,0.01753180033947167
seed-1729__h-4__c-128__tol-na__first_difference,1729,4,128,,first_difference,validation,piecewise_linear,51,0.01894724094393056,0.02372578980089195
seed-1729__h-4__c-128__tol-na__first_difference,1729,4,128,,first_difference,validation,first_order_response,51,0.01853581135491946,0.022531501897336288
seed-1729__h-4__c-128__tol-na__first_difference,1729,4,128,,first_difference,validation,second_order_response,51,0.018345863087936252,0.022266834038991577
seed-1729__h-4__c-128__tol-na__first_difference,1729,4,128,,first_difference,validation,regime_change,51,0.1105133808031352,0.12498795612152487
seed-1729__h-4__c-128__tol-na__first_difference,1729,4,128,,first_difference,test,sine,52,0.03915251542101841,0.04926866735838385
seed-1729__h-4__c-128__tol-na__first_difference,1729,4,128,,first_difference,test,chirp,52,0.09542191084828641,0.10894688437259333
seed-1729__h-4__c-128__tol-na__first_difference,1729,4,128,,first_difference,test,ramp,52,0.01759580792666813,0.020966972042699417
seed-1729__h-4__c-128__tol-na__first_difference,1729,4,128,,first_difference,test,piecewise_linear,52,0.016846085143248448,0.022645738165949367
seed-1729__h-4__c-128__tol-na__first_difference,1729,4,128,,first_difference,test,first_order_response,52,0.018584208938332035,0.021722547813659586
seed-1729__h-4__c-128__tol-na__first_difference,1729,4,128,,first_difference,test,second_order_response,52,0.018361208130908583,0.022050238352850592
seed-1729__h-4__c-128__tol-na__first_difference,1729,4,128,,first_difference,test,regime_change,52,0.10206051542801463,0.11630317677585292
seed-1729__h-4__c-128__tol-0p01__vectorchain,1729,4,128,0.01,vectorchain,validation,sine,51,0.025081429451345387,0.030306736868883882
seed-1729__h-4__c-128__tol-0p01__vectorchain,1729,4,128,0.01,vectorchain,validation,chirp,51,0.05061960032336331,0.061761094581577226
seed-1729__h-4__c-128__tol-0p01__vectorchain,1729,4,128,0.01,vectorchain,validation,ramp,51,0.017688634148003823,0.022697574464753865
seed-1729__h-4__c-128__tol-0p01__vectorchain,1729,4,128,0.01,vectorchain,validation,piecewise_linear,51,0.01862105621008413,0.023268745715556514
seed-1729__h-4__c-128__tol-0p01__vectorchain,1729,4,128,0.01,vectorchain,validation,first_order_response,51,0.020986303134419987,0.02517329678330717
seed-1729__h-4__c-128__tol-0p01__vectorchain,1729,4,128,0.01,vectorchain,validation,second_order_response,51,0.017048125737691353,0.021387402735788912
seed-1729__h-4__c-128__tol-0p01__vectorchain,1729,4,128,0.01,vectorchain,validation,regime_change,51,0.07748100346393301,0.09050144537402686
seed-1729__h-4__c-128__tol-0p01__vectorchain,1729,4,128,0.01,vectorchain,test,sine,52,0.030272258440010583,0.03837160286691946
seed-1729__h-4__c-128__tol-0p01__vectorchain,1729,4,128,0.01,vectorchain,test,chirp,52,0.057017572752828816,0.06988605684583665
seed-1729__h-4__c-128__tol-0p01__vectorchain,1729,4,128,0.01,vectorchain,test,ramp,52,0.015592092674703302,0.019480609269999505
seed-1729__h-4__c-128__tol-0p01__vectorchain,1729,4,128,0.01,vectorchain,test,piecewise_linear,52,0.018294800451500195,0.024546506067336764
seed-1729__h-4__c-128__tol-0p01__vectorchain,1729,4,128,0.01,vectorchain,test,first_order_response,52,0.016076623323465353,0.020998125517302176
seed-1729__h-4__c-128__tol-0p01__vectorchain,1729,4,128,0.01,vectorchain,test,second_order_response,52,0.019588705538764444,0.024802501656908615
seed-1729__h-4__c-128__tol-0p01__vectorchain,1729,4,128,0.01,vectorchain,test,regime_change,52,0.07526118033781196,0.09007885132015195
seed-1729__h-4__c-128__tol-0p03__vectorchain,1729,4,128,0.03,vectorchain,validation,sine,51,0.025875003196104224,0.03047444660460949
seed-1729__h-4__c-128__tol-0p03__vectorchain,1729,4,128,0.03,vectorchain,validation,chirp,51,0.05412566148728726,0.06401295197194729
seed-1729__h-4__c-128__tol-0p03__vectorchain,1729,4,128,0.03,vectorchain,validation,ramp,51,0.012313656381863476,0.01703387482242973
seed-1729__h-4__c-128__tol-0p03__vectorchain,1729,4,128,0.03,vectorchain,validation,piecewise_linear,51,0.017033318067841963,0.02229192126098161
seed-1729__h-4__c-128__tol-0p03__vectorchain,1729,4,128,0.03,vectorchain,validation,first_order_response,51,0.015310996299812812,0.02052128537534467
seed-1729__h-4__c-128__tol-0p03__vectorchain,1729,4,128,0.03,vectorchain,validation,second_order_response,51,0.01584893857835947,0.02063159784161633
seed-1729__h-4__c-128__tol-0p03__vectorchain,1729,4,128,0.03,vectorchain,validation,regime_change,51,0.08654875387343974,0.0994746654161452
seed-1729__h-4__c-128__tol-0p03__vectorchain,1729,4,128,0.03,vectorchain,test,sine,52,0.023451391443584695,0.03146624535304647
seed-1729__h-4__c-128__tol-0p03__vectorchain,1729,4,128,0.03,vectorchain,test,chirp,52,0.07066593171887499,0.08134139883741383
seed-1729__h-4__c-128__tol-0p03__vectorchain,1729,4,128,0.03,vectorchain,test,ramp,52,0.01419007427917748,0.01715324917772854
seed-1729__h-4__c-128__tol-0p03__vectorchain,1729,4,128,0.03,vectorchain,test,piecewise_linear,52,0.015267637853137008,0.020460033978952574
seed-1729__h-4__c-128__tol-0p03__vectorchain,1729,4,128,0.03,vectorchain,test,first_order_response,52,0.01418695839553238,0.018240045101753654
seed-1729__h-4__c-128__tol-0p03__vectorchain,1729,4,128,0.03,vectorchain,test,second_order_response,52,0.016461076359740753,0.0203064606825881
seed-1729__h-4__c-128__tol-0p03__vectorchain,1729,4,128,0.03,vectorchain,test,regime_change,52,0.08783864771860134,0.1001141045610027
seed-1729__h-4__c-128__tol-0p1__vectorchain,1729,4,128,0.1,vectorchain,validation,sine,51,0.016682864922123685,0.021535108960547847
seed-1729__h-4__c-128__tol-0p1__vectorchain,1729,4,128,0.1,vectorchain,validation,chirp,51,0.03357052446417991,0.039488978837743126
seed-1729__h-4__c-128__tol-0p1__vectorchain,1729,4,128,0.1,vectorchain,validation,ramp,51,0.00899270345789397,0.0111371865912801
seed-1729__h-4__c-128__tol-0p1__vectorchain,1729,4,128,0.1,vectorchain,validation,piecewise_linear,51,0.0131809729072812,0.01688148240729538
seed-1729__h-4__c-128__tol-0p1__vectorchain,1729,4,128,0.1,vectorchain,validation,first_order_response,51,0.01138926281993784,0.014106371774810798
seed-1729__h-4__c-128__tol-0p1__vectorchain,1729,4,128,0.1,vectorchain,validation,second_order_response,51,0.013783414501769661,0.0185156463233212
seed-1729__h-4__c-128__tol-0p1__vectorchain,1729,4,128,0.1,vectorchain,validation,regime_change,51,0.06461295724746796,0.07572921677754287
seed-1729__h-4__c-128__tol-0p1__vectorchain,1729,4,128,0.1,vectorchain,test,sine,52,0.01606583185721215,0.019903481208755118
seed-1729__h-4__c-128__tol-0p1__vectorchain,1729,4,128,0.1,vectorchain,test,chirp,52,0.05998757618383426,0.07000606599665225
seed-1729__h-4__c-128__tol-0p1__vectorchain,1729,4,128,0.1,vectorchain,test,ramp,52,0.01200339829403164,0.014083914316631634
seed-1729__h-4__c-128__tol-0p1__vectorchain,1729,4,128,0.1,vectorchain,test,piecewise_linear,52,0.01146636952997193,0.014209910513848905
seed-1729__h-4__c-128__tol-0p1__vectorchain,1729,4,128,0.1,vectorchain,test,first_order_response,52,0.011814692637357379,0.014761776212656378
seed-1729__h-4__c-128__tol-0p1__vectorchain,1729,4,128,0.1,vectorchain,test,second_order_response,52,0.011970775473632993,0.014988321282204934
seed-1729__h-4__c-128__tol-0p1__vectorchain,1729,4,128,0.1,vectorchain,test,regime_change,52,0.06828594955567993,0.0775724674157
seed-1729__h-16__c-128__tol-na__raw,1729,16,128,,raw,validation,sine,51,0.07073346235413949,0.07847474178637862
seed-1729__h-16__c-128__tol-na__raw,1729,16,128,,raw,validation,chirp,51,0.38516382271373106,0.43731217329906097
seed-1729__h-16__c-128__tol-na__raw,1729,16,128,,raw,validation,ramp,51,0.013673966951578378,0.016054114462990193
seed-1729__h-16__c-128__tol-na__raw,1729,16,128,,raw,validation,piecewise_linear,51,0.032304875130327516,0.041430482956222425
seed-1729__h-16__c-128__tol-na__raw,1729,16,128,,raw,validation,first_order_response,51,0.048151006262968,0.05061249150579021
seed-1729__h-16__c-128__tol-na__raw,1729,16,128,,raw,validation,second_order_response,51,0.0796501058264971,0.08232096695871588
seed-1729__h-16__c-128__tol-na__raw,1729,16,128,,raw,validation,regime_change,51,0.5698585248317071,0.6469922664679632
seed-1729__h-16__c-128__tol-na__raw,1729,16,128,,raw,test,sine,52,0.09870415699516163,0.10866038976612936
seed-1729__h-16__c-128__tol-na__raw,1729,16,128,,raw,test,chirp,52,0.47272256455629613,0.5351587315809965
seed-1729__h-16__c-128__tol-na__raw,1729,16,128,,raw,test,ramp,52,0.03780513860287911,0.04133005563372002
seed-1729__h-16__c-128__tol-na__raw,1729,16,128,,raw,test,piecewise_linear,52,0.022779130718143723,0.02749498020144483
seed-1729__h-16__c-128__tol-na__raw,1729,16,128,,raw,test,first_order_response,52,0.04953121269002519,0.05238835370589339
seed-1729__h-16__c-128__tol-na__raw,1729,16,128,,raw,test,second_order_response,52,0.05774638708257447,0.059991978435753275
seed-1729__h-16__c-128__tol-na__raw,1729,16,128,,raw,test,regime_change,52,0.5200257476005196,0.5901171303164384
seed-1729__h-16__c-128__tol-na__first_difference,1729,16,128,,first_difference,validation,sine,51,0.16404069494746581,0.18700154639439429
seed-1729__h-16__c-128__tol-na__first_difference,1729,16,128,,first_difference,validation,chirp,51,0.3147694541690634,0.35034585159276194
seed-1729__h-16__c-128__tol-na__first_difference,1729,16,128,,first_difference,validation,ramp,51,0.043526121229247164,0.05504871747191992
seed-1729__h-16__c-128__tol-na__first_difference,1729,16,128,,first_difference,validation,piecewise_linear,51,0.05104757447284385,0.06544386325363528
seed-1729__h-16__c-128__tol-na__first_difference,1729,16,128,,first_difference,validation,first_order_response,51,0.055867287265227786,0.06936857604125259
seed-1729__h-16__c-128__tol-na__first_difference,1729,16,128,,first_difference,validation,second_order_response,51,0.05915334126831423,0.0722575837591551
seed-1729__h-16__c-128__tol-na__first_difference,1729,16,128,,first_difference,validation,regime_change,51,0.43597324228640005,0.4975988277649269
seed-1729__h-16__c-128__tol-na__first_difference,1729,16,128,,first_difference,test,sine,52,0.1455305618109905,0.17423827474685968
seed-1729__h-16__c-128__tol-na__first_difference,1729,16,128,,first_difference,test,chirp,52,0.3682045598216984,0.4133363953168053
seed-1729__h-16__c-128__tol-na__first_difference,1729,16,128,,first_difference,test,ramp,52,0.04831753001330468,0.05896008392668408
seed-1729__h-16__c-128__tol-na__first_difference,1729,16,128,,first_difference,test,piecewise_linear,52,0.053227169713179076,0.07200604015952455
seed-1729__h-16__c-128__tol-na__first_difference,1729,16,128,,first_difference,test,first_order_response,52,0.05782472842865188,0.0689838309234135
seed-1729__h-16__c-128__tol-na__first_difference,1729,16,128,,first_difference,test,second_order_response,52,0.048905313971773,0.06079008889740315
seed-1729__h-16__c-128__tol-na__first_difference,1729,16,128,,first_difference,test,regime_change,52,0.36805959921531495,0.4233552178730829
seed-1729__h-16__c-128__tol-0p01__vectorchain,1729,16,128,0.01,vectorchain,validation,sine,51,0.08095132073207122,0.09993564682243553
seed-1729__h-16__c-128__tol-0p01__vectorchain,1729,16,128,0.01,vectorchain,validation,chirp,51,0.1984792187142782,0.22853613497246242
seed-1729__h-16__c-128__tol-0p01__vectorchain,1729,16,128,0.01,vectorchain,validation,ramp,51,0.05703761129385491,0.07379622646073185
seed-1729__h-16__c-128__tol-0p01__vectorchain,1729,16,128,0.01,vectorchain,validation,piecewise_linear,51,0.049502433933306396,0.060912810674500266
seed-1729__h-16__c-128__tol-0p01__vectorchain,1729,16,128,0.01,vectorchain,validation,first_order_response,51,0.05734011726914773,0.07156367417465487
seed-1729__h-16__c-128__tol-0p01__vectorchain,1729,16,128,0.01,vectorchain,validation,second_order_response,51,0.04691818748111585,0.05748471578350625
seed-1729__h-16__c-128__tol-0p01__vectorchain,1729,16,128,0.01,vectorchain,validation,regime_change,51,0.3280595775557404,0.37214285813303855
seed-1729__h-16__c-128__tol-0p01__vectorchain,1729,16,128,0.01,vectorchain,test,sine,52,0.09741610346213497,0.1230382521585056
seed-1729__h-16__c-128__tol-0p01__vectorchain,1729,16,128,0.01,vectorchain,test,chirp,52,0.27311807302877644,0.3102676782776908
seed-1729__h-16__c-128__tol-0p01__vectorchain,1729,16,128,0.01,vectorchain,test,ramp,52,0.04098978015919054,0.04864925974066955
seed-1729__h-16__c-128__tol-0p01__vectorchain,1729,16,128,0.01,vectorchain,test,piecewise_linear,52,0.06023999872346553,0.07821302232165672
seed-1729__h-16__c-128__tol-0p01__vectorchain,1729,16,128,0.01,vectorchain,test,first_order_response,52,0.04736032874758273,0.06020765151625096
seed-1729__h-16__c-128__tol-0p01__vectorchain,1729,16,128,0.01,vectorchain,test,second_order_response,52,0.05976266766368063,0.07416576048595566
seed-1729__h-16__c-128__tol-0p01__vectorchain,1729,16,128,0.01,vectorchain,test,regime_change,52,0.3095268753350934,0.36970478269493
seed-1729__h-16__c-128__tol-0p03__vectorchain,1729,16,128,0.03,vectorchain,validation,sine,51,0.08869251898557005,0.10465690451390297
seed-1729__h-16__c-128__tol-0p03__vectorchain,1729,16,128,0.03,vectorchain,validation,chirp,51,0.24608210245033346,0.27353867688749206
seed-1729__h-16__c-128__tol-0p03__vectorchain,1729,16,128,0.03,vectorchain,validation,ramp,51,0.02777563854126788,0.04203397021888452
seed-1729__h-16__c-128__tol-0p03__vectorchain,1729,16,128,0.03,vectorchain,validation,piecewise_linear,51,0.04386021572318137,0.06281131423056366
seed-1729__h-16__c-128__tol-0p03__vectorchain,1729,16,128,0.03,vectorchain,validation,first_order_response,51,0.03311863672034833,0.05337628611475257
seed-1729__h-16__c-128__tol-0p03__vectorchain,1729,16,128,0.03,vectorchain,validation,second_order_response,51,0.035615990207036353,0.05559089841455731
seed-1729__h-16__c-128__tol-0p03__vectorchain,1729,16,128,0.03,vectorchain,validation,regime_change,51,0.4063761732049315,0.4647363319708168
seed-1729__h-16__c-128__tol-0p03__vectorchain,1729,16,128,0.03,vectorchain,test,sine,52,0.0768616547062812,0.10179747303001156
seed-1729__h-16__c-128__tol-0p03__vectorchain,1729,16,128,0.03,vectorchain,test,chirp,52,0.32921816445267316,0.37421940013332095
seed-1729__h-16__c-128__tol-0p03__vectorchain,1729,16,128,0.03,vectorchain,test,ramp,52,0.024878122043234644,0.032522316735872595
seed-1729__h-16__c-128__tol-0p03__vectorchain,1729,16,128,0.03,vectorchain,test,piecewise_linear,52,0.04422954032221156,0.05970966415269874
seed-1729__h-16__c-128__tol-0p03__vectorchain,1729,16,128,0.03,vectorchain,test,first_order_response,52,0.026917085638980917,0.04103525049854661
seed-1729__h-16__c-128__tol-0p03__vectorchain,1729,16,128,0.03,vectorchain,test,second_order_response,52,0.03453386721605715,0.04644946723870235
seed-1729__h-16__c-128__tol-0p03__vectorchain,1729,16,128,0.03,vectorchain,test,regime_change,52,0.37222816986211316,0.4266006065267776
seed-1729__h-16__c-128__tol-0p1__vectorchain,1729,16,128,0.1,vectorchain,validation,sine,51,0.03654713364869475,0.05174063162641923
seed-1729__h-16__c-128__tol-0p1__vectorchain,1729,16,128,0.1,vectorchain,validation,chirp,51,0.2281330242986623,0.2683599060038077
seed-1729__h-16__c-128__tol-0p1__vectorchain,1729,16,128,0.1,vectorchain,validation,ramp,51,0.010656685750047723,0.013079790669287553
seed-1729__h-16__c-128__tol-0p1__vectorchain,1729,16,128,0.1,vectorchain,validation,piecewise_linear,51,0.034955278615456754,0.04813006870944275
seed-1729__h-16__c-128__tol-0p1__vectorchain,1729,16,128,0.1,vectorchain,validation,first_order_response,51,0.01335339631002904,0.016072611488646287
seed-1729__h-16__c-128__tol-0p1__vectorchain,1729,16,128,0.1,vectorchain,validation,second_order_response,51,0.03652886867075719,0.050520702239363585
seed-1729__h-16__c-128__tol-0p1__vectorchain,1729,16,128,0.1,vectorchain,validation,regime_change,51,0.4465169306795139,0.4939326880937354
seed-1729__h-16__c-128__tol-0p1__vectorchain,1729,16,128,0.1,vectorchain,test,sine,52,0.02896699816967744,0.03946702750370143
seed-1729__h-16__c-128__tol-0p1__vectorchain,1729,16,128,0.1,vectorchain,test,chirp,52,0.3891213292343379,0.4414115788280237
seed-1729__h-16__c-128__tol-0p1__vectorchain,1729,16,128,0.1,vectorchain,test,ramp,52,0.011306904297272295,0.013777019285860248
seed-1729__h-16__c-128__tol-0p1__vectorchain,1729,16,128,0.1,vectorchain,test,piecewise_linear,52,0.013377847828659414,0.017829665749496425
seed-1729__h-16__c-128__tol-0p1__vectorchain,1729,16,128,0.1,vectorchain,test,first_order_response,52,0.01317465149672998,0.017475557813644658
seed-1729__h-16__c-128__tol-0p1__vectorchain,1729,16,128,0.1,vectorchain,test,second_order_response,52,0.019756518072830305,0.023878572353213022
seed-1729__h-16__c-128__tol-0p1__vectorchain,1729,16,128,0.1,vectorchain,test,regime_change,52,0.4661855499677643,0.5213545483137982
seed-2718__h-1__c-32__tol-na__raw,2718,1,32,,raw,validation,sine,51,0.011693698575371265,0.014992750218799662
seed-2718__h-1__c-32__tol-na__raw,2718,1,32,,raw,validation,chirp,51,0.012844762885463358,0.015480806619988432
seed-2718__h-1__c-32__tol-na__raw,2718,1,32,,raw,validation,ramp,51,0.012171632385667788,0.014435369592217166
seed-2718__h-1__c-32__tol-na__raw,2718,1,32,,raw,validation,piecewise_linear,51,0.014220273321440019,0.018407056318285882
seed-2718__h-1__c-32__tol-na__raw,2718,1,32,,raw,validation,first_order_response,51,0.009922335199557425,0.012486843797248298
seed-2718__h-1__c-32__tol-na__raw,2718,1,32,,raw,validation,second_order_response,51,0.01260850364108214,0.015633493124471275
seed-2718__h-1__c-32__tol-na__raw,2718,1,32,,raw,validation,regime_change,51,0.019417876878732924,0.02343621414234431
seed-2718__h-1__c-32__tol-na__raw,2718,1,32,,raw,test,sine,51,0.012410413427382748,0.014889649999644152
seed-2718__h-1__c-32__tol-na__raw,2718,1,32,,raw,test,chirp,51,0.015372567251384634,0.018560667561997306
seed-2718__h-1__c-32__tol-na__raw,2718,1,32,,raw,test,ramp,51,0.013126691426510741,0.015599297607596492
seed-2718__h-1__c-32__tol-na__raw,2718,1,32,,raw,test,piecewise_linear,51,0.010049112913938299,0.012341905440432201
seed-2718__h-1__c-32__tol-na__raw,2718,1,32,,raw,test,first_order_response,51,0.013695395812452693,0.015783962683508623
seed-2718__h-1__c-32__tol-na__raw,2718,1,32,,raw,test,second_order_response,51,0.010981421544614524,0.013796523690549775
seed-2718__h-1__c-32__tol-na__raw,2718,1,32,,raw,test,regime_change,51,0.016620902347379053,0.021137345562888626
seed-2718__h-1__c-32__tol-na__first_difference,2718,1,32,,first_difference,validation,sine,51,0.011802211088381111,0.014596392173819625
seed-2718__h-1__c-32__tol-na__first_difference,2718,1,32,,first_difference,validation,chirp,51,0.02003396648124314,0.02408869094493465
seed-2718__h-1__c-32__tol-na__first_difference,2718,1,32,,first_difference,validation,ramp,51,0.011106046729160235,0.01317787309927032
seed-2718__h-1__c-32__tol-na__first_difference,2718,1,32,,first_difference,validation,piecewise_linear,51,0.011589769118795243,0.01526683466462057
seed-2718__h-1__c-32__tol-na__first_difference,2718,1,32,,first_difference,validation,first_order_response,51,0.00809951662137709,0.010863506914751197
seed-2718__h-1__c-32__tol-na__first_difference,2718,1,32,,first_difference,validation,second_order_response,51,0.010738966351920261,0.012924790711836396
seed-2718__h-1__c-32__tol-na__first_difference,2718,1,32,,first_difference,validation,regime_change,51,0.030610901277453733,0.0361183000109624
seed-2718__h-1__c-32__tol-na__first_difference,2718,1,32,,first_difference,test,sine,51,0.011897916514067866,0.01395432959434367
seed-2718__h-1__c-32__tol-na__first_difference,2718,1,32,,first_difference,test,chirp,51,0.026191311200235445,0.02994299309296997
seed-2718__h-1__c-32__tol-na__first_difference,2718,1,32,,first_difference,test,ramp,51,0.010868402729562578,0.012655272441142264
seed-2718__h-1__c-32__tol-na__first_difference,2718,1,32,,first_difference,test,piecewise_linear,51,0.009134287949809718,0.010761072396630909
seed-2718__h-1__c-32__tol-na__first_difference,2718,1,32,,first_difference,test,first_order_response,51,0.01091557219925923,0.012732310849769314
seed-2718__h-1__c-32__tol-na__first_difference,2718,1,32,,first_difference,test,second_order_response,51,0.008662963774871472,0.011164855749270574
seed-2718__h-1__c-32__tol-na__first_difference,2718,1,32,,first_difference,test,regime_change,51,0.03029758466021372,0.035197164775096094
seed-2718__h-1__c-32__tol-0p01__vectorchain,2718,1,32,0.01,vectorchain,validation,sine,51,0.011744021387619808,0.01473056312899386
seed-2718__h-1__c-32__tol-0p01__vectorchain,2718,1,32,0.01,vectorchain,validation,chirp,51,0.01940832927930072,0.023273143178190153
seed-2718__h-1__c-32__tol-0p01__vectorchain,2718,1,32,0.01,vectorchain,validation,ramp,51,0.010936476842763257,0.012964926873806194
seed-2718__h-1__c-32__tol-0p01__vectorchain,2718,1,32,0.01,vectorchain,validation,piecewise_linear,51,0.011556484665233456,0.015253709753907071
seed-2718__h-1__c-32__tol-0p01__vectorchain,2718,1,32,0.01,vectorchain,validation,first_order_response,51,0.00865847703727438,0.011480649401672302
seed-2718__h-1__c-32__tol-0p01__vectorchain,2718,1,32,0.01,vectorchain,validation,second_order_response,51,0.010662164002588898,0.012744679571384495
seed-2718__h-1__c-32__tol-0p01__vectorchain,2718,1,32,0.01,vectorchain,validation,regime_change,51,0.02884587613250022,0.0349556704513665
seed-2718__h-1__c-32__tol-0p01__vectorchain,2718,1,32,0.01,vectorchain,test,sine,51,0.01220635241925031,0.014428579296955357
seed-2718__h-1__c-32__tol-0p01__vectorchain,2718,1,32,0.01,vectorchain,test,chirp,51,0.022956523668270317,0.02805969310919911
seed-2718__h-1__c-32__tol-0p01__vectorchain,2718,1,32,0.01,vectorchain,test,ramp,51,0.010314066997605776,0.012428238664231414
seed-2718__h-1__c-32__tol-0p01__vectorchain,2718,1,32,0.01,vectorchain,test,piecewise_linear,51,0.009116938293045208,0.01092459003064366
seed-2718__h-1__c-32__tol-0p01__vectorchain,2718,1,32,0.01,vectorchain,test,first_order_response,51,0.010593159555169573,0.012726630269633716
seed-2718__h-1__c-32__tol-0p01__vectorchain,2718,1,32,0.01,vectorchain,test,second_order_response,51,0.008814613656537858,0.0112776729990894
seed-2718__h-1__c-32__tol-0p01__vectorchain,2718,1,32,0.01,vectorchain,test,regime_change,51,0.030302232341107155,0.03639321017681383
seed-2718__h-1__c-32__tol-0p03__vectorchain,2718,1,32,0.03,vectorchain,validation,sine,51,0.012370998168955816,0.01567070355158401
seed-2718__h-1__c-32__tol-0p03__vectorchain,2718,1,32,0.03,vectorchain,validation,chirp,51,0.0203568391371668,0.024964674270376262
seed-2718__h-1__c-32__tol-0p03__vectorchain,2718,1,32,0.03,vectorchain,validation,ramp,51,0.01151220493834841,0.013422849465907126
seed-2718__h-1__c-32__tol-0p03__vectorchain,2718,1,32,0.03,vectorchain,validation,piecewise_linear,51,0.01368984864032879,0.018053441635174493
seed-2718__h-1__c-32__tol-0p03__vectorchain,2718,1,32,0.03,vectorchain,validation,first_order_response,51,0.009501708640759388,0.012385635646128535
seed-2718__h-1__c-32__tol-0p03__vectorchain,2718,1,32,0.03,vectorchain,validation,second_order_response,51,0.011667224846573898,0.01440985227547753
seed-2718__h-1__c-32__tol-0p03__vectorchain,2718,1,32,0.03,vectorchain,validation,regime_change,51,0.02907289030256701,0.03496322192195818
seed-2718__h-1__c-32__tol-0p03__vectorchain,2718,1,32,0.03,vectorchain,test,sine,51,0.012382537136726992,0.015435938569288111
seed-2718__h-1__c-32__tol-0p03__vectorchain,2718,1,32,0.03,vectorchain,test,chirp,51,0.023141718166732914,0.028217007108049346
seed-2718__h-1__c-32__tol-0p03__vectorchain,2718,1,32,0.03,vectorchain,test,ramp,51,0.012481429855584116,0.014691089180183378
seed-2718__h-1__c-32__tol-0p03__vectorchain,2718,1,32,0.03,vectorchain,test,piecewise_linear,51,0.010328324520457142,0.013024546339280886
seed-2718__h-1__c-32__tol-0p03__vectorchain,2718,1,32,0.03,vectorchain,test,first_order_response,51,0.012824572810123988,0.01475321992119332
seed-2718__h-1__c-32__tol-0p03__vectorchain,2718,1,32,0.03,vectorchain,test,second_order_response,51,0.010029965410321338,0.01274477362426923
seed-2718__h-1__c-32__tol-0p03__vectorchain,2718,1,32,0.03,vectorchain,test,regime_change,51,0.026210275714780528,0.031044762344596293
seed-2718__h-1__c-32__tol-0p1__vectorchain,2718,1,32,0.1,vectorchain,validation,sine,51,0.012178492889929468,0.01566137361365371
seed-2718__h-1__c-32__tol-0p1__vectorchain,2718,1,32,0.1,vectorchain,validation,chirp,51,0.022178662342309887,0.030305228062670303
seed-2718__h-1__c-32__tol-0p1__vectorchain,2718,1,32,0.1,vectorchain,validation,ramp,51,0.011945406174491765,0.014081331479820556
seed-2718__h-1__c-32__tol-0p1__vectorchain,2718,1,32,0.1,vectorchain,validation,piecewise_linear,51,0.016053362074470796,0.025431318920752868
seed-2718__h-1__c-32__tol-0p1__vectorchain,2718,1,32,0.1,vectorchain,validation,first_order_response,51,0.009841193293708006,0.012486871649506407
seed-2718__h-1__c-32__tol-0p1__vectorchain,2718,1,32,0.1,vectorchain,validation,second_order_response,51,0.011996424457724137,0.014786759010679636
seed-2718__h-1__c-32__tol-0p1__vectorchain,2718,1,32,0.1,vectorchain,validation,regime_change,51,0.02853811630715903,0.03768815731548258
seed-2718__h-1__c-32__tol-0p1__vectorchain,2718,1,32,0.1,vectorchain,test,sine,51,0.012691375645203371,0.015411493717647017
seed-2718__h-1__c-32__tol-0p1__vectorchain,2718,1,32,0.1,vectorchain,test,chirp,51,0.019230372373687972,0.024984861107132925
seed-2718__h-1__c-32__tol-0p1__vectorchain,2718,1,32,0.1,vectorchain,test,ramp,51,0.012699484739414502,0.014992741298032481
seed-2718__h-1__c-32__tol-0p1__vectorchain,2718,1,32,0.1,vectorchain,test,piecewise_linear,51,0.00990692202148003,0.01216332650168478
seed-2718__h-1__c-32__tol-0p1__vectorchain,2718,1,32,0.1,vectorchain,test,first_order_response,51,0.01316738767497478,0.015073810648287387
seed-2718__h-1__c-32__tol-0p1__vectorchain,2718,1,32,0.1,vectorchain,test,second_order_response,51,0.010294170680750201,0.012954874421426222
seed-2718__h-1__c-32__tol-0p1__vectorchain,2718,1,32,0.1,vectorchain,test,regime_change,51,0.025262421633753144,0.03383063490362799
seed-2718__h-4__c-32__tol-na__raw,2718,4,32,,raw,validation,sine,51,0.016241069483369647,0.019512433912044585
seed-2718__h-4__c-32__tol-na__raw,2718,4,32,,raw,validation,chirp,51,0.03412436284701423,0.03942148978152117
seed-2718__h-4__c-32__tol-na__raw,2718,4,32,,raw,validation,ramp,51,0.014298397257701961,0.01740233987397544
seed-2718__h-4__c-32__tol-na__raw,2718,4,32,,raw,validation,piecewise_linear,51,0.01768103963800201,0.020890275781266496
seed-2718__h-4__c-32__tol-na__raw,2718,4,32,,raw,validation,first_order_response,51,0.014474651503710344,0.018378205556493964
seed-2718__h-4__c-32__tol-na__raw,2718,4,32,,raw,validation,second_order_response,51,0.015785521497143143,0.02002086351186654
seed-2718__h-4__c-32__tol-na__raw,2718,4,32,,raw,validation,regime_change,51,0.06749446677911,0.07575292177819669
seed-2718__h-4__c-32__tol-na__raw,2718,4,32,,raw,test,sine,52,0.014601033635319125,0.018011894596174204
seed-2718__h-4__c-32__tol-na__raw,2718,4,32,,raw,test,chirp,52,0.05380092910209869,0.0609587257928153
seed-2718__h-4__c-32__tol-na__raw,2718,4,32,,raw,test,ramp,52,0.013074008198519348,0.016832651972838807
seed-2718__h-4__c-32__tol-na__raw,2718,4,32,,raw,test,piecewise_linear,52,0.012196939073865206,0.015283189347396666
seed-2718__h-4__c-32__tol-na__raw,2718,4,32,,raw,test,first_order_response,52,0.01346408209842179,0.016965925375011355
seed-2718__h-4__c-32__tol-na__raw,2718,4,32,,raw,test,second_order_response,52,0.014572519831565933,0.018466502200698606
seed-2718__h-4__c-32__tol-na__raw,2718,4,32,,raw,test,regime_change,52,0.06828382931211963,0.07639190735271965
seed-2718__h-4__c-32__tol-na__first_difference,2718,4,32,,first_difference,validation,sine,51,0.019837045957323926,0.025037659626763208
seed-2718__h-4__c-32__tol-na__first_difference,2718,4,32,,first_difference,validation,chirp,51,0.05944818405969581,0.06665030147765354
seed-2718__h-4__c-32__tol-na__first_difference,2718,4,32,,first_difference,validation,ramp,51,0.012072777072595917,0.015051458134476156
seed-2718__h-4__c-32__tol-na__first_difference,2718,4,32,,first_difference,validation,piecewise_linear,51,0.015883062087564247,0.018874234526017327
seed-2718__h-4__c-32__tol-na__first_difference,2718,4,32,,first_difference,validation,first_order_response,51,0.01157795699101738,0.014674671101210804
seed-2718__h-4__c-32__tol-na__first_difference,2718,4,32,,first_difference,validation,second_order_response,51,0.013486593425362323,0.01643472615187985
seed-2718__h-4__c-32__tol-na__first_difference,2718,4,32,,first_difference,validation,regime_change,51,0.104523602025229,0.11594168412683652
seed-2718__h-4__c-32__tol-na__first_difference,2718,4,32,,first_difference,test,sine,52,0.019347576479616106,0.023304749898702
seed-2718__h-4__c-32__tol-na__first_difference,2718,4,32,,first_difference,test,chirp,52,0.08461494023874076,0.0947867263725535
seed-2718__h-4__c-32__tol-na__first_difference,2718,4,32,,first_difference,test,ramp,52,0.010461544478296954,0.013703587172204748
seed-2718__h-4__c-32__tol-na__first_difference,2718,4,32,,first_difference,test,piecewise_linear,52,0.010200438791550102,0.012937962500772086
seed-2718__h-4__c-32__tol-na__first_difference,2718,4,32,,first_difference,test,first_order_response,52,0.011090132212010665,0.01353112997642523
seed-2718__h-4__c-32__tol-na__first_difference,2718,4,32,,first_difference,test,second_order_response,52,0.012175322481848262,0.015541843151055642
seed-2718__h-4__c-32__tol-na__first_difference,2718,4,32,,first_difference,test,regime_change,52,0.1053998593278444,0.1160076220536477
seed-2718__h-4__c-32__tol-0p01__vectorchain,2718,4,32,0.01,vectorchain,validation,sine,51,0.021311204021631332,0.026632861033899256
seed-2718__h-4__c-32__tol-0p01__vectorchain,2718,4,32,0.01,vectorchain,validation,chirp,51,0.05089597450244799,0.059519185872100526
seed-2718__h-4__c-32__tol-0p01__vectorchain,2718,4,32,0.01,vectorchain,validation,ramp,51,0.015091740094585956,0.017961349253258613
seed-2718__h-4__c-32__tol-0p01__vectorchain,2718,4,32,0.01,vectorchain,validation,piecewise_linear,51,0.017225440021055284,0.020748681266876352
seed-2718__h-4__c-32__tol-0p01__vectorchain,2718,4,32,0.01,vectorchain,validation,first_order_response,51,0.012344407792296997,0.015467569889565025
seed-2718__h-4__c-32__tol-0p01__vectorchain,2718,4,32,0.01,vectorchain,validation,second_order_response,51,0.013881027032705613,0.017070081421785618
seed-2718__h-4__c-32__tol-0p01__vectorchain,2718,4,32,0.01,vectorchain,validation,regime_change,51,0.08891418551351937,0.10302786049225349
seed-2718__h-4__c-32__tol-0p01__vectorchain,2718,4,32,0.01,vectorchain,test,sine,52,0.01909217959551287,0.02430782887600834
seed-2718__h-4__c-32__tol-0p01__vectorchain,2718,4,32,0.01,vectorchain,test,chirp,52,0.0679409288974386,0.08017428783383836
seed-2718__h-4__c-32__tol-0p01__vectorchain,2718,4,32,0.01,vectorchain,test,ramp,52,0.011476233853220282,0.014460074126176812
seed-2718__h-4__c-32__tol-0p01__vectorchain,2718,4,32,0.01,vectorchain,test,piecewise_linear,52,0.01133322220914994,0.014802437848074543
seed-2718__h-4__c-32__tol-0p01__vectorchain,2718,4,32,0.01,vectorchain,test,first_order_response,52,0.012328772140795209,0.015281447602612637
seed-2718__h-4__c-32__tol-0p01__vectorchain,2718,4,32,0.01,vectorchain,test,second_order_response,52,0.013547276374326869,0.017456770316646743
seed-2718__h-4__c-32__tol-0p01__vectorchain,2718,4,32,0.01,vectorchain,test,regime_change,52,0.0938929349171094,0.10938445069267826
seed-2718__h-4__c-32__tol-0p03__vectorchain,2718,4,32,0.03,vectorchain,validation,sine,51,0.02070832842900908,0.025435954717158635
seed-2718__h-4__c-32__tol-0p03__vectorchain,2718,4,32,0.03,vectorchain,validation,chirp,51,0.0538241532079409,0.06268452955560852
seed-2718__h-4__c-32__tol-0p03__vectorchain,2718,4,32,0.03,vectorchain,validation,ramp,51,0.01562665338171001,0.01948774904463287
seed-2718__h-4__c-32__tol-0p03__vectorchain,2718,4,32,0.03,vectorchain,validation,piecewise_linear,51,0.02080426824702522,0.025731762446608228
seed-2718__h-4__c-32__tol-0p03__vectorchain,2718,4,32,0.03,vectorchain,validation,first_order_response,51,0.017718997701288045,0.022392009143585058
seed-2718__h-4__c-32__tol-0p03__vectorchain,2718,4,32,0.03,vectorchain,validation,second_order_response,51,0.016992744860205817,0.02359358028893081
seed-2718__h-4__c-32__tol-0p03__vectorchain,2718,4,32,0.03,vectorchain,validation,regime_change,51,0.08629247982550542,0.09948606951118154
seed-2718__h-4__c-32__tol-0p03__vectorchain,2718,4,32,0.03,vectorchain,test,sine,52,0.019743925959347337,0.02621523132957224
seed-2718__h-4__c-32__tol-0p03__vectorchain,2718,4,32,0.03,vectorchain,test,chirp,52,0.06450636032297942,0.07597121296799214
seed-2718__h-4__c-32__tol-0p03__vectorchain,2718,4,32,0.03,vectorchain,test,ramp,52,0.014848768837970166,0.01907190539458566
seed-2718__h-4__c-32__tol-0p03__vectorchain,2718,4,32,0.03,vectorchain,test,piecewise_linear,52,0.014862705954666232,0.019457432379402013
seed-2718__h-4__c-32__tol-0p03__vectorchain,2718,4,32,0.03,vectorchain,test,first_order_response,52,0.015143281350389705,0.01953277823563626
seed-2718__h-4__c-32__tol-0p03__vectorchain,2718,4,32,0.03,vectorchain,test,second_order_response,52,0.01652803102447599,0.02246384828102972
seed-2718__h-4__c-32__tol-0p03__vectorchain,2718,4,32,0.03,vectorchain,test,regime_change,52,0.08350440917196922,0.09832491546704349
seed-2718__h-4__c-32__tol-0p1__vectorchain,2718,4,32,0.1,vectorchain,validation,sine,51,0.019997875904669882,0.025165662643099104
seed-2718__h-4__c-32__tol-0p1__vectorchain,2718,4,32,0.1,vectorchain,validation,chirp,51,0.03473770434583878,0.04875898108981481
seed-2718__h-4__c-32__tol-0p1__vectorchain,2718,4,32,0.1,vectorchain,validation,ramp,51,0.012977636603632178,0.01616458098434478
seed-2718__h-4__c-32__tol-0p1__vectorchain,2718,4,32,0.1,vectorchain,validation,piecewise_linear,51,0.021983247586340217,0.040791951112733184
seed-2718__h-4__c-32__tol-0p1__vectorchain,2718,4,32,0.1,vectorchain,validation,first_order_response,51,0.012676752399100223,0.016386520180143777
seed-2718__h-4__c-32__tol-0p1__vectorchain,2718,4,32,0.1,vectorchain,validation,second_order_response,51,0.014791452818066672,0.018061024475794413
seed-2718__h-4__c-32__tol-0p1__vectorchain,2718,4,32,0.1,vectorchain,validation,regime_change,51,0.038960731314795334,0.0535603836455638
seed-2718__h-4__c-32__tol-0p1__vectorchain,2718,4,32,0.1,vectorchain,test,sine,52,0.018382469217810102,0.023136393740693692
seed-2718__h-4__c-32__tol-0p1__vectorchain,2718,4,32,0.1,vectorchain,test,chirp,52,0.03577231754363748,0.04627875821624705
seed-2718__h-4__c-32__tol-0p1__vectorchain,2718,4,32,0.1,vectorchain,test,ramp,52,0.011918559404483423,0.015397137640870076
seed-2718__h-4__c-32__tol-0p1__vectorchain,2718,4,32,0.1,vectorchain,test,piecewise_linear,52,0.011209249252962008,0.01433787764318189
seed-2718__h-4__c-32__tol-0p1__vectorchain,2718,4,32,0.1,vectorchain,test,first_order_response,52,0.011573039887481113,0.014669226292631428
seed-2718__h-4__c-32__tol-0p1__vectorchain,2718,4,32,0.1,vectorchain,test,second_order_response,52,0.012636082567909988,0.0163839084742446
seed-2718__h-4__c-32__tol-0p1__vectorchain,2718,4,32,0.1,vectorchain,test,regime_change,52,0.0350851872976338,0.048141277561016695
seed-2718__h-16__c-32__tol-na__raw,2718,16,32,,raw,validation,sine,51,0.032135870043195985,0.04059431241634203
seed-2718__h-16__c-32__tol-na__raw,2718,16,32,,raw,validation,chirp,51,0.18780194027144226,0.21085294766666526
seed-2718__h-16__c-32__tol-na__raw,2718,16,32,,raw,validation,ramp,51,0.022015370655781206,0.02681138582766963
seed-2718__h-16__c-32__tol-na__raw,2718,16,32,,raw,validation,piecewise_linear,51,0.03273922619799745,0.03878806551923162
seed-2718__h-16__c-32__tol-na__raw,2718,16,32,,raw,validation,first_order_response,51,0.033011436960352476,0.03753485913682404
seed-2718__h-16__c-32__tol-na__raw,2718,16,32,,raw,validation,second_order_response,51,0.04025116915647662,0.04554711959078671
seed-2718__h-16__c-32__tol-na__raw,2718,16,32,,raw,validation,regime_change,51,0.37041783570699965,0.4143455382120559
seed-2718__h-16__c-32__tol-na__raw,2718,16,32,,raw,test,sine,52,0.02767655496711718,0.03457639127512602
seed-2718__h-16__c-32__tol-na__raw,2718,16,32,,raw,test,chirp,52,0.2835579777119599,0.3208537928178325
seed-2718__h-16__c-32__tol-na__raw,2718,16,32,,raw,test,ramp,52,0.029245909275716846,0.034859639780411754
seed-2718__h-16__c-32__tol-na__raw,2718,16,32,,raw,test,piecewise_linear,52,0.018532934515090724,0.022873026948586058
seed-2718__h-16__c-32__tol-na__raw,2718,16,32,,raw,test,first_order_response,52,0.03528971395444331,0.04043952956193195
seed-2718__h-16__c-32__tol-na__raw,2718,16,32,,raw,test,second_order_response,52,0.03856994511299004,0.04348605206488357
seed-2718__h-16__c-32__tol-na__raw,2718,16,32,,raw,test,regime_change,52,0.3873188085275551,0.4288580704227141
seed-2718__h-16__c-32__tol-na__first_difference,2718,16,32,,first_difference,validation,sine,51,0.0892398981878065,0.09946886730843356
seed-2718__h-16__c-32__tol-na__first_difference,2718,16,32,,first_difference,validation,chirp,51,0.2786671205393442,0.3141442067099154
seed-2718__h-16__c-32__tol-na__first_difference,2718,16,32,,first_difference,validation,ramp,51,0.02296932981614692,0.02999864209609696
seed-2718__h-16__c-32__tol-na__first_difference,2718,16,32,,first_difference,validation,piecewise_linear,51,0.0396678758267662,0.04862761274060574
seed-2718__h-16__c-32__tol-na__first_difference,2718,16,32,,first_difference,validation,first_order_response,51,0.02402712247681456,0.03008007004216993
seed-2718__h-16__c-32__tol-na__first_difference,2718,16,32,,first_difference,validation,second_order_response,51,0.02625414600425456,0.03386961361530874
seed-2718__h-16__c-32__tol-na__first_difference,2718,16,32,,first_difference,validation,regime_change,51,0.4789148430166712,0.5308135132627395
seed-2718__h-16__c-32__tol-na__first_difference,2718,16,32,,first_difference,test,sine,52,0.0828725500080001,0.09327240593331115
seed-2718__h-16__c-32__tol-na__first_difference,2718,16,32,,first_difference,test,chirp,52,0.38905800397850915,0.4345532914201524
seed-2718__h-16__c-32__tol-na__first_difference,2718,16,32,,first_difference,test,ramp,52,0.025775333433025793,0.03257340520791716
seed-2718__h-16__c-32__tol-na__first_difference,2718,16,32,,first_difference,test,piecewise_linear,52,0.02062897363227329,0.027477270735575595
seed-2718__h-16__c-32__tol-na__first_difference,2718,16,32,,first_difference,test,first_order_response,52,0.024487732051657492,0.028850776914488476
seed-2718__h-16__c-32__tol-na__first_difference,2718,16,32,,first_difference,test,second_order_response,52,0.026621321772488014,0.032763627115330075
seed-2718__h-16__c-32__tol-na__first_difference,2718,16,32,,first_difference,test,regime_change,52,0.4853774408641532,0.5342964504042663
seed-2718__h-16__c-32__tol-0p01__vectorchain,2718,16,32,0.01,vectorchain,validation,sine,51,0.08893037179967307,0.1033269641774
seed-2718__h-16__c-32__tol-0p01__vectorchain,2718,16,32,0.01,vectorchain,validation,chirp,51,0.23556740993754144,0.27539787863914367
seed-2718__h-16__c-32__tol-0p01__vectorchain,2718,16,32,0.01,vectorchain,validation,ramp,51,0.035334737490141675,0.04234252409643228
seed-2718__h-16__c-32__tol-0p01__vectorchain,2718,16,32,0.01,vectorchain,validation,piecewise_linear,51,0.04417398046022747,0.051612859706693014
seed-2718__h-16__c-32__tol-0p01__vectorchain,2718,16,32,0.01,vectorchain,validation,first_order_response,51,0.030993016418250946,0.0396897958329249
seed-2718__h-16__c-32__tol-0p01__vectorchain,2718,16,32,0.01,vectorchain,validation,second_order_response,51,0.027815906019030907,0.03586199665196378
seed-2718__h-16__c-32__tol-0p01__vectorchain,2718,16,32,0.01,vectorchain,validation,regime_change,51,0.4317893491558382,0.5025625451446921
seed-2718__h-16__c-32__tol-0p01__vectorchain,2718,16,32,0.01,vectorchain,test,sine,52,0.08340720161075267,0.09486243536682953
seed-2718__h-16__c-32__tol-0p01__vectorchain,2718,16,32,0.01,vectorchain,test,chirp,52,0.31784578686179565,0.3857505117206227
seed-2718__h-16__c-32__tol-0p01__vectorchain,2718,16,32,0.01,vectorchain,test,ramp,52,0.028978588386666275,0.035332792179697974
seed-2718__h-16__c-32__tol-0p01__vectorchain,2718,16,32,0.01,vectorchain,test,piecewise_linear,52,0.0260171108926636,0.03332842276620228
seed-2718__h-16__c-32__tol-0p01__vectorchain,2718,16,32,0.01,vectorchain,test,first_order_response,52,0.029334352134002574,0.03532802806692448
seed-2718__h-16__c-32__tol-0p01__vectorchain,2718,16,32,0.01,vectorchain,test,second_order_response,52,0.0324081399474634,0.04173010591665281
seed-2718__h-16__c-32__tol-0p01__vectorchain,2718,16,32,0.01,vectorchain,test,regime_change,52,0.4232837353008598,0.5078672647484728
seed-2718__h-16__c-32__tol-0p03__vectorchain,2718,16,32,0.03,vectorchain,validation,sine,51,0.077407382776879,0.09533099855907357
seed-2718__h-16__c-32__tol-0p03__vectorchain,2718,16,32,0.03,vectorchain,validation,chirp,51,0.2518933175733011,0.29693742965591624
seed-2718__h-16__c-32__tol-0p03__vectorchain,2718,16,32,0.03,vectorchain,validation,ramp,51,0.03784561406429859,0.056189354350257584
seed-2718__h-16__c-32__tol-0p03__vectorchain,2718,16,32,0.03,vectorchain,validation,piecewise_linear,51,0.04757293212870226,0.06853024367012732
seed-2718__h-16__c-32__tol-0p03__vectorchain,2718,16,32,0.03,vectorchain,validation,first_order_response,51,0.048679379775818786,0.06650811637328903
seed-2718__h-16__c-32__tol-0p03__vectorchain,2718,16,32,0.03,vectorchain,validation,second_order_response,51,0.04179701831370702,0.06833517055731494
seed-2718__h-16__c-32__tol-0p03__vectorchain,2718,16,32,0.03,vectorchain,validation,regime_change,51,0.40242070866226404,0.4784643681201377
seed-2718__h-16__c-32__tol-0p03__vectorchain,2718,16,32,0.03,vectorchain,test,sine,52,0.08252316211825822,0.09793339586325335
seed-2718__h-16__c-32__tol-0p03__vectorchain,2718,16,32,0.03,vectorchain,test,chirp,52,0.2894913612879152,0.3515897249664249
seed-2718__h-16__c-32__tol-0p03__vectorchain,2718,16,32,0.03,vectorchain,test,ramp,52,0.040201694637983836,0.05282806410389729
seed-2718__h-16__c-32__tol-0p03__vectorchain,2718,16,32,0.03,vectorchain,test,piecewise_linear,52,0.04264116024361672,0.053895076926071275
seed-2718__h-16__c-32__tol-0p03__vectorchain,2718,16,32,0.03,vectorchain,test,first_order_response,52,0.035505439940236555,0.05282348511851115
seed-2718__h-16__c-32__tol-0p03__vectorchain,2718,16,32,0.03,vectorchain,test,second_order_response,52,0.048325801170353386,0.06839718737624945
seed-2718__h-16__c-32__tol-0p03__vectorchain,2718,16,32,0.03,vectorchain,test,regime_change,52,0.3567167564981124,0.4487054231586739
seed-2718__h-16__c-32__tol-0p1__vectorchain,2718,16,32,0.1,vectorchain,validation,sine,51,0.08736393339685039,0.09767614159923221
seed-2718__h-16__c-32__tol-0p1__vectorchain,2718,16,32,0.1,vectorchain,validation,chirp,51,0.1875454474255121,0.22357532008988665
seed-2718__h-16__c-32__tol-0p1__vectorchain,2718,16,32,0.1,vectorchain,validation,ramp,51,0.016546970807608554,0.02118871755318461
seed-2718__h-16__c-32__tol-0p1__vectorchain,2718,16,32,0.1,vectorchain,validation,piecewise_linear,51,0.029212450592982823,0.04073065188391054
seed-2718__h-16__c-32__tol-0p1__vectorchain,2718,16,32,0.1,vectorchain,validation,first_order_response,51,0.013458715419826555,0.017274561672721542
seed-2718__h-16__c-32__tol-0p1__vectorchain,2718,16,32,0.1,vectorchain,validation,second_order_response,51,0.02053382560658739,0.025631606681026372
seed-2718__h-16__c-32__tol-0p1__vectorchain,2718,16,32,0.1,vectorchain,validation,regime_change,51,0.3687194162883733,0.4760820360068653
seed-2718__h-16__c-32__tol-0p1__vectorchain,2718,16,32,0.1,vectorchain,test,sine,52,0.08348982863162241,0.09218964967818415
seed-2718__h-16__c-32__tol-0p1__vectorchain,2718,16,32,0.1,vectorchain,test,chirp,52,0.23785841988847378,0.30674726781409695
seed-2718__h-16__c-32__tol-0p1__vectorchain,2718,16,32,0.1,vectorchain,test,ramp,52,0.0150108284304912,0.019903356946277047
seed-2718__h-16__c-32__tol-0p1__vectorchain,2718,16,32,0.1,vectorchain,test,piecewise_linear,52,0.01326169133963549,0.0172027227706929
seed-2718__h-16__c-32__tol-0p1__vectorchain,2718,16,32,0.1,vectorchain,test,first_order_response,52,0.014763760990530022,0.018343690955334953
seed-2718__h-16__c-32__tol-0p1__vectorchain,2718,16,32,0.1,vectorchain,test,second_order_response,52,0.016092385969129683,0.02079331932342262
seed-2718__h-16__c-32__tol-0p1__vectorchain,2718,16,32,0.1,vectorchain,test,regime_change,52,0.3195034273936246,0.44025452199039455
seed-2718__h-1__c-64__tol-na__raw,2718,1,64,,raw,validation,sine,51,0.011623808237774511,0.01496616690203425
seed-2718__h-1__c-64__tol-na__raw,2718,1,64,,raw,validation,chirp,51,0.017100731092355038,0.020755154691439293
seed-2718__h-1__c-64__tol-na__raw,2718,1,64,,raw,validation,ramp,51,0.012006568468406222,0.014261339774312296
seed-2718__h-1__c-64__tol-na__raw,2718,1,64,,raw,validation,piecewise_linear,51,0.014026732418357132,0.01825595792260233
seed-2718__h-1__c-64__tol-na__raw,2718,1,64,,raw,validation,first_order_response,51,0.009771776854829235,0.012299102654935477
seed-2718__h-1__c-64__tol-na__raw,2718,1,64,,raw,validation,second_order_response,51,0.012766399429721026,0.015937654473743106
seed-2718__h-1__c-64__tol-na__raw,2718,1,64,,raw,validation,regime_change,51,0.027930271593768694,0.03390957384616306
seed-2718__h-1__c-64__tol-na__raw,2718,1,64,,raw,test,sine,51,0.012176058161197862,0.014611316506198213
seed-2718__h-1__c-64__tol-na__raw,2718,1,64,,raw,test,chirp,51,0.023224855644435216,0.02748246413214364
seed-2718__h-1__c-64__tol-na__raw,2718,1,64,,raw,test,ramp,51,0.013110299855008856,0.015569229977453733
seed-2718__h-1__c-64__tol-na__raw,2718,1,64,,raw,test,piecewise_linear,51,0.009978690973324727,0.012245442503862433
seed-2718__h-1__c-64__tol-na__raw,2718,1,64,,raw,test,first_order_response,51,0.013681229511507284,0.01585537333926814
seed-2718__h-1__c-64__tol-na__raw,2718,1,64,,raw,test,second_order_response,51,0.0109738270704776,0.013910174277094433
seed-2718__h-1__c-64__tol-na__raw,2718,1,64,,raw,test,regime_change,51,0.025430966527292213,0.030507737393646976
seed-2718__h-1__c-64__tol-na__first_difference,2718,1,64,,first_difference,validation,sine,51,0.013815905887396895,0.01694496142922557
seed-2718__h-1__c-64__tol-na__first_difference,2718,1,64,,first_difference,validation,chirp,51,0.030095286207079103,0.03500847723505772
seed-2718__h-1__c-64__tol-na__first_difference,2718,1,64,,first_difference,validation,ramp,51,0.011382929286566383,0.013294355122042854
seed-2718__h-1__c-64__tol-na__first_difference,2718,1,64,,first_difference,validation,piecewise_linear,51,0.01273890328229183,0.01624142761449817
seed-2718__h-1__c-64__tol-na__first_difference,2718,1,64,,first_difference,validation,first_order_response,51,0.00869048857291736,0.011307312984698642
seed-2718__h-1__c-64__tol-na__first_difference,2718,1,64,,first_difference,validation,second_order_response,51,0.011027575561603777,0.013471938507174848
seed-2718__h-1__c-64__tol-na__first_difference,2718,1,64,,first_difference,validation,regime_change,51,0.046248007367211005,0.052529191765172435
seed-2718__h-1__c-64__tol-na__first_difference,2718,1,64,,first_difference,test,sine,51,0.013896538361251121,0.0164515647613449
seed-2718__h-1__c-64__tol-na__first_difference,2718,1,64,,first_difference,test,chirp,51,0.03671646521295838,0.04261962429716803
seed-2718__h-1__c-64__tol-na__first_difference,2718,1,64,,first_difference,test,ramp,51,0.01175705183089045,0.013646574044977072
seed-2718__h-1__c-64__tol-na__first_difference,2718,1,64,,first_difference,test,piecewise_linear,51,0.009075031279034607,0.011059970144685793
seed-2718__h-1__c-64__tol-na__first_difference,2718,1,64,,first_difference,test,first_order_response,51,0.011725366490636447,0.013580431992989318
seed-2718__h-1__c-64__tol-na__first_difference,2718,1,64,,first_difference,test,second_order_response,51,0.008914748276688854,0.01137239808519507
seed-2718__h-1__c-64__tol-na__first_difference,2718,1,64,,first_difference,test,regime_change,51,0.04177012360924201,0.047422219342758205
seed-2718__h-1__c-64__tol-0p01__vectorchain,2718,1,64,0.01,vectorchain,validation,sine,51,0.01290053039790992,0.01620213985976193
seed-2718__h-1__c-64__tol-0p01__vectorchain,2718,1,64,0.01,vectorchain,validation,chirp,51,0.022952543268056003,0.0275642984411571
seed-2718__h-1__c-64__tol-0p01__vectorchain,2718,1,64,0.01,vectorchain,validation,ramp,51,0.011755190195579085,0.01399298081951226
seed-2718__h-1__c-64__tol-0p01__vectorchain,2718,1,64,0.01,vectorchain,validation,piecewise_linear,51,0.012550963002525017,0.016246168377580104
seed-2718__h-1__c-64__tol-0p01__vectorchain,2718,1,64,0.01,vectorchain,validation,first_order_response,51,0.009114941648715335,0.011781694935753345
seed-2718__h-1__c-64__tol-0p01__vectorchain,2718,1,64,0.01,vectorchain,validation,second_order_response,51,0.011300659383485706,0.013297185451828676
seed-2718__h-1__c-64__tol-0p01__vectorchain,2718,1,64,0.01,vectorchain,validation,regime_change,51,0.035497423601034625,0.042114155204110805
seed-2718__h-1__c-64__tol-0p01__vectorchain,2718,1,64,0.01,vectorchain,test,sine,51,0.013031159606522754,0.015246154006357137
seed-2718__h-1__c-64__tol-0p01__vectorchain,2718,1,64,0.01,vectorchain,test,chirp,51,0.027168758051190362,0.032455721684181045
seed-2718__h-1__c-64__tol-0p01__vectorchain,2718,1,64,0.01,vectorchain,test,ramp,51,0.0110558567138398,0.013457663027282437
seed-2718__h-1__c-64__tol-0p01__vectorchain,2718,1,64,0.01,vectorchain,test,piecewise_linear,51,0.009439175159656902,0.011323837802186884
seed-2718__h-1__c-64__tol-0p01__vectorchain,2718,1,64,0.01,vectorchain,test,first_order_response,51,0.011229120229962216,0.013307935112906143
seed-2718__h-1__c-64__tol-0p01__vectorchain,2718,1,64,0.01,vectorchain,test,second_order_response,51,0.009584178527832509,0.012355768463673618
seed-2718__h-1__c-64__tol-0p01__vectorchain,2718,1,64,0.01,vectorchain,test,regime_change,51,0.03182714434660653,0.03843107609181436
seed-2718__h-1__c-64__tol-0p03__vectorchain,2718,1,64,0.03,vectorchain,validation,sine,51,0.01263283596750546,0.015817211798435742
seed-2718__h-1__c-64__tol-0p03__vectorchain,2718,1,64,0.03,vectorchain,validation,chirp,51,0.018893771965294553,0.022774226170684603
seed-2718__h-1__c-64__tol-0p03__vectorchain,2718,1,64,0.03,vectorchain,validation,ramp,51,0.011675924087330947,0.014095119531581412
seed-2718__h-1__c-64__tol-0p03__vectorchain,2718,1,64,0.03,vectorchain,validation,piecewise_linear,51,0.014826290151221985,0.0187599809047786
seed-2718__h-1__c-64__tol-0p03__vectorchain,2718,1,64,0.03,vectorchain,validation,first_order_response,51,0.009842277622379587,0.012855167976934827
seed-2718__h-1__c-64__tol-0p03__vectorchain,2718,1,64,0.03,vectorchain,validation,second_order_response,51,0.012131252703716927,0.01492700514436306
seed-2718__h-1__c-64__tol-0p03__vectorchain,2718,1,64,0.03,vectorchain,validation,regime_change,51,0.029449390363410703,0.03497432570106894
seed-2718__h-1__c-64__tol-0p03__vectorchain,2718,1,64,0.03,vectorchain,test,sine,51,0.01258497874249675,0.015551897072477986
seed-2718__h-1__c-64__tol-0p03__vectorchain,2718,1,64,0.03,vectorchain,test,chirp,51,0.023223843087867548,0.027897756483376765
seed-2718__h-1__c-64__tol-0p03__vectorchain,2718,1,64,0.03,vectorchain,test,ramp,51,0.012651062776157037,0.015379148002537146
seed-2718__h-1__c-64__tol-0p03__vectorchain,2718,1,64,0.03,vectorchain,test,piecewise_linear,51,0.010332362042070496,0.013242091347800241
seed-2718__h-1__c-64__tol-0p03__vectorchain,2718,1,64,0.03,vectorchain,test,first_order_response,51,0.013757086877748665,0.0160961212933685
seed-2718__h-1__c-64__tol-0p03__vectorchain,2718,1,64,0.03,vectorchain,test,second_order_response,51,0.011226718784010988,0.014153513631455283
seed-2718__h-1__c-64__tol-0p03__vectorchain,2718,1,64,0.03,vectorchain,test,regime_change,51,0.02584507862501267,0.029993081917276503
seed-2718__h-1__c-64__tol-0p1__vectorchain,2718,1,64,0.1,vectorchain,validation,sine,51,0.011636129101276444,0.015292006840683584
seed-2718__h-1__c-64__tol-0p1__vectorchain,2718,1,64,0.1,vectorchain,validation,chirp,51,0.014163799771185884,0.017276448029309464
seed-2718__h-1__c-64__tol-0p1__vectorchain,2718,1,64,0.1,vectorchain,validation,ramp,51,0.011754471712200487,0.013729732428767268
seed-2718__h-1__c-64__tol-0p1__vectorchain,2718,1,64,0.1,vectorchain,validation,piecewise_linear,51,0.013712621941746895,0.018026021657297126
seed-2718__h-1__c-64__tol-0p1__vectorchain,2718,1,64,0.1,vectorchain,validation,first_order_response,51,0.009866333317573046,0.01254852570659867
seed-2718__h-1__c-64__tol-0p1__vectorchain,2718,1,64,0.1,vectorchain,validation,second_order_response,51,0.011827450596813217,0.014571373756042968
seed-2718__h-1__c-64__tol-0p1__vectorchain,2718,1,64,0.1,vectorchain,validation,regime_change,51,0.020046352554393233,0.023354966538287992
seed-2718__h-1__c-64__tol-0p1__vectorchain,2718,1,64,0.1,vectorchain,test,sine,51,0.013405593302957952,0.016210469082889103
seed-2718__h-1__c-64__tol-0p1__vectorchain,2718,1,64,0.1,vectorchain,test,chirp,51,0.014316980461996913,0.0177660772282234
seed-2718__h-1__c-64__tol-0p1__vectorchain,2718,1,64,0.1,vectorchain,test,ramp,51,0.012662809144369612,0.014909795735409546
seed-2718__h-1__c-64__tol-0p1__vectorchain,2718,1,64,0.1,vectorchain,test,piecewise_linear,51,0.009720815819771498,0.01199274442098796
seed-2718__h-1__c-64__tol-0p1__vectorchain,2718,1,64,0.1,vectorchain,test,first_order_response,51,0.013013542412832157,0.014847212465881247
seed-2718__h-1__c-64__tol-0p1__vectorchain,2718,1,64,0.1,vectorchain,test,second_order_response,51,0.00999347547255369,0.012588894900655618
seed-2718__h-1__c-64__tol-0p1__vectorchain,2718,1,64,0.1,vectorchain,test,regime_change,51,0.016424221658690074,0.020194780058384425
seed-2718__h-4__c-64__tol-na__raw,2718,4,64,,raw,validation,sine,51,0.016556923343688135,0.020337048829859736
seed-2718__h-4__c-64__tol-na__raw,2718,4,64,,raw,validation,chirp,51,0.059372655937258954,0.06735053213614364
seed-2718__h-4__c-64__tol-na__raw,2718,4,64,,raw,validation,ramp,51,0.013619911525361753,0.01651315053755139
seed-2718__h-4__c-64__tol-na__raw,2718,4,64,,raw,validation,piecewise_linear,51,0.017298961949226876,0.02034411863511295
seed-2718__h-4__c-64__tol-na__raw,2718,4,64,,raw,validation,first_order_response,51,0.014779923516805233,0.018612502412110227
seed-2718__h-4__c-64__tol-na__raw,2718,4,64,,raw,validation,second_order_response,51,0.01664580130011849,0.021183257358074376
seed-2718__h-4__c-64__tol-na__raw,2718,4,64,,raw,validation,regime_change,51,0.11076671140528864,0.12594952917723098
seed-2718__h-4__c-64__tol-na__raw,2718,4,64,,raw,test,sine,52,0.013406864636760033,0.01776831354943915
seed-2718__h-4__c-64__tol-na__raw,2718,4,64,,raw,test,chirp,52,0.08642747582948676,0.09794579241574625
seed-2718__h-4__c-64__tol-na__raw,2718,4,64,,raw,test,ramp,52,0.013031073437588643,0.016743967585872523
seed-2718__h-4__c-64__tol-na__raw,2718,4,64,,raw,test,piecewise_linear,52,0.012128587050741517,0.01478133458815913
seed-2718__h-4__c-64__tol-na__raw,2718,4,64,,raw,test,first_order_response,52,0.014367883095911372,0.017539849127880622
seed-2718__h-4__c-64__tol-na__raw,2718,4,64,,raw,test,second_order_response,52,0.015144922877694035,0.019063341808643344
seed-2718__h-4__c-64__tol-na__raw,2718,4,64,,raw,test,regime_change,52,0.11513114545384352,0.12837860199113293
seed-2718__h-4__c-64__tol-na__first_difference,2718,4,64,,first_difference,validation,sine,51,0.030709674321218572,0.03703788738837325
seed-2718__h-4__c-64__tol-na__first_difference,2718,4,64,,first_difference,validation,chirp,51,0.08973132221787694,0.10195639373113677
seed-2718__h-4__c-64__tol-na__first_difference,2718,4,64,,first_difference,validation,ramp,51,0.014633124088854376,0.018201357089044648
seed-2718__h-4__c-64__tol-na__first_difference,2718,4,64,,first_difference,validation,piecewise_linear,51,0.02021297891100848,0.02375296875123207
seed-2718__h-4__c-64__tol-na__first_difference,2718,4,64,,first_difference,validation,first_order_response,51,0.01496265144430979,0.018975087300193868
seed-2718__h-4__c-64__tol-na__first_difference,2718,4,64,,first_difference,validation,second_order_response,51,0.017131218556842784,0.020762184883288206
seed-2718__h-4__c-64__tol-na__first_difference,2718,4,64,,first_difference,validation,regime_change,51,0.1465107108617203,0.16365679629718502
seed-2718__h-4__c-64__tol-na__first_difference,2718,4,64,,first_difference,test,sine,52,0.029735966497854132,0.035467659005682634
seed-2718__h-4__c-64__tol-na__first_difference,2718,4,64,,first_difference,test,chirp,52,0.11475330426800179,0.1316851741947126
seed-2718__h-4__c-64__tol-na__first_difference,2718,4,64,,first_difference,test,ramp,52,0.014390864431102868,0.017911082814850824
seed-2718__h-4__c-64__tol-na__first_difference,2718,4,64,,first_difference,test,piecewise_linear,52,0.013135571122800517,0.016362284466429778
seed-2718__h-4__c-64__tol-na__first_difference,2718,4,64,,first_difference,test,first_order_response,52,0.013411947658285255,0.016994313166316485
seed-2718__h-4__c-64__tol-na__first_difference,2718,4,64,,first_difference,test,second_order_response,52,0.014125042123216688,0.018263800597375722
seed-2718__h-4__c-64__tol-na__first_difference,2718,4,64,,first_difference,test,regime_change,52,0.14016230435968213,0.15784725837479588
seed-2718__h-4__c-64__tol-0p01__vectorchain,2718,4,64,0.01,vectorchain,validation,sine,51,0.02556017688395761,0.031649466196698436
seed-2718__h-4__c-64__tol-0p01__vectorchain,2718,4,64,0.01,vectorchain,validation,chirp,51,0.06412899427162859,0.07265489099790183
seed-2718__h-4__c-64__tol-0p01__vectorchain,2718,4,64,0.01,vectorchain,validation,ramp,51,0.018250204021172094,0.02125783628173824
seed-2718__h-4__c-64__tol-0p01__vectorchain,2718,4,64,0.01,vectorchain,validation,piecewise_linear,51,0.019003496825368338,0.022545466152892525
seed-2718__h-4__c-64__tol-0p01__vectorchain,2718,4,64,0.01,vectorchain,validation,first_order_response,51,0.013373450489263021,0.018611192915830008
seed-2718__h-4__c-64__tol-0p01__vectorchain,2718,4,64,0.01,vectorchain,validation,second_order_response,51,0.016509274867482313,0.019965537198619154
seed-2718__h-4__c-64__tol-0p01__vectorchain,2718,4,64,0.01,vectorchain,validation,regime_change,51,0.10921186822013519,0.12380236376653729
seed-2718__h-4__c-64__tol-0p01__vectorchain,2718,4,64,0.01,vectorchain,test,sine,52,0.025270144732170954,0.03058038149691645
seed-2718__h-4__c-64__tol-0p01__vectorchain,2718,4,64,0.01,vectorchain,test,chirp,52,0.08498378076643089,0.0990742736505547
seed-2718__h-4__c-64__tol-0p01__vectorchain,2718,4,64,0.01,vectorchain,test,ramp,52,0.01417813448806106,0.01785792160225481
seed-2718__h-4__c-64__tol-0p01__vectorchain,2718,4,64,0.01,vectorchain,test,piecewise_linear,52,0.01304951019732516,0.016520974167494085
seed-2718__h-4__c-64__tol-0p01__vectorchain,2718,4,64,0.01,vectorchain,test,first_order_response,52,0.014377758176037878,0.01760483797101422
seed-2718__h-4__c-64__tol-0p01__vectorchain,2718,4,64,0.01,vectorchain,test,second_order_response,52,0.015577733375682284,0.020255207446122477
seed-2718__h-4__c-64__tol-0p01__vectorchain,2718,4,64,0.01,vectorchain,test,regime_change,52,0.10319483317996664,0.11985441604155485
seed-2718__h-4__c-64__tol-0p03__vectorchain,2718,4,64,0.03,vectorchain,validation,sine,51,0.022265977254090248,0.02643211024673436
seed-2718__h-4__c-64__tol-0p03__vectorchain,2718,4,64,0.03,vectorchain,validation,chirp,51,0.049005742972263594,0.05715229711768215
seed-2718__h-4__c-64__tol-0p03__vectorchain,2718,4,64,0.03,vectorchain,validation,ramp,51,0.017074281160135853,0.021416243225368732
seed-2718__h-4__c-64__tol-0p03__vectorchain,2718,4,64,0.03,vectorchain,validation,piecewise_linear,51,0.02286835903304839,0.028299077516192536
seed-2718__h-4__c-64__tol-0p03__vectorchain,2718,4,64,0.03,vectorchain,validation,first_order_response,51,0.019079494443421954,0.024246792391448547
seed-2718__h-4__c-64__tol-0p03__vectorchain,2718,4,64,0.03,vectorchain,validation,second_order_response,51,0.01982676931921733,0.0264668929064436
seed-2718__h-4__c-64__tol-0p03__vectorchain,2718,4,64,0.03,vectorchain,validation,regime_change,51,0.0905854030387316,0.10158661972207667
seed-2718__h-4__c-64__tol-0p03__vectorchain,2718,4,64,0.03,vectorchain,test,sine,52,0.022987202173373748,0.029268486120509526
seed-2718__h-4__c-64__tol-0p03__vectorchain,2718,4,64,0.03,vectorchain,test,chirp,52,0.06767804491662924,0.07846108814713355
seed-2718__h-4__c-64__tol-0p03__vectorchain,2718,4,64,0.03,vectorchain,test,ramp,52,0.015538047338829115,0.019746268895916717
seed-2718__h-4__c-64__tol-0p03__vectorchain,2718,4,64,0.03,vectorchain,test,piecewise_linear,52,0.015415596485164051,0.020034904293527868
seed-2718__h-4__c-64__tol-0p03__vectorchain,2718,4,64,0.03,vectorchain,test,first_order_response,52,0.017649505270746456,0.022944591639818105
seed-2718__h-4__c-64__tol-0p03__vectorchain,2718,4,64,0.03,vectorchain,test,second_order_response,52,0.017263566765951737,0.023663500851074826
seed-2718__h-4__c-64__tol-0p03__vectorchain,2718,4,64,0.03,vectorchain,test,regime_change,52,0.08605760089275381,0.09714005150745349
seed-2718__h-4__c-64__tol-0p1__vectorchain,2718,4,64,0.1,vectorchain,validation,sine,51,0.019160784284897914,0.023148466788199793
seed-2718__h-4__c-64__tol-0p1__vectorchain,2718,4,64,0.1,vectorchain,validation,chirp,51,0.017708356738360943,0.022884923937792283
seed-2718__h-4__c-64__tol-0p1__vectorchain,2718,4,64,0.1,vectorchain,validation,ramp,51,0.012880329389754102,0.015753501072732736
seed-2718__h-4__c-64__tol-0p1__vectorchain,2718,4,64,0.1,vectorchain,validation,piecewise_linear,51,0.01797644618335068,0.02253506726059935
seed-2718__h-4__c-64__tol-0p1__vectorchain,2718,4,64,0.1,vectorchain,validation,first_order_response,51,0.012299018819026014,0.01592009373940584
seed-2718__h-4__c-64__tol-0p1__vectorchain,2718,4,64,0.1,vectorchain,validation,second_order_response,51,0.014633291912168481,0.01760216546015593
seed-2718__h-4__c-64__tol-0p1__vectorchain,2718,4,64,0.1,vectorchain,validation,regime_change,51,0.03071371572290056,0.037033538073241105
seed-2718__h-4__c-64__tol-0p1__vectorchain,2718,4,64,0.1,vectorchain,test,sine,52,0.017363252998109424,0.022083374881825876
seed-2718__h-4__c-64__tol-0p1__vectorchain,2718,4,64,0.1,vectorchain,test,chirp,52,0.022660072559504304,0.030712094445847698
seed-2718__h-4__c-64__tol-0p1__vectorchain,2718,4,64,0.1,vectorchain,test,ramp,52,0.011410917794553978,0.014726005213543841
seed-2718__h-4__c-64__tol-0p1__vectorchain,2718,4,64,0.1,vectorchain,test,piecewise_linear,52,0.010992485113759028,0.01376078228996532
seed-2718__h-4__c-64__tol-0p1__vectorchain,2718,4,64,0.1,vectorchain,test,first_order_response,52,0.011212900133885715,0.014278279011233951
seed-2718__h-4__c-64__tol-0p1__vectorchain,2718,4,64,0.1,vectorchain,test,second_order_response,52,0.012276215397978334,0.0159906211214267
seed-2718__h-4__c-64__tol-0p1__vectorchain,2718,4,64,0.1,vectorchain,test,regime_change,52,0.03417901008848942,0.04065537737580068
seed-2718__h-16__c-64__tol-na__raw,2718,16,64,,raw,validation,sine,51,0.04170419926524305,0.05152989409477343
seed-2718__h-16__c-64__tol-na__raw,2718,16,64,,raw,validation,chirp,51,0.28151810149426765,0.32207475242918054
seed-2718__h-16__c-64__tol-na__raw,2718,16,64,,raw,validation,ramp,51,0.017642760330121892,0.02201716504114747
seed-2718__h-16__c-64__tol-na__raw,2718,16,64,,raw,validation,piecewise_linear,51,0.03391442578003783,0.03917595698677924
seed-2718__h-16__c-64__tol-na__raw,2718,16,64,,raw,validation,first_order_response,51,0.03741193972175903,0.04033708624973618
seed-2718__h-16__c-64__tol-na__raw,2718,16,64,,raw,validation,second_order_response,51,0.05330827428291787,0.05668534382556707
seed-2718__h-16__c-64__tol-na__raw,2718,16,64,,raw,validation,regime_change,51,0.5225112512217426,0.6013999382851337
seed-2718__h-16__c-64__tol-na__raw,2718,16,64,,raw,test,sine,52,0.03602351484724102,0.046813728787520624
seed-2718__h-16__c-64__tol-na__raw,2718,16,64,,raw,test,chirp,52,0.37971043385218245,0.43762550070340395
seed-2718__h-16__c-64__tol-na__raw,2718,16,64,,raw,test,ramp,52,0.02970584787163791,0.03496392534860251
seed-2718__h-16__c-64__tol-na__raw,2718,16,64,,raw,test,piecewise_linear,52,0.019255983037059263,0.02388870339532055
seed-2718__h-16__c-64__tol-na__raw,2718,16,64,,raw,test,first_order_response,52,0.0397954906460736,0.04313477145869229
seed-2718__h-16__c-64__tol-na__raw,2718,16,64,,raw,test,second_order_response,52,0.04451762473695428,0.048168201400248044
seed-2718__h-16__c-64__tol-na__raw,2718,16,64,,raw,test,regime_change,52,0.5271955382782858,0.5979314473028673
seed-2718__h-16__c-64__tol-na__first_difference,2718,16,64,,first_difference,validation,sine,51,0.12913126816145695,0.1425072562822676
seed-2718__h-16__c-64__tol-na__first_difference,2718,16,64,,first_difference,validation,chirp,51,0.36557929220679625,0.4126999596734067
seed-2718__h-16__c-64__tol-na__first_difference,2718,16,64,,first_difference,validation,ramp,51,0.03355746254125085,0.045584592661926354
seed-2718__h-16__c-64__tol-na__first_difference,2718,16,64,,first_difference,validation,piecewise_linear,51,0.0577906443851285,0.06993380431485738
seed-2718__h-16__c-64__tol-na__first_difference,2718,16,64,,first_difference,validation,first_order_response,51,0.03904547613228553,0.04750306767218666
seed-2718__h-16__c-64__tol-na__first_difference,2718,16,64,,first_difference,validation,second_order_response,51,0.03847326284060334,0.051970094777177504
seed-2718__h-16__c-64__tol-na__first_difference,2718,16,64,,first_difference,validation,regime_change,51,0.5769610522738365,0.6504101760622286
seed-2718__h-16__c-64__tol-na__first_difference,2718,16,64,,first_difference,test,sine,52,0.1226975017434878,0.13880287536995015
seed-2718__h-16__c-64__tol-na__first_difference,2718,16,64,,first_difference,test,chirp,52,0.47355430881910543,0.5343614484233641
seed-2718__h-16__c-64__tol-na__first_difference,2718,16,64,,first_difference,test,ramp,52,0.04169110039266885,0.05138521109406496
seed-2718__h-16__c-64__tol-na__first_difference,2718,16,64,,first_difference,test,piecewise_linear,52,0.032843399673748004,0.04329308873181901
seed-2718__h-16__c-64__tol-na__first_difference,2718,16,64,,first_difference,test,first_order_response,52,0.043465169427141244,0.05031761982789618
seed-2718__h-16__c-64__tol-na__first_difference,2718,16,64,,first_difference,test,second_order_response,52,0.039840213737949215,0.04934681111397292
seed-2718__h-16__c-64__tol-na__first_difference,2718,16,64,,first_difference,test,regime_change,52,0.5463984700234165,0.6152493983819124
seed-2718__h-16__c-64__tol-0p01__vectorchain,2718,16,64,0.01,vectorchain,validation,sine,51,0.107832231003506,0.12284660933441761
seed-2718__h-16__c-64__tol-0p01__vectorchain,2718,16,64,0.01,vectorchain,validation,chirp,51,0.25919447740044244,0.28932409564916006
seed-2718__h-16__c-64__tol-0p01__vectorchain,2718,16,64,0.01,vectorchain,validation,ramp,51,0.04620888241155856,0.056251776519107476
seed-2718__h-16__c-64__tol-0p01__vectorchain,2718,16,64,0.01,vectorchain,validation,piecewise_linear,51,0.04723602878700548,0.060554993253448784
seed-2718__h-16__c-64__tol-0p01__vectorchain,2718,16,64,0.01,vectorchain,validation,first_order_response,51,0.04083957977620155,0.053898578754140086
seed-2718__h-16__c-64__tol-0p01__vectorchain,2718,16,64,0.01,vectorchain,validation,second_order_response,51,0.03809699728653095,0.04399418781290442
seed-2718__h-16__c-64__tol-0p01__vectorchain,2718,16,64,0.01,vectorchain,validation,regime_change,51,0.44513820108236946,0.49028764605315034
seed-2718__h-16__c-64__tol-0p01__vectorchain,2718,16,64,0.01,vectorchain,test,sine,52,0.09999933059164973,0.11166113949216641
seed-2718__h-16__c-64__tol-0p01__vectorchain,2718,16,64,0.01,vectorchain,test,chirp,52,0.3744928854444825,0.42209863638458583
seed-2718__h-16__c-64__tol-0p01__vectorchain,2718,16,64,0.01,vectorchain,test,ramp,52,0.03542251212922762,0.044936571424866595
seed-2718__h-16__c-64__tol-0p01__vectorchain,2718,16,64,0.01,vectorchain,test,piecewise_linear,52,0.03014593423836395,0.041111080011259134
seed-2718__h-16__c-64__tol-0p01__vectorchain,2718,16,64,0.01,vectorchain,test,first_order_response,52,0.03745319779368887,0.04511339444331883
seed-2718__h-16__c-64__tol-0p01__vectorchain,2718,16,64,0.01,vectorchain,test,second_order_response,52,0.03913985294400309,0.05108050457544607
seed-2718__h-16__c-64__tol-0p01__vectorchain,2718,16,64,0.01,vectorchain,test,regime_change,52,0.4440195558855557,0.48634027264801694
seed-2718__h-16__c-64__tol-0p03__vectorchain,2718,16,64,0.03,vectorchain,validation,sine,51,0.08203435780834047,0.09619941952490259
seed-2718__h-16__c-64__tol-0p03__vectorchain,2718,16,64,0.03,vectorchain,validation,chirp,51,0.2122109392130443,0.23676792586475476
seed-2718__h-16__c-64__tol-0p03__vectorchain,2718,16,64,0.03,vectorchain,validation,ramp,51,0.04847244021808854,0.06460648197887525
seed-2718__h-16__c-64__tol-0p03__vectorchain,2718,16,64,0.03,vectorchain,validation,piecewise_linear,51,0.053362338953938986,0.07115284490508333
seed-2718__h-16__c-64__tol-0p03__vectorchain,2718,16,64,0.03,vectorchain,validation,first_order_response,51,0.04168619531660528,0.061793992808206744
seed-2718__h-16__c-64__tol-0p03__vectorchain,2718,16,64,0.03,vectorchain,validation,second_order_response,51,0.05104602293803769,0.07096006611195808
seed-2718__h-16__c-64__tol-0p03__vectorchain,2718,16,64,0.03,vectorchain,validation,regime_change,51,0.3667893121038977,0.40944135763407286
seed-2718__h-16__c-64__tol-0p03__vectorchain,2718,16,64,0.03,vectorchain,test,sine,52,0.09205374606952499,0.10529909884001828
seed-2718__h-16__c-64__tol-0p03__vectorchain,2718,16,64,0.03,vectorchain,test,chirp,52,0.29280619851579626,0.3271943929129463
seed-2718__h-16__c-64__tol-0p03__vectorchain,2718,16,64,0.03,vectorchain,test,ramp,52,0.037450003049394075,0.054894510281578955
seed-2718__h-16__c-64__tol-0p03__vectorchain,2718,16,64,0.03,vectorchain,test,piecewise_linear,52,0.04686201942927675,0.06922607529224875
seed-2718__h-16__c-64__tol-0p03__vectorchain,2718,16,64,0.03,vectorchain,test,first_order_response,52,0.05476525029850232,0.0787599539720768
seed-2718__h-16__c-64__tol-0p03__vectorchain,2718,16,64,0.03,vectorchain,test,second_order_response,52,0.04546308725339607,0.0691691224674691
seed-2718__h-16__c-64__tol-0p03__vectorchain,2718,16,64,0.03,vectorchain,test,regime_change,52,0.3628621739106844,0.40393427384116964
seed-2718__h-16__c-64__tol-0p1__vectorchain,2718,16,64,0.1,vectorchain,validation,sine,51,0.04569145083109075,0.056651808311076995
seed-2718__h-16__c-64__tol-0p1__vectorchain,2718,16,64,0.1,vectorchain,validation,chirp,51,0.08675413698048713,0.10656417401064353
seed-2718__h-16__c-64__tol-0p1__vectorchain,2718,16,64,0.1,vectorchain,validation,ramp,51,0.013911069499801726,0.017857468177557952
seed-2718__h-16__c-64__tol-0p1__vectorchain,2718,16,64,0.1,vectorchain,validation,piecewise_linear,51,0.03173263236142836,0.05660351298298768
seed-2718__h-16__c-64__tol-0p1__vectorchain,2718,16,64,0.1,vectorchain,validation,first_order_response,51,0.011701857580426614,0.0147442201419029
seed-2718__h-16__c-64__tol-0p1__vectorchain,2718,16,64,0.1,vectorchain,validation,second_order_response,51,0.02011723619809082,0.02474743610828539
seed-2718__h-16__c-64__tol-0p1__vectorchain,2718,16,64,0.1,vectorchain,validation,regime_change,51,0.2923696451436576,0.34506517752974647
seed-2718__h-16__c-64__tol-0p1__vectorchain,2718,16,64,0.1,vectorchain,test,sine,52,0.04900755774174856,0.058753693715129784
seed-2718__h-16__c-64__tol-0p1__vectorchain,2718,16,64,0.1,vectorchain,test,chirp,52,0.18979237065432258,0.22649970279627335
seed-2718__h-16__c-64__tol-0p1__vectorchain,2718,16,64,0.1,vectorchain,test,ramp,52,0.014262857887019762,0.017913100994648486
seed-2718__h-16__c-64__tol-0p1__vectorchain,2718,16,64,0.1,vectorchain,test,piecewise_linear,52,0.012212388429628225,0.01594734097166885
seed-2718__h-16__c-64__tol-0p1__vectorchain,2718,16,64,0.1,vectorchain,test,first_order_response,52,0.01272968801376938,0.01591059062716841
seed-2718__h-16__c-64__tol-0p1__vectorchain,2718,16,64,0.1,vectorchain,test,second_order_response,52,0.016569491059185513,0.021274743054927804
seed-2718__h-16__c-64__tol-0p1__vectorchain,2718,16,64,0.1,vectorchain,test,regime_change,52,0.27032921050271086,0.32258408022006274
seed-2718__h-1__c-128__tol-na__raw,2718,1,128,,raw,validation,sine,51,0.011383852885519756,0.014784861457918673
seed-2718__h-1__c-128__tol-na__raw,2718,1,128,,raw,validation,chirp,51,0.025713172682899296,0.030551089524493074
seed-2718__h-1__c-128__tol-na__raw,2718,1,128,,raw,validation,ramp,51,0.011759956770541632,0.01395504833186231
seed-2718__h-1__c-128__tol-na__raw,2718,1,128,,raw,validation,piecewise_linear,51,0.014078019322441371,0.018268103110120018
seed-2718__h-1__c-128__tol-na__raw,2718,1,128,,raw,validation,first_order_response,51,0.009724428661610328,0.012256558752415074
seed-2718__h-1__c-128__tol-na__raw,2718,1,128,,raw,validation,second_order_response,51,0.013415423910931788,0.016837950524089963
seed-2718__h-1__c-128__tol-na__raw,2718,1,128,,raw,validation,regime_change,51,0.0381849078060201,0.04442345539642721
seed-2718__h-1__c-128__tol-na__raw,2718,1,128,,raw,test,sine,51,0.012340726173169893,0.014961580591766378
seed-2718__h-1__c-128__tol-na__raw,2718,1,128,,raw,test,chirp,51,0.031485545703482026,0.036386488965240285
seed-2718__h-1__c-128__tol-na__raw,2718,1,128,,raw,test,ramp,51,0.013157198033241266,0.015614975615956156
seed-2718__h-1__c-128__tol-na__raw,2718,1,128,,raw,test,piecewise_linear,51,0.010059450505012172,0.012308560618737486
seed-2718__h-1__c-128__tol-na__raw,2718,1,128,,raw,test,first_order_response,51,0.013753468388964995,0.016041234935763385
seed-2718__h-1__c-128__tol-na__raw,2718,1,128,,raw,test,second_order_response,51,0.011136087174049474,0.014208401200953668
seed-2718__h-1__c-128__tol-na__raw,2718,1,128,,raw,test,regime_change,51,0.031565048238114235,0.03569356533312993
seed-2718__h-1__c-128__tol-na__first_difference,2718,1,128,,first_difference,validation,sine,51,0.015331532367523413,0.019627213149718593
seed-2718__h-1__c-128__tol-na__first_difference,2718,1,128,,first_difference,validation,chirp,51,0.0313106404734955,0.03576434629248729
seed-2718__h-1__c-128__tol-na__first_difference,2718,1,128,,first_difference,validation,ramp,51,0.012078171783294485,0.01417901540657705
seed-2718__h-1__c-128__tol-na__first_difference,2718,1,128,,first_difference,validation,piecewise_linear,51,0.014578766085129348,0.01812676267541381
seed-2718__h-1__c-128__tol-na__first_difference,2718,1,128,,first_difference,validation,first_order_response,51,0.009701824598225587,0.012282460038984184
seed-2718__h-1__c-128__tol-na__first_difference,2718,1,128,,first_difference,validation,second_order_response,51,0.011841840862844243,0.014753039952525799
seed-2718__h-1__c-128__tol-na__first_difference,2718,1,128,,first_difference,validation,regime_change,51,0.03975522312180803,0.045415777743517384
seed-2718__h-1__c-128__tol-na__first_difference,2718,1,128,,first_difference,test,sine,51,0.016423953039604137,0.020133974841952798
seed-2718__h-1__c-128__tol-na__first_difference,2718,1,128,,first_difference,test,chirp,51,0.03380512024151544,0.03906875247035795
seed-2718__h-1__c-128__tol-na__first_difference,2718,1,128,,first_difference,test,ramp,51,0.012714074065352294,0.01496698701647784
seed-2718__h-1__c-128__tol-na__first_difference,2718,1,128,,first_difference,test,piecewise_linear,51,0.009599189207378652,0.011795781643622464
seed-2718__h-1__c-128__tol-na__first_difference,2718,1,128,,first_difference,test,first_order_response,51,0.01302605242351587,0.014892834702265883
seed-2718__h-1__c-128__tol-na__first_difference,2718,1,128,,first_difference,test,second_order_response,51,0.009978666977378294,0.01249746654642581
seed-2718__h-1__c-128__tol-na__first_difference,2718,1,128,,first_difference,test,regime_change,51,0.029676243675912102,0.03385847966897081
seed-2718__h-1__c-128__tol-0p01__vectorchain,2718,1,128,0.01,vectorchain,validation,sine,51,0.013007087528269623,0.01708137730047493
seed-2718__h-1__c-128__tol-0p01__vectorchain,2718,1,128,0.01,vectorchain,validation,chirp,51,0.024809739730094576,0.029108868219019614
seed-2718__h-1__c-128__tol-0p01__vectorchain,2718,1,128,0.01,vectorchain,validation,ramp,51,0.011747972132145137,0.014278114300542712
seed-2718__h-1__c-128__tol-0p01__vectorchain,2718,1,128,0.01,vectorchain,validation,piecewise_linear,51,0.013897779152520093,0.017925786939944052
seed-2718__h-1__c-128__tol-0p01__vectorchain,2718,1,128,0.01,vectorchain,validation,first_order_response,51,0.009972209997533179,0.012914257520904105
seed-2718__h-1__c-128__tol-0p01__vectorchain,2718,1,128,0.01,vectorchain,validation,second_order_response,51,0.011886354426548866,0.014571432853587068
seed-2718__h-1__c-128__tol-0p01__vectorchain,2718,1,128,0.01,vectorchain,validation,regime_change,51,0.03721117193135522,0.04248708310847329
seed-2718__h-1__c-128__tol-0p01__vectorchain,2718,1,128,0.01,vectorchain,test,sine,51,0.013899986637855686,0.01616153846070377
seed-2718__h-1__c-128__tol-0p01__vectorchain,2718,1,128,0.01,vectorchain,test,chirp,51,0.029208284667139674,0.03412701295501711
seed-2718__h-1__c-128__tol-0p01__vectorchain,2718,1,128,0.01,vectorchain,test,ramp,51,0.011910034305693897,0.014198537695872478
seed-2718__h-1__c-128__tol-0p01__vectorchain,2718,1,128,0.01,vectorchain,test,piecewise_linear,51,0.01085886289636547,0.01306318633130918
seed-2718__h-1__c-128__tol-0p01__vectorchain,2718,1,128,0.01,vectorchain,test,first_order_response,51,0.01188630296246629,0.014090114518140361
seed-2718__h-1__c-128__tol-0p01__vectorchain,2718,1,128,0.01,vectorchain,test,second_order_response,51,0.01122599986810433,0.013771367992741358
seed-2718__h-1__c-128__tol-0p01__vectorchain,2718,1,128,0.01,vectorchain,test,regime_change,51,0.029748577739068995,0.033916854816447566
seed-2718__h-1__c-128__tol-0p03__vectorchain,2718,1,128,0.03,vectorchain,validation,sine,51,0.011888069200303907,0.015439312665381762
seed-2718__h-1__c-128__tol-0p03__vectorchain,2718,1,128,0.03,vectorchain,validation,chirp,51,0.025198888015503823,0.030430542760629495
seed-2718__h-1__c-128__tol-0p03__vectorchain,2718,1,128,0.03,vectorchain,validation,ramp,51,0.012327026069627966,0.014392901486997626
seed-2718__h-1__c-128__tol-0p03__vectorchain,2718,1,128,0.03,vectorchain,validation,piecewise_linear,51,0.014859405696517362,0.018783707414284853
seed-2718__h-1__c-128__tol-0p03__vectorchain,2718,1,128,0.03,vectorchain,validation,first_order_response,51,0.010468694491922493,0.01352920418883222
seed-2718__h-1__c-128__tol-0p03__vectorchain,2718,1,128,0.03,vectorchain,validation,second_order_response,51,0.011958179016375366,0.014633818582535988
seed-2718__h-1__c-128__tol-0p03__vectorchain,2718,1,128,0.03,vectorchain,validation,regime_change,51,0.04187511935779074,0.048450282481768456
seed-2718__h-1__c-128__tol-0p03__vectorchain,2718,1,128,0.03,vectorchain,test,sine,51,0.013000803818534233,0.015849316967367796
seed-2718__h-1__c-128__tol-0p03__vectorchain,2718,1,128,0.03,vectorchain,test,chirp,51,0.0345346041709223,0.039819697320568045
seed-2718__h-1__c-128__tol-0p03__vectorchain,2718,1,128,0.03,vectorchain,test,ramp,51,0.0125830987926467,0.0153377779639838
seed-2718__h-1__c-128__tol-0p03__vectorchain,2718,1,128,0.03,vectorchain,test,piecewise_linear,51,0.012273114189424837,0.015005233763976125
seed-2718__h-1__c-128__tol-0p03__vectorchain,2718,1,128,0.03,vectorchain,test,first_order_response,51,0.014333765356026556,0.01726847894318998
seed-2718__h-1__c-128__tol-0p03__vectorchain,2718,1,128,0.03,vectorchain,test,second_order_response,51,0.010037335157546005,0.012953687063576429
seed-2718__h-1__c-128__tol-0p03__vectorchain,2718,1,128,0.03,vectorchain,test,regime_change,51,0.03762047632160474,0.04148215361023817
seed-2718__h-1__c-128__tol-0p1__vectorchain,2718,1,128,0.1,vectorchain,validation,sine,51,0.012126475852560856,0.015124174211302098
seed-2718__h-1__c-128__tol-0p1__vectorchain,2718,1,128,0.1,vectorchain,validation,chirp,51,0.013406019619878008,0.01646349334554949
seed-2718__h-1__c-128__tol-0p1__vectorchain,2718,1,128,0.1,vectorchain,validation,ramp,51,0.011816597800371751,0.013900526593030357
seed-2718__h-1__c-128__tol-0p1__vectorchain,2718,1,128,0.1,vectorchain,validation,piecewise_linear,51,0.013467547354735524,0.017765242068969785
seed-2718__h-1__c-128__tol-0p1__vectorchain,2718,1,128,0.1,vectorchain,validation,first_order_response,51,0.00972556020426931,0.012323341019469752
seed-2718__h-1__c-128__tol-0p1__vectorchain,2718,1,128,0.1,vectorchain,validation,second_order_response,51,0.01252761879499741,0.015231229813783394
seed-2718__h-1__c-128__tol-0p1__vectorchain,2718,1,128,0.1,vectorchain,validation,regime_change,51,0.022594600202409523,0.027138149164140646
seed-2718__h-1__c-128__tol-0p1__vectorchain,2718,1,128,0.1,vectorchain,test,sine,51,0.012250854636047163,0.014990770022873634
seed-2718__h-1__c-128__tol-0p1__vectorchain,2718,1,128,0.1,vectorchain,test,chirp,51,0.018012917115649608,0.022061434635312436
seed-2718__h-1__c-128__tol-0p1__vectorchain,2718,1,128,0.1,vectorchain,test,ramp,51,0.012673223283832143,0.014912312910316193
seed-2718__h-1__c-128__tol-0p1__vectorchain,2718,1,128,0.1,vectorchain,test,piecewise_linear,51,0.009791789478986233,0.012256621245938923
seed-2718__h-1__c-128__tol-0p1__vectorchain,2718,1,128,0.1,vectorchain,test,first_order_response,51,0.013076046331681584,0.014955411609891717
seed-2718__h-1__c-128__tol-0p1__vectorchain,2718,1,128,0.1,vectorchain,test,second_order_response,51,0.009867132776041152,0.012497692222550255
seed-2718__h-1__c-128__tol-0p1__vectorchain,2718,1,128,0.1,vectorchain,test,regime_change,51,0.01848537360702258,0.02228992232592461
seed-2718__h-4__c-128__tol-na__raw,2718,4,128,,raw,validation,sine,51,0.01953142682719985,0.0240787473140124
seed-2718__h-4__c-128__tol-na__raw,2718,4,128,,raw,validation,chirp,51,0.09376899211181904,0.1068776393307025
seed-2718__h-4__c-128__tol-na__raw,2718,4,128,,raw,validation,ramp,51,0.013141158604640466,0.015961514860021862
seed-2718__h-4__c-128__tol-na__raw,2718,4,128,,raw,validation,piecewise_linear,51,0.01733618187717137,0.020261533123013965
seed-2718__h-4__c-128__tol-na__raw,2718,4,128,,raw,validation,first_order_response,51,0.015798004747436152,0.019512469543806914
seed-2718__h-4__c-128__tol-na__raw,2718,4,128,,raw,validation,second_order_response,51,0.020856042027127077,0.02551167706504143
seed-2718__h-4__c-128__tol-na__raw,2718,4,128,,raw,validation,regime_change,51,0.13960474880250595,0.15795730352439785
seed-2718__h-4__c-128__tol-na__raw,2718,4,128,,raw,test,sine,52,0.023258978869066194,0.02772488267041672
seed-2718__h-4__c-128__tol-na__raw,2718,4,128,,raw,test,chirp,52,0.11483807137046377,0.1304905101481291
seed-2718__h-4__c-128__tol-na__raw,2718,4,128,,raw,test,ramp,52,0.01353006894121836,0.01719547270101544
seed-2718__h-4__c-128__tol-na__raw,2718,4,128,,raw,test,piecewise_linear,52,0.012653350746259454,0.01505144455224024
seed-2718__h-4__c-128__tol-na__raw,2718,4,128,,raw,test,first_order_response,52,0.015767367286041327,0.01876819243455968
seed-2718__h-4__c-128__tol-na__raw,2718,4,128,,raw,test,second_order_response,52,0.016921612724982535,0.020876080339037033
seed-2718__h-4__c-128__tol-na__raw,2718,4,128,,raw,test,regime_change,52,0.1339991689181028,0.1521356743791214
seed-2718__h-4__c-128__tol-na__first_difference,2718,4,128,,first_difference,validation,sine,51,0.04055664131474732,0.04997324981247516
seed-2718__h-4__c-128__tol-na__first_difference,2718,4,128,,first_difference,validation,chirp,51,0.09130408144631935,0.10076259854668967
seed-2718__h-4__c-128__tol-na__first_difference,2718,4,128,,first_difference,validation,ramp,51,0.018406335133504183,0.02332728848388404
seed-2718__h-4__c-128__tol-na__first_difference,2718,4,128,,first_difference,validation,piecewise_linear,51,0.026730811885516362,0.031137286399117323
seed-2718__h-4__c-128__tol-na__first_difference,2718,4,128,,first_difference,validation,first_order_response,51,0.02017941862298591,0.02543308858119987
seed-2718__h-4__c-128__tol-na__first_difference,2718,4,128,,first_difference,validation,second_order_response,51,0.022023750722519612,0.027409602403384012
seed-2718__h-4__c-128__tol-na__first_difference,2718,4,128,,first_difference,validation,regime_change,51,0.11683776818764427,0.13456151570043376
seed-2718__h-4__c-128__tol-na__first_difference,2718,4,128,,first_difference,test,sine,52,0.043353362394508155,0.05119609845333675
seed-2718__h-4__c-128__tol-na__first_difference,2718,4,128,,first_difference,test,chirp,52,0.10191263554953428,0.11603568682153345
seed-2718__h-4__c-128__tol-na__first_difference,2718,4,128,,first_difference,test,ramp,52,0.019852251760508803,0.024425098002589078
seed-2718__h-4__c-128__tol-na__first_difference,2718,4,128,,first_difference,test,piecewise_linear,52,0.017199985250039875,0.0217537241176666
seed-2718__h-4__c-128__tol-na__first_difference,2718,4,128,,first_difference,test,first_order_response,52,0.017507274982385027,0.022403062053193437
seed-2718__h-4__c-128__tol-na__first_difference,2718,4,128,,first_difference,test,second_order_response,52,0.018511324700770496,0.023465320469972562
seed-2718__h-4__c-128__tol-na__first_difference,2718,4,128,,first_difference,test,regime_change,52,0.10015709784654733,0.11518756952736864
seed-2718__h-4__c-128__tol-0p01__vectorchain,2718,4,128,0.01,vectorchain,validation,sine,51,0.031248848338785537,0.03769586066375712
seed-2718__h-4__c-128__tol-0p01__vectorchain,2718,4,128,0.01,vectorchain,validation,chirp,51,0.06445633003374932,0.0729216583151591
seed-2718__h-4__c-128__tol-0p01__vectorchain,2718,4,128,0.01,vectorchain,validation,ramp,51,0.019441329160519636,0.02265124469805103
seed-2718__h-4__c-128__tol-0p01__vectorchain,2718,4,128,0.01,vectorchain,validation,piecewise_linear,51,0.021337061661550905,0.025794760069160583
seed-2718__h-4__c-128__tol-0p01__vectorchain,2718,4,128,0.01,vectorchain,validation,first_order_response,51,0.01634540704384672,0.021512556574036893
seed-2718__h-4__c-128__tol-0p01__vectorchain,2718,4,128,0.01,vectorchain,validation,second_order_response,51,0.020526529170415548,0.024724115629123272
seed-2718__h-4__c-128__tol-0p01__vectorchain,2718,4,128,0.01,vectorchain,validation,regime_change,51,0.09862723308916332,0.11394865754820128
seed-2718__h-4__c-128__tol-0p01__vectorchain,2718,4,128,0.01,vectorchain,test,sine,52,0.0286217916421973,0.035440514618568
seed-2718__h-4__c-128__tol-0p01__vectorchain,2718,4,128,0.01,vectorchain,test,chirp,52,0.08526691126885338,0.09791121730100276
seed-2718__h-4__c-128__tol-0p01__vectorchain,2718,4,128,0.01,vectorchain,test,ramp,52,0.014753765179414551,0.01909578776718799
seed-2718__h-4__c-128__tol-0p01__vectorchain,2718,4,128,0.01,vectorchain,test,piecewise_linear,52,0.016282366865202853,0.019663836974897746
seed-2718__h-4__c-128__tol-0p01__vectorchain,2718,4,128,0.01,vectorchain,test,first_order_response,52,0.015054084872942491,0.020002200213103442
seed-2718__h-4__c-128__tol-0p01__vectorchain,2718,4,128,0.01,vectorchain,test,second_order_response,52,0.018009097706119633,0.022793090147322316
seed-2718__h-4__c-128__tol-0p01__vectorchain,2718,4,128,0.01,vectorchain,test,regime_change,52,0.09249413170904427,0.10486991080348367
seed-2718__h-4__c-128__tol-0p03__vectorchain,2718,4,128,0.03,vectorchain,validation,sine,51,0.018943240068741693,0.024776275982191842
seed-2718__h-4__c-128__tol-0p03__vectorchain,2718,4,128,0.03,vectorchain,validation,chirp,51,0.06677372573589992,0.07751005466864463
seed-2718__h-4__c-128__tol-0p03__vectorchain,2718,4,128,0.03,vectorchain,validation,ramp,51,0.01610429600699962,0.019964043223765576
seed-2718__h-4__c-128__tol-0p03__vectorchain,2718,4,128,0.03,vectorchain,validation,piecewise_linear,51,0.02189435372543326,0.027053361451057554
seed-2718__h-4__c-128__tol-0p03__vectorchain,2718,4,128,0.03,vectorchain,validation,first_order_response,51,0.0167521631863475,0.020992616428595436
seed-2718__h-4__c-128__tol-0p03__vectorchain,2718,4,128,0.03,vectorchain,validation,second_order_response,51,0.016148690387941853,0.02294033469012843
seed-2718__h-4__c-128__tol-0p03__vectorchain,2718,4,128,0.03,vectorchain,validation,regime_change,51,0.11832374162512505,0.1331254172029028
seed-2718__h-4__c-128__tol-0p03__vectorchain,2718,4,128,0.03,vectorchain,test,sine,52,0.021939368425260307,0.028248791084429042
seed-2718__h-4__c-128__tol-0p03__vectorchain,2718,4,128,0.03,vectorchain,test,chirp,52,0.09406821557364478,0.10817396232516047
seed-2718__h-4__c-128__tol-0p03__vectorchain,2718,4,128,0.03,vectorchain,test,ramp,52,0.014125892620776452,0.0190068578374765
seed-2718__h-4__c-128__tol-0p03__vectorchain,2718,4,128,0.03,vectorchain,test,piecewise_linear,52,0.01547998104602206,0.020842837150550676
seed-2718__h-4__c-128__tol-0p03__vectorchain,2718,4,128,0.03,vectorchain,test,first_order_response,52,0.01952832041465817,0.02919402849924634
seed-2718__h-4__c-128__tol-0p03__vectorchain,2718,4,128,0.03,vectorchain,test,second_order_response,52,0.01706829346698638,0.022682072443310154
seed-2718__h-4__c-128__tol-0p03__vectorchain,2718,4,128,0.03,vectorchain,test,regime_change,52,0.11461798430135871,0.1269838372184497
seed-2718__h-4__c-128__tol-0p1__vectorchain,2718,4,128,0.1,vectorchain,validation,sine,51,0.017662495090698116,0.0217976373943367
seed-2718__h-4__c-128__tol-0p1__vectorchain,2718,4,128,0.1,vectorchain,validation,chirp,51,0.035744702144185146,0.04245416692281117
seed-2718__h-4__c-128__tol-0p1__vectorchain,2718,4,128,0.1,vectorchain,validation,ramp,51,0.01272406938940876,0.015631409799090758
seed-2718__h-4__c-128__tol-0p1__vectorchain,2718,4,128,0.1,vectorchain,validation,piecewise_linear,51,0.018004279631986968,0.022238158797383844
seed-2718__h-4__c-128__tol-0p1__vectorchain,2718,4,128,0.1,vectorchain,validation,first_order_response,51,0.012275882438048632,0.015823173600349
seed-2718__h-4__c-128__tol-0p1__vectorchain,2718,4,128,0.1,vectorchain,validation,second_order_response,51,0.016778530889972273,0.020611716596757847
seed-2718__h-4__c-128__tol-0p1__vectorchain,2718,4,128,0.1,vectorchain,validation,regime_change,51,0.07178854584542611,0.0832817029585446
seed-2718__h-4__c-128__tol-0p1__vectorchain,2718,4,128,0.1,vectorchain,test,sine,52,0.013950371902518612,0.017922396278076694
seed-2718__h-4__c-128__tol-0p1__vectorchain,2718,4,128,0.1,vectorchain,test,chirp,52,0.06610339230808066,0.07727782070510564
seed-2718__h-4__c-128__tol-0p1__vectorchain,2718,4,128,0.1,vectorchain,test,ramp,52,0.011239649002174409,0.014521532069358769
seed-2718__h-4__c-128__tol-0p1__vectorchain,2718,4,128,0.1,vectorchain,test,piecewise_linear,52,0.01084287324003207,0.013754901296871236
seed-2718__h-4__c-128__tol-0p1__vectorchain,2718,4,128,0.1,vectorchain,test,first_order_response,52,0.011308450387520867,0.014204198997583448
seed-2718__h-4__c-128__tol-0p1__vectorchain,2718,4,128,0.1,vectorchain,test,second_order_response,52,0.012226909339129751,0.01621777795005479
seed-2718__h-4__c-128__tol-0p1__vectorchain,2718,4,128,0.1,vectorchain,test,regime_change,52,0.06938403730114705,0.0826003858762142
seed-2718__h-16__c-128__tol-na__raw,2718,16,128,,raw,validation,sine,51,0.07090712232691876,0.08026954643088714
seed-2718__h-16__c-128__tol-na__raw,2718,16,128,,raw,validation,chirp,51,0.3840989067725309,0.43619604032517195
seed-2718__h-16__c-128__tol-na__raw,2718,16,128,,raw,validation,ramp,51,0.015937978947328332,0.020673758502032576
seed-2718__h-16__c-128__tol-na__raw,2718,16,128,,raw,validation,piecewise_linear,51,0.03376735161986975,0.043331891635817264
seed-2718__h-16__c-128__tol-na__raw,2718,16,128,,raw,validation,first_order_response,51,0.04630992575403801,0.04833954823408151
seed-2718__h-16__c-128__tol-na__raw,2718,16,128,,raw,validation,second_order_response,51,0.07881570415553044,0.08161016347900898
seed-2718__h-16__c-128__tol-na__raw,2718,16,128,,raw,validation,regime_change,51,0.5686989929396328,0.6461348119703919
seed-2718__h-16__c-128__tol-na__raw,2718,16,128,,raw,test,sine,52,0.09880114834258216,0.10912780632046735
seed-2718__h-16__c-128__tol-na__raw,2718,16,128,,raw,test,chirp,52,0.470182351932183,0.5340288029510194
seed-2718__h-16__c-128__tol-na__raw,2718,16,128,,raw,test,ramp,52,0.03560657358540385,0.04027074938705628
seed-2718__h-16__c-128__tol-na__raw,2718,16,128,,raw,test,piecewise_linear,52,0.022575188471160437,0.02737358990067601
seed-2718__h-16__c-128__tol-na__raw,2718,16,128,,raw,test,first_order_response,52,0.04916753257746168,0.051301562646617185
seed-2718__h-16__c-128__tol-na__raw,2718,16,128,,raw,test,second_order_response,52,0.05792823399968987,0.06053768413115122
seed-2718__h-16__c-128__tol-na__raw,2718,16,128,,raw,test,regime_change,52,0.5233637791543951,0.5939062167250911
seed-2718__h-16__c-128__tol-na__first_difference,2718,16,128,,first_difference,validation,sine,51,0.14978734245602648,0.1785235534477566
seed-2718__h-16__c-128__tol-na__first_difference,2718,16,128,,first_difference,validation,chirp,51,0.33196141650242145,0.36479574358206096
seed-2718__h-16__c-128__tol-na__first_difference,2718,16,128,,first_difference,validation,ramp,51,0.0489054230211482,0.06735219813077471
seed-2718__h-16__c-128__tol-na__first_difference,2718,16,128,,first_difference,validation,piecewise_linear,51,0.08355047771054835,0.10087453465893993
seed-2718__h-16__c-128__tol-na__first_difference,2718,16,128,,first_difference,validation,first_order_response,51,0.05937529093896937,0.07289358437018514
seed-2718__h-16__c-128__tol-na__first_difference,2718,16,128,,first_difference,validation,second_order_response,51,0.06030094391309824,0.07888551555326226
seed-2718__h-16__c-128__tol-na__first_difference,2718,16,128,,first_difference,validation,regime_change,51,0.4584746192952233,0.5351072524551282
seed-2718__h-16__c-128__tol-na__first_difference,2718,16,128,,first_difference,test,sine,52,0.1582473884831409,0.18292157386901325
seed-2718__h-16__c-128__tol-na__first_difference,2718,16,128,,first_difference,test,chirp,52,0.3784977412605153,0.42992808998723286
seed-2718__h-16__c-128__tol-na__first_difference,2718,16,128,,first_difference,test,ramp,52,0.06204321358844193,0.07552084823255267
seed-2718__h-16__c-128__tol-na__first_difference,2718,16,128,,first_difference,test,piecewise_linear,52,0.050381389087156385,0.06664258569285451
seed-2718__h-16__c-128__tol-na__first_difference,2718,16,128,,first_difference,test,first_order_response,52,0.06180883764155573,0.07305409024812602
seed-2718__h-16__c-128__tol-na__first_difference,2718,16,128,,first_difference,test,second_order_response,52,0.0600663689513411,0.07349178984481318
seed-2718__h-16__c-128__tol-na__first_difference,2718,16,128,,first_difference,test,regime_change,52,0.36810725549581363,0.42585157245341854
seed-2718__h-16__c-128__tol-0p01__vectorchain,2718,16,128,0.01,vectorchain,validation,sine,51,0.11172205767439367,0.13478355743025638
seed-2718__h-16__c-128__tol-0p01__vectorchain,2718,16,128,0.01,vectorchain,validation,chirp,51,0.24126089257939243,0.26984481438799796
seed-2718__h-16__c-128__tol-0p01__vectorchain,2718,16,128,0.01,vectorchain,validation,ramp,51,0.05135534813897769,0.06288732157519157
seed-2718__h-16__c-128__tol-0p01__vectorchain,2718,16,128,0.01,vectorchain,validation,piecewise_linear,51,0.06436689679618353,0.07658387450181567
seed-2718__h-16__c-128__tol-0p01__vectorchain,2718,16,128,0.01,vectorchain,validation,first_order_response,51,0.052013653474244484,0.06839081969742822
seed-2718__h-16__c-128__tol-0p01__vectorchain,2718,16,128,0.01,vectorchain,validation,second_order_response,51,0.051161866265549805,0.06255193997956922
seed-2718__h-16__c-128__tol-0p01__vectorchain,2718,16,128,0.01,vectorchain,validation,regime_change,51,0.40069190069975863,0.4480215091806602
seed-2718__h-16__c-128__tol-0p01__vectorchain,2718,16,128,0.01,vectorchain,test,sine,52,0.10073031386723431,0.12092741502819537
seed-2718__h-16__c-128__tol-0p01__vectorchain,2718,16,128,0.01,vectorchain,test,chirp,52,0.3376065712119688,0.38371827265164465
seed-2718__h-16__c-128__tol-0p01__vectorchain,2718,16,128,0.01,vectorchain,test,ramp,52,0.04265621727934533,0.052979556063006604
seed-2718__h-16__c-128__tol-0p01__vectorchain,2718,16,128,0.01,vectorchain,test,piecewise_linear,52,0.045437606496164726,0.05574711975187642
seed-2718__h-16__c-128__tol-0p01__vectorchain,2718,16,128,0.01,vectorchain,test,first_order_response,52,0.04416899439528592,0.05502248667938013
seed-2718__h-16__c-128__tol-0p01__vectorchain,2718,16,128,0.01,vectorchain,test,second_order_response,52,0.05401217287071599,0.06641368110167084
seed-2718__h-16__c-128__tol-0p01__vectorchain,2718,16,128,0.01,vectorchain,test,regime_change,52,0.3503246761997243,0.396447184566995
seed-2718__h-16__c-128__tol-0p03__vectorchain,2718,16,128,0.03,vectorchain,validation,sine,51,0.058462773688692585,0.07800017291563524
seed-2718__h-16__c-128__tol-0p03__vectorchain,2718,16,128,0.03,vectorchain,validation,chirp,51,0.28740473275986356,0.327491839551469
seed-2718__h-16__c-128__tol-0p03__vectorchain,2718,16,128,0.03,vectorchain,validation,ramp,51,0.03994615663396123,0.054417401148320776
seed-2718__h-16__c-128__tol-0p03__vectorchain,2718,16,128,0.03,vectorchain,validation,piecewise_linear,51,0.06161647761713733,0.07952900548388941
seed-2718__h-16__c-128__tol-0p03__vectorchain,2718,16,128,0.03,vectorchain,validation,first_order_response,51,0.036007832888998274,0.04903733048008511
seed-2718__h-16__c-128__tol-0p03__vectorchain,2718,16,128,0.03,vectorchain,validation,second_order_response,51,0.03432006136540817,0.05825070601407052
seed-2718__h-16__c-128__tol-0p03__vectorchain,2718,16,128,0.03,vectorchain,validation,regime_change,51,0.48742359883812975,0.5490082555007041
seed-2718__h-16__c-128__tol-0p03__vectorchain,2718,16,128,0.03,vectorchain,test,sine,52,0.07919260992099691,0.09099692926002151
seed-2718__h-16__c-128__tol-0p03__vectorchain,2718,16,128,0.03,vectorchain,test,chirp,52,0.38509261615054224,0.43887672173959935
seed-2718__h-16__c-128__tol-0p03__vectorchain,2718,16,128,0.03,vectorchain,test,ramp,52,0.031207286128754754,0.052566428692087795
seed-2718__h-16__c-128__tol-0p03__vectorchain,2718,16,128,0.03,vectorchain,test,piecewise_linear,52,0.03869943756106385,0.05635471099836154
seed-2718__h-16__c-128__tol-0p03__vectorchain,2718,16,128,0.03,vectorchain,test,first_order_response,52,0.05832975127353987,0.0973852952103186
seed-2718__h-16__c-128__tol-0p03__vectorchain,2718,16,128,0.03,vectorchain,test,second_order_response,52,0.03747623144912404,0.0630086368006725
seed-2718__h-16__c-128__tol-0p03__vectorchain,2718,16,128,0.03,vectorchain,test,regime_change,52,0.4383490999395278,0.4888239078741324
seed-2718__h-16__c-128__tol-0p1__vectorchain,2718,16,128,0.1,vectorchain,validation,sine,51,0.035173351645585944,0.05068305789430002
seed-2718__h-16__c-128__tol-0p1__vectorchain,2718,16,128,0.1,vectorchain,validation,chirp,51,0.2062067971301366,0.2418118580056657
seed-2718__h-16__c-128__tol-0p1__vectorchain,2718,16,128,0.1,vectorchain,validation,ramp,51,0.013712125735173188,0.017090277674869554
seed-2718__h-16__c-128__tol-0p1__vectorchain,2718,16,128,0.1,vectorchain,validation,piecewise_linear,51,0.035167809105860835,0.05002799100827867
seed-2718__h-16__c-128__tol-0p1__vectorchain,2718,16,128,0.1,vectorchain,validation,first_order_response,51,0.011296862846425547,0.01404466273427226
seed-2718__h-16__c-128__tol-0p1__vectorchain,2718,16,128,0.1,vectorchain,validation,second_order_response,51,0.03178506158952602,0.039686324467337684
seed-2718__h-16__c-128__tol-0p1__vectorchain,2718,16,128,0.1,vectorchain,validation,regime_change,51,0.372159214135428,0.420595158094178
seed-2718__h-16__c-128__tol-0p1__vectorchain,2718,16,128,0.1,vectorchain,test,sine,52,0.031571985737939685,0.03726022147363278
seed-2718__h-16__c-128__tol-0p1__vectorchain,2718,16,128,0.1,vectorchain,test,chirp,52,0.3628293151244109,0.4164929694085092
seed-2718__h-16__c-128__tol-0p1__vectorchain,2718,16,128,0.1,vectorchain,test,ramp,52,0.012976852108532926,0.016608582581097982
seed-2718__h-16__c-128__tol-0p1__vectorchain,2718,16,128,0.1,vectorchain,test,piecewise_linear,52,0.01329362934996681,0.017079377067343648
seed-2718__h-16__c-128__tol-0p1__vectorchain,2718,16,128,0.1,vectorchain,test,first_order_response,52,0.011723917826555073,0.014823562871375888
seed-2718__h-16__c-128__tol-0p1__vectorchain,2718,16,128,0.1,vectorchain,test,second_order_response,52,0.01966620170772916,0.025342942387684954
seed-2718__h-16__c-128__tol-0p1__vectorchain,2718,16,128,0.1,vectorchain,test,regime_change,52,0.4159672802298642,0.47638707975806804
seed-31415__h-1__c-32__tol-na__raw,31415,1,32,,raw,validation,sine,51,0.012016144995874995,0.013743141365380669
seed-31415__h-1__c-32__tol-na__raw,31415,1,32,,raw,validation,chirp,51,0.011374941488673013,0.014498765915592151
seed-31415__h-1__c-32__tol-na__raw,31415,1,32,,raw,validation,ramp,51,0.011450704365920177,0.014343961515371083
seed-31415__h-1__c-32__tol-na__raw,31415,1,32,,raw,validation,piecewise_linear,51,0.011979128189742139,0.0159316576652576
seed-31415__h-1__c-32__tol-na__raw,31415,1,32,,raw,validation,first_order_response,51,0.01349526986984345,0.01645367555303063
seed-31415__h-1__c-32__tol-na__raw,31415,1,32,,raw,validation,second_order_response,51,0.011734537674745195,0.014527763066262007
seed-31415__h-1__c-32__tol-na__raw,31415,1,32,,raw,validation,regime_change,51,0.018752494714712804,0.023170790540405575
seed-31415__h-1__c-32__tol-na__raw,31415,1,32,,raw,test,sine,51,0.011632673145635658,0.013737859741376226
seed-31415__h-1__c-32__tol-na__raw,31415,1,32,,raw,test,chirp,51,0.014474127921119908,0.017586902391154624
seed-31415__h-1__c-32__tol-na__raw,31415,1,32,,raw,test,ramp,51,0.009813623669394391,0.012096284135612381
seed-31415__h-1__c-32__tol-na__raw,31415,1,32,,raw,test,piecewise_linear,51,0.011319155969314841,0.013946992744983039
seed-31415__h-1__c-32__tol-na__raw,31415,1,32,,raw,test,first_order_response,51,0.010674003815085566,0.01400246397349945
seed-31415__h-1__c-32__tol-na__raw,31415,1,32,,raw,test,second_order_response,51,0.010945002227625527,0.012810599778696261
seed-31415__h-1__c-32__tol-na__raw,31415,1,32,,raw,test,regime_change,51,0.0173467834512846,0.021109720899796805
seed-31415__h-1__c-32__tol-na__first_difference,31415,1,32,,first_difference,validation,sine,51,0.01066226336019543,0.012857301291630931
seed-31415__h-1__c-32__tol-na__first_difference,31415,1,32,,first_difference,validation,chirp,51,0.01895881678809977,0.02186252209301567
seed-31415__h-1__c-32__tol-na__first_difference,31415,1,32,,first_difference,validation,ramp,51,0.009413279983222986,0.011343214367219728
seed-31415__h-1__c-32__tol-na__first_difference,31415,1,32,,first_difference,validation,piecewise_linear,51,0.011005785279502031,0.013579609031591573
seed-31415__h-1__c-32__tol-na__first_difference,31415,1,32,,first_difference,validation,first_order_response,51,0.010915743410846645,0.01305954129827571
seed-31415__h-1__c-32__tol-na__first_difference,31415,1,32,,first_difference,validation,second_order_response,51,0.010129742928298763,0.012974619398215126
seed-31415__h-1__c-32__tol-na__first_difference,31415,1,32,,first_difference,validation,regime_change,51,0.034881990554231364,0.03946434609496943
seed-31415__h-1__c-32__tol-na__first_difference,31415,1,32,,first_difference,test,sine,51,0.009758401690741514,0.012003633458876005
seed-31415__h-1__c-32__tol-na__first_difference,31415,1,32,,first_difference,test,chirp,51,0.024899312643446244,0.03013968811844276
seed-31415__h-1__c-32__tol-na__first_difference,31415,1,32,,first_difference,test,ramp,51,0.009085545096195783,0.010776556702328664
seed-31415__h-1__c-32__tol-na__first_difference,31415,1,32,,first_difference,test,piecewise_linear,51,0.008196580241700665,0.010651251171822257
seed-31415__h-1__c-32__tol-na__first_difference,31415,1,32,,first_difference,test,first_order_response,51,0.008959327684304024,0.011738500723680826
seed-31415__h-1__c-32__tol-na__first_difference,31415,1,32,,first_difference,test,second_order_response,51,0.009932647190390484,0.011816995534912436
seed-31415__h-1__c-32__tol-na__first_difference,31415,1,32,,first_difference,test,regime_change,51,0.034333516635552036,0.0391211378841091
seed-31415__h-1__c-32__tol-0p01__vectorchain,31415,1,32,0.01,vectorchain,validation,sine,51,0.009887763933875715,0.012117676066990058
seed-31415__h-1__c-32__tol-0p01__vectorchain,31415,1,32,0.01,vectorchain,validation,chirp,51,0.01910568800287499,0.022168725945244643
seed-31415__h-1__c-32__tol-0p01__vectorchain,31415,1,32,0.01,vectorchain,validation,ramp,51,0.009589425204938565,0.012120133646212767
seed-31415__h-1__c-32__tol-0p01__vectorchain,31415,1,32,0.01,vectorchain,validation,piecewise_linear,51,0.01161143327148039,0.013891671787995498
seed-31415__h-1__c-32__tol-0p01__vectorchain,31415,1,32,0.01,vectorchain,validation,first_order_response,51,0.01097688259379085,0.013303149075621988
seed-31415__h-1__c-32__tol-0p01__vectorchain,31415,1,32,0.01,vectorchain,validation,second_order_response,51,0.010662314948113285,0.013720479665190768
seed-31415__h-1__c-32__tol-0p01__vectorchain,31415,1,32,0.01,vectorchain,validation,regime_change,51,0.03253460523130533,0.037623938675230804
seed-31415__h-1__c-32__tol-0p01__vectorchain,31415,1,32,0.01,vectorchain,test,sine,51,0.010633431914180013,0.012987226180463097
seed-31415__h-1__c-32__tol-0p01__vectorchain,31415,1,32,0.01,vectorchain,test,chirp,51,0.022959332382813714,0.028477236957507437
seed-31415__h-1__c-32__tol-0p01__vectorchain,31415,1,32,0.01,vectorchain,test,ramp,51,0.008968062375464516,0.011205421964091876
seed-31415__h-1__c-32__tol-0p01__vectorchain,31415,1,32,0.01,vectorchain,test,piecewise_linear,51,0.008308697278259215,0.0107521598950264
seed-31415__h-1__c-32__tol-0p01__vectorchain,31415,1,32,0.01,vectorchain,test,first_order_response,51,0.009359541873240193,0.012287178151122577
seed-31415__h-1__c-32__tol-0p01__vectorchain,31415,1,32,0.01,vectorchain,test,second_order_response,51,0.00949216431129184,0.01116466574846788
seed-31415__h-1__c-32__tol-0p01__vectorchain,31415,1,32,0.01,vectorchain,test,regime_change,51,0.02999267088662868,0.03489934937699564
seed-31415__h-1__c-32__tol-0p03__vectorchain,31415,1,32,0.03,vectorchain,validation,sine,51,0.01170347190368239,0.013609706146672739
seed-31415__h-1__c-32__tol-0p03__vectorchain,31415,1,32,0.03,vectorchain,validation,chirp,51,0.01896960381433012,0.022184277817227132
seed-31415__h-1__c-32__tol-0p03__vectorchain,31415,1,32,0.03,vectorchain,validation,ramp,51,0.011849544375395565,0.014359422155587664
seed-31415__h-1__c-32__tol-0p03__vectorchain,31415,1,32,0.03,vectorchain,validation,piecewise_linear,51,0.012632573303975657,0.015942164829292775
seed-31415__h-1__c-32__tol-0p03__vectorchain,31415,1,32,0.03,vectorchain,validation,first_order_response,51,0.012785309741195697,0.015604914250607518
seed-31415__h-1__c-32__tol-0p03__vectorchain,31415,1,32,0.03,vectorchain,validation,second_order_response,51,0.011426406236698822,0.014109666532453958
seed-31415__h-1__c-32__tol-0p03__vectorchain,31415,1,32,0.03,vectorchain,validation,regime_change,51,0.027235035323713446,0.03274579448794676
seed-31415__h-1__c-32__tol-0p03__vectorchain,31415,1,32,0.03,vectorchain,test,sine,51,0.013140830569202322,0.016322133952189403
seed-31415__h-1__c-32__tol-0p03__vectorchain,31415,1,32,0.03,vectorchain,test,chirp,51,0.02232748508343722,0.02626511520434796
seed-31415__h-1__c-32__tol-0p03__vectorchain,31415,1,32,0.03,vectorchain,test,ramp,51,0.009359876664422449,0.011611113364867795
seed-31415__h-1__c-32__tol-0p03__vectorchain,31415,1,32,0.03,vectorchain,test,piecewise_linear,51,0.010584860063124594,0.012891485347115596
seed-31415__h-1__c-32__tol-0p03__vectorchain,31415,1,32,0.03,vectorchain,test,first_order_response,51,0.010498431682249823,0.013250639422386027
seed-31415__h-1__c-32__tol-0p03__vectorchain,31415,1,32,0.03,vectorchain,test,second_order_response,51,0.010429099664569083,0.012427989028491444
seed-31415__h-1__c-32__tol-0p03__vectorchain,31415,1,32,0.03,vectorchain,test,regime_change,51,0.02913102965723699,0.03374853130383744
seed-31415__h-1__c-32__tol-0p1__vectorchain,31415,1,32,0.1,vectorchain,validation,sine,51,0.011817177503233021,0.013944134968428798
seed-31415__h-1__c-32__tol-0p1__vectorchain,31415,1,32,0.1,vectorchain,validation,chirp,51,0.013812508773475049,0.018004836153679465
seed-31415__h-1__c-32__tol-0p1__vectorchain,31415,1,32,0.1,vectorchain,validation,ramp,51,0.011229112650036214,0.01410839769010516
seed-31415__h-1__c-32__tol-0p1__vectorchain,31415,1,32,0.1,vectorchain,validation,piecewise_linear,51,0.012262738643733036,0.016308140845218703
seed-31415__h-1__c-32__tol-0p1__vectorchain,31415,1,32,0.1,vectorchain,validation,first_order_response,51,0.012972872334162515,0.015735252408007848
seed-31415__h-1__c-32__tol-0p1__vectorchain,31415,1,32,0.1,vectorchain,validation,second_order_response,51,0.010879661246952336,0.013803481403831346
seed-31415__h-1__c-32__tol-0p1__vectorchain,31415,1,32,0.1,vectorchain,validation,regime_change,51,0.017088712423262375,0.019773853995892914
seed-31415__h-1__c-32__tol-0p1__vectorchain,31415,1,32,0.1,vectorchain,test,sine,51,0.010813206091552325,0.013463568766865379
seed-31415__h-1__c-32__tol-0p1__vectorchain,31415,1,32,0.1,vectorchain,test,chirp,51,0.013828819770544473,0.018589098976482456
seed-31415__h-1__c-32__tol-0p1__vectorchain,31415,1,32,0.1,vectorchain,test,ramp,51,0.009823293605415135,0.011752745040931621
seed-31415__h-1__c-32__tol-0p1__vectorchain,31415,1,32,0.1,vectorchain,test,piecewise_linear,51,0.010958461336733566,0.013537509753171641
seed-31415__h-1__c-32__tol-0p1__vectorchain,31415,1,32,0.1,vectorchain,test,first_order_response,51,0.010757157356166717,0.013982365604960587
seed-31415__h-1__c-32__tol-0p1__vectorchain,31415,1,32,0.1,vectorchain,test,second_order_response,51,0.010778537535565569,0.012693449557868221
seed-31415__h-1__c-32__tol-0p1__vectorchain,31415,1,32,0.1,vectorchain,test,regime_change,51,0.012976152297319292,0.016137001019139393
seed-31415__h-4__c-32__tol-na__raw,31415,4,32,,raw,validation,sine,51,0.013033701377797137,0.015460339093589083
seed-31415__h-4__c-32__tol-na__raw,31415,4,32,,raw,validation,chirp,51,0.03393031396839633,0.03823671366946969
seed-31415__h-4__c-32__tol-na__raw,31415,4,32,,raw,validation,ramp,51,0.015423843805115214,0.018522440438984943
seed-31415__h-4__c-32__tol-na__raw,31415,4,32,,raw,validation,piecewise_linear,51,0.012288340898516359,0.014970019637681044
seed-31415__h-4__c-32__tol-na__raw,31415,4,32,,raw,validation,first_order_response,51,0.015514771571766475,0.01825995452609877
seed-31415__h-4__c-32__tol-na__raw,31415,4,32,,raw,validation,second_order_response,51,0.012521088425920595,0.015165768964569675
seed-31415__h-4__c-32__tol-na__raw,31415,4,32,,raw,validation,regime_change,51,0.06720547709273514,0.07596614375715156
seed-31415__h-4__c-32__tol-na__raw,31415,4,32,,raw,test,sine,52,0.012547113450562778,0.01658588368094642
seed-31415__h-4__c-32__tol-na__raw,31415,4,32,,raw,test,chirp,52,0.053420439600155224,0.060625113908078364
seed-31415__h-4__c-32__tol-na__raw,31415,4,32,,raw,test,ramp,52,0.009941129116953929,0.01286310837579478
seed-31415__h-4__c-32__tol-na__raw,31415,4,32,,raw,test,piecewise_linear,52,0.013845600407186333,0.017509414158554636
seed-31415__h-4__c-32__tol-na__raw,31415,4,32,,raw,test,first_order_response,52,0.016358353546008043,0.01997824994255868
seed-31415__h-4__c-32__tol-na__raw,31415,4,32,,raw,test,second_order_response,52,0.01578251899101014,0.019263045145726194
seed-31415__h-4__c-32__tol-na__raw,31415,4,32,,raw,test,regime_change,52,0.0682570557837402,0.0755420217147693
seed-31415__h-4__c-32__tol-na__first_difference,31415,4,32,,first_difference,validation,sine,51,0.01898101704161415,0.022997940215619694
seed-31415__h-4__c-32__tol-na__first_difference,31415,4,32,,first_difference,validation,chirp,51,0.057586843966926544,0.06488644089610046
seed-31415__h-4__c-32__tol-na__first_difference,31415,4,32,,first_difference,validation,ramp,51,0.013276237089050425,0.01624184208678543
seed-31415__h-4__c-32__tol-na__first_difference,31415,4,32,,first_difference,validation,piecewise_linear,51,0.011686635557567653,0.014298452450390905
seed-31415__h-4__c-32__tol-na__first_difference,31415,4,32,,first_difference,validation,first_order_response,51,0.01299535107154548,0.01555121809147639
seed-31415__h-4__c-32__tol-na__first_difference,31415,4,32,,first_difference,validation,second_order_response,51,0.010352731985626569,0.012119037752745166
seed-31415__h-4__c-32__tol-na__first_difference,31415,4,32,,first_difference,validation,regime_change,51,0.1052470171093903,0.11640843220825006
seed-31415__h-4__c-32__tol-na__first_difference,31415,4,32,,first_difference,test,sine,52,0.01761052461363924,0.022611762854490288
seed-31415__h-4__c-32__tol-na__first_difference,31415,4,32,,first_difference,test,chirp,52,0.08431525926193059,0.09486615311174545
seed-31415__h-4__c-32__tol-na__first_difference,31415,4,32,,first_difference,test,ramp,52,0.008063052979748722,0.010211738114436446
seed-31415__h-4__c-32__tol-na__first_difference,31415,4,32,,first_difference,test,piecewise_linear,52,0.012370761514904006,0.015536743999451014
seed-31415__h-4__c-32__tol-na__first_difference,31415,4,32,,first_difference,test,first_order_response,52,0.013234456373918544,0.016268784584834314
seed-31415__h-4__c-32__tol-na__first_difference,31415,4,32,,first_difference,test,second_order_response,52,0.01355241365610981,0.016307883787601625
seed-31415__h-4__c-32__tol-na__first_difference,31415,4,32,,first_difference,test,regime_change,52,0.10424346970094879,0.11503106825157526
seed-31415__h-4__c-32__tol-0p01__vectorchain,31415,4,32,0.01,vectorchain,validation,sine,51,0.019229655459812135,0.022721845839829728
seed-31415__h-4__c-32__tol-0p01__vectorchain,31415,4,32,0.01,vectorchain,validation,chirp,51,0.04979639701591409,0.05883909702210284
seed-31415__h-4__c-32__tol-0p01__vectorchain,31415,4,32,0.01,vectorchain,validation,ramp,51,0.015789049509958065,0.018945840792588722
seed-31415__h-4__c-32__tol-0p01__vectorchain,31415,4,32,0.01,vectorchain,validation,piecewise_linear,51,0.013345631577888187,0.016988937333289697
seed-31415__h-4__c-32__tol-0p01__vectorchain,31415,4,32,0.01,vectorchain,validation,first_order_response,51,0.015010405664796172,0.017990178437196736
seed-31415__h-4__c-32__tol-0p01__vectorchain,31415,4,32,0.01,vectorchain,validation,second_order_response,51,0.012641866056223989,0.015404900489201475
seed-31415__h-4__c-32__tol-0p01__vectorchain,31415,4,32,0.01,vectorchain,validation,regime_change,51,0.08835606141107373,0.10291855126825043
seed-31415__h-4__c-32__tol-0p01__vectorchain,31415,4,32,0.01,vectorchain,test,sine,52,0.019830467456405505,0.02402685630734652
seed-31415__h-4__c-32__tol-0p01__vectorchain,31415,4,32,0.01,vectorchain,test,chirp,52,0.06551135937564863,0.0764548793248025
seed-31415__h-4__c-32__tol-0p01__vectorchain,31415,4,32,0.01,vectorchain,test,ramp,52,0.010000461164060096,0.01270691188058018
seed-31415__h-4__c-32__tol-0p01__vectorchain,31415,4,32,0.01,vectorchain,test,piecewise_linear,52,0.01355201560962461,0.01736443137600296
seed-31415__h-4__c-32__tol-0p01__vectorchain,31415,4,32,0.01,vectorchain,test,first_order_response,52,0.01487732269549583,0.018260838466924275
seed-31415__h-4__c-32__tol-0p01__vectorchain,31415,4,32,0.01,vectorchain,test,second_order_response,52,0.01495103616493688,0.01820902305624037
seed-31415__h-4__c-32__tol-0p01__vectorchain,31415,4,32,0.01,vectorchain,test,regime_change,52,0.0867555140970827,0.09900052649303626
seed-31415__h-4__c-32__tol-0p03__vectorchain,31415,4,32,0.03,vectorchain,validation,sine,51,0.019134710446611403,0.022959703769724688
seed-31415__h-4__c-32__tol-0p03__vectorchain,31415,4,32,0.03,vectorchain,validation,chirp,51,0.04691555624947218,0.05358434100406897
seed-31415__h-4__c-32__tol-0p03__vectorchain,31415,4,32,0.03,vectorchain,validation,ramp,51,0.0182164626353003,0.022885316082477316
seed-31415__h-4__c-32__tol-0p03__vectorchain,31415,4,32,0.03,vectorchain,validation,piecewise_linear,51,0.01630254502512757,0.019983364865043426
seed-31415__h-4__c-32__tol-0p03__vectorchain,31415,4,32,0.03,vectorchain,validation,first_order_response,51,0.017762945852002825,0.02089071998780169
seed-31415__h-4__c-32__tol-0p03__vectorchain,31415,4,32,0.03,vectorchain,validation,second_order_response,51,0.012724317458234888,0.015463238785927163
seed-31415__h-4__c-32__tol-0p03__vectorchain,31415,4,32,0.03,vectorchain,validation,regime_change,51,0.0751775011881083,0.08444516911283192
seed-31415__h-4__c-32__tol-0p03__vectorchain,31415,4,32,0.03,vectorchain,test,sine,52,0.022701567375082773,0.030866220292429324
seed-31415__h-4__c-32__tol-0p03__vectorchain,31415,4,32,0.03,vectorchain,test,chirp,52,0.06224574770418824,0.07011908244214436
seed-31415__h-4__c-32__tol-0p03__vectorchain,31415,4,32,0.03,vectorchain,test,ramp,52,0.011657062850138563,0.014983937570068124
seed-31415__h-4__c-32__tol-0p03__vectorchain,31415,4,32,0.03,vectorchain,test,piecewise_linear,52,0.01453600238051898,0.017877092252755612
seed-31415__h-4__c-32__tol-0p03__vectorchain,31415,4,32,0.03,vectorchain,test,first_order_response,52,0.01598506953130116,0.019829238831793158
seed-31415__h-4__c-32__tol-0p03__vectorchain,31415,4,32,0.03,vectorchain,test,second_order_response,52,0.01625546667948984,0.020602194585570503
seed-31415__h-4__c-32__tol-0p03__vectorchain,31415,4,32,0.03,vectorchain,test,regime_change,52,0.07283097622718607,0.08299530788409223
seed-31415__h-4__c-32__tol-0p1__vectorchain,31415,4,32,0.1,vectorchain,validation,sine,51,0.018339258881294108,0.02246971570618035
seed-31415__h-4__c-32__tol-0p1__vectorchain,31415,4,32,0.1,vectorchain,validation,chirp,51,0.03128490052223561,0.040106120924983474
seed-31415__h-4__c-32__tol-0p1__vectorchain,31415,4,32,0.1,vectorchain,validation,ramp,51,0.014538650257473548,0.017605904032631032
seed-31415__h-4__c-32__tol-0p1__vectorchain,31415,4,32,0.1,vectorchain,validation,piecewise_linear,51,0.012568933944124455,0.015061678880594632
seed-31415__h-4__c-32__tol-0p1__vectorchain,31415,4,32,0.1,vectorchain,validation,first_order_response,51,0.014379164577678653,0.016609444399241755
seed-31415__h-4__c-32__tol-0p1__vectorchain,31415,4,32,0.1,vectorchain,validation,second_order_response,51,0.011025897824711042,0.012866265260874248
seed-31415__h-4__c-32__tol-0p1__vectorchain,31415,4,32,0.1,vectorchain,validation,regime_change,51,0.04251127596952751,0.051394888993240934
seed-31415__h-4__c-32__tol-0p1__vectorchain,31415,4,32,0.1,vectorchain,test,sine,52,0.016757578587482513,0.021872215332031205
seed-31415__h-4__c-32__tol-0p1__vectorchain,31415,4,32,0.1,vectorchain,test,chirp,52,0.035814993177545225,0.0475742207202647
seed-31415__h-4__c-32__tol-0p1__vectorchain,31415,4,32,0.1,vectorchain,test,ramp,52,0.00844611630453011,0.01099730550481522
seed-31415__h-4__c-32__tol-0p1__vectorchain,31415,4,32,0.1,vectorchain,test,piecewise_linear,52,0.013200349593298391,0.016409257266923175
seed-31415__h-4__c-32__tol-0p1__vectorchain,31415,4,32,0.1,vectorchain,test,first_order_response,52,0.014658502408717071,0.01792659822055419
seed-31415__h-4__c-32__tol-0p1__vectorchain,31415,4,32,0.1,vectorchain,test,second_order_response,52,0.014519622723579241,0.017556240696710836
seed-31415__h-4__c-32__tol-0p1__vectorchain,31415,4,32,0.1,vectorchain,test,regime_change,52,0.03586487037595337,0.04442386810168576
seed-31415__h-16__c-32__tol-na__raw,31415,16,32,,raw,validation,sine,51,0.033909181859625256,0.04116816041939014
seed-31415__h-16__c-32__tol-na__raw,31415,16,32,,raw,validation,chirp,51,0.19044187315645134,0.21000456272348056
seed-31415__h-16__c-32__tol-na__raw,31415,16,32,,raw,validation,ramp,51,0.021001535710415197,0.026071218129518597
seed-31415__h-16__c-32__tol-na__raw,31415,16,32,,raw,validation,piecewise_linear,51,0.027980273981065826,0.033703620169996514
seed-31415__h-16__c-32__tol-na__raw,31415,16,32,,raw,validation,first_order_response,51,0.03432525699558763,0.03954873941756177
seed-31415__h-16__c-32__tol-na__raw,31415,16,32,,raw,validation,second_order_response,51,0.03912199386790842,0.0436205610391336
seed-31415__h-16__c-32__tol-na__raw,31415,16,32,,raw,validation,regime_change,51,0.37278839767522154,0.41632744715702164
seed-31415__h-16__c-32__tol-na__raw,31415,16,32,,raw,test,sine,52,0.02661026134577429,0.03447559228551544
seed-31415__h-16__c-32__tol-na__raw,31415,16,32,,raw,test,chirp,52,0.28218315457725174,0.3193971820899749
seed-31415__h-16__c-32__tol-na__raw,31415,16,32,,raw,test,ramp,52,0.02849181679750462,0.03311372079992771
seed-31415__h-16__c-32__tol-na__raw,31415,16,32,,raw,test,piecewise_linear,52,0.021959436784919743,0.02654899069211236
seed-31415__h-16__c-32__tol-na__raw,31415,16,32,,raw,test,first_order_response,52,0.03464079699425474,0.04138683981168219
seed-31415__h-16__c-32__tol-na__raw,31415,16,32,,raw,test,second_order_response,52,0.03640814409234987,0.04125010892481865
seed-31415__h-16__c-32__tol-na__raw,31415,16,32,,raw,test,regime_change,52,0.3876881472006132,0.42744925273434825
seed-31415__h-16__c-32__tol-na__first_difference,31415,16,32,,first_difference,validation,sine,51,0.085089268172664,0.09645803302125097
seed-31415__h-16__c-32__tol-na__first_difference,31415,16,32,,first_difference,validation,chirp,51,0.28354132524163805,0.31459684542091776
seed-31415__h-16__c-32__tol-na__first_difference,31415,16,32,,first_difference,validation,ramp,51,0.021918148331169174,0.026375052438255
seed-31415__h-16__c-32__tol-na__first_difference,31415,16,32,,first_difference,validation,piecewise_linear,51,0.03210552168712343,0.03947134620437929
seed-31415__h-16__c-32__tol-na__first_difference,31415,16,32,,first_difference,validation,first_order_response,51,0.022581405532892045,0.027554383800465976
seed-31415__h-16__c-32__tol-na__first_difference,31415,16,32,,first_difference,validation,second_order_response,51,0.02447384636208201,0.02965090061031347
seed-31415__h-16__c-32__tol-na__first_difference,31415,16,32,,first_difference,validation,regime_change,51,0.485203196322448,0.5356849525392233
seed-31415__h-16__c-32__tol-na__first_difference,31415,16,32,,first_difference,test,sine,52,0.08290069755318608,0.09498044022911582
seed-31415__h-16__c-32__tol-na__first_difference,31415,16,32,,first_difference,test,chirp,52,0.38608714913025366,0.43430895538717745
seed-31415__h-16__c-32__tol-na__first_difference,31415,16,32,,first_difference,test,ramp,52,0.017427686622110288,0.021713594308183943
seed-31415__h-16__c-32__tol-na__first_difference,31415,16,32,,first_difference,test,piecewise_linear,52,0.021194878685991774,0.02493482800423216
seed-31415__h-16__c-32__tol-na__first_difference,31415,16,32,,first_difference,test,first_order_response,52,0.025027252392580527,0.030690248681505508
seed-31415__h-16__c-32__tol-na__first_difference,31415,16,32,,first_difference,test,second_order_response,52,0.02250243415968543,0.02674655127455272
seed-31415__h-16__c-32__tol-na__first_difference,31415,16,32,,first_difference,test,regime_change,52,0.48720976686706663,0.5389371381811635
seed-31415__h-16__c-32__tol-0p01__vectorchain,31415,16,32,0.01,vectorchain,validation,sine,51,0.08156880423809702,0.09506562788015548
seed-31415__h-16__c-32__tol-0p01__vectorchain,31415,16,32,0.01,vectorchain,validation,chirp,51,0.24522205562685345,0.2827140760103258
seed-31415__h-16__c-32__tol-0p01__vectorchain,31415,16,32,0.01,vectorchain,validation,ramp,51,0.04487314074087099,0.05518665400689288
seed-31415__h-16__c-32__tol-0p01__vectorchain,31415,16,32,0.01,vectorchain,validation,piecewise_linear,51,0.047188526888388226,0.06299637179686521
seed-31415__h-16__c-32__tol-0p01__vectorchain,31415,16,32,0.01,vectorchain,validation,first_order_response,51,0.04068293235259488,0.05039698336859448
seed-31415__h-16__c-32__tol-0p01__vectorchain,31415,16,32,0.01,vectorchain,validation,second_order_response,51,0.02928647235567288,0.03622214986073648
seed-31415__h-16__c-32__tol-0p01__vectorchain,31415,16,32,0.01,vectorchain,validation,regime_change,51,0.4219304711265088,0.5063718029195128
seed-31415__h-16__c-32__tol-0p01__vectorchain,31415,16,32,0.01,vectorchain,test,sine,52,0.08511638324405221,0.09741598237714638
seed-31415__h-16__c-32__tol-0p01__vectorchain,31415,16,32,0.01,vectorchain,test,chirp,52,0.28362038714123805,0.33927550456552913
seed-31415__h-16__c-32__tol-0p01__vectorchain,31415,16,32,0.01,vectorchain,test,ramp,52,0.029008854745598008,0.0345560922184588
seed-31415__h-16__c-32__tol-0p01__vectorchain,31415,16,32,0.01,vectorchain,test,piecewise_linear,52,0.02785412209391028,0.0381783037932048
seed-31415__h-16__c-32__tol-0p01__vectorchain,31415,16,32,0.01,vectorchain,test,first_order_response,52,0.036042508849761005,0.04356673227990965
seed-31415__h-16__c-32__tol-0p01__vectorchain,31415,16,32,0.01,vectorchain,test,second_order_response,52,0.033937444601862994,0.043451259000479005
seed-31415__h-16__c-32__tol-0p01__vectorchain,31415,16,32,0.01,vectorchain,test,regime_change,52,0.43837234927357627,0.5182263037302882
seed-31415__h-16__c-32__tol-0p03__vectorchain,31415,16,32,0.03,vectorchain,validation,sine,51,0.07971661195675535,0.08995512555673245
seed-31415__h-16__c-32__tol-0p03__vectorchain,31415,16,32,0.03,vectorchain,validation,chirp,51,0.22212367152166887,0.2500856185834599
seed-31415__h-16__c-32__tol-0p03__vectorchain,31415,16,32,0.03,vectorchain,validation,ramp,51,0.0444793722701224,0.0637207020498779
seed-31415__h-16__c-32__tol-0p03__vectorchain,31415,16,32,0.03,vectorchain,validation,piecewise_linear,51,0.0428511372960591,0.05727462936663182
seed-31415__h-16__c-32__tol-0p03__vectorchain,31415,16,32,0.03,vectorchain,validation,first_order_response,51,0.03739035597744742,0.05758985760745114
seed-31415__h-16__c-32__tol-0p03__vectorchain,31415,16,32,0.03,vectorchain,validation,second_order_response,51,0.027919506686970012,0.04096761491553774
seed-31415__h-16__c-32__tol-0p03__vectorchain,31415,16,32,0.03,vectorchain,validation,regime_change,51,0.3367145363232643,0.3919228797404815
seed-31415__h-16__c-32__tol-0p03__vectorchain,31415,16,32,0.03,vectorchain,test,sine,52,0.08682606058707242,0.1067120967955009
seed-31415__h-16__c-32__tol-0p03__vectorchain,31415,16,32,0.03,vectorchain,test,chirp,52,0.2678583945567544,0.31135488078550394
seed-31415__h-16__c-32__tol-0p03__vectorchain,31415,16,32,0.03,vectorchain,test,ramp,52,0.03471372841158894,0.05035903882906381
seed-31415__h-16__c-32__tol-0p03__vectorchain,31415,16,32,0.03,vectorchain,test,piecewise_linear,52,0.02761122969281963,0.03761914682356369
seed-31415__h-16__c-32__tol-0p03__vectorchain,31415,16,32,0.03,vectorchain,test,first_order_response,52,0.02738786258864323,0.037747847412098905
seed-31415__h-16__c-32__tol-0p03__vectorchain,31415,16,32,0.03,vectorchain,test,second_order_response,52,0.030220038920595035,0.046172943602239946
seed-31415__h-16__c-32__tol-0p03__vectorchain,31415,16,32,0.03,vectorchain,test,regime_change,52,0.3384078886644135,0.3829477118628065
seed-31415__h-16__c-32__tol-0p1__vectorchain,31415,16,32,0.1,vectorchain,validation,sine,51,0.08746995027901958,0.09641465554848401
seed-31415__h-16__c-32__tol-0p1__vectorchain,31415,16,32,0.1,vectorchain,validation,chirp,51,0.19446373949089724,0.24285549717482902
seed-31415__h-16__c-32__tol-0p1__vectorchain,31415,16,32,0.1,vectorchain,validation,ramp,51,0.015832242583779518,0.02012430088897359
seed-31415__h-16__c-32__tol-0p1__vectorchain,31415,16,32,0.1,vectorchain,validation,piecewise_linear,51,0.027090483469192992,0.0381456570324373
seed-31415__h-16__c-32__tol-0p1__vectorchain,31415,16,32,0.1,vectorchain,validation,first_order_response,51,0.016070492799225573,0.01975558526211336
seed-31415__h-16__c-32__tol-0p1__vectorchain,31415,16,32,0.1,vectorchain,validation,second_order_response,51,0.01838625281120509,0.02228391433993065
seed-31415__h-16__c-32__tol-0p1__vectorchain,31415,16,32,0.1,vectorchain,validation,regime_change,51,0.27939728489737375,0.3576601279610181
seed-31415__h-16__c-32__tol-0p1__vectorchain,31415,16,32,0.1,vectorchain,test,sine,52,0.08097892716807623,0.09019414165273651
seed-31415__h-16__c-32__tol-0p1__vectorchain,31415,16,32,0.1,vectorchain,test,chirp,52,0.22239488577658406,0.30509808042655184
seed-31415__h-16__c-32__tol-0p1__vectorchain,31415,16,32,0.1,vectorchain,test,ramp,52,0.012392026486017524,0.016157170870539438
seed-31415__h-16__c-32__tol-0p1__vectorchain,31415,16,32,0.1,vectorchain,test,piecewise_linear,52,0.014946664648667788,0.01888329882591955
seed-31415__h-16__c-32__tol-0p1__vectorchain,31415,16,32,0.1,vectorchain,test,first_order_response,52,0.016941721844715756,0.02080445881731861
seed-31415__h-16__c-32__tol-0p1__vectorchain,31415,16,32,0.1,vectorchain,test,second_order_response,52,0.017270746673025607,0.02021802068898046
seed-31415__h-16__c-32__tol-0p1__vectorchain,31415,16,32,0.1,vectorchain,test,regime_change,52,0.2123374577884345,0.2876739923352698
seed-31415__h-1__c-64__tol-na__raw,31415,1,64,,raw,validation,sine,51,0.012005620394444912,0.013737492951382267
seed-31415__h-1__c-64__tol-na__raw,31415,1,64,,raw,validation,chirp,51,0.015829082526416283,0.019076494330192355
seed-31415__h-1__c-64__tol-na__raw,31415,1,64,,raw,validation,ramp,51,0.011283738782758684,0.014142838247953128
seed-31415__h-1__c-64__tol-na__raw,31415,1,64,,raw,validation,piecewise_linear,51,0.011818697579039238,0.015721036088041724
seed-31415__h-1__c-64__tol-na__raw,31415,1,64,,raw,validation,first_order_response,51,0.013610870717749184,0.016587508409255363
seed-31415__h-1__c-64__tol-na__raw,31415,1,64,,raw,validation,second_order_response,51,0.01229879040882896,0.014912809282518131
seed-31415__h-1__c-64__tol-na__raw,31415,1,64,,raw,validation,regime_change,51,0.027491868370433065,0.033520720774743884
seed-31415__h-1__c-64__tol-na__raw,31415,1,64,,raw,test,sine,51,0.011532123371182208,0.013541742969996792
seed-31415__h-1__c-64__tol-na__raw,31415,1,64,,raw,test,chirp,51,0.02070929671517555,0.024773472161836767
seed-31415__h-1__c-64__tol-na__raw,31415,1,64,,raw,test,ramp,51,0.009848341859848255,0.012139205389215221
seed-31415__h-1__c-64__tol-na__raw,31415,1,64,,raw,test,piecewise_linear,51,0.01125476713897732,0.013864256189426194
seed-31415__h-1__c-64__tol-na__raw,31415,1,64,,raw,test,first_order_response,51,0.010493798297677439,0.013806748191085358
seed-31415__h-1__c-64__tol-na__raw,31415,1,64,,raw,test,second_order_response,51,0.010968607240332363,0.012845101963449311
seed-31415__h-1__c-64__tol-na__raw,31415,1,64,,raw,test,regime_change,51,0.02849376414452915,0.03295147158355422
seed-31415__h-1__c-64__tol-na__first_difference,31415,1,64,,first_difference,validation,sine,51,0.011565097076715748,0.0146393730856494
seed-31415__h-1__c-64__tol-na__first_difference,31415,1,64,,first_difference,validation,chirp,51,0.029587412391990427,0.03369416440468699
seed-31415__h-1__c-64__tol-na__first_difference,31415,1,64,,first_difference,validation,ramp,51,0.009455366552588863,0.012063213387966535
seed-31415__h-1__c-64__tol-na__first_difference,31415,1,64,,first_difference,validation,piecewise_linear,51,0.011207298536763997,0.01454926611380742
seed-31415__h-1__c-64__tol-na__first_difference,31415,1,64,,first_difference,validation,first_order_response,51,0.011507974110230882,0.013563438175804497
seed-31415__h-1__c-64__tol-na__first_difference,31415,1,64,,first_difference,validation,second_order_response,51,0.010418788126880523,0.013161947953560425
seed-31415__h-1__c-64__tol-na__first_difference,31415,1,64,,first_difference,validation,regime_change,51,0.04643872047453785,0.055112541940960436
seed-31415__h-1__c-64__tol-na__first_difference,31415,1,64,,first_difference,test,sine,51,0.011979321472475107,0.015040938010452714
seed-31415__h-1__c-64__tol-na__first_difference,31415,1,64,,first_difference,test,chirp,51,0.03605873429545155,0.04156510143964024
seed-31415__h-1__c-64__tol-na__first_difference,31415,1,64,,first_difference,test,ramp,51,0.00910706263484614,0.010616217615883682
seed-31415__h-1__c-64__tol-na__first_difference,31415,1,64,,first_difference,test,piecewise_linear,51,0.00944748778825286,0.011871358296452484
seed-31415__h-1__c-64__tol-na__first_difference,31415,1,64,,first_difference,test,first_order_response,51,0.009703030613445508,0.012567431170930652
seed-31415__h-1__c-64__tol-na__first_difference,31415,1,64,,first_difference,test,second_order_response,51,0.010165974648030051,0.011954550571284658
seed-31415__h-1__c-64__tol-na__first_difference,31415,1,64,,first_difference,test,regime_change,51,0.04743474902968213,0.0540715959349975
seed-31415__h-1__c-64__tol-0p01__vectorchain,31415,1,64,0.01,vectorchain,validation,sine,51,0.011342537024988126,0.014125073461199955
seed-31415__h-1__c-64__tol-0p01__vectorchain,31415,1,64,0.01,vectorchain,validation,chirp,51,0.024835483704512298,0.028416636986322297
seed-31415__h-1__c-64__tol-0p01__vectorchain,31415,1,64,0.01,vectorchain,validation,ramp,51,0.010385443204546492,0.013307761730762402
seed-31415__h-1__c-64__tol-0p01__vectorchain,31415,1,64,0.01,vectorchain,validation,piecewise_linear,51,0.012126489888411331,0.014989917282959545
seed-31415__h-1__c-64__tol-0p01__vectorchain,31415,1,64,0.01,vectorchain,validation,first_order_response,51,0.011666715107925194,0.014067219211931081
seed-31415__h-1__c-64__tol-0p01__vectorchain,31415,1,64,0.01,vectorchain,validation,second_order_response,51,0.010722828570881067,0.013499234963358097
seed-31415__h-1__c-64__tol-0p01__vectorchain,31415,1,64,0.01,vectorchain,validation,regime_change,51,0.037439141212753484,0.04599906585590374
seed-31415__h-1__c-64__tol-0p01__vectorchain,31415,1,64,0.01,vectorchain,test,sine,51,0.012122495889498056,0.014612162346895934
seed-31415__h-1__c-64__tol-0p01__vectorchain,31415,1,64,0.01,vectorchain,test,chirp,51,0.027133801274538454,0.033263353912242936
seed-31415__h-1__c-64__tol-0p01__vectorchain,31415,1,64,0.01,vectorchain,test,ramp,51,0.009746026228136848,0.01150240763767446
seed-31415__h-1__c-64__tol-0p01__vectorchain,31415,1,64,0.01,vectorchain,test,piecewise_linear,51,0.0091162101166179,0.011594956565165633
seed-31415__h-1__c-64__tol-0p01__vectorchain,31415,1,64,0.01,vectorchain,test,first_order_response,51,0.009951066666555927,0.01303196505107552
seed-31415__h-1__c-64__tol-0p01__vectorchain,31415,1,64,0.01,vectorchain,test,second_order_response,51,0.010224462021553419,0.01209025081043271
seed-31415__h-1__c-64__tol-0p01__vectorchain,31415,1,64,0.01,vectorchain,test,regime_change,51,0.036382115287806875,0.04356515313126386
seed-31415__h-1__c-64__tol-0p03__vectorchain,31415,1,64,0.03,vectorchain,validation,sine,51,0.012105307770120713,0.014697952071276573
seed-31415__h-1__c-64__tol-0p03__vectorchain,31415,1,64,0.03,vectorchain,validation,chirp,51,0.02178351322221519,0.025207673547752826
seed-31415__h-1__c-64__tol-0p03__vectorchain,31415,1,64,0.03,vectorchain,validation,ramp,51,0.012220281485741863,0.014562536792700588
seed-31415__h-1__c-64__tol-0p03__vectorchain,31415,1,64,0.03,vectorchain,validation,piecewise_linear,51,0.012003520174684937,0.015648181352599287
seed-31415__h-1__c-64__tol-0p03__vectorchain,31415,1,64,0.03,vectorchain,validation,first_order_response,51,0.013239989107532884,0.01599944376408418
seed-31415__h-1__c-64__tol-0p03__vectorchain,31415,1,64,0.03,vectorchain,validation,second_order_response,51,0.01168832110468396,0.014453980800760676
seed-31415__h-1__c-64__tol-0p03__vectorchain,31415,1,64,0.03,vectorchain,validation,regime_change,51,0.029048236119548966,0.036857251787286084
seed-31415__h-1__c-64__tol-0p03__vectorchain,31415,1,64,0.03,vectorchain,test,sine,51,0.013408606087782835,0.016818477299016494
seed-31415__h-1__c-64__tol-0p03__vectorchain,31415,1,64,0.03,vectorchain,test,chirp,51,0.023573474116958395,0.028713525986331975
seed-31415__h-1__c-64__tol-0p03__vectorchain,31415,1,64,0.03,vectorchain,test,ramp,51,0.010303008167346561,0.012361754007793527
seed-31415__h-1__c-64__tol-0p03__vectorchain,31415,1,64,0.03,vectorchain,test,piecewise_linear,51,0.01138899980834119,0.013609269397040364
seed-31415__h-1__c-64__tol-0p03__vectorchain,31415,1,64,0.03,vectorchain,test,first_order_response,51,0.01079353516514902,0.013978864929181338
seed-31415__h-1__c-64__tol-0p03__vectorchain,31415,1,64,0.03,vectorchain,test,second_order_response,51,0.010687835868811568,0.012725948354867598
seed-31415__h-1__c-64__tol-0p03__vectorchain,31415,1,64,0.03,vectorchain,test,regime_change,51,0.029897979007324625,0.035456757160097836
seed-31415__h-1__c-64__tol-0p1__vectorchain,31415,1,64,0.1,vectorchain,validation,sine,51,0.011796867067902214,0.014156559349161232
seed-31415__h-1__c-64__tol-0p1__vectorchain,31415,1,64,0.1,vectorchain,validation,chirp,51,0.011411690406140517,0.015253202265475007
seed-31415__h-1__c-64__tol-0p1__vectorchain,31415,1,64,0.1,vectorchain,validation,ramp,51,0.01101005456203996,0.013968485193349103
seed-31415__h-1__c-64__tol-0p1__vectorchain,31415,1,64,0.1,vectorchain,validation,piecewise_linear,51,0.012281987025158685,0.016332671640164668
seed-31415__h-1__c-64__tol-0p1__vectorchain,31415,1,64,0.1,vectorchain,validation,first_order_response,51,0.012779798146366175,0.015450682541465937
seed-31415__h-1__c-64__tol-0p1__vectorchain,31415,1,64,0.1,vectorchain,validation,second_order_response,51,0.010893834393880704,0.01382787648028466
seed-31415__h-1__c-64__tol-0p1__vectorchain,31415,1,64,0.1,vectorchain,validation,regime_change,51,0.01585927839452026,0.01921616663183114
seed-31415__h-1__c-64__tol-0p1__vectorchain,31415,1,64,0.1,vectorchain,test,sine,51,0.011947128371049626,0.01448729214831071
seed-31415__h-1__c-64__tol-0p1__vectorchain,31415,1,64,0.1,vectorchain,test,chirp,51,0.011899177022981244,0.014915459285442792
seed-31415__h-1__c-64__tol-0p1__vectorchain,31415,1,64,0.1,vectorchain,test,ramp,51,0.009799712508372376,0.011685914256250346
seed-31415__h-1__c-64__tol-0p1__vectorchain,31415,1,64,0.1,vectorchain,test,piecewise_linear,51,0.010968992194354212,0.01351281681550066
seed-31415__h-1__c-64__tol-0p1__vectorchain,31415,1,64,0.1,vectorchain,test,first_order_response,51,0.010685806237899347,0.013955364620538707
seed-31415__h-1__c-64__tol-0p1__vectorchain,31415,1,64,0.1,vectorchain,test,second_order_response,51,0.010788379963474135,0.01266895631054823
seed-31415__h-1__c-64__tol-0p1__vectorchain,31415,1,64,0.1,vectorchain,test,regime_change,51,0.011323311200997953,0.015002027234613592
seed-31415__h-4__c-64__tol-na__raw,31415,4,64,,raw,validation,sine,51,0.013860678463775377,0.01680294249314238
seed-31415__h-4__c-64__tol-na__raw,31415,4,64,,raw,validation,chirp,51,0.05854018877343796,0.06641986660898305
seed-31415__h-4__c-64__tol-na__raw,31415,4,64,,raw,validation,ramp,51,0.0146274954677811,0.01753409389907595
seed-31415__h-4__c-64__tol-na__raw,31415,4,64,,raw,validation,piecewise_linear,51,0.011808181158224346,0.014994757847687354
seed-31415__h-4__c-64__tol-na__raw,31415,4,64,,raw,validation,first_order_response,51,0.015560613579782617,0.018483404727972167
seed-31415__h-4__c-64__tol-na__raw,31415,4,64,,raw,validation,second_order_response,51,0.014196953239534151,0.01712111491109022
seed-31415__h-4__c-64__tol-na__raw,31415,4,64,,raw,validation,regime_change,51,0.1118269516715515,0.12609200668149373
seed-31415__h-4__c-64__tol-na__raw,31415,4,64,,raw,test,sine,52,0.01129317840622703,0.01610516974250385
seed-31415__h-4__c-64__tol-na__raw,31415,4,64,,raw,test,chirp,52,0.08638595721169073,0.09752719269085369
seed-31415__h-4__c-64__tol-na__raw,31415,4,64,,raw,test,ramp,52,0.010454137064211574,0.013443373809449535
seed-31415__h-4__c-64__tol-na__raw,31415,4,64,,raw,test,piecewise_linear,52,0.013100680535209101,0.016830598912444497
seed-31415__h-4__c-64__tol-na__raw,31415,4,64,,raw,test,first_order_response,52,0.016660936612822627,0.02024240602184986
seed-31415__h-4__c-64__tol-na__raw,31415,4,64,,raw,test,second_order_response,52,0.016033360542918138,0.01980610579927523
seed-31415__h-4__c-64__tol-na__raw,31415,4,64,,raw,test,regime_change,52,0.11512198290732845,0.12792589118304887
seed-31415__h-4__c-64__tol-na__first_difference,31415,4,64,,first_difference,validation,sine,51,0.029399737344437113,0.034278784192227824
seed-31415__h-4__c-64__tol-na__first_difference,31415,4,64,,first_difference,validation,chirp,51,0.09026224665519827,0.10133054173281991
seed-31415__h-4__c-64__tol-na__first_difference,31415,4,64,,first_difference,validation,ramp,51,0.015611888825245222,0.01926800323338405
seed-31415__h-4__c-64__tol-na__first_difference,31415,4,64,,first_difference,validation,piecewise_linear,51,0.014957306283588868,0.017708178589379057
seed-31415__h-4__c-64__tol-na__first_difference,31415,4,64,,first_difference,validation,first_order_response,51,0.01601979644721687,0.018477259690757506
seed-31415__h-4__c-64__tol-na__first_difference,31415,4,64,,first_difference,validation,second_order_response,51,0.013098247553093507,0.01543335502981779
seed-31415__h-4__c-64__tol-na__first_difference,31415,4,64,,first_difference,validation,regime_change,51,0.1450627649437251,0.16372566804844965
seed-31415__h-4__c-64__tol-na__first_difference,31415,4,64,,first_difference,test,sine,52,0.02851661817577432,0.03472571253706931
seed-31415__h-4__c-64__tol-na__first_difference,31415,4,64,,first_difference,test,chirp,52,0.11484540698347365,0.13062122489386213
seed-31415__h-4__c-64__tol-na__first_difference,31415,4,64,,first_difference,test,ramp,52,0.010363036708695216,0.012795952416414886
seed-31415__h-4__c-64__tol-na__first_difference,31415,4,64,,first_difference,test,piecewise_linear,52,0.01507466445756878,0.018482535474701058
seed-31415__h-4__c-64__tol-na__first_difference,31415,4,64,,first_difference,test,first_order_response,52,0.01710056776824524,0.020866683996467728
seed-31415__h-4__c-64__tol-na__first_difference,31415,4,64,,first_difference,test,second_order_response,52,0.0161592966492581,0.019572530142115893
seed-31415__h-4__c-64__tol-na__first_difference,31415,4,64,,first_difference,test,regime_change,52,0.14127339138307662,0.1585599088198956
seed-31415__h-4__c-64__tol-0p01__vectorchain,31415,4,64,0.01,vectorchain,validation,sine,51,0.023737328646506985,0.02826982105992729
seed-31415__h-4__c-64__tol-0p01__vectorchain,31415,4,64,0.01,vectorchain,validation,chirp,51,0.06156983770856323,0.06950198690984878
seed-31415__h-4__c-64__tol-0p01__vectorchain,31415,4,64,0.01,vectorchain,validation,ramp,51,0.019340996323168807,0.023257632232036043
seed-31415__h-4__c-64__tol-0p01__vectorchain,31415,4,64,0.01,vectorchain,validation,piecewise_linear,51,0.016458989666923336,0.020851377236312283
seed-31415__h-4__c-64__tol-0p01__vectorchain,31415,4,64,0.01,vectorchain,validation,first_order_response,51,0.016665486341180046,0.021037020635894976
seed-31415__h-4__c-64__tol-0p01__vectorchain,31415,4,64,0.01,vectorchain,validation,second_order_response,51,0.014736627892343979,0.01793499128079295
seed-31415__h-4__c-64__tol-0p01__vectorchain,31415,4,64,0.01,vectorchain,validation,regime_change,51,0.09900687770000809,0.11331346705219965
seed-31415__h-4__c-64__tol-0p01__vectorchain,31415,4,64,0.01,vectorchain,test,sine,52,0.023791772190174556,0.028710234162019857
seed-31415__h-4__c-64__tol-0p01__vectorchain,31415,4,64,0.01,vectorchain,test,chirp,52,0.07521705706624073,0.08528776424935958
seed-31415__h-4__c-64__tol-0p01__vectorchain,31415,4,64,0.01,vectorchain,test,ramp,52,0.012171332811583753,0.014988908360695875
seed-31415__h-4__c-64__tol-0p01__vectorchain,31415,4,64,0.01,vectorchain,test,piecewise_linear,52,0.015181555736448018,0.02042163982743231
seed-31415__h-4__c-64__tol-0p01__vectorchain,31415,4,64,0.01,vectorchain,test,first_order_response,52,0.017111816004720455,0.020962576697360503
seed-31415__h-4__c-64__tol-0p01__vectorchain,31415,4,64,0.01,vectorchain,test,second_order_response,52,0.01804949371647875,0.022527316903641254
seed-31415__h-4__c-64__tol-0p01__vectorchain,31415,4,64,0.01,vectorchain,test,regime_change,52,0.09907056667599871,0.11304675340137015
seed-31415__h-4__c-64__tol-0p03__vectorchain,31415,4,64,0.03,vectorchain,validation,sine,51,0.01965960186550678,0.024321258734608754
seed-31415__h-4__c-64__tol-0p03__vectorchain,31415,4,64,0.03,vectorchain,validation,chirp,51,0.049931801091529636,0.05665465554482811
seed-31415__h-4__c-64__tol-0p03__vectorchain,31415,4,64,0.03,vectorchain,validation,ramp,51,0.018989482090531393,0.02425272504145816
seed-31415__h-4__c-64__tol-0p03__vectorchain,31415,4,64,0.03,vectorchain,validation,piecewise_linear,51,0.015191754822782781,0.019674274666543964
seed-31415__h-4__c-64__tol-0p03__vectorchain,31415,4,64,0.03,vectorchain,validation,first_order_response,51,0.017628899656687732,0.021359943140866318
seed-31415__h-4__c-64__tol-0p03__vectorchain,31415,4,64,0.03,vectorchain,validation,second_order_response,51,0.013844262901361861,0.01644234107269002
seed-31415__h-4__c-64__tol-0p03__vectorchain,31415,4,64,0.03,vectorchain,validation,regime_change,51,0.07692818947691134,0.08785378360638242
seed-31415__h-4__c-64__tol-0p03__vectorchain,31415,4,64,0.03,vectorchain,test,sine,52,0.023520547358221542,0.03226302939865046
seed-31415__h-4__c-64__tol-0p03__vectorchain,31415,4,64,0.03,vectorchain,test,chirp,52,0.06159487698645034,0.07220455725051626
seed-31415__h-4__c-64__tol-0p03__vectorchain,31415,4,64,0.03,vectorchain,test,ramp,52,0.012699712048293916,0.01685038543788997
seed-31415__h-4__c-64__tol-0p03__vectorchain,31415,4,64,0.03,vectorchain,test,piecewise_linear,52,0.017995403322135353,0.021690531046342817
seed-31415__h-4__c-64__tol-0p03__vectorchain,31415,4,64,0.03,vectorchain,test,first_order_response,52,0.017066048302162396,0.02181817962426294
seed-31415__h-4__c-64__tol-0p03__vectorchain,31415,4,64,0.03,vectorchain,test,second_order_response,52,0.016589442881414895,0.020672620014505733
seed-31415__h-4__c-64__tol-0p03__vectorchain,31415,4,64,0.03,vectorchain,test,regime_change,52,0.0692629724710391,0.081161030847637
seed-31415__h-4__c-64__tol-0p1__vectorchain,31415,4,64,0.1,vectorchain,validation,sine,51,0.01756199977232669,0.022322244054376807
seed-31415__h-4__c-64__tol-0p1__vectorchain,31415,4,64,0.1,vectorchain,validation,chirp,51,0.023177816164238932,0.029684017563728127
seed-31415__h-4__c-64__tol-0p1__vectorchain,31415,4,64,0.1,vectorchain,validation,ramp,51,0.013963256667043145,0.016875734894571153
seed-31415__h-4__c-64__tol-0p1__vectorchain,31415,4,64,0.1,vectorchain,validation,piecewise_linear,51,0.013757897234019885,0.01664691857125436
seed-31415__h-4__c-64__tol-0p1__vectorchain,31415,4,64,0.1,vectorchain,validation,first_order_response,51,0.013661562975448124,0.01591531665430158
seed-31415__h-4__c-64__tol-0p1__vectorchain,31415,4,64,0.1,vectorchain,validation,second_order_response,51,0.011104805523071465,0.013133558530647519
seed-31415__h-4__c-64__tol-0p1__vectorchain,31415,4,64,0.1,vectorchain,validation,regime_change,51,0.036825318834530864,0.045095875974757796
seed-31415__h-4__c-64__tol-0p1__vectorchain,31415,4,64,0.1,vectorchain,test,sine,52,0.01638329043979581,0.02159391688330759
seed-31415__h-4__c-64__tol-0p1__vectorchain,31415,4,64,0.1,vectorchain,test,chirp,52,0.03140140329746619,0.03832279982064254
seed-31415__h-4__c-64__tol-0p1__vectorchain,31415,4,64,0.1,vectorchain,test,ramp,52,0.008324049419182246,0.010728880418407855
seed-31415__h-4__c-64__tol-0p1__vectorchain,31415,4,64,0.1,vectorchain,test,piecewise_linear,52,0.012900534346461765,0.015913786044143757
seed-31415__h-4__c-64__tol-0p1__vectorchain,31415,4,64,0.1,vectorchain,test,first_order_response,52,0.013970183637333362,0.017380642304256004
seed-31415__h-4__c-64__tol-0p1__vectorchain,31415,4,64,0.1,vectorchain,test,second_order_response,52,0.014439214031468521,0.016984763718061922
seed-31415__h-4__c-64__tol-0p1__vectorchain,31415,4,64,0.1,vectorchain,test,regime_change,52,0.03254706091695659,0.038724813383412895
seed-31415__h-16__c-64__tol-na__raw,31415,16,64,,raw,validation,sine,51,0.04215336849923754,0.051521241369351864
seed-31415__h-16__c-64__tol-na__raw,31415,16,64,,raw,validation,chirp,51,0.2820743414514798,0.3213223182955025
seed-31415__h-16__c-64__tol-na__raw,31415,16,64,,raw,validation,ramp,51,0.01654104110570201,0.02072541845761945
seed-31415__h-16__c-64__tol-na__raw,31415,16,64,,raw,validation,piecewise_linear,51,0.029512614984797344,0.036050938790586705
seed-31415__h-16__c-64__tol-na__raw,31415,16,64,,raw,validation,first_order_response,51,0.03800995608397197,0.04164002402467056
seed-31415__h-16__c-64__tol-na__raw,31415,16,64,,raw,validation,second_order_response,51,0.05290870974442042,0.05557973371138493
seed-31415__h-16__c-64__tol-na__raw,31415,16,64,,raw,validation,regime_change,51,0.5235497187431515,0.6031121907312813
seed-31415__h-16__c-64__tol-na__raw,31415,16,64,,raw,test,sine,52,0.03278783097057599,0.04325889284208021
seed-31415__h-16__c-64__tol-na__raw,31415,16,64,,raw,test,chirp,52,0.37924966652259245,0.436222703654562
seed-31415__h-16__c-64__tol-na__raw,31415,16,64,,raw,test,ramp,52,0.031006270165989537,0.034633520403711794
seed-31415__h-16__c-64__tol-na__raw,31415,16,64,,raw,test,piecewise_linear,52,0.021988098037904844,0.02667790536938518
seed-31415__h-16__c-64__tol-na__raw,31415,16,64,,raw,test,first_order_response,52,0.039664215328332836,0.04434238529884828
seed-31415__h-16__c-64__tol-na__raw,31415,16,64,,raw,test,second_order_response,52,0.04376837315860364,0.04721790727237217
seed-31415__h-16__c-64__tol-na__raw,31415,16,64,,raw,test,regime_change,52,0.5262049679873557,0.5965178546492417
seed-31415__h-16__c-64__tol-na__first_difference,31415,16,64,,first_difference,validation,sine,51,0.12301331652328161,0.13842826923713483
seed-31415__h-16__c-64__tol-na__first_difference,31415,16,64,,first_difference,validation,chirp,51,0.377508450119205,0.4214768305207446
seed-31415__h-16__c-64__tol-na__first_difference,31415,16,64,,first_difference,validation,ramp,51,0.0346347963287455,0.04241626858797157
seed-31415__h-16__c-64__tol-na__first_difference,31415,16,64,,first_difference,validation,piecewise_linear,51,0.04536106681074765,0.05384377205919064
seed-31415__h-16__c-64__tol-na__first_difference,31415,16,64,,first_difference,validation,first_order_response,51,0.03483722991220478,0.042511112025244144
seed-31415__h-16__c-64__tol-na__first_difference,31415,16,64,,first_difference,validation,second_order_response,51,0.03964088353441619,0.04704472642521677
seed-31415__h-16__c-64__tol-na__first_difference,31415,16,64,,first_difference,validation,regime_change,51,0.5872200229152262,0.6588234926927509
seed-31415__h-16__c-64__tol-na__first_difference,31415,16,64,,first_difference,test,sine,52,0.1214364105500551,0.1405528337158956
seed-31415__h-16__c-64__tol-na__first_difference,31415,16,64,,first_difference,test,chirp,52,0.4780117219465472,0.5369218652820585
seed-31415__h-16__c-64__tol-na__first_difference,31415,16,64,,first_difference,test,ramp,52,0.03001872200352446,0.040108092512639436
seed-31415__h-16__c-64__tol-na__first_difference,31415,16,64,,first_difference,test,piecewise_linear,52,0.035639772732064645,0.042694565671543935
seed-31415__h-16__c-64__tol-na__first_difference,31415,16,64,,first_difference,test,first_order_response,52,0.04271171259187656,0.05124259286206456
seed-31415__h-16__c-64__tol-na__first_difference,31415,16,64,,first_difference,test,second_order_response,52,0.036771794720718724,0.04619160658660069
seed-31415__h-16__c-64__tol-na__first_difference,31415,16,64,,first_difference,test,regime_change,52,0.5574324908758961,0.6265244916111276
seed-31415__h-16__c-64__tol-0p01__vectorchain,31415,16,64,0.01,vectorchain,validation,sine,51,0.09244691718983936,0.11029314694725442
seed-31415__h-16__c-64__tol-0p01__vectorchain,31415,16,64,0.01,vectorchain,validation,chirp,51,0.2471926317017283,0.2730657901009946
seed-31415__h-16__c-64__tol-0p01__vectorchain,31415,16,64,0.01,vectorchain,validation,ramp,51,0.06020397654924357,0.0709802623836502
seed-31415__h-16__c-64__tol-0p01__vectorchain,31415,16,64,0.01,vectorchain,validation,piecewise_linear,51,0.0523847217577327,0.06979451322689798
seed-31415__h-16__c-64__tol-0p01__vectorchain,31415,16,64,0.01,vectorchain,validation,first_order_response,51,0.047037177622209485,0.05719559993489471
seed-31415__h-16__c-64__tol-0p01__vectorchain,31415,16,64,0.01,vectorchain,validation,second_order_response,51,0.039620674111742915,0.048262778933279474
seed-31415__h-16__c-64__tol-0p01__vectorchain,31415,16,64,0.01,vectorchain,validation,regime_change,51,0.387237953135273,0.43274004504884656
seed-31415__h-16__c-64__tol-0p01__vectorchain,31415,16,64,0.01,vectorchain,test,sine,52,0.09695029371512284,0.11421975468668985
seed-31415__h-16__c-64__tol-0p01__vectorchain,31415,16,64,0.01,vectorchain,test,chirp,52,0.2979238289639587,0.33339690128562827
seed-31415__h-16__c-64__tol-0p01__vectorchain,31415,16,64,0.01,vectorchain,test,ramp,52,0.03366966298129392,0.04268534324400827
seed-31415__h-16__c-64__tol-0p01__vectorchain,31415,16,64,0.01,vectorchain,test,piecewise_linear,52,0.04191719314783363,0.05388595299476356
seed-31415__h-16__c-64__tol-0p01__vectorchain,31415,16,64,0.01,vectorchain,test,first_order_response,52,0.0461222312836989,0.05735111754240801
seed-31415__h-16__c-64__tol-0p01__vectorchain,31415,16,64,0.01,vectorchain,test,second_order_response,52,0.0518130370203153,0.06658007230845658
seed-31415__h-16__c-64__tol-0p01__vectorchain,31415,16,64,0.01,vectorchain,test,regime_change,52,0.4401761505543227,0.4919130543948078
seed-31415__h-16__c-64__tol-0p03__vectorchain,31415,16,64,0.03,vectorchain,validation,sine,51,0.07183898516280358,0.08275981655773046
seed-31415__h-16__c-64__tol-0p03__vectorchain,31415,16,64,0.03,vectorchain,validation,chirp,51,0.2104571061093694,0.23015129693764225
seed-31415__h-16__c-64__tol-0p03__vectorchain,31415,16,64,0.03,vectorchain,validation,ramp,51,0.04505757608605702,0.06473680122943831
seed-31415__h-16__c-64__tol-0p03__vectorchain,31415,16,64,0.03,vectorchain,validation,piecewise_linear,51,0.042567399757998114,0.05807918861984358
seed-31415__h-16__c-64__tol-0p03__vectorchain,31415,16,64,0.03,vectorchain,validation,first_order_response,51,0.03596665378942151,0.05664943119947371
seed-31415__h-16__c-64__tol-0p03__vectorchain,31415,16,64,0.03,vectorchain,validation,second_order_response,51,0.02997747319861709,0.041567608245046274
seed-31415__h-16__c-64__tol-0p03__vectorchain,31415,16,64,0.03,vectorchain,validation,regime_change,51,0.31289021512382653,0.35018176437454
seed-31415__h-16__c-64__tol-0p03__vectorchain,31415,16,64,0.03,vectorchain,test,sine,52,0.087493918696358,0.11258497683364446
seed-31415__h-16__c-64__tol-0p03__vectorchain,31415,16,64,0.03,vectorchain,test,chirp,52,0.27099749593698635,0.3040199026203173
seed-31415__h-16__c-64__tol-0p03__vectorchain,31415,16,64,0.03,vectorchain,test,ramp,52,0.03575113506778909,0.05222929954531573
seed-31415__h-16__c-64__tol-0p03__vectorchain,31415,16,64,0.03,vectorchain,test,piecewise_linear,52,0.042076081711659,0.055638692371739545
seed-31415__h-16__c-64__tol-0p03__vectorchain,31415,16,64,0.03,vectorchain,test,first_order_response,52,0.03512785231120874,0.046386982426287186
seed-31415__h-16__c-64__tol-0p03__vectorchain,31415,16,64,0.03,vectorchain,test,second_order_response,52,0.02911189817014109,0.04351312947353702
seed-31415__h-16__c-64__tol-0p03__vectorchain,31415,16,64,0.03,vectorchain,test,regime_change,52,0.31789545786639156,0.34872420818081745
seed-31415__h-16__c-64__tol-0p1__vectorchain,31415,16,64,0.1,vectorchain,validation,sine,51,0.05568667564185694,0.06774711231234341
seed-31415__h-16__c-64__tol-0p1__vectorchain,31415,16,64,0.1,vectorchain,validation,chirp,51,0.09119962717796638,0.11301247786581257
seed-31415__h-16__c-64__tol-0p1__vectorchain,31415,16,64,0.1,vectorchain,validation,ramp,51,0.013989300479238877,0.017376038298044138
seed-31415__h-16__c-64__tol-0p1__vectorchain,31415,16,64,0.1,vectorchain,validation,piecewise_linear,51,0.02902014539426819,0.044228745815511276
seed-31415__h-16__c-64__tol-0p1__vectorchain,31415,16,64,0.1,vectorchain,validation,first_order_response,51,0.013642215978784797,0.016769443300976142
seed-31415__h-16__c-64__tol-0p1__vectorchain,31415,16,64,0.1,vectorchain,validation,second_order_response,51,0.020137180701951904,0.02335708126919703
seed-31415__h-16__c-64__tol-0p1__vectorchain,31415,16,64,0.1,vectorchain,validation,regime_change,51,0.2626322738414408,0.31578320186500114
seed-31415__h-16__c-64__tol-0p1__vectorchain,31415,16,64,0.1,vectorchain,test,sine,52,0.05254443127772404,0.06305274754994519
seed-31415__h-16__c-64__tol-0p1__vectorchain,31415,16,64,0.1,vectorchain,test,chirp,52,0.19535181585202557,0.2311113773052915
seed-31415__h-16__c-64__tol-0p1__vectorchain,31415,16,64,0.1,vectorchain,test,ramp,52,0.010387460573631203,0.013529671015346127
seed-31415__h-16__c-64__tol-0p1__vectorchain,31415,16,64,0.1,vectorchain,test,piecewise_linear,52,0.015148310591456021,0.0189093395699213
seed-31415__h-16__c-64__tol-0p1__vectorchain,31415,16,64,0.1,vectorchain,test,first_order_response,52,0.015294987810022835,0.018678664613664204
seed-31415__h-16__c-64__tol-0p1__vectorchain,31415,16,64,0.1,vectorchain,test,second_order_response,52,0.017660501483729767,0.021686593388886618
seed-31415__h-16__c-64__tol-0p1__vectorchain,31415,16,64,0.1,vectorchain,test,regime_change,52,0.26419671007207474,0.3083028447697764
seed-31415__h-1__c-128__tol-na__raw,31415,1,128,,raw,validation,sine,51,0.011584019074781996,0.01339085046040914
seed-31415__h-1__c-128__tol-na__raw,31415,1,128,,raw,validation,chirp,51,0.024092369226536084,0.02851499127041404
seed-31415__h-1__c-128__tol-na__raw,31415,1,128,,raw,validation,ramp,51,0.011140663753946125,0.01403142816035575
seed-31415__h-1__c-128__tol-na__raw,31415,1,128,,raw,validation,piecewise_linear,51,0.01145259162350011,0.015275073697927272
seed-31415__h-1__c-128__tol-na__raw,31415,1,128,,raw,validation,first_order_response,51,0.013850167801696673,0.016923547285276355
seed-31415__h-1__c-128__tol-na__raw,31415,1,128,,raw,validation,second_order_response,51,0.013523807975818614,0.015982861943487074
seed-31415__h-1__c-128__tol-na__raw,31415,1,128,,raw,validation,regime_change,51,0.03556214448533944,0.042111795707204795
seed-31415__h-1__c-128__tol-na__raw,31415,1,128,,raw,test,sine,51,0.011704002299744637,0.014526278403949641
seed-31415__h-1__c-128__tol-na__raw,31415,1,128,,raw,test,chirp,51,0.028417267796223403,0.03235565060565058
seed-31415__h-1__c-128__tol-na__raw,31415,1,128,,raw,test,ramp,51,0.010016079872237916,0.012346386749885826
seed-31415__h-1__c-128__tol-na__raw,31415,1,128,,raw,test,piecewise_linear,51,0.011308596239588489,0.013961671479852427
seed-31415__h-1__c-128__tol-na__raw,31415,1,128,,raw,test,first_order_response,51,0.01047269247920704,0.013790178831495305
seed-31415__h-1__c-128__tol-na__raw,31415,1,128,,raw,test,second_order_response,51,0.011194489239400592,0.013138263217046982
seed-31415__h-1__c-128__tol-na__raw,31415,1,128,,raw,test,regime_change,51,0.03596419111839051,0.040446038029686306
seed-31415__h-1__c-128__tol-na__first_difference,31415,1,128,,first_difference,validation,sine,51,0.013155418099852666,0.016756924535663572
seed-31415__h-1__c-128__tol-na__first_difference,31415,1,128,,first_difference,validation,chirp,51,0.03037251944496916,0.03488046360775958
seed-31415__h-1__c-128__tol-na__first_difference,31415,1,128,,first_difference,validation,ramp,51,0.010716455362561184,0.013495861113420804
seed-31415__h-1__c-128__tol-na__first_difference,31415,1,128,,first_difference,validation,piecewise_linear,51,0.011429363674358038,0.015251940091804944
seed-31415__h-1__c-128__tol-na__first_difference,31415,1,128,,first_difference,validation,first_order_response,51,0.01251962674656771,0.015037608972373587
seed-31415__h-1__c-128__tol-na__first_difference,31415,1,128,,first_difference,validation,second_order_response,51,0.011153808018728607,0.014081814742034135
seed-31415__h-1__c-128__tol-na__first_difference,31415,1,128,,first_difference,validation,regime_change,51,0.03893115638302124,0.045531754838018204
seed-31415__h-1__c-128__tol-na__first_difference,31415,1,128,,first_difference,test,sine,51,0.017065806760939134,0.020321063039824654
seed-31415__h-1__c-128__tol-na__first_difference,31415,1,128,,first_difference,test,chirp,51,0.03212913548233515,0.03639996870320099
seed-31415__h-1__c-128__tol-na__first_difference,31415,1,128,,first_difference,test,ramp,51,0.009514982699484194,0.01137165946999625
seed-31415__h-1__c-128__tol-na__first_difference,31415,1,128,,first_difference,test,piecewise_linear,51,0.010710258773888445,0.013200190639552033
seed-31415__h-1__c-128__tol-na__first_difference,31415,1,128,,first_difference,test,first_order_response,51,0.010226610820123737,0.013392911622693847
seed-31415__h-1__c-128__tol-na__first_difference,31415,1,128,,first_difference,test,second_order_response,51,0.010376583762886193,0.012192367993911579
seed-31415__h-1__c-128__tol-na__first_difference,31415,1,128,,first_difference,test,regime_change,51,0.036915451389634646,0.041075283070658004
seed-31415__h-1__c-128__tol-0p01__vectorchain,31415,1,128,0.01,vectorchain,validation,sine,51,0.01172828644811985,0.015016147081824038
seed-31415__h-1__c-128__tol-0p01__vectorchain,31415,1,128,0.01,vectorchain,validation,chirp,51,0.0219655523153091,0.025786257269252037
seed-31415__h-1__c-128__tol-0p01__vectorchain,31415,1,128,0.01,vectorchain,validation,ramp,51,0.011243870660279645,0.014641775285546017
seed-31415__h-1__c-128__tol-0p01__vectorchain,31415,1,128,0.01,vectorchain,validation,piecewise_linear,51,0.012474813370603247,0.015161589058317437
seed-31415__h-1__c-128__tol-0p01__vectorchain,31415,1,128,0.01,vectorchain,validation,first_order_response,51,0.012289907883180613,0.015024742459221066
seed-31415__h-1__c-128__tol-0p01__vectorchain,31415,1,128,0.01,vectorchain,validation,second_order_response,51,0.011277295703019862,0.014039046574405098
seed-31415__h-1__c-128__tol-0p01__vectorchain,31415,1,128,0.01,vectorchain,validation,regime_change,51,0.0310471395552341,0.03766000927608073
seed-31415__h-1__c-128__tol-0p01__vectorchain,31415,1,128,0.01,vectorchain,test,sine,51,0.013714840236387449,0.015921353206772338
seed-31415__h-1__c-128__tol-0p01__vectorchain,31415,1,128,0.01,vectorchain,test,chirp,51,0.023363906411682192,0.02724912153335515
seed-31415__h-1__c-128__tol-0p01__vectorchain,31415,1,128,0.01,vectorchain,test,ramp,51,0.010464688826025411,0.01232035683915179
seed-31415__h-1__c-128__tol-0p01__vectorchain,31415,1,128,0.01,vectorchain,test,piecewise_linear,51,0.009389863682869147,0.011726023554474878
seed-31415__h-1__c-128__tol-0p01__vectorchain,31415,1,128,0.01,vectorchain,test,first_order_response,51,0.009952008983849847,0.013198433724910922
seed-31415__h-1__c-128__tol-0p01__vectorchain,31415,1,128,0.01,vectorchain,test,second_order_response,51,0.01060100495038109,0.012925255015613578
seed-31415__h-1__c-128__tol-0p01__vectorchain,31415,1,128,0.01,vectorchain,test,regime_change,51,0.03180736683057699,0.04056898398198106
seed-31415__h-1__c-128__tol-0p03__vectorchain,31415,1,128,0.03,vectorchain,validation,sine,51,0.011618680786182601,0.013672700056852238
seed-31415__h-1__c-128__tol-0p03__vectorchain,31415,1,128,0.03,vectorchain,validation,chirp,51,0.01725214126118758,0.020459129584604135
seed-31415__h-1__c-128__tol-0p03__vectorchain,31415,1,128,0.03,vectorchain,validation,ramp,51,0.01263269237041638,0.015251453768766906
seed-31415__h-1__c-128__tol-0p03__vectorchain,31415,1,128,0.03,vectorchain,validation,piecewise_linear,51,0.012581389843377795,0.01592997599471355
seed-31415__h-1__c-128__tol-0p03__vectorchain,31415,1,128,0.03,vectorchain,validation,first_order_response,51,0.0132263571817365,0.016127761679412118
seed-31415__h-1__c-128__tol-0p03__vectorchain,31415,1,128,0.03,vectorchain,validation,second_order_response,51,0.011150649110940165,0.014328773288438337
seed-31415__h-1__c-128__tol-0p03__vectorchain,31415,1,128,0.03,vectorchain,validation,regime_change,51,0.024543619998585904,0.029778421349470785
seed-31415__h-1__c-128__tol-0p03__vectorchain,31415,1,128,0.03,vectorchain,test,sine,51,0.013335389164655136,0.016371813138554684
seed-31415__h-1__c-128__tol-0p03__vectorchain,31415,1,128,0.03,vectorchain,test,chirp,51,0.01862545101149803,0.022666759269383406
seed-31415__h-1__c-128__tol-0p03__vectorchain,31415,1,128,0.03,vectorchain,test,ramp,51,0.010886431724742362,0.01323607079297979
seed-31415__h-1__c-128__tol-0p03__vectorchain,31415,1,128,0.03,vectorchain,test,piecewise_linear,51,0.011703460857353607,0.014146108541363122
seed-31415__h-1__c-128__tol-0p03__vectorchain,31415,1,128,0.03,vectorchain,test,first_order_response,51,0.010870501716745822,0.014213915633775541
seed-31415__h-1__c-128__tol-0p03__vectorchain,31415,1,128,0.03,vectorchain,test,second_order_response,51,0.01089568094804573,0.012859360670704086
seed-31415__h-1__c-128__tol-0p03__vectorchain,31415,1,128,0.03,vectorchain,test,regime_change,51,0.023925636064472428,0.02757496017136242
seed-31415__h-1__c-128__tol-0p1__vectorchain,31415,1,128,0.1,vectorchain,validation,sine,51,0.012518514256237682,0.014564910820546678
seed-31415__h-1__c-128__tol-0p1__vectorchain,31415,1,128,0.1,vectorchain,validation,chirp,51,0.010873538782787653,0.014187687415452592
seed-31415__h-1__c-128__tol-0p1__vectorchain,31415,1,128,0.1,vectorchain,validation,ramp,51,0.011111017681973246,0.01392826485202761
seed-31415__h-1__c-128__tol-0p1__vectorchain,31415,1,128,0.1,vectorchain,validation,piecewise_linear,51,0.0119887249725093,0.015902640033102634
seed-31415__h-1__c-128__tol-0p1__vectorchain,31415,1,128,0.1,vectorchain,validation,first_order_response,51,0.012857811049955334,0.015553360171533623
seed-31415__h-1__c-128__tol-0p1__vectorchain,31415,1,128,0.1,vectorchain,validation,second_order_response,51,0.010950426131759953,0.013926096016499799
seed-31415__h-1__c-128__tol-0p1__vectorchain,31415,1,128,0.1,vectorchain,validation,regime_change,51,0.017291715290710986,0.021548952895524717
seed-31415__h-1__c-128__tol-0p1__vectorchain,31415,1,128,0.1,vectorchain,test,sine,51,0.011907499465953198,0.014326720659384439
seed-31415__h-1__c-128__tol-0p1__vectorchain,31415,1,128,0.1,vectorchain,test,chirp,51,0.01384235045554318,0.0174706450630433
seed-31415__h-1__c-128__tol-0p1__vectorchain,31415,1,128,0.1,vectorchain,test,ramp,51,0.009676106415810634,0.011685212609122017
seed-31415__h-1__c-128__tol-0p1__vectorchain,31415,1,128,0.1,vectorchain,test,piecewise_linear,51,0.010835815297416753,0.013383398605474838
seed-31415__h-1__c-128__tol-0p1__vectorchain,31415,1,128,0.1,vectorchain,test,first_order_response,51,0.01053330148971899,0.013768095413517804
seed-31415__h-1__c-128__tol-0p1__vectorchain,31415,1,128,0.1,vectorchain,test,second_order_response,51,0.010856843676772848,0.012941976042463941
seed-31415__h-1__c-128__tol-0p1__vectorchain,31415,1,128,0.1,vectorchain,test,regime_change,51,0.01919009650992486,0.02256448557058795
seed-31415__h-4__c-128__tol-na__raw,31415,4,128,,raw,validation,sine,51,0.017118946424741523,0.02108183060842244
seed-31415__h-4__c-128__tol-na__raw,31415,4,128,,raw,validation,chirp,51,0.09401808622946364,0.10603054804490651
seed-31415__h-4__c-128__tol-na__raw,31415,4,128,,raw,validation,ramp,51,0.014099594469271406,0.016883106186899376
seed-31415__h-4__c-128__tol-na__raw,31415,4,128,,raw,validation,piecewise_linear,51,0.012047884591225896,0.015366036364324608
seed-31415__h-4__c-128__tol-na__raw,31415,4,128,,raw,validation,first_order_response,51,0.016251121899285355,0.019426833278415753
seed-31415__h-4__c-128__tol-na__raw,31415,4,128,,raw,validation,second_order_response,51,0.01962532334908144,0.022522662048430536
seed-31415__h-4__c-128__tol-na__raw,31415,4,128,,raw,validation,regime_change,51,0.13895660863115186,0.1581625392841831
seed-31415__h-4__c-128__tol-na__raw,31415,4,128,,raw,test,sine,52,0.021416237096030664,0.026524078726197234
seed-31415__h-4__c-128__tol-na__raw,31415,4,128,,raw,test,chirp,52,0.11465766837153611,0.12979107537757725
seed-31415__h-4__c-128__tol-na__raw,31415,4,128,,raw,test,ramp,52,0.011436915661965268,0.014486087902911466
seed-31415__h-4__c-128__tol-na__raw,31415,4,128,,raw,test,piecewise_linear,52,0.013326771059642388,0.016970761858372044
seed-31415__h-4__c-128__tol-na__raw,31415,4,128,,raw,test,first_order_response,52,0.017721583268807423,0.02136007870739623
seed-31415__h-4__c-128__tol-na__raw,31415,4,128,,raw,test,second_order_response,52,0.017863978651958226,0.02174734541616967
seed-31415__h-4__c-128__tol-na__raw,31415,4,128,,raw,test,regime_change,52,0.13460958012576782,0.15193145201495972
seed-31415__h-4__c-128__tol-na__first_difference,31415,4,128,,first_difference,validation,sine,51,0.03903505728376624,0.046396777654468646
seed-31415__h-4__c-128__tol-na__first_difference,31415,4,128,,first_difference,validation,chirp,51,0.08918103437895405,0.09995233245009215
seed-31415__h-4__c-128__tol-na__first_difference,31415,4,128,,first_difference,validation,ramp,51,0.020424896664774827,0.02565124464120336
seed-31415__h-4__c-128__tol-na__first_difference,31415,4,128,,first_difference,validation,piecewise_linear,51,0.018678606281037326,0.022914526682488057
seed-31415__h-4__c-128__tol-na__first_difference,31415,4,128,,first_difference,validation,first_order_response,51,0.021110449935466073,0.02480224352728418
seed-31415__h-4__c-128__tol-na__first_difference,31415,4,128,,first_difference,validation,second_order_response,51,0.018151537875884,0.021640500557981834
seed-31415__h-4__c-128__tol-na__first_difference,31415,4,128,,first_difference,validation,regime_change,51,0.11326444318075272,0.13228207428616595
seed-31415__h-4__c-128__tol-na__first_difference,31415,4,128,,first_difference,test,sine,52,0.04177158761880492,0.050028810882036735
seed-31415__h-4__c-128__tol-na__first_difference,31415,4,128,,first_difference,test,chirp,52,0.0991203306873487,0.11274806607965909
seed-31415__h-4__c-128__tol-na__first_difference,31415,4,128,,first_difference,test,ramp,52,0.014576362085314161,0.01845929546829762
seed-31415__h-4__c-128__tol-na__first_difference,31415,4,128,,first_difference,test,piecewise_linear,52,0.01994544487944702,0.023641863405950793
seed-31415__h-4__c-128__tol-na__first_difference,31415,4,128,,first_difference,test,first_order_response,52,0.02369302949977347,0.02765779786513795
seed-31415__h-4__c-128__tol-na__first_difference,31415,4,128,,first_difference,test,second_order_response,52,0.020656188026240713,0.025216289966922278
seed-31415__h-4__c-128__tol-na__first_difference,31415,4,128,,first_difference,test,regime_change,52,0.10198791772066224,0.11716711722276078
seed-31415__h-4__c-128__tol-0p01__vectorchain,31415,4,128,0.01,vectorchain,validation,sine,51,0.025402178947304545,0.03194134149337437
seed-31415__h-4__c-128__tol-0p01__vectorchain,31415,4,128,0.01,vectorchain,validation,chirp,51,0.05357821799226186,0.06060669224527221
seed-31415__h-4__c-128__tol-0p01__vectorchain,31415,4,128,0.01,vectorchain,validation,ramp,51,0.02285917835540544,0.02736228997222821
seed-31415__h-4__c-128__tol-0p01__vectorchain,31415,4,128,0.01,vectorchain,validation,piecewise_linear,51,0.018660487081902953,0.023653987269490227
seed-31415__h-4__c-128__tol-0p01__vectorchain,31415,4,128,0.01,vectorchain,validation,first_order_response,51,0.02029171394402177,0.025684220553703323
seed-31415__h-4__c-128__tol-0p01__vectorchain,31415,4,128,0.01,vectorchain,validation,second_order_response,51,0.016999378480519137,0.020902833769992323
seed-31415__h-4__c-128__tol-0p01__vectorchain,31415,4,128,0.01,vectorchain,validation,regime_change,51,0.07668282386425276,0.09209969935509246
seed-31415__h-4__c-128__tol-0p01__vectorchain,31415,4,128,0.01,vectorchain,test,sine,52,0.026395223736918508,0.031196802665858184
seed-31415__h-4__c-128__tol-0p01__vectorchain,31415,4,128,0.01,vectorchain,test,chirp,52,0.06265078166285071,0.07192200332017626
seed-31415__h-4__c-128__tol-0p01__vectorchain,31415,4,128,0.01,vectorchain,test,ramp,52,0.013778747783368454,0.018319740550102274
seed-31415__h-4__c-128__tol-0p01__vectorchain,31415,4,128,0.01,vectorchain,test,piecewise_linear,52,0.016371815501051403,0.022671975429230294
seed-31415__h-4__c-128__tol-0p01__vectorchain,31415,4,128,0.01,vectorchain,test,first_order_response,52,0.01866759101661413,0.02317404803219256
seed-31415__h-4__c-128__tol-0p01__vectorchain,31415,4,128,0.01,vectorchain,test,second_order_response,52,0.021053509651111413,0.02627751596813126
seed-31415__h-4__c-128__tol-0p01__vectorchain,31415,4,128,0.01,vectorchain,test,regime_change,52,0.0780451579980972,0.09608896280491458
seed-31415__h-4__c-128__tol-0p03__vectorchain,31415,4,128,0.03,vectorchain,validation,sine,51,0.016361051762602174,0.02045386517920601
seed-31415__h-4__c-128__tol-0p03__vectorchain,31415,4,128,0.03,vectorchain,validation,chirp,51,0.04207501789381745,0.04769002260575529
seed-31415__h-4__c-128__tol-0p03__vectorchain,31415,4,128,0.03,vectorchain,validation,ramp,51,0.021030363284433612,0.026681537790300632
seed-31415__h-4__c-128__tol-0p03__vectorchain,31415,4,128,0.03,vectorchain,validation,piecewise_linear,51,0.016898868577809464,0.02188412100889253
seed-31415__h-4__c-128__tol-0p03__vectorchain,31415,4,128,0.03,vectorchain,validation,first_order_response,51,0.01862760038921119,0.02319713787275374
seed-31415__h-4__c-128__tol-0p03__vectorchain,31415,4,128,0.03,vectorchain,validation,second_order_response,51,0.013635590519827382,0.016424829851773667
seed-31415__h-4__c-128__tol-0p03__vectorchain,31415,4,128,0.03,vectorchain,validation,regime_change,51,0.07330756003036436,0.08397298217123086
seed-31415__h-4__c-128__tol-0p03__vectorchain,31415,4,128,0.03,vectorchain,test,sine,52,0.023192255009873465,0.03150772910482576
seed-31415__h-4__c-128__tol-0p03__vectorchain,31415,4,128,0.03,vectorchain,test,chirp,52,0.06237499803480603,0.07164825580075318
seed-31415__h-4__c-128__tol-0p03__vectorchain,31415,4,128,0.03,vectorchain,test,ramp,52,0.01417331843352812,0.019642777505016678
seed-31415__h-4__c-128__tol-0p03__vectorchain,31415,4,128,0.03,vectorchain,test,piecewise_linear,52,0.01867504291879214,0.022263042586250073
seed-31415__h-4__c-128__tol-0p03__vectorchain,31415,4,128,0.03,vectorchain,test,first_order_response,52,0.018251692250920534,0.023462005056810314
seed-31415__h-4__c-128__tol-0p03__vectorchain,31415,4,128,0.03,vectorchain,test,second_order_response,52,0.017200947423242016,0.022079506705826788
seed-31415__h-4__c-128__tol-0p03__vectorchain,31415,4,128,0.03,vectorchain,test,regime_change,52,0.06932146976483486,0.0795699219857034
seed-31415__h-4__c-128__tol-0p1__vectorchain,31415,4,128,0.1,vectorchain,validation,sine,51,0.01629502664288639,0.022153275810638584
seed-31415__h-4__c-128__tol-0p1__vectorchain,31415,4,128,0.1,vectorchain,validation,chirp,51,0.02945416724626508,0.03677716845309054
seed-31415__h-4__c-128__tol-0p1__vectorchain,31415,4,128,0.1,vectorchain,validation,ramp,51,0.013862822009922383,0.016661091448386355
seed-31415__h-4__c-128__tol-0p1__vectorchain,31415,4,128,0.1,vectorchain,validation,piecewise_linear,51,0.012794620957308602,0.016017399712954895
seed-31415__h-4__c-128__tol-0p1__vectorchain,31415,4,128,0.1,vectorchain,validation,first_order_response,51,0.013543039019379675,0.01563643826588861
seed-31415__h-4__c-128__tol-0p1__vectorchain,31415,4,128,0.1,vectorchain,validation,second_order_response,51,0.0119551192905904,0.014639886051185012
seed-31415__h-4__c-128__tol-0p1__vectorchain,31415,4,128,0.1,vectorchain,validation,regime_change,51,0.054067501301268805,0.06967377899566606
seed-31415__h-4__c-128__tol-0p1__vectorchain,31415,4,128,0.1,vectorchain,test,sine,52,0.015327839841276484,0.02150816980234632
seed-31415__h-4__c-128__tol-0p1__vectorchain,31415,4,128,0.1,vectorchain,test,chirp,52,0.05332529110426967,0.06167220248794736
seed-31415__h-4__c-128__tol-0p1__vectorchain,31415,4,128,0.1,vectorchain,test,ramp,52,0.008043085635061353,0.010445983067560363
seed-31415__h-4__c-128__tol-0p1__vectorchain,31415,4,128,0.1,vectorchain,test,piecewise_linear,52,0.012569601412433441,0.015634589294461772
seed-31415__h-4__c-128__tol-0p1__vectorchain,31415,4,128,0.1,vectorchain,test,first_order_response,52,0.01379536912465806,0.017112725133797746
seed-31415__h-4__c-128__tol-0p1__vectorchain,31415,4,128,0.1,vectorchain,test,second_order_response,52,0.014879757222648825,0.01745553276045673
seed-31415__h-4__c-128__tol-0p1__vectorchain,31415,4,128,0.1,vectorchain,test,regime_change,52,0.055927050842388706,0.0671340348821058
seed-31415__h-16__c-128__tol-na__raw,31415,16,128,,raw,validation,sine,51,0.07125297472654497,0.07866921694348149
seed-31415__h-16__c-128__tol-na__raw,31415,16,128,,raw,validation,chirp,51,0.38485515218263544,0.4354677079634766
seed-31415__h-16__c-128__tol-na__raw,31415,16,128,,raw,validation,ramp,51,0.014769239384597418,0.018757549941686255
seed-31415__h-16__c-128__tol-na__raw,31415,16,128,,raw,validation,piecewise_linear,51,0.03138551203962928,0.04145295280506527
seed-31415__h-16__c-128__tol-na__raw,31415,16,128,,raw,validation,first_order_response,51,0.04681261264867147,0.04926000860483659
seed-31415__h-16__c-128__tol-na__raw,31415,16,128,,raw,validation,second_order_response,51,0.07898742081469223,0.08119794288171453
seed-31415__h-16__c-128__tol-na__raw,31415,16,128,,raw,validation,regime_change,51,0.5683194035251377,0.6476630372811124
seed-31415__h-16__c-128__tol-na__raw,31415,16,128,,raw,test,sine,52,0.09682004178235083,0.10742377994690756
seed-31415__h-16__c-128__tol-na__raw,31415,16,128,,raw,test,chirp,52,0.4693266600254921,0.5315530229480026
seed-31415__h-16__c-128__tol-na__raw,31415,16,128,,raw,test,ramp,52,0.037692842082905596,0.041016196085332635
seed-31415__h-16__c-128__tol-na__raw,31415,16,128,,raw,test,piecewise_linear,52,0.02437202067365117,0.02929646968838615
seed-31415__h-16__c-128__tol-na__raw,31415,16,128,,raw,test,first_order_response,52,0.05000724219137482,0.05296072676167974
seed-31415__h-16__c-128__tol-na__raw,31415,16,128,,raw,test,second_order_response,52,0.05821168727507027,0.060729636862195645
seed-31415__h-16__c-128__tol-na__raw,31415,16,128,,raw,test,regime_change,52,0.5213973147359988,0.5920882492516857
seed-31415__h-16__c-128__tol-na__first_difference,31415,16,128,,first_difference,validation,sine,51,0.1470611138387886,0.17247701225990444
seed-31415__h-16__c-128__tol-na__first_difference,31415,16,128,,first_difference,validation,chirp,51,0.3352087023186728,0.37219309216414087
seed-31415__h-16__c-128__tol-na__first_difference,31415,16,128,,first_difference,validation,ramp,51,0.05722609222811065,0.07077486036067501
seed-31415__h-16__c-128__tol-na__first_difference,31415,16,128,,first_difference,validation,piecewise_linear,51,0.06022737606434113,0.07449495556731707
seed-31415__h-16__c-128__tol-na__first_difference,31415,16,128,,first_difference,validation,first_order_response,51,0.057117173090512764,0.07060758216945726
seed-31415__h-16__c-128__tol-na__first_difference,31415,16,128,,first_difference,validation,second_order_response,51,0.06280705510022151,0.07361709889304914
seed-31415__h-16__c-128__tol-na__first_difference,31415,16,128,,first_difference,validation,regime_change,51,0.45455126825683057,0.5330963296242978
seed-31415__h-16__c-128__tol-na__first_difference,31415,16,128,,first_difference,test,sine,52,0.15828877739537314,0.1833282486009358
seed-31415__h-16__c-128__tol-na__first_difference,31415,16,128,,first_difference,test,chirp,52,0.37182610947078654,0.42318981672519573
seed-31415__h-16__c-128__tol-na__first_difference,31415,16,128,,first_difference,test,ramp,52,0.04710265854783432,0.06307579730690167
seed-31415__h-16__c-128__tol-na__first_difference,31415,16,128,,first_difference,test,piecewise_linear,52,0.05424818737330084,0.06583787447602314
seed-31415__h-16__c-128__tol-na__first_difference,31415,16,128,,first_difference,test,first_order_response,52,0.06334962544528445,0.07558189643530304
seed-31415__h-16__c-128__tol-na__first_difference,31415,16,128,,first_difference,test,second_order_response,52,0.05423048875228149,0.0699878839904328
seed-31415__h-16__c-128__tol-na__first_difference,31415,16,128,,first_difference,test,regime_change,52,0.3799228415317616,0.4384278664480739
seed-31415__h-16__c-128__tol-0p01__vectorchain,31415,16,128,0.01,vectorchain,validation,sine,51,0.08886382533129507,0.11134889290605157
seed-31415__h-16__c-128__tol-0p01__vectorchain,31415,16,128,0.01,vectorchain,validation,chirp,51,0.20113485186058994,0.22545022094436662
seed-31415__h-16__c-128__tol-0p01__vectorchain,31415,16,128,0.01,vectorchain,validation,ramp,51,0.07553228084634749,0.08788460356201441
seed-31415__h-16__c-128__tol-0p01__vectorchain,31415,16,128,0.01,vectorchain,validation,piecewise_linear,51,0.05802500037412126,0.07435534035216339
seed-31415__h-16__c-128__tol-0p01__vectorchain,31415,16,128,0.01,vectorchain,validation,first_order_response,51,0.06419337812868649,0.07975443696628157
seed-31415__h-16__c-128__tol-0p01__vectorchain,31415,16,128,0.01,vectorchain,validation,second_order_response,51,0.04634937714929968,0.056511423445474204
seed-31415__h-16__c-128__tol-0p01__vectorchain,31415,16,128,0.01,vectorchain,validation,regime_change,51,0.3254095767257839,0.376126660449647
seed-31415__h-16__c-128__tol-0p01__vectorchain,31415,16,128,0.01,vectorchain,test,sine,52,0.0970210335070128,0.11119096284621544
seed-31415__h-16__c-128__tol-0p01__vectorchain,31415,16,128,0.01,vectorchain,test,chirp,52,0.24806176806776467,0.2846614583155731
seed-31415__h-16__c-128__tol-0p01__vectorchain,31415,16,128,0.01,vectorchain,test,ramp,52,0.038502505003445146,0.05000464971870897
seed-31415__h-16__c-128__tol-0p01__vectorchain,31415,16,128,0.01,vectorchain,test,piecewise_linear,52,0.04632369506800614,0.06166547253855717
seed-31415__h-16__c-128__tol-0p01__vectorchain,31415,16,128,0.01,vectorchain,test,first_order_response,52,0.05029483744039452,0.06266642729559305
seed-31415__h-16__c-128__tol-0p01__vectorchain,31415,16,128,0.01,vectorchain,test,second_order_response,52,0.06123894471161166,0.07590193143616243
seed-31415__h-16__c-128__tol-0p01__vectorchain,31415,16,128,0.01,vectorchain,test,regime_change,52,0.34374207518325756,0.4005227717273361
seed-31415__h-16__c-128__tol-0p03__vectorchain,31415,16,128,0.03,vectorchain,validation,sine,51,0.04760825344076052,0.056646712850218786
seed-31415__h-16__c-128__tol-0p03__vectorchain,31415,16,128,0.03,vectorchain,validation,chirp,51,0.20371456858900422,0.22404834512983984
seed-31415__h-16__c-128__tol-0p03__vectorchain,31415,16,128,0.03,vectorchain,validation,ramp,51,0.05178960770189912,0.07509020657799616
seed-31415__h-16__c-128__tol-0p03__vectorchain,31415,16,128,0.03,vectorchain,validation,piecewise_linear,51,0.04626760603920934,0.06692537487164442
seed-31415__h-16__c-128__tol-0p03__vectorchain,31415,16,128,0.03,vectorchain,validation,first_order_response,51,0.042059243773959414,0.06490242776575085
seed-31415__h-16__c-128__tol-0p03__vectorchain,31415,16,128,0.03,vectorchain,validation,second_order_response,51,0.028218702090750294,0.04241246181856933
seed-31415__h-16__c-128__tol-0p03__vectorchain,31415,16,128,0.03,vectorchain,validation,regime_change,51,0.355138552541961,0.3987689602746056
seed-31415__h-16__c-128__tol-0p03__vectorchain,31415,16,128,0.03,vectorchain,test,sine,52,0.08022043694600202,0.10350392672532585
seed-31415__h-16__c-128__tol-0p03__vectorchain,31415,16,128,0.03,vectorchain,test,chirp,52,0.30257333325937724,0.33952089597192986
seed-31415__h-16__c-128__tol-0p03__vectorchain,31415,16,128,0.03,vectorchain,test,ramp,52,0.041843235178105447,0.06333251358943752
seed-31415__h-16__c-128__tol-0p03__vectorchain,31415,16,128,0.03,vectorchain,test,piecewise_linear,52,0.036799823670971114,0.05387400724442785
seed-31415__h-16__c-128__tol-0p03__vectorchain,31415,16,128,0.03,vectorchain,test,first_order_response,52,0.03814626090141907,0.05381600797910101
seed-31415__h-16__c-128__tol-0p03__vectorchain,31415,16,128,0.03,vectorchain,test,second_order_response,52,0.03138329636544857,0.04914176299821019
seed-31415__h-16__c-128__tol-0p03__vectorchain,31415,16,128,0.03,vectorchain,test,regime_change,52,0.3467950976965776,0.3828431456731933
seed-31415__h-16__c-128__tol-0p1__vectorchain,31415,16,128,0.1,vectorchain,validation,sine,51,0.036506926184193315,0.05756092739996437
seed-31415__h-16__c-128__tol-0p1__vectorchain,31415,16,128,0.1,vectorchain,validation,chirp,51,0.21870936669151186,0.25259840012490803
seed-31415__h-16__c-128__tol-0p1__vectorchain,31415,16,128,0.1,vectorchain,validation,ramp,51,0.013347586296506817,0.016778522273825282
seed-31415__h-16__c-128__tol-0p1__vectorchain,31415,16,128,0.1,vectorchain,validation,piecewise_linear,51,0.029976043722105234,0.04417262202596974
seed-31415__h-16__c-128__tol-0p1__vectorchain,31415,16,128,0.1,vectorchain,validation,first_order_response,51,0.012233018213100109,0.015193013068981468
seed-31415__h-16__c-128__tol-0p1__vectorchain,31415,16,128,0.1,vectorchain,validation,second_order_response,51,0.026574186105163555,0.033372304672281514
seed-31415__h-16__c-128__tol-0p1__vectorchain,31415,16,128,0.1,vectorchain,validation,regime_change,51,0.35363382873692384,0.4076203819543488
seed-31415__h-16__c-128__tol-0p1__vectorchain,31415,16,128,0.1,vectorchain,test,sine,52,0.03930136301067854,0.059073381085102135
seed-31415__h-16__c-128__tol-0p1__vectorchain,31415,16,128,0.1,vectorchain,test,chirp,52,0.35888882912570796,0.4009514919601377
seed-31415__h-16__c-128__tol-0p1__vectorchain,31415,16,128,0.1,vectorchain,test,ramp,52,0.009676145623626304,0.012670140603016102
seed-31415__h-16__c-128__tol-0p1__vectorchain,31415,16,128,0.1,vectorchain,test,piecewise_linear,52,0.013273476335297936,0.01696677400084423
seed-31415__h-16__c-128__tol-0p1__vectorchain,31415,16,128,0.1,vectorchain,test,first_order_response,52,0.014018503786032902,0.017534180572326995
seed-31415__h-16__c-128__tol-0p1__vectorchain,31415,16,128,0.1,vectorchain,test,second_order_response,52,0.022378105820985743,0.03036223712053666
seed-31415__h-16__c-128__tol-0p1__vectorchain,31415,16,128,0.1,vectorchain,test,regime_change,52,0.43078580235676645,0.4866048996173468
seed-104729__h-1__c-32__tol-na__raw,104729,1,32,,raw,validation,sine,51,0.011945419138802597,0.015219080015618723
seed-104729__h-1__c-32__tol-na__raw,104729,1,32,,raw,validation,chirp,51,0.011690757856923722,0.01499301598110121
seed-104729__h-1__c-32__tol-na__raw,104729,1,32,,raw,validation,ramp,51,0.012381405873981177,0.01445378595731303
seed-104729__h-1__c-32__tol-na__raw,104729,1,32,,raw,validation,piecewise_linear,51,0.012866127687044726,0.015352590104704314
seed-104729__h-1__c-32__tol-na__raw,104729,1,32,,raw,validation,first_order_response,51,0.010373955665613272,0.0130547448824217
seed-104729__h-1__c-32__tol-na__raw,104729,1,32,,raw,validation,second_order_response,51,0.011167922421234966,0.013741472864324481
seed-104729__h-1__c-32__tol-na__raw,104729,1,32,,raw,validation,regime_change,51,0.012165041016948893,0.015397503681922563
seed-104729__h-1__c-32__tol-na__raw,104729,1,32,,raw,test,sine,51,0.011376439780781383,0.014453700663229372
seed-104729__h-1__c-32__tol-na__raw,104729,1,32,,raw,test,chirp,51,0.013609392370431118,0.01787128955674303
seed-104729__h-1__c-32__tol-na__raw,104729,1,32,,raw,test,ramp,51,0.01057387714629042,0.013671516676082062
seed-104729__h-1__c-32__tol-na__raw,104729,1,32,,raw,test,piecewise_linear,51,0.013135048824002044,0.016210744347736877
seed-104729__h-1__c-32__tol-na__raw,104729,1,32,,raw,test,first_order_response,51,0.009354759123796503,0.011743215793333584
seed-104729__h-1__c-32__tol-na__raw,104729,1,32,,raw,test,second_order_response,51,0.012593570644297765,0.01702601896461418
seed-104729__h-1__c-32__tol-na__raw,104729,1,32,,raw,test,regime_change,51,0.016657242642357174,0.020163091735342867
seed-104729__h-1__c-32__tol-na__first_difference,104729,1,32,,first_difference,validation,sine,51,0.01075947533310848,0.013516756944672073
seed-104729__h-1__c-32__tol-na__first_difference,104729,1,32,,first_difference,validation,chirp,51,0.018190866500068667,0.022312483385382317
seed-104729__h-1__c-32__tol-na__first_difference,104729,1,32,,first_difference,validation,ramp,51,0.010332298429098347,0.012573604448651231
seed-104729__h-1__c-32__tol-na__first_difference,104729,1,32,,first_difference,validation,piecewise_linear,51,0.011017121633344213,0.013709151272109905
seed-104729__h-1__c-32__tol-na__first_difference,104729,1,32,,first_difference,validation,first_order_response,51,0.008285197186235738,0.01060018405809853
seed-104729__h-1__c-32__tol-na__first_difference,104729,1,32,,first_difference,validation,second_order_response,51,0.009492598565409214,0.011561119231483737
seed-104729__h-1__c-32__tol-na__first_difference,104729,1,32,,first_difference,validation,regime_change,51,0.027689440926531222,0.03177461434073055
seed-104729__h-1__c-32__tol-na__first_difference,104729,1,32,,first_difference,test,sine,51,0.011729673300600818,0.01504118257705271
seed-104729__h-1__c-32__tol-na__first_difference,104729,1,32,,first_difference,test,chirp,51,0.025548407968246027,0.030218612574925682
seed-104729__h-1__c-32__tol-na__first_difference,104729,1,32,,first_difference,test,ramp,51,0.008619624490993382,0.011731368449337257
seed-104729__h-1__c-32__tol-na__first_difference,104729,1,32,,first_difference,test,piecewise_linear,51,0.01101383728209257,0.013488265909188288
seed-104729__h-1__c-32__tol-na__first_difference,104729,1,32,,first_difference,test,first_order_response,51,0.009035019069188768,0.011141587786305356
seed-104729__h-1__c-32__tol-na__first_difference,104729,1,32,,first_difference,test,second_order_response,51,0.01086689244726889,0.014919865744693776
seed-104729__h-1__c-32__tol-na__first_difference,104729,1,32,,first_difference,test,regime_change,51,0.029905658635931195,0.034300203361715624
seed-104729__h-1__c-32__tol-0p01__vectorchain,104729,1,32,0.01,vectorchain,validation,sine,51,0.01121843235487649,0.013891894642295155
seed-104729__h-1__c-32__tol-0p01__vectorchain,104729,1,32,0.01,vectorchain,validation,chirp,51,0.018408816062488526,0.023052737033685322
seed-104729__h-1__c-32__tol-0p01__vectorchain,104729,1,32,0.01,vectorchain,validation,ramp,51,0.01031279690302476,0.012714455130119649
seed-104729__h-1__c-32__tol-0p01__vectorchain,104729,1,32,0.01,vectorchain,validation,piecewise_linear,51,0.011726999078395431,0.014369356636742502
seed-104729__h-1__c-32__tol-0p01__vectorchain,104729,1,32,0.01,vectorchain,validation,first_order_response,51,0.008430843694343371,0.01070799941466351
seed-104729__h-1__c-32__tol-0p01__vectorchain,104729,1,32,0.01,vectorchain,validation,second_order_response,51,0.00937290194529706,0.011152932091120449
seed-104729__h-1__c-32__tol-0p01__vectorchain,104729,1,32,0.01,vectorchain,validation,regime_change,51,0.028535620900853882,0.03483232543783715
seed-104729__h-1__c-32__tol-0p01__vectorchain,104729,1,32,0.01,vectorchain,test,sine,51,0.011580216632735701,0.015116617907641995
seed-104729__h-1__c-32__tol-0p01__vectorchain,104729,1,32,0.01,vectorchain,test,chirp,51,0.022228343617034654,0.026630057599644243
seed-104729__h-1__c-32__tol-0p01__vectorchain,104729,1,32,0.01,vectorchain,test,ramp,51,0.008661822101454044,0.011690441991629455
seed-104729__h-1__c-32__tol-0p01__vectorchain,104729,1,32,0.01,vectorchain,test,piecewise_linear,51,0.011484463320676219,0.013989305695992313
seed-104729__h-1__c-32__tol-0p01__vectorchain,104729,1,32,0.01,vectorchain,test,first_order_response,51,0.009596225268659282,0.01193060191377938
seed-104729__h-1__c-32__tol-0p01__vectorchain,104729,1,32,0.01,vectorchain,test,second_order_response,51,0.011714001034699167,0.015549595812985196
seed-104729__h-1__c-32__tol-0p01__vectorchain,104729,1,32,0.01,vectorchain,test,regime_change,51,0.03192139391858847,0.03812157190730388
seed-104729__h-1__c-32__tol-0p03__vectorchain,104729,1,32,0.03,vectorchain,validation,sine,51,0.01248296937134001,0.016542903048995132
seed-104729__h-1__c-32__tol-0p03__vectorchain,104729,1,32,0.03,vectorchain,validation,chirp,51,0.01863359176407392,0.023564636114255053
seed-104729__h-1__c-32__tol-0p03__vectorchain,104729,1,32,0.03,vectorchain,validation,ramp,51,0.011509693325932598,0.013763194089628374
seed-104729__h-1__c-32__tol-0p03__vectorchain,104729,1,32,0.03,vectorchain,validation,piecewise_linear,51,0.010863894775918074,0.013682201397540408
seed-104729__h-1__c-32__tol-0p03__vectorchain,104729,1,32,0.03,vectorchain,validation,first_order_response,51,0.009757926220709848,0.011935601553209354
seed-104729__h-1__c-32__tol-0p03__vectorchain,104729,1,32,0.03,vectorchain,validation,second_order_response,51,0.00987611657638952,0.012518715588646407
seed-104729__h-1__c-32__tol-0p03__vectorchain,104729,1,32,0.03,vectorchain,validation,regime_change,51,0.02703984522996974,0.03241033050506792
seed-104729__h-1__c-32__tol-0p03__vectorchain,104729,1,32,0.03,vectorchain,test,sine,51,0.013314957429770248,0.01647823484871229
seed-104729__h-1__c-32__tol-0p03__vectorchain,104729,1,32,0.03,vectorchain,test,chirp,51,0.021208083519024628,0.02623228279740311
seed-104729__h-1__c-32__tol-0p03__vectorchain,104729,1,32,0.03,vectorchain,test,ramp,51,0.010323400725232865,0.013104620931484555
seed-104729__h-1__c-32__tol-0p03__vectorchain,104729,1,32,0.03,vectorchain,test,piecewise_linear,51,0.013350935154566068,0.016215498230458848
seed-104729__h-1__c-32__tol-0p03__vectorchain,104729,1,32,0.03,vectorchain,test,first_order_response,51,0.009226204888026354,0.011642349317658746
seed-104729__h-1__c-32__tol-0p03__vectorchain,104729,1,32,0.03,vectorchain,test,second_order_response,51,0.012129861494217855,0.015839126107047956
seed-104729__h-1__c-32__tol-0p03__vectorchain,104729,1,32,0.03,vectorchain,test,regime_change,51,0.031129631116114033,0.035669397645364136
seed-104729__h-1__c-32__tol-0p1__vectorchain,104729,1,32,0.1,vectorchain,validation,sine,51,0.01208891194755347,0.015248551621747103
seed-104729__h-1__c-32__tol-0p1__vectorchain,104729,1,32,0.1,vectorchain,validation,chirp,51,0.0163219008585572,0.02122881953194641
seed-104729__h-1__c-32__tol-0p1__vectorchain,104729,1,32,0.1,vectorchain,validation,ramp,51,0.012172816956266694,0.014277314249550477
seed-104729__h-1__c-32__tol-0p1__vectorchain,104729,1,32,0.1,vectorchain,validation,piecewise_linear,51,0.01281359648783559,0.015243612008541397
seed-104729__h-1__c-32__tol-0p1__vectorchain,104729,1,32,0.1,vectorchain,validation,first_order_response,51,0.010288864299890902,0.013127651102106948
seed-104729__h-1__c-32__tol-0p1__vectorchain,104729,1,32,0.1,vectorchain,validation,second_order_response,51,0.010814924808892425,0.013589500125138454
seed-104729__h-1__c-32__tol-0p1__vectorchain,104729,1,32,0.1,vectorchain,validation,regime_change,51,0.027600885353405564,0.033038929322052865
seed-104729__h-1__c-32__tol-0p1__vectorchain,104729,1,32,0.1,vectorchain,test,sine,51,0.012314179844532008,0.01586568077617061
seed-104729__h-1__c-32__tol-0p1__vectorchain,104729,1,32,0.1,vectorchain,test,chirp,51,0.018051059375029502,0.02361817461823904
seed-104729__h-1__c-32__tol-0p1__vectorchain,104729,1,32,0.1,vectorchain,test,ramp,51,0.010409317510711091,0.013466485114102367
seed-104729__h-1__c-32__tol-0p1__vectorchain,104729,1,32,0.1,vectorchain,test,piecewise_linear,51,0.013060570411686732,0.016107098492957793
seed-104729__h-1__c-32__tol-0p1__vectorchain,104729,1,32,0.1,vectorchain,test,first_order_response,51,0.0092857946602688,0.011576518633048781
seed-104729__h-1__c-32__tol-0p1__vectorchain,104729,1,32,0.1,vectorchain,test,second_order_response,51,0.012506328973799885,0.016865608212143956
seed-104729__h-1__c-32__tol-0p1__vectorchain,104729,1,32,0.1,vectorchain,test,regime_change,51,0.028693066839544992,0.034405048935716165
seed-104729__h-4__c-32__tol-na__raw,104729,4,32,,raw,validation,sine,51,0.01552240369102118,0.01949304413129246
seed-104729__h-4__c-32__tol-na__raw,104729,4,32,,raw,validation,chirp,51,0.03381401309250419,0.039052235701283626
seed-104729__h-4__c-32__tol-na__raw,104729,4,32,,raw,validation,ramp,51,0.013330287326889121,0.01694619229925892
seed-104729__h-4__c-32__tol-na__raw,104729,4,32,,raw,validation,piecewise_linear,51,0.010815775975324718,0.013519909330709423
seed-104729__h-4__c-32__tol-na__raw,104729,4,32,,raw,validation,first_order_response,51,0.01596162296790285,0.019518553736708088
seed-104729__h-4__c-32__tol-na__raw,104729,4,32,,raw,validation,second_order_response,51,0.013843805944134622,0.017346640112636754
seed-104729__h-4__c-32__tol-na__raw,104729,4,32,,raw,validation,regime_change,51,0.06679740194994949,0.07510055247749459
seed-104729__h-4__c-32__tol-na__raw,104729,4,32,,raw,test,sine,52,0.011948686310316203,0.014474111337391904
seed-104729__h-4__c-32__tol-na__raw,104729,4,32,,raw,test,chirp,52,0.054133348110524546,0.060844283695465386
seed-104729__h-4__c-32__tol-na__raw,104729,4,32,,raw,test,ramp,52,0.011671739754464505,0.014147146351839232
seed-104729__h-4__c-32__tol-na__raw,104729,4,32,,raw,test,piecewise_linear,52,0.01363871161945565,0.017522378746830308
seed-104729__h-4__c-32__tol-na__raw,104729,4,32,,raw,test,first_order_response,52,0.011513418170683964,0.014613724957466658
seed-104729__h-4__c-32__tol-na__raw,104729,4,32,,raw,test,second_order_response,52,0.014371747799116381,0.01855645345733726
seed-104729__h-4__c-32__tol-na__raw,104729,4,32,,raw,test,regime_change,52,0.0678762159001903,0.0760015652984612
seed-104729__h-4__c-32__tol-na__first_difference,104729,4,32,,first_difference,validation,sine,51,0.020600176030039535,0.02496294776617138
seed-104729__h-4__c-32__tol-na__first_difference,104729,4,32,,first_difference,validation,chirp,51,0.05722021509751128,0.06504204960035896
seed-104729__h-4__c-32__tol-na__first_difference,104729,4,32,,first_difference,validation,ramp,51,0.012297577481431135,0.015432379300979815
seed-104729__h-4__c-32__tol-na__first_difference,104729,4,32,,first_difference,validation,piecewise_linear,51,0.010052013715493318,0.013066182625447953
seed-104729__h-4__c-32__tol-na__first_difference,104729,4,32,,first_difference,validation,first_order_response,51,0.013990649476720879,0.01701630482655396
seed-104729__h-4__c-32__tol-na__first_difference,104729,4,32,,first_difference,validation,second_order_response,51,0.012203024020581153,0.015067701430777423
seed-104729__h-4__c-32__tol-na__first_difference,104729,4,32,,first_difference,validation,regime_change,51,0.10320496673454944,0.11499226254569082
seed-104729__h-4__c-32__tol-na__first_difference,104729,4,32,,first_difference,test,sine,52,0.01773732062951721,0.02136006838627049
seed-104729__h-4__c-32__tol-na__first_difference,104729,4,32,,first_difference,test,chirp,52,0.08391300288387334,0.09365759999969357
seed-104729__h-4__c-32__tol-na__first_difference,104729,4,32,,first_difference,test,ramp,52,0.00991120165691199,0.012105407538280086
seed-104729__h-4__c-32__tol-na__first_difference,104729,4,32,,first_difference,test,piecewise_linear,52,0.012205745612630449,0.015547709317032431
seed-104729__h-4__c-32__tol-na__first_difference,104729,4,32,,first_difference,test,first_order_response,52,0.009129719713129762,0.011991551235792677
seed-104729__h-4__c-32__tol-na__first_difference,104729,4,32,,first_difference,test,second_order_response,52,0.012376717453224845,0.01594438605100599
seed-104729__h-4__c-32__tol-na__first_difference,104729,4,32,,first_difference,test,regime_change,52,0.10138246607848907,0.1122113316079615
seed-104729__h-4__c-32__tol-0p01__vectorchain,104729,4,32,0.01,vectorchain,validation,sine,51,0.01919285722588046,0.023664847341519447
seed-104729__h-4__c-32__tol-0p01__vectorchain,104729,4,32,0.01,vectorchain,validation,chirp,51,0.051012988165403464,0.06173285324749666
seed-104729__h-4__c-32__tol-0p01__vectorchain,104729,4,32,0.01,vectorchain,validation,ramp,51,0.012652090701547302,0.016388739116346557
seed-104729__h-4__c-32__tol-0p01__vectorchain,104729,4,32,0.01,vectorchain,validation,piecewise_linear,51,0.013112689883638295,0.016057460783074438
seed-104729__h-4__c-32__tol-0p01__vectorchain,104729,4,32,0.01,vectorchain,validation,first_order_response,51,0.015301783220022624,0.019392057880949876
seed-104729__h-4__c-32__tol-0p01__vectorchain,104729,4,32,0.01,vectorchain,validation,second_order_response,51,0.012946912327299465,0.015815909790892098
seed-104729__h-4__c-32__tol-0p01__vectorchain,104729,4,32,0.01,vectorchain,validation,regime_change,51,0.09639024977141725,0.11241784839727217
seed-104729__h-4__c-32__tol-0p01__vectorchain,104729,4,32,0.01,vectorchain,test,sine,52,0.017108316580593384,0.020238250230710186
seed-104729__h-4__c-32__tol-0p01__vectorchain,104729,4,32,0.01,vectorchain,test,chirp,52,0.06675369908123792,0.07771760217323612
seed-104729__h-4__c-32__tol-0p01__vectorchain,104729,4,32,0.01,vectorchain,test,ramp,52,0.009717221318135193,0.012526218657118586
seed-104729__h-4__c-32__tol-0p01__vectorchain,104729,4,32,0.01,vectorchain,test,piecewise_linear,52,0.01396575477687974,0.017631635089308092
seed-104729__h-4__c-32__tol-0p01__vectorchain,104729,4,32,0.01,vectorchain,test,first_order_response,52,0.012366230034772541,0.015528438845003857
seed-104729__h-4__c-32__tol-0p01__vectorchain,104729,4,32,0.01,vectorchain,test,second_order_response,52,0.012348596405061661,0.01559041681879355
seed-104729__h-4__c-32__tol-0p01__vectorchain,104729,4,32,0.01,vectorchain,test,regime_change,52,0.09424344904207373,0.10981562265785673
seed-104729__h-4__c-32__tol-0p03__vectorchain,104729,4,32,0.03,vectorchain,validation,sine,51,0.02551747653114069,0.03303345708163484
seed-104729__h-4__c-32__tol-0p03__vectorchain,104729,4,32,0.03,vectorchain,validation,chirp,51,0.055529228918913896,0.06619595208539439
seed-104729__h-4__c-32__tol-0p03__vectorchain,104729,4,32,0.03,vectorchain,validation,ramp,51,0.014411509965790374,0.01845003406318871
seed-104729__h-4__c-32__tol-0p03__vectorchain,104729,4,32,0.03,vectorchain,validation,piecewise_linear,51,0.013322855409854997,0.015582206720271226
seed-104729__h-4__c-32__tol-0p03__vectorchain,104729,4,32,0.03,vectorchain,validation,first_order_response,51,0.017854050730500372,0.023009425710831925
seed-104729__h-4__c-32__tol-0p03__vectorchain,104729,4,32,0.03,vectorchain,validation,second_order_response,51,0.014487329666682357,0.01930132573815741
seed-104729__h-4__c-32__tol-0p03__vectorchain,104729,4,32,0.03,vectorchain,validation,regime_change,51,0.08668994384734748,0.10299318079763009
seed-104729__h-4__c-32__tol-0p03__vectorchain,104729,4,32,0.03,vectorchain,test,sine,52,0.022282507800511744,0.02633593117227843
seed-104729__h-4__c-32__tol-0p03__vectorchain,104729,4,32,0.03,vectorchain,test,chirp,52,0.062338041176966626,0.07395024508084053
seed-104729__h-4__c-32__tol-0p03__vectorchain,104729,4,32,0.03,vectorchain,test,ramp,52,0.011272596057061095,0.013771345971956856
seed-104729__h-4__c-32__tol-0p03__vectorchain,104729,4,32,0.03,vectorchain,test,piecewise_linear,52,0.016881052472737135,0.021797575285879615
seed-104729__h-4__c-32__tol-0p03__vectorchain,104729,4,32,0.03,vectorchain,test,first_order_response,52,0.011672258489619846,0.01596404246112726
seed-104729__h-4__c-32__tol-0p03__vectorchain,104729,4,32,0.03,vectorchain,test,second_order_response,52,0.01529121434029181,0.020172705788457635
seed-104729__h-4__c-32__tol-0p03__vectorchain,104729,4,32,0.03,vectorchain,test,regime_change,52,0.08695380951405905,0.10021322052049823
seed-104729__h-4__c-32__tol-0p1__vectorchain,104729,4,32,0.1,vectorchain,validation,sine,51,0.020525409942197457,0.024411728010610968
seed-104729__h-4__c-32__tol-0p1__vectorchain,104729,4,32,0.1,vectorchain,validation,chirp,51,0.051217379851880664,0.06495346793228743
seed-104729__h-4__c-32__tol-0p1__vectorchain,104729,4,32,0.1,vectorchain,validation,ramp,51,0.01267697723021642,0.015943644842656507
seed-104729__h-4__c-32__tol-0p1__vectorchain,104729,4,32,0.1,vectorchain,validation,piecewise_linear,51,0.009825197485471789,0.013486845569233344
seed-104729__h-4__c-32__tol-0p1__vectorchain,104729,4,32,0.1,vectorchain,validation,first_order_response,51,0.014206572900394303,0.01762871769070618
seed-104729__h-4__c-32__tol-0p1__vectorchain,104729,4,32,0.1,vectorchain,validation,second_order_response,51,0.012433709523602114,0.01554453186086704
seed-104729__h-4__c-32__tol-0p1__vectorchain,104729,4,32,0.1,vectorchain,validation,regime_change,51,0.0895676446041293,0.11981202289337872
seed-104729__h-4__c-32__tol-0p1__vectorchain,104729,4,32,0.1,vectorchain,test,sine,52,0.01736023546880745,0.020951625573332713
seed-104729__h-4__c-32__tol-0p1__vectorchain,104729,4,32,0.1,vectorchain,test,chirp,52,0.05543671748751808,0.07886255496497355
seed-104729__h-4__c-32__tol-0p1__vectorchain,104729,4,32,0.1,vectorchain,test,ramp,52,0.010522971267715491,0.012906237769826372
seed-104729__h-4__c-32__tol-0p1__vectorchain,104729,4,32,0.1,vectorchain,test,piecewise_linear,52,0.01287145184954445,0.01648886267831412
seed-104729__h-4__c-32__tol-0p1__vectorchain,104729,4,32,0.1,vectorchain,test,first_order_response,52,0.00959597008043241,0.012561087385711798
seed-104729__h-4__c-32__tol-0p1__vectorchain,104729,4,32,0.1,vectorchain,test,second_order_response,52,0.013098219392307129,0.01678757889593077
seed-104729__h-4__c-32__tol-0p1__vectorchain,104729,4,32,0.1,vectorchain,test,regime_change,52,0.0799820778139359,0.10978502927969717
seed-104729__h-16__c-32__tol-na__raw,104729,16,32,,raw,validation,sine,51,0.034096990401615526,0.041829201466835456
seed-104729__h-16__c-32__tol-na__raw,104729,16,32,,raw,validation,chirp,51,0.18845523057882346,0.2103978220444761
seed-104729__h-16__c-32__tol-na__raw,104729,16,32,,raw,validation,ramp,51,0.018553891838295207,0.023880563874121095
seed-104729__h-16__c-32__tol-na__raw,104729,16,32,,raw,validation,piecewise_linear,51,0.028453681678796118,0.03442222703811808
seed-104729__h-16__c-32__tol-na__raw,104729,16,32,,raw,validation,first_order_response,51,0.03545444717479814,0.04071715962909369
seed-104729__h-16__c-32__tol-na__raw,104729,16,32,,raw,validation,second_order_response,51,0.036250336695444474,0.040855466020154024
seed-104729__h-16__c-32__tol-na__raw,104729,16,32,,raw,validation,regime_change,51,0.36973589200424156,0.41213925934138707
seed-104729__h-16__c-32__tol-na__raw,104729,16,32,,raw,test,sine,52,0.02591408061703051,0.033310516116968614
seed-104729__h-16__c-32__tol-na__raw,104729,16,32,,raw,test,chirp,52,0.28353466245717585,0.31850783233695545
seed-104729__h-16__c-32__tol-na__raw,104729,16,32,,raw,test,ramp,52,0.027681331683206196,0.032578167099037506
seed-104729__h-16__c-32__tol-na__raw,104729,16,32,,raw,test,piecewise_linear,52,0.022127213576371423,0.028027293561190145
seed-104729__h-16__c-32__tol-na__raw,104729,16,32,,raw,test,first_order_response,52,0.032279015862187725,0.035907337822259
seed-104729__h-16__c-32__tol-na__raw,104729,16,32,,raw,test,second_order_response,52,0.0377586915165509,0.04263535143365575
seed-104729__h-16__c-32__tol-na__raw,104729,16,32,,raw,test,regime_change,52,0.38178219783356376,0.4254068575770976
seed-104729__h-16__c-32__tol-na__first_difference,104729,16,32,,first_difference,validation,sine,51,0.08514467610672238,0.09672489706334583
seed-104729__h-16__c-32__tol-na__first_difference,104729,16,32,,first_difference,validation,chirp,51,0.27409511140308856,0.30813007975574824
seed-104729__h-16__c-32__tol-na__first_difference,104729,16,32,,first_difference,validation,ramp,51,0.024917282506798186,0.031246170393473275
seed-104729__h-16__c-32__tol-na__first_difference,104729,16,32,,first_difference,validation,piecewise_linear,51,0.03287917709884854,0.04435518742729513
seed-104729__h-16__c-32__tol-na__first_difference,104729,16,32,,first_difference,validation,first_order_response,51,0.028991841972103714,0.037754082947041405
seed-104729__h-16__c-32__tol-na__first_difference,104729,16,32,,first_difference,validation,second_order_response,51,0.024953021475236717,0.03255146470159829
seed-104729__h-16__c-32__tol-na__first_difference,104729,16,32,,first_difference,validation,regime_change,51,0.4754999580481175,0.5249344569247915
seed-104729__h-16__c-32__tol-na__first_difference,104729,16,32,,first_difference,test,sine,52,0.0819076452019903,0.0937122332407432
seed-104729__h-16__c-32__tol-na__first_difference,104729,16,32,,first_difference,test,chirp,52,0.3755629723768442,0.4211726269470865
seed-104729__h-16__c-32__tol-na__first_difference,104729,16,32,,first_difference,test,ramp,52,0.025104088534703237,0.030285612847031726
seed-104729__h-16__c-32__tol-na__first_difference,104729,16,32,,first_difference,test,piecewise_linear,52,0.030148314619706247,0.03646277198241243
seed-104729__h-16__c-32__tol-na__first_difference,104729,16,32,,first_difference,test,first_order_response,52,0.019576413741845114,0.02584363011311982
seed-104729__h-16__c-32__tol-na__first_difference,104729,16,32,,first_difference,test,second_order_response,52,0.026565645690713,0.037208225841908346
seed-104729__h-16__c-32__tol-na__first_difference,104729,16,32,,first_difference,test,regime_change,52,0.47086024147646177,0.5242897436268492
seed-104729__h-16__c-32__tol-0p01__vectorchain,104729,16,32,0.01,vectorchain,validation,sine,51,0.07337853446867995,0.08571885252636421
seed-104729__h-16__c-32__tol-0p01__vectorchain,104729,16,32,0.01,vectorchain,validation,chirp,51,0.24413930874212167,0.28845396260379164
seed-104729__h-16__c-32__tol-0p01__vectorchain,104729,16,32,0.01,vectorchain,validation,ramp,51,0.02277297741607273,0.029479611111221108
seed-104729__h-16__c-32__tol-0p01__vectorchain,104729,16,32,0.01,vectorchain,validation,piecewise_linear,51,0.041483472798742684,0.05304871212548436
seed-104729__h-16__c-32__tol-0p01__vectorchain,104729,16,32,0.01,vectorchain,validation,first_order_response,51,0.0402898966194184,0.053502951325030676
seed-104729__h-16__c-32__tol-0p01__vectorchain,104729,16,32,0.01,vectorchain,validation,second_order_response,51,0.03315797928963102,0.04254048481417253
seed-104729__h-16__c-32__tol-0p01__vectorchain,104729,16,32,0.01,vectorchain,validation,regime_change,51,0.454677276036454,0.5211865277750282
seed-104729__h-16__c-32__tol-0p01__vectorchain,104729,16,32,0.01,vectorchain,test,sine,52,0.07484632021196737,0.08317507519328397
seed-104729__h-16__c-32__tol-0p01__vectorchain,104729,16,32,0.01,vectorchain,test,chirp,52,0.302646398441741,0.35420666234069964
seed-104729__h-16__c-32__tol-0p01__vectorchain,104729,16,32,0.01,vectorchain,test,ramp,52,0.03006930113816749,0.034561828001487584
seed-104729__h-16__c-32__tol-0p01__vectorchain,104729,16,32,0.01,vectorchain,test,piecewise_linear,52,0.034137607061484616,0.04471127574848235
seed-104729__h-16__c-32__tol-0p01__vectorchain,104729,16,32,0.01,vectorchain,test,first_order_response,52,0.03589863231504447,0.047289206069298144
seed-104729__h-16__c-32__tol-0p01__vectorchain,104729,16,32,0.01,vectorchain,test,second_order_response,52,0.03162917898751029,0.04214518420922254
seed-104729__h-16__c-32__tol-0p01__vectorchain,104729,16,32,0.01,vectorchain,test,regime_change,52,0.40660395145070855,0.4865361557278395
seed-104729__h-16__c-32__tol-0p03__vectorchain,104729,16,32,0.03,vectorchain,validation,sine,51,0.09005915005872601,0.1056888498362222
seed-104729__h-16__c-32__tol-0p03__vectorchain,104729,16,32,0.03,vectorchain,validation,chirp,51,0.25289450336805586,0.2950976263515072
seed-104729__h-16__c-32__tol-0p03__vectorchain,104729,16,32,0.03,vectorchain,validation,ramp,51,0.03040349033570307,0.045693341723770375
seed-104729__h-16__c-32__tol-0p03__vectorchain,104729,16,32,0.03,vectorchain,validation,piecewise_linear,51,0.03261411209496967,0.04498378385104103
seed-104729__h-16__c-32__tol-0p03__vectorchain,104729,16,32,0.03,vectorchain,validation,first_order_response,51,0.042485559719956954,0.06949903234145427
seed-104729__h-16__c-32__tol-0p03__vectorchain,104729,16,32,0.03,vectorchain,validation,second_order_response,51,0.0412568552134084,0.0621059794803419
seed-104729__h-16__c-32__tol-0p03__vectorchain,104729,16,32,0.03,vectorchain,validation,regime_change,51,0.40730746878637064,0.46630545119139044
seed-104729__h-16__c-32__tol-0p03__vectorchain,104729,16,32,0.03,vectorchain,test,sine,52,0.0947705454881722,0.10608842314333995
seed-104729__h-16__c-32__tol-0p03__vectorchain,104729,16,32,0.03,vectorchain,test,chirp,52,0.2799658720457599,0.3291583073321564
seed-104729__h-16__c-32__tol-0p03__vectorchain,104729,16,32,0.03,vectorchain,test,ramp,52,0.019980283008808327,0.02792309145822495
seed-104729__h-16__c-32__tol-0p03__vectorchain,104729,16,32,0.03,vectorchain,test,piecewise_linear,52,0.04869910620626375,0.06840016892978384
seed-104729__h-16__c-32__tol-0p03__vectorchain,104729,16,32,0.03,vectorchain,test,first_order_response,52,0.0312634162697068,0.05661396809424153
seed-104729__h-16__c-32__tol-0p03__vectorchain,104729,16,32,0.03,vectorchain,test,second_order_response,52,0.03171894553578728,0.05177952810856295
seed-104729__h-16__c-32__tol-0p03__vectorchain,104729,16,32,0.03,vectorchain,test,regime_change,52,0.36166097559193694,0.43079268910817975
seed-104729__h-16__c-32__tol-0p1__vectorchain,104729,16,32,0.1,vectorchain,validation,sine,51,0.08436741327035299,0.09382446534296124
seed-104729__h-16__c-32__tol-0p1__vectorchain,104729,16,32,0.1,vectorchain,validation,chirp,51,0.25645402941831236,0.3219400884434808
seed-104729__h-16__c-32__tol-0p1__vectorchain,104729,16,32,0.1,vectorchain,validation,ramp,51,0.014724674337952904,0.017952441837379162
seed-104729__h-16__c-32__tol-0p1__vectorchain,104729,16,32,0.1,vectorchain,validation,piecewise_linear,51,0.023059971951262647,0.03782001406908986
seed-104729__h-16__c-32__tol-0p1__vectorchain,104729,16,32,0.1,vectorchain,validation,first_order_response,51,0.016145498203433258,0.020303676804639455
seed-104729__h-16__c-32__tol-0p1__vectorchain,104729,16,32,0.1,vectorchain,validation,second_order_response,51,0.018017294312233596,0.02175606880974818
seed-104729__h-16__c-32__tol-0p1__vectorchain,104729,16,32,0.1,vectorchain,validation,regime_change,51,0.45882312140304643,0.5811650337260855
seed-104729__h-16__c-32__tol-0p1__vectorchain,104729,16,32,0.1,vectorchain,test,sine,52,0.08396139636228322,0.09246102714968352
seed-104729__h-16__c-32__tol-0p1__vectorchain,104729,16,32,0.1,vectorchain,test,chirp,52,0.29996910304629076,0.41918784314740487
seed-104729__h-16__c-32__tol-0p1__vectorchain,104729,16,32,0.1,vectorchain,test,ramp,52,0.014015937050496611,0.01802078521188984
seed-104729__h-16__c-32__tol-0p1__vectorchain,104729,16,32,0.1,vectorchain,test,piecewise_linear,52,0.019180550414763846,0.022833573787830744
seed-104729__h-16__c-32__tol-0p1__vectorchain,104729,16,32,0.1,vectorchain,test,first_order_response,52,0.010746420511542518,0.013590983540590603
seed-104729__h-16__c-32__tol-0p1__vectorchain,104729,16,32,0.1,vectorchain,test,second_order_response,52,0.016268845496164308,0.02181889442475583
seed-104729__h-16__c-32__tol-0p1__vectorchain,104729,16,32,0.1,vectorchain,test,regime_change,52,0.3496517972546591,0.48989371280869537
seed-104729__h-1__c-64__tol-na__raw,104729,1,64,,raw,validation,sine,51,0.011726983393043388,0.01500436108906539
seed-104729__h-1__c-64__tol-na__raw,104729,1,64,,raw,validation,chirp,51,0.015899508744494792,0.019619454230990874
seed-104729__h-1__c-64__tol-na__raw,104729,1,64,,raw,validation,ramp,51,0.012194829340404204,0.014240780124938898
seed-104729__h-1__c-64__tol-na__raw,104729,1,64,,raw,validation,piecewise_linear,51,0.012538717944318623,0.015087106468292939
seed-104729__h-1__c-64__tol-na__raw,104729,1,64,,raw,validation,first_order_response,51,0.01031613756715652,0.01274706379491478
seed-104729__h-1__c-64__tol-na__raw,104729,1,64,,raw,validation,second_order_response,51,0.01113912619225093,0.01362039243730203
seed-104729__h-1__c-64__tol-na__raw,104729,1,64,,raw,validation,regime_change,51,0.021735335901392185,0.02627900608379854
seed-104729__h-1__c-64__tol-na__raw,104729,1,64,,raw,test,sine,51,0.011151131382049387,0.014203609742573549
seed-104729__h-1__c-64__tol-na__raw,104729,1,64,,raw,test,chirp,51,0.020230872317415837,0.02497271927985027
seed-104729__h-1__c-64__tol-na__raw,104729,1,64,,raw,test,ramp,51,0.010585291454092842,0.013626324677494361
seed-104729__h-1__c-64__tol-na__raw,104729,1,64,,raw,test,piecewise_linear,51,0.01284282240784951,0.01580931194693897
seed-104729__h-1__c-64__tol-na__raw,104729,1,64,,raw,test,first_order_response,51,0.009286487571375646,0.011727179718415559
seed-104729__h-1__c-64__tol-na__raw,104729,1,64,,raw,test,second_order_response,51,0.012517755580422152,0.0168958588111992
seed-104729__h-1__c-64__tol-na__raw,104729,1,64,,raw,test,regime_change,51,0.028054889424189232,0.03226880332475091
seed-104729__h-1__c-64__tol-na__first_difference,104729,1,64,,first_difference,validation,sine,51,0.012394670304131345,0.015674885457785677
seed-104729__h-1__c-64__tol-na__first_difference,104729,1,64,,first_difference,validation,chirp,51,0.028976592090722425,0.03341980532165347
seed-104729__h-1__c-64__tol-na__first_difference,104729,1,64,,first_difference,validation,ramp,51,0.010674597035135958,0.012859745715335063
seed-104729__h-1__c-64__tol-na__first_difference,104729,1,64,,first_difference,validation,piecewise_linear,51,0.01157137292868416,0.014154578022473453
seed-104729__h-1__c-64__tol-na__first_difference,104729,1,64,,first_difference,validation,first_order_response,51,0.00890408633846902,0.011442569522242775
seed-104729__h-1__c-64__tol-na__first_difference,104729,1,64,,first_difference,validation,second_order_response,51,0.00983748052007439,0.012006909441832617
seed-104729__h-1__c-64__tol-na__first_difference,104729,1,64,,first_difference,validation,regime_change,51,0.04055511401533069,0.047554207592877026
seed-104729__h-1__c-64__tol-na__first_difference,104729,1,64,,first_difference,test,sine,51,0.014230457198531466,0.0179747385600187
seed-104729__h-1__c-64__tol-na__first_difference,104729,1,64,,first_difference,test,chirp,51,0.035349312336574894,0.04074046119623656
seed-104729__h-1__c-64__tol-na__first_difference,104729,1,64,,first_difference,test,ramp,51,0.008946075797464363,0.012103885186191436
seed-104729__h-1__c-64__tol-na__first_difference,104729,1,64,,first_difference,test,piecewise_linear,51,0.011675788316121484,0.014305730137187049
seed-104729__h-1__c-64__tol-na__first_difference,104729,1,64,,first_difference,test,first_order_response,51,0.009025735333710934,0.011122895784048792
seed-104729__h-1__c-64__tol-na__first_difference,104729,1,64,,first_difference,test,second_order_response,51,0.011233271519608928,0.015324422285638331
seed-104729__h-1__c-64__tol-na__first_difference,104729,1,64,,first_difference,test,regime_change,51,0.04392938934251705,0.05030897347258713
seed-104729__h-1__c-64__tol-0p01__vectorchain,104729,1,64,0.01,vectorchain,validation,sine,51,0.013208444776235204,0.016286653738270353
seed-104729__h-1__c-64__tol-0p01__vectorchain,104729,1,64,0.01,vectorchain,validation,chirp,51,0.024196737714889432,0.029509762239054684
seed-104729__h-1__c-64__tol-0p01__vectorchain,104729,1,64,0.01,vectorchain,validation,ramp,51,0.010663558318118488,0.013057046299534514
seed-104729__h-1__c-64__tol-0p01__vectorchain,104729,1,64,0.01,vectorchain,validation,piecewise_linear,51,0.01245790148427874,0.015436403471025421
seed-104729__h-1__c-64__tol-0p01__vectorchain,104729,1,64,0.01,vectorchain,validation,first_order_response,51,0.009171082792915872,0.011296400383301826
seed-104729__h-1__c-64__tol-0p01__vectorchain,104729,1,64,0.01,vectorchain,validation,second_order_response,51,0.009785534678302286,0.01206046813998309
seed-104729__h-1__c-64__tol-0p01__vectorchain,104729,1,64,0.01,vectorchain,validation,regime_change,51,0.03471086512035868,0.04435297675186004
seed-104729__h-1__c-64__tol-0p01__vectorchain,104729,1,64,0.01,vectorchain,test,sine,51,0.012897167155873576,0.01636385729256957
seed-104729__h-1__c-64__tol-0p01__vectorchain,104729,1,64,0.01,vectorchain,test,chirp,51,0.026716930895004563,0.03323597056235046
seed-104729__h-1__c-64__tol-0p01__vectorchain,104729,1,64,0.01,vectorchain,test,ramp,51,0.008914338651013343,0.012389763678419527
seed-104729__h-1__c-64__tol-0p01__vectorchain,104729,1,64,0.01,vectorchain,test,piecewise_linear,51,0.011611583089097889,0.014156202435189502
seed-104729__h-1__c-64__tol-0p01__vectorchain,104729,1,64,0.01,vectorchain,test,first_order_response,51,0.009448430328730637,0.011861625964295497
seed-104729__h-1__c-64__tol-0p01__vectorchain,104729,1,64,0.01,vectorchain,test,second_order_response,51,0.011976733310164517,0.016211219380878748
seed-104729__h-1__c-64__tol-0p01__vectorchain,104729,1,64,0.01,vectorchain,test,regime_change,51,0.0361861330427715,0.045110223983919326
seed-104729__h-1__c-64__tol-0p03__vectorchain,104729,1,64,0.03,vectorchain,validation,sine,51,0.013990915803706122,0.017930957733493527
seed-104729__h-1__c-64__tol-0p03__vectorchain,104729,1,64,0.03,vectorchain,validation,chirp,51,0.022278855034154377,0.026329794372238497
seed-104729__h-1__c-64__tol-0p03__vectorchain,104729,1,64,0.03,vectorchain,validation,ramp,51,0.011851283192390294,0.013923016009315434
seed-104729__h-1__c-64__tol-0p03__vectorchain,104729,1,64,0.03,vectorchain,validation,piecewise_linear,51,0.011562958141350194,0.014411530648936239
seed-104729__h-1__c-64__tol-0p03__vectorchain,104729,1,64,0.03,vectorchain,validation,first_order_response,51,0.010090798012265772,0.012526730203608318
seed-104729__h-1__c-64__tol-0p03__vectorchain,104729,1,64,0.03,vectorchain,validation,second_order_response,51,0.010292888836407936,0.013103743061700203
seed-104729__h-1__c-64__tol-0p03__vectorchain,104729,1,64,0.03,vectorchain,validation,regime_change,51,0.03262873744936049,0.03894454805880006
seed-104729__h-1__c-64__tol-0p03__vectorchain,104729,1,64,0.03,vectorchain,test,sine,51,0.014394356449102554,0.01764170046669802
seed-104729__h-1__c-64__tol-0p03__vectorchain,104729,1,64,0.03,vectorchain,test,chirp,51,0.02445012952882411,0.031020829343417343
seed-104729__h-1__c-64__tol-0p03__vectorchain,104729,1,64,0.03,vectorchain,test,ramp,51,0.01036864087391391,0.01354469414103204
seed-104729__h-1__c-64__tol-0p03__vectorchain,104729,1,64,0.03,vectorchain,test,piecewise_linear,51,0.013398508600124655,0.016481500043423095
seed-104729__h-1__c-64__tol-0p03__vectorchain,104729,1,64,0.03,vectorchain,test,first_order_response,51,0.009266006556877766,0.011543322962542586
seed-104729__h-1__c-64__tol-0p03__vectorchain,104729,1,64,0.03,vectorchain,test,second_order_response,51,0.01204187268417817,0.015855548292020204
seed-104729__h-1__c-64__tol-0p03__vectorchain,104729,1,64,0.03,vectorchain,test,regime_change,51,0.03268271699845448,0.038667512177391374
seed-104729__h-1__c-64__tol-0p1__vectorchain,104729,1,64,0.1,vectorchain,validation,sine,51,0.01211396841037467,0.0156606105053641
seed-104729__h-1__c-64__tol-0p1__vectorchain,104729,1,64,0.1,vectorchain,validation,chirp,51,0.012917365239163129,0.01651847685717684
seed-104729__h-1__c-64__tol-0p1__vectorchain,104729,1,64,0.1,vectorchain,validation,ramp,51,0.012049551258727607,0.014120619434311954
seed-104729__h-1__c-64__tol-0p1__vectorchain,104729,1,64,0.1,vectorchain,validation,piecewise_linear,51,0.012606736477972991,0.015158177189403137
seed-104729__h-1__c-64__tol-0p1__vectorchain,104729,1,64,0.1,vectorchain,validation,first_order_response,51,0.010106685999952748,0.012934579457800046
seed-104729__h-1__c-64__tol-0p1__vectorchain,104729,1,64,0.1,vectorchain,validation,second_order_response,51,0.010727297760711485,0.013333479185467836
seed-104729__h-1__c-64__tol-0p1__vectorchain,104729,1,64,0.1,vectorchain,validation,regime_change,51,0.01849391335026186,0.024538473050478647
seed-104729__h-1__c-64__tol-0p1__vectorchain,104729,1,64,0.1,vectorchain,test,sine,51,0.011907990230332637,0.015380115820218497
seed-104729__h-1__c-64__tol-0p1__vectorchain,104729,1,64,0.1,vectorchain,test,chirp,51,0.01369604190090687,0.01784064000573543
seed-104729__h-1__c-64__tol-0p1__vectorchain,104729,1,64,0.1,vectorchain,test,ramp,51,0.010312550654333954,0.01337172429362309
seed-104729__h-1__c-64__tol-0p1__vectorchain,104729,1,64,0.1,vectorchain,test,piecewise_linear,51,0.012927784867978333,0.01599718737640935
seed-104729__h-1__c-64__tol-0p1__vectorchain,104729,1,64,0.1,vectorchain,test,first_order_response,51,0.00922398524775137,0.011515620676420984
seed-104729__h-1__c-64__tol-0p1__vectorchain,104729,1,64,0.1,vectorchain,test,second_order_response,51,0.012401322565182693,0.016767751750069455
seed-104729__h-1__c-64__tol-0p1__vectorchain,104729,1,64,0.1,vectorchain,test,regime_change,51,0.01494578629265657,0.019788128945486528
seed-104729__h-4__c-64__tol-na__raw,104729,4,64,,raw,validation,sine,51,0.016401906866100727,0.019971151804730903
seed-104729__h-4__c-64__tol-na__raw,104729,4,64,,raw,validation,chirp,51,0.05875745417229977,0.06701733368964247
seed-104729__h-4__c-64__tol-na__raw,104729,4,64,,raw,validation,ramp,51,0.012629719669934486,0.016088653901836253
seed-104729__h-4__c-64__tol-na__raw,104729,4,64,,raw,validation,piecewise_linear,51,0.011335291374295337,0.01382020586460905
seed-104729__h-4__c-64__tol-na__raw,104729,4,64,,raw,validation,first_order_response,51,0.016707407194677257,0.019789695677899823
seed-104729__h-4__c-64__tol-na__raw,104729,4,64,,raw,validation,second_order_response,51,0.015423156701910253,0.01906501120177866
seed-104729__h-4__c-64__tol-na__raw,104729,4,64,,raw,validation,regime_change,51,0.11136565108959341,0.12570921203651206
seed-104729__h-4__c-64__tol-na__raw,104729,4,64,,raw,test,sine,52,0.01137771184575846,0.014406465949205697
seed-104729__h-4__c-64__tol-na__raw,104729,4,64,,raw,test,chirp,52,0.08535625948071804,0.09791003246958155
seed-104729__h-4__c-64__tol-na__raw,104729,4,64,,raw,test,ramp,52,0.012082517765075441,0.014618665192149088
seed-104729__h-4__c-64__tol-na__raw,104729,4,64,,raw,test,piecewise_linear,52,0.013165760010592413,0.01667713932913354
seed-104729__h-4__c-64__tol-na__raw,104729,4,64,,raw,test,first_order_response,52,0.012578711975845713,0.015548653902268932
seed-104729__h-4__c-64__tol-na__raw,104729,4,64,,raw,test,second_order_response,52,0.01494808074146074,0.019247714480152847
seed-104729__h-4__c-64__tol-na__raw,104729,4,64,,raw,test,regime_change,52,0.11524962894537291,0.12812875824207628
seed-104729__h-4__c-64__tol-na__first_difference,104729,4,64,,first_difference,validation,sine,51,0.030063630882309494,0.03675075783283232
seed-104729__h-4__c-64__tol-na__first_difference,104729,4,64,,first_difference,validation,chirp,51,0.08840171203100342,0.09992075347499633
seed-104729__h-4__c-64__tol-na__first_difference,104729,4,64,,first_difference,validation,ramp,51,0.014392736257886481,0.018152970988210587
seed-104729__h-4__c-64__tol-na__first_difference,104729,4,64,,first_difference,validation,piecewise_linear,51,0.011894511143612419,0.01586199119453231
seed-104729__h-4__c-64__tol-na__first_difference,104729,4,64,,first_difference,validation,first_order_response,51,0.016392436377187902,0.020719523497274198
seed-104729__h-4__c-64__tol-na__first_difference,104729,4,64,,first_difference,validation,second_order_response,51,0.014183567211081,0.017951081648025852
seed-104729__h-4__c-64__tol-na__first_difference,104729,4,64,,first_difference,validation,regime_change,51,0.1440932858422068,0.16095130748907246
seed-104729__h-4__c-64__tol-na__first_difference,104729,4,64,,first_difference,test,sine,52,0.02815929567073073,0.03307693103885334
seed-104729__h-4__c-64__tol-na__first_difference,104729,4,64,,first_difference,test,chirp,52,0.11318306167180872,0.12840837344980294
seed-104729__h-4__c-64__tol-na__first_difference,104729,4,64,,first_difference,test,ramp,52,0.012481009695426423,0.01541427020139693
seed-104729__h-4__c-64__tol-na__first_difference,104729,4,64,,first_difference,test,piecewise_linear,52,0.015271533984289432,0.019672829206091015
seed-104729__h-4__c-64__tol-na__first_difference,104729,4,64,,first_difference,test,first_order_response,52,0.011513142037724024,0.014848661801629973
seed-104729__h-4__c-64__tol-na__first_difference,104729,4,64,,first_difference,test,second_order_response,52,0.015572300797585493,0.019531381487905196
seed-104729__h-4__c-64__tol-na__first_difference,104729,4,64,,first_difference,test,regime_change,52,0.14075196274268983,0.15693542438471186
seed-104729__h-4__c-64__tol-0p01__vectorchain,104729,4,64,0.01,vectorchain,validation,sine,51,0.02565736036241584,0.03192655058390184
seed-104729__h-4__c-64__tol-0p01__vectorchain,104729,4,64,0.01,vectorchain,validation,chirp,51,0.06912503639533445,0.08180193069505148
seed-104729__h-4__c-64__tol-0p01__vectorchain,104729,4,64,0.01,vectorchain,validation,ramp,51,0.015098514275233035,0.018928563851119146
seed-104729__h-4__c-64__tol-0p01__vectorchain,104729,4,64,0.01,vectorchain,validation,piecewise_linear,51,0.01484211273865334,0.018137883980320044
seed-104729__h-4__c-64__tol-0p01__vectorchain,104729,4,64,0.01,vectorchain,validation,first_order_response,51,0.017518986131325336,0.021635232003400215
seed-104729__h-4__c-64__tol-0p01__vectorchain,104729,4,64,0.01,vectorchain,validation,second_order_response,51,0.0149729978013008,0.018644508934613897
seed-104729__h-4__c-64__tol-0p01__vectorchain,104729,4,64,0.01,vectorchain,validation,regime_change,51,0.11802967305663277,0.14006590877659303
seed-104729__h-4__c-64__tol-0p01__vectorchain,104729,4,64,0.01,vectorchain,test,sine,52,0.021395951795303937,0.025506318583687782
seed-104729__h-4__c-64__tol-0p01__vectorchain,104729,4,64,0.01,vectorchain,test,chirp,52,0.08412216432281296,0.09969660121818158
seed-104729__h-4__c-64__tol-0p01__vectorchain,104729,4,64,0.01,vectorchain,test,ramp,52,0.011744244904693692,0.015055994921004966
seed-104729__h-4__c-64__tol-0p01__vectorchain,104729,4,64,0.01,vectorchain,test,piecewise_linear,52,0.01536500439113143,0.018810084785400666
seed-104729__h-4__c-64__tol-0p01__vectorchain,104729,4,64,0.01,vectorchain,test,first_order_response,52,0.013525057324989646,0.017333877451380843
seed-104729__h-4__c-64__tol-0p01__vectorchain,104729,4,64,0.01,vectorchain,test,second_order_response,52,0.015132953175601354,0.019811525663144345
seed-104729__h-4__c-64__tol-0p01__vectorchain,104729,4,64,0.01,vectorchain,test,regime_change,52,0.10730227672590929,0.12842483336214727
seed-104729__h-4__c-64__tol-0p03__vectorchain,104729,4,64,0.03,vectorchain,validation,sine,51,0.02908221844942602,0.03653951046042568
seed-104729__h-4__c-64__tol-0p03__vectorchain,104729,4,64,0.03,vectorchain,validation,chirp,51,0.0628044668713555,0.07437790928734832
seed-104729__h-4__c-64__tol-0p03__vectorchain,104729,4,64,0.03,vectorchain,validation,ramp,51,0.014686343875346605,0.019024613006055614
seed-104729__h-4__c-64__tol-0p03__vectorchain,104729,4,64,0.03,vectorchain,validation,piecewise_linear,51,0.013062410267721187,0.01608152780424515
seed-104729__h-4__c-64__tol-0p03__vectorchain,104729,4,64,0.03,vectorchain,validation,first_order_response,51,0.017874162312439375,0.022794805635757486
seed-104729__h-4__c-64__tol-0p03__vectorchain,104729,4,64,0.03,vectorchain,validation,second_order_response,51,0.016419472640812033,0.021267874595642947
seed-104729__h-4__c-64__tol-0p03__vectorchain,104729,4,64,0.03,vectorchain,validation,regime_change,51,0.09991733129968429,0.11788475829565533
seed-104729__h-4__c-64__tol-0p03__vectorchain,104729,4,64,0.03,vectorchain,test,sine,52,0.024277127478800987,0.02838241971619113
seed-104729__h-4__c-64__tol-0p03__vectorchain,104729,4,64,0.03,vectorchain,test,chirp,52,0.07243567845088639,0.0874240492119278
seed-104729__h-4__c-64__tol-0p03__vectorchain,104729,4,64,0.03,vectorchain,test,ramp,52,0.011738876465150925,0.014632165360765432
seed-104729__h-4__c-64__tol-0p03__vectorchain,104729,4,64,0.03,vectorchain,test,piecewise_linear,52,0.015540939534415783,0.020517586510970513
seed-104729__h-4__c-64__tol-0p03__vectorchain,104729,4,64,0.03,vectorchain,test,first_order_response,52,0.01247909333054102,0.01643706543910062
seed-104729__h-4__c-64__tol-0p03__vectorchain,104729,4,64,0.03,vectorchain,test,second_order_response,52,0.01533383276229467,0.01929750624542618
seed-104729__h-4__c-64__tol-0p03__vectorchain,104729,4,64,0.03,vectorchain,test,regime_change,52,0.0923545915466836,0.10822241685298706
seed-104729__h-4__c-64__tol-0p1__vectorchain,104729,4,64,0.1,vectorchain,validation,sine,51,0.018876200716578855,0.02422990743550861
seed-104729__h-4__c-64__tol-0p1__vectorchain,104729,4,64,0.1,vectorchain,validation,chirp,51,0.027012515914801236,0.0353330458718728
seed-104729__h-4__c-64__tol-0p1__vectorchain,104729,4,64,0.1,vectorchain,validation,ramp,51,0.012137276280329175,0.015365991833236616
seed-104729__h-4__c-64__tol-0p1__vectorchain,104729,4,64,0.1,vectorchain,validation,piecewise_linear,51,0.009986876645214075,0.013838561132456675
seed-104729__h-4__c-64__tol-0p1__vectorchain,104729,4,64,0.1,vectorchain,validation,first_order_response,51,0.013781734705898932,0.017135493488346906
seed-104729__h-4__c-64__tol-0p1__vectorchain,104729,4,64,0.1,vectorchain,validation,second_order_response,51,0.012371817335812314,0.015243819575641436
seed-104729__h-4__c-64__tol-0p1__vectorchain,104729,4,64,0.1,vectorchain,validation,regime_change,51,0.05641831270809154,0.07409627951981136
seed-104729__h-4__c-64__tol-0p1__vectorchain,104729,4,64,0.1,vectorchain,test,sine,52,0.016394442355050283,0.019248563718219435
seed-104729__h-4__c-64__tol-0p1__vectorchain,104729,4,64,0.1,vectorchain,test,chirp,52,0.036337536067542,0.04722263260212568
seed-104729__h-4__c-64__tol-0p1__vectorchain,104729,4,64,0.1,vectorchain,test,ramp,52,0.00998826674092461,0.012213861878423824
seed-104729__h-4__c-64__tol-0p1__vectorchain,104729,4,64,0.1,vectorchain,test,piecewise_linear,52,0.012646929713932702,0.01613170034525229
seed-104729__h-4__c-64__tol-0p1__vectorchain,104729,4,64,0.1,vectorchain,test,first_order_response,52,0.00916975599310077,0.012039647064039167
seed-104729__h-4__c-64__tol-0p1__vectorchain,104729,4,64,0.1,vectorchain,test,second_order_response,52,0.012536347050681945,0.015993293958336506
seed-104729__h-4__c-64__tol-0p1__vectorchain,104729,4,64,0.1,vectorchain,test,regime_change,52,0.04208506457580592,0.05188633184109964
seed-104729__h-16__c-64__tol-na__raw,104729,16,64,,raw,validation,sine,51,0.040992649917263486,0.049969184474939414
seed-104729__h-16__c-64__tol-na__raw,104729,16,64,,raw,validation,chirp,51,0.2816613140227383,0.32146632245433215
seed-104729__h-16__c-64__tol-na__raw,104729,16,64,,raw,validation,ramp,51,0.015423756357339894,0.01952234968478267
seed-104729__h-16__c-64__tol-na__raw,104729,16,64,,raw,validation,piecewise_linear,51,0.031112530585987033,0.03641917220408092
seed-104729__h-16__c-64__tol-na__raw,104729,16,64,,raw,validation,first_order_response,51,0.03993707436520564,0.04355684191833356
seed-104729__h-16__c-64__tol-na__raw,104729,16,64,,raw,validation,second_order_response,51,0.05157575927031221,0.0546239976588452
seed-104729__h-16__c-64__tol-na__raw,104729,16,64,,raw,validation,regime_change,51,0.5209731972127163,0.5994738299609947
seed-104729__h-16__c-64__tol-na__raw,104729,16,64,,raw,test,sine,52,0.034157692776741716,0.044140210121820705
seed-104729__h-16__c-64__tol-na__raw,104729,16,64,,raw,test,chirp,52,0.3778848904144357,0.4353352613779837
seed-104729__h-16__c-64__tol-na__raw,104729,16,64,,raw,test,ramp,52,0.030799144287544735,0.034981770622103
seed-104729__h-16__c-64__tol-na__raw,104729,16,64,,raw,test,piecewise_linear,52,0.022432503024558938,0.02763520128130431
seed-104729__h-16__c-64__tol-na__raw,104729,16,64,,raw,test,first_order_response,52,0.03810838461039609,0.04031165638019079
seed-104729__h-16__c-64__tol-na__raw,104729,16,64,,raw,test,second_order_response,52,0.04512607042724928,0.048508089495471064
seed-104729__h-16__c-64__tol-na__raw,104729,16,64,,raw,test,regime_change,52,0.5238734627286376,0.5951350802379209
seed-104729__h-16__c-64__tol-na__first_difference,104729,16,64,,first_difference,validation,sine,51,0.12499274871569371,0.14011985993281745
seed-104729__h-16__c-64__tol-na__first_difference,104729,16,64,,first_difference,validation,chirp,51,0.3622772449308956,0.41051204638701766
seed-104729__h-16__c-64__tol-na__first_difference,104729,16,64,,first_difference,validation,ramp,51,0.036061463323209794,0.045949691660651056
seed-104729__h-16__c-64__tol-na__first_difference,104729,16,64,,first_difference,validation,piecewise_linear,51,0.0442296064756752,0.056312622350959615
seed-104729__h-16__c-64__tol-na__first_difference,104729,16,64,,first_difference,validation,first_order_response,51,0.04347905211773044,0.05676235842061328
seed-104729__h-16__c-64__tol-na__first_difference,104729,16,64,,first_difference,validation,second_order_response,51,0.03619821007219279,0.049263053473194596
seed-104729__h-16__c-64__tol-na__first_difference,104729,16,64,,first_difference,validation,regime_change,51,0.5695613271282732,0.6385152670342534
seed-104729__h-16__c-64__tol-na__first_difference,104729,16,64,,first_difference,test,sine,52,0.12030453585178004,0.13861231891241113
seed-104729__h-16__c-64__tol-na__first_difference,104729,16,64,,first_difference,test,chirp,52,0.4530718634268428,0.516572353624388
seed-104729__h-16__c-64__tol-na__first_difference,104729,16,64,,first_difference,test,ramp,52,0.03850121637847841,0.044449960802903796
seed-104729__h-16__c-64__tol-na__first_difference,104729,16,64,,first_difference,test,piecewise_linear,52,0.043947708009967945,0.055465060815914624
seed-104729__h-16__c-64__tol-na__first_difference,104729,16,64,,first_difference,test,first_order_response,52,0.03213385083563192,0.04117623391218873
seed-104729__h-16__c-64__tol-na__first_difference,104729,16,64,,first_difference,test,second_order_response,52,0.03898304868472887,0.05410162865839354
seed-104729__h-16__c-64__tol-na__first_difference,104729,16,64,,first_difference,test,regime_change,52,0.5487489256482859,0.6158810365974798
seed-104729__h-16__c-64__tol-0p01__vectorchain,104729,16,64,0.01,vectorchain,validation,sine,51,0.09766725515686034,0.11361803649959239
seed-104729__h-16__c-64__tol-0p01__vectorchain,104729,16,64,0.01,vectorchain,validation,chirp,51,0.2803918675033197,0.31672862183248396
seed-104729__h-16__c-64__tol-0p01__vectorchain,104729,16,64,0.01,vectorchain,validation,ramp,51,0.03442739426972077,0.0412517407319394
seed-104729__h-16__c-64__tol-0p01__vectorchain,104729,16,64,0.01,vectorchain,validation,piecewise_linear,51,0.04188495739944903,0.051974207641284936
seed-104729__h-16__c-64__tol-0p01__vectorchain,104729,16,64,0.01,vectorchain,validation,first_order_response,51,0.04705319159058679,0.05785817873061131
seed-104729__h-16__c-64__tol-0p01__vectorchain,104729,16,64,0.01,vectorchain,validation,second_order_response,51,0.03928695925254231,0.05014317143575458
seed-104729__h-16__c-64__tol-0p01__vectorchain,104729,16,64,0.01,vectorchain,validation,regime_change,51,0.4710387268101737,0.527904654470112
seed-104729__h-16__c-64__tol-0p01__vectorchain,104729,16,64,0.01,vectorchain,test,sine,52,0.08577478197558913,0.09965698175617711
seed-104729__h-16__c-64__tol-0p01__vectorchain,104729,16,64,0.01,vectorchain,test,chirp,52,0.3591790004088952,0.4155834989091342
seed-104729__h-16__c-64__tol-0p01__vectorchain,104729,16,64,0.01,vectorchain,test,ramp,52,0.03641359057228101,0.04384390150534027
seed-104729__h-16__c-64__tol-0p01__vectorchain,104729,16,64,0.01,vectorchain,test,piecewise_linear,52,0.03824419448741339,0.050777508364141605
seed-104729__h-16__c-64__tol-0p01__vectorchain,104729,16,64,0.01,vectorchain,test,first_order_response,52,0.039539360357556085,0.05215715536086468
seed-104729__h-16__c-64__tol-0p01__vectorchain,104729,16,64,0.01,vectorchain,test,second_order_response,52,0.04112998230606874,0.05075447556234436
seed-104729__h-16__c-64__tol-0p01__vectorchain,104729,16,64,0.01,vectorchain,test,regime_change,52,0.44220467556429216,0.5014447959744531
seed-104729__h-16__c-64__tol-0p03__vectorchain,104729,16,64,0.03,vectorchain,validation,sine,51,0.10505500565422272,0.11801348713387178
seed-104729__h-16__c-64__tol-0p03__vectorchain,104729,16,64,0.03,vectorchain,validation,chirp,51,0.2526269673097527,0.2812060255509931
seed-104729__h-16__c-64__tol-0p03__vectorchain,104729,16,64,0.03,vectorchain,validation,ramp,51,0.034410594401521416,0.04791822702109014
seed-104729__h-16__c-64__tol-0p03__vectorchain,104729,16,64,0.03,vectorchain,validation,piecewise_linear,51,0.03423283560084841,0.044067321677100875
seed-104729__h-16__c-64__tol-0p03__vectorchain,104729,16,64,0.03,vectorchain,validation,first_order_response,51,0.04057054081177643,0.061320956149267955
seed-104729__h-16__c-64__tol-0p03__vectorchain,104729,16,64,0.03,vectorchain,validation,second_order_response,51,0.04917715040798529,0.06775570596359339
seed-104729__h-16__c-64__tol-0p03__vectorchain,104729,16,64,0.03,vectorchain,validation,regime_change,51,0.37923970731945544,0.42912923895416233
seed-104729__h-16__c-64__tol-0p03__vectorchain,104729,16,64,0.03,vectorchain,test,sine,52,0.0993353304970947,0.10967378647944502
seed-104729__h-16__c-64__tol-0p03__vectorchain,104729,16,64,0.03,vectorchain,test,chirp,52,0.320196895937484,0.3651247242441188
seed-104729__h-16__c-64__tol-0p03__vectorchain,104729,16,64,0.03,vectorchain,test,ramp,52,0.026154537677351174,0.03496443394088366
seed-104729__h-16__c-64__tol-0p03__vectorchain,104729,16,64,0.03,vectorchain,test,piecewise_linear,52,0.04289874040836121,0.06142859855018342
seed-104729__h-16__c-64__tol-0p03__vectorchain,104729,16,64,0.03,vectorchain,test,first_order_response,52,0.02922135619552853,0.04934301471730902
seed-104729__h-16__c-64__tol-0p03__vectorchain,104729,16,64,0.03,vectorchain,test,second_order_response,52,0.02942645661598798,0.04228943807088937
seed-104729__h-16__c-64__tol-0p03__vectorchain,104729,16,64,0.03,vectorchain,test,regime_change,52,0.37184557448055755,0.42446968102545035
seed-104729__h-16__c-64__tol-0p1__vectorchain,104729,16,64,0.1,vectorchain,validation,sine,51,0.05163107215756173,0.06456952503732787
seed-104729__h-16__c-64__tol-0p1__vectorchain,104729,16,64,0.1,vectorchain,validation,chirp,51,0.108703140950437,0.13970905755445995
seed-104729__h-16__c-64__tol-0p1__vectorchain,104729,16,64,0.1,vectorchain,validation,ramp,51,0.01310812046035259,0.015555265737722986
seed-104729__h-16__c-64__tol-0p1__vectorchain,104729,16,64,0.1,vectorchain,validation,piecewise_linear,51,0.025372475022691285,0.04131528409387484
seed-104729__h-16__c-64__tol-0p1__vectorchain,104729,16,64,0.1,vectorchain,validation,first_order_response,51,0.013915216649846723,0.017691152107130875
seed-104729__h-16__c-64__tol-0p1__vectorchain,104729,16,64,0.1,vectorchain,validation,second_order_response,51,0.019029888384243274,0.023067541612254733
seed-104729__h-16__c-64__tol-0p1__vectorchain,104729,16,64,0.1,vectorchain,validation,regime_change,51,0.4116319437450366,0.506340714380042
seed-104729__h-16__c-64__tol-0p1__vectorchain,104729,16,64,0.1,vectorchain,test,sine,52,0.05353967807926251,0.06081595196391298
seed-104729__h-16__c-64__tol-0p1__vectorchain,104729,16,64,0.1,vectorchain,test,chirp,52,0.26976897262460847,0.3165549183520639
seed-104729__h-16__c-64__tol-0p1__vectorchain,104729,16,64,0.1,vectorchain,test,ramp,52,0.011204630525852792,0.0143550070187428
seed-104729__h-16__c-64__tol-0p1__vectorchain,104729,16,64,0.1,vectorchain,test,piecewise_linear,52,0.01753656808898787,0.021529370176429374
seed-104729__h-16__c-64__tol-0p1__vectorchain,104729,16,64,0.1,vectorchain,test,first_order_response,52,0.009971896719759775,0.013247778317722532
seed-104729__h-16__c-64__tol-0p1__vectorchain,104729,16,64,0.1,vectorchain,test,second_order_response,52,0.018002928531551957,0.0221575934469674
seed-104729__h-16__c-64__tol-0p1__vectorchain,104729,16,64,0.1,vectorchain,test,regime_change,52,0.29197155852049445,0.37269414021180364
seed-104729__h-1__c-128__tol-na__raw,104729,1,128,,raw,validation,sine,51,0.011824567180430163,0.014961363294364973
seed-104729__h-1__c-128__tol-na__raw,104729,1,128,,raw,validation,chirp,51,0.02478645722633816,0.028709077751818857
seed-104729__h-1__c-128__tol-na__raw,104729,1,128,,raw,validation,ramp,51,0.012108131405113406,0.014147890020404683
seed-104729__h-1__c-128__tol-na__raw,104729,1,128,,raw,validation,piecewise_linear,51,0.01233000824081283,0.01492338505790691
seed-104729__h-1__c-128__tol-na__raw,104729,1,128,,raw,validation,first_order_response,51,0.010346003571461568,0.012633233741083213
seed-104729__h-1__c-128__tol-na__raw,104729,1,128,,raw,validation,second_order_response,51,0.011306990207967728,0.013841697302694187
seed-104729__h-1__c-128__tol-na__raw,104729,1,128,,raw,validation,regime_change,51,0.03251642846214149,0.03709964432776394
seed-104729__h-1__c-128__tol-na__raw,104729,1,128,,raw,test,sine,51,0.012486062851169107,0.01566491215749837
seed-104729__h-1__c-128__tol-na__raw,104729,1,128,,raw,test,chirp,51,0.028221040479489107,0.033338868191852174
seed-104729__h-1__c-128__tol-na__raw,104729,1,128,,raw,test,ramp,51,0.01055922243279956,0.013588543546751028
seed-104729__h-1__c-128__tol-na__raw,104729,1,128,,raw,test,piecewise_linear,51,0.012677006949474707,0.015577043634943154
seed-104729__h-1__c-128__tol-na__raw,104729,1,128,,raw,test,first_order_response,51,0.009286249202732357,0.011785748726738716
seed-104729__h-1__c-128__tol-na__raw,104729,1,128,,raw,test,second_order_response,51,0.012585646327162484,0.016972122235127816
seed-104729__h-1__c-128__tol-na__raw,104729,1,128,,raw,test,regime_change,51,0.0360921529781622,0.040661265318256194
seed-104729__h-1__c-128__tol-na__first_difference,104729,1,128,,first_difference,validation,sine,51,0.015373943136334101,0.01881653032810734
seed-104729__h-1__c-128__tol-na__first_difference,104729,1,128,,first_difference,validation,chirp,51,0.03159965486874652,0.035196661405654805
seed-104729__h-1__c-128__tol-na__first_difference,104729,1,128,,first_difference,validation,ramp,51,0.011767315701172808,0.013822183549483674
seed-104729__h-1__c-128__tol-na__first_difference,104729,1,128,,first_difference,validation,piecewise_linear,51,0.01232488772975966,0.014997378298751805
seed-104729__h-1__c-128__tol-na__first_difference,104729,1,128,,first_difference,validation,first_order_response,51,0.009893133850155871,0.012653091022594534
seed-104729__h-1__c-128__tol-na__first_difference,104729,1,128,,first_difference,validation,second_order_response,51,0.01063316928071279,0.013091081062055433
seed-104729__h-1__c-128__tol-na__first_difference,104729,1,128,,first_difference,validation,regime_change,51,0.03619963277516196,0.040637097762544774
seed-104729__h-1__c-128__tol-na__first_difference,104729,1,128,,first_difference,test,sine,51,0.018129334429309862,0.022075517995714132
seed-104729__h-1__c-128__tol-na__first_difference,104729,1,128,,first_difference,test,chirp,51,0.031023567447550325,0.03690169647173633
seed-104729__h-1__c-128__tol-na__first_difference,104729,1,128,,first_difference,test,ramp,51,0.010110061026455142,0.013109214866546455
seed-104729__h-1__c-128__tol-na__first_difference,104729,1,128,,first_difference,test,piecewise_linear,51,0.012744949487490892,0.015764059364409735
seed-104729__h-1__c-128__tol-na__first_difference,104729,1,128,,first_difference,test,first_order_response,51,0.009098930780804936,0.011351137994460154
seed-104729__h-1__c-128__tol-na__first_difference,104729,1,128,,first_difference,test,second_order_response,51,0.012144329491647718,0.01644920464505802
seed-104729__h-1__c-128__tol-na__first_difference,104729,1,128,,first_difference,test,regime_change,51,0.03617773444912192,0.041192739216480825
seed-104729__h-1__c-128__tol-0p01__vectorchain,104729,1,128,0.01,vectorchain,validation,sine,51,0.015565914577721487,0.018683009864688162
seed-104729__h-1__c-128__tol-0p01__vectorchain,104729,1,128,0.01,vectorchain,validation,chirp,51,0.024233843481136462,0.028188489096589883
seed-104729__h-1__c-128__tol-0p01__vectorchain,104729,1,128,0.01,vectorchain,validation,ramp,51,0.01241142012185399,0.014570948497966217
seed-104729__h-1__c-128__tol-0p01__vectorchain,104729,1,128,0.01,vectorchain,validation,piecewise_linear,51,0.012809723484326775,0.015440623451626528
seed-104729__h-1__c-128__tol-0p01__vectorchain,104729,1,128,0.01,vectorchain,validation,first_order_response,51,0.009886932010170725,0.0122340617591908
seed-104729__h-1__c-128__tol-0p01__vectorchain,104729,1,128,0.01,vectorchain,validation,second_order_response,51,0.010342252826422923,0.012925075930557747
seed-104729__h-1__c-128__tol-0p01__vectorchain,104729,1,128,0.01,vectorchain,validation,regime_change,51,0.036805849657180825,0.04278615701411593
seed-104729__h-1__c-128__tol-0p01__vectorchain,104729,1,128,0.01,vectorchain,test,sine,51,0.01469776196044382,0.018771971338470844
seed-104729__h-1__c-128__tol-0p01__vectorchain,104729,1,128,0.01,vectorchain,test,chirp,51,0.027239463021061075,0.03430866600409649
seed-104729__h-1__c-128__tol-0p01__vectorchain,104729,1,128,0.01,vectorchain,test,ramp,51,0.009743812715756164,0.01310540941634581
seed-104729__h-1__c-128__tol-0p01__vectorchain,104729,1,128,0.01,vectorchain,test,piecewise_linear,51,0.012046376350433055,0.014598033529353197
seed-104729__h-1__c-128__tol-0p01__vectorchain,104729,1,128,0.01,vectorchain,test,first_order_response,51,0.011605358723312115,0.014941872487326589
seed-104729__h-1__c-128__tol-0p01__vectorchain,104729,1,128,0.01,vectorchain,test,second_order_response,51,0.015260596984674874,0.01894661374802666
seed-104729__h-1__c-128__tol-0p01__vectorchain,104729,1,128,0.01,vectorchain,test,regime_change,51,0.03355974821336314,0.0382781177642248
seed-104729__h-1__c-128__tol-0p03__vectorchain,104729,1,128,0.03,vectorchain,validation,sine,51,0.013089081585803507,0.01662920929044635
seed-104729__h-1__c-128__tol-0p03__vectorchain,104729,1,128,0.03,vectorchain,validation,chirp,51,0.021329510465771914,0.02497021135451631
seed-104729__h-1__c-128__tol-0p03__vectorchain,104729,1,128,0.03,vectorchain,validation,ramp,51,0.012169718252274699,0.014498677529499128
seed-104729__h-1__c-128__tol-0p03__vectorchain,104729,1,128,0.03,vectorchain,validation,piecewise_linear,51,0.012271731398176814,0.015150160930625938
seed-104729__h-1__c-128__tol-0p03__vectorchain,104729,1,128,0.03,vectorchain,validation,first_order_response,51,0.009957065968950135,0.012749212824742189
seed-104729__h-1__c-128__tol-0p03__vectorchain,104729,1,128,0.03,vectorchain,validation,second_order_response,51,0.010468751807853399,0.013099876639408477
seed-104729__h-1__c-128__tol-0p03__vectorchain,104729,1,128,0.03,vectorchain,validation,regime_change,51,0.031788041379275,0.03595201630011649
seed-104729__h-1__c-128__tol-0p03__vectorchain,104729,1,128,0.03,vectorchain,test,sine,51,0.014201203985908467,0.01720278337014485
seed-104729__h-1__c-128__tol-0p03__vectorchain,104729,1,128,0.03,vectorchain,test,chirp,51,0.02522914774952949,0.03040742098634654
seed-104729__h-1__c-128__tol-0p03__vectorchain,104729,1,128,0.03,vectorchain,test,ramp,51,0.01056506451179831,0.013949586077675397
seed-104729__h-1__c-128__tol-0p03__vectorchain,104729,1,128,0.03,vectorchain,test,piecewise_linear,51,0.013375480954484398,0.016536273518966714
seed-104729__h-1__c-128__tol-0p03__vectorchain,104729,1,128,0.03,vectorchain,test,first_order_response,51,0.008896878855429497,0.01114530887648963
seed-104729__h-1__c-128__tol-0p03__vectorchain,104729,1,128,0.03,vectorchain,test,second_order_response,51,0.01184978938775682,0.016054173422261696
seed-104729__h-1__c-128__tol-0p03__vectorchain,104729,1,128,0.03,vectorchain,test,regime_change,51,0.032043298177024504,0.03715261429685212
seed-104729__h-1__c-128__tol-0p1__vectorchain,104729,1,128,0.1,vectorchain,validation,sine,51,0.012270030894687796,0.015725746154513807
seed-104729__h-1__c-128__tol-0p1__vectorchain,104729,1,128,0.1,vectorchain,validation,chirp,51,0.012096187298794586,0.015515118296063809
seed-104729__h-1__c-128__tol-0p1__vectorchain,104729,1,128,0.1,vectorchain,validation,ramp,51,0.012023990130305284,0.014091650149293882
seed-104729__h-1__c-128__tol-0p1__vectorchain,104729,1,128,0.1,vectorchain,validation,piecewise_linear,51,0.012957221143812883,0.015360531694933672
seed-104729__h-1__c-128__tol-0p1__vectorchain,104729,1,128,0.1,vectorchain,validation,first_order_response,51,0.010049111142638125,0.012762985993678394
seed-104729__h-1__c-128__tol-0p1__vectorchain,104729,1,128,0.1,vectorchain,validation,second_order_response,51,0.010779490342324328,0.0134876507111522
seed-104729__h-1__c-128__tol-0p1__vectorchain,104729,1,128,0.1,vectorchain,validation,regime_change,51,0.015241670414482815,0.017832530398027305
seed-104729__h-1__c-128__tol-0p1__vectorchain,104729,1,128,0.1,vectorchain,test,sine,51,0.011295673252849702,0.014426238520275074
seed-104729__h-1__c-128__tol-0p1__vectorchain,104729,1,128,0.1,vectorchain,test,chirp,51,0.015168716456385732,0.019602652811361507
seed-104729__h-1__c-128__tol-0p1__vectorchain,104729,1,128,0.1,vectorchain,test,ramp,51,0.010299631501293887,0.013351041589822662
seed-104729__h-1__c-128__tol-0p1__vectorchain,104729,1,128,0.1,vectorchain,test,piecewise_linear,51,0.012834485811819082,0.015914841850029327
seed-104729__h-1__c-128__tol-0p1__vectorchain,104729,1,128,0.1,vectorchain,test,first_order_response,51,0.009152414800689512,0.011435726156894668
seed-104729__h-1__c-128__tol-0p1__vectorchain,104729,1,128,0.1,vectorchain,test,second_order_response,51,0.012422354655744525,0.016827422691141274
seed-104729__h-1__c-128__tol-0p1__vectorchain,104729,1,128,0.1,vectorchain,test,regime_change,51,0.01625098841949134,0.02054166838627646
seed-104729__h-4__c-128__tol-na__raw,104729,4,128,,raw,validation,sine,51,0.018842929346615942,0.022975005168654448
seed-104729__h-4__c-128__tol-na__raw,104729,4,128,,raw,validation,chirp,51,0.09408049284866771,0.10645379181777075
seed-104729__h-4__c-128__tol-na__raw,104729,4,128,,raw,validation,ramp,51,0.01227288722316873,0.01548366137065601
seed-104729__h-4__c-128__tol-na__raw,104729,4,128,,raw,validation,piecewise_linear,51,0.011225927937795841,0.01412951812440632
seed-104729__h-4__c-128__tol-na__raw,104729,4,128,,raw,validation,first_order_response,51,0.01759819355348427,0.020666575629350512
seed-104729__h-4__c-128__tol-na__raw,104729,4,128,,raw,validation,second_order_response,51,0.020361828899139522,0.02399706025457588
seed-104729__h-4__c-128__tol-na__raw,104729,4,128,,raw,validation,regime_change,51,0.1384296226754036,0.1574952181429199
seed-104729__h-4__c-128__tol-na__raw,104729,4,128,,raw,test,sine,52,0.021657888656221976,0.025676943400386266
seed-104729__h-4__c-128__tol-na__raw,104729,4,128,,raw,test,chirp,52,0.11491410835848084,0.13053706331794462
seed-104729__h-4__c-128__tol-na__raw,104729,4,128,,raw,test,ramp,52,0.01267899929549976,0.01544211940971571
seed-104729__h-4__c-128__tol-na__raw,104729,4,128,,raw,test,piecewise_linear,52,0.013340496488186611,0.016718774273552648
seed-104729__h-4__c-128__tol-na__raw,104729,4,128,,raw,test,first_order_response,52,0.014033397883342754,0.01704223532756526
seed-104729__h-4__c-128__tol-na__raw,104729,4,128,,raw,test,second_order_response,52,0.017136638540796147,0.02117814393090979
seed-104729__h-4__c-128__tol-na__raw,104729,4,128,,raw,test,regime_change,52,0.13404291153131823,0.15197801911869455
seed-104729__h-4__c-128__tol-na__first_difference,104729,4,128,,first_difference,validation,sine,51,0.040817840521951275,0.04845806584909535
seed-104729__h-4__c-128__tol-na__first_difference,104729,4,128,,first_difference,validation,chirp,51,0.08933943540364918,0.09989454036493428
seed-104729__h-4__c-128__tol-na__first_difference,104729,4,128,,first_difference,validation,ramp,51,0.018652011555986437,0.023177586013439163
seed-104729__h-4__c-128__tol-na__first_difference,104729,4,128,,first_difference,validation,piecewise_linear,51,0.015485024321793694,0.02065484116417884
seed-104729__h-4__c-128__tol-na__first_difference,104729,4,128,,first_difference,validation,first_order_response,51,0.02006516268589583,0.026119517740683405
seed-104729__h-4__c-128__tol-na__first_difference,104729,4,128,,first_difference,validation,second_order_response,51,0.01736732986551278,0.02284649467028584
seed-104729__h-4__c-128__tol-na__first_difference,104729,4,128,,first_difference,validation,regime_change,51,0.11377107920320768,0.13022702716204776
seed-104729__h-4__c-128__tol-na__first_difference,104729,4,128,,first_difference,test,sine,52,0.04104839296293964,0.04803029963259615
seed-104729__h-4__c-128__tol-na__first_difference,104729,4,128,,first_difference,test,chirp,52,0.0980137115600853,0.11297956767366005
seed-104729__h-4__c-128__tol-na__first_difference,104729,4,128,,first_difference,test,ramp,52,0.01682319819553158,0.02167192482989658
seed-104729__h-4__c-128__tol-na__first_difference,104729,4,128,,first_difference,test,piecewise_linear,52,0.020693553486689963,0.02615291301588001
seed-104729__h-4__c-128__tol-na__first_difference,104729,4,128,,first_difference,test,first_order_response,52,0.01537284009297064,0.02005473254830028
seed-104729__h-4__c-128__tol-na__first_difference,104729,4,128,,first_difference,test,second_order_response,52,0.01995506341199266,0.025832360796705246
seed-104729__h-4__c-128__tol-na__first_difference,104729,4,128,,first_difference,test,regime_change,52,0.10177134582091697,0.11717445952216801
seed-104729__h-4__c-128__tol-0p01__vectorchain,104729,4,128,0.01,vectorchain,validation,sine,51,0.029070918483223327,0.03676578390623298
seed-104729__h-4__c-128__tol-0p01__vectorchain,104729,4,128,0.01,vectorchain,validation,chirp,51,0.06536810715330066,0.07445071649185295
seed-104729__h-4__c-128__tol-0p01__vectorchain,104729,4,128,0.01,vectorchain,validation,ramp,51,0.016896641095862235,0.021865077209349014
seed-104729__h-4__c-128__tol-0p01__vectorchain,104729,4,128,0.01,vectorchain,validation,piecewise_linear,51,0.015398503328469126,0.018985328079852735
seed-104729__h-4__c-128__tol-0p01__vectorchain,104729,4,128,0.01,vectorchain,validation,first_order_response,51,0.02045837087438102,0.025661499579543202
seed-104729__h-4__c-128__tol-0p01__vectorchain,104729,4,128,0.01,vectorchain,validation,second_order_response,51,0.01657625529279513,0.0210617854797688
seed-104729__h-4__c-128__tol-0p01__vectorchain,104729,4,128,0.01,vectorchain,validation,regime_change,51,0.10794460315317685,0.12866750566825344
seed-104729__h-4__c-128__tol-0p01__vectorchain,104729,4,128,0.01,vectorchain,test,sine,52,0.023556445803198177,0.030117301625825228
seed-104729__h-4__c-128__tol-0p01__vectorchain,104729,4,128,0.01,vectorchain,test,chirp,52,0.08840761192819187,0.1044174295610767
seed-104729__h-4__c-128__tol-0p01__vectorchain,104729,4,128,0.01,vectorchain,test,ramp,52,0.01332775282128724,0.017398605499093445
seed-104729__h-4__c-128__tol-0p01__vectorchain,104729,4,128,0.01,vectorchain,test,piecewise_linear,52,0.01607239449144466,0.020102459499967827
seed-104729__h-4__c-128__tol-0p01__vectorchain,104729,4,128,0.01,vectorchain,test,first_order_response,52,0.023055876295036474,0.0284158678246529
seed-104729__h-4__c-128__tol-0p01__vectorchain,104729,4,128,0.01,vectorchain,test,second_order_response,52,0.021231782898201525,0.026733164503094414
seed-104729__h-4__c-128__tol-0p01__vectorchain,104729,4,128,0.01,vectorchain,test,regime_change,52,0.09065841107052666,0.10568511225791875
seed-104729__h-4__c-128__tol-0p03__vectorchain,104729,4,128,0.03,vectorchain,validation,sine,51,0.027889034484965724,0.03452252910132098
seed-104729__h-4__c-128__tol-0p03__vectorchain,104729,4,128,0.03,vectorchain,validation,chirp,51,0.061736345435915684,0.07017126447962205
seed-104729__h-4__c-128__tol-0p03__vectorchain,104729,4,128,0.03,vectorchain,validation,ramp,51,0.015211153755166889,0.0204836644244611
seed-104729__h-4__c-128__tol-0p03__vectorchain,104729,4,128,0.03,vectorchain,validation,piecewise_linear,51,0.013070773378930407,0.016314276837550094
seed-104729__h-4__c-128__tol-0p03__vectorchain,104729,4,128,0.03,vectorchain,validation,first_order_response,51,0.01789005066620692,0.023327652521290987
seed-104729__h-4__c-128__tol-0p03__vectorchain,104729,4,128,0.03,vectorchain,validation,second_order_response,51,0.015021314985239004,0.02075677162858937
seed-104729__h-4__c-128__tol-0p03__vectorchain,104729,4,128,0.03,vectorchain,validation,regime_change,51,0.0952853265848168,0.11055630856321345
seed-104729__h-4__c-128__tol-0p03__vectorchain,104729,4,128,0.03,vectorchain,test,sine,52,0.022025012209320263,0.026737088515605755
seed-104729__h-4__c-128__tol-0p03__vectorchain,104729,4,128,0.03,vectorchain,test,chirp,52,0.07538424154451139,0.0873013878975617
seed-104729__h-4__c-128__tol-0p03__vectorchain,104729,4,128,0.03,vectorchain,test,ramp,52,0.013290099796685299,0.01716508720800742
seed-104729__h-4__c-128__tol-0p03__vectorchain,104729,4,128,0.03,vectorchain,test,piecewise_linear,52,0.015815916665354004,0.02073627764942794
seed-104729__h-4__c-128__tol-0p03__vectorchain,104729,4,128,0.03,vectorchain,test,first_order_response,52,0.012113766916403736,0.015806153348670707
seed-104729__h-4__c-128__tol-0p03__vectorchain,104729,4,128,0.03,vectorchain,test,second_order_response,52,0.014844852143665656,0.018803448081536087
seed-104729__h-4__c-128__tol-0p03__vectorchain,104729,4,128,0.03,vectorchain,test,regime_change,52,0.0865948506009154,0.10170657645839139
seed-104729__h-4__c-128__tol-0p1__vectorchain,104729,4,128,0.1,vectorchain,validation,sine,51,0.016028471694503436,0.0212735611562974
seed-104729__h-4__c-128__tol-0p1__vectorchain,104729,4,128,0.1,vectorchain,validation,chirp,51,0.03268258130499835,0.04043512588869347
seed-104729__h-4__c-128__tol-0p1__vectorchain,104729,4,128,0.1,vectorchain,validation,ramp,51,0.01213821623355307,0.015356397160660736
seed-104729__h-4__c-128__tol-0p1__vectorchain,104729,4,128,0.1,vectorchain,validation,piecewise_linear,51,0.010805936464712387,0.015312417248168411
seed-104729__h-4__c-128__tol-0p1__vectorchain,104729,4,128,0.1,vectorchain,validation,first_order_response,51,0.013556704666160728,0.016841374030138623
seed-104729__h-4__c-128__tol-0p1__vectorchain,104729,4,128,0.1,vectorchain,validation,second_order_response,51,0.013294252436069045,0.016709317514465093
seed-104729__h-4__c-128__tol-0p1__vectorchain,104729,4,128,0.1,vectorchain,validation,regime_change,51,0.059848264674265225,0.0731600791411883
seed-104729__h-4__c-128__tol-0p1__vectorchain,104729,4,128,0.1,vectorchain,test,sine,52,0.014474532931571405,0.019450467601376174
seed-104729__h-4__c-128__tol-0p1__vectorchain,104729,4,128,0.1,vectorchain,test,chirp,52,0.05781367813450299,0.06871689154981955
seed-104729__h-4__c-128__tol-0p1__vectorchain,104729,4,128,0.1,vectorchain,test,ramp,52,0.009779658088298894,0.012070144086252146
seed-104729__h-4__c-128__tol-0p1__vectorchain,104729,4,128,0.1,vectorchain,test,piecewise_linear,52,0.01256192714611797,0.015974638281009753
seed-104729__h-4__c-128__tol-0p1__vectorchain,104729,4,128,0.1,vectorchain,test,first_order_response,52,0.008924571678119395,0.01188430803711592
seed-104729__h-4__c-128__tol-0p1__vectorchain,104729,4,128,0.1,vectorchain,test,second_order_response,52,0.012775306008046269,0.016212611744321353
seed-104729__h-4__c-128__tol-0p1__vectorchain,104729,4,128,0.1,vectorchain,test,regime_change,52,0.06430374511264679,0.07548280652787911
seed-104729__h-16__c-128__tol-na__raw,104729,16,128,,raw,validation,sine,51,0.0695432654912321,0.07695807624397777
seed-104729__h-16__c-128__tol-na__raw,104729,16,128,,raw,validation,chirp,51,0.38445545598970865,0.43598620669082044
seed-104729__h-16__c-128__tol-na__raw,104729,16,128,,raw,validation,ramp,51,0.01465236594496837,0.018164971779608532
seed-104729__h-16__c-128__tol-na__raw,104729,16,128,,raw,validation,piecewise_linear,51,0.032101648154316355,0.04130139962847128
seed-104729__h-16__c-128__tol-na__raw,104729,16,128,,raw,validation,first_order_response,51,0.04842855439016794,0.05102662280262257
seed-104729__h-16__c-128__tol-na__raw,104729,16,128,,raw,validation,second_order_response,51,0.07833413820127609,0.08092464503475907
seed-104729__h-16__c-128__tol-na__raw,104729,16,128,,raw,validation,regime_change,51,0.5643069146965491,0.6439054793926222
seed-104729__h-16__c-128__tol-na__raw,104729,16,128,,raw,test,sine,52,0.09778564491647142,0.10772330036586915
seed-104729__h-16__c-128__tol-na__raw,104729,16,128,,raw,test,chirp,52,0.4700818102890944,0.531809029301446
seed-104729__h-16__c-128__tol-na__raw,104729,16,128,,raw,test,ramp,52,0.03752771181119389,0.04141785884491079
seed-104729__h-16__c-128__tol-na__raw,104729,16,128,,raw,test,piecewise_linear,52,0.02461730832997896,0.0299715365675737
seed-104729__h-16__c-128__tol-na__raw,104729,16,128,,raw,test,first_order_response,52,0.04790676149268546,0.049284130422581236
seed-104729__h-16__c-128__tol-na__raw,104729,16,128,,raw,test,second_order_response,52,0.05834161908733045,0.06128774862652872
seed-104729__h-16__c-128__tol-na__raw,104729,16,128,,raw,test,regime_change,52,0.5195415387012616,0.5908938523133502
seed-104729__h-16__c-128__tol-na__first_difference,104729,16,128,,first_difference,validation,sine,51,0.14479150612751715,0.1697948167114443
seed-104729__h-16__c-128__tol-na__first_difference,104729,16,128,,first_difference,validation,chirp,51,0.3277655965609753,0.3657708424876682
seed-104729__h-16__c-128__tol-na__first_difference,104729,16,128,,first_difference,validation,ramp,51,0.05428506638026409,0.06841086631217153
seed-104729__h-16__c-128__tol-na__first_difference,104729,16,128,,first_difference,validation,piecewise_linear,51,0.0603394055999083,0.07609686872807113
seed-104729__h-16__c-128__tol-na__first_difference,104729,16,128,,first_difference,validation,first_order_response,51,0.059143320648430545,0.07907232864942676
seed-104729__h-16__c-128__tol-na__first_difference,104729,16,128,,first_difference,validation,second_order_response,51,0.05390351677081501,0.07274021202333537
seed-104729__h-16__c-128__tol-na__first_difference,104729,16,128,,first_difference,validation,regime_change,51,0.43844573478498466,0.5143242771760298
seed-104729__h-16__c-128__tol-na__first_difference,104729,16,128,,first_difference,test,sine,52,0.15562025933107443,0.18185749283140062
seed-104729__h-16__c-128__tol-na__first_difference,104729,16,128,,first_difference,test,chirp,52,0.3518709691139765,0.4111877148211691
seed-104729__h-16__c-128__tol-na__first_difference,104729,16,128,,first_difference,test,ramp,52,0.05730879660500781,0.06728730596603627
seed-104729__h-16__c-128__tol-na__first_difference,104729,16,128,,first_difference,test,piecewise_linear,52,0.06407032735194748,0.08268121687691378
seed-104729__h-16__c-128__tol-na__first_difference,104729,16,128,,first_difference,test,first_order_response,52,0.04854616780812764,0.06449088110069065
seed-104729__h-16__c-128__tol-na__first_difference,104729,16,128,,first_difference,test,second_order_response,52,0.06030319525997203,0.07951710063570097
seed-104729__h-16__c-128__tol-na__first_difference,104729,16,128,,first_difference,test,regime_change,52,0.36526203208844266,0.43618907574507493
seed-104729__h-16__c-128__tol-0p01__vectorchain,104729,16,128,0.01,vectorchain,validation,sine,51,0.10334935942665684,0.13048407611307591
seed-104729__h-16__c-128__tol-0p01__vectorchain,104729,16,128,0.01,vectorchain,validation,chirp,51,0.2337192189700648,0.27121624418858753
seed-104729__h-16__c-128__tol-0p01__vectorchain,104729,16,128,0.01,vectorchain,validation,ramp,51,0.04785379480505695,0.061874181003862806
seed-104729__h-16__c-128__tol-0p01__vectorchain,104729,16,128,0.01,vectorchain,validation,piecewise_linear,51,0.046526686209541125,0.060245397678072715
seed-104729__h-16__c-128__tol-0p01__vectorchain,104729,16,128,0.01,vectorchain,validation,first_order_response,51,0.05890696322693767,0.07521564802505777
seed-104729__h-16__c-128__tol-0p01__vectorchain,104729,16,128,0.01,vectorchain,validation,second_order_response,51,0.054331468499238846,0.06862636445831781
seed-104729__h-16__c-128__tol-0p01__vectorchain,104729,16,128,0.01,vectorchain,validation,regime_change,51,0.3946537321901051,0.4697278120365008
seed-104729__h-16__c-128__tol-0p01__vectorchain,104729,16,128,0.01,vectorchain,test,sine,52,0.07918696082839327,0.10562939026743379
seed-104729__h-16__c-128__tol-0p01__vectorchain,104729,16,128,0.01,vectorchain,test,chirp,52,0.317009177363868,0.3738432780535959
seed-104729__h-16__c-128__tol-0p01__vectorchain,104729,16,128,0.01,vectorchain,test,ramp,52,0.04169049294843307,0.0528267772622259
seed-104729__h-16__c-128__tol-0p01__vectorchain,104729,16,128,0.01,vectorchain,test,piecewise_linear,52,0.04380745702279721,0.05759329148010558
seed-104729__h-16__c-128__tol-0p01__vectorchain,104729,16,128,0.01,vectorchain,test,first_order_response,52,0.09879786862621612,0.11663628689299559
seed-104729__h-16__c-128__tol-0p01__vectorchain,104729,16,128,0.01,vectorchain,test,second_order_response,52,0.06673152151540454,0.0846621633094969
seed-104729__h-16__c-128__tol-0p01__vectorchain,104729,16,128,0.01,vectorchain,test,regime_change,52,0.35794286840872763,0.3969672620063168
seed-104729__h-16__c-128__tol-0p03__vectorchain,104729,16,128,0.03,vectorchain,validation,sine,51,0.08946436568448626,0.10621024133163412
seed-104729__h-16__c-128__tol-0p03__vectorchain,104729,16,128,0.03,vectorchain,validation,chirp,51,0.2515583045777323,0.28420637076212696
seed-104729__h-16__c-128__tol-0p03__vectorchain,104729,16,128,0.03,vectorchain,validation,ramp,51,0.03452861988341032,0.053502635869413534
seed-104729__h-16__c-128__tol-0p03__vectorchain,104729,16,128,0.03,vectorchain,validation,piecewise_linear,51,0.0325910863762951,0.043183712407814184
seed-104729__h-16__c-128__tol-0p03__vectorchain,104729,16,128,0.03,vectorchain,validation,first_order_response,51,0.04046365230285164,0.06151601611397253
seed-104729__h-16__c-128__tol-0p03__vectorchain,104729,16,128,0.03,vectorchain,validation,second_order_response,51,0.03925852993657306,0.06178623287778981
seed-104729__h-16__c-128__tol-0p03__vectorchain,104729,16,128,0.03,vectorchain,validation,regime_change,51,0.38362680203922567,0.449021377071582
seed-104729__h-16__c-128__tol-0p03__vectorchain,104729,16,128,0.03,vectorchain,test,sine,52,0.08536548579413851,0.0985154698143803
seed-104729__h-16__c-128__tol-0p03__vectorchain,104729,16,128,0.03,vectorchain,test,chirp,52,0.3077373652826973,0.3567931156864991
seed-104729__h-16__c-128__tol-0p03__vectorchain,104729,16,128,0.03,vectorchain,test,ramp,52,0.023595928243127264,0.034772294601500955
seed-104729__h-16__c-128__tol-0p03__vectorchain,104729,16,128,0.03,vectorchain,test,piecewise_linear,52,0.0403837316052761,0.06031758670881666
seed-104729__h-16__c-128__tol-0p03__vectorchain,104729,16,128,0.03,vectorchain,test,first_order_response,52,0.025431921331142308,0.04441340319167838
seed-104729__h-16__c-128__tol-0p03__vectorchain,104729,16,128,0.03,vectorchain,test,second_order_response,52,0.02963874255556233,0.041216408984306126
seed-104729__h-16__c-128__tol-0p03__vectorchain,104729,16,128,0.03,vectorchain,test,regime_change,52,0.35490592104164337,0.4086002138465399
seed-104729__h-16__c-128__tol-0p1__vectorchain,104729,16,128,0.1,vectorchain,validation,sine,51,0.03914809091450812,0.05612845134556504
seed-104729__h-16__c-128__tol-0p1__vectorchain,104729,16,128,0.1,vectorchain,validation,chirp,51,0.19926005784129708,0.23604085671635872
seed-104729__h-16__c-128__tol-0p1__vectorchain,104729,16,128,0.1,vectorchain,validation,ramp,51,0.01236586701268772,0.014780017330915732
seed-104729__h-16__c-128__tol-0p1__vectorchain,104729,16,128,0.1,vectorchain,validation,piecewise_linear,51,0.029004691718464377,0.04482184216556505
seed-104729__h-16__c-128__tol-0p1__vectorchain,104729,16,128,0.1,vectorchain,validation,first_order_response,51,0.013056118144487348,0.016383277136948152
seed-104729__h-16__c-128__tol-0p1__vectorchain,104729,16,128,0.1,vectorchain,validation,second_order_response,51,0.024018038466049944,0.03269928306550117
seed-104729__h-16__c-128__tol-0p1__vectorchain,104729,16,128,0.1,vectorchain,validation,regime_change,51,0.3388197213023821,0.3993170746320115
seed-104729__h-16__c-128__tol-0p1__vectorchain,104729,16,128,0.1,vectorchain,test,sine,52,0.03767199249753148,0.05816389528046574
seed-104729__h-16__c-128__tol-0p1__vectorchain,104729,16,128,0.1,vectorchain,test,chirp,52,0.35042164685578986,0.4002759571642786
seed-104729__h-16__c-128__tol-0p1__vectorchain,104729,16,128,0.1,vectorchain,test,ramp,52,0.010951890682320466,0.013857887145888363
seed-104729__h-16__c-128__tol-0p1__vectorchain,104729,16,128,0.1,vectorchain,test,piecewise_linear,52,0.017682999181532197,0.021967112181010016
seed-104729__h-16__c-128__tol-0p1__vectorchain,104729,16,128,0.1,vectorchain,test,first_order_response,52,0.008581309273552199,0.01170253113186047
seed-104729__h-16__c-128__tol-0p1__vectorchain,104729,16,128,0.1,vectorchain,test,second_order_response,52,0.020427352207644484,0.024876737479596452
seed-104729__h-16__c-128__tol-0p1__vectorchain,104729,16,128,0.1,vectorchain,test,regime_change,52,0.41002201055280013,0.46625427012325693
seed-8675309__h-1__c-32__tol-na__raw,8675309,1,32,,raw,validation,sine,51,0.011780977356797884,0.014507910992246069
seed-8675309__h-1__c-32__tol-na__raw,8675309,1,32,,raw,validation,chirp,51,0.013341705060642445,0.016701351814336407
seed-8675309__h-1__c-32__tol-na__raw,8675309,1,32,,raw,validation,ramp,51,0.01207725502288014,0.014931227022592749
seed-8675309__h-1__c-32__tol-na__raw,8675309,1,32,,raw,validation,piecewise_linear,51,0.01240001019168769,0.014274966682867119
seed-8675309__h-1__c-32__tol-na__raw,8675309,1,32,,raw,validation,first_order_response,51,0.011873736054885252,0.014697581669731705
seed-8675309__h-1__c-32__tol-na__raw,8675309,1,32,,raw,validation,second_order_response,51,0.011882355009342671,0.01525282386319319
seed-8675309__h-1__c-32__tol-na__raw,8675309,1,32,,raw,validation,regime_change,51,0.01810877943857939,0.022436256375504733
seed-8675309__h-1__c-32__tol-na__raw,8675309,1,32,,raw,test,sine,51,0.011698497537918122,0.014566909860684948
seed-8675309__h-1__c-32__tol-na__raw,8675309,1,32,,raw,test,chirp,51,0.01741711893427211,0.021509769575342553
seed-8675309__h-1__c-32__tol-na__raw,8675309,1,32,,raw,test,ramp,51,0.011614025950726647,0.014235156785607713
seed-8675309__h-1__c-32__tol-na__raw,8675309,1,32,,raw,test,piecewise_linear,51,0.012177487574947424,0.01473337026727333
seed-8675309__h-1__c-32__tol-na__raw,8675309,1,32,,raw,test,first_order_response,51,0.013958308678858255,0.016531742231350913
seed-8675309__h-1__c-32__tol-na__raw,8675309,1,32,,raw,test,second_order_response,51,0.01058146212706664,0.013194999213831183
seed-8675309__h-1__c-32__tol-na__raw,8675309,1,32,,raw,test,regime_change,51,0.018584234190272542,0.02320370459328885
seed-8675309__h-1__c-32__tol-na__first_difference,8675309,1,32,,first_difference,validation,sine,51,0.011337926483468977,0.013841835840030119
seed-8675309__h-1__c-32__tol-na__first_difference,8675309,1,32,,first_difference,validation,chirp,51,0.01809952899157869,0.02150850905465085
seed-8675309__h-1__c-32__tol-na__first_difference,8675309,1,32,,first_difference,validation,ramp,51,0.010686149824823236,0.01380853930848483
seed-8675309__h-1__c-32__tol-na__first_difference,8675309,1,32,,first_difference,validation,piecewise_linear,51,0.010364604365416485,0.012223486009421105
seed-8675309__h-1__c-32__tol-na__first_difference,8675309,1,32,,first_difference,validation,first_order_response,51,0.00946910081605974,0.012289450295904334
seed-8675309__h-1__c-32__tol-na__first_difference,8675309,1,32,,first_difference,validation,second_order_response,51,0.010151861952080296,0.01315577415038845
seed-8675309__h-1__c-32__tol-na__first_difference,8675309,1,32,,first_difference,validation,regime_change,51,0.03311535111993922,0.03727216624150627
seed-8675309__h-1__c-32__tol-na__first_difference,8675309,1,32,,first_difference,test,sine,51,0.0108047669272335,0.013745191423862449
seed-8675309__h-1__c-32__tol-na__first_difference,8675309,1,32,,first_difference,test,chirp,51,0.028464232375739716,0.033243558430163495
seed-8675309__h-1__c-32__tol-na__first_difference,8675309,1,32,,first_difference,test,ramp,51,0.010537594753546625,0.012951251773906613
seed-8675309__h-1__c-32__tol-na__first_difference,8675309,1,32,,first_difference,test,piecewise_linear,51,0.011047868223763135,0.013393737887155905
seed-8675309__h-1__c-32__tol-na__first_difference,8675309,1,32,,first_difference,test,first_order_response,51,0.011061235939353703,0.013366073245479936
seed-8675309__h-1__c-32__tol-na__first_difference,8675309,1,32,,first_difference,test,second_order_response,51,0.009895368546365808,0.01210420927688505
seed-8675309__h-1__c-32__tol-na__first_difference,8675309,1,32,,first_difference,test,regime_change,51,0.031192847603020074,0.03507072433765254
seed-8675309__h-1__c-32__tol-0p01__vectorchain,8675309,1,32,0.01,vectorchain,validation,sine,51,0.01241997860415394,0.014984052489490014
seed-8675309__h-1__c-32__tol-0p01__vectorchain,8675309,1,32,0.01,vectorchain,validation,chirp,51,0.018990362768435923,0.022943712877070192
seed-8675309__h-1__c-32__tol-0p01__vectorchain,8675309,1,32,0.01,vectorchain,validation,ramp,51,0.01045902269593411,0.013546846972753865
seed-8675309__h-1__c-32__tol-0p01__vectorchain,8675309,1,32,0.01,vectorchain,validation,piecewise_linear,51,0.010141387528304301,0.0120387921980514
seed-8675309__h-1__c-32__tol-0p01__vectorchain,8675309,1,32,0.01,vectorchain,validation,first_order_response,51,0.009130539191684765,0.011889112449317011
seed-8675309__h-1__c-32__tol-0p01__vectorchain,8675309,1,32,0.01,vectorchain,validation,second_order_response,51,0.010361790453176064,0.012835652418026465
seed-8675309__h-1__c-32__tol-0p01__vectorchain,8675309,1,32,0.01,vectorchain,validation,regime_change,51,0.03347252336997068,0.04118782683679417
seed-8675309__h-1__c-32__tol-0p01__vectorchain,8675309,1,32,0.01,vectorchain,test,sine,51,0.010694023097131149,0.013831754019000773
seed-8675309__h-1__c-32__tol-0p01__vectorchain,8675309,1,32,0.01,vectorchain,test,chirp,51,0.025742163559027895,0.03128804154711597
seed-8675309__h-1__c-32__tol-0p01__vectorchain,8675309,1,32,0.01,vectorchain,test,ramp,51,0.010748674210090625,0.013245035761153979
seed-8675309__h-1__c-32__tol-0p01__vectorchain,8675309,1,32,0.01,vectorchain,test,piecewise_linear,51,0.011131296616614782,0.013438261185733375
seed-8675309__h-1__c-32__tol-0p01__vectorchain,8675309,1,32,0.01,vectorchain,test,first_order_response,51,0.011619809028603564,0.01420239818319351
seed-8675309__h-1__c-32__tol-0p01__vectorchain,8675309,1,32,0.01,vectorchain,test,second_order_response,51,0.009997046352950236,0.012255368396705265
seed-8675309__h-1__c-32__tol-0p01__vectorchain,8675309,1,32,0.01,vectorchain,test,regime_change,51,0.032476851267492675,0.03941853471011391
seed-8675309__h-1__c-32__tol-0p03__vectorchain,8675309,1,32,0.03,vectorchain,validation,sine,51,0.015007703838755968,0.01887724962399807
seed-8675309__h-1__c-32__tol-0p03__vectorchain,8675309,1,32,0.03,vectorchain,validation,chirp,51,0.01961885142879485,0.02414187694054324
seed-8675309__h-1__c-32__tol-0p03__vectorchain,8675309,1,32,0.03,vectorchain,validation,ramp,51,0.011668472907901798,0.014348286851459087
seed-8675309__h-1__c-32__tol-0p03__vectorchain,8675309,1,32,0.03,vectorchain,validation,piecewise_linear,51,0.011407728913761149,0.013332103977372186
seed-8675309__h-1__c-32__tol-0p03__vectorchain,8675309,1,32,0.03,vectorchain,validation,first_order_response,51,0.01019634855103039,0.012852393178134254
seed-8675309__h-1__c-32__tol-0p03__vectorchain,8675309,1,32,0.03,vectorchain,validation,second_order_response,51,0.010053575295573216,0.012668062854590803
seed-8675309__h-1__c-32__tol-0p03__vectorchain,8675309,1,32,0.03,vectorchain,validation,regime_change,51,0.03310788811594106,0.041103373054597804
seed-8675309__h-1__c-32__tol-0p03__vectorchain,8675309,1,32,0.03,vectorchain,test,sine,51,0.011797975203982482,0.015043379463257118
seed-8675309__h-1__c-32__tol-0p03__vectorchain,8675309,1,32,0.03,vectorchain,test,chirp,51,0.0278479816549544,0.03397999331276174
seed-8675309__h-1__c-32__tol-0p03__vectorchain,8675309,1,32,0.03,vectorchain,test,ramp,51,0.010844455352296646,0.013513533759232893
seed-8675309__h-1__c-32__tol-0p03__vectorchain,8675309,1,32,0.03,vectorchain,test,piecewise_linear,51,0.01251884438703007,0.014812951926662992
seed-8675309__h-1__c-32__tol-0p03__vectorchain,8675309,1,32,0.03,vectorchain,test,first_order_response,51,0.013127289953942462,0.01571541493978963
seed-8675309__h-1__c-32__tol-0p03__vectorchain,8675309,1,32,0.03,vectorchain,test,second_order_response,51,0.011118533604803348,0.01390954217574369
seed-8675309__h-1__c-32__tol-0p03__vectorchain,8675309,1,32,0.03,vectorchain,test,regime_change,51,0.03449942021132718,0.04065812586327782
seed-8675309__h-1__c-32__tol-0p1__vectorchain,8675309,1,32,0.1,vectorchain,validation,sine,51,0.012152200661626446,0.014900006179937305
seed-8675309__h-1__c-32__tol-0p1__vectorchain,8675309,1,32,0.1,vectorchain,validation,chirp,51,0.01923010026839281,0.02446445648734756
seed-8675309__h-1__c-32__tol-0p1__vectorchain,8675309,1,32,0.1,vectorchain,validation,ramp,51,0.012000296883958858,0.014843798996016705
seed-8675309__h-1__c-32__tol-0p1__vectorchain,8675309,1,32,0.1,vectorchain,validation,piecewise_linear,51,0.012240381451587297,0.014099285226904052
seed-8675309__h-1__c-32__tol-0p1__vectorchain,8675309,1,32,0.1,vectorchain,validation,first_order_response,51,0.011653211456418674,0.014673934489907281
seed-8675309__h-1__c-32__tol-0p1__vectorchain,8675309,1,32,0.1,vectorchain,validation,second_order_response,51,0.011649947264770932,0.014920386202623563
seed-8675309__h-1__c-32__tol-0p1__vectorchain,8675309,1,32,0.1,vectorchain,validation,regime_change,51,0.01818493377994339,0.022052001100119404
seed-8675309__h-1__c-32__tol-0p1__vectorchain,8675309,1,32,0.1,vectorchain,test,sine,51,0.011038260447914863,0.014284469178172608
seed-8675309__h-1__c-32__tol-0p1__vectorchain,8675309,1,32,0.1,vectorchain,test,chirp,51,0.014058599561109325,0.017829006040095484
seed-8675309__h-1__c-32__tol-0p1__vectorchain,8675309,1,32,0.1,vectorchain,test,ramp,51,0.011382820530872658,0.014010012521899743
seed-8675309__h-1__c-32__tol-0p1__vectorchain,8675309,1,32,0.1,vectorchain,test,piecewise_linear,51,0.012163456461879054,0.014675327137427417
seed-8675309__h-1__c-32__tol-0p1__vectorchain,8675309,1,32,0.1,vectorchain,test,first_order_response,51,0.01371556535115308,0.01628047388921801
seed-8675309__h-1__c-32__tol-0p1__vectorchain,8675309,1,32,0.1,vectorchain,test,second_order_response,51,0.010509248627232305,0.013153013786310414
seed-8675309__h-1__c-32__tol-0p1__vectorchain,8675309,1,32,0.1,vectorchain,test,regime_change,51,0.016575699986460326,0.020407914795461578
seed-8675309__h-4__c-32__tol-na__raw,8675309,4,32,,raw,validation,sine,51,0.015266129177831055,0.01929647471038222
seed-8675309__h-4__c-32__tol-na__raw,8675309,4,32,,raw,validation,chirp,51,0.03523352760504828,0.04059263667432109
seed-8675309__h-4__c-32__tol-na__raw,8675309,4,32,,raw,validation,ramp,51,0.013300471214334982,0.01571035047076018
seed-8675309__h-4__c-32__tol-na__raw,8675309,4,32,,raw,validation,piecewise_linear,51,0.012220443483657506,0.015567182964628655
seed-8675309__h-4__c-32__tol-na__raw,8675309,4,32,,raw,validation,first_order_response,51,0.017186753450590682,0.020155144082672594
seed-8675309__h-4__c-32__tol-na__raw,8675309,4,32,,raw,validation,second_order_response,51,0.015251658261952019,0.018259681277021666
seed-8675309__h-4__c-32__tol-na__raw,8675309,4,32,,raw,validation,regime_change,51,0.06826904259631311,0.07564230301767091
seed-8675309__h-4__c-32__tol-na__raw,8675309,4,32,,raw,test,sine,52,0.015315852117670715,0.018056597419200165
seed-8675309__h-4__c-32__tol-na__raw,8675309,4,32,,raw,test,chirp,52,0.05277782421080242,0.06079751734800996
seed-8675309__h-4__c-32__tol-na__raw,8675309,4,32,,raw,test,ramp,52,0.014333022249037881,0.01771961438779756
seed-8675309__h-4__c-32__tol-na__raw,8675309,4,32,,raw,test,piecewise_linear,52,0.012892735193121528,0.015554730426021348
seed-8675309__h-4__c-32__tol-na__raw,8675309,4,32,,raw,test,first_order_response,52,0.016436738784932608,0.02080240190410321
seed-8675309__h-4__c-32__tol-na__raw,8675309,4,32,,raw,test,second_order_response,52,0.014839647609557237,0.01790272311352401
seed-8675309__h-4__c-32__tol-na__raw,8675309,4,32,,raw,test,regime_change,52,0.06872245282474763,0.07752543673302446
seed-8675309__h-4__c-32__tol-na__first_difference,8675309,4,32,,first_difference,validation,sine,51,0.02011537960164508,0.024503765932413032
seed-8675309__h-4__c-32__tol-na__first_difference,8675309,4,32,,first_difference,validation,chirp,51,0.05804776729093627,0.06490890582413666
seed-8675309__h-4__c-32__tol-na__first_difference,8675309,4,32,,first_difference,validation,ramp,51,0.012802990414734858,0.01486932462556143
seed-8675309__h-4__c-32__tol-na__first_difference,8675309,4,32,,first_difference,validation,piecewise_linear,51,0.012100462443185953,0.01544207867825742
seed-8675309__h-4__c-32__tol-na__first_difference,8675309,4,32,,first_difference,validation,first_order_response,51,0.015240162145630636,0.018655409825215057
seed-8675309__h-4__c-32__tol-na__first_difference,8675309,4,32,,first_difference,validation,second_order_response,51,0.012575235696770234,0.0161077153442073
seed-8675309__h-4__c-32__tol-na__first_difference,8675309,4,32,,first_difference,validation,regime_change,51,0.10113192163679195,0.11188789597986175
seed-8675309__h-4__c-32__tol-na__first_difference,8675309,4,32,,first_difference,test,sine,52,0.019850745465786305,0.023727808053973277
seed-8675309__h-4__c-32__tol-na__first_difference,8675309,4,32,,first_difference,test,chirp,52,0.08079708442740442,0.09151005972569388
seed-8675309__h-4__c-32__tol-na__first_difference,8675309,4,32,,first_difference,test,ramp,52,0.013042220931915944,0.016035684504035953
seed-8675309__h-4__c-32__tol-na__first_difference,8675309,4,32,,first_difference,test,piecewise_linear,52,0.01192928409742585,0.014435727430695582
seed-8675309__h-4__c-32__tol-na__first_difference,8675309,4,32,,first_difference,test,first_order_response,52,0.014551599788319162,0.018724024115739993
seed-8675309__h-4__c-32__tol-na__first_difference,8675309,4,32,,first_difference,test,second_order_response,52,0.013114091311217631,0.016119133363912283
seed-8675309__h-4__c-32__tol-na__first_difference,8675309,4,32,,first_difference,test,regime_change,52,0.10088162391653731,0.11173079239847798
seed-8675309__h-4__c-32__tol-0p01__vectorchain,8675309,4,32,0.01,vectorchain,validation,sine,51,0.018506738686588753,0.023607262836476618
seed-8675309__h-4__c-32__tol-0p01__vectorchain,8675309,4,32,0.01,vectorchain,validation,chirp,51,0.050168077588340694,0.05848492224736732
seed-8675309__h-4__c-32__tol-0p01__vectorchain,8675309,4,32,0.01,vectorchain,validation,ramp,51,0.013602302162617048,0.01746210788395378
seed-8675309__h-4__c-32__tol-0p01__vectorchain,8675309,4,32,0.01,vectorchain,validation,piecewise_linear,51,0.0122230598352561,0.015029509689834304
seed-8675309__h-4__c-32__tol-0p01__vectorchain,8675309,4,32,0.01,vectorchain,validation,first_order_response,51,0.01601498743733841,0.020720525712816833
seed-8675309__h-4__c-32__tol-0p01__vectorchain,8675309,4,32,0.01,vectorchain,validation,second_order_response,51,0.015161178845822817,0.018142666465452126
seed-8675309__h-4__c-32__tol-0p01__vectorchain,8675309,4,32,0.01,vectorchain,validation,regime_change,51,0.09080562758109312,0.10823094662323218
seed-8675309__h-4__c-32__tol-0p01__vectorchain,8675309,4,32,0.01,vectorchain,test,sine,52,0.02100432593839697,0.02631068734582516
seed-8675309__h-4__c-32__tol-0p01__vectorchain,8675309,4,32,0.01,vectorchain,test,chirp,52,0.06420195305023532,0.07674174394565612
seed-8675309__h-4__c-32__tol-0p01__vectorchain,8675309,4,32,0.01,vectorchain,test,ramp,52,0.013769828663541931,0.01670552389784085
seed-8675309__h-4__c-32__tol-0p01__vectorchain,8675309,4,32,0.01,vectorchain,test,piecewise_linear,52,0.013572804207436708,0.016884750624005098
seed-8675309__h-4__c-32__tol-0p01__vectorchain,8675309,4,32,0.01,vectorchain,test,first_order_response,52,0.016354868123267773,0.023033584410532406
seed-8675309__h-4__c-32__tol-0p01__vectorchain,8675309,4,32,0.01,vectorchain,test,second_order_response,52,0.015547709516065036,0.01838711090004897
seed-8675309__h-4__c-32__tol-0p01__vectorchain,8675309,4,32,0.01,vectorchain,test,regime_change,52,0.08730093934057653,0.10363448655970159
seed-8675309__h-4__c-32__tol-0p03__vectorchain,8675309,4,32,0.03,vectorchain,validation,sine,51,0.02906296094554437,0.03580620115076145
seed-8675309__h-4__c-32__tol-0p03__vectorchain,8675309,4,32,0.03,vectorchain,validation,chirp,51,0.05271714116149442,0.06356390653409566
seed-8675309__h-4__c-32__tol-0p03__vectorchain,8675309,4,32,0.03,vectorchain,validation,ramp,51,0.014609891879175274,0.01669244416617597
seed-8675309__h-4__c-32__tol-0p03__vectorchain,8675309,4,32,0.03,vectorchain,validation,piecewise_linear,51,0.013730884623410197,0.01780852927077853
seed-8675309__h-4__c-32__tol-0p03__vectorchain,8675309,4,32,0.03,vectorchain,validation,first_order_response,51,0.016361124740602535,0.02038159989427295
seed-8675309__h-4__c-32__tol-0p03__vectorchain,8675309,4,32,0.03,vectorchain,validation,second_order_response,51,0.013381452711210216,0.0172365448804959
seed-8675309__h-4__c-32__tol-0p03__vectorchain,8675309,4,32,0.03,vectorchain,validation,regime_change,51,0.08545363704708148,0.10425235318689853
seed-8675309__h-4__c-32__tol-0p03__vectorchain,8675309,4,32,0.03,vectorchain,test,sine,52,0.022534699899948305,0.027642987534173626
seed-8675309__h-4__c-32__tol-0p03__vectorchain,8675309,4,32,0.03,vectorchain,test,chirp,52,0.0663073239028127,0.07919888255980422
seed-8675309__h-4__c-32__tol-0p03__vectorchain,8675309,4,32,0.03,vectorchain,test,ramp,52,0.013708364461478832,0.017308526643700486
seed-8675309__h-4__c-32__tol-0p03__vectorchain,8675309,4,32,0.03,vectorchain,test,piecewise_linear,52,0.015447400158754322,0.018255622730301103
seed-8675309__h-4__c-32__tol-0p03__vectorchain,8675309,4,32,0.03,vectorchain,test,first_order_response,52,0.016919973311521206,0.023205681358332862
seed-8675309__h-4__c-32__tol-0p03__vectorchain,8675309,4,32,0.03,vectorchain,test,second_order_response,52,0.01496271605421037,0.018588192782386492
seed-8675309__h-4__c-32__tol-0p03__vectorchain,8675309,4,32,0.03,vectorchain,test,regime_change,52,0.08731691719505702,0.10349183228692059
seed-8675309__h-4__c-32__tol-0p1__vectorchain,8675309,4,32,0.1,vectorchain,validation,sine,51,0.019299820388942245,0.02409557958060521
seed-8675309__h-4__c-32__tol-0p1__vectorchain,8675309,4,32,0.1,vectorchain,validation,chirp,51,0.04117658177611428,0.053361969733698784
seed-8675309__h-4__c-32__tol-0p1__vectorchain,8675309,4,32,0.1,vectorchain,validation,ramp,51,0.012908320128160497,0.014903446030976604
seed-8675309__h-4__c-32__tol-0p1__vectorchain,8675309,4,32,0.1,vectorchain,validation,piecewise_linear,51,0.01260023044502132,0.015567502276107582
seed-8675309__h-4__c-32__tol-0p1__vectorchain,8675309,4,32,0.1,vectorchain,validation,first_order_response,51,0.015221751225148624,0.018756173817115404
seed-8675309__h-4__c-32__tol-0p1__vectorchain,8675309,4,32,0.1,vectorchain,validation,second_order_response,51,0.012582601209519715,0.015964010124399238
seed-8675309__h-4__c-32__tol-0p1__vectorchain,8675309,4,32,0.1,vectorchain,validation,regime_change,51,0.05277644743462905,0.06878424588271365
seed-8675309__h-4__c-32__tol-0p1__vectorchain,8675309,4,32,0.1,vectorchain,test,sine,52,0.019391931407127985,0.023026326180106204
seed-8675309__h-4__c-32__tol-0p1__vectorchain,8675309,4,32,0.1,vectorchain,test,chirp,52,0.034840482844316234,0.04926145907245821
seed-8675309__h-4__c-32__tol-0p1__vectorchain,8675309,4,32,0.1,vectorchain,test,ramp,52,0.013132468670697702,0.016165636110212867
seed-8675309__h-4__c-32__tol-0p1__vectorchain,8675309,4,32,0.1,vectorchain,test,piecewise_linear,52,0.011992344006225423,0.014543074138727323
seed-8675309__h-4__c-32__tol-0p1__vectorchain,8675309,4,32,0.1,vectorchain,test,first_order_response,52,0.014812518133025396,0.01891222123157401
seed-8675309__h-4__c-32__tol-0p1__vectorchain,8675309,4,32,0.1,vectorchain,test,second_order_response,52,0.013228040387555108,0.016298271940541544
seed-8675309__h-4__c-32__tol-0p1__vectorchain,8675309,4,32,0.1,vectorchain,test,regime_change,52,0.04914818398681969,0.06378386089017293
seed-8675309__h-16__c-32__tol-na__raw,8675309,16,32,,raw,validation,sine,51,0.03500159161195495,0.040883755053138335
seed-8675309__h-16__c-32__tol-na__raw,8675309,16,32,,raw,validation,chirp,51,0.18698227632035713,0.209825678010976
seed-8675309__h-16__c-32__tol-na__raw,8675309,16,32,,raw,validation,ramp,51,0.018685263897748338,0.02291048889198283
seed-8675309__h-16__c-32__tol-na__raw,8675309,16,32,,raw,validation,piecewise_linear,51,0.028093891667608385,0.0345907911381592
seed-8675309__h-16__c-32__tol-na__raw,8675309,16,32,,raw,validation,first_order_response,51,0.03460726352947388,0.04100779646236523
seed-8675309__h-16__c-32__tol-na__raw,8675309,16,32,,raw,validation,second_order_response,51,0.03980357207046457,0.04536562347044629
seed-8675309__h-16__c-32__tol-na__raw,8675309,16,32,,raw,validation,regime_change,51,0.37104971768729444,0.41572499124905893
seed-8675309__h-16__c-32__tol-na__raw,8675309,16,32,,raw,test,sine,52,0.027226636685819743,0.034231652455701436
seed-8675309__h-16__c-32__tol-na__raw,8675309,16,32,,raw,test,chirp,52,0.2822684677563698,0.3206350767967805
seed-8675309__h-16__c-32__tol-na__raw,8675309,16,32,,raw,test,ramp,52,0.029731434899709787,0.03527266623189998
seed-8675309__h-16__c-32__tol-na__raw,8675309,16,32,,raw,test,piecewise_linear,52,0.018877714808437335,0.02200999007845719
seed-8675309__h-16__c-32__tol-na__raw,8675309,16,32,,raw,test,first_order_response,52,0.03552522194007185,0.041021364809581316
seed-8675309__h-16__c-32__tol-na__raw,8675309,16,32,,raw,test,second_order_response,52,0.036039128172136836,0.041150737495648175
seed-8675309__h-16__c-32__tol-na__raw,8675309,16,32,,raw,test,regime_change,52,0.3861691024803333,0.42886384534302574
seed-8675309__h-16__c-32__tol-na__first_difference,8675309,16,32,,first_difference,validation,sine,51,0.08021821910845113,0.09174392461279486
seed-8675309__h-16__c-32__tol-na__first_difference,8675309,16,32,,first_difference,validation,chirp,51,0.2782007708992724,0.3098932117592562
seed-8675309__h-16__c-32__tol-na__first_difference,8675309,16,32,,first_difference,validation,ramp,51,0.027372582262387167,0.03387842136321181
seed-8675309__h-16__c-32__tol-na__first_difference,8675309,16,32,,first_difference,validation,piecewise_linear,51,0.03617107256051599,0.0467698252748479
seed-8675309__h-16__c-32__tol-na__first_difference,8675309,16,32,,first_difference,validation,first_order_response,51,0.030442174015803337,0.038730426968873875
seed-8675309__h-16__c-32__tol-na__first_difference,8675309,16,32,,first_difference,validation,second_order_response,51,0.03051065974446705,0.0374443381233251
seed-8675309__h-16__c-32__tol-na__first_difference,8675309,16,32,,first_difference,validation,regime_change,51,0.4722312301119209,0.522415924628186
seed-8675309__h-16__c-32__tol-na__first_difference,8675309,16,32,,first_difference,test,sine,52,0.08556065706319024,0.09677459122348436
seed-8675309__h-16__c-32__tol-na__first_difference,8675309,16,32,,first_difference,test,chirp,52,0.3783604464503577,0.42392631728749297
seed-8675309__h-16__c-32__tol-na__first_difference,8675309,16,32,,first_difference,test,ramp,52,0.025052894663173533,0.032859263691345314
seed-8675309__h-16__c-32__tol-na__first_difference,8675309,16,32,,first_difference,test,piecewise_linear,52,0.02318187248831287,0.02826404741263663
seed-8675309__h-16__c-32__tol-na__first_difference,8675309,16,32,,first_difference,test,first_order_response,52,0.028782763266686367,0.03541488475493531
seed-8675309__h-16__c-32__tol-na__first_difference,8675309,16,32,,first_difference,test,second_order_response,52,0.024932542493631187,0.031100431935233118
seed-8675309__h-16__c-32__tol-na__first_difference,8675309,16,32,,first_difference,test,regime_change,52,0.48033267360012627,0.5334516871913583
seed-8675309__h-16__c-32__tol-0p01__vectorchain,8675309,16,32,0.01,vectorchain,validation,sine,51,0.07795798337988218,0.08903144513467726
seed-8675309__h-16__c-32__tol-0p01__vectorchain,8675309,16,32,0.01,vectorchain,validation,chirp,51,0.23290661187470893,0.272531974729464
seed-8675309__h-16__c-32__tol-0p01__vectorchain,8675309,16,32,0.01,vectorchain,validation,ramp,51,0.035389457486660406,0.0471437703582256
seed-8675309__h-16__c-32__tol-0p01__vectorchain,8675309,16,32,0.01,vectorchain,validation,piecewise_linear,51,0.038449945998739334,0.04846997355523963
seed-8675309__h-16__c-32__tol-0p01__vectorchain,8675309,16,32,0.01,vectorchain,validation,first_order_response,51,0.03888435599911924,0.05233812612959155
seed-8675309__h-16__c-32__tol-0p01__vectorchain,8675309,16,32,0.01,vectorchain,validation,second_order_response,51,0.042874027815324386,0.05339400710685364
seed-8675309__h-16__c-32__tol-0p01__vectorchain,8675309,16,32,0.01,vectorchain,validation,regime_change,51,0.4510846587111831,0.534027840795293
seed-8675309__h-16__c-32__tol-0p01__vectorchain,8675309,16,32,0.01,vectorchain,test,sine,52,0.08759672928405295,0.09766415138705663
seed-8675309__h-16__c-32__tol-0p01__vectorchain,8675309,16,32,0.01,vectorchain,test,chirp,52,0.3007121299283994,0.36006554415174796
seed-8675309__h-16__c-32__tol-0p01__vectorchain,8675309,16,32,0.01,vectorchain,test,ramp,52,0.031108224615206632,0.038362254499815694
seed-8675309__h-16__c-32__tol-0p01__vectorchain,8675309,16,32,0.01,vectorchain,test,piecewise_linear,52,0.03681672441456497,0.04384103100618086
seed-8675309__h-16__c-32__tol-0p01__vectorchain,8675309,16,32,0.01,vectorchain,test,first_order_response,52,0.039047642943284805,0.058211300714232736
seed-8675309__h-16__c-32__tol-0p01__vectorchain,8675309,16,32,0.01,vectorchain,test,second_order_response,52,0.039992462163330744,0.047710330360039334
seed-8675309__h-16__c-32__tol-0p01__vectorchain,8675309,16,32,0.01,vectorchain,test,regime_change,52,0.3856393460107324,0.476352754082336
seed-8675309__h-16__c-32__tol-0p03__vectorchain,8675309,16,32,0.03,vectorchain,validation,sine,51,0.09584707152869115,0.11318062604500236
seed-8675309__h-16__c-32__tol-0p03__vectorchain,8675309,16,32,0.03,vectorchain,validation,chirp,51,0.23145445491222927,0.2752582804638573
seed-8675309__h-16__c-32__tol-0p03__vectorchain,8675309,16,32,0.03,vectorchain,validation,ramp,51,0.03307615840002786,0.042807923151904036
seed-8675309__h-16__c-32__tol-0p03__vectorchain,8675309,16,32,0.03,vectorchain,validation,piecewise_linear,51,0.04389678478716769,0.06419499507473567
seed-8675309__h-16__c-32__tol-0p03__vectorchain,8675309,16,32,0.03,vectorchain,validation,first_order_response,51,0.03626388895791413,0.05226544669750632
seed-8675309__h-16__c-32__tol-0p03__vectorchain,8675309,16,32,0.03,vectorchain,validation,second_order_response,51,0.03277765138138836,0.042849480880431425
seed-8675309__h-16__c-32__tol-0p03__vectorchain,8675309,16,32,0.03,vectorchain,validation,regime_change,51,0.39753087711850277,0.4779636343942371
seed-8675309__h-16__c-32__tol-0p03__vectorchain,8675309,16,32,0.03,vectorchain,test,sine,52,0.08963485432361873,0.10214442735826822
seed-8675309__h-16__c-32__tol-0p03__vectorchain,8675309,16,32,0.03,vectorchain,test,chirp,52,0.2853895383877462,0.3480565133545321
seed-8675309__h-16__c-32__tol-0p03__vectorchain,8675309,16,32,0.03,vectorchain,test,ramp,52,0.027729709676984102,0.0366379763930706
seed-8675309__h-16__c-32__tol-0p03__vectorchain,8675309,16,32,0.03,vectorchain,test,piecewise_linear,52,0.03735513542275241,0.045472711173747786
seed-8675309__h-16__c-32__tol-0p03__vectorchain,8675309,16,32,0.03,vectorchain,test,first_order_response,52,0.03150992217995926,0.04962224009471567
seed-8675309__h-16__c-32__tol-0p03__vectorchain,8675309,16,32,0.03,vectorchain,test,second_order_response,52,0.03240430204831088,0.03941332821428872
seed-8675309__h-16__c-32__tol-0p03__vectorchain,8675309,16,32,0.03,vectorchain,test,regime_change,52,0.35361370362792954,0.42137184583348325
seed-8675309__h-16__c-32__tol-0p1__vectorchain,8675309,16,32,0.1,vectorchain,validation,sine,51,0.08263889441649426,0.09188816116405292
seed-8675309__h-16__c-32__tol-0p1__vectorchain,8675309,16,32,0.1,vectorchain,validation,chirp,51,0.19082895455124357,0.24786884840715956
seed-8675309__h-16__c-32__tol-0p1__vectorchain,8675309,16,32,0.1,vectorchain,validation,ramp,51,0.015563440963319868,0.019806641005785247
seed-8675309__h-16__c-32__tol-0p1__vectorchain,8675309,16,32,0.1,vectorchain,validation,piecewise_linear,51,0.02740868959842308,0.03759476096397785
seed-8675309__h-16__c-32__tol-0p1__vectorchain,8675309,16,32,0.1,vectorchain,validation,first_order_response,51,0.01777072845657451,0.02235514146647989
seed-8675309__h-16__c-32__tol-0p1__vectorchain,8675309,16,32,0.1,vectorchain,validation,second_order_response,51,0.019110952240851718,0.022525122779726934
seed-8675309__h-16__c-32__tol-0p1__vectorchain,8675309,16,32,0.1,vectorchain,validation,regime_change,51,0.2659379344925231,0.33123572762703524
seed-8675309__h-16__c-32__tol-0p1__vectorchain,8675309,16,32,0.1,vectorchain,test,sine,52,0.08284706288839232,0.0914406566493883
seed-8675309__h-16__c-32__tol-0p1__vectorchain,8675309,16,32,0.1,vectorchain,test,chirp,52,0.22751822820929496,0.2992346222617927
seed-8675309__h-16__c-32__tol-0p1__vectorchain,8675309,16,32,0.1,vectorchain,test,ramp,52,0.01590875900578593,0.020109067673292864
seed-8675309__h-16__c-32__tol-0p1__vectorchain,8675309,16,32,0.1,vectorchain,test,piecewise_linear,52,0.013133860810398494,0.016335035893539882
seed-8675309__h-16__c-32__tol-0p1__vectorchain,8675309,16,32,0.1,vectorchain,test,first_order_response,52,0.016642501548520837,0.020936141133261546
seed-8675309__h-16__c-32__tol-0p1__vectorchain,8675309,16,32,0.1,vectorchain,test,second_order_response,52,0.016959648547653167,0.021346907338893495
seed-8675309__h-16__c-32__tol-0p1__vectorchain,8675309,16,32,0.1,vectorchain,test,regime_change,52,0.20079743106449824,0.26402174198160183
seed-8675309__h-1__c-64__tol-na__raw,8675309,1,64,,raw,validation,sine,51,0.011900392046292006,0.014659596183969838
seed-8675309__h-1__c-64__tol-na__raw,8675309,1,64,,raw,validation,chirp,51,0.017004986994000316,0.020981231987421693
seed-8675309__h-1__c-64__tol-na__raw,8675309,1,64,,raw,validation,ramp,51,0.011939505335420113,0.014760937783641254
seed-8675309__h-1__c-64__tol-na__raw,8675309,1,64,,raw,validation,piecewise_linear,51,0.012263606607134405,0.014156466456950642
seed-8675309__h-1__c-64__tol-na__raw,8675309,1,64,,raw,validation,first_order_response,51,0.011693976467177845,0.014297068482196038
seed-8675309__h-1__c-64__tol-na__raw,8675309,1,64,,raw,validation,second_order_response,51,0.01196755166286574,0.01533103050838798
seed-8675309__h-1__c-64__tol-na__raw,8675309,1,64,,raw,validation,regime_change,51,0.02835417040369218,0.03363803547493614
seed-8675309__h-1__c-64__tol-na__raw,8675309,1,64,,raw,test,sine,51,0.011316792127296487,0.014275753271315137
seed-8675309__h-1__c-64__tol-na__raw,8675309,1,64,,raw,test,chirp,51,0.024920615222594,0.029810363914368396
seed-8675309__h-1__c-64__tol-na__raw,8675309,1,64,,raw,test,ramp,51,0.011509701078114562,0.014175363684546131
seed-8675309__h-1__c-64__tol-na__raw,8675309,1,64,,raw,test,piecewise_linear,51,0.011912824275039867,0.01443873858970051
seed-8675309__h-1__c-64__tol-na__raw,8675309,1,64,,raw,test,first_order_response,51,0.013858441990315473,0.016347903436230927
seed-8675309__h-1__c-64__tol-na__raw,8675309,1,64,,raw,test,second_order_response,51,0.010445513018071315,0.012949922081118646
seed-8675309__h-1__c-64__tol-na__raw,8675309,1,64,,raw,test,regime_change,51,0.03047673799584273,0.0349737450559501
seed-8675309__h-1__c-64__tol-na__first_difference,8675309,1,64,,first_difference,validation,sine,51,0.014550426293865387,0.016976443044436188
seed-8675309__h-1__c-64__tol-na__first_difference,8675309,1,64,,first_difference,validation,chirp,51,0.02740604672303499,0.03252058348376105
seed-8675309__h-1__c-64__tol-na__first_difference,8675309,1,64,,first_difference,validation,ramp,51,0.011087285661876596,0.014071121030600884
seed-8675309__h-1__c-64__tol-na__first_difference,8675309,1,64,,first_difference,validation,piecewise_linear,51,0.011266704816246012,0.01309637860870742
seed-8675309__h-1__c-64__tol-na__first_difference,8675309,1,64,,first_difference,validation,first_order_response,51,0.010288896015797012,0.013035283619951519
seed-8675309__h-1__c-64__tol-na__first_difference,8675309,1,64,,first_difference,validation,second_order_response,51,0.010852646354610852,0.013796282837715876
seed-8675309__h-1__c-64__tol-na__first_difference,8675309,1,64,,first_difference,validation,regime_change,51,0.045357223655606,0.05274617953401769
seed-8675309__h-1__c-64__tol-na__first_difference,8675309,1,64,,first_difference,test,sine,51,0.01140519621804053,0.01503888032465903
seed-8675309__h-1__c-64__tol-na__first_difference,8675309,1,64,,first_difference,test,chirp,51,0.03885637116591558,0.044863676901873206
seed-8675309__h-1__c-64__tol-na__first_difference,8675309,1,64,,first_difference,test,ramp,51,0.010524487754158601,0.013065130302660532
seed-8675309__h-1__c-64__tol-na__first_difference,8675309,1,64,,first_difference,test,piecewise_linear,51,0.01136982639257844,0.013654021400292773
seed-8675309__h-1__c-64__tol-na__first_difference,8675309,1,64,,first_difference,test,first_order_response,51,0.012045699537082318,0.014346627243931605
seed-8675309__h-1__c-64__tol-na__first_difference,8675309,1,64,,first_difference,test,second_order_response,51,0.010012037841974845,0.012338232671729819
seed-8675309__h-1__c-64__tol-na__first_difference,8675309,1,64,,first_difference,test,regime_change,51,0.04530820413887062,0.05115262014240479
seed-8675309__h-1__c-64__tol-0p01__vectorchain,8675309,1,64,0.01,vectorchain,validation,sine,51,0.012976723223853721,0.015786826115561658
seed-8675309__h-1__c-64__tol-0p01__vectorchain,8675309,1,64,0.01,vectorchain,validation,chirp,51,0.022455629408317444,0.02794911014107315
seed-8675309__h-1__c-64__tol-0p01__vectorchain,8675309,1,64,0.01,vectorchain,validation,ramp,51,0.011254696800975478,0.014377254174032326
seed-8675309__h-1__c-64__tol-0p01__vectorchain,8675309,1,64,0.01,vectorchain,validation,piecewise_linear,51,0.0106072721085894,0.012796751788403084
seed-8675309__h-1__c-64__tol-0p01__vectorchain,8675309,1,64,0.01,vectorchain,validation,first_order_response,51,0.009876320010986537,0.012768855999863112
seed-8675309__h-1__c-64__tol-0p01__vectorchain,8675309,1,64,0.01,vectorchain,validation,second_order_response,51,0.011441801988582974,0.014341755384406681
seed-8675309__h-1__c-64__tol-0p01__vectorchain,8675309,1,64,0.01,vectorchain,validation,regime_change,51,0.04280845296463254,0.052845899650828435
seed-8675309__h-1__c-64__tol-0p01__vectorchain,8675309,1,64,0.01,vectorchain,test,sine,51,0.011251732294455023,0.014895374039365028
seed-8675309__h-1__c-64__tol-0p01__vectorchain,8675309,1,64,0.01,vectorchain,test,chirp,51,0.03165977822412616,0.038756360986036874
seed-8675309__h-1__c-64__tol-0p01__vectorchain,8675309,1,64,0.01,vectorchain,test,ramp,51,0.010608539114674125,0.012808395079664872
seed-8675309__h-1__c-64__tol-0p01__vectorchain,8675309,1,64,0.01,vectorchain,test,piecewise_linear,51,0.011323155775472401,0.01391772980873251
seed-8675309__h-1__c-64__tol-0p01__vectorchain,8675309,1,64,0.01,vectorchain,test,first_order_response,51,0.012493737011687257,0.015280598310682413
seed-8675309__h-1__c-64__tol-0p01__vectorchain,8675309,1,64,0.01,vectorchain,test,second_order_response,51,0.010326761662855368,0.012774526361357992
seed-8675309__h-1__c-64__tol-0p01__vectorchain,8675309,1,64,0.01,vectorchain,test,regime_change,51,0.03670248233753105,0.04590775913681722
seed-8675309__h-1__c-64__tol-0p03__vectorchain,8675309,1,64,0.03,vectorchain,validation,sine,51,0.016747923726098634,0.020754886365480358
seed-8675309__h-1__c-64__tol-0p03__vectorchain,8675309,1,64,0.03,vectorchain,validation,chirp,51,0.019804792113853296,0.025568209406317294
seed-8675309__h-1__c-64__tol-0p03__vectorchain,8675309,1,64,0.03,vectorchain,validation,ramp,51,0.011377025733783573,0.014207692670688705
seed-8675309__h-1__c-64__tol-0p03__vectorchain,8675309,1,64,0.03,vectorchain,validation,piecewise_linear,51,0.011456579501458886,0.013518112927798445
seed-8675309__h-1__c-64__tol-0p03__vectorchain,8675309,1,64,0.03,vectorchain,validation,first_order_response,51,0.01076001442214279,0.013629058272607875
seed-8675309__h-1__c-64__tol-0p03__vectorchain,8675309,1,64,0.03,vectorchain,validation,second_order_response,51,0.01075520091129923,0.013778130270438399
seed-8675309__h-1__c-64__tol-0p03__vectorchain,8675309,1,64,0.03,vectorchain,validation,regime_change,51,0.034434237561378846,0.043914930574485374
seed-8675309__h-1__c-64__tol-0p03__vectorchain,8675309,1,64,0.03,vectorchain,test,sine,51,0.012629080554320889,0.01610948189832443
seed-8675309__h-1__c-64__tol-0p03__vectorchain,8675309,1,64,0.03,vectorchain,test,chirp,51,0.030061712278301997,0.03650625370900636
seed-8675309__h-1__c-64__tol-0p03__vectorchain,8675309,1,64,0.03,vectorchain,test,ramp,51,0.011222857580084991,0.013617152572804124
seed-8675309__h-1__c-64__tol-0p03__vectorchain,8675309,1,64,0.03,vectorchain,test,piecewise_linear,51,0.013027132418302542,0.015553304275962132
seed-8675309__h-1__c-64__tol-0p03__vectorchain,8675309,1,64,0.03,vectorchain,test,first_order_response,51,0.012558664980012412,0.015205593141193763
seed-8675309__h-1__c-64__tol-0p03__vectorchain,8675309,1,64,0.03,vectorchain,test,second_order_response,51,0.01159835436855805,0.014552404893027249
seed-8675309__h-1__c-64__tol-0p03__vectorchain,8675309,1,64,0.03,vectorchain,test,regime_change,51,0.03490495330270818,0.04275234170527312
seed-8675309__h-1__c-64__tol-0p1__vectorchain,8675309,1,64,0.1,vectorchain,validation,sine,51,0.012954989238286254,0.015539549929208571
seed-8675309__h-1__c-64__tol-0p1__vectorchain,8675309,1,64,0.1,vectorchain,validation,chirp,51,0.016807072935189304,0.020577335222510634
seed-8675309__h-1__c-64__tol-0p1__vectorchain,8675309,1,64,0.1,vectorchain,validation,ramp,51,0.011924950727701078,0.014762477011914327
seed-8675309__h-1__c-64__tol-0p1__vectorchain,8675309,1,64,0.1,vectorchain,validation,piecewise_linear,51,0.012382332874675963,0.014143004179001046
seed-8675309__h-1__c-64__tol-0p1__vectorchain,8675309,1,64,0.1,vectorchain,validation,first_order_response,51,0.011510837686284605,0.014634693455159527
seed-8675309__h-1__c-64__tol-0p1__vectorchain,8675309,1,64,0.1,vectorchain,validation,second_order_response,51,0.011613489160898025,0.014798573365585996
seed-8675309__h-1__c-64__tol-0p1__vectorchain,8675309,1,64,0.1,vectorchain,validation,regime_change,51,0.019722911534967708,0.025726819313440896
seed-8675309__h-1__c-64__tol-0p1__vectorchain,8675309,1,64,0.1,vectorchain,test,sine,51,0.011019137143997638,0.01447448530593316
seed-8675309__h-1__c-64__tol-0p1__vectorchain,8675309,1,64,0.1,vectorchain,test,chirp,51,0.01870235666578525,0.022504948667901432
seed-8675309__h-1__c-64__tol-0p1__vectorchain,8675309,1,64,0.1,vectorchain,test,ramp,51,0.011267610577732793,0.013852175864002968
seed-8675309__h-1__c-64__tol-0p1__vectorchain,8675309,1,64,0.1,vectorchain,test,piecewise_linear,51,0.012210868289325773,0.014615593445910112
seed-8675309__h-1__c-64__tol-0p1__vectorchain,8675309,1,64,0.1,vectorchain,test,first_order_response,51,0.013618933461526796,0.01618991983366852
seed-8675309__h-1__c-64__tol-0p1__vectorchain,8675309,1,64,0.1,vectorchain,test,second_order_response,51,0.010543100075328854,0.01325475916204511
seed-8675309__h-1__c-64__tol-0p1__vectorchain,8675309,1,64,0.1,vectorchain,test,regime_change,51,0.01918623612037963,0.02425908510581177
seed-8675309__h-4__c-64__tol-na__raw,8675309,4,64,,raw,validation,sine,51,0.015812688176791267,0.019758713035205554
seed-8675309__h-4__c-64__tol-na__raw,8675309,4,64,,raw,validation,chirp,51,0.05991266460302076,0.06803315553357875
seed-8675309__h-4__c-64__tol-na__raw,8675309,4,64,,raw,validation,ramp,51,0.012473295544357395,0.014940395052358718
seed-8675309__h-4__c-64__tol-na__raw,8675309,4,64,,raw,validation,piecewise_linear,51,0.012224514695056988,0.015512275744931012
seed-8675309__h-4__c-64__tol-na__raw,8675309,4,64,,raw,validation,first_order_response,51,0.017279271576869298,0.020205970194619782
seed-8675309__h-4__c-64__tol-na__raw,8675309,4,64,,raw,validation,second_order_response,51,0.0166291141579942,0.01981736001216909
seed-8675309__h-4__c-64__tol-na__raw,8675309,4,64,,raw,validation,regime_change,51,0.11102940533896767,0.1261278544546332
seed-8675309__h-4__c-64__tol-na__raw,8675309,4,64,,raw,test,sine,52,0.015216141553212522,0.017638292669995333
seed-8675309__h-4__c-64__tol-na__raw,8675309,4,64,,raw,test,chirp,52,0.08573213600657267,0.09791416857021987
seed-8675309__h-4__c-64__tol-na__raw,8675309,4,64,,raw,test,ramp,52,0.014250672281049238,0.017692102811639927
seed-8675309__h-4__c-64__tol-na__raw,8675309,4,64,,raw,test,piecewise_linear,52,0.012515464018502589,0.015042896037588661
seed-8675309__h-4__c-64__tol-na__raw,8675309,4,64,,raw,test,first_order_response,52,0.01643141250797478,0.02091122817950522
seed-8675309__h-4__c-64__tol-na__raw,8675309,4,64,,raw,test,second_order_response,52,0.015481241874888264,0.018537350008976
seed-8675309__h-4__c-64__tol-na__raw,8675309,4,64,,raw,test,regime_change,52,0.11611154262526907,0.12941770922451293
seed-8675309__h-4__c-64__tol-na__first_difference,8675309,4,64,,first_difference,validation,sine,51,0.03093433056309324,0.035934011361373315
seed-8675309__h-4__c-64__tol-na__first_difference,8675309,4,64,,first_difference,validation,chirp,51,0.08758085907699621,0.0987786609112518
seed-8675309__h-4__c-64__tol-na__first_difference,8675309,4,64,,first_difference,validation,ramp,51,0.01538364083268513,0.018345568060300563
seed-8675309__h-4__c-64__tol-na__first_difference,8675309,4,64,,first_difference,validation,piecewise_linear,51,0.015500742572158856,0.019428442983416363
seed-8675309__h-4__c-64__tol-na__first_difference,8675309,4,64,,first_difference,validation,first_order_response,51,0.018446822954244026,0.02227535855729883
seed-8675309__h-4__c-64__tol-na__first_difference,8675309,4,64,,first_difference,validation,second_order_response,51,0.01582178453735536,0.02018472348164982
seed-8675309__h-4__c-64__tol-na__first_difference,8675309,4,64,,first_difference,validation,regime_change,51,0.139165774763178,0.1560226274958522
seed-8675309__h-4__c-64__tol-na__first_difference,8675309,4,64,,first_difference,test,sine,52,0.028827351200058485,0.034749500699791255
seed-8675309__h-4__c-64__tol-na__first_difference,8675309,4,64,,first_difference,test,chirp,52,0.11008260906698483,0.1252057011928646
seed-8675309__h-4__c-64__tol-na__first_difference,8675309,4,64,,first_difference,test,ramp,52,0.015840194779388507,0.019805515509103373
seed-8675309__h-4__c-64__tol-na__first_difference,8675309,4,64,,first_difference,test,piecewise_linear,52,0.013844716384649266,0.017245864319946624
seed-8675309__h-4__c-64__tol-na__first_difference,8675309,4,64,,first_difference,test,first_order_response,52,0.017382157315713596,0.022535702589779223
seed-8675309__h-4__c-64__tol-na__first_difference,8675309,4,64,,first_difference,test,second_order_response,52,0.015709917264850878,0.019324524509751927
seed-8675309__h-4__c-64__tol-na__first_difference,8675309,4,64,,first_difference,test,regime_change,52,0.13889344738263285,0.1560457481507383
seed-8675309__h-4__c-64__tol-0p01__vectorchain,8675309,4,64,0.01,vectorchain,validation,sine,51,0.0222144642019191,0.028496505954420433
seed-8675309__h-4__c-64__tol-0p01__vectorchain,8675309,4,64,0.01,vectorchain,validation,chirp,51,0.06049769832466454,0.07238765119271406
seed-8675309__h-4__c-64__tol-0p01__vectorchain,8675309,4,64,0.01,vectorchain,validation,ramp,51,0.016308594619985094,0.020100134943518363
seed-8675309__h-4__c-64__tol-0p01__vectorchain,8675309,4,64,0.01,vectorchain,validation,piecewise_linear,51,0.014952410357789379,0.01798618343869496
seed-8675309__h-4__c-64__tol-0p01__vectorchain,8675309,4,64,0.01,vectorchain,validation,first_order_response,51,0.019452156533589927,0.02406415414411054
seed-8675309__h-4__c-64__tol-0p01__vectorchain,8675309,4,64,0.01,vectorchain,validation,second_order_response,51,0.01634088671068422,0.020173717125691878
seed-8675309__h-4__c-64__tol-0p01__vectorchain,8675309,4,64,0.01,vectorchain,validation,regime_change,51,0.11030135613919302,0.12979574163223528
seed-8675309__h-4__c-64__tol-0p01__vectorchain,8675309,4,64,0.01,vectorchain,test,sine,52,0.02524158805179302,0.030856974771818584
seed-8675309__h-4__c-64__tol-0p01__vectorchain,8675309,4,64,0.01,vectorchain,test,chirp,52,0.08215865011399238,0.09708016827397795
seed-8675309__h-4__c-64__tol-0p01__vectorchain,8675309,4,64,0.01,vectorchain,test,ramp,52,0.015092249400260084,0.018599385571529313
seed-8675309__h-4__c-64__tol-0p01__vectorchain,8675309,4,64,0.01,vectorchain,test,piecewise_linear,52,0.01537893952628856,0.018596038154785624
seed-8675309__h-4__c-64__tol-0p01__vectorchain,8675309,4,64,0.01,vectorchain,test,first_order_response,52,0.01815206902305922,0.023407975842773137
seed-8675309__h-4__c-64__tol-0p01__vectorchain,8675309,4,64,0.01,vectorchain,test,second_order_response,52,0.016587335428223958,0.020428413854201112
seed-8675309__h-4__c-64__tol-0p01__vectorchain,8675309,4,64,0.01,vectorchain,test,regime_change,52,0.09855821734524148,0.117758674125515
seed-8675309__h-4__c-64__tol-0p03__vectorchain,8675309,4,64,0.03,vectorchain,validation,sine,51,0.030530459165475556,0.03849383200724558
seed-8675309__h-4__c-64__tol-0p03__vectorchain,8675309,4,64,0.03,vectorchain,validation,chirp,51,0.05290638002222114,0.06404868152916544
seed-8675309__h-4__c-64__tol-0p03__vectorchain,8675309,4,64,0.03,vectorchain,validation,ramp,51,0.01410826838244656,0.01783444164069398
seed-8675309__h-4__c-64__tol-0p03__vectorchain,8675309,4,64,0.03,vectorchain,validation,piecewise_linear,51,0.014806452362033479,0.018944579671766448
seed-8675309__h-4__c-64__tol-0p03__vectorchain,8675309,4,64,0.03,vectorchain,validation,first_order_response,51,0.01678276529911549,0.0215951643656165
seed-8675309__h-4__c-64__tol-0p03__vectorchain,8675309,4,64,0.03,vectorchain,validation,second_order_response,51,0.014391473221141643,0.01843959022051664
seed-8675309__h-4__c-64__tol-0p03__vectorchain,8675309,4,64,0.03,vectorchain,validation,regime_change,51,0.08728300765061198,0.10085886554424867
seed-8675309__h-4__c-64__tol-0p03__vectorchain,8675309,4,64,0.03,vectorchain,test,sine,52,0.023160762020635748,0.028630068827907085
seed-8675309__h-4__c-64__tol-0p03__vectorchain,8675309,4,64,0.03,vectorchain,test,chirp,52,0.06954815384920024,0.08244141752237864
seed-8675309__h-4__c-64__tol-0p03__vectorchain,8675309,4,64,0.03,vectorchain,test,ramp,52,0.013578938903051677,0.017457853372354736
seed-8675309__h-4__c-64__tol-0p03__vectorchain,8675309,4,64,0.03,vectorchain,test,piecewise_linear,52,0.016344112151326053,0.019194383593822553
seed-8675309__h-4__c-64__tol-0p03__vectorchain,8675309,4,64,0.03,vectorchain,test,first_order_response,52,0.016514180550669902,0.022579093515781173
seed-8675309__h-4__c-64__tol-0p03__vectorchain,8675309,4,64,0.03,vectorchain,test,second_order_response,52,0.016017556551308675,0.01989651565082124
seed-8675309__h-4__c-64__tol-0p03__vectorchain,8675309,4,64,0.03,vectorchain,test,regime_change,52,0.08665830349046942,0.1021717761283651
seed-8675309__h-4__c-64__tol-0p1__vectorchain,8675309,4,64,0.1,vectorchain,validation,sine,51,0.019651239442383818,0.02672235738617698
seed-8675309__h-4__c-64__tol-0p1__vectorchain,8675309,4,64,0.1,vectorchain,validation,chirp,51,0.023235785541699316,0.030446028620690922
seed-8675309__h-4__c-64__tol-0p1__vectorchain,8675309,4,64,0.1,vectorchain,validation,ramp,51,0.01202835115951633,0.01423279849620291
seed-8675309__h-4__c-64__tol-0p1__vectorchain,8675309,4,64,0.1,vectorchain,validation,piecewise_linear,51,0.012601597945899384,0.015717593640145452
seed-8675309__h-4__c-64__tol-0p1__vectorchain,8675309,4,64,0.1,vectorchain,validation,first_order_response,51,0.01428178904056907,0.01781386201581323
seed-8675309__h-4__c-64__tol-0p1__vectorchain,8675309,4,64,0.1,vectorchain,validation,second_order_response,51,0.012465045446109711,0.0156859840882305
seed-8675309__h-4__c-64__tol-0p1__vectorchain,8675309,4,64,0.1,vectorchain,validation,regime_change,51,0.03811465770775123,0.046178702437252944
seed-8675309__h-4__c-64__tol-0p1__vectorchain,8675309,4,64,0.1,vectorchain,test,sine,52,0.016878597367864477,0.0206152962780066
seed-8675309__h-4__c-64__tol-0p1__vectorchain,8675309,4,64,0.1,vectorchain,test,chirp,52,0.030472180068435325,0.03691505517724317
seed-8675309__h-4__c-64__tol-0p1__vectorchain,8675309,4,64,0.1,vectorchain,test,ramp,52,0.01274335379165272,0.015651914353497016
seed-8675309__h-4__c-64__tol-0p1__vectorchain,8675309,4,64,0.1,vectorchain,test,piecewise_linear,52,0.011938224063535325,0.01418572398634566
seed-8675309__h-4__c-64__tol-0p1__vectorchain,8675309,4,64,0.1,vectorchain,test,first_order_response,52,0.01424400738695766,0.0184436132125379
seed-8675309__h-4__c-64__tol-0p1__vectorchain,8675309,4,64,0.1,vectorchain,test,second_order_response,52,0.01286338619345815,0.015936091724570996
seed-8675309__h-4__c-64__tol-0p1__vectorchain,8675309,4,64,0.1,vectorchain,test,regime_change,52,0.040200780075082126,0.05300677138687655
seed-8675309__h-16__c-64__tol-na__raw,8675309,16,64,,raw,validation,sine,51,0.041827229588539155,0.049980493905781596
seed-8675309__h-16__c-64__tol-na__raw,8675309,16,64,,raw,validation,chirp,51,0.28224448375825234,0.32150860739640036
seed-8675309__h-16__c-64__tol-na__raw,8675309,16,64,,raw,validation,ramp,51,0.014681538739532176,0.018616457002956534
seed-8675309__h-16__c-64__tol-na__raw,8675309,16,64,,raw,validation,piecewise_linear,51,0.02995409314432994,0.03656775999359858
seed-8675309__h-16__c-64__tol-na__raw,8675309,16,64,,raw,validation,first_order_response,51,0.03767009989069483,0.04304957131846849
seed-8675309__h-16__c-64__tol-na__raw,8675309,16,64,,raw,validation,second_order_response,51,0.0534895054949725,0.05689487886646879
seed-8675309__h-16__c-64__tol-na__raw,8675309,16,64,,raw,validation,regime_change,51,0.5233753162592423,0.6028727166749672
seed-8675309__h-16__c-64__tol-na__raw,8675309,16,64,,raw,test,sine,52,0.03314239142722139,0.045020140229030184
seed-8675309__h-16__c-64__tol-na__raw,8675309,16,64,,raw,test,chirp,52,0.380396546583125,0.4374306304321128
seed-8675309__h-16__c-64__tol-na__raw,8675309,16,64,,raw,test,ramp,52,0.03107889059323047,0.035998558094429284
seed-8675309__h-16__c-64__tol-na__raw,8675309,16,64,,raw,test,piecewise_linear,52,0.020187730199763925,0.023875382531275816
seed-8675309__h-16__c-64__tol-na__raw,8675309,16,64,,raw,test,first_order_response,52,0.040148539033352255,0.04376167507734609
seed-8675309__h-16__c-64__tol-na__raw,8675309,16,64,,raw,test,second_order_response,52,0.04338938040728131,0.04741947874125012
seed-8675309__h-16__c-64__tol-na__raw,8675309,16,64,,raw,test,regime_change,52,0.5254126144302169,0.5980602066093563
seed-8675309__h-16__c-64__tol-na__first_difference,8675309,16,64,,first_difference,validation,sine,51,0.11984068664749531,0.13477497198612648
seed-8675309__h-16__c-64__tol-na__first_difference,8675309,16,64,,first_difference,validation,chirp,51,0.363572702275838,0.40558304325558375
seed-8675309__h-16__c-64__tol-na__first_difference,8675309,16,64,,first_difference,validation,ramp,51,0.038390598761418204,0.04920850134209065
seed-8675309__h-16__c-64__tol-na__first_difference,8675309,16,64,,first_difference,validation,piecewise_linear,51,0.04710262667255444,0.061149928963018456
seed-8675309__h-16__c-64__tol-na__first_difference,8675309,16,64,,first_difference,validation,first_order_response,51,0.04802861019563828,0.05790549572431601
seed-8675309__h-16__c-64__tol-na__first_difference,8675309,16,64,,first_difference,validation,second_order_response,51,0.04526622042709134,0.05525458189235802
seed-8675309__h-16__c-64__tol-na__first_difference,8675309,16,64,,first_difference,validation,regime_change,51,0.5635751253470034,0.6299152689679908
seed-8675309__h-16__c-64__tol-na__first_difference,8675309,16,64,,first_difference,test,sine,52,0.12442719176774959,0.14135402349584877
seed-8675309__h-16__c-64__tol-na__first_difference,8675309,16,64,,first_difference,test,chirp,52,0.45561740430712205,0.5162579089692592
seed-8675309__h-16__c-64__tol-na__first_difference,8675309,16,64,,first_difference,test,ramp,52,0.03778927627271834,0.04971037742059993
seed-8675309__h-16__c-64__tol-na__first_difference,8675309,16,64,,first_difference,test,piecewise_linear,52,0.03808330139717873,0.04531899012433546
seed-8675309__h-16__c-64__tol-na__first_difference,8675309,16,64,,first_difference,test,first_order_response,52,0.04278284577075376,0.05218579236221741
seed-8675309__h-16__c-64__tol-na__first_difference,8675309,16,64,,first_difference,test,second_order_response,52,0.039638887607124924,0.0489419211815205
seed-8675309__h-16__c-64__tol-na__first_difference,8675309,16,64,,first_difference,test,regime_change,52,0.5537505683739066,0.6217651356084954
seed-8675309__h-16__c-64__tol-0p01__vectorchain,8675309,16,64,0.01,vectorchain,validation,sine,51,0.08636509891775407,0.10329287623842412
seed-8675309__h-16__c-64__tol-0p01__vectorchain,8675309,16,64,0.01,vectorchain,validation,chirp,51,0.2574935432010681,0.2920898314153838
seed-8675309__h-16__c-64__tol-0p01__vectorchain,8675309,16,64,0.01,vectorchain,validation,ramp,51,0.04447635301487332,0.0559090346610282
seed-8675309__h-16__c-64__tol-0p01__vectorchain,8675309,16,64,0.01,vectorchain,validation,piecewise_linear,51,0.048523273165001636,0.05728580758255497
seed-8675309__h-16__c-64__tol-0p01__vectorchain,8675309,16,64,0.01,vectorchain,validation,first_order_response,51,0.047941807340133175,0.062344106519785496
seed-8675309__h-16__c-64__tol-0p01__vectorchain,8675309,16,64,0.01,vectorchain,validation,second_order_response,51,0.04251950767338917,0.053778303714254065
seed-8675309__h-16__c-64__tol-0p01__vectorchain,8675309,16,64,0.01,vectorchain,validation,regime_change,51,0.43566546709258813,0.48697363880820926
seed-8675309__h-16__c-64__tol-0p01__vectorchain,8675309,16,64,0.01,vectorchain,test,sine,52,0.10271569705814391,0.11694311679453469
seed-8675309__h-16__c-64__tol-0p01__vectorchain,8675309,16,64,0.01,vectorchain,test,chirp,52,0.35913790110644156,0.41149127714506895
seed-8675309__h-16__c-64__tol-0p01__vectorchain,8675309,16,64,0.01,vectorchain,test,ramp,52,0.03616088618054252,0.048671467257068855
seed-8675309__h-16__c-64__tol-0p01__vectorchain,8675309,16,64,0.01,vectorchain,test,piecewise_linear,52,0.03904435686869522,0.04784250967965181
seed-8675309__h-16__c-64__tol-0p01__vectorchain,8675309,16,64,0.01,vectorchain,test,first_order_response,52,0.043876963846281654,0.05516006963183182
seed-8675309__h-16__c-64__tol-0p01__vectorchain,8675309,16,64,0.01,vectorchain,test,second_order_response,52,0.03986061067658962,0.051083887271388656
seed-8675309__h-16__c-64__tol-0p01__vectorchain,8675309,16,64,0.01,vectorchain,test,regime_change,52,0.4264424322269923,0.47897618449628226
seed-8675309__h-16__c-64__tol-0p03__vectorchain,8675309,16,64,0.03,vectorchain,validation,sine,51,0.11557990578733503,0.1387929431242171
seed-8675309__h-16__c-64__tol-0p03__vectorchain,8675309,16,64,0.03,vectorchain,validation,chirp,51,0.214907638972901,0.2455121247314709
seed-8675309__h-16__c-64__tol-0p03__vectorchain,8675309,16,64,0.03,vectorchain,validation,ramp,51,0.03331165344252192,0.04379782074996325
seed-8675309__h-16__c-64__tol-0p03__vectorchain,8675309,16,64,0.03,vectorchain,validation,piecewise_linear,51,0.04763283962884999,0.0662902274322251
seed-8675309__h-16__c-64__tol-0p03__vectorchain,8675309,16,64,0.03,vectorchain,validation,first_order_response,51,0.038100173803143275,0.05630570535061505
seed-8675309__h-16__c-64__tol-0p03__vectorchain,8675309,16,64,0.03,vectorchain,validation,second_order_response,51,0.03578864915141186,0.04936595534098183
seed-8675309__h-16__c-64__tol-0p03__vectorchain,8675309,16,64,0.03,vectorchain,validation,regime_change,51,0.35016823115446466,0.38309086229812744
seed-8675309__h-16__c-64__tol-0p03__vectorchain,8675309,16,64,0.03,vectorchain,test,sine,52,0.08420223016421882,0.09794468550820455
seed-8675309__h-16__c-64__tol-0p03__vectorchain,8675309,16,64,0.03,vectorchain,test,chirp,52,0.2797397624586399,0.32478407189453734
seed-8675309__h-16__c-64__tol-0p03__vectorchain,8675309,16,64,0.03,vectorchain,test,ramp,52,0.029766994153553265,0.039871999097025386
seed-8675309__h-16__c-64__tol-0p03__vectorchain,8675309,16,64,0.03,vectorchain,test,piecewise_linear,52,0.03188318681504467,0.041671800611247124
seed-8675309__h-16__c-64__tol-0p03__vectorchain,8675309,16,64,0.03,vectorchain,test,first_order_response,52,0.028141146496344728,0.04344393954031402
seed-8675309__h-16__c-64__tol-0p03__vectorchain,8675309,16,64,0.03,vectorchain,test,second_order_response,52,0.03303793495884711,0.04390484639514536
seed-8675309__h-16__c-64__tol-0p03__vectorchain,8675309,16,64,0.03,vectorchain,test,regime_change,52,0.3550656624212128,0.3930622256810013
seed-8675309__h-16__c-64__tol-0p1__vectorchain,8675309,16,64,0.1,vectorchain,validation,sine,51,0.05303604623520661,0.07183179245230364
seed-8675309__h-16__c-64__tol-0p1__vectorchain,8675309,16,64,0.1,vectorchain,validation,chirp,51,0.11248557780439755,0.13038044533942417
seed-8675309__h-16__c-64__tol-0p1__vectorchain,8675309,16,64,0.1,vectorchain,validation,ramp,51,0.012201774231009092,0.015454484600026502
seed-8675309__h-16__c-64__tol-0p1__vectorchain,8675309,16,64,0.1,vectorchain,validation,piecewise_linear,51,0.029150077958508103,0.04103344113449071
seed-8675309__h-16__c-64__tol-0p1__vectorchain,8675309,16,64,0.1,vectorchain,validation,first_order_response,51,0.015699798417660345,0.019603780091648086
seed-8675309__h-16__c-64__tol-0p1__vectorchain,8675309,16,64,0.1,vectorchain,validation,second_order_response,51,0.019180963175572784,0.02341796307358099
seed-8675309__h-16__c-64__tol-0p1__vectorchain,8675309,16,64,0.1,vectorchain,validation,regime_change,51,0.32486072207941863,0.3836060825080884
seed-8675309__h-16__c-64__tol-0p1__vectorchain,8675309,16,64,0.1,vectorchain,test,sine,52,0.047206396176832234,0.0553487776310755
seed-8675309__h-16__c-64__tol-0p1__vectorchain,8675309,16,64,0.1,vectorchain,test,chirp,52,0.2308107483445858,0.2627326088086133
seed-8675309__h-16__c-64__tol-0p1__vectorchain,8675309,16,64,0.1,vectorchain,test,ramp,52,0.013410051121499603,0.017085490447281863
seed-8675309__h-16__c-64__tol-0p1__vectorchain,8675309,16,64,0.1,vectorchain,test,piecewise_linear,52,0.013391399007573326,0.016981632294857083
seed-8675309__h-16__c-64__tol-0p1__vectorchain,8675309,16,64,0.1,vectorchain,test,first_order_response,52,0.014455450413190447,0.018823485895505993
seed-8675309__h-16__c-64__tol-0p1__vectorchain,8675309,16,64,0.1,vectorchain,test,second_order_response,52,0.01821306715971252,0.02293758724263423
seed-8675309__h-16__c-64__tol-0p1__vectorchain,8675309,16,64,0.1,vectorchain,test,regime_change,52,0.2886745098942224,0.35098922241601327
seed-8675309__h-1__c-128__tol-na__raw,8675309,1,128,,raw,validation,sine,51,0.012440430099280907,0.015450382239621991
seed-8675309__h-1__c-128__tol-na__raw,8675309,1,128,,raw,validation,chirp,51,0.02449120121664563,0.029627428421876757
seed-8675309__h-1__c-128__tol-na__raw,8675309,1,128,,raw,validation,ramp,51,0.011865127869943445,0.014665993457475372
seed-8675309__h-1__c-128__tol-na__raw,8675309,1,128,,raw,validation,piecewise_linear,51,0.01233533751806664,0.014208473828023893
seed-8675309__h-1__c-128__tol-na__raw,8675309,1,128,,raw,validation,first_order_response,51,0.011626235266026021,0.014104187923465213
seed-8675309__h-1__c-128__tol-na__raw,8675309,1,128,,raw,validation,second_order_response,51,0.012592887844370574,0.015859720840968525
seed-8675309__h-1__c-128__tol-na__raw,8675309,1,128,,raw,validation,regime_change,51,0.03627126429747856,0.04219495228926518
seed-8675309__h-1__c-128__tol-na__raw,8675309,1,128,,raw,test,sine,51,0.011484572292659603,0.014815481082486221
seed-8675309__h-1__c-128__tol-na__raw,8675309,1,128,,raw,test,chirp,51,0.03296932224873995,0.037568091752993
seed-8675309__h-1__c-128__tol-na__raw,8675309,1,128,,raw,test,ramp,51,0.011492308589656521,0.014173288295440093
seed-8675309__h-1__c-128__tol-na__raw,8675309,1,128,,raw,test,piecewise_linear,51,0.011669273842219658,0.014210197414693542
seed-8675309__h-1__c-128__tol-na__raw,8675309,1,128,,raw,test,first_order_response,51,0.01382598007498235,0.016286621506145606
seed-8675309__h-1__c-128__tol-na__raw,8675309,1,128,,raw,test,second_order_response,51,0.010492814357385248,0.012880692804024693
seed-8675309__h-1__c-128__tol-na__raw,8675309,1,128,,raw,test,regime_change,51,0.036813088450883734,0.041682508945747716
seed-8675309__h-1__c-128__tol-na__first_difference,8675309,1,128,,first_difference,validation,sine,51,0.018383239878532374,0.021575757171818075
seed-8675309__h-1__c-128__tol-na__first_difference,8675309,1,128,,first_difference,validation,chirp,51,0.029920069817134225,0.03488877835064035
seed-8675309__h-1__c-128__tol-na__first_difference,8675309,1,128,,first_difference,validation,ramp,51,0.011830824476305356,0.014708107322379578
seed-8675309__h-1__c-128__tol-na__first_difference,8675309,1,128,,first_difference,validation,piecewise_linear,51,0.012349367359012264,0.014237941207442088
seed-8675309__h-1__c-128__tol-na__first_difference,8675309,1,128,,first_difference,validation,first_order_response,51,0.011371927410776425,0.014190294158956982
seed-8675309__h-1__c-128__tol-na__first_difference,8675309,1,128,,first_difference,validation,second_order_response,51,0.011842647752952089,0.01483410646129356
seed-8675309__h-1__c-128__tol-na__first_difference,8675309,1,128,,first_difference,validation,regime_change,51,0.03791917273260146,0.04365675805835155
seed-8675309__h-1__c-128__tol-na__first_difference,8675309,1,128,,first_difference,test,sine,51,0.014131308095525314,0.01813406329596035
seed-8675309__h-1__c-128__tol-na__first_difference,8675309,1,128,,first_difference,test,chirp,51,0.036046978563196844,0.04042131432611465
seed-8675309__h-1__c-128__tol-na__first_difference,8675309,1,128,,first_difference,test,ramp,51,0.011158844340981366,0.013763934528811871
seed-8675309__h-1__c-128__tol-na__first_difference,8675309,1,128,,first_difference,test,piecewise_linear,51,0.01213168639376804,0.014553665534823878
seed-8675309__h-1__c-128__tol-na__first_difference,8675309,1,128,,first_difference,test,first_order_response,51,0.013453162369404208,0.015963647471184315
seed-8675309__h-1__c-128__tol-na__first_difference,8675309,1,128,,first_difference,test,second_order_response,51,0.010328255294109495,0.012979875794106996
seed-8675309__h-1__c-128__tol-na__first_difference,8675309,1,128,,first_difference,test,regime_change,51,0.03600659700360149,0.04075593234091536
seed-8675309__h-1__c-128__tol-0p01__vectorchain,8675309,1,128,0.01,vectorchain,validation,sine,51,0.015300409181565045,0.018425100620653875
seed-8675309__h-1__c-128__tol-0p01__vectorchain,8675309,1,128,0.01,vectorchain,validation,chirp,51,0.02873671412537416,0.03335971273105149
seed-8675309__h-1__c-128__tol-0p01__vectorchain,8675309,1,128,0.01,vectorchain,validation,ramp,51,0.011865152459484489,0.014857337542563746
seed-8675309__h-1__c-128__tol-0p01__vectorchain,8675309,1,128,0.01,vectorchain,validation,piecewise_linear,51,0.011334775609890373,0.013455694446298325
seed-8675309__h-1__c-128__tol-0p01__vectorchain,8675309,1,128,0.01,vectorchain,validation,first_order_response,51,0.010797644445954407,0.013991302473181094
seed-8675309__h-1__c-128__tol-0p01__vectorchain,8675309,1,128,0.01,vectorchain,validation,second_order_response,51,0.011643277615052466,0.014760740504361844
seed-8675309__h-1__c-128__tol-0p01__vectorchain,8675309,1,128,0.01,vectorchain,validation,regime_change,51,0.04302484174840251,0.05052964701714048
seed-8675309__h-1__c-128__tol-0p01__vectorchain,8675309,1,128,0.01,vectorchain,test,sine,51,0.01269457264970124,0.016420637102611737
seed-8675309__h-1__c-128__tol-0p01__vectorchain,8675309,1,128,0.01,vectorchain,test,chirp,51,0.03362773480038672,0.04054734206268154
seed-8675309__h-1__c-128__tol-0p01__vectorchain,8675309,1,128,0.01,vectorchain,test,ramp,51,0.010713367379977563,0.013031247689403815
seed-8675309__h-1__c-128__tol-0p01__vectorchain,8675309,1,128,0.01,vectorchain,test,piecewise_linear,51,0.011951374405577869,0.014438036621586667
seed-8675309__h-1__c-128__tol-0p01__vectorchain,8675309,1,128,0.01,vectorchain,test,first_order_response,51,0.013428439917302588,0.016206825606542536
seed-8675309__h-1__c-128__tol-0p01__vectorchain,8675309,1,128,0.01,vectorchain,test,second_order_response,51,0.011185517003663312,0.013570056845041773
seed-8675309__h-1__c-128__tol-0p01__vectorchain,8675309,1,128,0.01,vectorchain,test,regime_change,51,0.03698050336584391,0.04485749889020962
seed-8675309__h-1__c-128__tol-0p03__vectorchain,8675309,1,128,0.03,vectorchain,validation,sine,51,0.015225117475462839,0.019486335562520156
seed-8675309__h-1__c-128__tol-0p03__vectorchain,8675309,1,128,0.03,vectorchain,validation,chirp,51,0.019459241064545673,0.024212083940269108
seed-8675309__h-1__c-128__tol-0p03__vectorchain,8675309,1,128,0.03,vectorchain,validation,ramp,51,0.011498909741128731,0.014171291034500615
seed-8675309__h-1__c-128__tol-0p03__vectorchain,8675309,1,128,0.03,vectorchain,validation,piecewise_linear,51,0.011840250064839082,0.014008723637886251
seed-8675309__h-1__c-128__tol-0p03__vectorchain,8675309,1,128,0.03,vectorchain,validation,first_order_response,51,0.011490369172210668,0.014508537499066927
seed-8675309__h-1__c-128__tol-0p03__vectorchain,8675309,1,128,0.03,vectorchain,validation,second_order_response,51,0.011538494983398985,0.014857139605088636
seed-8675309__h-1__c-128__tol-0p03__vectorchain,8675309,1,128,0.03,vectorchain,validation,regime_change,51,0.030895538997869235,0.03650219232769091
seed-8675309__h-1__c-128__tol-0p03__vectorchain,8675309,1,128,0.03,vectorchain,test,sine,51,0.012604851257216826,0.01658273555768757
seed-8675309__h-1__c-128__tol-0p03__vectorchain,8675309,1,128,0.03,vectorchain,test,chirp,51,0.02901968792083196,0.03257670088749411
seed-8675309__h-1__c-128__tol-0p03__vectorchain,8675309,1,128,0.03,vectorchain,test,ramp,51,0.011004818196731868,0.013645239405740929
seed-8675309__h-1__c-128__tol-0p03__vectorchain,8675309,1,128,0.03,vectorchain,test,piecewise_linear,51,0.012465850809367053,0.014819666099871152
seed-8675309__h-1__c-128__tol-0p03__vectorchain,8675309,1,128,0.03,vectorchain,test,first_order_response,51,0.013373649389915025,0.015954088033870665
seed-8675309__h-1__c-128__tol-0p03__vectorchain,8675309,1,128,0.03,vectorchain,test,second_order_response,51,0.01146132823213152,0.014151978550449588
seed-8675309__h-1__c-128__tol-0p03__vectorchain,8675309,1,128,0.03,vectorchain,test,regime_change,51,0.032231236849379986,0.03743086448910477
seed-8675309__h-1__c-128__tol-0p1__vectorchain,8675309,1,128,0.1,vectorchain,validation,sine,51,0.012100799309555413,0.014853794293911406
seed-8675309__h-1__c-128__tol-0p1__vectorchain,8675309,1,128,0.1,vectorchain,validation,chirp,51,0.01721352620557556,0.020992338608389973
seed-8675309__h-1__c-128__tol-0p1__vectorchain,8675309,1,128,0.1,vectorchain,validation,ramp,51,0.011921405280199212,0.014719365156715241
seed-8675309__h-1__c-128__tol-0p1__vectorchain,8675309,1,128,0.1,vectorchain,validation,piecewise_linear,51,0.012385121164916753,0.014202891216295482
seed-8675309__h-1__c-128__tol-0p1__vectorchain,8675309,1,128,0.1,vectorchain,validation,first_order_response,51,0.011483184346928138,0.014422170285344284
seed-8675309__h-1__c-128__tol-0p1__vectorchain,8675309,1,128,0.1,vectorchain,validation,second_order_response,51,0.011925143391436908,0.015134763260301432
seed-8675309__h-1__c-128__tol-0p1__vectorchain,8675309,1,128,0.1,vectorchain,validation,regime_change,51,0.02477678369811721,0.030264653527999258
seed-8675309__h-1__c-128__tol-0p1__vectorchain,8675309,1,128,0.1,vectorchain,test,sine,51,0.011343923745789563,0.014249838583672044
seed-8675309__h-1__c-128__tol-0p1__vectorchain,8675309,1,128,0.1,vectorchain,test,chirp,51,0.023028541490911828,0.026855576916840995
seed-8675309__h-1__c-128__tol-0p1__vectorchain,8675309,1,128,0.1,vectorchain,test,ramp,51,0.011220216585956106,0.013834530112124172
seed-8675309__h-1__c-128__tol-0p1__vectorchain,8675309,1,128,0.1,vectorchain,test,piecewise_linear,51,0.012066536927752928,0.014596923438940233
seed-8675309__h-1__c-128__tol-0p1__vectorchain,8675309,1,128,0.1,vectorchain,test,first_order_response,51,0.013565830211208503,0.016107158054785475
seed-8675309__h-1__c-128__tol-0p1__vectorchain,8675309,1,128,0.1,vectorchain,test,second_order_response,51,0.010422044210618082,0.01311216036048104
seed-8675309__h-1__c-128__tol-0p1__vectorchain,8675309,1,128,0.1,vectorchain,test,regime_change,51,0.02516595928835637,0.029214022626168713
seed-8675309__h-4__c-128__tol-na__raw,8675309,4,128,,raw,validation,sine,51,0.018201098707715246,0.022854723433197884
seed-8675309__h-4__c-128__tol-na__raw,8675309,4,128,,raw,validation,chirp,51,0.09413017122520376,0.10746581430660779
seed-8675309__h-4__c-128__tol-na__raw,8675309,4,128,,raw,validation,ramp,51,0.01205613737517157,0.014386984720663002
seed-8675309__h-4__c-128__tol-na__raw,8675309,4,128,,raw,validation,piecewise_linear,51,0.012149737516934215,0.015799274281502
seed-8675309__h-4__c-128__tol-na__raw,8675309,4,128,,raw,validation,first_order_response,51,0.017802762654045286,0.021032417911766604
seed-8675309__h-4__c-128__tol-na__raw,8675309,4,128,,raw,validation,second_order_response,51,0.021320506579754844,0.02463322529996378
seed-8675309__h-4__c-128__tol-na__raw,8675309,4,128,,raw,validation,regime_change,51,0.14015352581531518,0.15810307373736351
seed-8675309__h-4__c-128__tol-na__raw,8675309,4,128,,raw,test,sine,52,0.023411256154852192,0.027555539999561604
seed-8675309__h-4__c-128__tol-na__raw,8675309,4,128,,raw,test,chirp,52,0.11452728497484517,0.1302441287639012
seed-8675309__h-4__c-128__tol-na__raw,8675309,4,128,,raw,test,ramp,52,0.014555686655284939,0.018233904485138275
seed-8675309__h-4__c-128__tol-na__raw,8675309,4,128,,raw,test,piecewise_linear,52,0.012525273953841409,0.015302811169662875
seed-8675309__h-4__c-128__tol-na__raw,8675309,4,128,,raw,test,first_order_response,52,0.017092260295410788,0.02179232476052926
seed-8675309__h-4__c-128__tol-na__raw,8675309,4,128,,raw,test,second_order_response,52,0.017073186058259922,0.020537895320571257
seed-8675309__h-4__c-128__tol-na__raw,8675309,4,128,,raw,test,regime_change,52,0.13509357410679743,0.15314792486458023
seed-8675309__h-4__c-128__tol-na__first_difference,8675309,4,128,,first_difference,validation,sine,51,0.043780780224324405,0.050350060046472946
seed-8675309__h-4__c-128__tol-na__first_difference,8675309,4,128,,first_difference,validation,chirp,51,0.08443741670718777,0.09687916904363779
seed-8675309__h-4__c-128__tol-na__first_difference,8675309,4,128,,first_difference,validation,ramp,51,0.019204226971189082,0.023913849606715845
seed-8675309__h-4__c-128__tol-na__first_difference,8675309,4,128,,first_difference,validation,piecewise_linear,51,0.019535607301682793,0.024842864145006197
seed-8675309__h-4__c-128__tol-na__first_difference,8675309,4,128,,first_difference,validation,first_order_response,51,0.022801633280196836,0.02800525419207467
seed-8675309__h-4__c-128__tol-na__first_difference,8675309,4,128,,first_difference,validation,second_order_response,51,0.020617807040297437,0.026022104214156336
seed-8675309__h-4__c-128__tol-na__first_difference,8675309,4,128,,first_difference,validation,regime_change,51,0.10934585529181624,0.12489884006098792
seed-8675309__h-4__c-128__tol-na__first_difference,8675309,4,128,,first_difference,test,sine,52,0.04016190223911251,0.04826072355503982
seed-8675309__h-4__c-128__tol-na__first_difference,8675309,4,128,,first_difference,test,chirp,52,0.09316679323135463,0.10708767181283005
seed-8675309__h-4__c-128__tol-na__first_difference,8675309,4,128,,first_difference,test,ramp,52,0.020330763633692187,0.025854535741566036
seed-8675309__h-4__c-128__tol-na__first_difference,8675309,4,128,,first_difference,test,piecewise_linear,52,0.018648687239882368,0.022465682565423892
seed-8675309__h-4__c-128__tol-na__first_difference,8675309,4,128,,first_difference,test,first_order_response,52,0.02155749038655353,0.028073883084733565
seed-8675309__h-4__c-128__tol-na__first_difference,8675309,4,128,,first_difference,test,second_order_response,52,0.019929722802090065,0.024410815913583128
seed-8675309__h-4__c-128__tol-na__first_difference,8675309,4,128,,first_difference,test,regime_change,52,0.10352620588992702,0.11745202569625392
seed-8675309__h-4__c-128__tol-0p01__vectorchain,8675309,4,128,0.01,vectorchain,validation,sine,51,0.028949775111763006,0.03441821014332304
seed-8675309__h-4__c-128__tol-0p01__vectorchain,8675309,4,128,0.01,vectorchain,validation,chirp,51,0.06578988954167533,0.07507718407452724
seed-8675309__h-4__c-128__tol-0p01__vectorchain,8675309,4,128,0.01,vectorchain,validation,ramp,51,0.017257876281054997,0.020793965995062932
seed-8675309__h-4__c-128__tol-0p01__vectorchain,8675309,4,128,0.01,vectorchain,validation,piecewise_linear,51,0.01608992141507688,0.0200898970789645
seed-8675309__h-4__c-128__tol-0p01__vectorchain,8675309,4,128,0.01,vectorchain,validation,first_order_response,51,0.020628159722933057,0.025624561784302516
seed-8675309__h-4__c-128__tol-0p01__vectorchain,8675309,4,128,0.01,vectorchain,validation,second_order_response,51,0.0177770991124639,0.022802794379418526
seed-8675309__h-4__c-128__tol-0p01__vectorchain,8675309,4,128,0.01,vectorchain,validation,regime_change,51,0.10145198780659369,0.11873372913219926
seed-8675309__h-4__c-128__tol-0p01__vectorchain,8675309,4,128,0.01,vectorchain,test,sine,52,0.028803925500097922,0.0363022852977307
seed-8675309__h-4__c-128__tol-0p01__vectorchain,8675309,4,128,0.01,vectorchain,test,chirp,52,0.07804478475140039,0.09082899249031945
seed-8675309__h-4__c-128__tol-0p01__vectorchain,8675309,4,128,0.01,vectorchain,test,ramp,52,0.01638030388577068,0.019862010488771925
seed-8675309__h-4__c-128__tol-0p01__vectorchain,8675309,4,128,0.01,vectorchain,test,piecewise_linear,52,0.017617649130210085,0.02088179293030789
seed-8675309__h-4__c-128__tol-0p01__vectorchain,8675309,4,128,0.01,vectorchain,test,first_order_response,52,0.02162286365084827,0.027567887968631848
seed-8675309__h-4__c-128__tol-0p01__vectorchain,8675309,4,128,0.01,vectorchain,test,second_order_response,52,0.019110156284713947,0.023215003485280085
seed-8675309__h-4__c-128__tol-0p01__vectorchain,8675309,4,128,0.01,vectorchain,test,regime_change,52,0.09007491546416224,0.10356727152512232
seed-8675309__h-4__c-128__tol-0p03__vectorchain,8675309,4,128,0.03,vectorchain,validation,sine,51,0.02753054507457741,0.033598082378296895
seed-8675309__h-4__c-128__tol-0p03__vectorchain,8675309,4,128,0.03,vectorchain,validation,chirp,51,0.05505075876027503,0.06443786677657247
seed-8675309__h-4__c-128__tol-0p03__vectorchain,8675309,4,128,0.03,vectorchain,validation,ramp,51,0.013836073079505734,0.01663366941836181
seed-8675309__h-4__c-128__tol-0p03__vectorchain,8675309,4,128,0.03,vectorchain,validation,piecewise_linear,51,0.014617252706045863,0.020882357584449396
seed-8675309__h-4__c-128__tol-0p03__vectorchain,8675309,4,128,0.03,vectorchain,validation,first_order_response,51,0.018425164770706028,0.02477144145744605
seed-8675309__h-4__c-128__tol-0p03__vectorchain,8675309,4,128,0.03,vectorchain,validation,second_order_response,51,0.016408279040213226,0.020629785561529886
seed-8675309__h-4__c-128__tol-0p03__vectorchain,8675309,4,128,0.03,vectorchain,validation,regime_change,51,0.08962399049083203,0.10228714288322129
seed-8675309__h-4__c-128__tol-0p03__vectorchain,8675309,4,128,0.03,vectorchain,test,sine,52,0.021600656839553187,0.027811469159092744
seed-8675309__h-4__c-128__tol-0p03__vectorchain,8675309,4,128,0.03,vectorchain,test,chirp,52,0.07212086902910295,0.08288446203091246
seed-8675309__h-4__c-128__tol-0p03__vectorchain,8675309,4,128,0.03,vectorchain,test,ramp,52,0.01529999987387447,0.01924837979902995
seed-8675309__h-4__c-128__tol-0p03__vectorchain,8675309,4,128,0.03,vectorchain,test,piecewise_linear,52,0.01606402243050835,0.019311682321564088
seed-8675309__h-4__c-128__tol-0p03__vectorchain,8675309,4,128,0.03,vectorchain,test,first_order_response,52,0.01606313544971176,0.022928298435032433
seed-8675309__h-4__c-128__tol-0p03__vectorchain,8675309,4,128,0.03,vectorchain,test,second_order_response,52,0.01499494351513889,0.018987455172147335
seed-8675309__h-4__c-128__tol-0p03__vectorchain,8675309,4,128,0.03,vectorchain,test,regime_change,52,0.09137225398186546,0.1045188098916195
seed-8675309__h-4__c-128__tol-0p1__vectorchain,8675309,4,128,0.1,vectorchain,validation,sine,51,0.017859209072435975,0.028471214352714318
seed-8675309__h-4__c-128__tol-0p1__vectorchain,8675309,4,128,0.1,vectorchain,validation,chirp,51,0.036786396750418275,0.0430464107189194
seed-8675309__h-4__c-128__tol-0p1__vectorchain,8675309,4,128,0.1,vectorchain,validation,ramp,51,0.012017373960356431,0.014282781193561392
seed-8675309__h-4__c-128__tol-0p1__vectorchain,8675309,4,128,0.1,vectorchain,validation,piecewise_linear,51,0.013570914694784697,0.01614729012829726
seed-8675309__h-4__c-128__tol-0p1__vectorchain,8675309,4,128,0.1,vectorchain,validation,first_order_response,51,0.01430307434733147,0.01762725499154976
seed-8675309__h-4__c-128__tol-0p1__vectorchain,8675309,4,128,0.1,vectorchain,validation,second_order_response,51,0.014388474184375211,0.018257164503115673
seed-8675309__h-4__c-128__tol-0p1__vectorchain,8675309,4,128,0.1,vectorchain,validation,regime_change,51,0.06444506506663882,0.07323113199409584
seed-8675309__h-4__c-128__tol-0p1__vectorchain,8675309,4,128,0.1,vectorchain,test,sine,52,0.014880311022289375,0.018052638298896067
seed-8675309__h-4__c-128__tol-0p1__vectorchain,8675309,4,128,0.1,vectorchain,test,chirp,52,0.0582531539133161,0.06883135320763402
seed-8675309__h-4__c-128__tol-0p1__vectorchain,8675309,4,128,0.1,vectorchain,test,ramp,52,0.012464855407482569,0.015449334126678146
seed-8675309__h-4__c-128__tol-0p1__vectorchain,8675309,4,128,0.1,vectorchain,test,piecewise_linear,52,0.011548580793318898,0.014115167024700866
seed-8675309__h-4__c-128__tol-0p1__vectorchain,8675309,4,128,0.1,vectorchain,test,first_order_response,52,0.014085398598406117,0.018016163260371785
seed-8675309__h-4__c-128__tol-0p1__vectorchain,8675309,4,128,0.1,vectorchain,test,second_order_response,52,0.012968013645367895,0.01595975951745913
seed-8675309__h-4__c-128__tol-0p1__vectorchain,8675309,4,128,0.1,vectorchain,test,regime_change,52,0.06676174851066753,0.07634221448682016
seed-8675309__h-16__c-128__tol-na__raw,8675309,16,128,,raw,validation,sine,51,0.06860131747708444,0.07677139004947652
seed-8675309__h-16__c-128__tol-na__raw,8675309,16,128,,raw,validation,chirp,51,0.38326768726659965,0.4358555162709541
seed-8675309__h-16__c-128__tol-na__raw,8675309,16,128,,raw,validation,ramp,51,0.013021822673510238,0.017336290048198127
seed-8675309__h-16__c-128__tol-na__raw,8675309,16,128,,raw,validation,piecewise_linear,51,0.03079045011450605,0.04168314194559633
seed-8675309__h-16__c-128__tol-na__raw,8675309,16,128,,raw,validation,first_order_response,51,0.04719137393452646,0.050629154487652935
seed-8675309__h-16__c-128__tol-na__raw,8675309,16,128,,raw,validation,second_order_response,51,0.07942262864314358,0.08203066506402225
seed-8675309__h-16__c-128__tol-na__raw,8675309,16,128,,raw,validation,regime_change,51,0.568685233176969,0.6473376947904723
seed-8675309__h-16__c-128__tol-na__raw,8675309,16,128,,raw,test,sine,52,0.09919564208690772,0.10848422425570405
seed-8675309__h-16__c-128__tol-na__raw,8675309,16,128,,raw,test,chirp,52,0.469135144863194,0.5333305204254594
seed-8675309__h-16__c-128__tol-na__raw,8675309,16,128,,raw,test,ramp,52,0.037154981846915236,0.041665711645947116
seed-8675309__h-16__c-128__tol-na__raw,8675309,16,128,,raw,test,piecewise_linear,52,0.02293026846035067,0.027471602655263862
seed-8675309__h-16__c-128__tol-na__raw,8675309,16,128,,raw,test,first_order_response,52,0.0492500712558241,0.051839638820628316
seed-8675309__h-16__c-128__tol-na__raw,8675309,16,128,,raw,test,second_order_response,52,0.05805863480110725,0.06075007914670241
seed-8675309__h-16__c-128__tol-na__raw,8675309,16,128,,raw,test,regime_change,52,0.5225312494066039,0.5935219314456479
seed-8675309__h-16__c-128__tol-na__first_difference,8675309,16,128,,first_difference,validation,sine,51,0.15566758568444958,0.17731665321124426
seed-8675309__h-16__c-128__tol-na__first_difference,8675309,16,128,,first_difference,validation,chirp,51,0.30937492355352114,0.3502730304269445
seed-8675309__h-16__c-128__tol-na__first_difference,8675309,16,128,,first_difference,validation,ramp,51,0.057156093870806744,0.0716498580126458
seed-8675309__h-16__c-128__tol-na__first_difference,8675309,16,128,,first_difference,validation,piecewise_linear,51,0.06539250978085095,0.08465639644890346
seed-8675309__h-16__c-128__tol-na__first_difference,8675309,16,128,,first_difference,validation,first_order_response,51,0.06301426678755433,0.0813552050456926
seed-8675309__h-16__c-128__tol-na__first_difference,8675309,16,128,,first_difference,validation,second_order_response,51,0.06336615290137974,0.07721766185511277
seed-8675309__h-16__c-128__tol-na__first_difference,8675309,16,128,,first_difference,validation,regime_change,51,0.42575488310822956,0.49286440305975754
seed-8675309__h-16__c-128__tol-na__first_difference,8675309,16,128,,first_difference,test,sine,52,0.1607159515333869,0.18161368635231873
seed-8675309__h-16__c-128__tol-na__first_difference,8675309,16,128,,first_difference,test,chirp,52,0.3467755961655277,0.39838004390881754
seed-8675309__h-16__c-128__tol-na__first_difference,8675309,16,128,,first_difference,test,ramp,52,0.05824253453512567,0.07592827702779269
seed-8675309__h-16__c-128__tol-na__first_difference,8675309,16,128,,first_difference,test,piecewise_linear,52,0.060068799285025516,0.07047720684435455
seed-8675309__h-16__c-128__tol-na__first_difference,8675309,16,128,,first_difference,test,first_order_response,52,0.06293783987404356,0.07701553198961526
seed-8675309__h-16__c-128__tol-na__first_difference,8675309,16,128,,first_difference,test,second_order_response,52,0.05664552551405249,0.07075633160586929
seed-8675309__h-16__c-128__tol-na__first_difference,8675309,16,128,,first_difference,test,regime_change,52,0.3841579234632144,0.44201828478025706
seed-8675309__h-16__c-128__tol-0p01__vectorchain,8675309,16,128,0.01,vectorchain,validation,sine,51,0.09620627816152093,0.11185448936280754
seed-8675309__h-16__c-128__tol-0p01__vectorchain,8675309,16,128,0.01,vectorchain,validation,chirp,51,0.25530096453547785,0.28124715985234966
seed-8675309__h-16__c-128__tol-0p01__vectorchain,8675309,16,128,0.01,vectorchain,validation,ramp,51,0.045466673625656547,0.06090369230974235
seed-8675309__h-16__c-128__tol-0p01__vectorchain,8675309,16,128,0.01,vectorchain,validation,piecewise_linear,51,0.05472961709488759,0.06983791280657353
seed-8675309__h-16__c-128__tol-0p01__vectorchain,8675309,16,128,0.01,vectorchain,validation,first_order_response,51,0.05778450300822848,0.07015913557501283
seed-8675309__h-16__c-128__tol-0p01__vectorchain,8675309,16,128,0.01,vectorchain,validation,second_order_response,51,0.05223498432687372,0.06904944430952671
seed-8675309__h-16__c-128__tol-0p01__vectorchain,8675309,16,128,0.01,vectorchain,validation,regime_change,51,0.4034196511804186,0.464968553721108
seed-8675309__h-16__c-128__tol-0p01__vectorchain,8675309,16,128,0.01,vectorchain,test,sine,52,0.10267325711344075,0.12116904969178277
seed-8675309__h-16__c-128__tol-0p01__vectorchain,8675309,16,128,0.01,vectorchain,test,chirp,52,0.294636303245068,0.3458413966903649
seed-8675309__h-16__c-128__tol-0p01__vectorchain,8675309,16,128,0.01,vectorchain,test,ramp,52,0.04218126736532795,0.05440128632525105
seed-8675309__h-16__c-128__tol-0p01__vectorchain,8675309,16,128,0.01,vectorchain,test,piecewise_linear,52,0.051185724871637354,0.06123538146134879
seed-8675309__h-16__c-128__tol-0p01__vectorchain,8675309,16,128,0.01,vectorchain,test,first_order_response,52,0.056673744769829865,0.07201244246567172
seed-8675309__h-16__c-128__tol-0p01__vectorchain,8675309,16,128,0.01,vectorchain,test,second_order_response,52,0.05623586159400329,0.06612436057349388
seed-8675309__h-16__c-128__tol-0p01__vectorchain,8675309,16,128,0.01,vectorchain,test,regime_change,52,0.3539293937270354,0.3996959718568349
seed-8675309__h-16__c-128__tol-0p03__vectorchain,8675309,16,128,0.03,vectorchain,validation,sine,51,0.09280764709806026,0.11555098097417778
seed-8675309__h-16__c-128__tol-0p03__vectorchain,8675309,16,128,0.03,vectorchain,validation,chirp,51,0.23625295829570764,0.2710973921101846
seed-8675309__h-16__c-128__tol-0p03__vectorchain,8675309,16,128,0.03,vectorchain,validation,ramp,51,0.030624668686724834,0.04161222898905736
seed-8675309__h-16__c-128__tol-0p03__vectorchain,8675309,16,128,0.03,vectorchain,validation,piecewise_linear,51,0.05108651864933488,0.07597490671325022
seed-8675309__h-16__c-128__tol-0p03__vectorchain,8675309,16,128,0.03,vectorchain,validation,first_order_response,51,0.04627090290370921,0.06516262142611802
seed-8675309__h-16__c-128__tol-0p03__vectorchain,8675309,16,128,0.03,vectorchain,validation,second_order_response,51,0.040933872551423646,0.057121785010419826
seed-8675309__h-16__c-128__tol-0p03__vectorchain,8675309,16,128,0.03,vectorchain,validation,regime_change,51,0.4086306460263269,0.45652039365848324
seed-8675309__h-16__c-128__tol-0p03__vectorchain,8675309,16,128,0.03,vectorchain,test,sine,52,0.06849792670967156,0.08687217225952487
seed-8675309__h-16__c-128__tol-0p03__vectorchain,8675309,16,128,0.03,vectorchain,test,chirp,52,0.3023924227410268,0.34751399212651807
seed-8675309__h-16__c-128__tol-0p03__vectorchain,8675309,16,128,0.03,vectorchain,test,ramp,52,0.03272600228106371,0.04248172490212926
seed-8675309__h-16__c-128__tol-0p03__vectorchain,8675309,16,128,0.03,vectorchain,test,piecewise_linear,52,0.03023745265857927,0.03908077200133581
seed-8675309__h-16__c-128__tol-0p03__vectorchain,8675309,16,128,0.03,vectorchain,test,first_order_response,52,0.03044579918443579,0.04644968553666655
seed-8675309__h-16__c-128__tol-0p03__vectorchain,8675309,16,128,0.03,vectorchain,test,second_order_response,52,0.030847451572118732,0.04184195193106301
seed-8675309__h-16__c-128__tol-0p03__vectorchain,8675309,16,128,0.03,vectorchain,test,regime_change,52,0.38550608369589623,0.431959124907535
seed-8675309__h-16__c-128__tol-0p1__vectorchain,8675309,16,128,0.1,vectorchain,validation,sine,51,0.03190039074913522,0.0709958484379802
seed-8675309__h-16__c-128__tol-0p1__vectorchain,8675309,16,128,0.1,vectorchain,validation,chirp,51,0.23713272273028033,0.27252629518670984
seed-8675309__h-16__c-128__tol-0p1__vectorchain,8675309,16,128,0.1,vectorchain,validation,ramp,51,0.011647823829396196,0.015162965526094729
seed-8675309__h-16__c-128__tol-0p1__vectorchain,8675309,16,128,0.1,vectorchain,validation,piecewise_linear,51,0.03486116477278019,0.045522182441198544
seed-8675309__h-16__c-128__tol-0p1__vectorchain,8675309,16,128,0.1,vectorchain,validation,first_order_response,51,0.015261336298031562,0.01844657464623604
seed-8675309__h-16__c-128__tol-0p1__vectorchain,8675309,16,128,0.1,vectorchain,validation,second_order_response,51,0.03336220860839529,0.04159838210961203
seed-8675309__h-16__c-128__tol-0p1__vectorchain,8675309,16,128,0.1,vectorchain,validation,regime_change,51,0.4240062857719375,0.47084504459564297
seed-8675309__h-16__c-128__tol-0p1__vectorchain,8675309,16,128,0.1,vectorchain,test,sine,52,0.025955086828672463,0.03195795874581954
seed-8675309__h-16__c-128__tol-0p1__vectorchain,8675309,16,128,0.1,vectorchain,test,chirp,52,0.38224749433873567,0.43251442929862843
seed-8675309__h-16__c-128__tol-0p1__vectorchain,8675309,16,128,0.1,vectorchain,test,ramp,52,0.012974780296113812,0.01635752400030869
seed-8675309__h-16__c-128__tol-0p1__vectorchain,8675309,16,128,0.1,vectorchain,test,piecewise_linear,52,0.015539209632140193,0.019859844958476088
seed-8675309__h-16__c-128__tol-0p1__vectorchain,8675309,16,128,0.1,vectorchain,test,first_order_response,52,0.013236533051733687,0.017368390555290054
seed-8675309__h-16__c-128__tol-0p1__vectorchain,8675309,16,128,0.1,vectorchain,test,second_order_response,52,0.020173349538614424,0.02475272414283196
seed-8675309__h-16__c-128__tol-0p1__vectorchain,8675309,16,128,0.1,vectorchain,test,regime_change,52,0.443043388711797,0.49420691058493865
